conversation_num,batch_num,round_num,speaker_nickname,timestamp,message,majority_pct,num_flipped,flipped_pct,num_votes,message_lower_with_punc,turn_id,num_words,num_chars,num_messages,info_exchange_zscore_chats,info_exchange_zscore_conversation,discrepancies,hear,home,conjunction,certainty,inclusive,bio,achievement,adverbs,anxiety,third_person,negation,swear,death,health,see,body,family,negative_affect,quantifier,positive_affect,insight,humans,present_tense,future_tense,past_tense,relative,sexual,inhibition,sadness,social,indefinite_pronoun,religion,work,money,causation,anger,first_person_singular,feel,tentativeness,exclusive,verbs,friends,article,argue,auxiliary_verbs,cognitive_mech,preposition,first_person_plural,percept,second_person,positive_words,first_person,nltk_english_stopwords,hedge_words,num_question_naive,NTRI,word_TTR,first_pronouns_proportion,function_word_accommodation,content_word_accommodation,hedge_naive,textblob_subjectivity,textblob_polarity,dale_chall_score,dale_chall_classification,time_diff,please,please_start,hashedge,indirect_btw,hedges,factuality,deference,gratitude,apologizing,1st_person_pl,1st_person,1st_person_start,2nd_person,2nd_person_start,indirect_greeting,direct_question,direct_start,haspositive,hasnegative,subjunctive,indicative
0,0,0,5e7e1e0031f4e454e196c30b,2020-04-20 18:27:20.125000+00:00,hello ,1.0,1,0.333333333,3,hello! ,1,1,6,1,-1.2488724541535483,-1.2461374221375014,0.0,0.0,0.0,0.0,0.0,0.0,0.0,0.0,0.0,0.0,0.0,0.0,0.0,0.0,0.0,0.0,0.0,0.0,0.0,0.0,0.0,0.0,0.0,0.0,0.0,0.0,0.0,0.0,0.0,0.0,0.009999999999999998,0.0,0.0,0.0,0.0,0.0,0.0,0.0,0.0,0.0,0.0,0.0,0.0,0.0,0.0,0.0,0.0,0.0,0.0,0.0,0.0,0.0,0.0,0.0,0.0,0,0,1.0,0.0,0,0.0,0,0.0,0.0,0.0496,easy,0.0,0,0,0,0,0,0,0,0,0,0,0,0,0,0,1,0,0,0,0,0,0
0,0,0,5e31d6e4e31c5304c46f1413,2020-04-20 18:27:23.764000+00:00,hi,1.0,1,0.333333333,3,hi!,2,1,2,1,-1.2488724541535483,-1.2461374221375014,0.0,0.0,0.0,0.0,0.0,0.0,0.0,0.0,0.0,0.0,0.0,0.0,0.0,0.0,0.0,0.0,0.0,0.0,0.0,0.0,0.0,0.0,0.0,0.0,0.0,0.0,0.0,0.0,0.0,0.0,0.01,0.0,0.0,0.0,0.0,0.0,0.0,0.0,0.0,0.0,0.0,0.0,0.0,0.0,0.0,0.0,0.0,0.0,0.0,0.0,0.0,0.0,0.0,0.0,0.0,0,0,1.0,0.0,0,0.0,0,0.0,0.0,0.0496,easy,3.639,0,0,0,0,0,0,0,0,0,0,0,0,0,0,1,0,0,0,0,0,0
0,0,0,5e7e4f4c31f4e454e196c9c4,2020-04-20 18:27:27.724000+00:00,hello,1.0,1,0.333333333,3,hello,3,1,5,1,-1.2488724541535483,-1.2461374221375014,0.0,0.0,0.0,0.0,0.0,0.0,0.0,0.0,0.0,0.0,0.0,0.0,0.0,0.0,0.0,0.0,0.0,0.0,0.0,0.0,0.0,0.0,0.0,0.0,0.0,0.0,0.0,0.0,0.0,0.0,0.010000000000000002,0.0,0.0,0.0,0.0,0.0,0.0,0.0,0.0,0.0,0.0,0.0,0.0,0.0,0.0,0.0,0.0,0.0,0.0,0.0,0.0,0.0,0.0,0.0,0.0,0,0,1.0,0.0,0,0.0,0,0.0,0.0,0.0496,easy,3.96,0,0,0,0,0,0,0,0,0,0,0,0,0,0,1,0,0,0,0,0,0
0,0,0,5d482ea421c9be351f762255,2020-04-20 18:27:30.410000+00:00,hi,1.0,1,0.333333333,3,hi,4,1,2,1,-1.2488724541535483,-1.2461374221375014,0.0,0.0,0.0,0.0,0.0,0.0,0.0,0.0,0.0,0.0,0.0,0.0,0.0,0.0,0.0,0.0,0.0,0.0,0.0,0.0,0.0,0.0,0.0,0.0,0.0,0.0,0.0,0.0,0.0,0.0,0.01,0.0,0.0,0.0,0.0,0.0,0.0,0.0,0.0,0.0,0.0,0.0,0.0,0.0,0.0,0.0,0.0,0.0,0.0,0.0,0.0,0.0,0.0,0.0,0.0,0,0,1.0,0.0,0,0.0,0,0.0,0.0,0.0496,easy,2.686,0,0,0,0,0,0,0,0,0,0,0,0,0,0,1,0,0,0,0,0,0
0,0,0,5e84cc3c50f6e364321d6265,2020-04-20 18:27:35.506000+00:00,hi,1.0,1,0.333333333,3,hi,5,1,2,1,-1.2488724541535483,-1.2461374221375014,0.0,0.0,0.0,0.0,0.0,0.0,0.0,0.0,0.0,0.0,0.0,0.0,0.0,0.0,0.0,0.0,0.0,0.0,0.0,0.0,0.0,0.0,0.0,0.0,0.0,0.0,0.0,0.0,0.0,0.0,0.01,0.0,0.0,0.0,0.0,0.0,0.0,0.0,0.0,0.0,0.0,0.0,0.0,0.0,0.0,0.0,0.0,0.0,0.0,0.0,0.0,0.0,0.0,0.0,0.0,0,0,1.0,0.0,1,0.0,0,0.0,0.0,0.0496,easy,5.096,0,0,0,0,0,0,0,0,0,0,0,0,0,0,1,0,0,0,0,0,0
0,0,0,5d482ea621c9be351f762ae5,2020-04-20 18:28:09.451000+00:00,hello,1.0,1,0.333333333,3,hello,6,1,5,1,-1.2488724541535483,-1.2461374221375014,0.0,0.0,0.0,0.0,0.0,0.0,0.0,0.0,0.0,0.0,0.0,0.0,0.0,0.0,0.0,0.0,0.0,0.0,0.0,0.0,0.0,0.0,0.0,0.0,0.0,0.0,0.0,0.0,0.0,0.0,0.010000000000000002,0.0,0.0,0.0,0.0,0.0,0.0,0.0,0.0,0.0,0.0,0.0,0.0,0.0,0.0,0.0,0.0,0.0,0.0,0.0,0.0,0.0,0.0,0.0,0.0,0,0,1.0,0.0,0,0.0,0,0.0,0.0,0.0496,easy,33.945,0,0,0,0,0,0,0,0,0,0,0,0,0,0,1,0,0,0,0,0,0
0,0,0,5e84cc3c50f6e364321d6265,2020-04-20 18:28:20.136000+00:00,i dont think the guy is the ahole thoughts,1.0,1,0.333333333,3,i don't think the guy is the a$$hole. thoughts?,7,9,42,1,-0.5632344009787775,-0.668382799146478,0.0,0.0,0.0,0.0,0.0,0.0,0.0,0.0,0.0,0.0,0.0,0.009999999999999998,0.0,0.0,0.0,0.0,0.0,0.0,0.0,0.0,0.0,0.019999999999999997,0.009999999999999998,0.03,0.0,0.0,0.0,0.0,0.0,0.0,0.009999999999999998,0.0,0.0,0.0,0.0,0.0,0.0,0.009999999999999998,0.0,0.0,0.0,0.03,0.0,0.019999999999999997,0.0,0.019999999999999997,0.019999999999999997,0.0,0.0,0.0,0.0,0.0,0.009999999999999998,0.039999999999999994,0.0,1,0,0.8888888888888888,0.1111111111111111,0,0.0,0,0.0,0.0,0.44639999999999996,easy,10.685,0,0,1,0,1,0,0,0,0,0,0,1,0,0,0,0,0,0,0,0,0
0,0,0,5e7e4f4c31f4e454e196c9c4,2020-04-20 18:28:28.501000+00:00,so who thinks the guy is an ass for asking his mother in law to learn english,1.0,1,0.333333333,3,so who thinks the guy is an ass for asking his mother in law to learn english,8,17,77,1,0.31830023881735653,0.07444457327055207,0.0,0.0,0.0,0.01,0.0,0.0,0.01,0.0,0.01,0.0,0.01,0.0,0.01,0.0,0.0,0.0,0.01,0.01,0.0,0.0,0.0,0.02,0.01,0.02,0.0,0.0,0.01,0.01,0.0,0.0,0.049999999999999996,0.01,0.0,0.01,0.0,0.0,0.0,0.0,0.0,0.0,0.0,0.02,0.0,0.02,0.01,0.01,0.03,0.03,0.0,0.0,0.0,0.0,0.0,0.09,0.0,0,0,1.0,0.0,2,0.005319148936170213,0,0.0,0.0,0.8432,easy,8.365,0,0,0,0,0,0,0,0,0,0,0,0,0,0,0,1,1,0,0,0,0
0,0,0,5e7e1e0031f4e454e196c30b,2020-04-20 18:28:30.530000+00:00,i think that this person is not an asshole because according to him he was very polite while approaching the issue,1.0,1,0.333333333,3,"i think that this person is not an asshole because, according to him, he was very polite while approaching the issue",9,21,114,1,0.6121451187494011,0.3220536974095621,0.0,0.0,0.0,0.019999999999999997,0.0,0.0,0.0,0.0,0.009999999999999998,0.0,0.019999999999999997,0.009999999999999998,0.009999999999999998,0.0,0.0,0.0,0.0,0.0,0.0,0.0,0.0,0.009999999999999998,0.009999999999999998,0.019999999999999997,0.0,0.009999999999999998,0.019999999999999997,0.0,0.0,0.0,0.029999999999999995,0.019999999999999997,0.0,0.0,0.0,0.009999999999999998,0.009999999999999998,0.009999999999999998,0.0,0.0,0.009999999999999998,0.029999999999999995,0.0,0.019999999999999997,0.009999999999999998,0.019999999999999997,0.039999999999999994,0.009999999999999998,0.0,0.0,0.0,0.009999999999999998,0.009999999999999998,0.13999999999999999,0.0,0,0,1.0,0.047619047619047616,4,0.0,0,0.15,0.1,1.0415999999999999,easy,2.029,0,0,1,0,1,0,0,0,0,0,0,1,0,0,0,0,0,1,1,0,0
0,0,0,5d482ea421c9be351f762255,2020-04-20 18:28:30.637000+00:00,i can see how the family is upset because they feel the mother was disrespected but i can also understand the guys feelings why should he have to work as interpreter for his mother in law,1.0,1,0.333333333,3,i can see how the family is upset because they feel the mother was disrespected but i can also understand the guy's feelings. why should he have to work as interpreter for his mother in law?,10,36,187,1,1.983421225098943,1.4775629433916089,0.01,0.0,0.01,0.05,0.0,0.0,0.0,0.01,0.02,0.01,0.02,0.0,0.0,0.0,0.0,0.01,0.0,0.030000000000000006,0.01,0.0,0.0,0.04,0.01,0.06999999999999999,0.01,0.01,0.01,0.0,0.0,0.0,0.06999999999999999,0.0,0.0,0.01,0.0,0.030000000000000006,0.0,0.02,0.02,0.0,0.01,0.09,0.0,0.030000000000000006,0.02,0.06000000000000001,0.1,0.04,0.0,0.030000000000000006,0.0,0.01,0.02,0.22,0.0,1,0,0.8611111111111112,0.05555555555555555,8,0.00031036623215394165,0,0.0,0.0,2.224211111111111,easy,0.107,0,0,1,0,1,0,0,0,0,0,1,1,0,0,0,0,0,1,1,0,0
0,0,0,5e7e1e0031f4e454e196c30b,2020-04-20 18:28:50.848000+00:00,yes i think his feeling makes sense to me to who doesnt want to be independent,1.0,1,0.333333333,3,"yes, i think his feeling makes sense to me to. who doesn't want to be independent.",11,16,78,1,0.024455358885311848,-0.17316455086845797,0.01,0.0,0.0,0.0,0.0,0.0,0.0,0.0,0.0,0.0,0.01,0.01,0.0,0.0,0.0,0.0,0.0,0.0,0.0,0.0,0.0,0.030000000000000002,0.0,0.04,0.0,0.0,0.0,0.0,0.0,0.0,0.02,0.01,0.0,0.0,0.0,0.02,0.0,0.02,0.01,0.0,0.0,0.049999999999999996,0.0,0.0,0.01,0.02,0.060000000000000005,0.030000000000000002,0.0,0.01,0.0,0.0,0.02,0.08,0.0,1,0,0.875,0.125,4,0.00015518311607697082,0,0.125,0.0,5.416975,medium,20.211,0,0,1,0,1,0,0,0,0,0,1,0,0,0,0,0,0,0,0,0,0
0,0,0,5e31d6e4e31c5304c46f1413,2020-04-20 18:28:51.159000+00:00,i was conflicted because i could understand his frustration however i feel he should have maybe discussed strategies with how to approach the mother in law with his wife first,1.0,1,0.333333333,3,i was conflicted because i could understand his frustration however i feel he should have maybe discussed strategies with how to approach the mother in law with his wife first.,12,30,175,1,1.2977831719241721,0.8998083204005854,0.02,0.0,0.0,0.030000000000000002,0.0,0.02,0.0,0.02,0.030000000000000002,0.0,0.030000000000000002,0.0,0.0,0.0,0.0,0.0,0.0,0.02,0.0,0.0,0.0,0.02,0.0,0.030000000000000002,0.01,0.01,0.030000000000000002,0.0,0.01,0.0,0.060000000000000005,0.0,0.0,0.0,0.0,0.02,0.01,0.030000000000000002,0.01,0.01,0.0,0.060000000000000005,0.0,0.01,0.01,0.04,0.11000000000000001,0.04,0.0,0.01,0.0,0.0,0.030000000000000002,0.16,0.01,0,0,0.8666666666666667,0.1,3,0.0004655493482309125,1,0.3333333333333333,0.25,1.488,easy,0.311,0,0,1,0,1,0,0,0,0,0,1,1,0,0,0,0,0,0,1,0,0
0,0,0,5e84cc3c50f6e364321d6265,2020-04-20 18:28:59.058000+00:00,his mil has been here for 8 years you would think shed pick up some english by now,1.0,1,0.333333333,3,his mil has been here for 8 years. you would think she'd pick up some english by now.,13,18,82,1,0.4162485321280381,0.1569809479835554,0.01,0.0,0.0,0.0,0.0,0.0,0.0,0.0,0.02,0.0,0.01,0.0,0.0,0.0,0.0,0.0,0.0,0.0,0.0,0.01,0.0,0.01,0.0,0.02,0.01,0.01,0.029999999999999995,0.0,0.0,0.0,0.02,0.0,0.0,0.0,0.0,0.01,0.0,0.0,0.0,0.01,0.0,0.04,0.0,0.0,0.0,0.029999999999999995,0.04,0.029999999999999995,0.0,0.0,0.01,0.0,0.0,0.09999999999999999,0.0,0,0,1.0,0.0,1,0.0,0,0.0,0.0,0.8927999999999999,easy,7.899,0,0,1,0,1,0,0,0,0,0,0,0,1,0,0,0,0,0,0,0,0
1,0,2,5e7e4f4c31f4e454e196c9c4,2020-04-20 18:57:21.726000+00:00,hi,0.6,0,0.0,5,hi,1,1,2,1,-1.2488724541535483,-1.227732600084904,0.0,0.0,0.0,0.0,0.0,0.0,0.0,0.0,0.0,0.0,0.0,0.0,0.0,0.0,0.0,0.0,0.0,0.0,0.0,0.0,0.0,0.0,0.0,0.0,0.0,0.0,0.0,0.0,0.0,0.0,0.01,0.0,0.0,0.0,0.0,0.0,0.0,0.0,0.0,0.0,0.0,0.0,0.0,0.0,0.0,0.0,0.0,0.0,0.0,0.0,0.0,0.0,0.0,0.0,0.0,0,0,1.0,0.0,0,0.0,0,0.0,0.0,0.0496,easy,0.0,0,0,0,0,0,0,0,0,0,0,0,0,0,0,1,0,0,0,0,0,0
1,0,2,5e84cc3c50f6e364321d6265,2020-04-20 18:57:26.714000+00:00,i dont think shes the asshole because shes extremely busy,0.6,0,0.0,5,i don't think she's the asshole because she's extremely busy.,2,10,57,1,-0.4652861076680959,-0.47477904637014173,0.0,0.0,0.0,0.009999999999999998,0.009999999999999998,0.0,0.0,0.0,0.0,0.0,0.019999999999999997,0.009999999999999998,0.009999999999999998,0.0,0.0,0.0,0.0,0.0,0.0,0.009999999999999998,0.0,0.009999999999999998,0.0,0.039999999999999994,0.0,0.0,0.009999999999999998,0.0,0.0,0.0,0.019999999999999997,0.0,0.0,0.009999999999999998,0.0,0.009999999999999998,0.009999999999999998,0.009999999999999998,0.0,0.0,0.0,0.039999999999999994,0.0,0.009999999999999998,0.009999999999999998,0.029999999999999995,0.029999999999999995,0.0,0.0,0.0,0.0,0.0,0.009999999999999998,0.029999999999999995,0.0,0,0,0.9,0.1,0,0.0,0,0.3,0.1,0.496,easy,4.988,0,0,1,0,1,0,0,0,0,0,0,1,0,0,0,0,0,0,0,0,0
1,0,2,5d6feec65f80ae21f5c5f054,2020-04-20 18:57:26.989000+00:00,howdy,0.6,0,0.0,5,howdy,3,1,5,1,-1.2488724541535483,-1.227732600084904,0.0,0.0,0.0,0.0,0.0,0.0,0.0,0.0,0.0,0.0,0.0,0.0,0.0,0.0,0.0,0.0,0.0,0.0,0.0,0.0,0.0,0.0,0.0,0.0,0.0,0.0,0.0,0.0,0.0,0.0,0.0,0.0,0.0,0.0,0.0,0.0,0.0,0.0,0.0,0.0,0.0,0.0,0.0,0.0,0.0,0.0,0.0,0.0,0.0,0.0,0.0,0.0,0.0,0.0,0.0,0,0,1.0,0.0,0,0.0,0,0.0,0.0,0.0496,easy,0.275,0,0,0,0,0,0,0,0,0,0,0,0,0,0,0,0,0,0,0,0,0
1,0,2,5e7e4f4c31f4e454e196c9c4,2020-04-20 18:57:32.295000+00:00,this girl seems like an asshole,0.6,0,0.0,5,this girl seems like an asshole,4,6,31,1,-0.7591309876001406,-0.7571366290131776,0.0,0.0,0.0,0.0,0.0,0.0,0.0,0.0,0.0,0.0,0.0,0.0,0.01,0.0,0.0,0.0,0.0,0.0,0.0,0.0,0.01,0.01,0.01,0.01,0.0,0.0,0.0,0.0,0.0,0.0,0.01,0.01,0.0,0.0,0.0,0.0,0.01,0.0,0.0,0.01,0.0,0.01,0.0,0.01,0.0,0.0,0.01,0.0,0.0,0.0,0.0,0.01,0.0,0.02,0.0,0,0,1.0,0.0,0,0.0,0,0.0,0.0,0.2976,easy,5.306,0,0,1,0,1,0,0,0,0,0,0,0,0,0,0,0,0,1,0,0,0
1,0,2,5e31d6e4e31c5304c46f1413,2020-04-20 18:57:37.268000+00:00,hello,0.6,0,0.0,5,hello,5,1,5,1,-1.2488724541535483,-1.227732600084904,0.0,0.0,0.0,0.0,0.0,0.0,0.0,0.0,0.0,0.0,0.0,0.0,0.0,0.0,0.0,0.0,0.0,0.0,0.0,0.0,0.0,0.0,0.0,0.0,0.0,0.0,0.0,0.0,0.0,0.0,0.010000000000000002,0.0,0.0,0.0,0.0,0.0,0.0,0.0,0.0,0.0,0.0,0.0,0.0,0.0,0.0,0.0,0.0,0.0,0.0,0.0,0.0,0.0,0.0,0.0,0.0,0,0,1.0,0.0,0,0.0,0,0.0,0.0,0.0496,easy,4.973,0,0,0,0,0,0,0,0,0,0,0,0,0,0,1,0,0,0,0,0,0
1,0,2,5e84cc3c50f6e364321d6265,2020-04-20 18:57:43.115000+00:00,her husband knows spanish and communicates well with it,0.6,0,0.0,5,her husband knows spanish and communicates well with it.,6,9,55,1,-0.4652861076680959,-0.47477904637014173,0.0,0.0,0.0,0.01,0.0,0.02,0.0,0.0,0.01,0.0,0.01,0.0,0.0,0.0,0.0,0.0,0.0,0.01,0.0,0.0,0.01,0.01,0.0,0.01,0.0,0.0,0.0,0.0,0.0,0.0,0.030000000000000002,0.01,0.0,0.0,0.0,0.0,0.0,0.0,0.0,0.0,0.0,0.01,0.0,0.0,0.02,0.0,0.030000000000000002,0.01,0.0,0.0,0.0,0.01,0.0,0.04,0.0,0,0,1.0,0.0,0,0.0,0,0.0,0.0,5.837344444444444,medium,5.847,0,0,0,0,0,0,0,0,0,0,0,0,0,0,0,0,0,1,0,0,0
1,0,2,5e31d6e4e31c5304c46f1413,2020-04-20 18:57:56.277000+00:00,i dont think shes an asshole she clearly has more on her plate so it shouldnt be an issue for her husband to help relieve some of that burden,0.6,0,0.0,5,"i don't think she's an asshole, she clearly has more on her plate so it shouldn't be an issue for her husband to help relieve some of that burden.",7,29,141,1,1.3957314652348536,1.3134856437024185,0.009999999999999998,0.0,0.0,0.009999999999999998,0.009999999999999998,0.0,0.0,0.0,0.019999999999999997,0.0,0.039999999999999994,0.019999999999999997,0.009999999999999998,0.0,0.0,0.0,0.0,0.009999999999999998,0.0,0.019999999999999997,0.009999999999999998,0.009999999999999998,0.0,0.039999999999999994,0.009999999999999998,0.0,0.009999999999999998,0.0,0.0,0.0,0.06,0.019999999999999997,0.0,0.0,0.0,0.0,0.009999999999999998,0.009999999999999998,0.0,0.009999999999999998,0.0,0.06,0.0,0.019999999999999997,0.009999999999999998,0.05,0.05,0.039999999999999994,0.0,0.0,0.0,0.009999999999999998,0.009999999999999998,0.16999999999999998,0.0,0,0,0.9310344827586207,0.034482758620689655,3,0.000727802037845706,0,0.44166666666666665,0.3,1.4384,easy,13.162,0,0,1,0,1,0,0,0,0,0,0,1,0,0,0,0,0,1,1,0,0
1,0,2,5e84cc3c50f6e364321d6265,2020-04-20 18:58:10.461000+00:00,if she werent so busy id say she was an asshole but shes got a very full plate,0.6,0,0.0,5,"if she weren't so busy, i'd say she was an asshole but she's got a very full plate",8,18,78,1,0.4162485321280381,0.3722937015589658,0.01,0.01,0.0,0.030000000000000002,0.0,0.0,0.0,0.0,0.02,0.0,0.030000000000000002,0.0,0.01,0.0,0.0,0.0,0.0,0.0,0.0,0.01,0.0,0.0,0.0,0.01,0.0,0.02,0.02,0.0,0.0,0.0,0.04,0.0,0.0,0.01,0.0,0.0,0.01,0.0,0.0,0.01,0.02,0.030000000000000002,0.0,0.02,0.02,0.02,0.02,0.0,0.0,0.01,0.0,0.01,0.0,0.09000000000000001,0.0,0,0,0.9444444444444444,0.0,5,0.0669868715978226,0,0.5075000000000001,0.27749999999999997,0.8927999999999999,easy,14.184,0,0,0,0,0,0,0,0,0,0,1,0,0,0,0,0,0,0,0,0,0
1,0,2,5e7e4f4c31f4e454e196c9c4,2020-04-20 18:58:16.555000+00:00,he married the daughter not the mother,0.6,0,0.0,5,he married the daughter not the mother,9,7,38,1,-0.6611826942894591,-0.6630174347988322,0.0,0.0,0.0,0.0,0.0,0.0,0.0,0.0,0.0,0.0,0.01,0.01,0.0,0.0,0.0,0.0,0.0,0.03,0.0,0.0,0.0,0.0,0.0,0.0,0.0,0.0,0.0,0.0,0.0,0.0,0.04,0.0,0.0,0.0,0.0,0.0,0.0,0.0,0.0,0.0,0.01,0.0,0.0,0.02,0.0,0.0,0.01,0.0,0.0,0.0,0.0,0.0,0.0,0.04,0.0,0,0,0.8571428571428571,0.0,0,0.0,0,0.25,0.25,0.3472,easy,6.094,0,0,0,0,0,0,0,0,0,0,0,0,0,0,0,0,0,0,0,0,0
1,0,2,5d482ea421c9be351f762255,2020-04-20 18:58:24.296000+00:00,im on the fence about this one she may be busy but how often is her mother really bothering her husband how long have they lived in the us information is missing as far as im concerned,0.6,0,0.0,5,i'm on the fence about this one. she may be busy but how often is her mother really bothering her husband? how long have they lived in the us? information is missing as far as i'm concerned.,10,37,184,1,2.2772661050309875,2.1605583916315263,0.0,0.0,0.0,0.05,0.0,0.0,0.0,0.0,0.05,0.0,0.03,0.0,0.0,0.0,0.0,0.0,0.0,0.02,0.0,0.0,0.0,0.01,0.0,0.03,0.01,0.01,0.05,0.0,0.01,0.01,0.07,0.01,0.0,0.01,0.0,0.02,0.01,0.0,0.0,0.02,0.02,0.06,0.0,0.02,0.02,0.05,0.08,0.05,0.01,0.0,0.0,0.0,0.0,0.19,0.0,2,0,0.8378378378378378,0.0,2,0.0008496176720475786,0,0.39,0.03000000000000001,2.261956756756757,easy,7.741,0,0,1,0,0,1,0,0,0,1,1,1,0,0,0,0,0,0,1,0,0
1,0,2,5d6feec65f80ae21f5c5f054,2020-04-20 18:58:25.941000+00:00,i think shes an asshole her husband has the right to not want to be a translator its his choice and he shouldnt be forced,0.6,0,0.0,5,i think she's an asshole. her husband has the right to not want to be a translator. it's his choice and he shouldn't be forced.,11,25,121,1,1.0039382919921274,0.9370088668450375,0.02,0.0,0.0,0.01,0.0,0.01,0.0,0.0,0.0,0.0,0.04,0.02,0.01,0.0,0.0,0.0,0.0,0.01,0.0,0.0,0.0,0.02,0.0,0.04,0.01,0.0,0.01,0.0,0.0,0.0,0.05,0.01,0.0,0.0,0.0,0.01,0.01,0.01,0.0,0.0,0.01,0.07,0.0,0.03,0.01,0.05,0.07,0.02,0.0,0.0,0.0,0.02,0.01,0.15,0.0,0,0,0.92,0.04,4,0.000727802037845706,0,0.3678571428571429,-0.007142857142857173,1.24,easy,1.645,0,0,1,0,1,0,0,0,0,0,0,1,0,0,0,0,1,1,0,0,0
1,0,2,5e84cc3c50f6e364321d6265,2020-04-20 18:58:38.685000+00:00,yes he married the daughter but his mil is now family too,0.6,0,0.0,5,"yes, he married the daughter but his mil is now family too.",12,12,57,1,-0.17144122773605125,-0.1924214637271059,0.0,0.0,0.009999999999999998,0.009999999999999998,0.0,0.0,0.0,0.0,0.019999999999999997,0.0,0.019999999999999997,0.0,0.0,0.0,0.0,0.0,0.0,0.029999999999999995,0.0,0.0,0.0,0.0,0.0,0.009999999999999998,0.0,0.0,0.009999999999999998,0.0,0.0,0.0,0.049999999999999996,0.0,0.0,0.0,0.0,0.0,0.0,0.0,0.0,0.0,0.009999999999999998,0.009999999999999998,0.0,0.009999999999999998,0.019999999999999997,0.009999999999999998,0.009999999999999998,0.0,0.0,0.0,0.0,0.0,0.0,0.06999999999999999,0.0,0,0,1.0,0.0,3,0.0,0,0.25,0.25,0.5952,easy,12.744,0,0,0,0,0,0,0,0,0,0,0,0,0,0,0,0,0,0,0,0,0
2,1,0,5e9de5be9dc0406f8987226c,2020-04-20 18:35:51.231000+00:00,that person is definitely an asshole i honestly dont care that the person can,0.666666667,1,0.166666667,6,"that person is definitely an asshole, i honestly don't care that the person can",1,14,77,1,-0.07349293442536971,0.21225344273913968,0.0,0.0,0.0,0.0,0.01,0.0,0.0,0.0,0.01,0.0,0.0,0.01,0.01,0.0,0.0,0.0,0.0,0.0,0.0,0.0,0.03,0.0,0.02,0.04,0.0,0.0,0.0,0.0,0.0,0.0,0.02,0.02,0.0,0.0,0.0,0.0,0.01,0.01,0.0,0.0,0.0,0.04,0.0,0.02,0.0,0.03,0.01,0.0,0.0,0.0,0.0,0.0,0.01,0.07,0.0,0,0,0.8571428571428571,0.07142857142857142,0,0.0,0,0.7,0.3,0.6944,easy,0.0,0,0,0,0,0,1,0,0,0,0,1,0,0,0,0,0,0,0,0,0,0
2,1,0,5e9de4e29dc0406f89872254,2020-04-20 18:36:08.493000+00:00,this guy doesnt seem to understand the delicacy of this issue,0.666666667,1,0.166666667,6,this guy doesn't seem to understand the delicacy of this issue.,2,11,61,1,-0.2693895210467328,-0.03383750536421073,0.0,0.0,0.0,0.0,0.0,0.0,0.0,0.0,0.0,0.0,0.0,0.01,0.0,0.0,0.0,0.0,0.0,0.0,0.0,0.0,0.0,0.02,0.01,0.03,0.0,0.0,0.0,0.0,0.0,0.0,0.01,0.02,0.0,0.0,0.0,0.0,0.0,0.0,0.0,0.01,0.0,0.03,0.0,0.01,0.0,0.01,0.03,0.02,0.0,0.0,0.0,0.01,0.0,0.049999999999999996,0.0,0,0,0.9090909090909091,0.0,1,0.0,0,0.0,0.0,0.5456,easy,17.262,0,0,0,0,0,0,0,0,0,0,0,0,0,0,0,0,0,1,1,0,0
2,1,0,5e9de5be9dc0406f8987226c,2020-04-20 18:36:09.465000+00:00,learn a bunch of languages expecting an elderly to do the same is unfair,0.666666667,1,0.166666667,6,"learn a bunch of languages, expecting an elderly to do the same is unfair.",3,14,72,1,0.024455358885311848,0.3352989167908149,0.009999999999999998,0.0,0.0,0.0,0.0,0.0,0.0,0.0,0.0,0.0,0.0,0.0,0.0,0.0,0.0,0.0,0.0,0.0,0.0,0.019999999999999997,0.0,0.009999999999999998,0.0,0.019999999999999997,0.0,0.0,0.0,0.0,0.0,0.0,0.009999999999999998,0.0,0.0,0.009999999999999998,0.0,0.0,0.0,0.0,0.0,0.0,0.0,0.019999999999999997,0.0,0.03,0.0,0.019999999999999997,0.03,0.019999999999999997,0.0,0.0,0.0,0.009999999999999998,0.0,0.07999999999999999,0.0,0,0,1.0,0.0,3,0.0,0,0.5625,-0.25,0.6944,easy,0.972,0,0,0,0,0,0,0,0,0,0,0,0,0,0,0,0,0,0,0,0,0
2,1,0,5e8b6f06b35db8283c501ca6,2020-04-20 18:36:30.737000+00:00,i think theyre an asshole because of how they approached it they could have said  hey im a little overwhelmed by all this which is valid,0.666666667,1,0.166666667,6,"i think they're an asshole because of how they approached it. they could have said - hey, i'm a little overwhelmed by all this, which is valid",4,26,136,1,1.101886585302809,1.688799131359242,0.01,0.01,0.0,0.02,0.01,0.0,0.0,0.0,0.01,0.01,0.0,0.0,0.01,0.0,0.0,0.0,0.0,0.0,0.0,0.0,0.0,0.01,0.0,0.04,0.0,0.01,0.02,0.0,0.0,0.01,0.05,0.030000000000000006,0.0,0.0,0.0,0.02,0.01,0.01,0.0,0.0,0.0,0.06000000000000001,0.0,0.02,0.01,0.04,0.05,0.02,0.0,0.01,0.0,0.01,0.01,0.15,0.01,0,0,0.9615384615384616,0.038461538461538464,4,0.0,1,0.5,-0.1875,1.2895999999999999,easy,21.272,0,0,1,0,1,0,0,0,0,0,1,1,0,0,0,0,0,0,1,0,0
2,1,0,5e8b3c3e36ec0e1294b36931,2020-04-20 18:36:32.745000+00:00,i dont think he was being an asshole he was actually very polite he loves his latino family he wants to teach them english,0.666666667,1,0.166666667,6,i don't think he was being an asshole. he was actually very polite. he loves his latino family. he wants to teach them english.,5,24,122,1,0.9059899986814458,1.4427081832558917,0.01,0.0,0.01,0.0,0.0,0.0,0.01,0.0,0.02,0.0,0.049999999999999996,0.01,0.01,0.0,0.0,0.0,0.0,0.01,0.0,0.0,0.01,0.01,0.0,0.04,0.0,0.02,0.0,0.01,0.0,0.0,0.08,0.0,0.0,0.01,0.0,0.0,0.01,0.01,0.0,0.0,0.0,0.07,0.0,0.01,0.01,0.04,0.02,0.01,0.0,0.0,0.0,0.02,0.01,0.12999999999999998,0.0,0,0,0.8333333333333334,0.041666666666666664,1,0.0008238201029820396,0,0.13333333333333333,0.13333333333333333,1.1904,easy,2.008,0,0,1,0,1,1,0,0,0,0,0,1,0,0,0,0,0,1,0,0,0
2,1,0,5e9de4e29dc0406f89872254,2020-04-20 18:36:43.508000+00:00,yes hes definitely not being sensitive,0.666666667,1,0.166666667,6,"yes, he's definitely not being sensitive.",6,6,38,1,-0.7591309876001406,-0.6490648756225867,0.0,0.0,0.0,0.0,0.01,0.0,0.0,0.0,0.01,0.0,0.01,0.01,0.0,0.0,0.0,0.0,0.0,0.0,0.0,0.0,0.01,0.0,0.0,0.01,0.0,0.0,0.0,0.0,0.0,0.0,0.01,0.0,0.0,0.0,0.0,0.0,0.0,0.0,0.0,0.0,0.01,0.02,0.0,0.0,0.01,0.02,0.02,0.0,0.0,0.0,0.0,0.01,0.0,0.02,0.0,0,0,1.0,0.0,1,0.0,0,0.7,0.05,0.2976,easy,10.763,0,0,0,0,0,0,0,0,0,0,0,0,0,0,0,0,0,1,0,0,0
2,1,0,5e9de5be9dc0406f8987226c,2020-04-20 18:37:02.372000+00:00,con,0.666666667,1,0.166666667,6,con,7,1,3,1,-1.2488724541535483,-1.264292245880963,0.0,0.0,0.0,0.0,0.0,0.0,0.0,0.0,0.0,0.0,0.0,0.0,0.0,0.0,0.0,0.0,0.0,0.0,0.0,0.0,0.0,0.0,0.0,0.0,0.0,0.0,0.0,0.0,0.0,0.0,0.0,0.0,0.0,0.0,0.0,0.0,0.0,0.0,0.0,0.0,0.0,0.0,0.0,0.0,0.0,0.0,0.0,0.0,0.0,0.0,0.0,0.0,0.0,0.0,0.0,0,0,1.0,0.0,0,0.0,0,0.0,0.0,0.0496,easy,18.864,0,0,0,0,0,0,0,0,0,0,0,0,0,0,0,0,0,0,0,0,0
2,1,0,5e9de4c49dc0406f8987224f,2020-04-20 18:37:10.114000+00:00,yes he is the asshole just because he had no trouble learning new languages doesnt mean everyone can the older people get the harder learning language is,0.666666667,1,0.166666667,6,"yes, he is the asshole. just because he had no trouble learning new languages doesn't mean everyone can. the older people get, the harder learning language is.",8,27,153,1,1.2977831719241721,1.9348900794625925,0.0,0.0,0.0,0.01,0.0,0.0,0.0,0.0,0.01,0.0,0.02,0.02,0.01,0.0,0.0,0.0,0.0,0.0,0.0,0.0,0.0,0.03,0.01,0.06,0.0,0.01,0.02,0.0,0.0,0.0,0.06,0.01,0.0,0.02,0.0,0.01,0.01,0.0,0.01,0.0,0.01,0.06999999999999999,0.0,0.03,0.04,0.05,0.05,0.0,0.0,0.01,0.0,0.0,0.0,0.12,0.0,0,0,0.8148148148148148,0.0,0,0.0,0,0.3350757575757576,-0.001893939393939398,1.3392,easy,7.742,0,0,0,0,0,0,0,0,0,0,0,0,0,0,0,0,0,0,1,0,0
2,1,0,5e9de5be9dc0406f8987226c,2020-04-20 18:37:15.776000+00:00,exactly youngpig conventionalmonkey what if they dont want to learn,0.666666667,1,0.166666667,6,exactly youngpig conventionalmonkey what if they don't want to learn?,9,10,67,1,-0.36733781435741436,-0.15688297941588594,0.02,0.0,0.0,0.01,0.01,0.0,0.0,0.0,0.0,0.0,0.0,0.01,0.0,0.0,0.0,0.0,0.0,0.0,0.0,0.0,0.0,0.01,0.0,0.02,0.0,0.0,0.01,0.0,0.0,0.0,0.01,0.01,0.0,0.01,0.0,0.0,0.0,0.0,0.0,0.01,0.01,0.02,0.0,0.0,0.0,0.01,0.04,0.01,0.0,0.0,0.0,0.0,0.0,0.04,0.0,1,0,1.0,0.0,0,0.0,0,0.25,0.25,5.7115,medium,5.662,0,0,0,0,0,0,0,0,0,0,0,0,0,0,0,0,0,0,0,0,0
2,1,0,5e84cc1450f6e364321d6260,2020-04-20 18:37:34.857000+00:00,it sounds like he reached his boiling point and she called at a bad time so he reached his breaking point,0.666666667,1,0.166666667,6,it sounds like he reached his boiling point and she called at a bad time so he reached his breaking point,10,21,105,1,0.7100934120600827,1.1966172351525413,0.0,0.010000000000000002,0.0,0.020000000000000004,0.0,0.010000000000000002,0.010000000000000002,0.0,0.010000000000000002,0.0,0.05,0.0,0.0,0.0,0.0,0.0,0.0,0.0,0.0,0.0,0.010000000000000002,0.0,0.0,0.0,0.0,0.010000000000000002,0.04000000000000001,0.0,0.0,0.0,0.06,0.010000000000000002,0.0,0.0,0.0,0.0,0.0,0.0,0.0,0.0,0.0,0.010000000000000002,0.0,0.010000000000000002,0.020000000000000004,0.0,0.010000000000000002,0.010000000000000002,0.0,0.010000000000000002,0.0,0.020000000000000004,0.0,0.1,0.0,0,0,0.8095238095238095,0.0,0,0.0,0,0.6666666666666666,-0.6999999999999998,1.0415999999999999,easy,19.081,0,0,0,0,0,0,0,0,0,0,0,0,0,0,0,0,0,1,1,0,0
3,1,3,5e9de4e29dc0406f89872254,2020-04-20 19:20:30.112000+00:00,there are some people who believe if you marry a person that you marry their family but that only works if you have a family,0.75,0,0.0,4,"there are some people who believe if you marry a person that you marry their family, but that only works if you have a family.",1,25,124,1,1.101886585302809,1.485562705416415,0.02,0.0,0.02,0.03,0.0,0.0,0.0,0.01,0.02,0.0,0.0,0.0,0.0,0.0,0.0,0.0,0.0,0.02,0.0,0.01,0.0,0.01,0.02,0.03,0.0,0.0,0.0,0.0,0.0,0.0,0.09000000000000001,0.03,0.0,0.01,0.0,0.0,0.0,0.0,0.0,0.03,0.03,0.03,0.0,0.02,0.01,0.02,0.049999999999999996,0.0,0.0,0.0,0.03,0.03,0.0,0.16999999999999998,0.0,0,0,0.72,0.0,0,0.0,0,1.0,0.0,1.24,easy,0.0,0,0,0,0,0,0,0,0,0,0,0,0,1,0,0,0,0,1,0,0,0
3,1,3,5e9de5be9dc0406f8987226c,2020-04-20 19:20:44.174000+00:00,i think she is an asshole he should not be expected to have to translate everything for his family in law besides why cant she just do it,0.75,0,0.0,4,"i think she is an asshole. he should not be expected to have to translate everything for his family in law. besides, why can't she just do it?",2,28,137,1,1.2977831719241721,1.7331564896524843,0.030000000000000002,0.0,0.01,0.0,0.01,0.0,0.0,0.0,0.01,0.0,0.04,0.02,0.01,0.0,0.0,0.0,0.0,0.01,0.0,0.01,0.0,0.01,0.0,0.05,0.01,0.0,0.01,0.0,0.0,0.0,0.060000000000000005,0.02,0.0,0.0,0.0,0.01,0.01,0.01,0.0,0.0,0.02,0.07,0.0,0.01,0.01,0.060000000000000005,0.09000000000000001,0.05,0.0,0.0,0.0,0.0,0.01,0.19,0.0,1,0,0.9285714285714286,0.03571428571428571,1,0.0018181818181818182,0,0.4,-0.1,1.3888,easy,14.062,0,0,1,0,1,0,0,0,0,0,0,1,0,0,0,0,0,0,0,0,0
3,1,3,5e9de4e29dc0406f89872254,2020-04-20 19:20:55.515000+00:00,it also only really works if you talk about the subject explicitly before getting married,0.75,0,0.0,4,it also only really works if you talk about the subject explicitly before getting married.,3,15,89,1,0.1224036521959934,0.24759378423606918,0.01,0.0,0.0,0.02,0.01,0.0,0.0,0.01,0.04,0.0,0.0,0.0,0.0,0.0,0.0,0.0,0.0,0.01,0.0,0.0,0.0,0.0,0.0,0.0,0.0,0.0,0.01,0.0,0.0,0.0,0.03,0.01,0.0,0.01,0.0,0.0,0.0,0.0,0.0,0.01,0.02,0.0,0.0,0.01,0.01,0.0,0.03,0.02,0.0,0.0,0.01,0.01,0.0,0.06999999999999999,0.0,0,0,1.0,0.0,1,0.0,0,0.4458333333333333,0.07083333333333333,0.744,easy,11.341,0,0,0,0,0,1,0,0,0,0,0,0,1,0,0,0,0,1,0,0,0
3,1,3,5e9de4c49dc0406f8987224f,2020-04-20 19:20:58.846000+00:00,she isnt the asshole shes working on a better life for everyone involved,0.75,0,0.0,4,she isn't the asshole. she's working on a better life for everyone involved.,4,13,72,1,-0.07349293442536971,0.0,0.0,0.0,0.0,0.0,0.0,0.0,0.009999999999999998,0.019999999999999997,0.0,0.0,0.019999999999999997,0.009999999999999998,0.009999999999999998,0.0,0.009999999999999998,0.0,0.0,0.0,0.0,0.0,0.009999999999999998,0.0,0.0,0.019999999999999997,0.0,0.0,0.009999999999999998,0.0,0.0,0.0,0.039999999999999994,0.009999999999999998,0.0,0.009999999999999998,0.0,0.0,0.009999999999999998,0.0,0.0,0.0,0.0,0.019999999999999997,0.0,0.019999999999999997,0.0,0.019999999999999997,0.0,0.019999999999999997,0.0,0.0,0.0,0.019999999999999997,0.0,0.05,0.0,0,0,1.0,0.0,1,0.0,0,0.5,0.5,0.6447999999999999,easy,3.331,0,0,0,0,0,0,0,0,0,0,0,0,0,0,0,0,0,1,0,0,0
3,1,3,5e8b6f06b35db8283c501ca6,2020-04-20 19:21:07.089000+00:00,i think she is an asshole because her husband is obviously unhappy,0.75,0,0.0,4,i think she is an asshole because her husband is obviously unhappy.,5,12,66,1,-0.2693895210467328,-0.24759378423606918,0.0,0.0,0.0,0.01,0.01,0.0,0.0,0.0,0.0,0.0,0.02,0.0,0.01,0.0,0.0,0.0,0.0,0.01,0.0,0.0,0.0,0.01,0.0,0.030000000000000002,0.0,0.0,0.0,0.0,0.0,0.01,0.030000000000000002,0.0,0.0,0.0,0.0,0.01,0.01,0.01,0.0,0.0,0.0,0.030000000000000002,0.0,0.01,0.01,0.02,0.030000000000000002,0.0,0.0,0.0,0.0,0.0,0.01,0.07,0.0,0,0,0.9166666666666666,0.08333333333333333,1,0.0003202049311559398,0,0.9,-0.6,0.5952,easy,8.243,0,0,1,0,1,0,0,0,0,0,0,1,0,0,0,0,0,0,1,0,0
3,1,3,5e9de4e29dc0406f89872254,2020-04-20 19:21:13.323000+00:00,if she told him he was in for this type of treatment before hand sure ,0.75,0,0.0,4,"if she told him he was in for this type of treatment before hand, sure. ",6,15,70,1,0.1224036521959934,0.24759378423606918,0.009999999999999998,0.0,0.0,0.009999999999999998,0.009999999999999998,0.0,0.009999999999999998,0.0,0.0,0.0,0.03,0.0,0.0,0.0,0.0,0.0,0.009999999999999998,0.0,0.0,0.0,0.009999999999999998,0.0,0.0,0.0,0.0,0.019999999999999997,0.019999999999999997,0.0,0.0,0.0,0.039999999999999994,0.009999999999999998,0.0,0.009999999999999998,0.0,0.0,0.0,0.0,0.009999999999999998,0.009999999999999998,0.009999999999999998,0.019999999999999997,0.0,0.0,0.0,0.009999999999999998,0.019999999999999997,0.039999999999999994,0.0,0.009999999999999998,0.0,0.0,0.0,0.09999999999999999,0.0,0,0,1.0,0.0,1,0.0,0,0.8888888888888888,0.5,0.744,easy,6.234,0,0,0,0,0,0,0,0,0,0,0,0,0,0,0,0,0,0,0,0,0
3,1,3,5e8b6f06b35db8283c501ca6,2020-04-20 19:21:17.536000+00:00,i think you have a responsibility to listen to your spouse,0.75,0,0.0,4,i think you have a responsibility to listen to your spouse.,7,11,58,1,-0.36733781435741436,-0.3713906763541038,0.0,0.009999999999999998,0.0,0.0,0.0,0.0,0.0,0.009999999999999998,0.0,0.0,0.0,0.0,0.0,0.0,0.0,0.0,0.0,0.009999999999999998,0.0,0.0,0.0,0.009999999999999998,0.0,0.03,0.0,0.0,0.0,0.0,0.009999999999999998,0.0,0.039999999999999994,0.0,0.0,0.009999999999999998,0.0,0.0,0.0,0.009999999999999998,0.0,0.0,0.0,0.03,0.0,0.009999999999999998,0.0,0.009999999999999998,0.019999999999999997,0.019999999999999997,0.0,0.009999999999999998,0.019999999999999997,0.009999999999999998,0.009999999999999998,0.06999999999999999,0.0,0,0,0.9090909090909091,0.09090909090909091,0,0.0,0,0.0,0.0,5.617554545454546,medium,4.213,0,0,1,0,1,0,0,0,0,0,0,1,1,0,0,0,0,0,0,0,0
3,1,3,5e9de4e29dc0406f89872254,2020-04-20 19:21:22.204000+00:00,but she probably didnt i think shes an asshole,0.75,0,0.0,4,but she probably didn't. i think she's an asshole.,8,9,46,1,-0.5632344009787775,-0.618984460590173,0.0,0.0,0.0,0.01,0.0,0.0,0.0,0.0,0.01,0.0,0.02,0.01,0.01,0.0,0.0,0.0,0.0,0.0,0.0,0.0,0.0,0.01,0.0,0.02,0.0,0.01,0.0,0.0,0.0,0.0,0.02,0.0,0.0,0.0,0.0,0.0,0.01,0.01,0.0,0.01,0.01,0.03,0.0,0.01,0.01,0.02,0.03,0.0,0.0,0.0,0.0,0.0,0.01,0.04,0.01,0,0,1.0,0.1111111111111111,0,0.0005036151718260998,1,0.0,0.0,0.44639999999999996,easy,4.668,0,0,1,0,1,0,0,0,0,0,0,1,0,0,0,0,1,0,0,0,0
4,2,2,5e9de67c9dc0406f898722c3,2020-04-20 19:14:17.569000+00:00,hi,1.0,1,0.333333333,3,hi!,1,1,2,1,-1.2488724541535483,-1.2921610237372303,0.0,0.0,0.0,0.0,0.0,0.0,0.0,0.0,0.0,0.0,0.0,0.0,0.0,0.0,0.0,0.0,0.0,0.0,0.0,0.0,0.0,0.0,0.0,0.0,0.0,0.0,0.0,0.0,0.0,0.0,0.01,0.0,0.0,0.0,0.0,0.0,0.0,0.0,0.0,0.0,0.0,0.0,0.0,0.0,0.0,0.0,0.0,0.0,0.0,0.0,0.0,0.0,0.0,0.0,0.0,0,0,1.0,0.0,0,0.0,0,0.0,0.0,0.0496,easy,0.0,0,0,0,0,0,0,0,0,0,0,0,0,0,0,1,0,0,0,0,0,0
4,2,2,5e31d69ee31c5304c46f13ef,2020-04-20 19:14:21.878000+00:00,hello,1.0,1,0.333333333,3,hello,2,1,5,1,-1.2488724541535483,-1.2921610237372303,0.0,0.0,0.0,0.0,0.0,0.0,0.0,0.0,0.0,0.0,0.0,0.0,0.0,0.0,0.0,0.0,0.0,0.0,0.0,0.0,0.0,0.0,0.0,0.0,0.0,0.0,0.0,0.0,0.0,0.0,0.010000000000000002,0.0,0.0,0.0,0.0,0.0,0.0,0.0,0.0,0.0,0.0,0.0,0.0,0.0,0.0,0.0,0.0,0.0,0.0,0.0,0.0,0.0,0.0,0.0,0.0,0,0,1.0,0.0,0,0.0,0,0.0,0.0,0.0496,easy,4.309,0,0,0,0,0,0,0,0,0,0,0,0,0,0,1,0,0,0,0,0,0
4,2,2,5e9de6b89dc0406f898722c6,2020-04-20 19:14:22.877000+00:00,hello,1.0,1,0.333333333,3,hello!,3,1,5,1,-1.2488724541535483,-1.2921610237372303,0.0,0.0,0.0,0.0,0.0,0.0,0.0,0.0,0.0,0.0,0.0,0.0,0.0,0.0,0.0,0.0,0.0,0.0,0.0,0.0,0.0,0.0,0.0,0.0,0.0,0.0,0.0,0.0,0.0,0.0,0.010000000000000002,0.0,0.0,0.0,0.0,0.0,0.0,0.0,0.0,0.0,0.0,0.0,0.0,0.0,0.0,0.0,0.0,0.0,0.0,0.0,0.0,0.0,0.0,0.0,0.0,0,0,1.0,0.0,0,0.0070921985815602835,0,0.0,0.0,0.0496,easy,0.999,0,0,0,0,0,0,0,0,0,0,0,0,0,0,1,0,0,0,0,0,0
4,2,2,5e877eb4a44a3116d9b95f15,2020-04-20 19:14:27.322000+00:00,hey all finally people,1.0,1,0.333333333,3,"hey all, finally people!",4,4,22,1,-0.9550275742215037,-1.0020840592247908,0.0,0.0,0.0,0.0,0.01,0.0,0.0,0.0,0.0,0.0,0.0,0.0,0.0,0.0,0.0,0.0,0.0,0.0,0.0,0.0,0.0,0.0,0.01,0.0,0.0,0.0,0.01,0.0,0.0,0.0,0.02,0.0,0.0,0.0,0.0,0.0,0.0,0.0,0.0,0.0,0.0,0.0,0.0,0.0,0.0,0.0,0.01,0.0,0.0,0.0,0.0,0.0,0.0,0.01,0.0,0,0,1.0,0.0,0,0.0,0,1.0,0.0,0.1984,easy,4.445,0,0,0,0,0,0,0,0,0,0,0,0,0,0,1,0,0,0,0,0,0
4,2,2,5e8b395036ec0e1294b35f15,2020-04-20 19:14:28.935000+00:00,hello,1.0,1,0.333333333,3,hello.,5,1,5,1,-1.2488724541535483,-1.2921610237372303,0.0,0.0,0.0,0.0,0.0,0.0,0.0,0.0,0.0,0.0,0.0,0.0,0.0,0.0,0.0,0.0,0.0,0.0,0.0,0.0,0.0,0.0,0.0,0.0,0.0,0.0,0.0,0.0,0.0,0.0,0.010000000000000002,0.0,0.0,0.0,0.0,0.0,0.0,0.0,0.0,0.0,0.0,0.0,0.0,0.0,0.0,0.0,0.0,0.0,0.0,0.0,0.0,0.0,0.0,0.0,0.0,0,0,1.0,0.0,0,0.0,0,0.0,0.0,0.0496,easy,1.613,0,0,0,0,0,0,0,0,0,0,0,0,0,0,1,0,0,0,0,0,0
4,2,2,5e9de67c9dc0406f898722c3,2020-04-20 19:14:32.600000+00:00,yes finally so what do you guys think,1.0,1,0.333333333,3,yes finally! so what do you guys think?,6,8,37,1,-0.5632344009787775,-0.6153147732082048,0.0,0.0,0.0,0.01,0.0,0.0,0.0,0.0,0.01,0.0,0.0,0.0,0.0,0.0,0.0,0.0,0.0,0.0,0.0,0.0,0.0,0.01,0.01,0.02,0.0,0.0,0.01,0.0,0.0,0.0,0.02,0.01,0.0,0.0,0.0,0.0,0.0,0.0,0.0,0.0,0.0,0.02,0.0,0.0,0.02,0.01,0.01,0.0,0.0,0.0,0.01,0.0,0.0,0.04,0.0,1,0,1.0,0.0,0,0.0,0,1.0,0.0,0.3968,easy,3.665,0,0,1,0,1,0,0,0,0,0,0,0,1,0,0,0,0,0,0,0,0
4,2,2,5e31d69ee31c5304c46f13ef,2020-04-20 19:14:42.269000+00:00,whats everyone first impression,1.0,1,0.333333333,3,what's everyone first impression,7,4,31,1,-0.9550275742215037,-1.0020840592247908,0.0,0.0,0.0,0.0,0.0,0.0,0.0,0.01,0.0,0.0,0.0,0.0,0.0,0.0,0.0,0.0,0.0,0.0,0.0,0.0,0.01,0.0,0.0,0.01,0.0,0.0,0.01,0.0,0.0,0.0,0.01,0.02,0.0,0.0,0.0,0.0,0.0,0.0,0.0,0.0,0.0,0.01,0.0,0.0,0.0,0.01,0.0,0.0,0.0,0.0,0.0,0.0,0.0,0.0,0.0,1,0,1.0,0.0,0,0.0,0,0.3333333333333333,0.25,0.1984,easy,9.669,0,0,0,0,0,0,0,0,0,0,0,0,0,0,0,1,0,0,0,0,0
4,2,2,5e8b395036ec0e1294b35f15,2020-04-20 19:14:48.905000+00:00,i feel like everyone is the asshole lol,1.0,1,0.333333333,3,i feel like everyone is the asshole lol.,8,8,39,1,-0.6611826942894591,-0.7120070947123514,0.0,0.0,0.0,0.0,0.0,0.0,0.0,0.0,0.0,0.0,0.0,0.0,0.01,0.0,0.0,0.0,0.0,0.0,0.0,0.0,0.01,0.01,0.0,0.02,0.0,0.0,0.0,0.0,0.0,0.0,0.01,0.01,0.0,0.0,0.0,0.0,0.01,0.01,0.01,0.0,0.0,0.02,0.0,0.01,0.0,0.01,0.01,0.0,0.0,0.01,0.0,0.01,0.01,0.030000000000000002,0.0,0,0,1.0,0.125,1,0.0,0,0.7,0.8,0.3968,easy,6.636,0,0,1,0,1,0,0,0,0,0,0,1,0,0,0,0,0,1,0,0,0
4,2,2,5e9de67c9dc0406f898722c3,2020-04-20 19:14:58.631000+00:00,i think the guy is the asshole in this instance,1.0,1,0.333333333,3,i think the guy is the asshole in this instance,9,10,47,1,-0.4652861076680959,-0.5186224517040584,0.0,0.0,0.0,0.0,0.0,0.0,0.0,0.0,0.0,0.0,0.0,0.0,0.009999999999999998,0.0,0.0,0.0,0.0,0.0,0.0,0.0,0.0,0.009999999999999998,0.009999999999999998,0.019999999999999997,0.0,0.0,0.019999999999999997,0.0,0.0,0.0,0.009999999999999998,0.009999999999999998,0.0,0.0,0.0,0.0,0.009999999999999998,0.009999999999999998,0.0,0.0,0.0,0.019999999999999997,0.0,0.019999999999999997,0.0,0.009999999999999998,0.009999999999999998,0.009999999999999998,0.0,0.0,0.0,0.0,0.009999999999999998,0.05999999999999999,0.0,0,0,0.9,0.1,3,0.0004753880472329106,0,0.0,0.0,0.496,easy,9.726,0,0,1,0,1,0,0,0,0,0,0,1,0,0,0,0,0,0,0,0,0
4,2,2,5e31d69ee31c5304c46f13ef,2020-04-20 19:14:58.860000+00:00,i think this one is tricky because theres some room for cultural miserunderstanding too,1.0,1,0.333333333,3,i think this one is tricky because there's some room for cultural miserunderstanding too,10,14,87,1,-0.07349293442536971,-0.13185316568747243,0.0,0.0,0.01,0.01,0.0,0.0,0.0,0.0,0.02,0.01,0.0,0.0,0.0,0.0,0.0,0.0,0.0,0.0,0.0,0.01,0.0,0.01,0.0,0.03,0.0,0.0,0.01,0.0,0.0,0.01,0.01,0.01,0.0,0.0,0.0,0.01,0.01,0.01,0.0,0.01,0.0,0.03,0.0,0.0,0.01,0.02,0.03,0.01,0.0,0.0,0.0,0.0,0.01,0.06999999999999999,0.0,0,0,1.0,0.07142857142857142,2,0.0005036151718260998,0,0.1,0.1,5.458757142857143,medium,0.229,0,0,1,0,1,0,0,0,0,0,0,1,0,0,0,0,0,0,1,0,0
4,2,2,5e9de6b89dc0406f898722c6,2020-04-20 19:14:59.244000+00:00,my initial thoughts are that she is not the asshole,1.0,1,0.333333333,3,my initial thoughts are that she is not the asshole.,11,10,51,1,-0.36733781435741436,-0.4219301301999119,0.0,0.0,0.0,0.0,0.0,0.0,0.0,0.0,0.0,0.0,0.01,0.01,0.01,0.0,0.0,0.0,0.0,0.0,0.0,0.0,0.0,0.01,0.0,0.02,0.0,0.0,0.01,0.0,0.0,0.0,0.01,0.01,0.0,0.0,0.0,0.0,0.01,0.01,0.0,0.0,0.01,0.02,0.0,0.01,0.0,0.02,0.02,0.0,0.0,0.0,0.0,0.0,0.01,0.07,0.0,0,0,1.0,0.0,1,0.0,0,0.0,0.0,0.496,easy,0.384,0,0,0,0,0,0,0,0,0,0,0,1,0,0,0,0,0,0,0,0,0
5,2,3,5e9de6b89dc0406f898722c6,2020-04-20 19:29:18.601000+00:00,hello,0.75,0,0.0,4,hello!,1,1,5,1,-1.2488724541535483,-1.2519734086770222,0.0,0.0,0.0,0.0,0.0,0.0,0.0,0.0,0.0,0.0,0.0,0.0,0.0,0.0,0.0,0.0,0.0,0.0,0.0,0.0,0.0,0.0,0.0,0.0,0.0,0.0,0.0,0.0,0.0,0.0,0.010000000000000002,0.0,0.0,0.0,0.0,0.0,0.0,0.0,0.0,0.0,0.0,0.0,0.0,0.0,0.0,0.0,0.0,0.0,0.0,0.0,0.0,0.0,0.0,0.0,0.0,0,0,1.0,0.0,0,0.0,0,0.0,0.0,0.0496,easy,0.0,0,0,0,0,0,0,0,0,0,0,0,0,0,0,1,0,0,0,0,0,0
5,2,3,5e8b395036ec0e1294b35f15,2020-04-20 19:29:20.312000+00:00,hey guys,0.75,0,0.0,4,hey guys.,2,2,8,1,-1.1509241608428669,-1.175611909991757,0.0,0.0,0.0,0.0,0.0,0.0,0.0,0.0,0.0,0.0,0.0,0.0,0.0,0.0,0.0,0.0,0.0,0.0,0.0,0.0,0.0,0.0,0.01,0.0,0.0,0.0,0.0,0.0,0.0,0.0,0.02,0.0,0.0,0.0,0.0,0.0,0.0,0.0,0.0,0.0,0.0,0.0,0.0,0.0,0.0,0.0,0.0,0.0,0.0,0.0,0.0,0.0,0.0,0.0,0.0,0,0,1.0,0.0,0,0.0,0,0.0,0.0,0.0992,easy,1.711,0,0,0,0,0,0,0,0,0,0,0,0,0,0,1,0,0,0,0,0,0
5,2,3,5e9de67c9dc0406f898722c3,2020-04-20 19:29:23.791000+00:00,hello nice to have someone to talk to about this,0.75,0,0.0,4,hello! nice to have someone to talk to about this,3,10,48,1,-0.36733781435741436,-0.5647199205096355,0.0,0.0,0.0,0.0,0.0,0.0,0.0,0.0,0.009999999999999998,0.0,0.0,0.0,0.0,0.0,0.0,0.0,0.0,0.0,0.0,0.0,0.009999999999999998,0.0,0.0,0.009999999999999998,0.0,0.0,0.0,0.0,0.0,0.0,0.03,0.019999999999999997,0.0,0.0,0.0,0.0,0.0,0.0,0.0,0.009999999999999998,0.0,0.009999999999999998,0.0,0.0,0.0,0.009999999999999998,0.009999999999999998,0.039999999999999994,0.0,0.0,0.0,0.009999999999999998,0.0,0.06,0.0,0,0,0.8,0.0,0,0.0,0,1.0,0.6,0.496,easy,3.479,0,0,0,0,0,0,0,0,0,0,0,0,0,0,1,0,0,1,0,0,0
5,2,3,5e877eb4a44a3116d9b95f15,2020-04-20 19:29:28.064000+00:00,hey again some of  you,0.75,0,0.0,4,hey again some of  you,4,5,22,1,-0.8570792809108222,-0.9465274139359614,0.0,0.0,0.0,0.0,0.0,0.0,0.0,0.0,0.01,0.0,0.0,0.0,0.0,0.0,0.0,0.0,0.0,0.0,0.0,0.01,0.0,0.0,0.0,0.0,0.0,0.0,0.01,0.0,0.0,0.0,0.02,0.0,0.0,0.0,0.0,0.0,0.0,0.0,0.0,0.01,0.0,0.0,0.0,0.0,0.0,0.0,0.01,0.01,0.0,0.0,0.01,0.0,0.0,0.04,0.0,0,0,1.0,0.0,0,0.0,0,0.0,0.0,0.248,easy,4.273,0,0,0,0,0,0,0,0,0,0,0,0,1,0,1,0,0,0,0,0,0
5,2,3,5e9de67c9dc0406f898722c3,2020-04-20 19:29:37.503000+00:00,i feel like the guy is the asshole in this instance,0.75,0,0.0,4,i feel like the guy is the asshole in this instance,5,11,51,1,-0.36733781435741436,-0.5647199205096355,0.0,0.0,0.0,0.0,0.0,0.0,0.0,0.0,0.0,0.0,0.0,0.0,0.01,0.0,0.0,0.0,0.0,0.0,0.0,0.0,0.01,0.01,0.01,0.02,0.0,0.0,0.02,0.0,0.0,0.0,0.01,0.01,0.0,0.0,0.0,0.0,0.01,0.01,0.01,0.0,0.0,0.02,0.0,0.02,0.0,0.01,0.01,0.01,0.0,0.01,0.0,0.01,0.01,0.06,0.0,0,0,0.9090909090909091,0.09090909090909091,0,0.0,0,0.0,0.0,0.5456,easy,9.439,0,0,1,0,1,0,0,0,0,0,0,1,0,0,0,0,0,1,0,0,0
5,2,3,5e31d69ee31c5304c46f13ef,2020-04-20 19:29:38.201000+00:00,wow my first thought is this man is incredibly aggressive and an asshole i felt very offended ,0.75,0,0.0,4,wow! my first thought is this man is incredibly aggressive and an asshole. i felt very offended ,6,17,94,1,0.1224036521959934,-0.18291242708330954,0.0,0.0,0.0,0.009999999999999998,0.0,0.009999999999999998,0.0,0.009999999999999998,0.009999999999999998,0.0,0.0,0.0,0.009999999999999998,0.0,0.0,0.0,0.0,0.0,0.0,0.0,0.009999999999999998,0.019999999999999997,0.009999999999999998,0.019999999999999997,0.0,0.019999999999999997,0.009999999999999998,0.0,0.0,0.0,0.009999999999999998,0.009999999999999998,0.0,0.0,0.0,0.0,0.029999999999999995,0.019999999999999997,0.009999999999999998,0.0,0.0,0.039999999999999994,0.0,0.009999999999999998,0.009999999999999998,0.019999999999999997,0.029999999999999995,0.0,0.0,0.009999999999999998,0.0,0.019999999999999997,0.019999999999999997,0.07999999999999999,0.0,0,0,0.9411764705882353,0.11764705882352941,3,0.0004753880472329106,0,0.6333333333333333,0.3625,0.8432,easy,0.698,0,0,1,0,1,0,0,0,0,0,1,0,0,0,0,0,0,1,1,0,0
5,2,3,5e8b395036ec0e1294b35f15,2020-04-20 19:29:38.218000+00:00,interesting case we have here initial thoughts,0.75,0,0.0,4,interesting case we have here. initial thoughts?,7,7,46,1,-0.7591309876001406,-0.8701659152506962,0.0,0.0,0.0,0.0,0.0,0.01,0.0,0.0,0.01,0.0,0.0,0.0,0.0,0.0,0.0,0.0,0.0,0.0,0.0,0.0,0.01,0.01,0.0,0.01,0.0,0.0,0.01,0.0,0.0,0.0,0.01,0.0,0.0,0.0,0.0,0.0,0.0,0.0,0.0,0.0,0.0,0.01,0.0,0.0,0.0,0.01,0.02,0.0,0.01,0.0,0.0,0.01,0.01,0.03,0.0,1,0,1.0,0.14285714285714285,0,0.0,0,0.25,0.25,6.239414285714286,difficult,0.017,0,0,0,0,0,0,1,0,0,1,0,0,0,0,0,0,0,1,0,0,0
5,2,3,5e9de67c9dc0406f898722c3,2020-04-20 19:30:22.708000+00:00,i feel like there could have been other ways to voice his concern and while he may have been polite in talking to his wifes mother about it it really does seem condescending,0.75,0,0.0,4,"i feel like there could have been other ways to voice his concern and while he may have been polite in talking to his wife's mother about it, it really does seem condescending",8,33,173,1,1.7875246384775798,1.1152330505661985,0.01,0.01,0.0,0.02,0.0,0.01,0.0,0.0,0.029999999999999995,0.0,0.029999999999999995,0.0,0.0,0.0,0.0,0.0,0.0,0.02,0.0,0.0,0.01,0.02,0.0,0.049999999999999996,0.01,0.02,0.02,0.0,0.0,0.0,0.05999999999999999,0.029999999999999995,0.0,0.0,0.0,0.0,0.0,0.01,0.01,0.02,0.01,0.09,0.0,0.0,0.02,0.07,0.05999999999999999,0.04,0.0,0.02,0.0,0.02,0.01,0.19,0.0,0,0,0.8484848484848485,0.030303030303030304,2,0.0,0,0.2875,0.037500000000000006,2.1152848484848485,easy,44.49,0,0,1,0,1,1,0,0,0,0,0,1,0,0,0,0,0,1,1,0,0
5,2,3,5e9de6b89dc0406f898722c6,2020-04-20 19:30:22.942000+00:00,i think he is the asshole too i understand that he would want her to learn english but from the way he spoke he had a very elitist attitude about it that didnt sit well with me,0.75,0,0.0,4,"i think he is the asshole too-- i understand that he would want her to learn english, but from the way he spoke he had a very elitist attitude about it that didn't sit well with me.",9,37,176,1,2.0813695184096246,1.344317546621994,0.02,0.01,0.0,0.01,0.0,0.01,0.0,0.01,0.04,0.0,0.049999999999999996,0.01,0.01,0.0,0.0,0.0,0.0,0.0,0.0,0.0,0.01,0.03,0.0,0.04,0.01,0.03,0.02,0.0,0.0,0.0,0.06,0.03,0.0,0.01,0.0,0.0,0.01,0.03,0.0,0.0,0.01,0.08,0.0,0.03,0.02,0.04,0.06999999999999999,0.04,0.0,0.01,0.0,0.02,0.03,0.22999999999999998,0.0,0,0,0.8378378378378378,0.05405405405405406,7,0.00031036623215394165,0,0.15,0.1,1.8352,easy,0.234,0,0,1,0,1,0,0,0,0,0,0,1,0,0,0,0,0,1,0,0,0
5,2,3,5e8b395036ec0e1294b35f15,2020-04-20 19:30:26.258000+00:00,really i felt like he was not the asshole at all here he comes across as very angry but i felt like the way he handled it with the mother in law was not bad,0.75,0,0.0,4,"really?? i felt like he was not the asshole at all here. he comes across as very angry, but i felt like the way he handled it with the mother in law was not bad.",10,35,156,1,1.8854729317882615,1.1915945492514637,0.0,0.0,0.0,0.02,0.01,0.01,0.0,0.0,0.030000000000000002,0.0,0.030000000000000002,0.02,0.01,0.0,0.0,0.0,0.0,0.01,0.0,0.0,0.02,0.02,0.0,0.01,0.0,0.04,0.049999999999999996,0.0,0.0,0.0,0.04,0.01,0.0,0.0,0.0,0.0,0.02,0.02,0.02,0.0,0.04,0.049999999999999996,0.0,0.030000000000000002,0.02,0.02,0.09000000000000001,0.049999999999999996,0.0,0.02,0.0,0.02,0.02,0.21,0.0,1,0,0.7428571428571429,0.05714285714285714,10,0.002638603291823937,0,0.6222222222222222,-0.03333333333333336,1.736,easy,3.316,0,0,1,0,1,1,0,0,0,0,1,0,0,0,0,0,0,1,1,0,0
5,2,3,5e31d69ee31c5304c46f13ef,2020-04-20 19:30:28.485000+00:00,i think he has some serious issues with anger and am scared for his wife what could the other side be,0.75,0,0.0,4,i think he has some serious issues with anger and am scared for his wife! what could the other side be?,11,21,101,1,0.6121451187494011,0.19889506634301637,0.01,0.0,0.0,0.01,0.0,0.02,0.0,0.0,0.0,0.01,0.02,0.0,0.0,0.0,0.0,0.0,0.0,0.01,0.02,0.01,0.0,0.01,0.0,0.03,0.0,0.0,0.01,0.0,0.0,0.0,0.03,0.02,0.0,0.0,0.0,0.0,0.01,0.01,0.0,0.01,0.0,0.05,0.0,0.01,0.01,0.04,0.05,0.02,0.0,0.0,0.0,0.0,0.01,0.13,0.0,1,0,1.0,0.047619047619047616,3,0.00015518311607697082,0,0.4138888888888889,-0.38611111111111107,1.0415999999999999,easy,2.227,0,0,1,0,1,0,0,0,0,0,0,1,0,0,0,0,0,0,1,0,0
6,3,1,5e9dea789dc0406f89872547,2020-04-20 19:26:24.220000+00:00,hello,1.0,3,0.428571429,7,hello,1,1,5,1,-1.2488724541535483,-0.7785801531467593,0.0,0.0,0.0,0.0,0.0,0.0,0.0,0.0,0.0,0.0,0.0,0.0,0.0,0.0,0.0,0.0,0.0,0.0,0.0,0.0,0.0,0.0,0.0,0.0,0.0,0.0,0.0,0.0,0.0,0.0,0.010000000000000002,0.0,0.0,0.0,0.0,0.0,0.0,0.0,0.0,0.0,0.0,0.0,0.0,0.0,0.0,0.0,0.0,0.0,0.0,0.0,0.0,0.0,0.0,0.0,0.0,0,0,1.0,0.0,0,0.0,0,0.0,0.0,0.0496,easy,0.0,0,0,0,0,0,0,0,0,0,0,0,0,0,0,1,0,0,0,0,0,0
6,3,1,5e9de4ec9dc0406f89872255,2020-04-20 19:26:30.093000+00:00,hi,1.0,3,0.428571429,7,hi,2,1,2,1,-1.2488724541535483,-0.7785801531467593,0.0,0.0,0.0,0.0,0.0,0.0,0.0,0.0,0.0,0.0,0.0,0.0,0.0,0.0,0.0,0.0,0.0,0.0,0.0,0.0,0.0,0.0,0.0,0.0,0.0,0.0,0.0,0.0,0.0,0.0,0.01,0.0,0.0,0.0,0.0,0.0,0.0,0.0,0.0,0.0,0.0,0.0,0.0,0.0,0.0,0.0,0.0,0.0,0.0,0.0,0.0,0.0,0.0,0.0,0.0,0,0,1.0,0.0,0,0.0,0,0.0,0.0,0.0496,easy,5.873,0,0,0,0,0,0,0,0,0,0,0,0,0,0,1,0,0,0,0,0,0
6,3,1,5e9de4ce9dc0406f89872251,2020-04-20 19:26:32.564000+00:00,hello hello,1.0,3,0.428571429,7,hello hello,3,2,11,1,-1.1509241608428669,-0.6329464554358547,0.0,0.0,0.0,0.0,0.0,0.0,0.0,0.0,0.0,0.0,0.0,0.0,0.0,0.0,0.0,0.0,0.0,0.0,0.0,0.0,0.0,0.0,0.0,0.0,0.0,0.0,0.0,0.0,0.0,0.0,0.02,0.0,0.0,0.0,0.0,0.0,0.0,0.0,0.0,0.0,0.0,0.0,0.0,0.0,0.0,0.0,0.0,0.0,0.0,0.0,0.0,0.0,0.0,0.0,0.0,0,0,0.5,0.0,0,0.0,0,0.0,0.0,0.0992,easy,2.471,0,0,0,0,0,0,0,0,0,0,0,0,0,0,1,0,0,0,0,0,0
6,3,1,5e84cfe850f6e364321d63bf,2020-04-20 19:26:33.527000+00:00,hello,1.0,3,0.428571429,7,hello,4,1,5,1,-1.2488724541535483,-0.7785801531467593,0.0,0.0,0.0,0.0,0.0,0.0,0.0,0.0,0.0,0.0,0.0,0.0,0.0,0.0,0.0,0.0,0.0,0.0,0.0,0.0,0.0,0.0,0.0,0.0,0.0,0.0,0.0,0.0,0.0,0.0,0.010000000000000002,0.0,0.0,0.0,0.0,0.0,0.0,0.0,0.0,0.0,0.0,0.0,0.0,0.0,0.0,0.0,0.0,0.0,0.0,0.0,0.0,0.0,0.0,0.0,0.0,0,0,1.0,0.0,0,0.0070921985815602835,0,0.0,0.0,0.0496,easy,0.963,0,0,0,0,0,0,0,0,0,0,0,0,0,0,1,0,0,0,0,0,0
6,3,1,5e9de7589dc0406f898722cd,2020-04-20 19:26:38.420000+00:00,howdy,1.0,3,0.428571429,7,howdy,5,1,5,1,-1.2488724541535483,-0.7785801531467593,0.0,0.0,0.0,0.0,0.0,0.0,0.0,0.0,0.0,0.0,0.0,0.0,0.0,0.0,0.0,0.0,0.0,0.0,0.0,0.0,0.0,0.0,0.0,0.0,0.0,0.0,0.0,0.0,0.0,0.0,0.0,0.0,0.0,0.0,0.0,0.0,0.0,0.0,0.0,0.0,0.0,0.0,0.0,0.0,0.0,0.0,0.0,0.0,0.0,0.0,0.0,0.0,0.0,0.0,0.0,0,0,1.0,0.0,0,0.0,0,0.0,0.0,0.0496,easy,4.893,0,0,0,0,0,0,0,0,0,0,0,0,0,0,0,0,0,0,0,0,0
6,3,1,5e9dea789dc0406f89872547,2020-04-20 19:26:42.725000+00:00,i think the lady is an asshole,1.0,3,0.428571429,7,i think the lady is an asshole.,6,7,30,1,-0.7591309876001406,-0.05041166459223617,0.0,0.0,0.0,0.0,0.0,0.0,0.0,0.0,0.0,0.0,0.0,0.0,0.01,0.0,0.0,0.0,0.0,0.0,0.0,0.0,0.0,0.01,0.01,0.02,0.0,0.0,0.0,0.0,0.0,0.0,0.01,0.0,0.0,0.0,0.0,0.0,0.01,0.01,0.0,0.0,0.0,0.02,0.0,0.02,0.0,0.01,0.01,0.0,0.0,0.0,0.0,0.0,0.01,0.04,0.0,0,0,1.0,0.14285714285714285,0,0.0,0,0.0,0.0,0.3472,easy,4.305,0,0,1,0,1,0,0,0,0,0,0,1,0,0,0,0,0,0,0,0,0
6,3,1,5e9de4ce9dc0406f89872251,2020-04-20 19:26:51.283000+00:00,do you think she is the asshole,1.0,3,0.428571429,7,do you think she is the asshole?,7,7,31,1,-0.6611826942894591,0.09522203311866846,0.0,0.0,0.0,0.0,0.0,0.0,0.0,0.0,0.0,0.0,0.01,0.0,0.01,0.0,0.0,0.0,0.0,0.0,0.0,0.0,0.0,0.01,0.0,0.03,0.0,0.0,0.0,0.0,0.0,0.0,0.02,0.0,0.0,0.0,0.0,0.0,0.01,0.0,0.0,0.0,0.0,0.03,0.0,0.01,0.0,0.02,0.01,0.0,0.0,0.0,0.01,0.0,0.0,0.049999999999999996,0.0,1,0,1.0,0.0,2,0.0006686369869050687,0,0.0,0.0,0.3472,easy,8.558,0,0,1,0,1,0,0,0,0,0,0,0,1,0,0,0,0,0,0,0,0
6,3,1,5e9de4ce9dc0406f89872253,2020-04-20 19:26:53.578000+00:00,i thing they well,1.0,3,0.428571429,7,i thing they well,8,4,17,1,-1.0529758675321852,-0.4873127577249501,0.0,0.0,0.0,0.0,0.0,0.0,0.0,0.0,0.01,0.0,0.0,0.0,0.0,0.0,0.0,0.0,0.0,0.0,0.0,0.0,0.01,0.0,0.0,0.0,0.0,0.0,0.0,0.0,0.0,0.0,0.01,0.01,0.0,0.0,0.0,0.0,0.0,0.01,0.0,0.0,0.0,0.0,0.0,0.0,0.01,0.0,0.0,0.0,0.0,0.0,0.0,0.01,0.01,0.02,0.0,0,0,1.0,0.25,0,0.0,0,0.0,0.0,0.1984,easy,2.295,0,0,0,0,0,0,0,0,0,0,0,1,0,0,0,0,0,1,0,0,0
6,3,1,5e9de4ce9dc0406f89872251,2020-04-20 19:26:54.125000+00:00,i dont think so ,1.0,3,0.428571429,7,i dont think so ,9,4,16,1,-1.0529758675321852,-0.4873127577249501,0.0,0.0,0.0,0.01,0.0,0.0,0.0,0.0,0.01,0.0,0.0,0.01,0.0,0.0,0.0,0.0,0.0,0.0,0.0,0.0,0.0,0.01,0.0,0.02,0.0,0.0,0.0,0.0,0.0,0.0,0.0,0.0,0.0,0.0,0.0,0.0,0.0,0.01,0.0,0.0,0.0,0.02,0.0,0.0,0.01,0.01,0.01,0.0,0.0,0.0,0.0,0.0,0.01,0.02,0.0,0,0,1.0,0.25,0,0.00015518311607697082,0,0.0,0.0,0.1984,easy,0.547,0,0,1,0,1,0,0,0,0,0,0,1,0,0,0,0,0,0,0,0,0
6,3,1,5e84cfe850f6e364321d63bf,2020-04-20 19:26:56.034000+00:00,i think they should have included the mom in the conversation,1.0,3,0.428571429,7,i think they should have included the mom in the conversation,10,11,61,1,-0.36733781435741436,0.5321231262513824,0.01,0.0,0.0,0.0,0.0,0.01,0.0,0.0,0.0,0.0,0.0,0.0,0.0,0.0,0.0,0.0,0.0,0.01,0.0,0.0,0.0,0.01,0.0,0.02,0.01,0.0,0.01,0.0,0.0,0.0,0.03,0.0,0.0,0.0,0.0,0.0,0.0,0.01,0.0,0.0,0.0,0.03,0.0,0.02,0.0,0.02,0.03,0.01,0.0,0.0,0.0,0.0,0.01,0.07,0.0,0,0,0.9090909090909091,0.09090909090909091,0,0.0005036151718260998,0,0.0,0.0,5.617554545454546,medium,1.909,0,0,1,0,1,0,0,0,0,0,0,1,0,0,0,0,0,0,0,0,0
6,3,1,5e9de4ce9dc0406f89872251,2020-04-20 19:27:01.084000+00:00,true ,1.0,3,0.428571429,7,true ,11,1,5,1,-1.2488724541535483,-0.7785801531467593,0.0,0.0,0.0,0.0,0.010000000000000002,0.0,0.0,0.0,0.0,0.0,0.0,0.0,0.0,0.0,0.0,0.0,0.0,0.0,0.0,0.0,0.0,0.0,0.0,0.0,0.0,0.0,0.0,0.0,0.0,0.0,0.0,0.0,0.0,0.0,0.0,0.0,0.0,0.0,0.0,0.0,0.0,0.0,0.0,0.0,0.0,0.0,0.010000000000000002,0.0,0.0,0.0,0.0,0.0,0.0,0.0,0.0,0,0,1.0,0.0,0,0.0,0,0.65,0.35,0.0496,easy,5.05,0,0,0,0,0,0,0,0,0,0,0,0,0,0,0,0,0,0,0,0,0
6,3,1,5e9de4ce9dc0406f89872253,2020-04-20 19:27:04.506000+00:00,they off family,1.0,3,0.428571429,7,they off family,12,3,15,1,-1.0529758675321852,-0.4873127577249501,0.0,0.0,0.01,0.0,0.0,0.0,0.0,0.0,0.0,0.0,0.0,0.0,0.0,0.0,0.0,0.0,0.0,0.01,0.0,0.0,0.0,0.0,0.0,0.0,0.0,0.0,0.01,0.0,0.0,0.0,0.02,0.0,0.0,0.0,0.0,0.0,0.0,0.0,0.0,0.0,0.0,0.0,0.0,0.0,0.0,0.0,0.0,0.01,0.0,0.0,0.0,0.0,0.0,0.02,0.0,0,0,1.0,0.0,0,0.0,0,0.0,0.0,0.1488,easy,3.422,0,0,0,0,0,0,0,0,0,0,0,0,0,0,0,0,0,0,0,0,0
6,3,1,5e9dec4e9dc0406f898726cd,2020-04-20 19:27:05.940000+00:00,so in this case i dont think the poster is being an asshole his husband is uncomfortable speaking in english and he is just trying to make him comfortable,1.0,3,0.428571429,7,so in this case i don't think the poster is being an asshole. his husband is uncomfortable speaking in english and he is just trying to make him comfortable.,13,29,154,1,1.3957314652348536,3.1535296850476655,0.0,0.01,0.0,0.02,0.0,0.01,0.0,0.01,0.02,0.01,0.03,0.01,0.01,0.0,0.0,0.0,0.0,0.01,0.0,0.0,0.01,0.01,0.0,0.06,0.0,0.0,0.02,0.0,0.0,0.0,0.049999999999999996,0.01,0.0,0.0,0.0,0.01,0.01,0.01,0.0,0.0,0.01,0.07,0.0,0.02,0.03,0.049999999999999996,0.04,0.03,0.0,0.01,0.0,0.01,0.01,0.16999999999999998,0.0,0,0,0.896551724137931,0.034482758620689655,0,0.0,0,0.6,-0.033333333333333326,1.9828827586206894,easy,1.434,0,0,1,0,1,0,0,0,0,0,1,0,0,0,0,0,1,1,1,0,0
6,3,1,5e84cfe850f6e364321d63bf,2020-04-20 19:27:06.624000+00:00,it is uncomfortable,1.0,3,0.428571429,7,it is uncomfortable,14,3,19,1,-1.0529758675321852,-0.4873127577249501,0.0,0.0,0.0,0.0,0.0,0.0,0.0,0.0,0.0,0.01,0.0,0.0,0.0,0.0,0.0,0.0,0.0,0.0,0.0,0.0,0.0,0.0,0.0,0.01,0.0,0.0,0.0,0.0,0.0,0.0,0.0,0.01,0.0,0.0,0.0,0.0,0.0,0.0,0.0,0.0,0.0,0.01,0.0,0.0,0.0,0.01,0.0,0.0,0.0,0.0,0.0,0.0,0.0,0.02,0.0,0,0,1.0,0.0,1,0.006578947368421052,0,1.0,-0.5,9.048633333333331,difficult,0.684,0,0,0,0,0,0,0,0,0,0,0,0,0,0,0,0,0,0,1,0,0
6,3,1,5e9de4ec9dc0406f89872255,2020-04-20 19:27:09.424000+00:00,my initial impression is the lady is an asshole,1.0,3,0.428571429,7,my initial impression is the lady is an asshole,15,9,47,1,-0.4652861076680959,0.38648942854047774,0.0,0.0,0.0,0.0,0.0,0.0,0.0,0.0,0.0,0.0,0.0,0.0,0.009999999999999998,0.0,0.0,0.0,0.0,0.0,0.0,0.0,0.009999999999999998,0.0,0.009999999999999998,0.019999999999999997,0.0,0.0,0.009999999999999998,0.0,0.0,0.0,0.009999999999999998,0.0,0.0,0.0,0.0,0.0,0.009999999999999998,0.009999999999999998,0.0,0.0,0.0,0.019999999999999997,0.0,0.019999999999999997,0.0,0.019999999999999997,0.0,0.0,0.0,0.0,0.0,0.0,0.009999999999999998,0.049999999999999996,0.0,0,0,0.8888888888888888,0.0,2,0.0,0,0.0,0.0,0.44639999999999996,easy,2.8,0,0,0,0,0,0,0,0,0,0,0,1,0,0,0,0,0,0,0,0,0
6,3,1,5e9dea789dc0406f89872547,2020-04-20 19:27:16.234000+00:00,she could have maintained the english language policy,1.0,3,0.428571429,7,she could have maintained the english language policy,16,8,53,1,-0.5632344009787775,0.2408557308295731,0.01,0.0,0.0,0.0,0.0,0.0,0.0,0.0,0.0,0.0,0.01,0.0,0.0,0.0,0.0,0.0,0.0,0.0,0.0,0.0,0.0,0.0,0.0,0.01,0.0,0.0,0.0,0.0,0.0,0.0,0.02,0.0,0.0,0.01,0.0,0.0,0.0,0.0,0.0,0.0,0.0,0.02,0.0,0.01,0.0,0.02,0.01,0.0,0.0,0.0,0.0,0.0,0.0,0.030000000000000002,0.0,0,0,1.0,0.0,1,0.0,0,0.0,0.0,0.3968,easy,6.81,0,0,0,0,0,0,0,0,0,0,0,0,0,0,0,0,0,0,0,0,0
6,3,1,5e9dec4e9dc0406f898726cd,2020-04-20 19:27:18.470000+00:00,it seems like his husband probably doesnt speak proficient english ,1.0,3,0.428571429,7,it seems like his husband probably doesn't speak proficient english. ,17,10,67,1,-0.36733781435741436,0.5321231262513824,0.0,0.01,0.0,0.0,0.0,0.0,0.0,0.01,0.01,0.0,0.01,0.01,0.0,0.0,0.0,0.0,0.0,0.01,0.0,0.0,0.01,0.01,0.0,0.02,0.0,0.0,0.0,0.0,0.0,0.0,0.03,0.01,0.0,0.0,0.0,0.0,0.0,0.0,0.0,0.02,0.0,0.02,0.0,0.0,0.0,0.01,0.02,0.0,0.0,0.01,0.0,0.02,0.0,0.02,0.01,0,0,1.0,0.0,0,0.0006161429451632779,1,0.0,0.0,0.496,easy,2.236,0,0,1,0,1,0,0,0,0,0,0,0,0,0,0,0,0,1,0,0,0
6,3,1,5e9dea789dc0406f89872547,2020-04-20 19:27:23.435000+00:00,it was just for the weekend,1.0,3,0.428571429,7,it was just for the weekend,18,6,27,1,-0.7591309876001406,-0.05041166459223617,0.0,0.0,0.0,0.0,0.0,0.0,0.0,0.0,0.01,0.0,0.0,0.0,0.0,0.0,0.0,0.0,0.0,0.0,0.0,0.0,0.0,0.0,0.0,0.0,0.0,0.01,0.01,0.0,0.0,0.0,0.0,0.01,0.0,0.0,0.0,0.0,0.0,0.0,0.0,0.0,0.01,0.01,0.0,0.01,0.01,0.01,0.01,0.01,0.0,0.0,0.0,0.0,0.0,0.05,0.0,0,0,1.0,0.0,1,0.0,0,0.0,0.0,0.2976,easy,4.965,0,0,0,0,0,0,0,0,0,0,0,0,0,0,0,0,0,0,0,0,0
6,3,1,5e9de4ce9dc0406f89872253,2020-04-20 19:27:29.339000+00:00,lady asshole,1.0,3,0.428571429,7,lady asshole,19,2,12,1,-1.1509241608428669,-0.6329464554358547,0.0,0.0,0.0,0.0,0.0,0.0,0.0,0.0,0.0,0.0,0.0,0.0,0.009999999999999998,0.0,0.0,0.0,0.0,0.0,0.0,0.0,0.0,0.0,0.009999999999999998,0.0,0.0,0.0,0.0,0.0,0.0,0.0,0.009999999999999998,0.0,0.0,0.0,0.0,0.0,0.009999999999999998,0.0,0.0,0.0,0.0,0.0,0.0,0.0,0.0,0.0,0.0,0.0,0.0,0.0,0.0,0.0,0.0,0.0,0.0,0,0,1.0,0.0,0,0.0,0,0.0,0.0,0.0992,easy,5.904,0,0,0,0,0,0,0,0,0,0,0,0,0,0,0,0,0,0,0,0,0
6,3,1,5e9de7589dc0406f898722cd,2020-04-20 19:27:36.092000+00:00,i dont think shes an asshole for talking in german to her husband though,1.0,3,0.428571429,7,i don't think she's an asshole for talking in german to her husband though,20,14,72,1,-0.07349293442536971,0.9690242193840963,0.0,0.0,0.0,0.009999999999999998,0.0,0.0,0.0,0.0,0.009999999999999998,0.0,0.019999999999999997,0.009999999999999998,0.009999999999999998,0.0,0.0,0.0,0.0,0.009999999999999998,0.0,0.0,0.0,0.009999999999999998,0.0,0.03,0.0,0.0,0.009999999999999998,0.0,0.0,0.0,0.039999999999999994,0.0,0.0,0.0,0.0,0.0,0.009999999999999998,0.009999999999999998,0.0,0.0,0.0,0.03,0.0,0.009999999999999998,0.0,0.019999999999999997,0.009999999999999998,0.03,0.0,0.0,0.0,0.0,0.009999999999999998,0.06,0.0,0,0,1.0,0.07142857142857142,0,0.0003202049311559398,0,0.0,0.0,0.6944,easy,6.753,0,0,1,0,1,0,0,0,0,0,0,1,0,0,0,0,0,0,0,0,0
7,3,3,5e9de4ec9dc0406f89872255,2020-04-20 19:56:31.598000+00:00,hi ,0.857142857,1,0.142857143,7,hi ,1,1,3,1,-1.34682074746423,-1.053675084616698,0.0,0.0,0.0,0.0,0.0,0.0,0.0,0.0,0.0,0.0,0.0,0.0,0.0,0.0,0.0,0.0,0.0,0.0,0.0,0.0,0.0,0.0,0.0,0.0,0.0,0.0,0.0,0.0,0.0,0.0,0.009999999999999998,0.0,0.0,0.0,0.0,0.0,0.0,0.0,0.0,0.0,0.0,0.0,0.0,0.0,0.0,0.0,0.0,0.0,0.0,0.0,0.0,0.0,0.0,0.0,0.0,0,0,1.0,1.0,0,0.0,0,0.0,0.0,0.0496,easy,0.0,0,0,0,0,0,0,0,0,0,0,0,0,0,0,1,0,0,0,0,0,0
7,3,3,5e9dec4e9dc0406f898726cd,2020-04-20 19:56:35.200000+00:00,hello guys i have to say it seems like the mother is being relatively reasonable ,0.857142857,1,0.142857143,7,hello guys! i have to say it seems like the mother is being relatively reasonable. ,2,15,81,1,0.024455358885311848,0.5307400426217443,0.0,0.01,0.0,0.0,0.0,0.0,0.0,0.0,0.0,0.0,0.0,0.0,0.0,0.0,0.0,0.0,0.0,0.01,0.0,0.0,0.01,0.02,0.01,0.03,0.0,0.0,0.0,0.0,0.0,0.0,0.04,0.01,0.0,0.0,0.0,0.01,0.0,0.01,0.0,0.01,0.0,0.04,0.0,0.01,0.0,0.03,0.02,0.01,0.0,0.01,0.0,0.02,0.01,0.07,0.0,0,0,1.0,0.06666666666666667,0,0.0,0,0.6,0.2,5.433166666666667,medium,3.602,0,0,1,0,1,0,0,0,0,0,1,0,0,0,1,0,0,1,0,0,0
7,3,3,5e9de4ce9dc0406f89872251,2020-04-20 19:56:37.470000+00:00,heyyy,0.857142857,1,0.142857143,7,heyyy,3,1,5,1,-1.2488724541535483,-0.9405025755282379,0.0,0.0,0.0,0.0,0.0,0.0,0.0,0.0,0.0,0.0,0.0,0.0,0.0,0.0,0.0,0.0,0.0,0.0,0.0,0.0,0.0,0.0,0.0,0.0,0.0,0.0,0.0,0.0,0.0,0.0,0.0,0.0,0.0,0.0,0.0,0.0,0.0,0.0,0.0,0.0,0.0,0.0,0.0,0.0,0.0,0.0,0.0,0.0,0.0,0.0,0.0,0.0,0.0,0.0,0.0,0,0,1.0,0.0,0,0.0,0,0.0,0.0,0.0496,easy,2.27,0,0,0,0,0,0,0,0,0,0,0,0,0,0,0,0,0,0,0,0,0
7,3,3,5e84cfe850f6e364321d63bf,2020-04-20 19:56:42.237000+00:00,hello,0.857142857,1,0.142857143,7,hello,4,1,5,1,-1.2488724541535483,-0.9405025755282379,0.0,0.0,0.0,0.0,0.0,0.0,0.0,0.0,0.0,0.0,0.0,0.0,0.0,0.0,0.0,0.0,0.0,0.0,0.0,0.0,0.0,0.0,0.0,0.0,0.0,0.0,0.0,0.0,0.0,0.0,0.010000000000000002,0.0,0.0,0.0,0.0,0.0,0.0,0.0,0.0,0.0,0.0,0.0,0.0,0.0,0.0,0.0,0.0,0.0,0.0,0.0,0.0,0.0,0.0,0.0,0.0,0,0,1.0,0.0,0,0.0,0,0.0,0.0,0.0496,easy,4.767,0,0,0,0,0,0,0,0,0,0,0,0,0,0,1,0,0,0,0,0,0
7,3,3,5e9de7589dc0406f898722cd,2020-04-20 19:56:46.560000+00:00,hello,0.857142857,1,0.142857143,7,hello,5,1,5,1,-1.2488724541535483,-0.9405025755282379,0.0,0.0,0.0,0.0,0.0,0.0,0.0,0.0,0.0,0.0,0.0,0.0,0.0,0.0,0.0,0.0,0.0,0.0,0.0,0.0,0.0,0.0,0.0,0.0,0.0,0.0,0.0,0.0,0.0,0.0,0.010000000000000002,0.0,0.0,0.0,0.0,0.0,0.0,0.0,0.0,0.0,0.0,0.0,0.0,0.0,0.0,0.0,0.0,0.0,0.0,0.0,0.0,0.0,0.0,0.0,0.0,0,0,1.0,0.0,0,0.0070921985815602835,0,0.0,0.0,0.0496,easy,4.323,0,0,0,0,0,0,0,0,0,0,0,0,0,0,1,0,0,0,0,0,0
7,3,3,5e84cfe850f6e364321d63bf,2020-04-20 19:56:47.157000+00:00,i feel for the mother,0.857142857,1,0.142857143,7,i feel for the mother,6,5,21,1,-0.9550275742215037,-0.6009850482628574,0.0,0.0,0.0,0.0,0.0,0.0,0.0,0.0,0.0,0.0,0.0,0.0,0.0,0.0,0.0,0.0,0.0,0.009999999999999998,0.0,0.0,0.0,0.009999999999999998,0.0,0.009999999999999998,0.0,0.0,0.0,0.0,0.0,0.0,0.009999999999999998,0.0,0.0,0.0,0.0,0.0,0.0,0.009999999999999998,0.009999999999999998,0.0,0.0,0.009999999999999998,0.0,0.009999999999999998,0.0,0.0,0.009999999999999998,0.009999999999999998,0.0,0.009999999999999998,0.0,0.0,0.009999999999999998,0.03,0.0,0,0,1.0,0.2,0,0.0,0,0.0,0.0,0.248,easy,0.597,0,0,1,0,1,0,0,0,0,0,0,1,0,0,0,0,0,0,0,0,0
7,3,3,5e9de4ce9dc0406f89872253,2020-04-20 19:56:51.522000+00:00,this is language problem,0.857142857,1,0.142857143,7,this is language problem,7,4,24,1,-0.9550275742215037,-0.6009850482628574,0.009999999999999998,0.0,0.0,0.0,0.0,0.0,0.0,0.0,0.0,0.0,0.0,0.0,0.0,0.0,0.0,0.0,0.0,0.0,0.0,0.0,0.0,0.0,0.0,0.009999999999999998,0.0,0.0,0.0,0.0,0.0,0.0,0.009999999999999998,0.009999999999999998,0.0,0.0,0.0,0.0,0.0,0.0,0.0,0.0,0.0,0.009999999999999998,0.0,0.0,0.0,0.009999999999999998,0.009999999999999998,0.0,0.0,0.0,0.0,0.0,0.0,0.019999999999999997,0.0,0,0,1.0,0.0,0,0.0,0,0.0,0.0,0.1984,easy,4.365,0,0,0,0,0,0,0,0,0,0,0,0,0,0,0,0,0,0,1,0,0
7,3,3,5e9de4ce9dc0406f89872251,2020-04-20 19:56:55.177000+00:00,same here,0.857142857,1,0.142857143,7,same here,8,2,9,1,-1.1509241608428669,-0.8273300664397777,0.0,0.0,0.0,0.0,0.0,0.0,0.0,0.0,0.009999999999999998,0.0,0.0,0.0,0.0,0.0,0.0,0.0,0.0,0.0,0.0,0.009999999999999998,0.0,0.0,0.0,0.0,0.0,0.0,0.0,0.0,0.0,0.0,0.0,0.0,0.0,0.0,0.0,0.0,0.0,0.0,0.0,0.0,0.0,0.0,0.0,0.0,0.0,0.0,0.009999999999999998,0.0,0.0,0.0,0.0,0.0,0.0,0.019999999999999997,0.0,0,0,1.0,0.0,0,0.0,0,0.125,0.0,0.0992,easy,3.655,0,0,0,0,0,0,0,0,0,0,0,0,0,0,0,0,0,0,0,0,0
7,3,3,5e9de4ec9dc0406f89872255,2020-04-20 19:56:56.986000+00:00,mother is right,0.857142857,1,0.142857143,7,mother is right,9,3,15,1,-1.0529758675321852,-0.7141575573513176,0.0,0.0,0.0,0.0,0.0,0.0,0.0,0.0,0.0,0.0,0.0,0.0,0.0,0.0,0.0,0.0,0.0,0.01,0.0,0.0,0.0,0.0,0.0,0.01,0.0,0.0,0.01,0.0,0.0,0.0,0.01,0.0,0.0,0.0,0.0,0.0,0.0,0.0,0.0,0.0,0.0,0.01,0.0,0.0,0.0,0.01,0.0,0.0,0.0,0.0,0.0,0.01,0.0,0.01,0.0,0,0,1.0,0.0,0,0.0,0,0.5357142857142857,0.2857142857142857,0.1488,easy,1.809,0,0,0,0,0,0,0,0,0,0,0,0,0,0,0,0,0,1,0,0,0
7,3,3,5e9de4ce9dc0406f89872253,2020-04-20 19:56:58.152000+00:00,i fell for both,0.857142857,1,0.142857143,7,i fell for both,10,4,15,1,-1.0529758675321852,-0.7141575573513176,0.0,0.0,0.0,0.0,0.0,0.01,0.0,0.0,0.0,0.0,0.0,0.0,0.0,0.0,0.0,0.0,0.0,0.0,0.0,0.01,0.0,0.0,0.0,0.0,0.0,0.0,0.02,0.0,0.0,0.0,0.0,0.0,0.0,0.0,0.0,0.0,0.0,0.01,0.0,0.0,0.0,0.0,0.0,0.0,0.0,0.0,0.01,0.01,0.0,0.0,0.0,0.0,0.01,0.03,0.0,0,0,1.0,0.25,0,0.0,0,0.0,0.0,0.1984,easy,1.166,0,0,0,0,0,0,0,0,0,0,0,1,0,0,0,0,0,0,1,0,0
7,3,3,5e9de4ce9dc0406f89872251,2020-04-20 19:56:59.536000+00:00,so who is the asshole,0.857142857,1,0.142857143,7,so who is the asshole,11,5,21,1,-0.8570792809108222,-0.4878125391743972,0.0,0.0,0.0,0.009999999999999998,0.0,0.0,0.0,0.0,0.009999999999999998,0.0,0.0,0.0,0.009999999999999998,0.0,0.0,0.0,0.0,0.0,0.0,0.0,0.0,0.0,0.0,0.009999999999999998,0.0,0.0,0.0,0.0,0.0,0.0,0.009999999999999998,0.009999999999999998,0.0,0.0,0.0,0.0,0.009999999999999998,0.0,0.0,0.0,0.0,0.009999999999999998,0.0,0.009999999999999998,0.009999999999999998,0.009999999999999998,0.0,0.0,0.0,0.0,0.0,0.0,0.0,0.039999999999999994,0.0,0,0,1.0,0.0,0,0.0,0,0.0,0.0,0.248,easy,1.384,0,0,0,0,0,0,0,0,0,0,0,0,0,0,0,1,1,0,0,0,0
7,3,3,5e9de7589dc0406f898722cd,2020-04-20 19:57:00.135000+00:00,same mother is not the asshole,0.857142857,1,0.142857143,7,"same, mother is not the asshole",12,6,30,1,-0.7591309876001406,-0.37464003008593705,0.0,0.0,0.0,0.0,0.0,0.0,0.0,0.0,0.0,0.0,0.0,0.01,0.01,0.0,0.0,0.0,0.0,0.01,0.0,0.01,0.0,0.0,0.0,0.01,0.0,0.0,0.0,0.0,0.0,0.0,0.01,0.0,0.0,0.0,0.0,0.0,0.01,0.0,0.0,0.0,0.01,0.01,0.0,0.01,0.0,0.01,0.02,0.0,0.0,0.0,0.0,0.0,0.0,0.04,0.0,0,0,1.0,0.0,2,0.0003202049311559398,0,0.125,0.0,0.2976,easy,0.599,0,0,0,0,0,0,0,0,0,0,0,0,0,0,0,0,0,0,0,0,0
7,3,3,5e9de4ce9dc0406f89872251,2020-04-20 19:57:00.876000+00:00, okay,0.857142857,1,0.142857143,7,? okay,13,1,5,1,-1.2488724541535483,-0.9405025755282379,0.0,0.0,0.0,0.0,0.0,0.0,0.0,0.0,0.0,0.0,0.0,0.0,0.0,0.0,0.0,0.0,0.0,0.0,0.0,0.0,0.010000000000000002,0.0,0.0,0.0,0.0,0.0,0.0,0.0,0.0,0.0,0.0,0.0,0.0,0.0,0.0,0.0,0.0,0.0,0.0,0.0,0.0,0.0,0.0,0.0,0.0,0.0,0.0,0.0,0.0,0.0,0.0,0.0,0.0,0.0,0.0,0,0,1.0,0.0,0,0.0,0,0.5,0.5,0.0496,easy,0.741,0,0,0,0,0,0,0,0,0,0,0,0,0,0,0,0,0,0,0,0,0
7,3,3,5e9dec4e9dc0406f898726cd,2020-04-20 19:57:12.075000+00:00,she wants to be able to talk to her son and his husband but doesnt speak french it appears that her son in law is able to speak english just maybe not as well,0.857142857,1,0.142857143,7,"she wants to be able to talk to her son and his husband, but doesn't speak french. it appears that her son in law is able to speak english, just maybe not as well.",14,34,158,1,1.983421225098943,2.7941902243909476,0.01,0.02,0.0,0.030000000000000002,0.0,0.01,0.0,0.02,0.030000000000000002,0.0,0.04,0.02,0.0,0.0,0.0,0.0,0.0,0.030000000000000002,0.0,0.0,0.01,0.0,0.0,0.04,0.0,0.0,0.02,0.0,0.0,0.0,0.1,0.02,0.0,0.0,0.0,0.0,0.0,0.0,0.0,0.02,0.030000000000000002,0.05,0.0,0.0,0.04,0.030000000000000002,0.08,0.060000000000000005,0.0,0.02,0.0,0.01,0.0,0.18,0.01,0,0,0.7941176470588235,0.0,0,0.0,1,0.27,0.24,1.6864,easy,11.199,0,0,1,0,1,0,0,0,0,0,0,0,0,0,0,0,0,1,0,0,0
7,3,3,5e9de4ce9dc0406f89872253,2020-04-20 19:57:12.474000+00:00,asshole  both off to understand,0.857142857,1,0.142857143,7,asshole  both off to understand,15,5,31,1,-0.8570792809108222,-0.4878125391743972,0.0,0.0,0.0,0.0,0.0,0.01,0.0,0.0,0.0,0.0,0.0,0.0,0.01,0.0,0.0,0.0,0.0,0.0,0.0,0.01,0.0,0.01,0.0,0.01,0.0,0.0,0.02,0.0,0.0,0.0,0.0,0.0,0.0,0.0,0.0,0.0,0.01,0.0,0.0,0.0,0.0,0.01,0.0,0.0,0.0,0.0,0.02,0.02,0.0,0.0,0.0,0.0,0.0,0.03,0.0,0,0,1.0,0.0,1,0.0,0,0.0,0.0,0.248,easy,0.399,0,0,0,0,0,0,0,0,0,0,0,0,0,0,0,0,0,0,0,0,0
8,4,0,5e9f0e1c9dc0406f89874dcd,2020-04-21 16:01:32.350000+00:00,hi,1.0,2,1.0,2,hi,1,1,2,1,-1.2488724541535483,-1.1129240742696023,0.0,0.0,0.0,0.0,0.0,0.0,0.0,0.0,0.0,0.0,0.0,0.0,0.0,0.0,0.0,0.0,0.0,0.0,0.0,0.0,0.0,0.0,0.0,0.0,0.0,0.0,0.0,0.0,0.0,0.0,0.01,0.0,0.0,0.0,0.0,0.0,0.0,0.0,0.0,0.0,0.0,0.0,0.0,0.0,0.0,0.0,0.0,0.0,0.0,0.0,0.0,0.0,0.0,0.0,0.0,0,0,1.0,0.0,0,0.0,0,0.0,0.0,0.0496,easy,0.0,0,0,0,0,0,0,0,0,0,0,0,0,0,0,1,0,0,0,0,0,0
8,4,0,5d482eab21c9be351f76415b,2020-04-21 16:01:35.016000+00:00,hi,1.0,2,1.0,2,hi,2,1,2,1,-1.2488724541535483,-1.1129240742696023,0.0,0.0,0.0,0.0,0.0,0.0,0.0,0.0,0.0,0.0,0.0,0.0,0.0,0.0,0.0,0.0,0.0,0.0,0.0,0.0,0.0,0.0,0.0,0.0,0.0,0.0,0.0,0.0,0.0,0.0,0.01,0.0,0.0,0.0,0.0,0.0,0.0,0.0,0.0,0.0,0.0,0.0,0.0,0.0,0.0,0.0,0.0,0.0,0.0,0.0,0.0,0.0,0.0,0.0,0.0,0,0,1.0,0.0,1,0.0,0,0.0,0.0,0.0496,easy,2.666,0,0,0,0,0,0,0,0,0,0,0,0,0,0,1,0,0,0,0,0,0
8,4,0,5e9f12229dc0406f898750a9,2020-04-21 16:01:36.507000+00:00,hi,1.0,2,1.0,2,hi,3,1,2,1,-1.2488724541535483,-1.1129240742696023,0.0,0.0,0.0,0.0,0.0,0.0,0.0,0.0,0.0,0.0,0.0,0.0,0.0,0.0,0.0,0.0,0.0,0.0,0.0,0.0,0.0,0.0,0.0,0.0,0.0,0.0,0.0,0.0,0.0,0.0,0.01,0.0,0.0,0.0,0.0,0.0,0.0,0.0,0.0,0.0,0.0,0.0,0.0,0.0,0.0,0.0,0.0,0.0,0.0,0.0,0.0,0.0,0.0,0.0,0.0,0,0,1.0,0.0,1,0.0,0,0.0,0.0,0.0496,easy,1.491,0,0,0,0,0,0,0,0,0,0,0,0,0,0,1,0,0,0,0,0,0
8,4,0,5e9f0ef89dc0406f89874ecc,2020-04-21 16:01:38.234000+00:00,hello,1.0,2,1.0,2,hello,4,1,5,1,-1.2488724541535483,-1.1129240742696023,0.0,0.0,0.0,0.0,0.0,0.0,0.0,0.0,0.0,0.0,0.0,0.0,0.0,0.0,0.0,0.0,0.0,0.0,0.0,0.0,0.0,0.0,0.0,0.0,0.0,0.0,0.0,0.0,0.0,0.0,0.010000000000000002,0.0,0.0,0.0,0.0,0.0,0.0,0.0,0.0,0.0,0.0,0.0,0.0,0.0,0.0,0.0,0.0,0.0,0.0,0.0,0.0,0.0,0.0,0.0,0.0,0,0,1.0,0.0,0,0.0,0,0.0,0.0,0.0496,easy,1.727,0,0,0,0,0,0,0,0,0,0,0,0,0,0,1,0,0,0,0,0,0
8,4,0,5e9f0f209dc0406f89874f09,2020-04-21 16:01:41.482000+00:00,hi so what did everyone think,1.0,2,1.0,2,"hi, so what did everyone think?",5,6,29,1,-0.8570792809108222,-0.7009418976762276,0.0,0.0,0.0,0.009999999999999998,0.0,0.0,0.0,0.0,0.009999999999999998,0.0,0.0,0.0,0.0,0.0,0.0,0.0,0.0,0.0,0.0,0.0,0.0,0.009999999999999998,0.0,0.009999999999999998,0.0,0.009999999999999998,0.0,0.0,0.0,0.0,0.019999999999999997,0.019999999999999997,0.0,0.0,0.0,0.0,0.0,0.0,0.0,0.0,0.0,0.019999999999999997,0.0,0.0,0.009999999999999998,0.009999999999999998,0.009999999999999998,0.0,0.0,0.0,0.0,0.0,0.0,0.03,0.0,1,0,1.0,0.16666666666666666,0,0.0,0,0.0,0.0,0.2976,easy,3.248,0,0,1,0,1,0,0,0,0,0,0,0,0,0,1,0,0,0,0,0,0
8,4,0,5d482eab21c9be351f76415b,2020-04-21 16:01:48.943000+00:00,i think he did it in a respectful way,1.0,2,1.0,2,i think he did it in a respectful way,6,9,37,1,-0.5632344009787775,-0.39195526523119667,0.0,0.0,0.0,0.0,0.0,0.0,0.0,0.0,0.0,0.0,0.01,0.0,0.0,0.0,0.0,0.0,0.0,0.0,0.0,0.0,0.0,0.01,0.0,0.01,0.0,0.01,0.01,0.0,0.0,0.0,0.01,0.01,0.0,0.0,0.0,0.0,0.0,0.01,0.0,0.0,0.0,0.02,0.0,0.01,0.0,0.01,0.01,0.01,0.0,0.0,0.0,0.02,0.01,0.060000000000000005,0.0,0,0,1.0,0.1111111111111111,1,0.0003484320557491289,0,0.7,0.5,0.44639999999999996,easy,7.461,0,0,1,0,1,0,0,0,0,0,0,1,0,0,0,0,0,1,0,0,0
8,4,0,5e9f12229dc0406f898750a9,2020-04-21 16:01:55.549000+00:00,i think hes not the asshole,1.0,2,1.0,2,i think he's not the asshole.,7,6,27,1,-0.8570792809108222,-0.7009418976762276,0.0,0.0,0.0,0.0,0.0,0.0,0.0,0.0,0.0,0.0,0.01,0.01,0.01,0.0,0.0,0.0,0.0,0.0,0.0,0.0,0.0,0.01,0.0,0.02,0.0,0.0,0.0,0.0,0.0,0.0,0.01,0.0,0.0,0.0,0.0,0.0,0.01,0.01,0.0,0.0,0.01,0.02,0.0,0.01,0.0,0.01,0.02,0.0,0.0,0.0,0.0,0.0,0.01,0.03,0.0,0,0,1.0,0.16666666666666666,0,0.0005036151718260998,0,0.0,0.0,0.2976,easy,6.606,0,0,1,0,1,0,0,0,0,0,0,1,0,0,0,0,0,0,0,0,0
8,4,0,5d482eab21c9be351f76415b,2020-04-21 16:02:03.783000+00:00,as long as he wasnt nasty and offered to help her,1.0,2,1.0,2,as long as he wasn't nasty and offered to help her,8,11,49,1,-0.2693895210467328,-0.0829686327861657,0.0,0.0,0.0,0.03,0.0,0.009999999999999998,0.0,0.0,0.0,0.0,0.019999999999999997,0.009999999999999998,0.0,0.0,0.0,0.0,0.0,0.0,0.0,0.0,0.0,0.0,0.0,0.0,0.0,0.009999999999999998,0.009999999999999998,0.0,0.0,0.0,0.039999999999999994,0.0,0.0,0.0,0.0,0.0,0.009999999999999998,0.0,0.0,0.0,0.0,0.009999999999999998,0.0,0.0,0.009999999999999998,0.009999999999999998,0.009999999999999998,0.03,0.0,0.0,0.0,0.0,0.0,0.06,0.0,0,0,0.9090909090909091,0.0,0,0.0,0,0.7,-0.525,0.5456,easy,8.234,0,0,0,0,0,0,0,0,0,0,0,0,0,0,0,0,0,0,1,0,0
8,4,0,5e9f0ef89dc0406f89874ecc,2020-04-21 16:02:07.894000+00:00,based on my perception he is definitely not an asshole,1.0,2,1.0,2,based on my perception he is definitely not an asshole,9,10,54,1,-0.4652861076680959,-0.288959721082853,0.0,0.0,0.0,0.0,0.01,0.0,0.0,0.0,0.01,0.0,0.01,0.01,0.01,0.0,0.0,0.0,0.0,0.0,0.0,0.0,0.01,0.01,0.0,0.01,0.0,0.0,0.01,0.0,0.0,0.0,0.01,0.0,0.0,0.0,0.0,0.01,0.01,0.01,0.0,0.0,0.01,0.01,0.0,0.01,0.0,0.01,0.04,0.01,0.0,0.0,0.0,0.0,0.01,0.06,0.0,0,0,1.0,0.1,1,0.0,0,0.5,0.0,0.496,easy,4.111,0,0,0,0,0,0,0,0,0,0,1,0,0,0,0,0,0,0,0,0,0
9,4,3,5e9f11d29dc0406f89875089,2020-04-21 16:46:05.519000+00:00,she is the asshole,0.875,2,0.25,8,she is the asshole.,1,4,18,1,-0.9550275742215037,-1.0970797965584227,0.0,0.0,0.0,0.0,0.0,0.0,0.0,0.0,0.0,0.0,0.009999999999999998,0.0,0.009999999999999998,0.0,0.0,0.0,0.0,0.0,0.0,0.0,0.0,0.0,0.0,0.009999999999999998,0.0,0.0,0.0,0.0,0.0,0.0,0.009999999999999998,0.0,0.0,0.0,0.0,0.0,0.009999999999999998,0.0,0.0,0.0,0.0,0.009999999999999998,0.0,0.009999999999999998,0.0,0.009999999999999998,0.0,0.0,0.0,0.0,0.0,0.0,0.0,0.03,0.0,0,0,1.0,0.0,0,0.0,0,0.0,0.0,0.1984,easy,0.0,0,0,0,0,0,0,0,0,0,0,0,0,0,0,0,0,0,0,0,0,0
9,4,3,5e9f0e1c9dc0406f89874dcd,2020-04-21 16:46:06.600000+00:00,hi,0.875,2,0.25,8,hi,2,1,2,1,-1.2488724541535483,-1.436308417862672,0.0,0.0,0.0,0.0,0.0,0.0,0.0,0.0,0.0,0.0,0.0,0.0,0.0,0.0,0.0,0.0,0.0,0.0,0.0,0.0,0.0,0.0,0.0,0.0,0.0,0.0,0.0,0.0,0.0,0.0,0.01,0.0,0.0,0.0,0.0,0.0,0.0,0.0,0.0,0.0,0.0,0.0,0.0,0.0,0.0,0.0,0.0,0.0,0.0,0.0,0.0,0.0,0.0,0.0,0.0,0,0,1.0,0.0,0,0.0,0,0.0,0.0,0.0496,easy,1.081,0,0,0,0,0,0,0,0,0,0,0,0,0,0,1,0,0,0,0,0,0
9,4,3,5d482eab21c9be351f76415b,2020-04-21 16:46:09.847000+00:00,hi,0.875,2,0.25,8,hi.,3,1,2,1,-1.2488724541535483,-1.436308417862672,0.0,0.0,0.0,0.0,0.0,0.0,0.0,0.0,0.0,0.0,0.0,0.0,0.0,0.0,0.0,0.0,0.0,0.0,0.0,0.0,0.0,0.0,0.0,0.0,0.0,0.0,0.0,0.0,0.0,0.0,0.01,0.0,0.0,0.0,0.0,0.0,0.0,0.0,0.0,0.0,0.0,0.0,0.0,0.0,0.0,0.0,0.0,0.0,0.0,0.0,0.0,0.0,0.0,0.0,0.0,0,0,1.0,0.0,1,0.0,0,0.0,0.0,0.0496,easy,3.247,0,0,0,0,0,0,0,0,0,0,0,0,0,0,1,0,0,0,0,0,0
9,4,3,5e9f0ef89dc0406f89874ecc,2020-04-21 16:46:11.461000+00:00,hello,0.875,2,0.25,8,hello,4,1,5,1,-1.2488724541535483,-1.436308417862672,0.0,0.0,0.0,0.0,0.0,0.0,0.0,0.0,0.0,0.0,0.0,0.0,0.0,0.0,0.0,0.0,0.0,0.0,0.0,0.0,0.0,0.0,0.0,0.0,0.0,0.0,0.0,0.0,0.0,0.0,0.010000000000000002,0.0,0.0,0.0,0.0,0.0,0.0,0.0,0.0,0.0,0.0,0.0,0.0,0.0,0.0,0.0,0.0,0.0,0.0,0.0,0.0,0.0,0.0,0.0,0.0,0,0,1.0,0.0,0,0.0,0,0.0,0.0,0.0496,easy,1.614,0,0,0,0,0,0,0,0,0,0,0,0,0,0,1,0,0,0,0,0,0
9,4,3,5e9f0f209dc0406f89874f09,2020-04-21 16:46:15.185000+00:00,hi,0.875,2,0.25,8,hi,5,1,2,1,-1.2488724541535483,-1.436308417862672,0.0,0.0,0.0,0.0,0.0,0.0,0.0,0.0,0.0,0.0,0.0,0.0,0.0,0.0,0.0,0.0,0.0,0.0,0.0,0.0,0.0,0.0,0.0,0.0,0.0,0.0,0.0,0.0,0.0,0.0,0.01,0.0,0.0,0.0,0.0,0.0,0.0,0.0,0.0,0.0,0.0,0.0,0.0,0.0,0.0,0.0,0.0,0.0,0.0,0.0,0.0,0.0,0.0,0.0,0.0,0,0,1.0,0.0,0,0.0,0,0.0,0.0,0.0496,easy,3.724,0,0,0,0,0,0,0,0,0,0,0,0,0,0,1,0,0,0,0,0,0
9,4,3,5d482eab21c9be351f76415b,2020-04-21 16:46:27.793000+00:00,i think she is the asshole because she shouldnt be making her husband translateits her family,0.875,2,0.25,8,i think she is the asshole because she shouldn't be making her husband translate..it's her family.,6,16,93,1,0.1224036521959934,0.14675848155715734,0.010000000000000002,0.0,0.010000000000000002,0.010000000000000002,0.0,0.0,0.0,0.0,0.0,0.0,0.04000000000000001,0.010000000000000002,0.010000000000000002,0.0,0.0,0.0,0.0,0.020000000000000004,0.0,0.0,0.0,0.010000000000000002,0.0,0.020000000000000004,0.010000000000000002,0.0,0.0,0.0,0.0,0.0,0.060000000000000005,0.0,0.0,0.0,0.0,0.020000000000000004,0.010000000000000002,0.010000000000000002,0.0,0.0,0.0,0.04000000000000001,0.0,0.010000000000000002,0.010000000000000002,0.030000000000000002,0.04000000000000001,0.0,0.0,0.0,0.0,0.0,0.010000000000000002,0.09,0.0,0,0,0.875,0.0625,0,0.0,0,0.0,0.0,0.7936,easy,12.608,0,0,1,0,1,0,0,0,0,0,0,1,0,0,0,0,0,0,0,0,0
9,4,3,5e9f12229dc0406f898750a9,2020-04-21 16:46:28.722000+00:00,for this scenario i can understand that its family and he should help a bit but im calling her the asshole its a one sided conversation,0.875,2,0.25,8,"for this scenario, i can understand that it's family and he should help a bit, but i'm calling her the asshole. it's a one sided conversation!",7,26,135,1,1.101886585302809,1.2775205525713211,0.01,0.0,0.01,0.02,0.0,0.01,0.0,0.0,0.0,0.0,0.02,0.0,0.01,0.0,0.0,0.0,0.0,0.01,0.0,0.01,0.0,0.01,0.0,0.02,0.01,0.0,0.0,0.0,0.0,0.0,0.060000000000000005,0.04,0.0,0.0,0.0,0.0,0.01,0.01,0.0,0.0,0.01,0.030000000000000002,0.0,0.030000000000000002,0.02,0.02,0.04,0.01,0.0,0.0,0.0,0.02,0.01,0.15,0.0,0,0,0.9230769230769231,0.038461538461538464,2,0.0022935698654147287,0,0.0,0.0,1.8969076923076922,easy,0.929,0,0,1,0,0,0,0,0,0,0,1,0,0,0,0,0,0,0,0,0,0
9,4,3,5e9f13589dc0406f89875291,2020-04-21 16:46:33.357000+00:00,i think shes an asshole for putting her problems onto her husband ,0.875,2,0.25,8,i think she's an asshole for putting her problems onto her husband ,8,12,66,1,-0.2693895210467328,-0.3055463468485082,0.01,0.0,0.0,0.0,0.0,0.0,0.0,0.0,0.0,0.0,0.030000000000000002,0.0,0.01,0.0,0.0,0.0,0.0,0.01,0.0,0.0,0.0,0.01,0.0,0.02,0.0,0.0,0.02,0.0,0.0,0.0,0.04,0.0,0.0,0.0,0.0,0.0,0.01,0.01,0.0,0.0,0.0,0.02,0.0,0.01,0.0,0.01,0.02,0.02,0.0,0.0,0.0,0.0,0.01,0.05,0.0,0,0,0.9166666666666666,0.08333333333333333,3,0.0004753880472329106,0,0.0,0.0,0.5952,easy,4.635,0,0,1,0,1,0,0,0,0,0,0,1,0,0,0,0,0,0,1,0,0
9,4,3,5e9f12229dc0406f898750a9,2020-04-21 16:46:48.483000+00:00,shes basically forcing him to translate at her moms leisure or face social consequences,0.875,2,0.25,8,she's basically forcing him to translate at her mom's leisure or face social consequences,9,14,87,1,0.024455358885311848,0.03368227445574097,0.0,0.0,0.0,0.01,0.0,0.0,0.01,0.0,0.01,0.0,0.03,0.0,0.0,0.0,0.0,0.0,0.01,0.01,0.0,0.0,0.0,0.0,0.0,0.01,0.0,0.0,0.01,0.0,0.0,0.0,0.049999999999999996,0.0,0.0,0.0,0.0,0.01,0.0,0.0,0.0,0.01,0.01,0.01,0.0,0.0,0.0,0.01,0.02,0.02,0.0,0.0,0.0,0.0,0.0,0.049999999999999996,0.0,0,0,1.0,0.0,2,0.0,0,0.06666666666666667,0.03333333333333333,0.6944,easy,15.126,0,0,0,0,0,0,0,0,0,0,0,0,0,0,0,0,0,0,0,0,0
9,4,3,5e9f0ef89dc0406f89874ecc,2020-04-21 16:46:53.185000+00:00,she is an asshole to put too much pressure on her husband,0.875,2,0.25,8,she is an asshole to put too much pressure on her husband,10,12,57,1,-0.17144122773605125,-0.1924701397470918,0.0,0.0,0.0,0.0,0.0,0.0,0.0,0.0,0.009999999999999998,0.009999999999999998,0.019999999999999997,0.0,0.009999999999999998,0.0,0.0,0.0,0.0,0.009999999999999998,0.0,0.009999999999999998,0.0,0.0,0.0,0.009999999999999998,0.0,0.0,0.019999999999999997,0.0,0.0,0.0,0.029999999999999995,0.0,0.0,0.0,0.0,0.0,0.009999999999999998,0.0,0.0,0.0,0.0,0.009999999999999998,0.0,0.009999999999999998,0.0,0.009999999999999998,0.0,0.019999999999999997,0.0,0.0,0.0,0.0,0.0,0.06999999999999999,0.0,0,0,1.0,0.0,2,0.0,0,0.2,0.2,0.5952,easy,4.702,0,0,0,0,0,0,0,0,0,0,0,0,0,0,0,0,0,0,0,0,0
9,4,3,5e9f0e1c9dc0406f89874dcd,2020-04-21 16:46:59.281000+00:00,my initial impression is she is not an asshole she has no time to help her parents ,0.875,2,0.25,8,my initial impression is she is not an asshole. she has no time to help her parents. ,11,17,83,1,0.31830023881735653,0.3729108957599901,0.0,0.0,0.0,0.0,0.0,0.0,0.0,0.0,0.0,0.0,0.03,0.02,0.01,0.0,0.0,0.0,0.0,0.01,0.0,0.0,0.01,0.0,0.0,0.03,0.0,0.0,0.02,0.0,0.0,0.0,0.049999999999999996,0.0,0.0,0.0,0.0,0.0,0.01,0.01,0.0,0.0,0.01,0.03,0.0,0.01,0.01,0.03,0.01,0.01,0.0,0.0,0.0,0.0,0.01,0.11,0.0,0,0,0.8823529411764706,0.0,7,0.0003202049311559398,0,0.0,0.0,0.8432,easy,6.096,0,0,0,0,0,0,0,0,0,0,0,1,0,0,0,0,0,0,0,0,0
9,4,3,5e9f0f209dc0406f89874f09,2020-04-21 16:47:14.773000+00:00,i think shes an asshole for assuming hed handle it yes its his extended family but its her mother he has a life too,0.875,2,0.25,8,i think she's an asshole for assuming he'd handle it. yes it's his extended family but it's her mother. he has a life too.,12,24,115,1,0.9059899986814458,1.0513681383684883,0.0,0.0,0.01,0.01,0.0,0.0,0.01,0.0,0.01,0.0,0.049999999999999996,0.0,0.01,0.0,0.01,0.0,0.0,0.02,0.0,0.0,0.0,0.02,0.0,0.029999999999999995,0.0,0.0,0.0,0.0,0.0,0.0,0.06999999999999999,0.029999999999999995,0.0,0.0,0.0,0.0,0.01,0.01,0.0,0.01,0.01,0.04,0.0,0.02,0.02,0.029999999999999995,0.029999999999999995,0.01,0.0,0.0,0.0,0.01,0.01,0.12999999999999998,0.0,0,0,0.9583333333333334,0.041666666666666664,2,0.002203444102530704,0,0.0,0.0,1.1904,easy,15.492,0,0,1,0,1,0,0,0,0,0,0,1,0,0,0,0,0,0,0,0,0
10,5,1,5d482eab21c9be351f763ee2,2020-04-21 15:57:26.188000+00:00,i  really dont feel like she did anything wrong,1.0,2,0.333333333,6,i  really dont feel like she did anything wrong,1,9,47,1,-0.5632344009787775,-0.3460805791883582,0.0,0.0,0.0,0.0,0.0,0.0,0.0,0.0,0.009999999999999998,0.0,0.009999999999999998,0.009999999999999998,0.0,0.0,0.0,0.0,0.0,0.0,0.009999999999999998,0.0,0.009999999999999998,0.009999999999999998,0.0,0.019999999999999997,0.0,0.009999999999999998,0.0,0.0,0.0,0.0,0.009999999999999998,0.009999999999999998,0.0,0.0,0.0,0.0,0.0,0.009999999999999998,0.009999999999999998,0.009999999999999998,0.009999999999999998,0.029999999999999995,0.0,0.0,0.009999999999999998,0.019999999999999997,0.029999999999999995,0.0,0.0,0.009999999999999998,0.0,0.009999999999999998,0.009999999999999998,0.029999999999999995,0.0,0,0,1.0,0.1111111111111111,0,0.0,0,0.55,-0.15,0.44639999999999996,easy,0.0,0,0,1,0,1,1,0,0,0,0,0,1,0,0,0,0,0,1,1,0,0
10,5,1,5e9f0d869dc0406f89874dc3,2020-04-21 15:57:29.776000+00:00,i said yes because even though it is not really a big dead they should at least be a little more respectful around his mother,1.0,2,0.333333333,6,"i said yes because even though it is not really a big dead, they should at least be a little more respectful around his mother.",2,25,125,1,1.0039382919921274,1.3811472655682189,0.01,0.01,0.0,0.02,0.0,0.01,0.0,0.0,0.04,0.0,0.01,0.01,0.0,0.01,0.0,0.0,0.0,0.01,0.0,0.02,0.0,0.0,0.0,0.01,0.01,0.01,0.04,0.0,0.0,0.0,0.04,0.01,0.0,0.0,0.0,0.01,0.0,0.01,0.0,0.0,0.02,0.04,0.0,0.02,0.03,0.03,0.05,0.02,0.0,0.01,0.0,0.03,0.01,0.13,0.01,0,0,0.96,0.04,1,0.00015518311607697082,1,0.4333333333333333,0.052083333333333336,1.24,easy,3.588,0,0,1,0,0,1,0,0,0,0,0,1,0,0,0,0,0,1,1,0,0
10,5,1,5e873b6646f3b80a33438e79,2020-04-21 15:57:30.366000+00:00,so who thinks he is an asshole,1.0,2,0.333333333,6,so who thinks he is an asshole?,3,7,30,1,-0.6611826942894591,-0.45403231948564426,0.0,0.0,0.0,0.01,0.0,0.0,0.0,0.0,0.01,0.0,0.01,0.0,0.01,0.0,0.0,0.0,0.0,0.0,0.0,0.0,0.0,0.01,0.0,0.02,0.0,0.0,0.0,0.0,0.0,0.0,0.02,0.01,0.0,0.0,0.0,0.0,0.01,0.0,0.0,0.0,0.0,0.02,0.0,0.01,0.01,0.01,0.01,0.0,0.0,0.0,0.0,0.0,0.0,0.049999999999999996,0.0,1,0,1.0,0.0,1,0.0,0,0.0,0.0,0.3472,easy,0.59,0,0,0,0,0,0,0,0,0,0,0,0,0,0,0,1,1,0,0,0,0
10,5,1,5e9f0b9c9dc0406f89874c96,2020-04-21 15:57:31.504000+00:00,although the person wanted to make her husband comfortable i think she could have done that in a better way why didnt she just have the conversation in german  english,1.0,2,0.333333333,6,"although the person wanted to make her husband comfortable, i think she could have done that in a better way. why didn't she just have the conversation in german + english?",4,30,167,1,1.4936797585455353,1.9209059670546496,0.02,0.0,0.0,0.01,0.0,0.0,0.0,0.01,0.01,0.0,0.03,0.01,0.0,0.0,0.0,0.0,0.0,0.01,0.0,0.0,0.02,0.01,0.01,0.04,0.0,0.03,0.03,0.0,0.0,0.0,0.06,0.01,0.0,0.0,0.0,0.02,0.0,0.01,0.0,0.0,0.01,0.08,0.0,0.03,0.01,0.049999999999999996,0.06,0.03,0.0,0.0,0.0,0.03,0.01,0.15,0.0,1,0,0.8666666666666667,0.03333333333333333,0,0.0,0,0.325,0.225,2.0143333333333335,easy,1.138,0,0,1,0,1,0,0,0,0,0,1,0,0,0,0,0,0,1,0,0,0
10,5,1,5d482eab21c9be351f764270,2020-04-21 15:57:33.434000+00:00,i believe shes the asshole its fine for them to speak german in private to make him comfortable but doing it with her mother around makes it seem like shes being excluded,1.0,2,0.333333333,6,"i believe she's the asshole. it's fine for them to speak german in private to make him comfortable, but doing it with her mother around makes it seem like she's being excluded.",5,32,170,1,1.6895763451668984,2.1368094476492216,0.0,0.01,0.0,0.01,0.0,0.02,0.0,0.0,0.01,0.0,0.04,0.0,0.01,0.0,0.0,0.0,0.0,0.01,0.0,0.0,0.03,0.02,0.0,0.06,0.0,0.0,0.02,0.0,0.0,0.0,0.08,0.03,0.0,0.0,0.0,0.02,0.01,0.01,0.0,0.01,0.02,0.08,0.0,0.01,0.01,0.04,0.08,0.06,0.0,0.01,0.0,0.03,0.01,0.16,0.0,0,0,0.90625,0.03125,5,0.00933924549858185,0,0.41875,0.20416666666666666,1.5872,easy,1.93,0,0,1,0,0,0,0,0,0,0,0,1,0,0,0,0,0,1,0,0,0
10,5,1,5e9f0d869dc0406f89874dc3,2020-04-21 15:57:39.558000+00:00,why cant they just talk in german when by themselves,1.0,2,0.333333333,6,why can't they just talk in german when by themselves?,6,10,52,1,-0.36733781435741436,-0.13017709859378607,0.0,0.0,0.0,0.01,0.0,0.0,0.0,0.0,0.02,0.0,0.0,0.01,0.0,0.0,0.0,0.0,0.0,0.0,0.0,0.0,0.0,0.0,0.0,0.01,0.0,0.0,0.02,0.0,0.0,0.0,0.030000000000000002,0.0,0.0,0.0,0.0,0.01,0.0,0.0,0.0,0.0,0.01,0.01,0.0,0.0,0.01,0.01,0.02,0.02,0.0,0.0,0.0,0.0,0.0,0.06999999999999999,0.0,1,0,1.0,0.0,1,0.0029411764705882353,0,0.0,0.0,0.496,easy,6.124,0,0,0,0,0,0,0,0,0,0,0,0,0,0,0,1,0,0,0,0,0
10,5,1,5d482eab21c9be351f763ee2,2020-04-21 15:57:42.973000+00:00,if she did it all the time though yeah,1.0,2,0.333333333,6,if she did it all the time though yeah,7,9,38,1,-0.4652861076680959,-0.23812883889107214,0.01,0.0,0.0,0.02,0.01,0.0,0.0,0.0,0.01,0.0,0.01,0.0,0.0,0.0,0.0,0.0,0.0,0.0,0.0,0.0,0.0,0.0,0.0,0.0,0.0,0.01,0.01,0.0,0.0,0.0,0.01,0.01,0.0,0.0,0.0,0.0,0.0,0.0,0.0,0.01,0.01,0.01,0.0,0.01,0.0,0.01,0.02,0.0,0.0,0.0,0.0,0.0,0.0,0.06,0.0,0,0,1.0,0.0,0,0.0,0,0.0,0.0,0.44639999999999996,easy,3.415,0,0,0,0,0,0,0,0,0,0,0,0,0,0,0,0,0,0,0,0,0
10,5,1,5e9f0b9c9dc0406f89874c96,2020-04-21 15:57:47.026000+00:00,yeah like why would you leave the mother out of a conversation,1.0,2,0.333333333,6,yeah like why would you leave the mother out of a conversation??,8,12,62,1,-0.17144122773605125,0.08572638200078607,0.01,0.0,0.0,0.0,0.0,0.01,0.0,0.0,0.0,0.0,0.0,0.0,0.0,0.0,0.0,0.0,0.0,0.01,0.0,0.0,0.01,0.0,0.0,0.0,0.01,0.0,0.02,0.0,0.0,0.0,0.03,0.0,0.0,0.0,0.0,0.01,0.0,0.0,0.0,0.0,0.0,0.01,0.0,0.02,0.0,0.01,0.03,0.02,0.0,0.0,0.01,0.02,0.0,0.06,0.0,1,0,1.0,0.0,2,0.0,0,0.0,0.0,5.547533333333333,medium,4.053,0,0,0,0,0,0,0,0,0,0,0,0,1,0,0,0,0,1,0,1,0
10,5,1,5d482eab21c9be351f763ee2,2020-04-21 15:57:47.044000+00:00,how often does she live in usa,1.0,2,0.333333333,6,how often does she live in usa,9,7,30,1,-0.6611826942894591,-0.45403231948564426,0.0,0.0,0.0,0.01,0.0,0.0,0.0,0.0,0.02,0.0,0.01,0.0,0.0,0.0,0.0,0.0,0.0,0.0,0.0,0.0,0.0,0.0,0.0,0.01,0.0,0.0,0.01,0.0,0.0,0.0,0.01,0.0,0.0,0.0,0.0,0.01,0.0,0.0,0.0,0.01,0.0,0.01,0.0,0.0,0.0,0.01,0.02,0.01,0.0,0.0,0.0,0.0,0.0,0.04,0.0,1,0,1.0,0.0,0,0.0,0,0.5,0.13636363636363635,0.3472,easy,0.018,0,0,1,0,0,0,0,0,0,0,0,0,0,0,0,1,0,0,0,0,0
11,5,2,5e9f0b9c9dc0406f89874c96,2020-04-21 16:12:27.368000+00:00,to me the mother was very kind in what she said so she isnt an asshole,0.714285714,1,0.142857143,7,"to me, the mother was very kind in what she said so she isn't an asshole",1,16,70,1,0.1224036521959934,0.28507257516616136,0.0,0.009999999999999998,0.0,0.009999999999999998,0.0,0.0,0.0,0.0,0.019999999999999997,0.0,0.019999999999999997,0.009999999999999998,0.009999999999999998,0.0,0.0,0.0,0.0,0.009999999999999998,0.0,0.0,0.009999999999999998,0.0,0.0,0.009999999999999998,0.0,0.019999999999999997,0.009999999999999998,0.0,0.0,0.0,0.039999999999999994,0.009999999999999998,0.0,0.0,0.0,0.0,0.009999999999999998,0.009999999999999998,0.0,0.0,0.0,0.03,0.0,0.019999999999999997,0.009999999999999998,0.019999999999999997,0.0,0.019999999999999997,0.0,0.009999999999999998,0.0,0.0,0.009999999999999998,0.10999999999999999,0.0,0,0,0.9375,0.0625,0,0.0,0,1.0,0.78,0.7936,easy,0.0,0,0,0,0,0,0,0,0,0,0,0,0,0,0,0,0,0,0,0,0,0
11,5,2,5e9f0d869dc0406f89874dc3,2020-04-21 16:12:35.450000+00:00,im thinking yes because he seem to be overreacting,0.714285714,1,0.142857143,7,i'm thinking yes because he seem to be overreacting,2,9,50,1,-0.4652861076680959,-0.31674730574017906,0.0,0.0,0.0,0.01,0.0,0.0,0.0,0.0,0.0,0.0,0.01,0.0,0.0,0.0,0.0,0.0,0.0,0.0,0.0,0.0,0.0,0.02,0.0,0.01,0.0,0.0,0.0,0.0,0.0,0.0,0.01,0.0,0.0,0.0,0.0,0.01,0.0,0.0,0.0,0.01,0.0,0.02,0.0,0.0,0.02,0.01,0.03,0.01,0.0,0.0,0.0,0.0,0.0,0.04,0.0,0,0,1.0,0.0,1,0.0,0,0.0,0.0,5.837344444444444,medium,8.082,0,0,1,0,1,0,0,0,0,0,0,1,0,0,0,0,0,0,0,0,0
11,5,2,5e9f0e9e9dc0406f89874e9d,2020-04-21 16:12:43.420000+00:00,i feel like the mother was in the wrong to stop their conversation,0.714285714,1,0.142857143,7,i feel like the mother was in the wrong to stop their conversation.,3,13,66,1,-0.17144122773605125,-0.015837365287008874,0.0,0.0,0.0,0.0,0.0,0.0,0.0,0.0,0.0,0.0,0.0,0.0,0.0,0.0,0.0,0.0,0.0,0.01,0.01,0.0,0.01,0.01,0.0,0.01,0.0,0.01,0.02,0.0,0.01,0.0,0.030000000000000002,0.0,0.0,0.0,0.0,0.0,0.0,0.01,0.01,0.0,0.0,0.02,0.0,0.02,0.0,0.01,0.02,0.02,0.0,0.01,0.0,0.01,0.01,0.07,0.0,0,0,0.9230769230769231,0.07692307692307693,1,0.0,0,0.9,-0.5,5.495915384615385,medium,7.97,0,0,1,0,1,0,0,0,0,0,0,1,0,0,0,0,0,1,1,0,0
11,5,2,5d482eab21c9be351f764270,2020-04-21 16:13:01.422000+00:00,she might have overreacted a bit but i dont think shes an asshole as guests they should try and include her,0.714285714,1,0.142857143,7,she might have overreacted a bit but i don't think she's an asshole. as guests they should try and include her,4,21,107,1,0.6121451187494011,0.7865891425881117,0.01,0.0,0.0,0.030000000000000002,0.0,0.02,0.0,0.01,0.0,0.0,0.030000000000000002,0.01,0.01,0.0,0.0,0.0,0.0,0.0,0.0,0.01,0.0,0.01,0.0,0.05,0.02,0.0,0.0,0.0,0.0,0.0,0.05,0.0,0.0,0.0,0.0,0.0,0.01,0.01,0.0,0.01,0.01,0.06999999999999999,0.01,0.02,0.02,0.05,0.060000000000000005,0.01,0.0,0.0,0.0,0.01,0.01,0.11,0.0,0,0,1.0,0.047619047619047616,0,0.00015518311607697082,0,0.0,0.0,1.0415999999999999,easy,18.002,0,0,1,0,1,0,0,0,0,0,1,0,0,0,0,0,1,0,0,0,0
11,5,2,5d482eab21c9be351f763ee2,2020-04-21 16:13:12.844000+00:00,that was kinda mean,0.714285714,1,0.142857143,7,that was kinda mean,5,4,19,1,-0.9550275742215037,-0.8182638731621295,0.0,0.0,0.0,0.0,0.0,0.0,0.0,0.0,0.0,0.0,0.0,0.0,0.0,0.0,0.0,0.0,0.0,0.0,0.0,0.0,0.0,0.01,0.0,0.01,0.0,0.01,0.0,0.0,0.0,0.0,0.0,0.01,0.0,0.0,0.0,0.0,0.0,0.0,0.0,0.01,0.0,0.02,0.0,0.0,0.0,0.01,0.02,0.0,0.0,0.0,0.0,0.0,0.0,0.02,0.0,0,0,1.0,0.0,0,0.0,0,0.6875,-0.3125,0.1984,easy,11.422,0,0,0,0,0,0,0,0,0,0,0,0,0,0,0,0,0,0,0,0,0
11,5,2,5e9f0b9c9dc0406f89874c96,2020-04-21 16:13:15.237000+00:00,i dont think the mother did anything wrong how would you feel if you were sitting in a room with two people speaking a different language if it was private then they could say that ,0.714285714,1,0.142857143,7,"i don't think the mother did anything wrong. how would you feel if you were sitting in a room with two people speaking a different language? if it was private, then they could say that. ",6,35,181,1,1.983421225098943,2.190835531369573,0.04,0.02,0.01,0.04,0.0,0.01,0.0,0.0,0.01,0.0,0.0,0.01,0.0,0.0,0.0,0.0,0.0,0.01,0.01,0.0,0.0,0.02,0.01,0.03,0.01,0.03,0.04,0.0,0.0,0.0,0.09,0.03,0.0,0.0,0.0,0.01,0.0,0.01,0.01,0.03,0.02,0.08,0.0,0.03,0.0,0.06,0.09,0.02,0.0,0.03,0.02,0.02,0.01,0.18,0.0,1,0,0.9142857142857143,0.02857142857142857,2,0.0,0,0.625,-0.16666666666666666,1.736,easy,2.393,0,0,1,0,1,0,0,0,0,0,0,1,1,0,0,0,0,0,1,1,0
11,5,2,5e873b6646f3b80a33438e79,2020-04-21 16:13:19.879000+00:00,i dont think the mom is the asshole in thisimagine if you were in a room with others and they started speaking another language knowing you dont know what they are sayingshe is the one who should feel awkward not them,0.714285714,1,0.142857143,7,i don't think the mom is the asshole in this...imagine if you were in a room with others and they started speaking another language knowing you dont know what they are saying...she is the one who should feel awkward not them..,7,41,217,1,2.5711109849630325,2.7926554122759133,0.02,0.02,0.01,0.02,0.0,0.02,0.0,0.0,0.0,0.01,0.0,0.030000000000000002,0.01,0.0,0.0,0.0,0.0,0.01,0.0,0.0,0.0,0.04,0.0,0.08,0.01,0.02,0.04,0.0,0.0,0.0,0.1,0.030000000000000002,0.0,0.0,0.0,0.0,0.01,0.01,0.01,0.01,0.02,0.11,0.0,0.04,0.01,0.06999999999999999,0.09,0.030000000000000002,0.0,0.030000000000000002,0.02,0.01,0.01,0.22999999999999998,0.0,0,0,0.8292682926829268,0.024390243902439025,15,0.014479973102006828,0,1.0,-0.6,2.0336,easy,4.642,0,0,1,0,1,0,0,0,0,0,0,1,1,0,0,0,0,0,1,0,0
11,5,2,5e9f0b9c9dc0406f89874c96,2020-04-21 16:13:28.907000+00:00,exactly,0.714285714,1,0.142857143,7,exactly!,8,1,7,1,-1.2488724541535483,-1.1191738136152996,0.0,0.0,0.0,0.0,0.01,0.0,0.0,0.0,0.0,0.0,0.0,0.0,0.0,0.0,0.0,0.0,0.0,0.0,0.0,0.0,0.0,0.0,0.0,0.0,0.0,0.0,0.0,0.0,0.0,0.0,0.0,0.0,0.0,0.0,0.0,0.0,0.0,0.0,0.0,0.0,0.0,0.0,0.0,0.0,0.0,0.0,0.01,0.0,0.0,0.0,0.0,0.0,0.0,0.0,0.0,0,0,1.0,0.0,0,0.0,0,0.25,0.25,0.0496,easy,9.028,0,0,0,0,0,0,0,0,0,0,0,0,0,0,0,0,0,0,0,0,0
11,5,2,5e9de80c9dc0406f898722dd,2020-04-21 16:13:32.461000+00:00,i feel good to finished their conversation,0.714285714,1,0.142857143,7,i feel good to finished their conversation,9,7,42,1,-0.7591309876001406,-0.6176572461933493,0.0,0.0,0.0,0.0,0.0,0.0,0.0,0.0,0.0,0.0,0.0,0.0,0.0,0.0,0.0,0.0,0.0,0.0,0.0,0.0,0.009999999999999998,0.009999999999999998,0.0,0.009999999999999998,0.0,0.0,0.009999999999999998,0.0,0.0,0.0,0.019999999999999997,0.0,0.0,0.0,0.0,0.0,0.0,0.009999999999999998,0.009999999999999998,0.0,0.0,0.009999999999999998,0.0,0.0,0.0,0.0,0.009999999999999998,0.009999999999999998,0.0,0.009999999999999998,0.0,0.009999999999999998,0.009999999999999998,0.03,0.0,0,0,1.0,0.14285714285714285,0,0.0,0,0.6000000000000001,0.7,6.239414285714286,difficult,3.554,0,0,1,0,1,0,0,0,0,0,0,1,0,0,0,0,0,1,0,0,0
11,5,2,5e9f0e9e9dc0406f89874e9d,2020-04-21 16:13:35.930000+00:00,i feel like more information is needed was it just this one time they did not include her ,0.714285714,1,0.142857143,7,i feel like more information is needed. was it just this one time they did not include her? ,10,18,90,1,0.31830023881735653,0.4856792021349415,0.01,0.0,0.0,0.0,0.0,0.01,0.0,0.0,0.01,0.0,0.01,0.01,0.0,0.0,0.0,0.0,0.0,0.0,0.0,0.01,0.01,0.02,0.0,0.02,0.0,0.03,0.01,0.0,0.0,0.0,0.02,0.02,0.0,0.0,0.0,0.0,0.0,0.01,0.01,0.0,0.02,0.049999999999999996,0.0,0.0,0.01,0.03,0.06,0.0,0.0,0.01,0.0,0.01,0.01,0.11,0.0,1,0,1.0,0.05555555555555555,0,0.001762900157877614,0,0.5,0.5,5.406522222222222,medium,3.469,0,0,1,0,1,0,0,0,0,0,0,1,0,0,0,0,0,1,0,0,0
12,6,0,5e9f0ac09dc0406f898749a1,2020-04-21 15:27:16.401000+00:00,my initial impression is that no the father is not an asshole it is his house and his sons husband should respect that,0.833333333,2,0.333333333,6,"my initial impression is that no the father is not an asshole, it is his house, and his son's husband should respect that.",1,23,118,1,0.9059899986814458,0.5530974183087461,0.01,0.0,0.01,0.01,0.0,0.01,0.0,0.0,0.0,0.0,0.02,0.02,0.01,0.0,0.0,0.0,0.0,0.03,0.0,0.0,0.02,0.0,0.0,0.03,0.01,0.0,0.01,0.0,0.0,0.0,0.049999999999999996,0.03,0.0,0.0,0.0,0.0,0.01,0.01,0.0,0.0,0.01,0.04,0.0,0.02,0.02,0.04,0.03,0.0,0.0,0.0,0.0,0.01,0.01,0.15,0.0,0,0,0.8260869565217391,0.0,0,0.0,0,0.0,0.0,1.1408,easy,0.0,0,0,1,0,0,0,0,0,0,0,0,1,0,0,0,0,0,1,0,0,0
12,6,0,5d482eab21c9be351f7640b5,2020-04-21 15:27:29.278000+00:00,its tricky this person is kind of yes and kind of not an asshole,0.833333333,2,0.333333333,6,it's tricky. this person is kind of yes and kind of not an asshole,2,14,64,1,0.024455358885311848,-0.3600042367690061,0.0,0.0,0.0,0.01,0.0,0.01,0.0,0.0,0.0,0.0,0.0,0.01,0.01,0.0,0.0,0.0,0.0,0.0,0.0,0.0,0.02,0.0,0.01,0.01,0.0,0.0,0.0,0.0,0.0,0.0,0.01,0.02,0.0,0.0,0.0,0.0,0.02,0.0,0.0,0.02,0.01,0.01,0.0,0.01,0.02,0.01,0.04,0.02,0.0,0.0,0.0,0.0,0.0,0.08,0.02,0,0,0.8571428571428571,0.0,4,0.0003202049311559398,1,0.9,0.6,0.6944,easy,12.877,0,0,0,0,0,0,0,0,0,0,0,0,0,0,0,0,1,0,1,0,0
12,6,0,5d482eab21c9be351f763f55,2020-04-21 15:27:50.023000+00:00,my impression is that it could go either way also,0.833333333,2,0.333333333,6,my impression is that it could go either way also.,3,10,49,1,-0.36733781435741436,-0.7658271945813404,0.009999999999999998,0.0,0.0,0.009999999999999998,0.0,0.0,0.0,0.0,0.009999999999999998,0.0,0.0,0.0,0.0,0.0,0.0,0.0,0.0,0.0,0.0,0.009999999999999998,0.009999999999999998,0.0,0.0,0.019999999999999997,0.0,0.0,0.019999999999999997,0.0,0.0,0.0,0.0,0.019999999999999997,0.0,0.0,0.0,0.0,0.0,0.009999999999999998,0.0,0.0,0.009999999999999998,0.03,0.0,0.0,0.0,0.019999999999999997,0.019999999999999997,0.0,0.0,0.0,0.0,0.0,0.009999999999999998,0.039999999999999994,0.0,0,0,1.0,0.0,1,0.0,0,0.0,0.0,0.496,easy,20.745,0,0,0,0,0,0,0,0,0,0,0,1,0,0,0,0,0,0,0,0,0
12,6,0,5d482eab21c9be351f763fde,2020-04-21 15:28:01.511000+00:00,i dont really feel like anyone in the asshole in this situation the parent does have the right to feel comfortable and included in conversations in their own home but what if the sons partner is uncomfortable with his english skills,0.833333333,2,0.333333333,6,i don't really feel like anyone in the asshole in this situation. the parent does have the right to feel comfortable and included in conversations in their own home but what if the son's partner is uncomfortable with his english skills?,4,41,232,1,2.5711109849630325,2.2778449890111667,0.009999999999999998,0.0,0.009999999999999998,0.03,0.0,0.03,0.0,0.009999999999999998,0.009999999999999998,0.009999999999999998,0.009999999999999998,0.009999999999999998,0.009999999999999998,0.0,0.0,0.0,0.0,0.019999999999999997,0.0,0.009999999999999998,0.019999999999999997,0.019999999999999997,0.009999999999999998,0.06,0.0,0.0,0.05,0.0,0.0,0.0,0.06999999999999999,0.03,0.0,0.0,0.0,0.0,0.009999999999999998,0.009999999999999998,0.019999999999999997,0.019999999999999997,0.03,0.06,0.009999999999999998,0.039999999999999994,0.03,0.039999999999999994,0.09,0.06,0.0,0.019999999999999997,0.0,0.03,0.009999999999999998,0.21999999999999997,0.0,1,0,0.8292682926829268,0.024390243902439025,1,0.0,0,0.5892857142857143,0.16428571428571428,2.8038439024390245,easy,11.488,0,0,1,0,1,1,0,0,0,0,0,1,0,0,0,0,0,1,1,0,0
12,6,0,5e9f0ac09dc0406f898749a2,2020-04-21 15:28:01.721000+00:00,its understandable that since its his house he would want other people staying there to speak the same language but my issue here is that the conversation was between his son and his sons partner,0.833333333,2,0.333333333,6,"it's understandable that since it's his house he would want other people staying there to speak the same language, but my issue here is that the conversation was between his son and his son's partner.",5,35,195,1,1.983421225098943,1.6691105522926655,0.02,0.01,0.01,0.02,0.0,0.01,0.0,0.0,0.02,0.0,0.04,0.0,0.0,0.0,0.0,0.0,0.0,0.02,0.0,0.01,0.0,0.01,0.02,0.02,0.01,0.01,0.01,0.0,0.0,0.0,0.11,0.049999999999999996,0.0,0.0,0.0,0.01,0.0,0.01,0.0,0.0,0.01,0.04,0.01,0.02,0.02,0.030000000000000002,0.08,0.030000000000000002,0.0,0.01,0.0,0.01,0.01,0.21000000000000002,0.0,0,0,0.8571428571428571,0.02857142857142857,9,0.011756261756261757,0,0.25,-0.0625,6.274785714285715,difficult,0.21,0,0,0,0,0,0,0,0,0,0,1,0,0,0,0,0,0,1,1,0,0
12,6,0,5e9f0ac09dc0406f898749a1,2020-04-21 15:28:02.184000+00:00,i think the father went about it in the wrong way but i do not think he is a straight up asshole for it ,0.833333333,2,0.333333333,6,"i think the father went about it in the wrong way, but i do not think he is a straight up asshole for it. ",6,24,104,1,0.8080417053707643,0.45164167885566253,0.0,0.0,0.0,0.01,0.0,0.0,0.0,0.0,0.01,0.0,0.01,0.01,0.01,0.0,0.0,0.0,0.0,0.01,0.01,0.0,0.0,0.02,0.0,0.04,0.0,0.01,0.05,0.0,0.0,0.0,0.02,0.02,0.0,0.0,0.0,0.0,0.01,0.02,0.0,0.0,0.02,0.05,0.0,0.030000000000000002,0.01,0.02,0.04,0.04,0.0,0.0,0.0,0.01,0.02,0.16,0.0,0,0,0.8333333333333334,0.08333333333333333,5,0.0,0,0.65,-0.15,1.1904,easy,0.463,0,0,1,0,1,0,0,0,0,0,1,1,0,0,0,0,1,0,1,0,0
12,6,0,5e9de5509dc0406f89872263,2020-04-21 15:28:14.527000+00:00,i think it doesnt have much to do with the fact that its ops house but more that the father is being excluded even though they were all in the same room together,0.833333333,2,0.333333333,6,"i think it doesn't have much to do with the fact that it's op's house, but more that the father is being excluded even though they were all in the same room together",7,33,161,1,1.7875246384775798,1.4661990733864982,0.0,0.0,0.02,0.02,0.02,0.01,0.0,0.0,0.02,0.0,0.0,0.01,0.0,0.0,0.0,0.0,0.0,0.01,0.0,0.030000000000000002,0.0,0.01,0.0,0.05,0.0,0.01,0.030000000000000002,0.0,0.0,0.0,0.02,0.04,0.0,0.0,0.0,0.0,0.0,0.01,0.0,0.0,0.02,0.07,0.0,0.030000000000000002,0.01,0.060000000000000005,0.07,0.030000000000000002,0.0,0.0,0.0,0.0,0.01,0.21000000000000002,0.0,0,0,0.9090909090909091,0.030303030303030304,8,0.04398187604139132,0,0.27499999999999997,0.2333333333333333,1.6368,easy,12.343,0,0,1,0,1,0,0,0,0,0,0,1,0,0,0,0,0,0,0,0,0
12,6,0,5d482eab21c9be351f7640bf,2020-04-21 15:28:29.041000+00:00,i believe that person isnt an asshole because the other people need to realize that there is another person there and include him in the conversation,0.833333333,2,0.333333333,6,"i believe that person isn't an asshole, because the other people need to realize that there is another person there and include him in the conversation.",8,26,149,1,1.101886585302809,0.7560088972149133,0.01,0.0,0.0,0.02,0.0,0.02,0.0,0.0,0.02,0.0,0.01,0.01,0.01,0.0,0.0,0.0,0.0,0.0,0.0,0.0,0.0,0.02,0.03,0.04,0.0,0.0,0.01,0.0,0.0,0.0,0.05,0.03,0.0,0.0,0.0,0.01,0.01,0.01,0.0,0.0,0.0,0.04,0.0,0.03,0.02,0.02,0.06,0.02,0.0,0.0,0.0,0.0,0.01,0.15,0.0,0,0,0.8461538461538461,0.038461538461538464,7,0.00015518311607697082,0,0.375,-0.125,1.8969076923076922,easy,14.514,0,0,0,0,0,0,0,0,0,0,0,1,0,0,0,0,0,0,0,0,0
13,6,3,5e9f0ac09dc0406f898749a2,2020-04-21 16:11:48.780000+00:00,if the conversation concerns her then obviously they will speak english but im sure they want to talk to each other since theyre partners she cant make her husband feel left out or hell never want to come back again ,1.0,2,0.285714286,7,if the conversation concerns her then obviously they will speak english but i'm sure they want to talk to each other since they're partners. she can't make her husband feel left out or he'll never want to come back again. ,1,40,216,1,2.5711109849630325,2.622078679957089,0.03,0.01,0.0,0.04,0.03,0.03,0.0,0.0,0.02,0.0,0.03,0.02,0.01,0.0,0.0,0.0,0.0,0.01,0.0,0.01,0.01,0.01,0.01,0.07,0.01,0.0,0.07,0.0,0.0,0.0,0.11,0.01,0.01,0.0,0.0,0.02,0.01,0.0,0.01,0.02,0.03,0.08,0.01,0.01,0.01,0.03,0.14,0.05,0.0,0.02,0.0,0.0,0.0,0.18,0.0,0,0,0.875,0.0,0,0.0,0,0.29398148148148145,0.0625,2.37875,easy,0.0,0,0,1,0,1,0,0,0,0,0,1,0,0,0,0,0,1,0,1,0,0
13,6,3,5d482eab21c9be351f763f55,2020-04-21 16:11:56.207000+00:00,i believe the son should have been a translator making both parties comfortable,1.0,2,0.285714286,7,i believe the son should have been a translator making both parties comfortable.,2,13,79,1,-0.17144122773605125,-0.39180486022347316,0.01,0.0,0.0,0.0,0.0,0.01,0.0,0.0,0.0,0.0,0.0,0.0,0.0,0.0,0.0,0.0,0.0,0.01,0.0,0.01,0.02,0.01,0.0,0.02,0.01,0.01,0.01,0.0,0.0,0.0,0.02,0.0,0.0,0.0,0.0,0.01,0.0,0.01,0.0,0.0,0.0,0.04,0.0,0.02,0.0,0.030000000000000002,0.04,0.0,0.0,0.0,0.0,0.02,0.01,0.07,0.0,0,0,1.0,0.07692307692307693,1,0.0,0,0.8,0.4,0.6447999999999999,easy,7.427,0,0,1,0,0,0,0,0,0,0,0,1,0,0,0,0,0,1,0,0,0
13,6,3,5e9f0ac09dc0406f898749a2,2020-04-21 16:12:01.984000+00:00,nta,1.0,2,0.285714286,7,nta,3,1,3,1,-1.2488724541535483,-1.5758305367229797,0.0,0.0,0.0,0.0,0.0,0.0,0.0,0.0,0.0,0.0,0.0,0.0,0.0,0.0,0.0,0.0,0.0,0.0,0.0,0.0,0.0,0.0,0.0,0.0,0.0,0.0,0.0,0.0,0.0,0.0,0.0,0.0,0.0,0.0,0.0,0.0,0.0,0.0,0.0,0.0,0.0,0.0,0.0,0.0,0.0,0.0,0.0,0.0,0.0,0.0,0.0,0.0,0.0,0.0,0.0,0,0,1.0,0.0,0,0.0,0,0.0,0.0,0.0496,easy,5.777,0,0,0,0,0,0,0,0,0,0,0,0,0,0,0,0,0,0,0,0,0
13,6,3,5d482eab21c9be351f763fde,2020-04-21 16:12:08.864000+00:00,so i dont think this person is an asshole at all hes walking a fine line trying to make his husband comfortable but also include his mom,1.0,2,0.285714286,7,so i don't think this person is an asshole at all. he's walking a fine line trying to make his husband comfortable but also include his mom.,4,27,136,1,1.1998348786134905,1.115136909866808,0.0,0.0,0.0,0.030000000000000006,0.01,0.01,0.0,0.01,0.02,0.0,0.030000000000000006,0.01,0.01,0.0,0.0,0.0,0.0,0.02,0.0,0.0,0.02,0.01,0.01,0.05,0.0,0.0,0.02,0.0,0.0,0.0,0.06000000000000001,0.01,0.0,0.0,0.0,0.01,0.01,0.01,0.0,0.0,0.01,0.05,0.0,0.02,0.02,0.030000000000000006,0.05,0.02,0.0,0.0,0.0,0.030000000000000006,0.01,0.12000000000000002,0.0,0,0,0.9629629629629629,0.037037037037037035,0,0.0,0,0.65,0.4083333333333333,1.3392,easy,6.88,0,0,1,0,1,0,0,0,0,0,1,0,0,0,0,0,1,1,0,0,0
13,6,3,5d482eab21c9be351f7640bf,2020-04-21 16:12:10.607000+00:00,i think she was in a tough spot with trying to please her mom and husband,1.0,2,0.285714286,7,i think she was in a tough spot with trying to please her mom and husband.,5,16,73,1,0.1224036521959934,-0.06888876663269862,0.0,0.0,0.0,0.009999999999999998,0.0,0.019999999999999997,0.0,0.009999999999999998,0.0,0.0,0.019999999999999997,0.0,0.0,0.0,0.0,0.0,0.0,0.019999999999999997,0.0,0.0,0.009999999999999998,0.009999999999999998,0.0,0.009999999999999998,0.0,0.009999999999999998,0.009999999999999998,0.0,0.0,0.0,0.039999999999999994,0.0,0.0,0.0,0.0,0.0,0.0,0.009999999999999998,0.0,0.0,0.0,0.019999999999999997,0.0,0.009999999999999998,0.009999999999999998,0.009999999999999998,0.03,0.03,0.0,0.0,0.0,0.019999999999999997,0.009999999999999998,0.09,0.0,0,0,1.0,0.0625,2,0.007670266130535116,0,0.8333333333333334,-0.3888888888888889,0.7936,easy,1.743,1,0,1,0,1,0,0,0,0,0,0,1,0,0,0,0,0,1,0,0,0
13,6,3,5d482eab21c9be351f7640b5,2020-04-21 16:12:18.042000+00:00,i dont think shes an asshole but maybe she could translate if it makes her mom feel better ,1.0,2,0.285714286,7,"i don't think she's an asshole, but maybe she could translate if it makes her mom feel better. ",6,18,91,1,0.31830023881735653,0.14638862909448438,0.020000000000000004,0.0,0.0,0.020000000000000004,0.0,0.0,0.0,0.010000000000000002,0.010000000000000002,0.0,0.030000000000000002,0.010000000000000002,0.010000000000000002,0.0,0.0,0.0,0.0,0.010000000000000002,0.0,0.0,0.010000000000000002,0.020000000000000004,0.0,0.05,0.0,0.0,0.0,0.0,0.0,0.0,0.04000000000000001,0.010000000000000002,0.0,0.0,0.0,0.010000000000000002,0.010000000000000002,0.010000000000000002,0.010000000000000002,0.020000000000000004,0.020000000000000004,0.060000000000000005,0.0,0.010000000000000002,0.010000000000000002,0.030000000000000002,0.07,0.0,0.0,0.010000000000000002,0.0,0.010000000000000002,0.010000000000000002,0.07,0.010000000000000002,0,0,1.0,0.05555555555555555,2,0.0019424640926894092,1,0.5,0.5,0.8927999999999999,easy,7.435,0,0,1,0,1,0,0,0,0,0,0,1,0,0,0,0,1,1,0,0,0
13,6,3,5e9de5509dc0406f89872263,2020-04-21 16:12:23.827000+00:00,yeah i think op is making a sincere effort to consider both sides,1.0,2,0.285714286,7,yeah i think op is making a sincere effort to consider both sides,7,13,65,1,-0.17144122773605125,-0.39180486022347316,0.0,0.0,0.0,0.0,0.0,0.01,0.0,0.01,0.0,0.0,0.0,0.0,0.0,0.0,0.0,0.0,0.0,0.0,0.0,0.01,0.01,0.02,0.0,0.02,0.0,0.0,0.02,0.0,0.0,0.0,0.0,0.0,0.0,0.0,0.0,0.01,0.0,0.01,0.0,0.0,0.0,0.02,0.0,0.01,0.0,0.01,0.04,0.01,0.0,0.0,0.0,0.02,0.01,0.05,0.0,0,0,1.0,0.07692307692307693,0,0.0005036151718260998,0,0.5,0.5,0.6447999999999999,easy,5.785,0,0,1,0,1,0,0,0,0,0,1,0,0,0,0,0,0,1,0,0,0
14,7,1,5e543e5ad1db96705ff13ef0,2020-04-21 15:39:36.218000+00:00,if he actually said ,0.571428571,0,0.0,7,if he' actually said ',1,4,20,1,-0.9550275742215037,-1.0650223173434918,0.010000000000000002,0.010000000000000002,0.0,0.010000000000000002,0.0,0.0,0.0,0.0,0.010000000000000002,0.0,0.010000000000000002,0.0,0.0,0.0,0.0,0.0,0.0,0.0,0.0,0.0,0.0,0.0,0.0,0.0,0.0,0.010000000000000002,0.0,0.0,0.0,0.0,0.020000000000000004,0.0,0.0,0.0,0.0,0.0,0.0,0.0,0.0,0.010000000000000002,0.010000000000000002,0.010000000000000002,0.0,0.0,0.010000000000000002,0.0,0.010000000000000002,0.0,0.0,0.010000000000000002,0.0,0.0,0.0,0.020000000000000004,0.0,0,0,1.0,0.0,0,0.0,0,0.1,0.0,0.1984,easy,0.0,0,0,0,0,0,1,0,0,0,0,0,0,0,0,0,0,0,0,0,0,0
14,7,1,5e877e32a44a3116d9b95ef1,2020-04-21 15:39:48.547000+00:00,hes an asshole,0.571428571,0,0.0,7,he's an asshole,2,3,14,1,-1.0529758675321852,-1.1919022324060737,0.0,0.0,0.0,0.0,0.0,0.0,0.0,0.0,0.0,0.0,0.01,0.0,0.01,0.0,0.0,0.0,0.0,0.0,0.0,0.0,0.0,0.0,0.0,0.01,0.0,0.0,0.0,0.0,0.0,0.0,0.01,0.0,0.0,0.0,0.0,0.0,0.01,0.0,0.0,0.0,0.0,0.01,0.0,0.01,0.0,0.01,0.0,0.0,0.0,0.0,0.0,0.0,0.0,0.01,0.0,0,0,1.0,0.0,0,0.0,0,0.0,0.0,0.1488,easy,12.329,0,0,0,0,0,0,0,0,0,0,0,0,0,0,0,0,0,0,0,0,0
14,7,1,5e9de8489dc0406f898722ef,2020-04-21 15:39:53.997000+00:00,i think this person was not being an asshole if he was being polite about it,0.571428571,0,0.0,7,i think this person was not being an asshole if he was being polite about it,3,16,76,1,0.1224036521959934,0.3306567483449107,0.01,0.0,0.0,0.01,0.0,0.0,0.0,0.0,0.01,0.0,0.01,0.01,0.01,0.0,0.0,0.0,0.0,0.0,0.0,0.0,0.0,0.01,0.01,0.01,0.0,0.02,0.0,0.0,0.0,0.0,0.02,0.02,0.0,0.0,0.0,0.0,0.01,0.01,0.0,0.01,0.02,0.049999999999999996,0.0,0.01,0.0,0.04,0.03,0.01,0.0,0.0,0.0,0.01,0.01,0.12,0.0,0,0,0.875,0.0625,1,0.0003202049311559398,0,0.0,0.0,0.7936,easy,5.45,0,0,1,0,1,0,0,0,0,0,0,1,0,0,0,0,0,1,0,0,0
14,7,1,5e9decf89dc0406f89872747,2020-04-21 15:40:04.138000+00:00,at first i did think this person was the asshole but i can see both sides of the picture here  ,0.571428571,0,0.0,7,at first i did think this person was the asshole but i can see both sides of the picture here.  ,4,20,95,1,0.4162485321280381,0.7112964935326568,0.0,0.0,0.0,0.009999999999999998,0.0,0.009999999999999998,0.0,0.009999999999999998,0.009999999999999998,0.0,0.0,0.0,0.009999999999999998,0.0,0.0,0.019999999999999997,0.0,0.0,0.0,0.009999999999999998,0.0,0.009999999999999998,0.009999999999999998,0.03,0.0,0.019999999999999997,0.039999999999999994,0.0,0.0,0.0,0.009999999999999998,0.009999999999999998,0.0,0.0,0.0,0.0,0.009999999999999998,0.019999999999999997,0.0,0.0,0.009999999999999998,0.049999999999999996,0.0,0.019999999999999997,0.009999999999999998,0.03,0.03,0.019999999999999997,0.0,0.019999999999999997,0.0,0.0,0.019999999999999997,0.13,0.0,0,0,0.9,0.1,2,0.0030074007849819314,0,0.3333333333333333,0.25,0.992,easy,10.141,0,0,1,0,1,0,0,0,0,0,1,0,0,0,0,0,0,0,0,0,0
14,7,1,5e877e32a44a3116d9b95ef1,2020-04-21 15:40:04.923000+00:00,he didnt approach it in the right way,0.571428571,0,0.0,7,he didn't approach it in the right way,5,8,37,1,-0.5632344009787775,-0.5575026570931636,0.0,0.0,0.0,0.0,0.0,0.0,0.0,0.0,0.0,0.0,0.01,0.01,0.0,0.0,0.0,0.0,0.0,0.0,0.0,0.0,0.0,0.0,0.0,0.0,0.0,0.01,0.030000000000000002,0.0,0.0,0.0,0.01,0.01,0.0,0.0,0.0,0.0,0.0,0.0,0.0,0.0,0.0,0.01,0.0,0.01,0.0,0.01,0.0,0.01,0.0,0.0,0.0,0.01,0.0,0.04,0.0,0,0,1.0,0.0,1,0.0,0,0.5357142857142857,0.2857142857142857,0.3968,easy,0.785,0,0,0,0,0,0,0,0,0,0,0,0,0,0,0,0,0,1,0,0,0
14,7,1,5e543e5ad1db96705ff13ef0,2020-04-21 15:40:06.992000+00:00,if hed actually said im tired of your shit hed be an asshole but he tried to help her,0.571428571,0,0.0,7,"if he'd actually said ""i'm tired of your shit"", he'd be an asshole. but he tried to help her.",6,19,85,1,0.5141968254387196,0.8381764085952389,0.01,0.01,0.0,0.02,0.0,0.0,0.02,0.01,0.01,0.0,0.04,0.0,0.02,0.0,0.01,0.0,0.01,0.0,0.01,0.0,0.0,0.0,0.0,0.0,0.0,0.02,0.0,0.0,0.0,0.0,0.06999999999999999,0.0,0.0,0.0,0.0,0.0,0.02,0.0,0.0,0.01,0.02,0.049999999999999996,0.0,0.01,0.02,0.03,0.02,0.02,0.0,0.01,0.01,0.0,0.0,0.09,0.0,0,0,0.9473684210526315,0.0,1,0.0,0,0.5333333333333333,-0.20000000000000004,0.9424,easy,2.069,0,0,0,0,0,1,0,0,0,0,1,0,1,0,0,0,0,0,1,0,0
14,7,1,5e9dea1e9dc0406f89872527,2020-04-21 15:40:07.689000+00:00,i understand learning a new language is difficult and there isnt an official language in the usa but learning english would be beneficial for her,0.571428571,0,0.0,7,"i understand learning a new language is difficult and there isn't an official language in the usa, but learning english would be beneficial for her.",7,25,145,1,1.0039382919921274,1.4725759839081491,0.01,0.0,0.0,0.02,0.0,0.01,0.0,0.0,0.01,0.0,0.01,0.01,0.0,0.0,0.0,0.0,0.0,0.0,0.01,0.0,0.01,0.03,0.0,0.03,0.01,0.0,0.02,0.0,0.0,0.0,0.03,0.0,0.0,0.02,0.0,0.0,0.0,0.01,0.0,0.0,0.01,0.049999999999999996,0.0,0.03,0.02,0.04,0.06,0.02,0.0,0.0,0.0,0.02,0.01,0.12,0.0,0,0,0.92,0.04,4,0.0,0,0.48484848484848486,-0.12121212121212122,1.8716,easy,0.697,0,0,0,0,0,0,0,0,0,0,0,1,0,0,0,0,0,1,1,0,0
14,7,1,5e9deb229dc0406f898725e9,2020-04-21 15:40:07.751000+00:00,he definitely is expecting a lot not everyone can learn new languages,0.571428571,0,0.0,7,he definitely is expecting a lot. not everyone can learn new languages,8,12,69,1,-0.17144122773605125,-0.049982996842835414,0.01,0.0,0.0,0.0,0.01,0.0,0.0,0.0,0.01,0.0,0.01,0.01,0.0,0.0,0.0,0.0,0.0,0.0,0.0,0.01,0.01,0.01,0.0,0.02,0.0,0.0,0.01,0.0,0.0,0.0,0.029999999999999995,0.01,0.0,0.01,0.0,0.0,0.0,0.0,0.0,0.01,0.01,0.02,0.0,0.01,0.0,0.02,0.049999999999999996,0.0,0.0,0.0,0.0,0.01,0.0,0.049999999999999996,0.0,0,0,1.0,0.0,2,0.008333333333333333,0,0.4772727272727273,0.06818181818181818,0.5952,easy,0.062,0,0,0,0,0,0,0,0,0,0,0,0,0,0,0,0,0,0,0,0,0
14,7,1,5d482eab21c9be351f76412c,2020-04-21 15:40:08.230000+00:00,i dont necessarily think what he said was wrong but the way he said it made him an asshole  ,0.571428571,0,0.0,7,i don't necessarily think what he said was wrong but the way he said it made him an asshole.  ,9,19,92,1,0.4162485321280381,0.7112964935326568,0.0,0.02,0.0,0.01,0.01,0.0,0.0,0.0,0.0,0.0,0.03,0.01,0.01,0.0,0.0,0.0,0.0,0.0,0.01,0.0,0.0,0.01,0.0,0.02,0.0,0.04,0.01,0.0,0.0,0.0,0.05,0.02,0.0,0.0,0.0,0.01,0.01,0.01,0.0,0.0,0.01,0.06,0.0,0.02,0.01,0.02,0.04,0.0,0.0,0.02,0.0,0.0,0.01,0.1,0.0,0,0,0.8947368421052632,0.05263157894736842,2,0.0,0,0.95,-0.25,5.409952631578947,medium,0.479,0,0,1,0,1,0,0,0,0,0,0,1,0,0,0,0,0,0,1,0,0
14,7,1,5e9de8489dc0406f898722ef,2020-04-21 15:40:10.412000+00:00,he felt taken advantage of so he voiced his opinon,0.571428571,0,0.0,7,"he felt taken advantage of, so he voiced his opinon",10,10,50,1,-0.36733781435741436,-0.3037428269679995,0.0,0.01,0.0,0.01,0.0,0.0,0.0,0.01,0.01,0.0,0.03,0.0,0.0,0.0,0.0,0.0,0.0,0.0,0.0,0.0,0.01,0.01,0.0,0.0,0.0,0.02,0.0,0.0,0.0,0.0,0.03,0.0,0.0,0.0,0.0,0.0,0.0,0.0,0.01,0.0,0.0,0.02,0.0,0.0,0.01,0.0,0.01,0.01,0.0,0.02,0.0,0.01,0.0,0.05,0.0,0,0,0.9,0.0,2,0.0,0,0.0,0.0,0.496,easy,2.182,0,0,1,0,1,0,0,0,0,0,0,0,0,0,0,0,0,1,0,0,0
14,7,1,5e9deb229dc0406f898725e9,2020-04-21 15:40:13.195000+00:00,and the difference in ages is a factor,0.571428571,0,0.0,7,and the difference in ages is a factor,11,8,38,1,-0.5632344009787775,-0.5575026570931636,0.0,0.0,0.0,0.01,0.0,0.01,0.0,0.0,0.0,0.0,0.0,0.0,0.0,0.0,0.0,0.0,0.0,0.0,0.0,0.01,0.0,0.0,0.0,0.01,0.0,0.0,0.02,0.0,0.0,0.0,0.0,0.0,0.0,0.0,0.0,0.0,0.0,0.0,0.0,0.0,0.0,0.01,0.0,0.02,0.01,0.01,0.02,0.01,0.0,0.0,0.0,0.01,0.0,0.049999999999999996,0.0,0,0,1.0,0.0,0,0.0,0,0.0,0.0,0.3968,easy,2.783,0,0,0,0,0,0,0,0,0,0,0,0,0,0,0,0,1,0,0,0,0
14,7,1,5e543e5ad1db96705ff13ef0,2020-04-21 15:40:33.127000+00:00,shes not his responsibility ,0.571428571,0,0.0,7,she's not his responsibility. ,12,4,28,1,-0.9550275742215037,-1.0650223173434918,0.0,0.0,0.0,0.0,0.0,0.0,0.0,0.01,0.0,0.0,0.02,0.01,0.0,0.0,0.0,0.0,0.0,0.0,0.0,0.0,0.0,0.0,0.0,0.01,0.0,0.0,0.0,0.0,0.01,0.0,0.02,0.0,0.0,0.01,0.0,0.0,0.0,0.0,0.0,0.0,0.01,0.01,0.0,0.0,0.0,0.01,0.02,0.0,0.0,0.0,0.0,0.0,0.0,0.02,0.0,0,0,1.0,0.0,0,0.0,0,0.0,0.0,7.7824,difficult,19.932,0,0,0,0,0,0,0,0,0,0,0,0,0,0,0,0,0,0,0,0,0
14,7,1,5e9deb229dc0406f898725e9,2020-04-21 15:40:36.080000+00:00,it seems like he got super frustrated and lashed out about it one day,0.571428571,0,0.0,7,"it seems like he got super frustrated, and lashed out about it one day.",13,14,69,1,0.024455358885311848,0.20377683328232865,0.0,0.0,0.0,0.01,0.0,0.02,0.0,0.01,0.01,0.0,0.01,0.0,0.0,0.0,0.0,0.0,0.0,0.0,0.0,0.0,0.02,0.01,0.0,0.01,0.0,0.01,0.02,0.0,0.0,0.0,0.01,0.02,0.0,0.0,0.0,0.0,0.01,0.0,0.0,0.01,0.0,0.02,0.0,0.0,0.01,0.0,0.029999999999999995,0.02,0.0,0.0,0.0,0.02,0.0,0.05999999999999999,0.0,0,0,0.9285714285714286,0.0,0,0.0,0,0.43333333333333335,-0.18333333333333332,0.6944,easy,2.953,0,0,1,0,1,0,0,0,0,0,0,0,0,0,0,0,0,1,1,0,0
14,7,1,5d482eab21c9be351f76412c,2020-04-21 15:40:40.315000+00:00,also learning a new language is not as easy as he is making it sound ,0.571428571,0,0.0,7,"also, learning a new language is not as easy as he is making it sound. ",14,15,69,1,0.1224036521959934,0.3306567483449107,0.0,0.01,0.0,0.029999999999999995,0.0,0.0,0.0,0.0,0.01,0.0,0.01,0.01,0.0,0.0,0.0,0.0,0.0,0.0,0.0,0.0,0.01,0.01,0.0,0.02,0.0,0.0,0.01,0.0,0.0,0.0,0.02,0.01,0.0,0.01,0.0,0.01,0.0,0.0,0.0,0.0,0.01,0.02,0.0,0.01,0.0,0.02,0.029999999999999995,0.02,0.0,0.01,0.0,0.02,0.0,0.08,0.0,0,0,0.8666666666666667,0.0,2,0.0,0,0.5626262626262627,0.32323232323232326,0.744,easy,4.235,0,0,0,0,0,0,0,0,0,0,0,0,0,0,0,0,0,1,0,0,0
14,7,1,5e877e32a44a3116d9b95ef1,2020-04-21 15:40:41.209000+00:00,think about the mother though was she brought here  how old is she  how hard is it to learn a whole new language when youre already like 60,0.571428571,0,0.0,7,"think about the mother though, was she brought here?  how old is she?  how hard is it to learn a whole new language when you're already like 60",15,28,139,1,1.3957314652348536,1.9800956441584772,0.0,0.0,0.0,0.04,0.0,0.0,0.0,0.0,0.06,0.0,0.02,0.0,0.0,0.0,0.0,0.0,0.0,0.01,0.0,0.01,0.01,0.02,0.0,0.04,0.0,0.02,0.049999999999999996,0.0,0.0,0.0,0.049999999999999996,0.01,0.0,0.01,0.0,0.02,0.0,0.0,0.01,0.0,0.0,0.06,0.0,0.02,0.0,0.04,0.04,0.02,0.0,0.01,0.01,0.02,0.0,0.13999999999999999,0.0,3,0,0.8928571428571429,0.0,4,0.009551360129922859,0,0.3990530303030303,0.03617424242424242,1.3888,easy,0.894,0,0,1,0,0,0,0,0,0,0,0,0,1,0,0,0,0,1,1,0,0
14,7,1,5e9decf89dc0406f89872747,2020-04-21 15:40:48.777000+00:00,i agree not everyone can learn languages and the way he went about it was def wrong  i would think its harder for an older person to learn the language,0.571428571,0,0.0,7,i agree not everyone can learn languages and the way he went about it was def wrong.  i would think its harder for an older person to learn the language,16,30,151,1,1.3957314652348536,1.9800956441584772,0.01,0.0,0.0,0.01,0.0,0.01,0.0,0.0,0.01,0.0,0.01,0.01,0.0,0.0,0.0,0.0,0.0,0.0,0.01,0.0,0.01,0.030000000000000002,0.01,0.02,0.01,0.02,0.030000000000000002,0.0,0.0,0.0,0.05,0.030000000000000002,0.0,0.02,0.0,0.0,0.0,0.02,0.01,0.0,0.01,0.05,0.0,0.030000000000000002,0.01,0.030000000000000002,0.060000000000000005,0.030000000000000002,0.0,0.01,0.0,0.0,0.02,0.15,0.0,0,0,0.9,0.06666666666666667,6,0.003911124737450025,0,0.41111111111111115,-0.14444444444444446,1.488,easy,7.568,0,0,1,0,1,0,0,0,0,0,0,1,0,0,0,0,0,0,1,0,0
14,7,1,5e9dea1e9dc0406f89872527,2020-04-21 15:40:49.363000+00:00,i can imagine how annoying it would get having to be a translator everyday,0.571428571,0,0.0,7,i can imagine how annoying it would get having to be a translator everyday.,17,14,74,1,-0.07349293442536971,0.07689691821974662,0.01,0.0,0.0,0.01,0.0,0.0,0.0,0.0,0.01,0.0,0.0,0.0,0.0,0.0,0.0,0.0,0.0,0.0,0.0,0.0,0.0,0.01,0.0,0.02,0.01,0.0,0.01,0.0,0.0,0.0,0.0,0.01,0.0,0.0,0.0,0.01,0.01,0.01,0.0,0.0,0.0,0.05,0.0,0.01,0.0,0.04,0.030000000000000002,0.01,0.0,0.0,0.0,0.01,0.01,0.08,0.0,0,0,1.0,0.07142857142857142,4,0.00015518311607697082,0,0.75,-0.5,0.6944,easy,0.586,0,0,0,0,0,0,0,0,0,0,0,1,0,0,0,0,0,0,1,0,0
15,7,2,5e9deb229dc0406f898725e9,2020-04-21 15:54:41.043000+00:00,first of all saying that they made fun of him for not being one of them imemdiately makes me feel like shes the asshole,1.0,2,0.285714286,7,"first of all, saying that they made fun of him for not being one of them imemdiately makes me feel like she's the asshole.",1,24,119,1,0.9059899986814458,0.7232316621652453,0.0,0.009999999999999998,0.0,0.0,0.009999999999999998,0.0,0.0,0.009999999999999998,0.0,0.0,0.019999999999999997,0.009999999999999998,0.009999999999999998,0.0,0.0,0.0,0.0,0.0,0.0,0.0,0.019999999999999997,0.009999999999999998,0.0,0.03,0.0,0.009999999999999998,0.009999999999999998,0.0,0.0,0.0,0.05,0.009999999999999998,0.0,0.0,0.0,0.019999999999999997,0.009999999999999998,0.009999999999999998,0.009999999999999998,0.0,0.009999999999999998,0.05,0.0,0.009999999999999998,0.0,0.019999999999999997,0.05,0.039999999999999994,0.0,0.019999999999999997,0.0,0.019999999999999997,0.009999999999999998,0.13,0.0,0,0,0.9166666666666666,0.041666666666666664,0,0.0,0,0.26666666666666666,0.275,1.1904,easy,0.0,0,0,1,0,1,0,0,0,0,0,0,0,0,0,0,0,0,1,0,0,0
15,7,2,5e9de8489dc0406f898722ef,2020-04-21 15:54:44.984000+00:00,i believe she is being an asshole if she just expects this of hre husband,1.0,2,0.285714286,7,i believe she is being an asshole if she just expects this of hre husband,2,15,73,1,0.024455358885311848,-0.1689793603189826,0.019999999999999997,0.0,0.0,0.009999999999999998,0.0,0.0,0.0,0.0,0.009999999999999998,0.0,0.019999999999999997,0.0,0.009999999999999998,0.0,0.0,0.0,0.0,0.009999999999999998,0.0,0.0,0.0,0.009999999999999998,0.0,0.019999999999999997,0.0,0.0,0.0,0.0,0.0,0.0,0.03,0.009999999999999998,0.0,0.0,0.0,0.0,0.009999999999999998,0.009999999999999998,0.0,0.009999999999999998,0.019999999999999997,0.03,0.0,0.009999999999999998,0.009999999999999998,0.019999999999999997,0.039999999999999994,0.009999999999999998,0.0,0.0,0.0,0.0,0.009999999999999998,0.09999999999999999,0.0,0,0,0.9333333333333333,0.06666666666666667,2,0.0003202049311559398,0,0.0,0.0,0.744,easy,3.941,0,0,0,0,0,0,0,0,0,0,0,1,0,0,0,0,0,0,0,0,0
15,7,2,5e543e5ad1db96705ff13ef0,2020-04-21 15:54:46.520000+00:00,not an asshole hes helping them when theyre not willing to help themselves by trying to learn english,1.0,2,0.285714286,7,not an asshole. he's helping them when they're not willing to help themselves by trying to learn english.,3,18,101,1,0.4162485321280381,0.22755887189622978,0.0,0.0,0.0,0.01,0.0,0.0,0.0,0.01,0.01,0.0,0.01,0.02,0.01,0.0,0.0,0.0,0.0,0.0,0.0,0.0,0.01,0.01,0.0,0.02,0.0,0.0,0.01,0.0,0.0,0.0,0.07,0.0,0.0,0.01,0.0,0.0,0.01,0.0,0.0,0.0,0.02,0.02,0.0,0.01,0.0,0.02,0.03,0.03,0.0,0.0,0.0,0.02,0.0,0.09,0.0,0,0,0.8888888888888888,0.0,1,0.0003202049311559398,0,0.375,-0.0625,0.8927999999999999,easy,1.536,0,0,0,0,0,0,0,0,0,0,0,0,0,0,0,0,0,1,0,0,0
15,7,2,5d482eab21c9be351f76412c,2020-04-21 15:54:58.958000+00:00,my initial impression is that this person is an asshole for passing on the responsibility of her parents that she took on ,1.0,2,0.285714286,7,my initial impression is that this person is an asshole for passing on the responsibility of her parents that she took on. ,4,22,122,1,0.8080417053707643,0.6240971041114421,0.0,0.0,0.0,0.0,0.0,0.0,0.0,0.01,0.0,0.0,0.02,0.0,0.01,0.0,0.0,0.0,0.0,0.01,0.0,0.0,0.01,0.0,0.01,0.02,0.0,0.01,0.049999999999999996,0.0,0.01,0.0,0.04,0.03,0.0,0.01,0.0,0.0,0.01,0.01,0.0,0.0,0.0,0.03,0.0,0.02,0.0,0.02,0.01,0.04,0.0,0.0,0.0,0.0,0.01,0.14,0.0,0,0,0.8636363636363636,0.0,1,0.0003202049311559398,0,0.0,0.0,1.808927272727273,easy,12.438,0,0,0,0,0,0,0,0,0,0,0,1,0,0,0,0,0,0,0,0,0
15,7,2,5e9decf89dc0406f89872747,2020-04-21 15:55:01.868000+00:00,i dont think hes an asshole here  i think they are relying too much on the daughter and son in law to translate,1.0,2,0.285714286,7,i dont think hes an asshole here.  i think they are relying too much on the daughter and son in law to translate,5,23,111,1,0.7100934120600827,0.5249625460576391,0.0,0.0,0.0,0.01,0.0,0.01,0.0,0.0,0.02,0.0,0.01,0.01,0.01,0.0,0.0,0.0,0.0,0.02,0.0,0.01,0.0,0.02,0.0,0.05,0.0,0.0,0.02,0.0,0.0,0.0,0.04,0.0,0.0,0.0,0.0,0.0,0.01,0.02,0.0,0.0,0.0,0.05,0.0,0.02,0.01,0.030000000000000006,0.04,0.030000000000000006,0.0,0.0,0.0,0.0,0.02,0.12000000000000002,0.0,0,0,0.9130434782608695,0.08695652173913043,3,0.0003202049311559398,0,0.2,0.2,1.1408,easy,2.91,0,0,1,0,1,0,0,0,0,0,0,1,0,0,0,0,0,0,0,0,0
15,7,2,5e877e32a44a3116d9b95ef1,2020-04-21 15:55:08.864000+00:00,the wife is kind of an asshole for making the husband translate all the time he didnt sign up for that,1.0,2,0.285714286,7,"the wife is kind of an asshole for making the husband translate all the time, he didn't sign up for that.",6,21,102,1,0.7100934120600827,0.5249625460576391,0.0,0.0,0.0,0.0,0.01,0.0,0.0,0.0,0.0,0.0,0.01,0.01,0.01,0.0,0.0,0.0,0.0,0.02,0.0,0.0,0.01,0.0,0.0,0.01,0.0,0.01,0.02,0.0,0.0,0.0,0.03,0.01,0.0,0.0,0.0,0.01,0.01,0.0,0.0,0.01,0.0,0.02,0.0,0.04,0.0,0.02,0.04,0.04,0.0,0.0,0.0,0.0,0.0,0.12,0.01,0,0,0.8571428571428571,0.0,4,0.003218755655793621,1,0.9,0.6,1.0415999999999999,easy,6.996,0,0,0,0,0,0,0,0,0,0,0,0,0,0,0,0,0,0,0,0,0
15,7,2,5d482eab21c9be351f76412c,2020-04-21 15:55:16.194000+00:00,she is okay with doing everything here does not mean her husband has to be okay with it ,1.0,2,0.285714286,7,"she is okay with doing everything here, does not mean her husband has to be okay with it. ",7,18,88,1,0.4162485321280381,0.22755887189622978,0.0,0.0,0.0,0.0,0.01,0.02,0.0,0.0,0.01,0.0,0.02,0.01,0.0,0.0,0.0,0.0,0.0,0.01,0.0,0.0,0.02,0.01,0.0,0.04,0.0,0.0,0.0,0.0,0.0,0.0,0.04,0.02,0.0,0.0,0.0,0.0,0.0,0.0,0.0,0.0,0.01,0.06,0.0,0.0,0.0,0.049999999999999996,0.049999999999999996,0.03,0.0,0.0,0.0,0.0,0.0,0.13,0.0,0,0,0.8888888888888888,0.0,1,0.000727802037845706,0,0.5625,0.3854166666666667,0.8927999999999999,easy,7.33,0,0,0,0,0,0,0,0,0,0,0,0,0,0,0,0,0,0,0,0,0
15,7,2,5e9decf89dc0406f89872747,2020-04-21 15:55:22.094000+00:00,if they immigrated when she was 15 they should tried a little harder to learn the language ,1.0,2,0.285714286,7,if they immigrated when she was 15 they should tried a little harder to learn the language. ,8,17,91,1,0.31830023881735653,0.1284243138424267,0.020000000000000004,0.0,0.0,0.020000000000000004,0.0,0.0,0.0,0.010000000000000002,0.010000000000000002,0.0,0.010000000000000002,0.0,0.0,0.0,0.0,0.0,0.0,0.0,0.0,0.0,0.0,0.010000000000000002,0.0,0.0,0.010000000000000002,0.020000000000000004,0.020000000000000004,0.0,0.0,0.0,0.04000000000000001,0.0,0.0,0.010000000000000002,0.0,0.0,0.0,0.0,0.010000000000000002,0.010000000000000002,0.010000000000000002,0.030000000000000002,0.0,0.020000000000000004,0.0,0.020000000000000004,0.030000000000000002,0.010000000000000002,0.0,0.010000000000000002,0.0,0.010000000000000002,0.0,0.1,0.010000000000000002,0,0,0.9411764705882353,0.0,2,0.0,1,0.25,-0.14375,0.8432,easy,5.9,0,0,1,0,0,0,0,0,0,0,0,0,0,0,0,0,0,0,0,0,0
15,7,2,5e9de8489dc0406f898722ef,2020-04-21 15:55:23.997000+00:00,i think shes an asshole in the sense she is burdening her husband,1.0,2,0.285714286,7,i think she's an asshole in the sense she is burdening her husband,9,13,65,1,-0.17144122773605125,-0.3672484764265888,0.0,0.0,0.0,0.0,0.0,0.0,0.0,0.0,0.0,0.0,0.030000000000000002,0.0,0.01,0.0,0.0,0.0,0.0,0.01,0.0,0.0,0.0,0.02,0.0,0.030000000000000002,0.0,0.0,0.01,0.0,0.0,0.0,0.04,0.0,0.0,0.0,0.0,0.0,0.01,0.01,0.0,0.0,0.0,0.030000000000000002,0.0,0.02,0.0,0.02,0.02,0.01,0.0,0.0,0.0,0.0,0.01,0.07,0.0,0,0,1.0,0.07692307692307693,2,0.0,0,0.0,0.0,0.6447999999999999,easy,1.903,0,0,1,0,1,0,0,0,0,0,0,1,0,0,0,0,0,0,0,0,0
15,7,2,5e9decf89dc0406f89872747,2020-04-21 15:55:32.516000+00:00,newcow i agree,1.0,2,0.285714286,7,newcow i agree,10,3,14,1,-1.1509241608428669,-1.3585940569646198,0.0,0.0,0.0,0.0,0.0,0.0,0.0,0.0,0.0,0.0,0.0,0.0,0.0,0.0,0.0,0.0,0.0,0.0,0.0,0.0,0.01,0.0,0.0,0.0,0.0,0.0,0.0,0.0,0.0,0.0,0.0,0.0,0.0,0.0,0.0,0.0,0.0,0.01,0.0,0.0,0.0,0.0,0.0,0.0,0.0,0.0,0.0,0.0,0.0,0.0,0.0,0.0,0.01,0.01,0.0,0,0,1.0,0.3333333333333333,0,0.00015518311607697082,0,0.0,0.0,0.1488,easy,8.519,0,0,0,0,0,0,0,0,0,0,1,0,0,0,0,0,0,0,0,0,0
15,7,2,5e9dea1e9dc0406f89872527,2020-04-21 15:55:35.765000+00:00,i think the wife is the asshole ,1.0,2,0.285714286,7,i think the wife is the asshole. ,11,7,32,1,-0.7591309876001406,-0.9620558247494074,0.0,0.0,0.0,0.0,0.0,0.0,0.0,0.0,0.0,0.0,0.0,0.0,0.01,0.0,0.0,0.0,0.0,0.01,0.0,0.0,0.0,0.01,0.0,0.02,0.0,0.0,0.0,0.0,0.0,0.0,0.01,0.0,0.0,0.0,0.0,0.0,0.01,0.01,0.0,0.0,0.0,0.02,0.0,0.02,0.0,0.01,0.01,0.0,0.0,0.0,0.0,0.0,0.01,0.04,0.0,0,0,0.8571428571428571,0.14285714285714285,0,0.00015518311607697082,0,0.0,0.0,0.3472,easy,3.249,0,0,1,0,1,0,0,0,0,0,0,1,0,0,0,0,0,0,0,0,0
16,8,0,5e9f53cc9dc0406f8987ac5a,2020-04-21 20:41:22.287000+00:00,do you think he was an asshole,0.875,2,0.25,8,do you think he was an asshole???,1,7,30,1,-0.6611826942894591,-0.5217854306067599,0.0,0.0,0.0,0.0,0.0,0.0,0.0,0.0,0.0,0.0,0.01,0.0,0.01,0.0,0.0,0.0,0.0,0.0,0.0,0.0,0.0,0.01,0.0,0.02,0.0,0.01,0.0,0.0,0.0,0.0,0.02,0.0,0.0,0.0,0.0,0.0,0.01,0.0,0.0,0.0,0.0,0.03,0.0,0.01,0.0,0.02,0.01,0.0,0.0,0.0,0.01,0.0,0.0,0.049999999999999996,0.0,1,0,1.0,0.0,0,0.0,0,0.0,0.0,0.3472,easy,0.0,0,0,1,0,1,0,0,0,0,0,0,0,1,0,0,0,0,0,0,0,0
16,8,0,5e9f50169dc0406f8987a5aa,2020-04-21 20:42:02.278000+00:00,i actually give this guy credit mil has been in the country for 8 yrs and has mad eno attempt to learn english,0.875,2,0.25,8,i actually give this guy credit. mil has been in the country for 8 yrs and has mad eno attempt to learn english,2,23,110,1,0.8080417053707643,0.7584316110306436,0.0,0.0,0.0,0.01,0.0,0.01,0.0,0.01,0.01,0.0,0.0,0.0,0.0,0.0,0.0,0.0,0.0,0.0,0.01,0.0,0.01,0.01,0.01,0.030000000000000002,0.0,0.01,0.02,0.0,0.0,0.0,0.02,0.01,0.0,0.02,0.01,0.0,0.01,0.01,0.0,0.0,0.0,0.04,0.0,0.01,0.02,0.030000000000000002,0.02,0.030000000000000002,0.0,0.0,0.0,0.0,0.01,0.1,0.0,0,0,0.9565217391304348,0.043478260869565216,0,0.0,0,0.3666666666666667,-0.20833333333333334,1.1408,easy,39.991,0,0,0,0,0,1,0,0,0,0,0,1,0,0,0,0,0,0,1,0,0
16,8,0,5e9f37529dc0406f89877680,2020-04-21 20:42:05.015000+00:00,no if he had said it the way it was originally written then maybe,0.875,2,0.25,8,"no, if he had said it the way it was originally written, then maybe.",3,14,65,1,0.024455358885311848,0.07564918882402841,0.01,0.01,0.0,0.02,0.0,0.0,0.0,0.0,0.01,0.0,0.01,0.01,0.0,0.0,0.0,0.0,0.0,0.0,0.0,0.0,0.0,0.0,0.0,0.0,0.0,0.04,0.02,0.0,0.0,0.0,0.02,0.02,0.0,0.0,0.0,0.0,0.0,0.0,0.0,0.02,0.01,0.04,0.0,0.01,0.01,0.02,0.02,0.0,0.0,0.01,0.0,0.0,0.0,0.09000000000000001,0.01,0,0,0.9285714285714286,0.0,1,0.0,1,0.75,0.375,0.6944,easy,2.737,0,0,1,0,0,0,0,0,0,0,0,0,0,0,0,0,0,0,0,0,0
16,8,0,5e9deb409dc0406f898725ea,2020-04-21 20:42:05.872000+00:00,no i do not think that he is an asshole,0.875,2,0.25,8,no i do not think that he is an asshole/,4,10,39,1,-0.4652861076680959,-0.35108982505510605,0.0,0.0,0.0,0.0,0.0,0.0,0.0,0.0,0.0,0.0,0.01,0.02,0.01,0.0,0.0,0.0,0.0,0.0,0.0,0.0,0.0,0.01,0.0,0.030000000000000002,0.0,0.0,0.0,0.0,0.0,0.0,0.01,0.01,0.0,0.0,0.0,0.0,0.01,0.01,0.0,0.0,0.01,0.030000000000000002,0.0,0.01,0.01,0.02,0.02,0.0,0.0,0.0,0.0,0.0,0.01,0.08,0.0,0,0,1.0,0.1,2,0.0,0,0.0,0.0,0.496,easy,0.857,0,0,1,0,1,0,0,0,0,0,1,0,0,0,0,0,0,0,0,0,0
16,8,0,5d482ea821c9be351f763565,2020-04-21 20:42:06.679000+00:00,i think he could have said it a nicer context even though he did not phase it in a super negative way i do think he has a point though i dont think he is an asshole either,0.875,2,0.25,8,"i think he could have said it a nicer context, even though he did not phase it in a super negative way. i do think he has a point though. i don't think he is an asshole either",5,38,171,1,2.0813695184096246,1.8679530471163932,0.009999999999999998,0.009999999999999998,0.0,0.019999999999999997,0.0,0.0,0.0,0.009999999999999998,0.03,0.0,0.039999999999999994,0.03,0.009999999999999998,0.0,0.0,0.0,0.0,0.0,0.0,0.009999999999999998,0.019999999999999997,0.03,0.0,0.07999999999999999,0.0,0.019999999999999997,0.03,0.0,0.0,0.0,0.049999999999999996,0.019999999999999997,0.0,0.0,0.0,0.0,0.009999999999999998,0.03,0.0,0.0,0.019999999999999997,0.10999999999999999,0.0,0.039999999999999994,0.0,0.06999999999999999,0.06,0.009999999999999998,0.0,0.009999999999999998,0.0,0.049999999999999996,0.03,0.19999999999999998,0.0,0,0,0.7105263157894737,0.07894736842105263,8,0.001831050446634239,0,0.5333333333333333,0.016666666666666663,1.8848,easy,0.807,0,0,1,0,1,0,0,0,0,0,1,1,0,0,0,0,0,1,1,0,0
16,8,0,5e9f51109dc0406f8987a7e0,2020-04-21 20:42:21.084000+00:00,my initial impression is that this person should be considered the asshole in this situation while i do not think they are wrong for not wanting to be a translator for the mother in law they went about it in the wrong way ,0.875,2,0.25,8,"my initial impression is that this person should be considered ""the asshole"" in this situation. while i do not think they are wrong for not wanting to be a translator for the mother in law, they went about it in the wrong way. ",6,43,222,1,2.7670075715843954,2.4653876665471817,0.02,0.0,0.0,0.01,0.0,0.0,0.0,0.0,0.01,0.0,0.0,0.02,0.01,0.0,0.0,0.0,0.0,0.01,0.02,0.0,0.01,0.02,0.01,0.04,0.01,0.01,0.06000000000000001,0.0,0.0,0.0,0.04,0.04,0.0,0.0,0.0,0.0,0.01,0.02,0.0,0.0,0.02,0.08,0.0,0.04,0.0,0.06000000000000001,0.07,0.07,0.0,0.0,0.0,0.01,0.02,0.28,0.0,0,0,0.7674418604651163,0.023255813953488372,9,0.0028318522314960955,0,0.6,-0.3333333333333333,2.1328,easy,14.405,0,0,1,0,1,0,0,0,0,0,1,1,0,0,0,0,0,0,1,0,0
16,8,0,5e9deb409dc0406f898725ea,2020-04-21 20:42:38.688000+00:00,he was a little aggressive but his anger was with reason ,0.875,2,0.25,8,he was a little aggressive but his anger was with reason ,7,11,57,1,-0.2693895210467328,-0.18039421950345227,0.0,0.0,0.0,0.009999999999999998,0.0,0.009999999999999998,0.0,0.0,0.0,0.0,0.019999999999999997,0.0,0.0,0.0,0.0,0.0,0.0,0.0,0.0,0.0,0.0,0.009999999999999998,0.0,0.0,0.0,0.019999999999999997,0.009999999999999998,0.0,0.0,0.0,0.019999999999999997,0.0,0.0,0.0,0.0,0.009999999999999998,0.019999999999999997,0.0,0.0,0.0,0.009999999999999998,0.019999999999999997,0.0,0.009999999999999998,0.009999999999999998,0.019999999999999997,0.029999999999999995,0.009999999999999998,0.0,0.0,0.0,0.009999999999999998,0.0,0.06999999999999999,0.009999999999999998,0,0,0.9090909090909091,0.0,1,0.0,1,0.35,-0.44375,0.5456,easy,17.604,0,0,0,0,0,0,0,0,0,0,0,0,0,0,0,0,0,0,1,0,0
16,8,0,5e9f37529dc0406f89877680,2020-04-21 20:42:58.566000+00:00,i think he original wrote it the wrong way but he later stated he worded it nicely and even offered to help,0.875,2,0.25,8,i think he original wrote it the wrong way but he later stated he worded it nicely and even offered to help,8,22,107,1,0.7100934120600827,0.6730838082548167,0.0,0.0,0.0,0.02,0.0,0.01,0.0,0.0,0.01,0.0,0.030000000000000002,0.0,0.0,0.0,0.0,0.0,0.0,0.0,0.01,0.0,0.02,0.01,0.0,0.01,0.0,0.01,0.02,0.0,0.0,0.0,0.060000000000000005,0.02,0.0,0.0,0.0,0.0,0.0,0.01,0.0,0.0,0.01,0.02,0.0,0.01,0.02,0.0,0.04,0.01,0.0,0.0,0.0,0.01,0.01,0.1,0.0,0,0,0.8636363636363636,0.045454545454545456,4,0.0,0,0.6625,0.11875,1.0912,easy,19.878,0,0,1,0,1,0,0,0,0,0,0,1,0,0,0,0,0,1,1,0,0
16,8,0,5e9f53cc9dc0406f8987ac5a,2020-04-21 20:42:58.860000+00:00,my initial reaction when i saw the fuck off part i did think that was a bit of an asshole thing to say however i do not think that this guy is an asshole he simply wants his mil to learn some english ,0.875,2,0.25,8,"my initial reaction when i saw the fuck off part, i did think that was a bit of an asshole thing to say. however i do not think that this guy is an asshole. he simply wants his mil to learn some english. ",9,43,200,1,2.5711109849630325,2.2946920609955277,0.01,0.01,0.0,0.02,0.0,0.0,0.01,0.0,0.03,0.0,0.02,0.01,0.03,0.0,0.0,0.01,0.0,0.0,0.0,0.03,0.0,0.03,0.01,0.06,0.0,0.03,0.03,0.01,0.0,0.0,0.04,0.04,0.0,0.01,0.0,0.01,0.03,0.04,0.0,0.01,0.01,0.09,0.0,0.04,0.0,0.04,0.07,0.04,0.0,0.02,0.0,0.01,0.04,0.24,0.0,0,0,0.8372093023255814,0.06976744186046512,4,0.0011624134597291703,0,0.175,-0.05,2.1328,easy,0.294,0,0,1,0,1,0,0,0,0,0,1,1,0,0,0,0,0,0,1,0,0
16,8,0,5e9f4fc69dc0406f8987a506,2020-04-21 20:43:04.152000+00:00,i am trying to see all sides of this i understand being annoyed by people but this guy sounds hostile and rude i dont blame them for being mad ,0.875,2,0.25,8,"i am trying to see all sides of this. i understand being annoyed by people, but this guy sounds hostile and rude. i don't blame them for being mad. ",10,29,143,1,1.1998348786134905,1.0998228221339512,0.0,0.01,0.0,0.02,0.01,0.01,0.0,0.01,0.0,0.0,0.0,0.01,0.0,0.0,0.0,0.01,0.0,0.0,0.02,0.0,0.0,0.01,0.02,0.04,0.0,0.0,0.01,0.0,0.0,0.0,0.04,0.02,0.0,0.0,0.0,0.0,0.05,0.03,0.0,0.0,0.01,0.06,0.0,0.0,0.02,0.04,0.04,0.04,0.0,0.02,0.0,0.0,0.03,0.16,0.0,0,0,0.8620689655172413,0.10344827586206896,4,0.0057846982844011255,0,0.7999999999999999,-0.44166666666666665,1.4384,easy,5.292,0,0,0,0,0,0,0,0,0,0,1,1,0,0,0,0,0,0,1,0,0
16,8,0,5e9f51109dc0406f8987a7e0,2020-04-21 20:43:05.722000+00:00,i think he went about it in the wrong way he should have at least talked to his wife about it first ,0.875,2,0.25,8,i think he went about it in the wrong way. he should have at least talked to his wife about it first. ,11,22,100,1,0.7100934120600827,0.6730838082548167,0.01,0.0,0.0,0.0,0.0,0.0,0.0,0.01,0.02,0.0,0.03,0.0,0.0,0.0,0.0,0.0,0.0,0.01,0.01,0.01,0.0,0.01,0.0,0.02,0.01,0.02,0.05,0.0,0.0,0.0,0.05,0.02,0.0,0.0,0.0,0.0,0.0,0.01,0.0,0.0,0.0,0.05,0.0,0.01,0.0,0.02,0.02,0.05,0.0,0.0,0.0,0.0,0.01,0.14,0.0,0,0,0.8636363636363636,0.045454545454545456,1,0.00015518311607697082,0,0.5444444444444444,-0.18333333333333335,1.0912,easy,1.57,0,0,1,0,1,0,0,0,0,0,0,1,0,0,0,0,0,0,1,0,0
17,8,3,5e9f53cc9dc0406f8987ac5a,2020-04-21 21:26:08.689000+00:00,what is everyones thoughts is she the asshole,0.625,3,0.375,8,what is everyones thoughts? is she the asshole,1,8,45,1,-0.5632344009787775,-0.3632855729984322,0.0,0.0,0.0,0.0,0.0,0.0,0.0,0.0,0.0,0.0,0.01,0.0,0.01,0.0,0.0,0.0,0.0,0.0,0.0,0.0,0.0,0.01,0.0,0.02,0.0,0.0,0.0,0.0,0.0,0.0,0.02,0.02,0.0,0.0,0.0,0.0,0.01,0.0,0.0,0.0,0.0,0.02,0.0,0.01,0.0,0.02,0.01,0.0,0.0,0.0,0.0,0.0,0.0,0.049999999999999996,0.0,2,0,0.875,0.0,0,0.0,0,0.0,0.0,0.3968,easy,0.0,0,0,0,0,0,0,0,0,0,0,0,0,0,0,0,1,0,0,0,0,0
17,8,3,5e9f37529dc0406f89877680,2020-04-21 21:26:17.034000+00:00,i kind of think she may be the asshoile asshole,0.625,3,0.375,8,i kind of think she may be the asshoile asshole*,2,10,47,1,-0.4652861076680959,-0.2325913729563133,0.0,0.0,0.0,0.0,0.0,0.0,0.0,0.0,0.0,0.0,0.009999999999999998,0.0,0.009999999999999998,0.0,0.0,0.0,0.0,0.0,0.0,0.0,0.009999999999999998,0.009999999999999998,0.0,0.009999999999999998,0.009999999999999998,0.0,0.0,0.0,0.0,0.0,0.009999999999999998,0.0,0.0,0.0,0.0,0.0,0.009999999999999998,0.009999999999999998,0.0,0.019999999999999997,0.0,0.029999999999999995,0.0,0.009999999999999998,0.0,0.019999999999999997,0.029999999999999995,0.009999999999999998,0.0,0.0,0.0,0.0,0.009999999999999998,0.049999999999999996,0.009999999999999998,0,0,1.0,0.1,2,0.0003202049311559398,1,0.9,0.6,0.496,easy,8.345,0,0,1,0,1,0,0,0,0,0,0,1,0,0,0,0,0,0,0,0,0
17,8,3,5e9f51109dc0406f8987a7e0,2020-04-21 21:26:27.842000+00:00,on initial thought i think she is the asshole ,0.625,3,0.375,8,"on initial thought, i think she is the asshole. ",3,9,46,1,-0.5632344009787775,-0.3632855729984322,0.0,0.0,0.0,0.0,0.0,0.0,0.0,0.0,0.0,0.0,0.01,0.0,0.01,0.0,0.0,0.0,0.0,0.0,0.0,0.0,0.0,0.02,0.0,0.02,0.0,0.01,0.02,0.0,0.0,0.0,0.01,0.0,0.0,0.0,0.0,0.0,0.01,0.01,0.0,0.0,0.0,0.03,0.0,0.01,0.0,0.01,0.02,0.01,0.0,0.0,0.0,0.0,0.01,0.05,0.0,0,0,1.0,0.1111111111111111,2,0.0008238201029820396,0,0.0,0.0,0.44639999999999996,easy,10.808,0,0,1,0,1,0,0,0,0,0,1,0,0,0,0,0,0,0,0,0,0
17,8,3,5e9f53cc9dc0406f8987ac5a,2020-04-21 21:26:36.647000+00:00,i thought she was too,0.625,3,0.375,8,i thought she was too,4,5,21,1,-0.9550275742215037,-0.886062373166908,0.0,0.0,0.0,0.0,0.0,0.0,0.0,0.0,0.009999999999999998,0.0,0.009999999999999998,0.0,0.0,0.0,0.0,0.0,0.0,0.0,0.0,0.0,0.0,0.009999999999999998,0.0,0.0,0.0,0.019999999999999997,0.0,0.0,0.0,0.0,0.009999999999999998,0.0,0.0,0.0,0.0,0.0,0.0,0.009999999999999998,0.0,0.0,0.0,0.019999999999999997,0.0,0.0,0.0,0.009999999999999998,0.009999999999999998,0.0,0.0,0.0,0.0,0.0,0.009999999999999998,0.039999999999999994,0.0,0,0,1.0,0.2,1,0.008850835289990014,0,0.0,0.0,0.248,easy,8.805,0,0,1,0,1,0,0,0,0,0,0,1,0,0,0,0,0,0,0,0,0
17,8,3,5e9f4de69dc0406f8987a25d,2020-04-21 21:26:37.452000+00:00,i dont think she is an asshole,0.625,3,0.375,8,i don't think she is an asshole,5,7,30,1,-0.7591309876001406,-0.62467397308267,0.0,0.0,0.0,0.0,0.0,0.0,0.0,0.0,0.0,0.0,0.01,0.01,0.01,0.0,0.0,0.0,0.0,0.0,0.0,0.0,0.0,0.01,0.0,0.03,0.0,0.0,0.0,0.0,0.0,0.0,0.01,0.0,0.0,0.0,0.0,0.0,0.01,0.01,0.0,0.0,0.0,0.03,0.0,0.01,0.0,0.02,0.01,0.0,0.0,0.0,0.0,0.0,0.01,0.04,0.0,0,0,1.0,0.14285714285714285,1,0.00015518311607697082,0,0.0,0.0,0.3472,easy,0.805,0,0,1,0,1,0,0,0,0,0,0,1,0,0,0,0,0,0,0,0,0
17,8,3,5e9f51109dc0406f8987a7e0,2020-04-21 21:26:46.393000+00:00,she should not expect her husband to have to translate for her parents that is not fair to him ,0.625,3,0.375,8,she should not expect her husband to have to translate for her parents. that is not fair to him. ,6,19,95,1,0.5141968254387196,1.074350627464876,0.019999999999999997,0.0,0.0,0.0,0.0,0.0,0.0,0.0,0.0,0.0,0.039999999999999994,0.019999999999999997,0.0,0.0,0.0,0.0,0.0,0.019999999999999997,0.0,0.0,0.0,0.0,0.0,0.019999999999999997,0.009999999999999998,0.0,0.0,0.0,0.0,0.0,0.06,0.009999999999999998,0.0,0.0,0.0,0.0,0.0,0.0,0.0,0.0,0.019999999999999997,0.03,0.0,0.0,0.0,0.03,0.039999999999999994,0.039999999999999994,0.0,0.0,0.0,0.009999999999999998,0.0,0.13999999999999999,0.0,0,0,0.7894736842105263,0.0,2,0.0,0,0.9,-0.35,0.9424,easy,8.941,0,0,1,0,0,0,0,0,0,0,0,0,0,0,0,0,0,1,0,0,0
17,8,3,5e9f4fc69dc0406f8987a506,2020-04-21 21:26:47.533000+00:00,he wasnt making his husband do anything he can make his own choice ,0.625,3,0.375,8,he wasn't making his husband do anything. he can make his own choice. ,7,13,67,1,-0.07349293442536971,0.2901854272121624,0.0,0.0,0.0,0.0,0.0,0.0,0.0,0.0,0.0,0.0,0.04,0.01,0.0,0.0,0.0,0.0,0.0,0.01,0.0,0.01,0.0,0.01,0.0,0.03,0.0,0.01,0.0,0.0,0.0,0.0,0.049999999999999996,0.01,0.0,0.0,0.0,0.02,0.0,0.0,0.0,0.01,0.0,0.04,0.0,0.0,0.0,0.03,0.04,0.0,0.0,0.0,0.0,0.0,0.0,0.07,0.0,0,0,0.8461538461538461,0.0,0,0.000727802037845706,0,1.0,0.6,0.6447999999999999,easy,1.14,0,0,0,0,0,0,0,0,0,0,0,0,0,0,0,0,0,0,0,0,0
17,8,3,5e9f50169dc0406f8987a5aa,2020-04-21 21:26:51.293000+00:00,she sounds like she has been in the country for a while why didnt she help her mom speak english while she was at home when she was younger,0.625,3,0.375,8,she sounds like she has been in the country for a while. why didn't she help her mom speak english while she was at home when she was younger?,8,29,139,1,1.4936797585455353,2.381292627886065,0.0,0.02,0.01,0.03,0.0,0.0,0.0,0.0,0.01,0.0,0.06,0.01,0.0,0.0,0.0,0.0,0.0,0.01,0.0,0.0,0.01,0.0,0.0,0.01,0.0,0.04,0.06999999999999999,0.0,0.0,0.0,0.09,0.0,0.0,0.0,0.0,0.01,0.0,0.0,0.0,0.0,0.0,0.049999999999999996,0.0,0.02,0.0,0.049999999999999996,0.01,0.03,0.0,0.02,0.0,0.02,0.0,0.19,0.0,1,0,0.7931034482758621,0.0,0,0.0,0,0.0,0.0,1.4384,easy,3.76,0,0,0,0,0,0,0,0,0,0,0,0,0,0,0,0,0,1,0,0,0
17,8,3,5d482ea821c9be351f763565,2020-04-21 21:26:58.040000+00:00,i dont think the person is the asshole although i dont think it would be bad for him to also help his mother,0.625,3,0.375,8,i don't think the person is the asshole. although i don't think it would be bad for him to also help his mother,9,23,108,1,0.7100934120600827,1.3357390275491137,0.01,0.0,0.0,0.02,0.0,0.0,0.0,0.0,0.01,0.0,0.02,0.02,0.01,0.0,0.0,0.0,0.0,0.01,0.0,0.0,0.0,0.02,0.01,0.05,0.01,0.0,0.0,0.0,0.0,0.0,0.05,0.01,0.0,0.0,0.0,0.0,0.01,0.02,0.0,0.0,0.0,0.07,0.0,0.02,0.0,0.05,0.03,0.02,0.0,0.0,0.0,0.0,0.02,0.11,0.0,0,0,0.8260869565217391,0.08695652173913043,3,0.0010834236186348862,0,0.6666666666666666,-0.6999999999999998,1.1408,easy,6.747,0,0,1,0,1,0,0,0,0,0,1,1,0,0,0,0,0,0,1,0,0
17,8,3,5e9f53cc9dc0406f8987ac5a,2020-04-21 21:27:06.347000+00:00,if her husband doesnt do it she gets upset he has to,0.625,3,0.375,8,"if her husband doesn't do it, she gets upset he has to",10,12,52,1,-0.17144122773605125,0.15949122717004346,0.01,0.0,0.0,0.01,0.0,0.0,0.0,0.0,0.0,0.01,0.030000000000000002,0.01,0.0,0.0,0.0,0.0,0.0,0.01,0.01,0.0,0.0,0.0,0.0,0.04,0.0,0.0,0.0,0.0,0.0,0.0,0.04,0.01,0.0,0.0,0.0,0.0,0.0,0.0,0.0,0.01,0.01,0.04,0.0,0.0,0.0,0.030000000000000002,0.01,0.01,0.0,0.0,0.0,0.0,0.0,0.08,0.0,0,0,1.0,0.0,2,0.0,0,0.0,0.0,0.5952,easy,8.307,0,0,0,0,0,0,0,0,0,0,0,0,0,0,0,0,0,0,1,0,0
17,8,3,5e9f51109dc0406f8987a7e0,2020-04-21 21:27:12.472000+00:00,he is communicating that he no longer wants to do this and she is ignoring his feelings ,0.625,3,0.375,8,"he is communicating that he no longer wants to do this, and she is ignoring his feelings. ",11,17,88,1,0.31830023881735653,0.8129622273806381,0.01,0.0,0.0,0.01,0.0,0.01,0.0,0.0,0.0,0.0,0.04,0.01,0.0,0.0,0.0,0.0,0.0,0.0,0.01,0.0,0.0,0.01,0.0,0.04,0.0,0.0,0.01,0.0,0.01,0.0,0.049999999999999996,0.02,0.0,0.0,0.0,0.0,0.0,0.0,0.01,0.0,0.0,0.04,0.0,0.0,0.02,0.03,0.04,0.01,0.0,0.01,0.0,0.0,0.0,0.12,0.0,0,0,0.8823529411764706,0.0,5,0.0,0,0.1,0.2,5.408523529411765,medium,6.125,0,0,0,0,0,0,0,0,0,0,0,0,0,0,0,0,0,0,0,0,0
17,8,3,5e9deb409dc0406f898725ea,2020-04-21 21:27:17.187000+00:00,i agree i dont think the mother is the asshole ,0.625,3,0.375,8,i agree i dont think the mother is the asshole ,12,10,47,1,-0.5632344009787775,-0.3632855729984322,0.0,0.0,0.0,0.0,0.0,0.0,0.0,0.0,0.0,0.0,0.0,0.009999999999999998,0.009999999999999998,0.0,0.0,0.0,0.0,0.009999999999999998,0.0,0.0,0.009999999999999998,0.009999999999999998,0.0,0.029999999999999995,0.0,0.0,0.0,0.0,0.0,0.0,0.009999999999999998,0.0,0.0,0.0,0.0,0.0,0.009999999999999998,0.019999999999999997,0.0,0.0,0.0,0.029999999999999995,0.0,0.019999999999999997,0.0,0.019999999999999997,0.009999999999999998,0.0,0.0,0.0,0.0,0.0,0.019999999999999997,0.049999999999999996,0.0,0,0,0.8,0.2,1,0.0,0,0.0,0.0,0.496,easy,4.715,0,0,1,0,1,0,0,0,0,0,1,1,0,0,0,0,0,0,0,0,0
17,8,3,5e9f37529dc0406f89877680,2020-04-21 21:27:18.923000+00:00,exactly,0.625,3,0.375,8,exactly,13,1,7,1,-1.2488724541535483,-1.2781449732932646,0.0,0.0,0.0,0.0,0.01,0.0,0.0,0.0,0.0,0.0,0.0,0.0,0.0,0.0,0.0,0.0,0.0,0.0,0.0,0.0,0.0,0.0,0.0,0.0,0.0,0.0,0.0,0.0,0.0,0.0,0.0,0.0,0.0,0.0,0.0,0.0,0.0,0.0,0.0,0.0,0.0,0.0,0.0,0.0,0.0,0.0,0.01,0.0,0.0,0.0,0.0,0.0,0.0,0.0,0.0,0,0,1.0,0.0,0,0.0,0,0.25,0.25,0.0496,easy,1.736,0,0,0,0,0,0,0,0,0,0,0,0,0,0,0,0,0,0,0,0,0
17,8,3,5e9f4fc69dc0406f8987a506,2020-04-21 21:27:23.613000+00:00,i dont think he was being an asshole maybe just different family values and expectations,0.625,3,0.375,8,"i don't think he was being an asshole, maybe just different family values and expectations",14,15,88,1,0.024455358885311848,0.4208796272542813,0.01,0.0,0.01,0.01,0.0,0.01,0.0,0.0,0.02,0.0,0.01,0.01,0.01,0.0,0.0,0.0,0.0,0.01,0.0,0.0,0.01,0.01,0.0,0.02,0.0,0.01,0.0,0.0,0.0,0.0,0.02,0.0,0.0,0.0,0.0,0.0,0.01,0.01,0.0,0.01,0.01,0.04,0.0,0.01,0.02,0.03,0.049999999999999996,0.0,0.0,0.0,0.0,0.0,0.01,0.06999999999999999,0.01,0,0,1.0,0.06666666666666667,0,0.0,1,0.6,0.0,5.433166666666667,medium,4.69,0,0,1,0,1,0,0,0,0,0,0,1,0,0,0,0,0,0,0,0,0
17,8,3,5e9f53cc9dc0406f8987ac5a,2020-04-21 21:27:25.605000+00:00,its not the mother we are talking about it is the daughterwife,0.625,3,0.375,8,its not the mother we are talking about it is the daughter/wife,15,12,62,1,-0.2693895210467328,0.02879702712792455,0.0,0.0,0.0,0.0,0.0,0.01,0.0,0.0,0.01,0.0,0.0,0.01,0.0,0.0,0.0,0.0,0.0,0.02,0.0,0.0,0.0,0.0,0.0,0.02,0.0,0.0,0.0,0.0,0.0,0.0,0.04,0.02,0.0,0.0,0.0,0.0,0.0,0.0,0.0,0.0,0.01,0.02,0.0,0.02,0.0,0.02,0.02,0.01,0.01,0.0,0.0,0.0,0.01,0.09000000000000001,0.0,0,0,0.9166666666666666,0.08333333333333333,0,0.0,0,0.0,0.0,0.5952,easy,1.992,0,0,0,0,0,0,0,0,0,1,0,0,0,0,0,0,0,0,0,0,0
18,9,1,5e9f48469dc0406f8987976c,2020-04-21 20:24:32.557000+00:00,hi my initial impression is that the writer is the asshole,1.0,1,0.166666667,6,"hi, my initial impression is that the writer is the asshole.",1,11,58,1,-0.36733781435741436,-0.6159924028072146,0.0,0.0,0.0,0.0,0.0,0.0,0.0,0.0,0.0,0.0,0.0,0.0,0.009999999999999998,0.0,0.0,0.0,0.0,0.0,0.0,0.0,0.009999999999999998,0.0,0.0,0.019999999999999997,0.0,0.0,0.009999999999999998,0.0,0.0,0.0,0.009999999999999998,0.009999999999999998,0.0,0.0,0.0,0.0,0.009999999999999998,0.009999999999999998,0.0,0.0,0.0,0.019999999999999997,0.0,0.019999999999999997,0.0,0.019999999999999997,0.0,0.0,0.0,0.0,0.0,0.0,0.009999999999999998,0.06,0.0,0,0,0.8181818181818182,0.09090909090909091,0,0.0,0,0.0,0.0,0.5456,easy,0.0,0,0,0,0,0,0,0,0,0,0,1,0,0,0,1,0,0,0,0,0,0
18,9,1,5d482eaa21c9be351f763bb5,2020-04-21 20:24:48.013000+00:00,yes i agree that the writer is the asshole as well,1.0,1,0.166666667,6,"yes, i agree that the writer is the asshole as well.",2,11,50,1,-0.36733781435741436,-0.6159924028072146,0.0,0.0,0.0,0.01,0.0,0.0,0.0,0.0,0.01,0.0,0.0,0.0,0.01,0.0,0.0,0.0,0.0,0.0,0.0,0.0,0.02,0.0,0.0,0.01,0.0,0.0,0.0,0.0,0.0,0.0,0.0,0.01,0.0,0.0,0.0,0.0,0.01,0.01,0.0,0.0,0.0,0.01,0.0,0.02,0.02,0.01,0.0,0.01,0.0,0.0,0.0,0.01,0.01,0.06,0.0,0,0,0.9090909090909091,0.09090909090909091,4,0.02032020493115594,0,0.0,0.0,0.5456,easy,15.456,0,0,0,0,0,0,0,0,0,0,1,0,0,0,0,0,0,1,0,0,0
18,9,1,5d482eaa21c9be351f763d6b,2020-04-21 20:24:56.523000+00:00,hello thats my impression as well,1.0,1,0.166666667,6,"hello, that's my impression as well.",3,6,33,1,-0.8570792809108222,-1.1934852804389782,0.0,0.0,0.0,0.01,0.0,0.0,0.0,0.0,0.01,0.0,0.0,0.0,0.0,0.0,0.0,0.0,0.0,0.0,0.0,0.0,0.02,0.0,0.0,0.01,0.0,0.0,0.0,0.0,0.0,0.0,0.01,0.01,0.0,0.0,0.0,0.0,0.0,0.01,0.0,0.0,0.0,0.01,0.0,0.0,0.01,0.01,0.0,0.01,0.0,0.0,0.0,0.01,0.01,0.02,0.0,0,0,1.0,0.16666666666666666,2,0.0,0,0.0,0.0,0.2976,easy,8.51,0,0,0,0,0,0,0,0,0,0,1,0,0,0,1,0,0,1,0,0,0
18,9,1,5d482eab21c9be351f7641ca,2020-04-21 20:25:01.724000+00:00,i agree i think she is making a big deal out of nothing,1.0,1,0.166666667,6,i agree. i think she is making a big deal out of nothing.,4,13,55,1,-0.2693895210467328,-0.5004938272808618,0.0,0.0,0.0,0.0,0.0,0.01,0.0,0.0,0.0,0.0,0.01,0.01,0.0,0.0,0.0,0.0,0.0,0.0,0.0,0.0,0.01,0.01,0.0,0.02,0.0,0.0,0.02,0.0,0.0,0.0,0.02,0.0,0.0,0.0,0.0,0.01,0.0,0.02,0.0,0.0,0.0,0.02,0.0,0.01,0.0,0.01,0.030000000000000002,0.02,0.0,0.0,0.0,0.01,0.02,0.06999999999999999,0.0,0,0,0.9230769230769231,0.15384615384615385,0,0.0,0,0.1,0.0,0.6447999999999999,easy,5.201,0,0,1,0,1,0,0,0,0,0,1,1,0,0,0,0,0,0,0,0,0
18,9,1,5d482eab21c9be351f764047,2020-04-21 20:25:08.917000+00:00,i believe the mother is be the asshole ,1.0,1,0.166666667,6,i believe the mother is be the asshole. ,5,8,39,1,-0.6611826942894591,-0.9624881293862727,0.0,0.0,0.0,0.0,0.0,0.0,0.0,0.0,0.0,0.0,0.0,0.0,0.01,0.0,0.0,0.0,0.0,0.01,0.0,0.0,0.0,0.01,0.0,0.02,0.0,0.0,0.0,0.0,0.0,0.0,0.01,0.0,0.0,0.0,0.0,0.0,0.01,0.01,0.0,0.0,0.0,0.030000000000000002,0.0,0.02,0.0,0.02,0.01,0.0,0.0,0.0,0.0,0.0,0.01,0.049999999999999996,0.0,0,0,0.875,0.125,1,0.00015518311607697082,0,0.0,0.0,0.3968,easy,7.193,0,0,0,0,0,0,0,0,0,0,0,1,0,0,0,0,0,0,0,0,0
18,9,1,5d482eaa21c9be351f763c90,2020-04-21 20:25:11.818000+00:00,my first impression is that the parent isnt the asshole particularly,1.0,1,0.166666667,6,"my first impression is that the parent isn't the asshole, particularly.",6,11,68,1,-0.2693895210467328,-0.5004938272808618,0.0,0.0,0.0,0.0,0.0,0.0,0.0,0.01,0.0,0.0,0.0,0.01,0.01,0.0,0.0,0.0,0.0,0.01,0.0,0.0,0.01,0.0,0.0,0.02,0.0,0.0,0.01,0.0,0.0,0.0,0.01,0.01,0.0,0.0,0.0,0.0,0.01,0.01,0.0,0.0,0.0,0.02,0.0,0.02,0.0,0.02,0.0,0.0,0.0,0.0,0.0,0.0,0.01,0.05,0.0,0,0,0.9090909090909091,0.0,3,0.0003202049311559398,0,0.3333333333333333,0.20833333333333331,5.617554545454546,medium,2.901,0,0,0,0,0,0,0,0,0,0,0,1,0,0,0,0,0,0,0,0,0
18,9,1,5e9f48469dc0406f8987976c,2020-04-21 20:25:45.128000+00:00,i think they are the asshole primarily because they could have had a private discussion or asked to learn a few phrases in french so that they could feel included,1.0,1,0.166666667,6,i think they are the asshole primarily because they could have had a private discussion or asked to learn a few phrases in french so that they could feel included.,7,30,162,1,1.4936797585455353,1.578480532193487,0.02,0.0,0.0,0.03,0.0,0.01,0.0,0.0,0.02,0.0,0.0,0.0,0.01,0.0,0.0,0.0,0.0,0.0,0.0,0.01,0.0,0.03,0.0,0.04,0.0,0.02,0.01,0.0,0.0,0.0,0.06,0.01,0.0,0.01,0.0,0.01,0.01,0.01,0.01,0.01,0.01,0.08,0.0,0.03,0.02,0.05,0.08,0.02,0.0,0.01,0.0,0.02,0.01,0.17,0.0,0,0,0.8666666666666667,0.03333333333333333,2,0.0003202049311559398,0,0.24375,0.05,1.488,easy,33.31,0,0,1,0,1,0,0,0,0,0,0,1,0,0,0,0,0,0,0,0,0
19,9,2,5d482eaa21c9be351f763c90,2020-04-21 20:39:27.217000+00:00,i think the writer is correct its her choice what language to speak,0.5,1,0.166666667,6,"i think the writer is correct, it's her choice what language to speak",1,13,67,1,-0.17144122773605125,-0.6039706587330438,0.0,0.01,0.0,0.0,0.01,0.0,0.0,0.0,0.0,0.0,0.01,0.0,0.0,0.0,0.0,0.0,0.0,0.0,0.0,0.0,0.0,0.02,0.0,0.02,0.0,0.0,0.0,0.0,0.0,0.0,0.03,0.02,0.0,0.0,0.0,0.0,0.0,0.01,0.0,0.0,0.0,0.02,0.0,0.01,0.0,0.01,0.03,0.01,0.0,0.01,0.0,0.01,0.01,0.07,0.0,0,0,1.0,0.07692307692307693,0,0.0,0,0.0,0.0,0.6447999999999999,easy,0.0,0,0,1,0,1,0,0,0,0,0,0,1,0,0,0,0,0,1,0,0,0
19,9,2,5e9f48469dc0406f8987976c,2020-04-21 20:39:36.583000+00:00,i agree i do not think this person is the asshole,0.5,1,0.166666667,6,"i agree, i do not think this person is the asshole",2,11,49,1,-0.4652861076680959,-0.8470320213939029,0.0,0.0,0.0,0.0,0.0,0.0,0.0,0.0,0.0,0.0,0.0,0.009999999999999998,0.009999999999999998,0.0,0.0,0.0,0.0,0.0,0.0,0.0,0.009999999999999998,0.009999999999999998,0.009999999999999998,0.03,0.0,0.0,0.0,0.0,0.0,0.0,0.009999999999999998,0.009999999999999998,0.0,0.0,0.0,0.0,0.009999999999999998,0.019999999999999997,0.0,0.0,0.009999999999999998,0.03,0.0,0.009999999999999998,0.0,0.019999999999999997,0.019999999999999997,0.0,0.0,0.0,0.0,0.0,0.019999999999999997,0.06999999999999999,0.0,0,0,0.9090909090909091,0.18181818181818182,2,0.0006587982879030706,0,0.0,0.0,0.5456,easy,9.366,0,0,1,0,1,0,0,0,0,0,1,1,0,0,0,0,0,0,0,0,0
19,9,2,5d482eaa21c9be351f763c90,2020-04-21 20:39:36.701000+00:00,and she is not the asshole,0.5,1,0.166666667,6,and she is not the asshole.,3,6,26,1,-0.7591309876001406,-1.090093384054762,0.0,0.0,0.0,0.01,0.0,0.01,0.0,0.0,0.0,0.0,0.01,0.01,0.01,0.0,0.0,0.0,0.0,0.0,0.0,0.0,0.0,0.0,0.0,0.01,0.0,0.0,0.0,0.0,0.0,0.0,0.01,0.0,0.0,0.0,0.0,0.0,0.01,0.0,0.0,0.0,0.01,0.01,0.0,0.01,0.01,0.01,0.02,0.0,0.0,0.0,0.0,0.0,0.0,0.05,0.0,0,0,1.0,0.0,3,0.0003202049311559398,0,0.0,0.0,0.2976,easy,0.118,0,0,0,0,0,0,0,0,0,0,0,0,0,0,0,0,1,0,0,0,0
19,9,2,5d482eab21c9be351f764047,2020-04-21 20:39:54.709000+00:00,i think the daughter was a bit of an asshole,0.5,1,0.166666667,6,i think the daughter was a bit of an asshole.,4,10,44,1,-0.4652861076680959,-0.8470320213939029,0.0,0.0,0.0,0.0,0.0,0.0,0.0,0.0,0.0,0.0,0.0,0.0,0.01,0.0,0.0,0.0,0.0,0.01,0.0,0.01,0.0,0.01,0.0,0.01,0.0,0.01,0.0,0.0,0.0,0.0,0.01,0.0,0.0,0.0,0.0,0.0,0.01,0.01,0.0,0.0,0.0,0.02,0.0,0.03,0.0,0.01,0.01,0.01,0.0,0.0,0.0,0.01,0.01,0.06,0.0,0,0,1.0,0.1,1,0.0003202049311559398,0,0.0,0.0,0.496,easy,18.008,0,0,1,0,1,0,0,0,0,0,0,1,0,0,0,0,0,0,0,0,0
19,9,2,5d482eaa21c9be351f763d6b,2020-04-21 20:39:55.818000+00:00,i agree i feel she shouldve talked to him first instead of just calling him a asshole if she had a problem,0.5,1,0.166666667,6,"i agree, i feel she should've talked to him first instead of just calling him a asshole if she had a problem.",5,22,106,1,0.6121451187494011,0.04419297502924722,0.030000000000000002,0.0,0.0,0.01,0.0,0.0,0.0,0.01,0.02,0.0,0.04,0.0,0.01,0.0,0.0,0.0,0.0,0.0,0.0,0.0,0.01,0.01,0.0,0.01,0.01,0.030000000000000002,0.01,0.0,0.0,0.0,0.060000000000000005,0.0,0.0,0.0,0.0,0.0,0.01,0.02,0.01,0.01,0.02,0.04,0.0,0.02,0.01,0.02,0.05,0.02,0.0,0.01,0.0,0.02,0.02,0.13,0.0,0,0,0.8181818181818182,0.09090909090909091,3,0.0006305711633098814,0,0.3333333333333333,0.25,1.0912,easy,1.109,0,0,1,0,1,0,0,0,0,0,1,1,0,0,0,0,0,0,1,0,0
19,9,2,5d482eaa21c9be351f763c90,2020-04-21 20:40:20.880000+00:00,oops sorry the writer is a man the son,0.5,1,0.166666667,6,"oops sorry, the writer is a man, the son.",6,9,38,1,-0.4652861076680959,-0.8470320213939029,0.0,0.0,0.0,0.0,0.0,0.0,0.0,0.0,0.0,0.0,0.0,0.0,0.0,0.0,0.0,0.0,0.0,0.01,0.0,0.0,0.0,0.0,0.01,0.01,0.0,0.0,0.0,0.0,0.0,0.0,0.02,0.0,0.0,0.0,0.0,0.0,0.0,0.0,0.0,0.0,0.0,0.01,0.0,0.03,0.0,0.01,0.0,0.0,0.0,0.0,0.0,0.01,0.0,0.04,0.0,0,0,0.8888888888888888,0.0,1,0.0,0,1.0,-0.5,0.44639999999999996,easy,25.062,0,0,0,0,0,0,0,0,1,0,0,0,0,0,0,0,0,0,1,0,0
20,10,1,5e31d6b2e31c5304c46f140a,2020-04-21 19:59:31.601000+00:00,hi i do not think this person was an asshole ,0.833333333,2,0.333333333,6,hi! i do not think this person was an asshole. ,1,10,45,1,-0.5632344009787775,0.05374318767656897,0.0,0.0,0.0,0.0,0.0,0.0,0.0,0.0,0.0,0.0,0.0,0.01,0.01,0.0,0.0,0.0,0.0,0.0,0.0,0.0,0.0,0.01,0.01,0.02,0.0,0.01,0.0,0.0,0.0,0.0,0.02,0.01,0.0,0.0,0.0,0.0,0.01,0.01,0.0,0.0,0.01,0.03,0.0,0.01,0.0,0.02,0.02,0.0,0.0,0.0,0.0,0.0,0.01,0.06,0.0,0,0,1.0,0.2,0,0.0,0,0.0,0.0,0.496,easy,0.0,0,0,1,0,1,0,0,0,0,0,1,0,0,0,1,0,0,0,0,0,0
20,10,1,5e9f42d89dc0406f89878720,2020-04-21 19:59:41.088000+00:00,hi i agree,0.833333333,2,0.333333333,6,"hi, i agree!",2,3,10,1,-1.2488724541535483,-0.9544790131358639,0.0,0.0,0.0,0.0,0.0,0.0,0.0,0.0,0.0,0.0,0.0,0.0,0.0,0.0,0.0,0.0,0.0,0.0,0.0,0.0,0.010000000000000002,0.0,0.0,0.0,0.0,0.0,0.0,0.0,0.0,0.0,0.010000000000000002,0.0,0.0,0.0,0.0,0.0,0.0,0.010000000000000002,0.0,0.0,0.0,0.0,0.0,0.0,0.0,0.0,0.0,0.0,0.0,0.0,0.0,0.0,0.010000000000000002,0.010000000000000002,0.0,0,0,1.0,0.6666666666666666,1,0.00015518311607697082,0,0.0,0.0,0.1488,easy,9.487,0,0,0,0,0,0,0,0,0,0,1,0,0,0,1,0,0,0,0,0,0
20,10,1,5e9f3a0e9dc0406f898777e6,2020-04-21 19:59:41.603000+00:00,no i do not either,0.833333333,2,0.333333333,6,no i do not either,3,5,18,1,-0.9550275742215037,-0.5223837842162498,0.0,0.0,0.0,0.0,0.0,0.0,0.0,0.0,0.0,0.0,0.0,0.019999999999999997,0.0,0.0,0.0,0.0,0.0,0.0,0.0,0.009999999999999998,0.0,0.0,0.0,0.009999999999999998,0.0,0.0,0.0,0.0,0.0,0.0,0.0,0.0,0.0,0.0,0.0,0.0,0.0,0.009999999999999998,0.0,0.0,0.019999999999999997,0.009999999999999998,0.0,0.0,0.009999999999999998,0.009999999999999998,0.019999999999999997,0.0,0.0,0.0,0.0,0.0,0.009999999999999998,0.039999999999999994,0.0,0,0,1.0,0.2,0,0.00015518311607697082,0,0.0,0.0,0.248,easy,0.515,0,0,0,0,0,0,0,0,0,0,1,0,0,0,0,0,0,0,0,0,0
20,10,1,5e9f433c9dc0406f898787dd,2020-04-21 19:59:44.939000+00:00,the mother is not an asshole by asking the son and his husband politely to not talk in other language that she doesnt understand,0.833333333,2,0.333333333,6,the mother is not an asshole by asking the son and his husband politely to not talk in other language that she doesn't understand,4,24,128,1,1.0039382919921274,2.358251075247844,0.0,0.0,0.0,0.01,0.0,0.01,0.0,0.0,0.0,0.0,0.02,0.03,0.01,0.0,0.0,0.0,0.0,0.03,0.0,0.0,0.0,0.01,0.0,0.03,0.0,0.0,0.01,0.0,0.0,0.0,0.08,0.02,0.0,0.0,0.0,0.0,0.01,0.0,0.0,0.0,0.02,0.03,0.0,0.03,0.01,0.02,0.04,0.03,0.0,0.0,0.0,0.0,0.0,0.14,0.0,0,0,0.9166666666666666,0.0,2,0.0,0,0.375,-0.125,1.1904,easy,3.336,0,0,0,0,0,0,0,0,0,0,0,0,0,0,0,0,0,0,0,0,0
20,10,1,5e9f3a0e9dc0406f898777e6,2020-04-21 19:59:47.621000+00:00,she was nice to have them,0.833333333,2,0.333333333,6,she was nice to have them,5,6,25,1,-0.7591309876001406,-0.2343202982698404,0.0,0.0,0.0,0.0,0.0,0.0,0.0,0.0,0.0,0.0,0.01,0.0,0.0,0.0,0.0,0.0,0.0,0.0,0.0,0.0,0.01,0.0,0.0,0.01,0.0,0.01,0.0,0.0,0.0,0.0,0.02,0.0,0.0,0.0,0.0,0.0,0.0,0.0,0.0,0.0,0.0,0.02,0.0,0.0,0.0,0.02,0.0,0.01,0.0,0.0,0.0,0.01,0.0,0.05,0.0,0,0,1.0,0.0,2,0.0,0,1.0,0.6,0.2976,easy,2.682,0,0,0,0,0,0,0,0,0,0,0,0,0,0,0,0,0,1,0,0,0
20,10,1,5e9de7129dc0406f898722c9,2020-04-21 19:59:50.601000+00:00,i dont think so either,0.833333333,2,0.333333333,6,i dont think so either,6,5,22,1,-0.9550275742215037,-0.5223837842162498,0.0,0.0,0.0,0.01,0.0,0.0,0.0,0.0,0.01,0.0,0.0,0.01,0.0,0.0,0.0,0.0,0.0,0.0,0.0,0.01,0.0,0.01,0.0,0.02,0.0,0.0,0.0,0.0,0.0,0.0,0.0,0.0,0.0,0.0,0.0,0.0,0.0,0.01,0.0,0.0,0.01,0.02,0.0,0.0,0.01,0.01,0.02,0.0,0.0,0.0,0.0,0.0,0.01,0.02,0.0,0,0,1.0,0.2,0,0.0,0,0.0,0.0,0.248,easy,2.98,0,0,1,0,1,0,0,0,0,0,0,1,0,0,0,0,0,0,0,0,0
20,10,1,5e31d6b2e31c5304c46f140a,2020-04-21 19:59:56.890000+00:00,she was just asking in a public setting where everyone was to just speak in a language that everybody understands so nobody feels left out ,0.833333333,2,0.333333333,6,she was just asking in a public setting where everyone was to just speak in a language that everybody understands so nobody feels left out. ,7,25,139,1,1.101886585302809,2.502282818221049,0.0,0.01,0.0,0.01,0.01,0.01,0.0,0.0,0.04,0.0,0.01,0.01,0.0,0.0,0.0,0.0,0.0,0.0,0.0,0.0,0.0,0.02,0.0,0.02,0.0,0.02,0.049999999999999996,0.0,0.0,0.0,0.06999999999999999,0.04,0.0,0.0,0.0,0.0,0.0,0.0,0.01,0.0,0.02,0.04,0.0,0.02,0.03,0.02,0.06,0.04,0.0,0.02,0.0,0.02,0.0,0.13999999999999999,0.0,0,0,0.84,0.0,1,0.0,0,0.03333333333333333,0.0,1.24,easy,6.289,0,0,1,0,1,0,0,0,0,0,0,0,0,0,0,0,0,0,0,0,0
20,10,1,5e9f3a0e9dc0406f898777e6,2020-04-21 19:59:57.933000+00:00,and it was disrespectful of them,0.833333333,2,0.333333333,6,and it was disrespectful of them,8,6,32,1,-0.7591309876001406,-0.2343202982698404,0.0,0.0,0.0,0.01,0.0,0.01,0.0,0.0,0.0,0.0,0.0,0.0,0.0,0.0,0.0,0.0,0.0,0.0,0.0,0.0,0.0,0.0,0.0,0.0,0.0,0.01,0.0,0.0,0.0,0.0,0.01,0.01,0.0,0.0,0.0,0.0,0.0,0.0,0.0,0.0,0.0,0.01,0.0,0.0,0.01,0.01,0.01,0.01,0.0,0.0,0.0,0.0,0.0,0.05,0.0,0,0,1.0,0.0,1,0.0,0,0.0,0.0,0.2976,easy,1.043,0,0,0,0,0,0,0,0,0,0,0,0,0,0,0,0,1,0,1,0,0
20,10,1,5e9f433c9dc0406f898787dd,2020-04-21 19:59:59.573000+00:00,they are in a shared area of the house,0.833333333,2,0.333333333,6,they are in a shared area of the house,9,9,38,1,-0.4652861076680959,0.19777493064977367,0.0,0.0,0.01,0.0,0.0,0.0,0.0,0.0,0.0,0.0,0.0,0.0,0.0,0.0,0.0,0.0,0.0,0.0,0.0,0.0,0.01,0.0,0.0,0.01,0.0,0.01,0.02,0.0,0.0,0.0,0.02,0.0,0.0,0.0,0.0,0.0,0.0,0.0,0.0,0.0,0.0,0.02,0.0,0.02,0.0,0.01,0.0,0.02,0.0,0.0,0.0,0.01,0.0,0.06,0.0,0,0,1.0,0.0,1,0.0,0,0.0,0.0,0.44639999999999996,easy,1.64,0,0,0,0,0,0,0,0,0,0,0,0,0,0,0,0,0,0,0,0,0
20,10,1,5e84cbb050f6e364321d6258,2020-04-21 20:00:03.527000+00:00,hello that is a great point smallbison,0.833333333,2,0.333333333,6,hello. that is a great point smallbison,10,7,38,1,-0.6611826942894591,-0.09028855529663572,0.0,0.0,0.0,0.0,0.0,0.0,0.0,0.0,0.0,0.0,0.0,0.0,0.0,0.0,0.0,0.0,0.0,0.0,0.0,0.0,0.01,0.0,0.0,0.01,0.0,0.0,0.02,0.0,0.0,0.0,0.01,0.01,0.0,0.0,0.0,0.0,0.0,0.0,0.0,0.0,0.0,0.01,0.0,0.01,0.0,0.01,0.0,0.0,0.0,0.0,0.0,0.02,0.0,0.03,0.0,0,0,1.0,0.0,1,0.0,0,0.75,0.8,0.3472,easy,3.954,0,0,0,0,0,0,0,0,0,0,0,0,0,0,1,0,0,1,0,0,0
20,10,1,5d482eab21c9be351f7641c0,2020-04-21 20:00:05.493000+00:00,me neither,0.833333333,2,0.333333333,6,me neither.,11,2,10,1,-1.1509241608428669,-0.8104472701626592,0.0,0.0,0.0,0.0,0.0,0.0,0.0,0.0,0.0,0.0,0.0,0.010000000000000002,0.0,0.0,0.0,0.0,0.0,0.0,0.0,0.010000000000000002,0.0,0.0,0.0,0.0,0.0,0.0,0.0,0.0,0.0,0.0,0.0,0.0,0.0,0.0,0.0,0.0,0.0,0.010000000000000002,0.0,0.0,0.0,0.0,0.0,0.0,0.0,0.0,0.0,0.0,0.0,0.0,0.0,0.0,0.010000000000000002,0.010000000000000002,0.0,0,0,1.0,0.0,0,0.0,0,0.0,0.0,0.0992,easy,1.966,0,0,0,0,0,0,0,0,0,0,0,0,0,0,0,0,0,0,0,0,0
20,10,1,5e31d6b2e31c5304c46f140a,2020-04-21 20:00:09.032000+00:00,it is her home and honestly she can have her own rules,0.833333333,2,0.333333333,6,it is her home and honestly she can have her own rules,12,12,54,1,-0.17144122773605125,0.6298701595693877,0.0,0.0,0.01,0.01,0.0,0.01,0.0,0.0,0.0,0.0,0.03,0.0,0.0,0.0,0.0,0.0,0.0,0.0,0.0,0.01,0.01,0.0,0.0,0.03,0.0,0.0,0.0,0.0,0.0,0.0,0.03,0.01,0.0,0.0,0.0,0.0,0.0,0.0,0.0,0.0,0.0,0.03,0.0,0.0,0.01,0.03,0.01,0.0,0.0,0.0,0.0,0.0,0.0,0.09,0.0,0,0,0.9166666666666666,0.0,0,0.0,0,0.95,0.6,0.5952,easy,3.539,0,0,0,0,0,1,0,0,0,0,0,0,0,0,0,0,0,0,0,0,0
20,10,1,5e9f433c9dc0406f898787dd,2020-04-21 20:00:09.530000+00:00,the son and the partner should respect the parents,0.833333333,2,0.333333333,6,the son and the partner should respect the parents,13,9,50,1,-0.4652861076680959,0.19777493064977367,0.01,0.0,0.0,0.01,0.0,0.01,0.0,0.0,0.0,0.0,0.0,0.0,0.0,0.0,0.0,0.0,0.0,0.02,0.0,0.0,0.01,0.0,0.01,0.0,0.01,0.0,0.0,0.0,0.0,0.0,0.03,0.0,0.0,0.0,0.0,0.0,0.0,0.0,0.0,0.0,0.0,0.01,0.01,0.03,0.01,0.01,0.02,0.0,0.0,0.0,0.0,0.01,0.0,0.05,0.0,0,0,0.7777777777777778,0.0,1,0.0,0,0.0,0.0,0.44639999999999996,easy,0.498,0,0,1,0,0,0,0,0,0,0,0,0,0,0,0,0,0,1,0,0,0
20,10,1,5e31d6b2e31c5304c46f140a,2020-04-21 20:00:11.852000+00:00,yes i agree,0.833333333,2,0.333333333,6,yes i agree,14,3,11,1,-1.1509241608428669,-0.8104472701626592,0.0,0.0,0.0,0.0,0.0,0.0,0.0,0.0,0.0,0.0,0.0,0.0,0.0,0.0,0.0,0.0,0.0,0.0,0.0,0.0,0.01,0.0,0.0,0.0,0.0,0.0,0.0,0.0,0.0,0.0,0.0,0.0,0.0,0.0,0.0,0.0,0.0,0.01,0.0,0.0,0.0,0.0,0.0,0.0,0.01,0.0,0.0,0.0,0.0,0.0,0.0,0.0,0.01,0.01,0.0,0,0,1.0,0.3333333333333333,0,0.0,0,0.0,0.0,0.1488,easy,2.322,0,0,0,0,0,0,0,0,0,0,1,0,0,0,0,0,0,0,0,0,0
20,10,1,5e9f3a0e9dc0406f898777e6,2020-04-21 20:00:15.908000+00:00,yes i agree,0.833333333,2,0.333333333,6,yes i agree,15,3,11,1,-1.1509241608428669,-0.8104472701626592,0.0,0.0,0.0,0.0,0.0,0.0,0.0,0.0,0.0,0.0,0.0,0.0,0.0,0.0,0.0,0.0,0.0,0.0,0.0,0.0,0.01,0.0,0.0,0.0,0.0,0.0,0.0,0.0,0.0,0.0,0.0,0.0,0.0,0.0,0.0,0.0,0.0,0.01,0.0,0.0,0.0,0.0,0.0,0.0,0.01,0.0,0.0,0.0,0.0,0.0,0.0,0.0,0.01,0.01,0.0,0,0,1.0,0.3333333333333333,0,0.00214939673723574,0,0.0,0.0,0.1488,easy,4.056,0,0,0,0,0,0,0,0,0,0,1,0,0,0,0,0,0,0,0,0,0
20,10,1,5d482eab21c9be351f7641c0,2020-04-21 20:00:18.003000+00:00,plus she was in her own house,0.833333333,2,0.333333333,6,plus she was in her own house.,16,7,29,1,-0.6611826942894591,-0.09028855529663572,0.0,0.0,0.009999999999999998,0.009999999999999998,0.0,0.009999999999999998,0.0,0.0,0.0,0.0,0.019999999999999997,0.0,0.0,0.0,0.0,0.0,0.0,0.0,0.0,0.009999999999999998,0.0,0.0,0.0,0.0,0.0,0.009999999999999998,0.009999999999999998,0.0,0.0,0.0,0.019999999999999997,0.0,0.0,0.0,0.0,0.0,0.0,0.0,0.0,0.0,0.0,0.009999999999999998,0.0,0.0,0.0,0.009999999999999998,0.009999999999999998,0.019999999999999997,0.0,0.0,0.0,0.0,0.0,0.05,0.0,0,0,1.0,0.0,0,0.0,0,1.0,0.6,0.3472,easy,2.095,0,0,0,0,0,0,0,0,0,0,0,0,0,0,0,0,0,0,0,0,0
20,10,1,5e31d6b2e31c5304c46f140a,2020-04-21 20:00:25.048000+00:00,yes exactly,0.833333333,2,0.333333333,6,yes exactly!,17,2,11,1,-1.1509241608428669,-0.8104472701626592,0.0,0.0,0.0,0.0,0.01,0.0,0.0,0.0,0.0,0.0,0.0,0.0,0.0,0.0,0.0,0.0,0.0,0.0,0.0,0.0,0.0,0.0,0.0,0.0,0.0,0.0,0.0,0.0,0.0,0.0,0.0,0.0,0.0,0.0,0.0,0.0,0.0,0.0,0.0,0.0,0.0,0.0,0.0,0.0,0.01,0.0,0.01,0.0,0.0,0.0,0.0,0.0,0.0,0.0,0.0,0,0,1.0,0.0,0,0.0,0,0.25,0.25,0.0992,easy,7.045,0,0,0,0,0,0,0,0,0,0,0,0,0,0,0,0,0,0,0,0,0
21,10,3,5e31d6b2e31c5304c46f140a,2020-04-21 20:29:07.992000+00:00,hi guys ,1.0,1,0.166666667,6,hi guys! ,1,2,8,1,-1.2488724541535483,-0.8673381465756049,0.0,0.0,0.0,0.0,0.0,0.0,0.0,0.0,0.0,0.0,0.0,0.0,0.0,0.0,0.0,0.0,0.0,0.0,0.0,0.0,0.0,0.0,0.01,0.0,0.0,0.0,0.0,0.0,0.0,0.0,0.02,0.0,0.0,0.0,0.0,0.0,0.0,0.0,0.0,0.0,0.0,0.0,0.0,0.0,0.0,0.0,0.0,0.0,0.0,0.0,0.0,0.0,0.0,0.0,0.0,0,0,1.0,0.5,0,0.0,0,0.0,0.0,0.0992,easy,0.0,0,0,0,0,0,0,0,0,0,0,0,0,0,0,1,0,0,0,0,0,0
21,10,3,5e9f433c9dc0406f898787dd,2020-04-21 20:29:10.864000+00:00,hi,1.0,1,0.166666667,6,hi,2,1,2,1,-1.2488724541535483,-0.8673381465756049,0.0,0.0,0.0,0.0,0.0,0.0,0.0,0.0,0.0,0.0,0.0,0.0,0.0,0.0,0.0,0.0,0.0,0.0,0.0,0.0,0.0,0.0,0.0,0.0,0.0,0.0,0.0,0.0,0.0,0.0,0.01,0.0,0.0,0.0,0.0,0.0,0.0,0.0,0.0,0.0,0.0,0.0,0.0,0.0,0.0,0.0,0.0,0.0,0.0,0.0,0.0,0.0,0.0,0.0,0.0,0,0,1.0,0.0,1,0.0,0,0.0,0.0,0.0496,easy,2.872,0,0,0,0,0,0,0,0,0,0,0,0,0,0,1,0,0,0,0,0,0
21,10,3,5e31d6b2e31c5304c46f140a,2020-04-21 20:29:11.556000+00:00,yes he is an asshole,1.0,1,0.166666667,6,yes he is an asshole,3,5,20,1,-0.8570792809108222,-0.3892523153160536,0.0,0.0,0.0,0.0,0.0,0.0,0.0,0.0,0.0,0.0,0.010000000000000002,0.0,0.010000000000000002,0.0,0.0,0.0,0.0,0.0,0.0,0.0,0.0,0.0,0.0,0.010000000000000002,0.0,0.0,0.0,0.0,0.0,0.0,0.010000000000000002,0.0,0.0,0.0,0.0,0.0,0.010000000000000002,0.0,0.0,0.0,0.0,0.010000000000000002,0.0,0.010000000000000002,0.010000000000000002,0.010000000000000002,0.0,0.0,0.0,0.0,0.0,0.0,0.0,0.03,0.0,0,0,1.0,0.0,0,0.0,0,0.0,0.0,0.248,easy,0.692,0,0,0,0,0,0,0,0,0,0,0,0,0,0,0,0,0,0,0,0,0
21,10,3,5e9f42d89dc0406f89878720,2020-04-21 20:29:11.573000+00:00,hi all i think he is an asshole ,1.0,1,0.166666667,6,hi all! i think he is an asshole :),4,8,32,1,-0.7591309876001406,-0.26973085750116577,0.0,0.0,0.0,0.0,0.01,0.0,0.0,0.0,0.0,0.0,0.01,0.0,0.01,0.0,0.0,0.0,0.0,0.0,0.0,0.0,0.0,0.01,0.0,0.02,0.0,0.0,0.0,0.0,0.0,0.0,0.02,0.0,0.0,0.0,0.0,0.0,0.01,0.01,0.0,0.0,0.0,0.02,0.0,0.01,0.0,0.01,0.02,0.0,0.0,0.0,0.0,0.0,0.01,0.05,0.0,0,0,1.0,0.25,3,0.0003202049311559398,0,0.0,0.0,0.3968,easy,0.017,0,0,1,0,1,0,0,0,0,0,1,0,0,0,1,0,0,0,0,0,0
21,10,3,5e9de7129dc0406f898722c9,2020-04-21 20:29:12.172000+00:00,hi,1.0,1,0.166666667,6,hi,5,1,2,1,-1.2488724541535483,-0.8673381465756049,0.0,0.0,0.0,0.0,0.0,0.0,0.0,0.0,0.0,0.0,0.0,0.0,0.0,0.0,0.0,0.0,0.0,0.0,0.0,0.0,0.0,0.0,0.0,0.0,0.0,0.0,0.0,0.0,0.0,0.0,0.01,0.0,0.0,0.0,0.0,0.0,0.0,0.0,0.0,0.0,0.0,0.0,0.0,0.0,0.0,0.0,0.0,0.0,0.0,0.0,0.0,0.0,0.0,0.0,0.0,0,0,1.0,0.0,1,0.0,0,0.0,0.0,0.0496,easy,0.599,0,0,0,0,0,0,0,0,0,0,0,0,0,0,1,0,0,0,0,0,0
21,10,3,5e84cbb050f6e364321d6258,2020-04-21 20:29:15.053000+00:00,hello again,1.0,1,0.166666667,6,hello again!,6,2,11,1,-1.1509241608428669,-0.7478166887607172,0.0,0.0,0.0,0.0,0.0,0.0,0.0,0.0,0.01,0.0,0.0,0.0,0.0,0.0,0.0,0.0,0.0,0.0,0.0,0.0,0.0,0.0,0.0,0.0,0.0,0.0,0.01,0.0,0.0,0.0,0.01,0.0,0.0,0.0,0.0,0.0,0.0,0.0,0.0,0.0,0.0,0.0,0.0,0.0,0.0,0.0,0.0,0.0,0.0,0.0,0.0,0.0,0.0,0.01,0.0,0,0,1.0,0.0,0,0.0,0,0.0,0.0,0.0992,easy,2.881,0,0,0,0,0,0,0,0,0,0,0,0,0,0,1,0,0,0,0,0,0
21,10,3,5e9f3a0e9dc0406f898777e6,2020-04-21 20:29:15.595000+00:00,to me he is borderlline asshole,1.0,1,0.166666667,6,to me he is borderlline asshole,7,6,31,1,-0.8570792809108222,-0.3892523153160536,0.0,0.0,0.0,0.0,0.0,0.0,0.0,0.0,0.0,0.0,0.01,0.0,0.01,0.0,0.0,0.0,0.0,0.0,0.0,0.0,0.0,0.0,0.0,0.01,0.0,0.0,0.0,0.0,0.0,0.0,0.01,0.0,0.0,0.0,0.0,0.0,0.01,0.01,0.0,0.0,0.0,0.01,0.0,0.0,0.0,0.01,0.0,0.01,0.0,0.0,0.0,0.0,0.01,0.04,0.0,0,0,1.0,0.16666666666666666,0,0.0,0,0.0,0.0,6.565766666666667,difficult,0.542,0,0,0,0,0,0,0,0,0,0,0,0,0,0,0,0,0,0,0,0,0
21,10,3,5e9f433c9dc0406f898787dd,2020-04-21 20:29:16.343000+00:00,he is an asshole,1.0,1,0.166666667,6,he is an asshole,8,4,16,1,-0.9550275742215037,-0.5087737731309414,0.0,0.0,0.0,0.0,0.0,0.0,0.0,0.0,0.0,0.0,0.01,0.0,0.01,0.0,0.0,0.0,0.0,0.0,0.0,0.0,0.0,0.0,0.0,0.01,0.0,0.0,0.0,0.0,0.0,0.0,0.01,0.0,0.0,0.0,0.0,0.0,0.01,0.0,0.0,0.0,0.0,0.01,0.0,0.01,0.0,0.01,0.0,0.0,0.0,0.0,0.0,0.0,0.0,0.03,0.0,0,0,1.0,0.0,2,0.0003202049311559398,0,0.0,0.0,0.1984,easy,0.748,0,0,0,0,0,0,0,0,0,0,0,0,0,0,0,0,0,0,0,0,0
21,10,3,5e31d6b2e31c5304c46f140a,2020-04-21 20:29:17.263000+00:00,yes oh my god so entitled,1.0,1,0.166666667,6,"yes oh my god, so entitled",9,6,25,1,-0.8570792809108222,-0.3892523153160536,0.0,0.0,0.0,0.01,0.0,0.0,0.0,0.0,0.01,0.0,0.0,0.0,0.0,0.0,0.0,0.0,0.0,0.0,0.0,0.0,0.0,0.0,0.0,0.0,0.0,0.0,0.0,0.0,0.0,0.0,0.0,0.0,0.0,0.0,0.0,0.0,0.0,0.01,0.0,0.0,0.0,0.0,0.0,0.0,0.03,0.0,0.0,0.0,0.0,0.0,0.0,0.0,0.01,0.02,0.0,0,0,1.0,0.16666666666666666,0,0.0,0,0.0,0.0,0.2976,easy,0.92,0,0,0,0,0,0,0,0,0,0,1,0,0,0,0,0,0,0,0,0,0
21,10,3,5e9de7129dc0406f898722c9,2020-04-21 20:29:23.664000+00:00,he is an ashole,1.0,1,0.166666667,6,he is an ashole,10,4,15,1,-0.9550275742215037,-0.5087737731309414,0.0,0.0,0.0,0.0,0.0,0.0,0.0,0.0,0.0,0.0,0.01,0.0,0.0,0.0,0.0,0.0,0.0,0.0,0.0,0.0,0.0,0.0,0.0,0.01,0.0,0.0,0.0,0.0,0.0,0.0,0.01,0.0,0.0,0.0,0.0,0.0,0.0,0.0,0.0,0.0,0.0,0.01,0.0,0.01,0.0,0.01,0.0,0.0,0.0,0.0,0.0,0.0,0.0,0.03,0.0,0,0,1.0,0.0,0,0.0,0,0.0,0.0,0.1984,easy,6.401,0,0,0,0,0,0,0,0,0,0,0,0,0,0,0,0,0,0,0,0,0
21,10,3,5e9f433c9dc0406f898787dd,2020-04-21 20:29:36.804000+00:00,he should respect his mom she is very nice to host them and feed them,1.0,1,0.166666667,6,he should respect his mom. she is very nice to host them and feed them.,11,15,69,1,0.1224036521959934,0.8059622628328249,0.01,0.0,0.0,0.01,0.0,0.01,0.01,0.0,0.01,0.0,0.029999999999999995,0.0,0.0,0.0,0.0,0.0,0.0,0.01,0.0,0.0,0.02,0.0,0.0,0.01,0.01,0.0,0.0,0.0,0.0,0.0,0.05999999999999999,0.0,0.0,0.0,0.0,0.0,0.0,0.0,0.0,0.0,0.0,0.02,0.0,0.0,0.01,0.02,0.02,0.01,0.0,0.0,0.0,0.02,0.0,0.09999999999999999,0.0,0,0,0.9333333333333333,0.0,2,0.0,0,1.0,0.78,0.744,easy,13.14,0,0,1,0,0,0,0,0,0,0,0,0,0,0,0,0,0,1,0,0,0
21,10,3,5e31d6b2e31c5304c46f140a,2020-04-21 20:29:37.354000+00:00,she is offering him a place to stay and all meals at home ,1.0,1,0.166666667,6,she is offering him a place to stay and all meals at home. ,12,13,58,1,-0.07349293442536971,0.5669193472030492,0.0,0.0,0.009999999999999998,0.009999999999999998,0.009999999999999998,0.009999999999999998,0.009999999999999998,0.0,0.0,0.0,0.019999999999999997,0.0,0.0,0.0,0.0,0.0,0.0,0.0,0.0,0.0,0.0,0.0,0.0,0.009999999999999998,0.0,0.0,0.03,0.0,0.0,0.0,0.03,0.0,0.0,0.0,0.0,0.0,0.0,0.0,0.0,0.0,0.0,0.009999999999999998,0.0,0.009999999999999998,0.009999999999999998,0.009999999999999998,0.019999999999999997,0.019999999999999997,0.0,0.0,0.0,0.009999999999999998,0.0,0.07999999999999999,0.0,0,0,1.0,0.0,4,0.0,0,0.0,0.0,0.6447999999999999,easy,0.55,0,0,0,0,0,0,0,0,0,0,0,0,0,0,0,0,0,0,0,0,0
21,10,3,5e9f433c9dc0406f898787dd,2020-04-21 20:29:41.471000+00:00,yes,1.0,1,0.166666667,6,yes,13,1,3,1,-1.2488724541535483,-0.8673381465756049,0.0,0.0,0.0,0.0,0.0,0.0,0.0,0.0,0.0,0.0,0.0,0.0,0.0,0.0,0.0,0.0,0.0,0.0,0.0,0.0,0.0,0.0,0.0,0.0,0.0,0.0,0.0,0.0,0.0,0.0,0.0,0.0,0.0,0.0,0.0,0.0,0.0,0.0,0.0,0.0,0.0,0.0,0.0,0.0,0.009999999999999998,0.0,0.0,0.0,0.0,0.0,0.0,0.0,0.0,0.0,0.0,0,0,1.0,0.0,0,0.0,0,0.0,0.0,0.0496,easy,4.117,0,0,0,0,0,0,0,0,0,0,0,0,0,0,0,0,0,0,0,0,0
21,10,3,5e31d6b2e31c5304c46f140a,2020-04-21 20:29:43.621000+00:00,the least he can do is be respectful ,1.0,1,0.166666667,6,the least he can do is be respectful. ,14,8,37,1,-0.5632344009787775,-0.030687941871390047,0.0,0.0,0.0,0.0,0.0,0.0,0.0,0.0,0.0,0.0,0.01,0.0,0.0,0.0,0.0,0.0,0.0,0.0,0.0,0.01,0.0,0.0,0.0,0.030000000000000002,0.0,0.0,0.0,0.0,0.0,0.0,0.01,0.0,0.0,0.0,0.0,0.0,0.0,0.0,0.0,0.0,0.0,0.04,0.0,0.01,0.0,0.04,0.0,0.0,0.0,0.0,0.0,0.01,0.0,0.060000000000000005,0.0,0,0,1.0,0.0,0,0.0,0,0.55,0.1,0.3968,easy,2.15,0,0,0,0,0,0,0,0,0,0,0,0,0,0,0,0,0,1,0,0,0
21,10,3,5e9f42d89dc0406f89878720,2020-04-21 20:29:44.731000+00:00,i think that just talking with his mom and explaining his partner being shy would be great,1.0,1,0.166666667,6,i think that just talking with his mom and explaining his partner being shy would be great.,15,17,90,1,0.22035194550667497,0.9254837206477128,0.01,0.0,0.0,0.01,0.0,0.02,0.0,0.0,0.01,0.01,0.02,0.0,0.0,0.0,0.0,0.0,0.0,0.01,0.01,0.0,0.01,0.02,0.01,0.01,0.01,0.0,0.0,0.0,0.0,0.0,0.06,0.01,0.0,0.0,0.0,0.0,0.0,0.01,0.0,0.0,0.01,0.04,0.01,0.0,0.02,0.03,0.06,0.01,0.0,0.0,0.0,0.01,0.01,0.09000000000000001,0.0,0,0,0.9411764705882353,0.058823529411764705,1,0.0,0,0.625,0.15000000000000002,0.8432,easy,1.11,0,0,1,0,1,0,0,0,0,0,0,1,0,0,0,0,0,1,0,0,0
21,10,3,5d482eab21c9be351f7641c0,2020-04-21 20:29:44.813000+00:00,i think he was very rude to his mother,1.0,1,0.166666667,6,i think he was very rude to his mother,16,9,38,1,-0.5632344009787775,-0.030687941871390047,0.0,0.0,0.0,0.0,0.0,0.0,0.0,0.0,0.01,0.0,0.02,0.0,0.0,0.0,0.0,0.0,0.0,0.01,0.01,0.0,0.0,0.01,0.0,0.01,0.0,0.01,0.0,0.0,0.0,0.0,0.03,0.0,0.0,0.0,0.0,0.0,0.01,0.01,0.0,0.0,0.0,0.02,0.0,0.0,0.0,0.01,0.01,0.01,0.0,0.0,0.0,0.0,0.01,0.06,0.0,0,0,1.0,0.1111111111111111,1,0.0005036151718260998,0,0.78,-0.39,0.44639999999999996,easy,0.082,0,0,1,0,1,0,0,0,0,0,0,1,0,0,0,0,0,0,1,0,0
21,10,3,5e31d6b2e31c5304c46f140a,2020-04-21 20:29:45.633000+00:00,yes,1.0,1,0.166666667,6,yes!,17,1,3,1,-1.2488724541535483,-0.8673381465756049,0.0,0.0,0.0,0.0,0.0,0.0,0.0,0.0,0.0,0.0,0.0,0.0,0.0,0.0,0.0,0.0,0.0,0.0,0.0,0.0,0.0,0.0,0.0,0.0,0.0,0.0,0.0,0.0,0.0,0.0,0.0,0.0,0.0,0.0,0.0,0.0,0.0,0.0,0.0,0.0,0.0,0.0,0.0,0.0,0.009999999999999998,0.0,0.0,0.0,0.0,0.0,0.0,0.0,0.0,0.0,0.0,0,0,1.0,0.0,0,0.0,0,0.0,0.0,0.0496,easy,0.82,0,0,0,0,0,0,0,0,0,0,0,0,0,0,0,0,0,0,0,0,0
21,10,3,5e9f3a0e9dc0406f898777e6,2020-04-21 20:29:47.974000+00:00,ya he has plenty of time to speak in german maybe while your in america it what you speak,1.0,1,0.166666667,6,"ya he has plenty of time to speak in german, maybe while your in america it what you speak",18,19,89,1,0.5141968254387196,1.2840480940923762,0.0,0.02,0.0,0.01,0.0,0.0,0.0,0.0,0.01,0.0,0.01,0.0,0.0,0.0,0.0,0.0,0.0,0.0,0.0,0.01,0.0,0.0,0.0,0.01,0.0,0.0,0.04,0.0,0.0,0.0,0.06,0.02,0.0,0.0,0.0,0.0,0.0,0.0,0.0,0.01,0.0,0.01,0.0,0.0,0.0,0.01,0.01,0.04,0.0,0.02,0.03,0.0,0.0,0.11,0.01,0,0,0.8947368421052632,0.0,0,0.0,1,0.0,0.0,0.9424,easy,2.341,0,0,1,0,0,0,0,0,0,0,0,0,1,0,0,0,0,0,0,0,0
21,10,3,5e9f433c9dc0406f898787dd,2020-04-21 20:29:54.604000+00:00,he is rude he thinks he is entitled ,1.0,1,0.166666667,6,he is rude. he thinks he is entitled. ,19,8,36,1,-0.5632344009787775,-0.030687941871390047,0.0,0.0,0.0,0.0,0.0,0.0,0.0,0.0,0.0,0.0,0.03,0.0,0.0,0.0,0.0,0.0,0.0,0.0,0.009999999999999998,0.0,0.0,0.009999999999999998,0.0,0.03,0.0,0.0,0.0,0.0,0.0,0.0,0.03,0.0,0.0,0.0,0.0,0.0,0.009999999999999998,0.0,0.0,0.0,0.0,0.03,0.0,0.0,0.0,0.019999999999999997,0.009999999999999998,0.0,0.0,0.0,0.0,0.0,0.0,0.05,0.0,0,0,0.625,0.0,3,0.0,0,0.6,-0.3,0.3968,easy,6.63,0,0,0,0,0,0,0,0,0,0,0,0,0,0,0,0,0,0,1,0,0
22,11,0,5e9f40129dc0406f89878121,2020-04-21 19:21:14.802000+00:00,i think they are not a severe asshole but decently an asshole for not asking their husband how he felt and coming across entitled in expecting help like this from their partner,0.666666667,0,0.0,6,"i think they are not a severe asshole, but decently an asshole for not asking their husband how he felt, and coming across entitled in expecting help like this from their partner",1,32,176,1,1.6895763451668984,0.88227571139378,0.01,0.0,0.0,0.03,0.0,0.01,0.0,0.0,0.01,0.0,0.01,0.02,0.02,0.0,0.0,0.0,0.0,0.01,0.01,0.0,0.01,0.02,0.01,0.02,0.0,0.01,0.03,0.0,0.0,0.0,0.08,0.01,0.0,0.0,0.0,0.01,0.02,0.01,0.01,0.0,0.03,0.03,0.01,0.02,0.02,0.01,0.08,0.04,0.0,0.01,0.0,0.02,0.01,0.16999999999999998,0.0,0,0,0.90625,0.03125,0,0.0,0,0.6666666666666666,0.16666666666666666,1.5872,easy,0.0,0,0,1,0,1,0,0,0,0,0,0,1,0,0,0,0,0,1,1,0,0
22,11,0,5e9f140c9dc0406f89875398,2020-04-21 19:21:43.105000+00:00,i do not think she was in the wrong to ask her husband to help she says it is 10 minutes every once in a while if the mother was calling him multiple times a day to ask for help that would be different,0.666666667,0,0.0,6,"i do not think she was in the wrong to ask her husband to help. she says it is ""10 minutes every once in a while."" if the mother was calling him multiple times a day to ask for help, that would be different.",2,44,201,1,2.864955864895077,1.9270758959390457,0.019999999999999997,0.009999999999999998,0.0,0.019999999999999997,0.009999999999999998,0.0,0.0,0.0,0.0,0.0,0.039999999999999994,0.009999999999999998,0.0,0.0,0.0,0.0,0.0,0.019999999999999997,0.009999999999999998,0.009999999999999998,0.0,0.009999999999999998,0.0,0.049999999999999996,0.009999999999999998,0.019999999999999997,0.06999999999999999,0.0,0.0,0.0,0.11999999999999998,0.019999999999999997,0.0,0.0,0.0,0.0,0.0,0.009999999999999998,0.0,0.009999999999999998,0.019999999999999997,0.08999999999999998,0.0,0.039999999999999994,0.0,0.05999999999999999,0.049999999999999996,0.05999999999999999,0.0,0.009999999999999998,0.0,0.019999999999999997,0.009999999999999998,0.25999999999999995,0.0,0,0,0.7954545454545454,0.022727272727272728,6,0.003398264446941578,0,0.5,-0.16666666666666666,2.1824,easy,28.303,0,0,1,0,1,0,0,0,0,0,0,1,0,0,0,0,0,0,1,0,0
22,11,0,5e9f40089dc0406f8987805e,2020-04-21 19:22:18.580000+00:00,i think they are both not assholes people are just sometimes just fed up with stuff in life,0.666666667,0,0.0,6,i think they are both not assholes. people are just sometimes just fed up with stuff in life,3,18,91,1,0.31830023881735653,-0.3366578372423635,0.0,0.0,0.0,0.0,0.0,0.020000000000000004,0.020000000000000004,0.0,0.020000000000000004,0.0,0.0,0.010000000000000002,0.010000000000000002,0.0,0.010000000000000002,0.0,0.0,0.0,0.0,0.010000000000000002,0.0,0.010000000000000002,0.010000000000000002,0.030000000000000002,0.0,0.010000000000000002,0.04000000000000001,0.0,0.0,0.0,0.020000000000000004,0.010000000000000002,0.0,0.0,0.0,0.0,0.010000000000000002,0.010000000000000002,0.0,0.010000000000000002,0.030000000000000002,0.04000000000000001,0.0,0.0,0.020000000000000004,0.020000000000000004,0.07,0.030000000000000002,0.0,0.0,0.0,0.0,0.010000000000000002,0.11,0.0,0,0,0.8888888888888888,0.05555555555555555,2,0.0005036151718260998,0,0.0,0.0,0.8927999999999999,easy,35.475,0,0,1,0,1,0,0,0,0,0,0,1,0,0,0,0,0,0,0,0,0
22,11,0,5e9f40129dc0406f89878121,2020-04-21 19:22:21.207000+00:00,i think if she had asked him and just communicated appreciation it could have been in kind but to expect it and just hand it over makes a partner feel unappreciated for their efforts i think,0.666666667,0,0.0,6,"i think if she had asked him and just communicated appreciation, it could have been in kind. but to expect it and just hand it over makes a partner feel unappreciated for their efforts i think",4,36,190,1,1.983421225098943,1.1434757575300964,0.03,0.0,0.0,0.039999999999999994,0.0,0.019999999999999997,0.009999999999999998,0.009999999999999998,0.019999999999999997,0.0,0.019999999999999997,0.0,0.0,0.0,0.0,0.0,0.009999999999999998,0.0,0.0,0.0,0.019999999999999997,0.039999999999999994,0.009999999999999998,0.049999999999999996,0.0,0.03,0.019999999999999997,0.0,0.0,0.0,0.06,0.03,0.0,0.0,0.0,0.009999999999999998,0.0,0.019999999999999997,0.019999999999999997,0.009999999999999998,0.039999999999999994,0.09,0.009999999999999998,0.009999999999999998,0.049999999999999996,0.039999999999999994,0.13,0.039999999999999994,0.0,0.019999999999999997,0.0,0.009999999999999998,0.019999999999999997,0.22,0.0,0,0,0.8333333333333334,0.05555555555555555,3,0.0010072303436521996,0,0.9,0.6,6.737933333333332,difficult,2.627,0,0,1,0,1,0,0,0,0,0,1,1,0,0,0,0,0,0,0,0,0
22,11,0,5e9f363a9dc0406f8987761a,2020-04-21 19:22:33.633000+00:00,it depends on how many times per day and the relationship that exists between the family already my family is not close but my husbands is,0.666666667,0,0.0,6,it depends on how many times per day. and the relationship that exists between the family already. my family is not close but my husband's is.,5,26,138,1,1.0039382919921274,0.27280893707570825,0.0,0.0,0.02,0.029999999999999995,0.0,0.02,0.0,0.0,0.01,0.0,0.0,0.01,0.0,0.0,0.0,0.0,0.0,0.029999999999999995,0.0,0.01,0.0,0.0,0.0,0.029999999999999995,0.0,0.0,0.049999999999999996,0.0,0.0,0.0,0.04,0.02,0.0,0.0,0.0,0.02,0.0,0.02,0.0,0.01,0.02,0.029999999999999995,0.0,0.02,0.02,0.02,0.05999999999999999,0.02,0.0,0.0,0.0,0.0,0.02,0.13999999999999999,0.0,0,0,0.8461538461538461,0.07692307692307693,3,0.0,0,0.5,0.5,1.8969076923076922,easy,12.426,0,0,0,0,0,0,0,0,0,0,1,0,0,0,0,0,0,0,0,0,0
22,11,0,5e9f42069dc0406f89878581,2020-04-21 19:22:55.883000+00:00,her husband should help as courtesy,0.666666667,0,0.0,6,her husband should help as courtesy,6,6,35,1,-0.7591309876001406,-1.2943913397421904,0.009999999999999998,0.0,0.0,0.009999999999999998,0.0,0.0,0.0,0.0,0.0,0.0,0.009999999999999998,0.0,0.0,0.0,0.0,0.0,0.0,0.009999999999999998,0.0,0.0,0.0,0.0,0.0,0.0,0.009999999999999998,0.0,0.0,0.0,0.0,0.0,0.03,0.0,0.0,0.0,0.0,0.0,0.0,0.0,0.0,0.0,0.0,0.009999999999999998,0.0,0.0,0.0,0.009999999999999998,0.009999999999999998,0.009999999999999998,0.0,0.0,0.0,0.0,0.0,0.03,0.0,0,0,1.0,0.0,0,0.0,0,0.0,0.0,0.2976,easy,22.25,0,0,1,0,0,0,0,0,0,0,0,0,0,0,0,0,0,0,0,0,0
22,11,0,5e9f3dd89dc0406f89877d08,2020-04-21 19:23:10.347000+00:00,i dont think she was an asshole it is just translating so it is a short amount of time at most she could have talked to her husband first but it isnt unreasonable at all,0.666666667,0,0.0,6,i don't think she was an asshole. it is just translating so it is a short amount of time at most. she could have talked to her husband first but it isn't unreasonable at all.,7,35,169,1,1.983421225098943,1.1434757575300964,0.01,0.0,0.0,0.02,0.01,0.0,0.0,0.01,0.02,0.0,0.03,0.02,0.01,0.0,0.0,0.0,0.0,0.01,0.0,0.01,0.0,0.01,0.0,0.06,0.0,0.02,0.049999999999999996,0.0,0.0,0.0,0.049999999999999996,0.03,0.0,0.0,0.0,0.0,0.01,0.01,0.0,0.01,0.02,0.09,0.0,0.02,0.03,0.07,0.06,0.04,0.0,0.0,0.0,0.01,0.01,0.22,0.0,0,0,0.8571428571428571,0.02857142857142857,1,0.000727802037845706,0,0.37777777777777777,0.25,2.1871428571428573,easy,14.464,0,0,1,0,1,0,0,0,0,0,0,1,0,0,0,0,0,0,1,0,0
22,11,0,5e9f0b249dc0406f89874b78,2020-04-21 19:23:13.614000+00:00,i think this person is an asshole in my opinion there is nothing wrong with her husband helping her parents with english or translating she is supposed to be glad and happy,0.666666667,0,0.0,6,"i think this person is an asshole. in my opinion, there is nothing wrong with her husband helping her parents with english or translating. she is supposed to be glad and happy.",8,32,172,1,1.5916280518562167,0.7952090293483411,0.0,0.0,0.0,0.02,0.0,0.03,0.0,0.0,0.01,0.0,0.03,0.01,0.01,0.0,0.0,0.0,0.0,0.02,0.01,0.0,0.03,0.01,0.01,0.04,0.0,0.01,0.01,0.0,0.0,0.0,0.07,0.01,0.0,0.0,0.0,0.0,0.01,0.02,0.0,0.03,0.01,0.06,0.0,0.01,0.01,0.04,0.07,0.04,0.0,0.0,0.0,0.03,0.02,0.18,0.0,0,0,0.875,0.0625,8,0.009748343452303156,0,0.725,0.2,1.5872,easy,3.267,0,0,1,0,1,0,0,0,0,0,1,1,0,0,0,0,0,1,1,0,0
23,11,1,5e9f40129dc0406f89878121,2020-04-21 19:35:48.200000+00:00,this person is definitely an asshole they sound rude racist intense and quite angry for what is going on,0.833333333,0,0.0,6,"this person is definitely an asshole. they sound rude, racist, intense, and quite angry for what is going on.",1,19,104,1,0.5141968254387196,0.23819154758966074,0.0,0.01,0.0,0.01,0.01,0.01,0.0,0.0,0.01,0.0,0.0,0.0,0.01,0.0,0.0,0.0,0.0,0.0,0.01,0.0,0.01,0.0,0.01,0.02,0.0,0.0,0.02,0.0,0.0,0.0,0.02,0.02,0.0,0.0,0.0,0.0,0.030000000000000002,0.0,0.0,0.01,0.0,0.02,0.0,0.01,0.01,0.02,0.030000000000000002,0.02,0.0,0.01,0.0,0.0,0.0,0.09,0.0,0,0,0.9473684210526315,0.0,0,0.0,0,0.7,-0.039999999999999994,0.9424,easy,0.0,0,0,1,0,0,0,0,0,0,0,0,0,0,0,0,0,0,0,1,0,0
23,11,1,5e9f42069dc0406f89878581,2020-04-21 19:36:01.130000+00:00,the guy is being an asshole,0.833333333,0,0.0,6,the guy is being an asshole,2,6,27,1,-0.7591309876001406,-1.0486614887388959,0.0,0.0,0.0,0.0,0.0,0.0,0.0,0.0,0.0,0.0,0.0,0.0,0.01,0.0,0.0,0.0,0.0,0.0,0.0,0.0,0.0,0.0,0.01,0.01,0.0,0.0,0.0,0.0,0.0,0.0,0.01,0.0,0.0,0.0,0.0,0.0,0.01,0.0,0.0,0.0,0.0,0.02,0.0,0.02,0.0,0.02,0.0,0.0,0.0,0.0,0.0,0.0,0.0,0.04,0.0,0,0,1.0,0.0,2,0.0003202049311559398,0,0.0,0.0,0.2976,easy,12.93,0,0,0,0,0,0,0,0,0,0,0,0,0,0,0,0,0,0,0,0,0
23,11,1,5e9f0b249dc0406f89874b78,2020-04-21 19:36:05.534000+00:00,i feel the man has issues he was just being rude,0.833333333,0,0.0,6,"i feel the man has issues, he was just being rude",3,11,48,1,-0.36733781435741436,-0.6527067083301092,0.0,0.0,0.0,0.0,0.0,0.0,0.0,0.0,0.009999999999999998,0.0,0.009999999999999998,0.0,0.0,0.0,0.0,0.0,0.0,0.0,0.009999999999999998,0.0,0.0,0.009999999999999998,0.009999999999999998,0.019999999999999997,0.0,0.009999999999999998,0.0,0.0,0.0,0.0,0.019999999999999997,0.0,0.0,0.0,0.0,0.0,0.009999999999999998,0.009999999999999998,0.009999999999999998,0.0,0.009999999999999998,0.039999999999999994,0.0,0.009999999999999998,0.009999999999999998,0.03,0.019999999999999997,0.0,0.0,0.009999999999999998,0.0,0.0,0.009999999999999998,0.07,0.0,0,0,1.0,0.09090909090909091,2,0.0,0,0.6,-0.3,0.5456,easy,4.404,0,0,1,0,1,0,0,0,0,0,0,1,0,0,0,0,0,0,1,0,0
23,11,1,5e9f3dd89dc0406f89877d08,2020-04-21 19:36:39.751000+00:00,definitely an asshole to me she calls him as a last resort and he is angry about it,0.833333333,0,0.0,6,definitely an asshole to me. she calls him as a last resort and he is angry about it.,4,18,83,1,0.31830023881735653,0.040214157385267395,0.0,0.0,0.0,0.02,0.01,0.01,0.0,0.0,0.02,0.0,0.03,0.0,0.01,0.0,0.0,0.0,0.0,0.0,0.0,0.0,0.01,0.0,0.0,0.01,0.0,0.0,0.01,0.0,0.0,0.0,0.04,0.01,0.0,0.0,0.0,0.0,0.02,0.01,0.0,0.0,0.0,0.01,0.0,0.02,0.01,0.01,0.02,0.03,0.0,0.0,0.0,0.01,0.01,0.12,0.0,0,0,1.0,0.05555555555555555,1,0.0,0,0.5222222222222223,-0.16666666666666666,0.8927999999999999,easy,34.217,0,0,0,0,0,0,0,0,0,0,0,0,0,0,0,0,0,0,1,0,0
23,11,1,5e873eea46f3b80a33438f43,2020-04-21 19:36:49.084000+00:00,i agree that this man is being insensitive and disrectful in other words hes being an asshole,0.833333333,0,0.0,6,"i agree that this man is being insensitive and disrectful. in other words, he's being an asshole.",5,17,93,1,0.22035194550667497,-0.058774537716929275,0.0,0.0,0.0,0.010000000000000002,0.0,0.010000000000000002,0.0,0.0,0.0,0.0,0.010000000000000002,0.0,0.010000000000000002,0.0,0.0,0.0,0.0,0.0,0.0,0.0,0.010000000000000002,0.0,0.010000000000000002,0.020000000000000004,0.0,0.0,0.010000000000000002,0.0,0.0,0.0,0.020000000000000004,0.030000000000000002,0.0,0.0,0.0,0.0,0.010000000000000002,0.010000000000000002,0.0,0.0,0.0,0.04000000000000001,0.0,0.010000000000000002,0.010000000000000002,0.04000000000000001,0.010000000000000002,0.010000000000000002,0.0,0.0,0.0,0.0,0.010000000000000002,0.1,0.0,0,0,0.9411764705882353,0.058823529411764705,3,0.0003202049311559398,0,0.375,-0.125,5.408523529411765,medium,9.333,0,0,0,0,0,0,0,0,0,0,0,1,0,0,0,0,0,0,1,0,0
23,11,1,5e9f0b249dc0406f89874b78,2020-04-21 19:37:06.713000+00:00,i agrree smallpanda definitely an asshole,0.833333333,0,0.0,6,i agrree smallpanda definitely an asshole,6,6,41,1,-0.8570792809108222,-1.1476501838410926,0.0,0.0,0.0,0.0,0.01,0.0,0.0,0.0,0.01,0.0,0.0,0.0,0.01,0.0,0.0,0.0,0.0,0.0,0.0,0.0,0.01,0.0,0.0,0.0,0.0,0.0,0.01,0.0,0.0,0.0,0.0,0.0,0.0,0.0,0.0,0.0,0.01,0.01,0.0,0.0,0.0,0.0,0.0,0.01,0.0,0.0,0.01,0.0,0.0,0.0,0.0,0.0,0.01,0.02,0.0,0,0,1.0,0.16666666666666666,1,0.0004753880472329106,0,0.5,0.0,0.2976,easy,17.629,0,0,0,0,0,0,0,0,0,0,0,1,0,0,0,0,0,0,0,0,0
23,11,1,5e9f40089dc0406f8987805e,2020-04-21 19:37:07.176000+00:00,my position stands that he is not an asshole as i mentioned earlier he has been doing it for 8 years  its not like he never helps,0.833333333,0,0.0,6,"my position stands that he is not an asshole. as i mentioned earlier, he has been doing it for 8 years.  it's not like he never helps.",7,27,129,1,1.1998348786134905,0.9311124133050375,0.0,0.0,0.0,0.01,0.01,0.0,0.0,0.0,0.0,0.0,0.03,0.03,0.01,0.0,0.0,0.0,0.0,0.0,0.0,0.0,0.02,0.0,0.0,0.03,0.0,0.01,0.04,0.0,0.0,0.0,0.05,0.03,0.0,0.0,0.0,0.0,0.01,0.02,0.0,0.0,0.02,0.05,0.0,0.01,0.0,0.04,0.03,0.02,0.0,0.0,0.0,0.01,0.02,0.17,0.0,0,0,0.8888888888888888,0.037037037037037035,1,0.0004753880472329106,0,0.5,0.0,1.9240148148148148,easy,0.463,0,0,0,0,0,0,0,0,0,0,1,1,0,0,0,0,0,1,0,0,0
23,11,1,5e9f363a9dc0406f8987761a,2020-04-21 19:37:08.955000+00:00,i think that he was very frustrated when he wrote the post but i am willing to believe he was respectful to his mil it sounds like it happens all the time people should make an effort to be independent then ask for help if needed ,0.833333333,0,0.0,6,"i think that he was very frustrated when he wrote the post, but i am willing to believe he was respectful to his mil. it sounds like it happens all the time. people should make an effort to be independent, then ask for help if needed. ",8,46,230,1,2.9629041582057587,2.7129089251445775,0.029999999999999995,0.01,0.0,0.04,0.01,0.0,0.0,0.01,0.02,0.0,0.04,0.0,0.0,0.0,0.0,0.0,0.0,0.0,0.0,0.0,0.01,0.02,0.01,0.05999999999999999,0.01,0.04,0.04,0.0,0.0,0.0,0.09,0.029999999999999995,0.0,0.0,0.0,0.02,0.01,0.02,0.0,0.01,0.02,0.11999999999999998,0.0,0.029999999999999995,0.01,0.049999999999999996,0.09999999999999999,0.04,0.0,0.01,0.0,0.029999999999999995,0.02,0.26999999999999996,0.0,0,0,0.8260869565217391,0.043478260869565216,9,0.00031036623215394165,0,0.45875,-0.03999999999999998,2.6248608695652176,easy,1.779,0,0,1,0,1,0,0,0,0,0,1,1,0,0,0,0,0,1,1,0,0
24,12,0,5e9f12369dc0406f8987514b,2020-04-21 19:06:55.178000+00:00,i dont think this person is an asshole i do think however that he could privately discuss the situation with his mom and husband separately to come to an understanding ,1.0,2,0.285714286,7,i don't think this person is an asshole. i do think however that he could privately discuss the situation with his mom and husband separately to come to an understanding. ,1,30,168,1,1.3957314652348536,1.1852549194824844,0.009999999999999998,0.0,0.0,0.019999999999999997,0.0,0.03,0.0,0.0,0.009999999999999998,0.0,0.019999999999999997,0.009999999999999998,0.009999999999999998,0.0,0.0,0.0,0.0,0.019999999999999997,0.0,0.0,0.0,0.03,0.009999999999999998,0.06,0.0,0.0,0.019999999999999997,0.0,0.0,0.0,0.06,0.019999999999999997,0.0,0.0,0.0,0.0,0.009999999999999998,0.019999999999999997,0.0,0.0,0.0,0.06999999999999999,0.0,0.03,0.009999999999999998,0.039999999999999994,0.06999999999999999,0.03,0.0,0.0,0.0,0.0,0.019999999999999997,0.15,0.0,0,0,0.8666666666666667,0.06666666666666667,0,0.0,0,0.375,0.0,2.0143333333333335,easy,0.0,0,0,1,0,1,0,0,0,0,0,1,1,0,0,0,0,0,0,0,0,0
24,12,0,5e9f37669dc0406f89877682,2020-04-21 19:07:02.616000+00:00,i understand wanting to make your husband feel comforatble but to exclude his mom is wrong ,1.0,2,0.285714286,7,i understand wanting to make your husband feel comforatble but to exclude his mom is wrong. ,2,16,91,1,0.1224036521959934,-0.02822035522577349,0.010000000000000002,0.0,0.0,0.010000000000000002,0.0,0.0,0.0,0.0,0.0,0.0,0.010000000000000002,0.0,0.0,0.0,0.0,0.0,0.0,0.020000000000000004,0.010000000000000002,0.0,0.0,0.020000000000000004,0.0,0.04000000000000001,0.0,0.0,0.0,0.0,0.0,0.0,0.04000000000000001,0.0,0.0,0.0,0.0,0.010000000000000002,0.0,0.010000000000000002,0.010000000000000002,0.0,0.020000000000000004,0.04000000000000001,0.0,0.0,0.010000000000000002,0.010000000000000002,0.060000000000000005,0.020000000000000004,0.0,0.010000000000000002,0.010000000000000002,0.0,0.010000000000000002,0.07,0.0,0,0,0.9375,0.0625,4,0.0023218340747859865,0,0.9,-0.5,5.416975,medium,7.438,0,0,1,0,1,0,0,0,0,0,0,1,1,0,0,0,0,0,1,0,0
24,12,0,5e9f36e49dc0406f8987767c,2020-04-21 19:07:18.127000+00:00,my initial opinion is that this person is the asshole they spend part of the year in the us and this appears to be one of a few weekends they spend with their mother i feel like they could have mediated a conversation between all parties,1.0,2,0.285714286,7,"my initial opinion is that this person is the asshole. they spend part of the year in the us, and this appears to be one of a few weekends they spend with their mother. i feel like they could have mediated a conversation between all parties",3,46,237,1,3.06085245151644,2.772107201793283,0.01,0.0,0.0,0.01,0.01,0.02,0.0,0.0,0.0,0.0,0.0,0.0,0.01,0.0,0.0,0.0,0.0,0.01,0.0,0.02,0.02,0.01,0.01,0.05,0.0,0.0,0.05,0.0,0.0,0.0,0.09000000000000001,0.030000000000000002,0.0,0.0,0.02,0.0,0.01,0.02,0.01,0.02,0.0,0.07,0.0,0.05,0.01,0.05,0.07,0.060000000000000005,0.01,0.01,0.0,0.030000000000000002,0.02,0.27,0.0,0,0,0.8043478260869565,0.021739130434782608,3,0.001762900157877614,0,0.05,-0.1,2.6248608695652176,easy,15.511,0,0,1,0,1,0,0,0,0,1,1,1,0,0,0,0,0,1,0,0,0
24,12,0,5d482eab21c9be351f764150,2020-04-21 19:07:18.803000+00:00,this is a tricky situation i think of the german husband would simply say that he wants his husband to enjoy time with mom it would be great,1.0,2,0.285714286,7,this is a tricky situation. i think of the german husband would simply say that he wants his husband to enjoy time with mom it would be great.,4,28,140,1,1.2977831719241721,1.091910667581849,0.03,0.009999999999999998,0.0,0.0,0.0,0.009999999999999998,0.0,0.0,0.009999999999999998,0.0,0.019999999999999997,0.0,0.0,0.0,0.0,0.0,0.0,0.03,0.0,0.0,0.019999999999999997,0.009999999999999998,0.0,0.03,0.019999999999999997,0.0,0.009999999999999998,0.0,0.0,0.0,0.06,0.03,0.0,0.0,0.0,0.0,0.009999999999999998,0.009999999999999998,0.0,0.0,0.0,0.06,0.0,0.019999999999999997,0.0,0.039999999999999994,0.049999999999999996,0.03,0.0,0.009999999999999998,0.0,0.03,0.009999999999999998,0.13,0.0,0,0,0.9285714285714286,0.03571428571428571,9,0.00015518311607697082,0,0.34142857142857147,0.28,1.3888,easy,0.676,0,0,1,0,1,0,0,0,0,0,1,0,0,0,0,0,0,1,1,0,0
24,12,0,5d482eab21c9be351f764056,2020-04-21 19:07:26.578000+00:00,hi guys this scenario honestly reminds me off myself because i am in a bilingual family i think this scenario in particular is difficult because more than one person is involved if i had to choose i do think the poster is an asshole ,1.0,2,0.285714286,7,hi guys! this scenario honestly reminds me off myself because i am in a bilingual family. i think this scenario in particular is difficult because more than one person is involved. if i had to choose i do think the poster is an asshole. ,5,44,233,1,2.2772661050309875,2.0253531865882013,0.01,0.0,0.01,0.030000000000000002,0.0,0.0,0.0,0.0,0.0,0.0,0.0,0.0,0.01,0.0,0.0,0.0,0.0,0.01,0.01,0.01,0.01,0.030000000000000002,0.02,0.07,0.0,0.01,0.030000000000000002,0.0,0.0,0.0,0.05,0.02,0.0,0.0,0.0,0.02,0.01,0.060000000000000005,0.0,0.01,0.01,0.08,0.0,0.030000000000000002,0.02,0.060000000000000005,0.060000000000000005,0.05,0.0,0.0,0.0,0.01,0.060000000000000005,0.26,0.0,0,0,0.7727272727272727,0.1590909090909091,8,0.0013175965758061411,0,0.6833333333333333,0.19166666666666665,2.5412636363636363,easy,7.775,0,0,1,0,1,1,0,0,0,0,1,0,0,0,1,0,0,0,1,0,0
24,12,0,5d482eab21c9be351f763fa9,2020-04-21 19:07:33.814000+00:00,i feel like this person has some remorse over the decision but inevitably decided to be inflexible and please one person instead of compromise,1.0,2,0.285714286,7,i feel like this person has some remorse over the decision but inevitably decided to be inflexible and please one person instead of compromise.,6,24,142,1,0.9059899986814458,0.7185336599793083,0.0,0.0,0.0,0.02,0.01,0.01,0.0,0.0,0.01,0.0,0.0,0.0,0.0,0.0,0.0,0.0,0.0,0.0,0.01,0.01,0.02,0.03,0.02,0.02,0.0,0.0,0.01,0.0,0.0,0.01,0.02,0.01,0.0,0.0,0.0,0.0,0.0,0.01,0.01,0.01,0.01,0.03,0.0,0.01,0.02,0.02,0.06999999999999999,0.03,0.0,0.01,0.0,0.01,0.01,0.10999999999999999,0.0,0,0,0.9583333333333334,0.041666666666666664,4,0.004211978247922812,0,0.8,-0.2,1.8483166666666664,easy,7.236,1,0,1,0,1,0,0,0,0,0,0,1,0,0,0,0,0,1,1,0,0
24,12,0,5e84ccaa50f6e364321d626c,2020-04-21 19:07:36.259000+00:00,i dont think this person is an asshole  they are in a tough position but need to make their spouse feel comfortable,1.0,2,0.285714286,7,"i don't think this person is an asshole.  they are in a tough position, but need to make their spouse feel comfortable",7,22,115,1,0.7100934120600827,0.5318451561780378,0.01,0.0,0.0,0.01,0.0,0.0,0.0,0.0,0.0,0.0,0.0,0.01,0.01,0.0,0.0,0.0,0.0,0.01,0.0,0.0,0.01,0.02,0.01,0.06999999999999999,0.0,0.0,0.02,0.0,0.0,0.0,0.04,0.01,0.0,0.0,0.0,0.01,0.01,0.01,0.01,0.0,0.01,0.06999999999999999,0.0,0.02,0.01,0.029999999999999995,0.049999999999999996,0.02,0.0,0.01,0.0,0.029999999999999995,0.01,0.11,0.0,0,0,1.0,0.045454545454545456,3,0.0037912977238005346,0,0.8166666666666667,0.005555555555555564,1.808927272727273,easy,2.445,0,0,1,0,1,0,0,0,0,0,0,1,0,0,0,0,0,1,0,0,0
24,12,0,5d482eab21c9be351f764056,2020-04-21 19:07:51.825000+00:00,the poster should have told her husband to speak english english is the common language amongst the three even if the husband is uncomfortable he should do it so that the mom is not left out ,1.0,2,0.285714286,7,the poster should have told her husband to speak english! english is the common language amongst the three. even if the husband is uncomfortable he should do it so that the mom is not left out. ,8,36,191,1,2.1793178117203063,1.932008934687566,0.03,0.01,0.0,0.02,0.0,0.01,0.0,0.0,0.02,0.01,0.02,0.01,0.0,0.0,0.0,0.0,0.0,0.03,0.0,0.0,0.0,0.0,0.0,0.049999999999999996,0.02,0.01,0.04,0.0,0.0,0.0,0.08,0.02,0.0,0.0,0.0,0.0,0.0,0.0,0.0,0.01,0.02,0.08,0.0,0.049999999999999996,0.01,0.06999999999999999,0.049999999999999996,0.03,0.0,0.01,0.0,0.0,0.0,0.21,0.0,0,0,0.75,0.0,4,0.0,0,0.3,-0.16,2.224211111111111,easy,15.566,0,0,1,0,0,0,0,0,0,0,0,0,0,0,0,0,0,0,1,0,0
24,12,0,5e9f37669dc0406f89877682,2020-04-21 19:08:01.198000+00:00,the husband could have participated in the conversation in english but the mother did not have that option,1.0,2,0.285714286,7,the husband could have participated in the conversation in english but the mother did not have that option,9,18,106,1,0.4162485321280381,0.2518124004761322,0.01,0.0,0.0,0.01,0.0,0.0,0.0,0.0,0.0,0.0,0.0,0.01,0.0,0.0,0.0,0.0,0.0,0.02,0.0,0.0,0.0,0.0,0.0,0.02,0.0,0.01,0.02,0.0,0.0,0.0,0.04,0.01,0.0,0.0,0.0,0.0,0.0,0.0,0.0,0.01,0.02,0.04,0.0,0.030000000000000002,0.01,0.04,0.04,0.02,0.0,0.0,0.0,0.0,0.0,0.11000000000000001,0.0,0,0,0.7777777777777778,0.0,7,0.0013439449830089838,0,0.0,0.0,6.283744444444444,difficult,9.373,0,0,0,0,0,0,0,0,0,0,0,0,0,0,0,0,0,0,0,0,0
24,12,0,5e84ccaa50f6e364321d626c,2020-04-21 19:08:01.574000+00:00,he could have spoken to his mother prior to the visit to prep the sitiuation,1.0,2,0.285714286,7,he could have spoken to his mother prior to the visit to prep the sitiuation,10,15,76,1,0.1224036521959934,-0.02822035522577349,0.01,0.01,0.0,0.0,0.0,0.0,0.0,0.0,0.0,0.0,0.02,0.0,0.0,0.0,0.0,0.0,0.0,0.01,0.0,0.0,0.0,0.0,0.0,0.01,0.0,0.01,0.02,0.0,0.0,0.0,0.049999999999999996,0.0,0.0,0.0,0.0,0.0,0.0,0.0,0.0,0.0,0.0,0.03,0.0,0.02,0.0,0.02,0.01,0.03,0.0,0.01,0.0,0.0,0.0,0.08,0.0,0,0,0.8,0.0,4,0.0008496176720475786,0,0.0,0.0,0.744,easy,0.376,0,0,0,0,0,0,0,0,0,0,0,0,0,0,0,0,0,0,0,0,0
24,12,0,5e9f12369dc0406f8987514b,2020-04-21 19:08:11.575000+00:00,well they could explain to their spouse and let them know the situation germany might have different social etiquette than america ,1.0,2,0.285714286,7,"well, they could explain to their spouse and let them know the situation. germany might have different social etiquette than america. ",11,21,131,1,0.7100934120600827,0.5318451561780378,0.01,0.0,0.0,0.01,0.0,0.01,0.0,0.0,0.01,0.0,0.0,0.0,0.0,0.0,0.0,0.0,0.0,0.01,0.0,0.0,0.01,0.02,0.0,0.030000000000000002,0.01,0.0,0.0,0.0,0.0,0.0,0.060000000000000005,0.0,0.0,0.0,0.0,0.0,0.0,0.0,0.0,0.01,0.0,0.060000000000000005,0.0,0.01,0.02,0.04,0.05,0.02,0.0,0.0,0.0,0.01,0.0,0.08,0.0,0,0,1.0,0.0,4,0.0,0,0.3333333333333333,0.016666666666666666,1.0415999999999999,easy,10.001,0,0,1,0,0,0,0,0,0,0,0,0,0,0,0,0,0,1,0,0,0
25,12,1,5e9f12369dc0406f8987514b,2020-04-21 19:20:56.463000+00:00,i dont think the mom was an asshole at all what do you all think ,1.0,1,0.142857143,7,i don't think the mom was an asshole at all. what do you all think> ?,1,15,65,1,0.024455358885311848,0.22366073479342208,0.0,0.0,0.0,0.0,0.02,0.0,0.0,0.0,0.0,0.0,0.0,0.01,0.01,0.0,0.0,0.0,0.0,0.01,0.0,0.0,0.0,0.02,0.0,0.04,0.0,0.01,0.01,0.0,0.0,0.0,0.02,0.01,0.0,0.0,0.0,0.0,0.01,0.01,0.0,0.0,0.0,0.05,0.0,0.02,0.0,0.030000000000000002,0.04,0.01,0.0,0.0,0.01,0.0,0.01,0.1,0.0,1,0,0.8666666666666667,0.06666666666666667,0,0.0,0,0.0,0.0,0.744,easy,0.0,0,0,1,0,1,0,0,0,0,0,0,1,1,0,0,0,0,0,0,0,0
25,12,1,5d482eab21c9be351f764150,2020-04-21 19:21:17.224000+00:00,she was just advocating for herself when she was uncomfortable,1.0,1,0.142857143,7,she was just advocating for herself when she was uncomfortable.,2,10,62,1,-0.36733781435741436,-0.28578871668048383,0.0,0.0,0.0,0.01,0.0,0.0,0.0,0.0,0.02,0.01,0.03,0.0,0.0,0.0,0.0,0.0,0.0,0.0,0.0,0.0,0.0,0.0,0.0,0.0,0.0,0.02,0.01,0.0,0.0,0.0,0.03,0.0,0.0,0.0,0.0,0.0,0.0,0.0,0.0,0.0,0.01,0.02,0.0,0.0,0.01,0.02,0.01,0.01,0.0,0.0,0.0,0.0,0.0,0.08,0.0,0,0,0.8,0.0,2,0.0,0,1.0,-0.5,7.2905,difficult,20.761,0,0,0,0,0,0,0,0,0,0,0,0,0,0,0,0,0,0,1,0,0
25,12,1,5e9f12369dc0406f8987514b,2020-04-21 19:21:20.942000+00:00,i think she brought it up in a kind way without being mean,1.0,1,0.142857143,7,"i think she brought it up in a kind way, without being mean",3,13,58,1,-0.17144122773605125,-0.031063990943530875,0.0,0.0,0.0,0.0,0.0,0.0,0.0,0.0,0.0,0.0,0.009999999999999998,0.009999999999999998,0.0,0.0,0.0,0.0,0.0,0.0,0.0,0.0,0.009999999999999998,0.019999999999999997,0.0,0.019999999999999997,0.0,0.009999999999999998,0.039999999999999994,0.0,0.0,0.0,0.009999999999999998,0.009999999999999998,0.0,0.0,0.0,0.0,0.0,0.009999999999999998,0.0,0.0,0.009999999999999998,0.039999999999999994,0.0,0.009999999999999998,0.0,0.009999999999999998,0.03,0.03,0.0,0.0,0.0,0.009999999999999998,0.009999999999999998,0.06999999999999999,0.0,0,0,1.0,0.07692307692307693,1,0.0,0,0.79375,0.14375,0.6447999999999999,easy,3.718,0,0,1,0,1,0,0,0,0,0,0,1,0,0,0,0,0,0,0,0,0
25,12,1,5d482eab21c9be351f763fa9,2020-04-21 19:21:22.716000+00:00,i dont think she was an asshole she maybe could have handled it better,1.0,1,0.142857143,7,i don't think she was an asshole. she maybe could have handled it better,4,14,70,1,-0.07349293442536971,0.0962983719249456,0.009999999999999998,0.0,0.0,0.0,0.0,0.0,0.0,0.009999999999999998,0.009999999999999998,0.0,0.019999999999999997,0.009999999999999998,0.009999999999999998,0.0,0.0,0.0,0.0,0.0,0.0,0.0,0.009999999999999998,0.009999999999999998,0.0,0.03,0.0,0.009999999999999998,0.0,0.0,0.0,0.0,0.019999999999999997,0.009999999999999998,0.0,0.0,0.0,0.0,0.009999999999999998,0.009999999999999998,0.0,0.009999999999999998,0.0,0.049999999999999996,0.0,0.009999999999999998,0.0,0.039999999999999994,0.03,0.0,0.0,0.0,0.0,0.009999999999999998,0.009999999999999998,0.06999999999999999,0.009999999999999998,0,0,0.9285714285714286,0.07142857142857142,3,0.0005036151718260998,1,0.5,0.5,0.6944,easy,1.774,0,0,1,0,1,0,0,0,0,0,0,1,0,0,0,0,0,1,0,0,0
25,12,1,5e9f37669dc0406f89877682,2020-04-21 19:21:24.780000+00:00,i think she was wellmeaning and not the asshole at all,1.0,1,0.142857143,7,i think she was wellmeaning and not the asshole at all,5,11,54,1,-0.36733781435741436,-0.28578871668048383,0.0,0.0,0.0,0.01,0.01,0.01,0.0,0.0,0.0,0.0,0.01,0.01,0.01,0.0,0.0,0.0,0.0,0.0,0.0,0.0,0.01,0.01,0.0,0.01,0.0,0.01,0.01,0.0,0.0,0.0,0.01,0.0,0.0,0.0,0.0,0.0,0.01,0.01,0.0,0.0,0.01,0.02,0.0,0.01,0.01,0.01,0.04,0.01,0.0,0.0,0.0,0.0,0.01,0.08,0.0,0,0,1.0,0.09090909090909091,2,0.0008238201029820396,0,0.0,0.0,0.5456,easy,2.064,0,0,1,0,1,0,0,0,0,0,0,1,0,0,0,0,0,0,0,0,0
25,12,1,5e9f12369dc0406f8987514b,2020-04-21 19:21:34.357000+00:00,not an asshole what is everyones vote,1.0,1,0.142857143,7,not an asshole? what is everyones vote?,6,7,37,1,-0.6611826942894591,-0.6678758052859133,0.0,0.0,0.0,0.0,0.0,0.0,0.0,0.0,0.0,0.0,0.0,0.01,0.01,0.0,0.0,0.0,0.0,0.0,0.0,0.0,0.0,0.0,0.0,0.01,0.0,0.0,0.0,0.0,0.0,0.0,0.01,0.02,0.0,0.0,0.0,0.0,0.01,0.0,0.0,0.0,0.01,0.01,0.0,0.01,0.0,0.01,0.01,0.0,0.0,0.0,0.0,0.0,0.0,0.04,0.0,2,0,1.0,0.0,1,0.0003202049311559398,0,0.0,0.0,0.3472,easy,9.577,0,0,0,0,0,0,0,0,0,0,0,0,0,0,0,0,0,0,0,0,0
25,12,1,5d482eab21c9be351f764056,2020-04-21 19:21:36.475000+00:00,i do not think the mom is an asshole either i do think she could have asked them in a different way using the word disrespectful can trigger some people,1.0,1,0.142857143,7,"i do not think the mom is an asshole either! i do think she could have asked them in a different way. using the word ""disrespectful"" can trigger some people.",7,30,152,1,1.3957314652348536,2.0067338149520926,0.01,0.0,0.0,0.0,0.0,0.0,0.0,0.0,0.0,0.0,0.01,0.01,0.01,0.0,0.0,0.0,0.0,0.01,0.0,0.02,0.0,0.02,0.01,0.08,0.0,0.01,0.02,0.0,0.0,0.0,0.049999999999999996,0.0,0.0,0.0,0.0,0.02,0.01,0.02,0.0,0.01,0.02,0.09999999999999999,0.0,0.04,0.0,0.06,0.09,0.01,0.0,0.0,0.0,0.01,0.02,0.16,0.0,0,0,0.8666666666666667,0.06666666666666667,3,0.0003202049311559398,0,0.6,0.0,1.488,easy,2.118,0,0,1,0,1,0,0,0,0,0,1,1,0,0,0,0,0,0,1,0,0
25,12,1,5d482eab21c9be351f764150,2020-04-21 19:21:40.767000+00:00,the word choice of it being disrespectful probably wasnt the best,1.0,1,0.142857143,7,the word choice of it being disrespectful probably wasn‚äôt the best.,8,11,65,1,-0.2693895210467328,-0.15842635381200734,0.0,0.0,0.0,0.0,0.0,0.0,0.0,0.01,0.01,0.0,0.0,0.01,0.0,0.0,0.0,0.0,0.0,0.0,0.0,0.0,0.01,0.01,0.0,0.0,0.0,0.01,0.0,0.0,0.0,0.0,0.0,0.01,0.0,0.0,0.0,0.0,0.0,0.0,0.0,0.01,0.0,0.02,0.0,0.02,0.0,0.02,0.030000000000000002,0.01,0.0,0.0,0.0,0.01,0.0,0.05,0.01,0,0,0.9090909090909091,0.0,2,0.025842945874001773,1,0.3,1.0,0.5456,easy,4.292,0,0,1,0,0,0,0,0,0,0,0,0,0,0,0,0,0,1,1,0,0
25,12,1,5e84ccaa50f6e364321d626c,2020-04-21 19:21:43.432000+00:00,i mdont think the mother is an asshole  different from the other scenerio because this one doesnt feel uncomfortable  it says he speaks english just with an accent,1.0,1,0.142857143,7,i mdon't think the mother is an asshole.  different from the other scenerio because this one doesn't feel uncomfortable.  it says he speaks english just with an accent,9,28,163,1,1.2977831719241721,1.8793714520836162,0.0,0.02,0.0,0.01,0.0,0.01,0.0,0.0,0.01,0.01,0.01,0.01,0.01,0.0,0.0,0.0,0.0,0.01,0.0,0.0,0.0,0.02,0.0,0.04,0.0,0.0,0.0,0.0,0.0,0.0,0.04,0.03,0.0,0.0,0.0,0.01,0.01,0.01,0.01,0.0,0.01,0.04,0.0,0.04,0.02,0.02,0.049999999999999996,0.02,0.0,0.03,0.0,0.0,0.01,0.13999999999999999,0.0,0,0,0.9285714285714286,0.03571428571428571,3,0.0,0,0.49375,-0.15625,1.9527285714285716,easy,2.665,0,0,1,0,1,0,0,0,0,0,0,1,0,0,0,0,0,0,1,0,0
25,12,1,5e9f36e49dc0406f8987767c,2020-04-21 19:21:45.954000+00:00,i feel more in the middle on this case in a perfect world i guess she couldve spoken to her son in private but overall she wasnt very rude,1.0,1,0.142857143,7,i feel more in the middle on this case. in a perfect world i guess she could've spoken to her son in private but overall she wasn't very rude,10,29,138,1,1.2977831719241721,1.8793714520836162,0.01,0.01,0.0,0.01,0.01,0.0,0.0,0.01,0.01,0.0,0.029999999999999995,0.01,0.0,0.0,0.0,0.0,0.0,0.01,0.01,0.01,0.01,0.01,0.0,0.02,0.01,0.029999999999999995,0.05999999999999999,0.0,0.0,0.0,0.05999999999999999,0.01,0.0,0.0,0.0,0.0,0.01,0.02,0.01,0.02,0.01,0.049999999999999996,0.0,0.02,0.01,0.02,0.05999999999999999,0.049999999999999996,0.0,0.02,0.0,0.02,0.02,0.16,0.0,0,0,0.8620689655172413,0.06896551724137931,2,0.0019180832739545848,0,0.44250000000000006,0.18499999999999997,1.4384,easy,2.522,0,0,1,0,1,0,0,0,0,0,1,1,0,0,0,0,0,1,1,0,0
25,12,1,5d482eab21c9be351f763fa9,2020-04-21 19:21:50.596000+00:00,she seemed abrasive to me but was within her right,1.0,1,0.142857143,7,she seemed abrasive to me but was within her right,11,10,50,1,-0.4652861076680959,-0.4131510795489603,0.0,0.0,0.0,0.01,0.0,0.0,0.0,0.0,0.0,0.0,0.02,0.0,0.0,0.0,0.0,0.0,0.0,0.0,0.0,0.0,0.0,0.01,0.0,0.0,0.0,0.02,0.02,0.0,0.0,0.0,0.02,0.0,0.0,0.0,0.0,0.0,0.0,0.01,0.0,0.01,0.01,0.02,0.0,0.0,0.01,0.01,0.02,0.02,0.0,0.0,0.0,0.01,0.01,0.06,0.0,0,0,1.0,0.1,4,0.0,0,0.5357142857142857,0.2857142857142857,0.496,easy,4.642,0,0,0,0,0,0,0,0,0,0,0,0,0,0,0,0,0,1,1,0,0
26,13,1,5e9de5329dc0406f8987225e,2020-04-21 19:03:57.803000+00:00,initially i thought the speaker person 1 was an asshole however by the end of the story as well as reading the edited text  i do not feel as if he was being an asshole ,1.0,4,0.571428571,7,"initially i thought the speaker (person 1) was an asshole, however by the end of the story as well as reading the edited text ‚äì i do not feel as if he was being an asshole. ",1,35,168,1,1.8854729317882615,2.525212632137668,0.009999999999999998,0.009999999999999998,0.0,0.049999999999999996,0.0,0.0,0.0,0.0,0.019999999999999997,0.0,0.009999999999999998,0.009999999999999998,0.019999999999999997,0.0,0.0,0.0,0.0,0.0,0.0,0.0,0.009999999999999998,0.019999999999999997,0.009999999999999998,0.019999999999999997,0.0,0.03,0.019999999999999997,0.0,0.0,0.0,0.03,0.0,0.0,0.009999999999999998,0.0,0.0,0.019999999999999997,0.019999999999999997,0.009999999999999998,0.009999999999999998,0.019999999999999997,0.06,0.0,0.06,0.009999999999999998,0.039999999999999994,0.049999999999999996,0.049999999999999996,0.0,0.019999999999999997,0.0,0.009999999999999998,0.019999999999999997,0.19999999999999998,0.0,0,0,0.7428571428571429,0.05714285714285714,0,0.0,0,0.0,0.0,1.736,easy,0.0,0,0,1,0,1,0,0,0,0,0,1,0,0,0,0,0,0,1,0,0,0
26,13,1,5e9f111e9dc0406f89874ff8,2020-04-21 19:04:12.710000+00:00,yes,1.0,4,0.571428571,7,yes,2,1,3,1,-1.2488724541535483,-1.0351186320564318,0.0,0.0,0.0,0.0,0.0,0.0,0.0,0.0,0.0,0.0,0.0,0.0,0.0,0.0,0.0,0.0,0.0,0.0,0.0,0.0,0.0,0.0,0.0,0.0,0.0,0.0,0.0,0.0,0.0,0.0,0.0,0.0,0.0,0.0,0.0,0.0,0.0,0.0,0.0,0.0,0.0,0.0,0.0,0.0,0.009999999999999998,0.0,0.0,0.0,0.0,0.0,0.0,0.0,0.0,0.0,0.0,0,0,1.0,0.0,0,0.0,0,0.0,0.0,0.0496,easy,14.907,0,0,0,0,0,0,0,0,0,0,0,0,0,0,0,0,0,0,0,0,0
26,13,1,5e9f39d29dc0406f898777bf,2020-04-21 19:04:16.697000+00:00,my initial impression was he was an asshole ,1.0,4,0.571428571,7,my initial impression was he was an asshole. ,3,8,44,1,-0.5632344009787775,-0.2562961680139726,0.0,0.0,0.0,0.0,0.0,0.0,0.0,0.0,0.0,0.0,0.01,0.0,0.01,0.0,0.0,0.0,0.0,0.0,0.0,0.0,0.01,0.0,0.0,0.0,0.0,0.02,0.01,0.0,0.0,0.0,0.01,0.0,0.0,0.0,0.0,0.0,0.01,0.01,0.0,0.0,0.0,0.02,0.0,0.01,0.0,0.02,0.0,0.0,0.0,0.0,0.0,0.0,0.01,0.049999999999999996,0.0,0,0,0.875,0.0,0,0.0,0,0.0,0.0,0.3968,easy,3.987,0,0,0,0,0,0,0,0,0,0,0,1,0,0,0,0,0,0,0,0,0
26,13,1,5e9f35ea9dc0406f89877613,2020-04-21 19:04:19.949000+00:00,i felt the same way as littleorangutan but i still think he was an asshole,1.0,4,0.571428571,7,i felt the same way as littleorangutan but i still think he was an asshole,4,15,74,1,-0.07349293442536971,0.30000559201635546,0.0,0.0,0.0,0.02,0.0,0.0,0.0,0.0,0.01,0.0,0.01,0.0,0.01,0.0,0.0,0.0,0.0,0.0,0.0,0.01,0.0,0.02,0.0,0.01,0.0,0.02,0.030000000000000002,0.0,0.0,0.0,0.01,0.0,0.0,0.0,0.0,0.0,0.01,0.02,0.01,0.0,0.01,0.030000000000000002,0.0,0.02,0.01,0.01,0.04,0.01,0.0,0.01,0.0,0.0,0.02,0.09000000000000001,0.0,0,0,0.9333333333333333,0.13333333333333333,3,0.0003202049311559398,0,0.125,0.0,5.433166666666667,medium,3.252,0,0,1,0,1,0,0,0,0,0,1,1,0,0,0,0,1,0,0,0,0
26,13,1,5e9de5329dc0406f8987225e,2020-04-21 19:04:26.153000+00:00,he did have a good point  well many good points it would help her feel more independent if she even knew broken english vs relying on a family member,1.0,4,0.571428571,7,"he did have a good point ‚äì well, many good points. it would help her feel more independent if she even knew broken english vs relying on a family member.",5,29,149,1,1.4936797585455353,2.080171224113405,0.02,0.0,0.01,0.01,0.0,0.0,0.0,0.0,0.02,0.0,0.03,0.0,0.0,0.0,0.0,0.0,0.0,0.01,0.0,0.02,0.03,0.02,0.0,0.02,0.01,0.02,0.02,0.0,0.0,0.0,0.05,0.01,0.0,0.0,0.0,0.01,0.0,0.0,0.01,0.01,0.02,0.05,0.0,0.02,0.01,0.03,0.06,0.01,0.0,0.01,0.0,0.05,0.0,0.11,0.0,0,0,0.9310344827586207,0.0,1,0.0,0,0.3892857142857143,0.2857142857142857,1.9828827586206894,easy,6.204,0,0,1,0,1,0,0,0,0,0,0,0,0,0,0,0,0,1,1,0,0
26,13,1,5e9f111e9dc0406f89874ff8,2020-04-21 19:04:28.635000+00:00,my to,1.0,4,0.571428571,7,my to,6,2,5,1,-1.1509241608428669,-0.9238582800503663,0.0,0.0,0.0,0.0,0.0,0.0,0.0,0.0,0.0,0.0,0.0,0.0,0.0,0.0,0.0,0.0,0.0,0.0,0.0,0.0,0.0,0.0,0.0,0.0,0.0,0.0,0.0,0.0,0.0,0.0,0.0,0.0,0.0,0.0,0.0,0.0,0.0,0.010000000000000002,0.0,0.0,0.0,0.0,0.0,0.0,0.0,0.0,0.0,0.010000000000000002,0.0,0.0,0.0,0.0,0.010000000000000002,0.020000000000000004,0.0,0,0,1.0,0.0,0,0.0,0,0.0,0.0,0.0992,easy,2.482,0,0,0,0,0,0,0,0,0,0,0,1,0,0,0,0,0,0,0,0,0
26,13,1,5e9f0ade9dc0406f898749a7,2020-04-21 19:04:28.955000+00:00,i feel he is no that an asshole however his feelings towards the situation kind were,1.0,4,0.571428571,7,"i feel he is no that an asshole, however his feelings towards the situation kind were",7,16,84,1,0.1224036521959934,0.5225262960284867,0.0,0.0,0.0,0.009999999999999998,0.0,0.0,0.0,0.0,0.009999999999999998,0.0,0.019999999999999997,0.009999999999999998,0.009999999999999998,0.0,0.0,0.0,0.0,0.0,0.0,0.0,0.009999999999999998,0.019999999999999997,0.0,0.019999999999999997,0.0,0.009999999999999998,0.009999999999999998,0.0,0.0,0.0,0.019999999999999997,0.009999999999999998,0.0,0.0,0.0,0.0,0.009999999999999998,0.009999999999999998,0.019999999999999997,0.0,0.0,0.03,0.0,0.019999999999999997,0.009999999999999998,0.019999999999999997,0.019999999999999997,0.009999999999999998,0.0,0.019999999999999997,0.0,0.0,0.009999999999999998,0.09,0.0,0,0,1.0,0.0625,0,0.0,0,0.9,0.6,0.7936,easy,0.32,0,0,1,0,1,0,0,0,0,0,0,1,0,0,0,0,0,0,0,0,0
26,13,1,5e9f39d29dc0406f898777bf,2020-04-21 19:04:34.449000+00:00,after reading his whole story he still was the asshole,1.0,4,0.571428571,7,"after reading his whole story, he still was the asshole.",8,10,54,1,-0.36733781435741436,-0.03377546400184138,0.0,0.0,0.0,0.0,0.0,0.0,0.0,0.0,0.01,0.0,0.02,0.0,0.01,0.0,0.0,0.0,0.0,0.0,0.0,0.01,0.0,0.0,0.0,0.0,0.0,0.01,0.02,0.0,0.0,0.0,0.03,0.0,0.0,0.0,0.0,0.0,0.01,0.0,0.0,0.0,0.0,0.01,0.0,0.01,0.0,0.01,0.01,0.01,0.0,0.0,0.0,0.0,0.0,0.05,0.0,0,0,1.0,0.0,3,0.0003202049311559398,0,0.4,0.2,0.496,easy,5.494,0,0,0,0,0,0,0,0,0,0,0,0,0,0,0,0,0,0,0,0,0
26,13,1,5e9f3a0e9dc0406f898777e7,2020-04-21 19:04:47.696000+00:00,when he clarified how he worded it to his mother in law it changed my opinion no he is not an asshole,1.0,4,0.571428571,7,"when he clarified how he worded it to his mother in law it changed my opinion. no, he is not an asshole!",9,22,101,1,0.7100934120600827,1.1900884080648804,0.0,0.0,0.0,0.02,0.0,0.0,0.0,0.0,0.02,0.0,0.04,0.02,0.01,0.0,0.0,0.0,0.0,0.01,0.0,0.0,0.0,0.01,0.0,0.01,0.0,0.01,0.03,0.0,0.0,0.0,0.05,0.02,0.0,0.0,0.0,0.02,0.01,0.01,0.0,0.01,0.01,0.02,0.0,0.01,0.01,0.01,0.06,0.02,0.0,0.0,0.0,0.0,0.01,0.15,0.0,1,0,0.8636363636363636,0.045454545454545456,4,0.0003202049311559398,0,0.0,0.0,1.0912,easy,13.247,0,0,0,0,0,0,0,0,0,0,1,0,0,0,0,0,0,0,0,0,0
26,13,1,5e9f111e9dc0406f89874ff8,2020-04-21 19:04:47.958000+00:00,yes he was,1.0,4,0.571428571,7,yes he was,10,3,10,1,-1.0529758675321852,-0.8125979280443006,0.0,0.0,0.0,0.0,0.0,0.0,0.0,0.0,0.0,0.0,0.010000000000000002,0.0,0.0,0.0,0.0,0.0,0.0,0.0,0.0,0.0,0.0,0.0,0.0,0.0,0.0,0.010000000000000002,0.0,0.0,0.0,0.0,0.010000000000000002,0.0,0.0,0.0,0.0,0.0,0.0,0.0,0.0,0.0,0.0,0.010000000000000002,0.0,0.0,0.010000000000000002,0.010000000000000002,0.0,0.0,0.0,0.0,0.0,0.0,0.0,0.020000000000000004,0.0,0,0,1.0,0.0,1,0.0,0,0.0,0.0,0.1488,easy,0.262,0,0,0,0,0,0,0,0,0,0,0,0,0,0,0,0,0,0,0,0,0
26,13,1,5e9f35ea9dc0406f89877613,2020-04-21 19:04:51.439000+00:00,it doesnt take much effort to help out his mil why make such a big deal,1.0,4,0.571428571,7,it doesn't take much effort to help out his mil why make such a big deal,11,16,71,1,0.22035194550667497,0.6337866480345523,0.0,0.0,0.0,0.0,0.0,0.01,0.0,0.01,0.01,0.0,0.01,0.01,0.0,0.0,0.0,0.0,0.0,0.0,0.0,0.01,0.0,0.0,0.0,0.03,0.0,0.0,0.02,0.0,0.0,0.0,0.03,0.01,0.0,0.0,0.0,0.02,0.0,0.0,0.0,0.0,0.0,0.03,0.0,0.01,0.0,0.01,0.03,0.02,0.0,0.0,0.0,0.01,0.0,0.06999999999999999,0.0,0,0,1.0,0.0,0,0.0,0,0.26666666666666666,0.06666666666666667,0.7936,easy,3.481,0,0,0,0,0,0,0,0,0,0,0,0,0,0,0,0,0,0,0,0,0
26,13,1,5e9f3a0e9dc0406f898777e7,2020-04-21 19:05:04.398000+00:00,i am sure he has a life too,1.0,4,0.571428571,7,i am sure he has a life too!,12,8,27,1,-0.6611826942894591,-0.36755652002003825,0.0,0.0,0.0,0.0,0.01,0.0,0.01,0.0,0.01,0.0,0.01,0.0,0.0,0.0,0.01,0.0,0.0,0.0,0.0,0.0,0.01,0.0,0.0,0.02,0.0,0.0,0.0,0.0,0.0,0.0,0.01,0.0,0.0,0.0,0.0,0.0,0.0,0.01,0.0,0.0,0.0,0.02,0.0,0.01,0.0,0.02,0.01,0.0,0.0,0.0,0.0,0.01,0.01,0.06,0.0,0,0,1.0,0.125,1,0.0,0,0.8888888888888888,0.5,0.3968,easy,12.959,0,0,0,0,0,0,0,0,0,0,0,1,0,0,0,0,0,0,0,0,0
26,13,1,5e9f0ade9dc0406f898749a7,2020-04-21 19:05:23.205000+00:00,depending on how many times her mil asked him for help it can be difficult to cope with,1.0,4,0.571428571,7,"depending on how many times her mil asked him for help, it can be difficult to cope with",13,18,87,1,0.4162485321280381,0.8563073520466835,0.0,0.0,0.0,0.01,0.0,0.01,0.0,0.0,0.01,0.0,0.02,0.0,0.0,0.0,0.0,0.0,0.0,0.0,0.01,0.01,0.0,0.0,0.0,0.01,0.0,0.01,0.02,0.0,0.0,0.0,0.04,0.01,0.0,0.0,0.0,0.02,0.0,0.0,0.0,0.01,0.0,0.03,0.0,0.0,0.0,0.02,0.03,0.04,0.0,0.0,0.0,0.0,0.0,0.09999999999999999,0.0,0,0,1.0,0.0,0,0.0,0,0.75,0.0,0.8927999999999999,easy,18.807,0,0,0,0,0,0,0,0,0,0,0,0,0,0,0,0,0,0,1,0,0
26,13,1,5e9f39d29dc0406f898777bf,2020-04-21 19:05:26.368000+00:00,my thoughts on it are he married into this family so he cant really make them change,1.0,4,0.571428571,7,"my thoughts on it are he married into this family, so he can't really make them change.",14,17,84,1,0.31830023881735653,0.745047000040618,0.0,0.0,0.009999999999999998,0.009999999999999998,0.0,0.009999999999999998,0.0,0.0,0.019999999999999997,0.0,0.019999999999999997,0.009999999999999998,0.0,0.0,0.0,0.0,0.0,0.019999999999999997,0.0,0.0,0.0,0.009999999999999998,0.0,0.03,0.0,0.0,0.03,0.0,0.0,0.0,0.049999999999999996,0.019999999999999997,0.0,0.0,0.0,0.019999999999999997,0.0,0.009999999999999998,0.0,0.0,0.009999999999999998,0.03,0.0,0.0,0.019999999999999997,0.019999999999999997,0.049999999999999996,0.019999999999999997,0.0,0.0,0.0,0.0,0.009999999999999998,0.09999999999999999,0.0,0,0,0.9411764705882353,0.0,2,0.0,0,0.225,0.225,0.8432,easy,3.163,0,0,0,0,0,1,0,0,0,0,0,1,0,0,0,0,1,0,0,0,0
27,13,2,5e9f0ade9dc0406f898749a7,2020-04-21 19:19:03.007000+00:00,now we get to see the other point of view,1.0,2,0.4,5,now we get to see the other point of view,1,10,41,1,-0.4652861076680959,-0.24011108193991468,0.0,0.0,0.0,0.0,0.0,0.01,0.0,0.0,0.01,0.0,0.0,0.0,0.0,0.0,0.0,0.02,0.0,0.0,0.0,0.0,0.0,0.0,0.0,0.02,0.0,0.0,0.02,0.0,0.0,0.0,0.01,0.01,0.0,0.0,0.0,0.0,0.0,0.0,0.0,0.0,0.0,0.02,0.0,0.01,0.0,0.0,0.01,0.02,0.01,0.02,0.0,0.0,0.01,0.05999999999999999,0.0,0,0,1.0,0.1,0,0.0,0,0.375,-0.125,0.496,easy,0.0,0,0,0,0,0,0,0,0,0,1,0,0,0,0,0,0,0,0,0,0,0
27,13,2,5e9f39d29dc0406f898777bf,2020-04-21 19:19:11.026000+00:00,my initial impression is she was not the asshole but at the end i believe she is,1.0,2,0.4,5,"my initial impression is she was not the asshole, but at the end i believe she is.",2,17,80,1,0.22035194550667497,0.5416459290272493,0.0,0.0,0.0,0.010000000000000002,0.0,0.0,0.0,0.0,0.0,0.0,0.020000000000000004,0.010000000000000002,0.010000000000000002,0.0,0.0,0.0,0.0,0.0,0.0,0.0,0.010000000000000002,0.010000000000000002,0.0,0.03,0.0,0.010000000000000002,0.03,0.0,0.0,0.0,0.020000000000000004,0.0,0.0,0.0,0.0,0.0,0.010000000000000002,0.020000000000000004,0.0,0.0,0.020000000000000004,0.04000000000000001,0.0,0.020000000000000004,0.010000000000000002,0.03,0.03,0.010000000000000002,0.0,0.0,0.0,0.0,0.020000000000000004,0.12,0.0,0,0,0.8235294117647058,0.058823529411764705,2,0.0,0,0.0,0.0,0.8432,easy,8.019,0,0,0,0,0,0,0,0,0,0,1,1,0,0,0,0,0,0,0,0,0
27,13,2,5e9f0ade9dc0406f898749a7,2020-04-21 19:19:13.272000+00:00,and i think she is an asshole,1.0,2,0.4,5,and i think she is an asshole.,3,7,29,1,-0.7591309876001406,-0.5751498009258421,0.0,0.0,0.0,0.009999999999999998,0.0,0.009999999999999998,0.0,0.0,0.0,0.0,0.009999999999999998,0.0,0.009999999999999998,0.0,0.0,0.0,0.0,0.0,0.0,0.0,0.0,0.009999999999999998,0.0,0.019999999999999997,0.0,0.0,0.0,0.0,0.0,0.0,0.009999999999999998,0.0,0.0,0.0,0.0,0.0,0.009999999999999998,0.009999999999999998,0.0,0.0,0.0,0.019999999999999997,0.0,0.009999999999999998,0.009999999999999998,0.009999999999999998,0.019999999999999997,0.0,0.0,0.0,0.0,0.0,0.009999999999999998,0.05,0.0,0,0,1.0,0.14285714285714285,2,0.0004753880472329106,0,0.0,0.0,0.3472,easy,2.246,0,0,1,0,1,0,0,0,0,0,1,0,0,0,0,0,1,0,0,0,0
27,13,2,5e9de5329dc0406f8987225e,2020-04-21 19:19:15.122000+00:00,same,1.0,2,0.4,5,same!,4,1,4,1,-1.2488724541535483,-1.1335476659023878,0.0,0.0,0.0,0.0,0.0,0.0,0.0,0.0,0.0,0.0,0.0,0.0,0.0,0.0,0.0,0.0,0.0,0.0,0.0,0.01,0.0,0.0,0.0,0.0,0.0,0.0,0.0,0.0,0.0,0.0,0.0,0.0,0.0,0.0,0.0,0.0,0.0,0.0,0.0,0.0,0.0,0.0,0.0,0.0,0.0,0.0,0.01,0.0,0.0,0.0,0.0,0.0,0.0,0.01,0.0,0,0,1.0,0.0,0,0.0,0,0.125,0.0,0.0496,easy,1.85,0,0,0,0,0,0,0,0,0,0,0,0,0,0,0,0,0,0,0,0,0
27,13,2,5e9f39d29dc0406f898777bf,2020-04-21 19:19:18.074000+00:00,yes,1.0,2,0.4,5,yes!,5,1,3,1,-1.2488724541535483,-1.1335476659023878,0.0,0.0,0.0,0.0,0.0,0.0,0.0,0.0,0.0,0.0,0.0,0.0,0.0,0.0,0.0,0.0,0.0,0.0,0.0,0.0,0.0,0.0,0.0,0.0,0.0,0.0,0.0,0.0,0.0,0.0,0.0,0.0,0.0,0.0,0.0,0.0,0.0,0.0,0.0,0.0,0.0,0.0,0.0,0.0,0.009999999999999998,0.0,0.0,0.0,0.0,0.0,0.0,0.0,0.0,0.0,0.0,0,0,1.0,0.0,0,0.0,0,0.0,0.0,0.0496,easy,2.952,0,0,0,0,0,0,0,0,0,0,0,0,0,0,0,0,0,0,0,0,0
27,13,2,5e9f3a0e9dc0406f898777e7,2020-04-21 19:19:24.201000+00:00,no,1.0,2,0.4,5,no,6,1,2,1,-1.2488724541535483,-1.1335476659023878,0.0,0.0,0.0,0.0,0.0,0.0,0.0,0.0,0.0,0.0,0.0,0.01,0.0,0.0,0.0,0.0,0.0,0.0,0.0,0.0,0.0,0.0,0.0,0.0,0.0,0.0,0.0,0.0,0.0,0.0,0.0,0.0,0.0,0.0,0.0,0.0,0.0,0.0,0.0,0.0,0.0,0.0,0.0,0.0,0.01,0.0,0.0,0.0,0.0,0.0,0.0,0.0,0.0,0.01,0.0,0,0,1.0,0.0,0,0.0,0,0.0,0.0,0.0496,easy,6.127,0,0,0,0,0,0,0,0,0,0,0,0,0,0,0,0,0,0,0,0,0
27,13,2,5e9de5329dc0406f8987225e,2020-04-21 19:19:24.708000+00:00,she seems to be the asshole  she knows how much of a burden it can be to translate for her family since shes done it for years shes putting a lot of pressure on her husband,1.0,2,0.4,5,she seems to be the asshole ‚äì she knows how much of a burden it can be to translate for her family since she's done it for years. she's putting a lot of pressure on her husband.,7,36,172,1,2.1793178117203063,2.7752373889334323,0.0,0.0,0.01,0.01,0.0,0.0,0.0,0.0,0.01,0.01,0.06,0.0,0.01,0.0,0.0,0.0,0.0,0.02,0.0,0.02,0.0,0.02,0.0,0.049999999999999996,0.0,0.01,0.03,0.0,0.0,0.0,0.08,0.02,0.0,0.0,0.0,0.02,0.01,0.0,0.0,0.02,0.0,0.08,0.0,0.03,0.0,0.06,0.049999999999999996,0.08,0.0,0.0,0.0,0.02,0.0,0.19999999999999998,0.0,0,0,0.75,0.0,0,0.0,0,0.2,0.2,1.7855999999999999,easy,0.507,0,0,1,0,1,0,0,0,0,0,0,0,0,0,0,0,0,0,1,0,0
27,13,2,5e9f39d29dc0406f898777bf,2020-04-21 19:19:39.562000+00:00,i understand she is busy with her masters but she needs to tell her mom not to bypass her anymore,1.0,2,0.4,5,"i understand she is busy with her masters, but she needs to tell her mom not to bypass her anymore.",8,20,97,1,0.5141968254387196,0.8766846480131767,0.01,0.0,0.0,0.01,0.0,0.01,0.0,0.01,0.0,0.0,0.049999999999999996,0.01,0.0,0.0,0.0,0.0,0.0,0.01,0.0,0.0,0.0,0.01,0.0,0.03,0.0,0.0,0.02,0.0,0.0,0.0,0.06999999999999999,0.0,0.0,0.02,0.0,0.0,0.0,0.01,0.0,0.0,0.02,0.03,0.0,0.0,0.01,0.01,0.049999999999999996,0.03,0.0,0.0,0.0,0.01,0.01,0.12,0.0,0,0,0.8,0.05,7,0.0,0,0.3,0.1,0.992,easy,14.854,0,0,0,0,0,0,0,0,0,0,0,1,0,0,0,0,0,1,0,0,0
27,13,2,5e9f3a0e9dc0406f898777e7,2020-04-21 19:19:44.680000+00:00,yes i am sorry she is an asshole,1.0,2,0.4,5,"yes, i am sorry she is an asshole!",9,8,32,1,-0.6611826942894591,-0.46347022793053294,0.0,0.0,0.0,0.0,0.0,0.0,0.0,0.0,0.0,0.0,0.01,0.0,0.01,0.0,0.0,0.0,0.0,0.0,0.0,0.0,0.0,0.0,0.0,0.02,0.0,0.0,0.0,0.0,0.0,0.0,0.01,0.0,0.0,0.0,0.0,0.0,0.01,0.01,0.0,0.0,0.0,0.02,0.0,0.01,0.01,0.02,0.0,0.0,0.0,0.0,0.0,0.0,0.01,0.05,0.0,0,0,1.0,0.125,2,0.00015518311607697082,0,1.0,-0.5,0.3968,easy,5.118,0,0,0,0,0,0,0,0,1,0,1,0,0,0,0,0,0,0,1,0,0
27,13,2,5e9f0ade9dc0406f898749a7,2020-04-21 19:19:45.407000+00:00,you cannot expect from your husband to deal with something clearly do not want either,1.0,2,0.4,5,you cannot expect from your husband to deal with something clearly do not want either.,10,15,85,1,0.1224036521959934,0.4299663560319401,0.02,0.0,0.0,0.0,0.01,0.01,0.0,0.0,0.01,0.0,0.0,0.02,0.0,0.0,0.0,0.0,0.0,0.01,0.0,0.01,0.0,0.0,0.0,0.03,0.0,0.0,0.0,0.0,0.0,0.0,0.04,0.01,0.0,0.0,0.0,0.0,0.0,0.0,0.0,0.01,0.03,0.03,0.0,0.0,0.0,0.02,0.06999999999999999,0.03,0.0,0.0,0.02,0.01,0.0,0.06999999999999999,0.0,0,0,1.0,0.0,0,0.0,0,0.3833333333333333,-0.05000000000000001,0.744,easy,0.727,0,0,0,0,0,0,0,0,0,0,0,0,1,1,0,0,0,1,0,0,0
28,14,0,5d482eab21c9be351f764242,2020-04-21 18:32:14.898000+00:00,hi everyone i considered the edit area a lot when considering that he is not the asshole ,0.714285714,1,0.142857143,7,hi everyone. i considered the edit area a lot when considering that he is not the asshole. ,1,17,89,1,0.1224036521959934,-0.385152719860885,0.0,0.0,0.0,0.01,0.0,0.0,0.0,0.0,0.01,0.0,0.01,0.01,0.01,0.0,0.0,0.0,0.0,0.0,0.0,0.01,0.0,0.02,0.0,0.01,0.0,0.0,0.02,0.0,0.0,0.0,0.03,0.02,0.0,0.01,0.0,0.0,0.01,0.01,0.0,0.01,0.01,0.01,0.0,0.03,0.0,0.01,0.04,0.0,0.0,0.0,0.0,0.01,0.01,0.09,0.0,0,0,0.9411764705882353,0.11764705882352941,0,0.0,0,0.0,0.0,5.408523529411765,medium,0.0,0,0,0,0,0,0,0,0,0,0,1,0,0,0,1,0,0,0,0,0,0
28,14,0,5e9f35fe9dc0406f89877614,2020-04-21 18:32:27.741000+00:00,i think the guy is in the right asking his mil to do for herself yes i did as well,0.714285714,1,0.142857143,7,i think the guy is in the right asking his mil to do for herself yes i did as well,2,20,82,1,0.4162485321280381,-0.0821972267995791,0.0,0.0,0.0,0.01,0.0,0.0,0.0,0.0,0.01,0.0,0.02,0.0,0.0,0.0,0.0,0.0,0.0,0.0,0.0,0.0,0.01,0.01,0.01,0.029999999999999995,0.0,0.01,0.02,0.0,0.0,0.0,0.04,0.0,0.0,0.0,0.0,0.0,0.0,0.02,0.0,0.0,0.0,0.04,0.0,0.02,0.02,0.029999999999999995,0.01,0.04,0.0,0.0,0.0,0.02,0.02,0.13,0.0,0,0,0.9,0.1,3,0.00031036623215394165,0,0.5357142857142857,0.2857142857142857,0.992,easy,12.843,0,0,1,0,1,0,0,0,0,0,1,1,0,0,0,0,0,1,0,0,0
28,14,0,5d482eab21c9be351f764242,2020-04-21 18:32:42.024000+00:00,i feel like if he is offering to help her learn how to speak english so she can be independent is a good thing as long as it was said with respect ,0.714285714,1,0.142857143,7,"i feel like if he is offering to help her learn how to speak english so she can be independent is a good thing, as long as it was said with respect. ",3,32,147,1,1.6895763451668984,1.2306099097994132,0.01,0.02,0.0,0.05,0.0,0.01,0.0,0.0,0.02,0.0,0.029999999999999995,0.0,0.0,0.0,0.0,0.0,0.0,0.0,0.0,0.0,0.02,0.02,0.0,0.04,0.0,0.02,0.01,0.0,0.0,0.0,0.06999999999999999,0.02,0.0,0.01,0.0,0.02,0.0,0.01,0.01,0.01,0.01,0.06999999999999999,0.0,0.01,0.01,0.05,0.05999999999999999,0.05,0.0,0.029999999999999995,0.0,0.04,0.01,0.19,0.0,0,0,0.90625,0.03125,6,0.00015518311607697082,0,0.28125,0.16249999999999998,2.0806375,easy,14.283,0,0,1,0,1,0,0,0,0,0,0,1,0,0,0,0,0,1,0,0,0
28,14,0,5e9f36309dc0406f89877619,2020-04-21 18:32:59.005000+00:00,his post and his edit told very different stories i went more with the original post because i felt like he could be editing to not seem like the bad guy,0.714285714,1,0.142857143,7,his post and his edit told very different stories. i went more with the original post because i felt like he could be editing to not seem like the bad guy.,4,31,153,1,1.4936797585455353,1.028639581091876,0.01,0.0,0.0,0.02,0.0,0.02,0.0,0.0,0.01,0.0,0.03,0.01,0.0,0.0,0.0,0.0,0.0,0.0,0.0,0.01,0.03,0.02,0.01,0.01,0.0,0.03,0.03,0.0,0.0,0.0,0.06,0.0,0.0,0.02,0.0,0.01,0.0,0.02,0.01,0.01,0.01,0.06,0.0,0.02,0.02,0.02,0.08,0.02,0.0,0.01,0.0,0.02,0.02,0.15,0.0,0,0,0.8387096774193549,0.06451612903225806,6,0.00031036623215394165,0,0.6741666666666667,0.04375000000000004,1.5375999999999999,easy,16.981,0,0,1,0,1,0,0,0,0,0,1,0,0,0,0,0,0,1,1,0,0
28,14,0,5e9f35fe9dc0406f89877614,2020-04-21 18:32:59.140000+00:00,that is true,0.714285714,1,0.142857143,7,that is true,5,3,12,1,-1.0529758675321852,-1.5969746921061088,0.0,0.0,0.0,0.0,0.009999999999999998,0.0,0.0,0.0,0.0,0.0,0.0,0.0,0.0,0.0,0.0,0.0,0.0,0.0,0.0,0.0,0.0,0.0,0.0,0.009999999999999998,0.0,0.0,0.0,0.0,0.0,0.0,0.0,0.009999999999999998,0.0,0.0,0.0,0.0,0.0,0.0,0.0,0.0,0.0,0.009999999999999998,0.0,0.0,0.0,0.009999999999999998,0.009999999999999998,0.0,0.0,0.0,0.0,0.0,0.0,0.019999999999999997,0.0,0,0,1.0,0.0,0,0.0,0,0.65,0.35,0.1488,easy,0.135,0,0,0,0,0,0,0,0,0,0,0,0,0,0,0,0,0,0,0,0,0
28,14,0,5e7e1e1431f4e454e196c310,2020-04-21 18:33:23.975000+00:00,i surprised myself by deciding he was the asshole not because he asked her politely but because he apparently failed to take into consideration where they live in an area with mostly people of mexican and latin american descent,0.714285714,1,0.142857143,7,"i surprised myself by deciding he was the asshole, not because he asked her politely, but because he apparently failed to take into consideration where they live: in an area with mostly people of mexican and latin american descent.",6,39,227,1,2.2772661050309875,1.836520895922025,0.0,0.0,0.0,0.04,0.0,0.030000000000000002,0.0,0.01,0.030000000000000002,0.0,0.04,0.01,0.01,0.0,0.0,0.0,0.0,0.0,0.0,0.0,0.01,0.01,0.01,0.01,0.0,0.02,0.04,0.0,0.0,0.01,0.07,0.0,0.0,0.01,0.0,0.02,0.01,0.02,0.0,0.02,0.02,0.030000000000000002,0.0,0.02,0.04,0.01,0.1,0.060000000000000005,0.0,0.0,0.0,0.0,0.02,0.22,0.0,0,0,0.9230769230769231,0.05128205128205128,0,0.0,0,0.3666666666666667,0.03939393939393939,2.3392717948717947,easy,24.835,0,0,1,0,0,0,0,0,0,0,1,1,0,0,0,0,0,0,1,0,0
28,14,0,5e8b38f636ec0e1294b35f12,2020-04-21 18:33:30.557000+00:00,it wasnt said with respect and thats what make him an asshole,0.714285714,1,0.142857143,7,it wasn't said with respect and that's what make him an asshole.,7,12,61,1,-0.17144122773605125,-0.6881082129221909,0.0,0.01,0.0,0.01,0.0,0.02,0.0,0.0,0.0,0.0,0.01,0.01,0.01,0.0,0.0,0.0,0.0,0.0,0.0,0.0,0.01,0.0,0.0,0.02,0.0,0.02,0.0,0.0,0.0,0.0,0.02,0.03,0.0,0.0,0.0,0.01,0.01,0.0,0.0,0.0,0.0,0.04,0.0,0.01,0.01,0.02,0.03,0.01,0.0,0.01,0.0,0.01,0.0,0.06,0.0,0,0,1.0,0.0,3,0.0003202049311559398,0,0.0,0.0,0.5952,easy,6.582,0,0,0,0,0,0,0,0,0,0,0,0,0,0,0,0,0,1,0,0,0
28,14,0,5e9f35fe9dc0406f89877614,2020-04-21 18:33:31.370000+00:00,but he could have just been venting in the post and not said it disrespectfully to his mil,0.714285714,1,0.142857143,7,but he could have just been venting in the post and not said it disrespectfully to his mil,8,18,90,1,0.4162485321280381,-0.0821972267995791,0.01,0.01,0.0,0.02,0.0,0.01,0.0,0.0,0.01,0.0,0.02,0.01,0.0,0.0,0.0,0.0,0.0,0.0,0.0,0.0,0.0,0.0,0.0,0.01,0.0,0.02,0.02,0.0,0.0,0.0,0.03,0.01,0.0,0.0,0.0,0.0,0.0,0.0,0.0,0.0,0.03,0.04,0.0,0.01,0.03,0.03,0.049999999999999996,0.02,0.0,0.01,0.0,0.0,0.0,0.12,0.0,0,0,1.0,0.0,2,0.002680965147453083,0,0.0,0.0,0.8927999999999999,easy,0.813,0,0,0,0,0,0,0,0,0,0,0,0,0,0,0,0,1,0,1,0,0
28,14,0,5d482eab21c9be351f763ec2,2020-04-21 18:33:45.486000+00:00,i do not consider that he is an asshole either the reason for the discussion is something important and it is not at all selfish i will only limit that his way of solving the situation if he was something idiotic ,0.714285714,1,0.142857143,7,"i do not consider that he is an asshole either, the reason for the discussion is something important and it is not at all selfish. i will only limit that his way of solving the situation if he was something idiotic. ",9,41,213,1,2.473162691652351,2.038491224629562,0.01,0.0,0.0,0.02,0.01,0.01,0.0,0.03,0.01,0.0,0.03,0.02,0.01,0.0,0.0,0.0,0.0,0.0,0.01,0.01,0.01,0.03,0.0,0.04,0.01,0.01,0.02,0.0,0.01,0.0,0.04,0.049999999999999996,0.0,0.0,0.0,0.02,0.02,0.02,0.0,0.03,0.06,0.06,0.0,0.04,0.01,0.06,0.12,0.03,0.0,0.0,0.0,0.01,0.02,0.26999999999999996,0.0,0,0,0.7804878048780488,0.04878048780487805,10,0.0,0,0.9583333333333334,-0.19166666666666665,2.0336,easy,14.116,0,0,0,0,0,0,0,0,0,0,1,1,0,0,0,0,0,1,1,0,0
28,14,0,5e9f36309dc0406f89877619,2020-04-21 18:33:46.716000+00:00,i dont think its a bad idea to help her learn english but he also cant make her do it,0.714285714,1,0.142857143,7,"i don't think it's a bad idea to help her learn english, but he also can't make her do it.",10,20,85,1,0.5141968254387196,0.018787937554189546,0.0,0.0,0.0,0.02,0.0,0.0,0.0,0.0,0.01,0.0,0.03,0.02,0.0,0.0,0.0,0.0,0.0,0.0,0.0,0.0,0.0,0.03,0.0,0.049999999999999996,0.0,0.0,0.0,0.0,0.0,0.0,0.04,0.02,0.0,0.01,0.0,0.01,0.0,0.01,0.0,0.0,0.01,0.049999999999999996,0.0,0.01,0.01,0.03,0.049999999999999996,0.01,0.0,0.0,0.0,0.01,0.01,0.09999999999999999,0.0,0,0,0.95,0.05,3,0.00015518311607697082,0,0.3333333333333333,-0.3499999999999999,0.992,easy,1.23,0,0,1,0,1,0,0,0,0,0,0,1,0,0,0,0,1,0,1,0,0
28,14,0,5e9f35fe9dc0406f89877614,2020-04-21 18:33:49.747000+00:00,he said it in respect,0.714285714,1,0.142857143,7,he said it in respect,11,5,21,1,-0.8570792809108222,-1.3950043633985714,0.0,0.009999999999999998,0.0,0.0,0.0,0.0,0.0,0.0,0.0,0.0,0.009999999999999998,0.0,0.0,0.0,0.0,0.0,0.0,0.0,0.0,0.0,0.0,0.0,0.0,0.0,0.0,0.009999999999999998,0.009999999999999998,0.0,0.0,0.0,0.019999999999999997,0.009999999999999998,0.0,0.0,0.0,0.0,0.0,0.0,0.0,0.0,0.0,0.009999999999999998,0.0,0.0,0.0,0.0,0.0,0.009999999999999998,0.0,0.009999999999999998,0.0,0.009999999999999998,0.0,0.03,0.0,0,0,1.0,0.0,2,0.0,0,0.0,0.0,0.248,easy,3.031,0,0,0,0,0,0,0,0,0,0,0,0,0,0,0,0,0,1,0,0,0
29,14,3,5d482eab21c9be351f763ec2,2020-04-21 19:16:45.068000+00:00,hello i consider that she is being selfish by supposing that he should do that duty as a husband as she did it as a family duty that she put on herself the husband only asks for consideration because it is no longer a spontaneous favor it is a duty that is constantly placed on him,1.0,0,0.0,6,"hello, i consider that she is being selfish by supposing that he should do that duty as a husband as she did it as a family duty that she put on herself. the husband only asks for consideration because it is no longer a spontaneous favor, it is a duty that is constantly placed on him.",1,56,281,1,4.040335384623256,3.541660564729661,0.01,0.0,0.01,0.04,0.0,0.0,0.0,0.0,0.02,0.0,0.060000000000000005,0.01,0.0,0.0,0.0,0.0,0.0,0.030000000000000002,0.01,0.0,0.01,0.01,0.0,0.060000000000000005,0.01,0.01,0.060000000000000005,0.0,0.030000000000000002,0.0,0.11,0.08,0.0,0.030000000000000002,0.0,0.01,0.0,0.01,0.0,0.01,0.0,0.09000000000000001,0.0,0.05,0.02,0.08,0.07,0.07,0.0,0.0,0.0,0.060000000000000005,0.01,0.38,0.0,0,0,0.6428571428571429,0.017857142857142856,0,0.0,0,0.8083333333333333,0.024999999999999994,3.059564285714286,easy,0.0,0,0,1,0,0,0,0,0,0,0,1,0,0,0,1,0,0,1,1,0,0
29,14,3,5e9f35fe9dc0406f89877614,2020-04-21 19:17:10.625000+00:00,i think he is not selfish and is rightfully saying so,1.0,0,0.0,6,i think he is not selfish and is rightfully saying so,2,11,53,1,-0.36733781435741436,-0.6352364157868925,0.0,0.01,0.0,0.02,0.0,0.01,0.0,0.0,0.01,0.0,0.01,0.01,0.0,0.0,0.0,0.0,0.0,0.0,0.01,0.0,0.0,0.01,0.0,0.030000000000000002,0.0,0.0,0.0,0.0,0.0,0.0,0.02,0.0,0.0,0.0,0.0,0.0,0.0,0.01,0.0,0.0,0.01,0.030000000000000002,0.0,0.0,0.02,0.02,0.030000000000000002,0.0,0.0,0.01,0.0,0.01,0.01,0.07,0.0,0,0,0.9090909090909091,0.09090909090909091,3,0.02396470692560078,0,1.0,0.25,0.5456,easy,25.557,0,0,1,0,1,0,0,0,0,0,0,1,0,0,0,0,0,1,1,0,0
29,14,3,5e9f36309dc0406f89877619,2020-04-21 19:17:16.156000+00:00,yeah if she doesnt have time to help why does her husband always have to drop everything to help,1.0,0,0.0,6,"yeah, if she doesn't have time to help, why does her husband always have to drop everything to help?",3,19,96,1,0.5141968254387196,0.2001429803164182,0.009999999999999998,0.0,0.0,0.009999999999999998,0.019999999999999997,0.0,0.0,0.0,0.0,0.0,0.019999999999999997,0.009999999999999998,0.0,0.0,0.0,0.0,0.0,0.009999999999999998,0.0,0.0,0.0,0.0,0.0,0.039999999999999994,0.0,0.0,0.03,0.0,0.0,0.0,0.06,0.009999999999999998,0.0,0.0,0.0,0.009999999999999998,0.0,0.0,0.0,0.009999999999999998,0.009999999999999998,0.039999999999999994,0.0,0.0,0.0,0.039999999999999994,0.039999999999999994,0.03,0.0,0.0,0.0,0.0,0.0,0.1,0.0,1,0,0.7894736842105263,0.0,0,0.0,0,0.0,0.0,0.9424,easy,5.531,0,0,0,0,0,0,0,0,0,0,0,0,0,0,0,0,0,0,0,0,0
29,14,3,5e9f35fe9dc0406f89877614,2020-04-21 19:17:39.001000+00:00,i wouldnt be able to do that if i were at work,1.0,0,0.0,6,i wouldn't be able to do that if i were at work,4,12,46,1,-0.36733781435741436,-0.6352364157868925,0.02,0.0,0.0,0.01,0.0,0.0,0.0,0.01,0.0,0.0,0.0,0.01,0.0,0.0,0.0,0.0,0.0,0.0,0.0,0.0,0.0,0.0,0.0,0.01,0.01,0.01,0.01,0.0,0.0,0.0,0.0,0.01,0.0,0.0,0.0,0.0,0.0,0.02,0.0,0.01,0.01,0.04,0.0,0.0,0.0,0.04,0.02,0.02,0.0,0.0,0.0,0.01,0.02,0.09000000000000001,0.0,0,0,0.9166666666666666,0.16666666666666666,2,0.0,0,0.625,0.5,0.5952,easy,22.845,0,0,0,0,0,0,0,0,0,0,1,1,0,0,0,0,0,1,0,0,0
29,14,3,5d482eab21c9be351f76409f,2020-04-21 19:17:48.840000+00:00,i would also consider the poster as the asshole as forcing the husband to do this without any consideration for his time is not cool,1.0,0,0.0,6,i would also consider the poster as the asshole as forcing the husband to do this without any consideration for his time is not cool.,5,25,132,1,1.0039382919921274,0.6642426448182575,0.01,0.0,0.0,0.030000000000000002,0.0,0.0,0.0,0.0,0.01,0.0,0.01,0.02,0.01,0.0,0.0,0.0,0.0,0.01,0.0,0.0,0.01,0.01,0.0,0.02,0.01,0.0,0.01,0.0,0.0,0.0,0.02,0.01,0.0,0.0,0.0,0.0,0.01,0.01,0.01,0.01,0.02,0.030000000000000002,0.0,0.030000000000000002,0.0,0.030000000000000002,0.05,0.05,0.0,0.01,0.0,0.01,0.01,0.14,0.0,0,0,0.88,0.04,2,0.00015518311607697082,0,0.65,-0.175,1.8716,easy,9.839,0,0,0,0,0,0,0,0,0,0,0,1,0,0,0,0,0,1,0,0,0
29,14,3,5d482eab21c9be351f764242,2020-04-21 19:17:49.293000+00:00,i agree i feel she is being a jerk she could of course shoot him a text and see if he has time to help at the very least,1.0,0,0.0,6,`i agree. i feel she is being a jerk. she could of course shoot him a text and see if he has time to help at the very least.,6,29,120,1,1.2977831719241721,0.942702443519361,0.02,0.0,0.0,0.02,0.0,0.01,0.0,0.0,0.01,0.0,0.04,0.0,0.0,0.0,0.0,0.01,0.0,0.0,0.01,0.01,0.01,0.01,0.0,0.04,0.0,0.0,0.02,0.0,0.0,0.0,0.049999999999999996,0.0,0.0,0.01,0.0,0.0,0.01,0.02,0.01,0.01,0.01,0.06,0.0,0.03,0.01,0.04,0.04,0.03,0.0,0.02,0.0,0.02,0.02,0.18,0.0,0,0,0.896551724137931,0.06896551724137931,3,0.001658075127032648,0,0.52,-0.39,1.4384,easy,0.453,0,0,1,0,1,0,0,0,0,0,1,1,0,0,0,0,0,0,1,0,0
29,14,3,5e8b38f636ec0e1294b35f12,2020-04-21 19:18:05.319000+00:00,he is married to her so they her family her parents are part of the family as well,1.0,0,0.0,6,"he is married to her so they her family, her parents are part of the family as well.",7,18,82,1,0.4162485321280381,0.10732304741605034,0.0,0.0,0.02,0.02,0.0,0.0,0.0,0.0,0.02,0.0,0.04,0.0,0.0,0.0,0.0,0.0,0.0,0.04,0.0,0.01,0.01,0.0,0.0,0.02,0.0,0.0,0.0,0.0,0.0,0.0,0.09,0.0,0.0,0.0,0.0,0.0,0.0,0.0,0.0,0.0,0.0,0.02,0.0,0.01,0.02,0.02,0.0,0.029999999999999995,0.0,0.0,0.0,0.01,0.0,0.11999999999999998,0.0,0,0,0.8333333333333334,0.0,5,0.0,0,0.25,0.25,0.8927999999999999,easy,16.026,0,0,0,0,0,0,0,0,0,0,0,0,0,0,0,0,1,1,0,0,0
29,14,3,5e9f35fe9dc0406f89877614,2020-04-21 19:18:21.282000+00:00,yes  i think the wife is just pawning off the duties onto him,1.0,0,0.0,6,yes.  i think the wife is just pawning off the duties onto him,8,13,61,1,-0.17144122773605125,-0.4495965499861568,0.0,0.0,0.0,0.0,0.0,0.0,0.0,0.0,0.01,0.0,0.01,0.0,0.0,0.0,0.0,0.0,0.0,0.01,0.0,0.0,0.0,0.01,0.0,0.02,0.0,0.0,0.02,0.0,0.01,0.0,0.02,0.0,0.0,0.01,0.0,0.0,0.0,0.01,0.0,0.0,0.01,0.02,0.0,0.02,0.02,0.01,0.03,0.02,0.0,0.0,0.0,0.0,0.01,0.07,0.0,0,0,0.9230769230769231,0.07692307692307693,3,0.0,0,0.0,0.0,0.6447999999999999,easy,15.963,0,0,1,0,1,0,0,0,0,0,1,0,0,0,0,0,0,0,0,0,0
30,15,0,5e9f14709dc0406f898754ab,2020-04-21 18:26:03.857000+00:00,hes not an asshole  he might be lacking in social graces and politeness maybe even patience but his feelings are his own and he justified them  ,0.5,0,0.0,4,he's not an asshole.  he might be lacking in social grace's and politeness maybe even patience but his feelings are his own and he justified them.  ,1,26,144,1,1.1998348786134905,0.38806077315156684,0.009999999999999998,0.0,0.0,0.03,0.0,0.019999999999999997,0.0,0.0,0.019999999999999997,0.0,0.05,0.009999999999999998,0.009999999999999998,0.0,0.0,0.0,0.0,0.0,0.0,0.019999999999999997,0.009999999999999998,0.019999999999999997,0.0,0.019999999999999997,0.009999999999999998,0.0,0.009999999999999998,0.0,0.0,0.0,0.06999999999999999,0.0,0.0,0.0,0.0,0.009999999999999998,0.009999999999999998,0.0,0.009999999999999998,0.019999999999999997,0.019999999999999997,0.039999999999999994,0.0,0.009999999999999998,0.03,0.039999999999999994,0.09,0.009999999999999998,0.0,0.009999999999999998,0.0,0.019999999999999997,0.0,0.13999999999999999,0.009999999999999998,0,0,0.8846153846153846,0.0,0,0.0,1,0.6555555555555556,0.3444444444444444,1.2895999999999999,easy,0.0,0,0,1,0,0,0,0,0,0,0,0,0,0,0,0,0,0,1,1,0,0
30,15,0,5e9de51e9dc0406f8987225c,2020-04-21 18:26:19.370000+00:00,my initial expression was that he was an asshole after completle reading it he does have it opinion on helping a person is allowed to get frustrated maybe him not helping  would allow her to be less dependent and learn more english,0.5,0,0.0,4,my initial expression was that he was an asshole. after completle reading it he does have it opinion on helping. a person is allowed to get frustrated. maybe him not helping  would allow her to be less dependent and learn more english.,2,42,231,1,2.7670075715843954,1.799190857339083,0.01,0.0,0.0,0.01,0.0,0.01,0.0,0.0,0.01,0.0,0.04,0.01,0.01,0.0,0.0,0.0,0.0,0.0,0.0,0.02,0.02,0.01,0.01,0.04,0.01,0.02,0.030000000000000002,0.0,0.0,0.0,0.08,0.030000000000000002,0.0,0.01,0.0,0.02,0.02,0.01,0.0,0.02,0.01,0.08,0.0,0.02,0.01,0.07,0.08,0.04,0.0,0.0,0.0,0.030000000000000002,0.01,0.23,0.01,0,0,0.8809523809523809,0.0,6,0.00344520493115594,1,0.15333333333333332,-0.07333333333333332,2.0831999999999997,easy,15.513,0,0,1,0,0,0,0,0,0,0,0,1,0,0,0,0,0,1,1,0,0
30,15,0,5e877a0ea44a3116d9b95d26,2020-04-21 18:26:23.924000+00:00,i dont think this person is an asshole its not his responsibility to stand by and help his mother in law at random times of the day it does not make him a racist definitely could have been a little more polite ,0.5,0,0.0,4,i don't think this person is an asshole. it's not his responsibility to stand by and help his mother in law at random times of the day. it does not make him a racist. definitely could have been a little more polite. ,3,42,210,1,2.6690592782737137,1.7109952270773632,0.010000000000000002,0.0,0.0,0.010000000000000002,0.010000000000000002,0.010000000000000002,0.0,0.010000000000000002,0.010000000000000002,0.0,0.03,0.03,0.010000000000000002,0.0,0.0,0.0,0.0,0.010000000000000002,0.0,0.010000000000000002,0.010000000000000002,0.010000000000000002,0.010000000000000002,0.06,0.0,0.010000000000000002,0.06,0.0,0.010000000000000002,0.0,0.06,0.03,0.0,0.010000000000000002,0.0,0.010000000000000002,0.010000000000000002,0.010000000000000002,0.0,0.010000000000000002,0.020000000000000004,0.08000000000000002,0.0,0.04000000000000001,0.010000000000000002,0.06,0.1,0.05,0.0,0.0,0.0,0.03,0.010000000000000002,0.24,0.010000000000000002,0,0,0.9285714285714286,0.023809523809523808,11,0.007252855122095907,1,0.5,-0.046875,2.4591523809523808,easy,4.554,0,0,1,0,1,0,0,0,0,0,0,1,0,0,0,0,0,1,1,0,0
30,15,0,5e877a68a44a3116d9b95d7b,2020-04-21 18:26:35.608000+00:00,i have mixed feelings about this scenario  if he was really polite i dont see a problem  but his language and attitude bother me,0.5,0,0.0,4,"i have mixed feelings about this scenario.  if he was really polite, i don't see a problem.  but his language and attitude bother me.",4,24,128,1,0.8080417053707643,0.035278252104687775,0.02,0.0,0.0,0.03,0.0,0.01,0.0,0.0,0.02,0.0,0.02,0.01,0.0,0.0,0.0,0.01,0.0,0.0,0.0,0.0,0.0,0.01,0.0,0.03,0.0,0.01,0.0,0.0,0.0,0.0,0.03,0.01,0.0,0.0,0.0,0.0,0.01,0.03,0.01,0.01,0.03,0.04,0.0,0.01,0.03,0.03,0.06,0.01,0.0,0.02,0.0,0.02,0.03,0.13,0.0,0,0,0.9583333333333334,0.08333333333333333,6,0.007206917956291872,0,0.225,0.1,1.1904,easy,11.684,0,0,0,0,0,1,0,0,0,0,1,1,0,0,0,0,0,1,1,0,0
30,15,0,5e877f2ca44a3116d9b95f1d,2020-04-21 18:26:56.853000+00:00,he mother inlaw is disrupting his daily life and it was good that he was honest with her respectfully,0.5,0,0.0,4,he mother in-law is disrupting his daily life and it was good that he was honest with her respectfully.,5,19,101,1,0.5141968254387196,-0.2293086386804715,0.0,0.0,0.0,0.01,0.0,0.02,0.01,0.0,0.0,0.0,0.04,0.0,0.0,0.0,0.01,0.0,0.0,0.01,0.0,0.0,0.02,0.0,0.0,0.01,0.0,0.02,0.01,0.0,0.0,0.0,0.05,0.02,0.0,0.0,0.0,0.0,0.0,0.0,0.0,0.0,0.0,0.03,0.0,0.0,0.01,0.03,0.02,0.01,0.0,0.0,0.0,0.03,0.0,0.11,0.0,0,0,0.8947368421052632,0.0,6,0.0,0,0.55,0.44999999999999996,0.9424,easy,21.245,0,0,0,0,0,0,0,0,0,0,0,0,0,0,0,0,0,1,0,0,0
30,15,0,5d482eab21c9be351f7640ac,2020-04-21 18:27:09.451000+00:00,learning a language is extremely hard for some people not everyone learns the same or at the same pace so him saying that to his mil is inconsiderate hes an asshole for thinking his feelings are ok but he was polite about the situation,0.5,0,0.0,4,learning a language is extremely hard for some people. not everyone learns the same or at the same pace so him saying that to his mil is inconsiderate. he's an asshole for thinking his feelings are ok but he was polite about the situation.,6,44,235,1,2.9629041582057587,1.9755821178625226,0.0,0.01,0.0,0.03,0.01,0.0,0.0,0.0,0.02,0.0,0.05,0.01,0.01,0.0,0.0,0.0,0.0,0.0,0.0,0.04,0.01,0.04,0.01,0.04,0.0,0.01,0.01,0.0,0.0,0.0,0.09,0.02,0.0,0.02,0.0,0.0,0.01,0.0,0.02,0.02,0.03,0.05,0.0,0.05,0.02,0.05,0.11,0.05,0.0,0.03,0.0,0.02,0.0,0.26,0.0,0,0,0.8636363636363636,0.0,7,0.0,0,0.32291666666666663,0.05208333333333333,2.5412636363636363,easy,12.598,0,0,1,0,0,0,0,0,0,0,0,0,0,0,0,0,1,1,1,0,0
30,15,0,5e877f2ca44a3116d9b95f1d,2020-04-21 18:27:31.307000+00:00,the edit said that he did not use the words im sick of this shit and he said he tried to be polite,0.5,0,0.0,4,"the edit said that he did not use the words ""i'm sick of this shit"" and he said he tried to be polite",7,23,98,1,0.9059899986814458,0.12347388236640754,0.0,0.019999999999999997,0.0,0.009999999999999998,0.0,0.009999999999999998,0.019999999999999997,0.009999999999999998,0.0,0.0,0.03,0.009999999999999998,0.009999999999999998,0.0,0.009999999999999998,0.0,0.009999999999999998,0.0,0.009999999999999998,0.0,0.0,0.0,0.0,0.009999999999999998,0.0,0.039999999999999994,0.0,0.0,0.0,0.0,0.05,0.019999999999999997,0.0,0.009999999999999998,0.0,0.009999999999999998,0.009999999999999998,0.0,0.0,0.0,0.009999999999999998,0.06,0.0,0.019999999999999997,0.009999999999999998,0.019999999999999997,0.03,0.019999999999999997,0.0,0.019999999999999997,0.0,0.009999999999999998,0.0,0.13,0.0,0,0,0.8260869565217391,0.0,8,0.006896551724137931,0,0.8285714285714285,-0.4571428571428572,1.1408,easy,21.856,0,0,0,0,0,0,0,0,0,0,1,0,0,0,0,0,0,1,1,0,0
31,15,2,5e9ded209dc0406f898727ad,2020-04-21 18:55:09.668000+00:00,my initial reaction is that she is not an asshole,1.0,2,0.4,5,my initial reaction is that she is not an asshole.,1,10,49,1,-0.36733781435741436,-1.17976246121113,0.0,0.0,0.0,0.0,0.0,0.0,0.0,0.0,0.0,0.0,0.009999999999999998,0.009999999999999998,0.009999999999999998,0.0,0.0,0.0,0.0,0.0,0.0,0.0,0.0,0.0,0.0,0.019999999999999997,0.0,0.0,0.009999999999999998,0.0,0.0,0.0,0.009999999999999998,0.009999999999999998,0.0,0.0,0.0,0.009999999999999998,0.009999999999999998,0.009999999999999998,0.0,0.0,0.009999999999999998,0.019999999999999997,0.0,0.009999999999999998,0.0,0.019999999999999997,0.019999999999999997,0.0,0.0,0.0,0.0,0.0,0.009999999999999998,0.06999999999999999,0.0,0,0,0.9,0.0,0,0.0,0,0.0,0.0,0.496,easy,0.0,0,0,0,0,0,0,0,0,0,0,0,1,0,0,0,0,0,0,0,0,0
31,15,2,5e877f2ca44a3116d9b95f1d,2020-04-21 18:55:29.787000+00:00,i dont think she is the asshole her husband has gone through an education to learn the language has more time on his hands and has committed to her family ,1.0,2,0.4,5,"i don't think she is the asshole. her husband has gone through an education to learn the language, has more time on his hands, and has committed to her family ",2,30,155,1,1.4936797585455353,0.9079544431869971,0.0,0.0,0.01,0.01,0.01,0.01,0.01,0.0,0.0,0.0,0.04,0.01,0.01,0.0,0.0,0.0,0.01,0.02,0.0,0.01,0.0,0.02,0.0,0.060000000000000005,0.0,0.01,0.030000000000000002,0.0,0.0,0.0,0.06999999999999999,0.0,0.0,0.02,0.0,0.0,0.01,0.01,0.01,0.0,0.0,0.06999999999999999,0.0,0.030000000000000002,0.01,0.05,0.04,0.04,0.0,0.01,0.0,0.0,0.01,0.18000000000000002,0.0,0,0,0.8333333333333334,0.03333333333333333,3,0.0003202049311559398,0,0.5,0.5,1.488,easy,20.119,0,0,1,0,1,0,0,0,0,0,0,1,0,0,0,0,0,0,0,0,0
31,15,2,5e9de51e9dc0406f8987225c,2020-04-21 18:55:37.272000+00:00,even though he seemed frustrated he can take 10 minutes to help out ,1.0,2,0.4,5,"even though he seemed frustrated, he can take 10 minutes to help out. ",3,13,68,1,-0.07349293442536971,-0.8501229499903731,0.0,0.0,0.0,0.01,0.0,0.01,0.0,0.0,0.02,0.0,0.02,0.0,0.0,0.0,0.0,0.0,0.0,0.0,0.0,0.0,0.0,0.01,0.0,0.02,0.0,0.01,0.02,0.0,0.0,0.0,0.030000000000000006,0.0,0.0,0.0,0.0,0.0,0.01,0.0,0.0,0.01,0.0,0.030000000000000006,0.0,0.0,0.0,0.01,0.02,0.02,0.0,0.0,0.0,0.0,0.0,0.05,0.0,0,0,0.9230769230769231,0.0,1,0.0,0,0.2,-0.7,0.6447999999999999,easy,7.485,0,0,0,0,0,0,0,0,0,0,0,0,0,0,0,0,0,0,1,0,0
31,15,2,5e877a68a44a3116d9b95d7b,2020-04-21 18:55:43.778000+00:00,i believe immigrants should learn the language of the country they go to  and if he is getting all upset about doing it she should not make him,1.0,2,0.4,5,"i believe immigrants should learn the language of the country they go to.  and if he is getting all upset about doing it, she should not make him.",4,28,143,1,1.2977831719241721,0.6881947690398259,0.03,0.0,0.0,0.02,0.01,0.01,0.0,0.0,0.01,0.01,0.03,0.01,0.0,0.0,0.0,0.0,0.0,0.0,0.01,0.0,0.0,0.02,0.0,0.04,0.02,0.0,0.02,0.0,0.0,0.0,0.05,0.01,0.0,0.01,0.0,0.01,0.0,0.01,0.0,0.01,0.02,0.06999999999999999,0.0,0.02,0.01,0.04,0.09000000000000001,0.03,0.0,0.0,0.0,0.0,0.01,0.18999999999999997,0.0,0,0,0.9285714285714286,0.03571428571428571,2,0.0,0,0.0,0.0,1.3888,easy,6.506,0,0,1,0,0,0,0,0,0,0,0,1,0,0,0,0,0,0,1,0,0
31,15,2,5e877a0ea44a3116d9b95d26,2020-04-21 18:55:54.684000+00:00,she is not an asshole i believe the husband is definitely more of an asshole than she is he should be able to help out its his family too ,1.0,2,0.4,5,"she is not an asshole. i believe the husband is definitely more of an asshole than she is. he should be able to help out, it's his family too. ",5,29,138,1,1.3957314652348536,0.7980746061134115,0.01,0.0,0.01,0.0,0.01,0.01,0.0,0.01,0.02,0.0,0.04,0.01,0.02,0.0,0.0,0.0,0.0,0.02,0.0,0.01,0.01,0.01,0.0,0.04,0.01,0.0,0.01,0.0,0.0,0.0,0.06999999999999999,0.01,0.0,0.0,0.0,0.0,0.02,0.01,0.0,0.0,0.01,0.05999999999999999,0.0,0.029999999999999995,0.0,0.049999999999999996,0.049999999999999996,0.04,0.0,0.0,0.0,0.0,0.01,0.21,0.0,0,0,0.8275862068965517,0.034482758620689655,11,0.004742339079379723,0,0.5625,0.5,1.4384,easy,10.906,0,0,1,0,0,0,0,0,0,0,1,0,0,0,0,0,0,0,0,0,0
32,16,1,5d482ea921c9be351f763813,2020-04-22 18:00:07.957000+00:00,i dont feel he is an ass nor do i think he is racist,0.8,1,0.2,5,"i don't feel he is an ass, nor do i think he is racist",1,14,52,1,-0.17144122773605125,-0.20043323554737127,0.0,0.0,0.0,0.01,0.0,0.0,0.01,0.0,0.0,0.0,0.02,0.02,0.01,0.0,0.0,0.0,0.01,0.0,0.0,0.0,0.0,0.02,0.0,0.060000000000000005,0.0,0.0,0.0,0.01,0.0,0.0,0.02,0.0,0.0,0.0,0.0,0.0,0.0,0.02,0.01,0.0,0.0,0.060000000000000005,0.0,0.01,0.0,0.04,0.02,0.0,0.0,0.01,0.0,0.0,0.02,0.09,0.0,0,0,0.7857142857142857,0.14285714285714285,0,0.0,0,0.0,0.0,0.6944,easy,0.0,0,0,1,0,1,0,0,0,0,0,1,1,0,0,0,0,0,0,1,0,0
32,16,1,5d482ea921c9be351f763607,2020-04-22 18:00:26.857000+00:00,i think what he said was fair but i think hes the asshole for the way he communicated it,0.8,1,0.2,5,"i think what he said was fair, but i think he's the asshole for the way he communicated it.",2,19,88,1,0.31830023881735653,0.2841306306111087,0.0,0.01,0.0,0.01,0.0,0.0,0.0,0.0,0.0,0.0,0.03,0.0,0.01,0.0,0.0,0.0,0.0,0.0,0.0,0.0,0.0,0.02,0.0,0.03,0.0,0.02,0.01,0.0,0.0,0.0,0.049999999999999996,0.02,0.0,0.0,0.0,0.0,0.01,0.02,0.0,0.0,0.01,0.049999999999999996,0.0,0.02,0.01,0.02,0.03,0.01,0.0,0.01,0.0,0.01,0.02,0.11,0.0,0,0,0.7894736842105263,0.10526315789473684,2,0.0010072303436521996,0,0.9,0.7,5.409952631578947,medium,18.9,0,0,1,0,1,0,0,0,0,0,1,1,0,0,0,0,0,1,0,0,0
32,16,1,5e9f36449dc0406f8987761b,2020-04-22 18:00:36.617000+00:00,the person is not an asshole,0.8,1,0.2,5,the person is not an asshole.,3,6,28,1,-0.7591309876001406,-0.7819098749375473,0.0,0.0,0.0,0.0,0.0,0.0,0.0,0.0,0.0,0.0,0.0,0.01,0.01,0.0,0.0,0.0,0.0,0.0,0.0,0.0,0.0,0.0,0.01,0.01,0.0,0.0,0.0,0.0,0.0,0.0,0.01,0.0,0.0,0.0,0.0,0.0,0.01,0.0,0.0,0.0,0.01,0.01,0.0,0.02,0.0,0.01,0.01,0.0,0.0,0.0,0.0,0.0,0.0,0.04,0.0,0,0,1.0,0.0,1,0.0003202049311559398,0,0.0,0.0,0.2976,easy,9.76,0,0,0,0,0,0,0,0,0,0,0,0,0,0,0,0,0,0,0,0,0
32,16,1,5d482ea921c9be351f763607,2020-04-22 18:00:44.384000+00:00,it seems like he could have brought it up in person and not right as she asked for help,0.8,1,0.2,5,"it seems like he could have brought it up in person, and not right as she asked for help.",4,19,87,1,0.5141968254387196,0.47795617707450067,0.01,0.0,0.0,0.02,0.0,0.01,0.0,0.0,0.0,0.0,0.02,0.01,0.0,0.0,0.0,0.0,0.0,0.0,0.0,0.0,0.01,0.01,0.01,0.02,0.0,0.02,0.04,0.0,0.0,0.0,0.049999999999999996,0.02,0.0,0.0,0.0,0.0,0.0,0.0,0.0,0.01,0.01,0.049999999999999996,0.0,0.0,0.01,0.02,0.04,0.04,0.0,0.0,0.0,0.02,0.0,0.11000000000000001,0.0,0,0,0.9473684210526315,0.0,1,0.002028397565922921,0,0.5357142857142857,-0.14285714285714285,0.9424,easy,7.767,0,0,1,0,1,0,0,0,0,0,0,0,0,0,0,0,0,1,0,0,0
32,16,1,5ea077a29dc0406f8987e162,2020-04-22 18:00:44.520000+00:00,i think more than anything this is a generational cultural issue my mother in law expects my husband and his siblings to just drop everything and do what she says ,0.8,1,0.2,5,i think more than anything this is a generational/ cultural issue. my mother in law expects my husband and his siblings to just drop everything and do what she says ,5,30,163,1,1.2977831719241721,1.2532583629280687,0.01,0.01,0.0,0.02,0.01,0.02,0.0,0.0,0.01,0.0,0.02,0.0,0.0,0.0,0.0,0.0,0.0,0.02,0.0,0.01,0.0,0.01,0.0,0.03,0.0,0.0,0.03,0.0,0.0,0.0,0.06999999999999999,0.04,0.0,0.0,0.0,0.0,0.0,0.03,0.0,0.01,0.01,0.03,0.0,0.01,0.03,0.02,0.09,0.03,0.0,0.01,0.0,0.01,0.03,0.16999999999999998,0.0,0,0,0.9333333333333333,0.1,4,0.0,0,0.3,0.3,2.0143333333333335,easy,0.136,0,0,1,0,1,0,0,0,0,0,1,1,0,0,0,0,0,0,1,0,0
32,16,1,5e9f36449dc0406f8987761b,2020-04-22 18:00:51.263000+00:00,i dont think him as racist also,0.8,1,0.2,5,i dont think him as racist also.,6,7,31,1,-0.7591309876001406,-0.7819098749375473,0.0,0.0,0.0,0.02,0.0,0.0,0.0,0.0,0.01,0.0,0.01,0.01,0.0,0.0,0.0,0.0,0.0,0.0,0.0,0.0,0.0,0.01,0.0,0.02,0.0,0.0,0.0,0.0,0.0,0.0,0.01,0.0,0.0,0.0,0.0,0.0,0.0,0.01,0.0,0.0,0.0,0.02,0.0,0.0,0.0,0.01,0.01,0.01,0.0,0.0,0.0,0.0,0.01,0.03,0.0,0,0,1.0,0.14285714285714285,0,0.0005036151718260998,0,0.0,0.0,0.3472,easy,6.743,0,0,1,0,1,0,0,0,0,0,0,1,0,0,0,0,0,0,1,0,0
32,16,1,5ea079969dc0406f8987ea64,2020-04-22 18:01:00.411000+00:00,my first impression is that this guy is an asshole its clear that hes frustrated and then way he explains himself by the way hes complaining and venting about the situation,0.8,1,0.2,5,my first impression is that this guy is an asshole. it's clear that he's frustrated and then way he explains himself by the way he's complaining and venting about the situation,7,31,172,1,1.6895763451668984,1.6409094558548525,0.0,0.0,0.0,0.03,0.01,0.02,0.0,0.01,0.01,0.0,0.04,0.0,0.01,0.0,0.0,0.0,0.0,0.0,0.0,0.0,0.01,0.01,0.01,0.049999999999999996,0.0,0.0,0.04,0.0,0.0,0.0,0.07,0.04,0.0,0.0,0.0,0.0,0.02,0.01,0.0,0.0,0.0,0.049999999999999996,0.0,0.03,0.02,0.04,0.04,0.02,0.0,0.0,0.0,0.01,0.01,0.16999999999999998,0.0,0,0,0.8064516129032258,0.0,0,0.0,0,0.3055555555555555,-0.11666666666666664,1.5375999999999999,easy,9.148,0,0,0,0,0,0,0,0,0,0,0,1,0,0,0,0,0,1,1,0,0
32,16,1,5ea0740a9dc0406f8987d411,2020-04-22 18:01:09.869000+00:00,i agree with both of these points i think he was coming from the right place and a desire to help he was a little aggressive at the end of the post though,0.8,1,0.2,5,i agree with both of these points. i think he was coming from the right place and a desire to help. he was a little aggressive at the end of the post though.,8,33,154,1,1.6895763451668984,1.6409094558548525,0.01,0.0,0.0,0.02,0.0,0.03,0.0,0.0,0.01,0.0,0.02,0.0,0.0,0.0,0.0,0.0,0.0,0.0,0.0,0.01,0.01,0.01,0.0,0.01,0.0,0.02,0.08,0.0,0.0,0.0,0.03,0.01,0.0,0.0,0.0,0.0,0.01,0.02,0.0,0.0,0.0,0.03,0.0,0.049999999999999996,0.01,0.02,0.049999999999999996,0.06,0.0,0.0,0.0,0.03,0.02,0.19999999999999998,0.01,0,0,0.7878787878787878,0.06060606060606061,6,0.0,1,0.5178571428571428,0.04910714285714285,1.6368,easy,9.458,0,0,1,0,1,0,0,0,0,0,1,1,0,0,0,0,0,1,1,0,0
32,16,1,5ea077a29dc0406f8987e162,2020-04-22 18:01:10.757000+00:00,i dont think hes an asshole or racist ,0.8,1,0.2,5,i don‚äôt think he‚äôs an asshole or racist ,9,8,38,1,-0.6611826942894591,-0.6849971017058513,0.0,0.0,0.0,0.01,0.0,0.0,0.0,0.0,0.0,0.0,0.01,0.01,0.01,0.0,0.0,0.0,0.0,0.0,0.0,0.0,0.0,0.01,0.0,0.03,0.0,0.0,0.0,0.0,0.0,0.0,0.01,0.0,0.0,0.0,0.0,0.0,0.01,0.01,0.0,0.01,0.01,0.03,0.0,0.01,0.0,0.02,0.02,0.0,0.0,0.0,0.0,0.0,0.01,0.03,0.0,0,0,1.0,0.125,0,0.0005036151718260998,0,0.0,0.0,0.3968,easy,0.888,0,0,1,0,1,0,0,0,0,0,0,1,0,0,0,0,0,0,1,0,0
32,16,1,5d482ea921c9be351f763813,2020-04-22 18:01:21.596000+00:00,he if you read the edit did not actually use harsh words he was polite and if you go to a country to live you should actually learn the language,0.8,1,0.2,5,"he, if you read the edit, did not actually use harsh words, he was polite and if you go to a country to live you should actually learn the language",10,30,144,1,1.5916280518562167,1.5439966826231566,0.03,0.0,0.0,0.03,0.0,0.009999999999999998,0.0,0.0,0.019999999999999997,0.0,0.019999999999999997,0.009999999999999998,0.0,0.0,0.0,0.0,0.0,0.0,0.0,0.0,0.0,0.009999999999999998,0.0,0.019999999999999997,0.009999999999999998,0.019999999999999997,0.019999999999999997,0.0,0.0,0.0,0.06,0.0,0.0,0.03,0.0,0.009999999999999998,0.0,0.0,0.0,0.019999999999999997,0.03,0.05,0.0,0.03,0.03,0.03,0.06999999999999999,0.019999999999999997,0.0,0.0,0.03,0.019999999999999997,0.0,0.16999999999999998,0.0,0,0,0.7666666666666667,0.0,0,0.0,0,0.35,-0.015909090909090914,1.488,easy,10.839,0,0,1,0,0,1,0,0,0,0,0,0,1,0,0,0,0,1,1,0,0
32,16,1,5e9f36449dc0406f8987761b,2020-04-22 18:01:28.065000+00:00,language is the problem in this contextits his wish to make his motherinlaw to learn english,0.8,1,0.2,5,language is the problem in this context.its his wish to make his mother-in-law to learn english.,11,16,92,1,0.22035194550667497,0.18721785737941268,0.02,0.0,0.0,0.0,0.0,0.0,0.0,0.0,0.0,0.0,0.02,0.0,0.0,0.0,0.0,0.0,0.0,0.0,0.0,0.0,0.0,0.01,0.0,0.03,0.0,0.0,0.01,0.0,0.0,0.0,0.03,0.01,0.0,0.01,0.0,0.01,0.0,0.0,0.0,0.0,0.0,0.03,0.0,0.01,0.0,0.01,0.04,0.03,0.0,0.0,0.0,0.0,0.0,0.08,0.0,0,0,0.875,0.0,3,0.0023903597391452106,0,0.0,0.0,0.7936,easy,6.469,0,0,0,0,0,0,0,0,0,0,0,0,0,0,0,0,0,0,1,0,0
33,16,2,5e9f36449dc0406f8987761b,2020-04-22 18:15:13.951000+00:00,i dont think the person as an asshole,0.8,1,0.2,5,i dont think the person as an asshole,1,8,37,1,-0.6611826942894591,-0.9060497762310453,0.0,0.0,0.0,0.01,0.0,0.0,0.0,0.0,0.0,0.0,0.0,0.01,0.01,0.0,0.0,0.0,0.0,0.0,0.0,0.0,0.0,0.01,0.01,0.02,0.0,0.0,0.0,0.0,0.0,0.0,0.01,0.0,0.0,0.0,0.0,0.0,0.01,0.01,0.0,0.0,0.0,0.02,0.0,0.02,0.0,0.01,0.01,0.01,0.0,0.0,0.0,0.0,0.01,0.04,0.0,0,0,1.0,0.125,0,0.0,0,0.0,0.0,0.3968,easy,0.0,0,0,1,0,1,0,0,0,0,0,0,1,0,0,0,0,0,0,0,0,0
33,16,2,5ea077a29dc0406f8987e162,2020-04-22 18:15:28.287000+00:00,i understand she wants her husband to help out but its her parents if they have lived here that long theyve shouldve learned enough english to get around ,0.8,1,0.2,5,i understand she wants her husband to help out but it‚äôs her parents. if they have lived here that long they‚äôve should‚äôve learned enough english to get around. ,2,28,154,1,1.2977831719241721,1.4602657905579393,0.03,0.0,0.0,0.02,0.0,0.02,0.0,0.0,0.02,0.0,0.03,0.0,0.0,0.0,0.0,0.0,0.0,0.02,0.0,0.01,0.0,0.02,0.0,0.049999999999999996,0.01,0.02,0.03,0.0,0.0,0.0,0.08,0.02,0.0,0.01,0.0,0.0,0.0,0.01,0.0,0.01,0.02,0.07,0.0,0.0,0.01,0.03,0.08,0.04,0.0,0.0,0.0,0.01,0.01,0.14,0.0,0,0,0.9285714285714286,0.03571428571428571,0,0.00015518311607697082,0,0.25,0.037500000000000006,1.3888,easy,14.336,0,0,1,0,0,0,0,0,0,0,0,1,0,0,0,0,0,1,0,0,0
33,16,2,5ea079969dc0406f8987ea64,2020-04-22 18:15:33.777000+00:00,i think theyre both assholes they both are shit attitudes and complain and bitch about it instead of communicating about how they really feel,0.8,1,0.2,5,i think they're both assholes. they both are shit attitudes and complain and bitch about it instead of communicating about how they really feel.,3,24,141,1,0.9059899986814458,0.9870026772001423,0.0,0.0,0.0,0.03,0.0,0.039999999999999994,0.009999999999999998,0.0,0.05,0.0,0.0,0.0,0.03,0.0,0.0,0.0,0.009999999999999998,0.0,0.009999999999999998,0.019999999999999997,0.0,0.019999999999999997,0.0,0.039999999999999994,0.0,0.0,0.019999999999999997,0.0,0.0,0.0,0.05,0.009999999999999998,0.0,0.0,0.0,0.009999999999999998,0.03,0.009999999999999998,0.009999999999999998,0.0,0.009999999999999998,0.039999999999999994,0.0,0.0,0.03,0.019999999999999997,0.07999999999999999,0.03,0.0,0.009999999999999998,0.0,0.0,0.009999999999999998,0.12999999999999998,0.0,0,0,0.8333333333333334,0.041666666666666664,2,0.00015518311607697082,0,0.5,0.0,1.8483166666666664,easy,5.49,0,0,1,0,1,1,0,0,0,0,0,1,0,0,0,0,0,0,1,0,0
33,16,2,5d482ea921c9be351f763813,2020-04-22 18:15:48.319000+00:00,my thought is that she is wrong for making her husband take the calls  sharing the responsibility is one thing but forcing the issue is another,0.8,1,0.2,5,"my thought is that she is wrong for making her husband take the calls,  sharing the responsibility is one thing but forcing the issue is another",4,26,143,1,1.1998348786134905,1.34195001221849,0.0,0.0,0.0,0.01,0.0,0.0,0.0,0.01,0.0,0.0,0.02,0.0,0.0,0.0,0.0,0.0,0.0,0.01,0.01,0.0,0.01,0.01,0.0,0.05,0.0,0.01,0.0,0.0,0.01,0.0,0.05,0.02,0.0,0.01,0.0,0.01,0.0,0.01,0.0,0.0,0.01,0.06,0.0,0.03,0.01,0.04,0.05,0.01,0.0,0.0,0.0,0.0,0.01,0.13,0.0,0,0,0.8076923076923077,0.0,0,0.0,0,0.9,-0.5,1.8969076923076922,easy,14.542,0,0,1,0,0,0,0,0,0,0,0,1,0,0,0,0,0,0,1,0,0
33,16,2,5d482ea921c9be351f763607,2020-04-22 18:15:57.767000+00:00,im pretty torn on this one but i lean towards her not being the asshole,0.8,1,0.2,5,"i'm pretty torn on this one, but i lean towards her not being the asshole",5,15,71,1,0.024455358885311848,-0.0778393278549007,0.0,0.0,0.0,0.01,0.0,0.0,0.0,0.0,0.0,0.0,0.01,0.01,0.01,0.0,0.0,0.0,0.0,0.0,0.0,0.0,0.01,0.0,0.0,0.0,0.0,0.0,0.02,0.0,0.0,0.0,0.01,0.01,0.0,0.0,0.0,0.0,0.01,0.01,0.0,0.01,0.02,0.01,0.0,0.01,0.01,0.01,0.03,0.02,0.0,0.0,0.0,0.02,0.01,0.08,0.0,0,0,1.0,0.06666666666666667,4,0.0,0,1.0,0.25,0.744,easy,9.448,0,0,0,0,0,0,0,0,0,0,1,1,0,0,0,0,1,1,0,0,0
33,16,2,5ea077a29dc0406f8987e162,2020-04-22 18:16:11.021000+00:00,she makes fun of her husbands spanish but expects him to translate for her parents,0.8,1,0.2,5,she makes fun of her husbands spanish but expects him to translate for her parents,6,15,82,1,0.1224036521959934,0.04047645048454852,0.01,0.0,0.0,0.01,0.0,0.0,0.0,0.0,0.0,0.0,0.04,0.0,0.0,0.0,0.0,0.0,0.0,0.02,0.0,0.0,0.01,0.0,0.0,0.01,0.0,0.0,0.0,0.0,0.0,0.0,0.05999999999999999,0.0,0.0,0.0,0.0,0.01,0.0,0.0,0.0,0.0,0.01,0.01,0.0,0.0,0.01,0.0,0.029999999999999995,0.029999999999999995,0.0,0.0,0.0,0.01,0.0,0.08,0.0,0,0,0.9333333333333333,0.0,3,0.0,0,0.1,0.15,0.744,easy,13.254,0,0,0,0,0,0,0,0,0,0,0,0,0,0,0,0,0,1,0,0,0
33,16,2,5ea0740a9dc0406f8987d411,2020-04-22 18:16:19.720000+00:00,i think both parties are kind of to blame here i am leaning towards her being the asshole though because of the expectation he can always translate for her mother,0.8,1,0.2,5,i think both parties are kind of to blame here. i am leaning towards her being the asshole though because of the expectation he can always translate for her mother,7,30,162,1,1.3957314652348536,1.5785815688973885,0.01,0.0,0.0,0.02,0.01,0.01,0.0,0.0,0.02,0.0,0.03,0.0,0.01,0.0,0.0,0.0,0.0,0.01,0.0,0.01,0.02,0.01,0.0,0.04,0.0,0.0,0.03,0.0,0.0,0.0,0.06,0.0,0.0,0.0,0.0,0.01,0.02,0.02,0.0,0.01,0.0,0.05,0.0,0.02,0.01,0.04,0.06,0.05,0.0,0.0,0.0,0.0,0.02,0.18,0.01,0,0,0.8666666666666667,0.06666666666666667,6,0.002898550724637681,1,0.9,0.6,2.0143333333333335,easy,8.699,0,0,1,0,1,0,0,0,0,0,1,1,0,0,0,0,0,0,1,0,0
33,16,2,5d482ea921c9be351f763813,2020-04-22 18:16:20.727000+00:00,herparents could have learned some basic english from the beginning like maybe when her and her siblings were in school,0.8,1,0.2,5,herparents could have learned some basic english from the beginning {like maybe when her and her siblings were in school},8,20,119,1,0.6121451187494011,0.6320553421817947,0.009999999999999998,0.0,0.0,0.019999999999999997,0.0,0.009999999999999998,0.0,0.0,0.019999999999999997,0.0,0.019999999999999997,0.0,0.0,0.0,0.0,0.0,0.0,0.0,0.0,0.009999999999999998,0.009999999999999998,0.009999999999999998,0.0,0.009999999999999998,0.0,0.009999999999999998,0.03,0.0,0.0,0.0,0.019999999999999997,0.0,0.0,0.019999999999999997,0.0,0.0,0.0,0.0,0.0,0.019999999999999997,0.0,0.03,0.0,0.009999999999999998,0.009999999999999998,0.03,0.05,0.019999999999999997,0.0,0.0,0.0,0.009999999999999998,0.0,0.1,0.009999999999999998,0,0,0.95,0.0,3,0.0,1,0.0625,0.0,0.992,easy,1.007,0,0,1,0,0,0,0,0,0,0,0,0,0,0,0,0,0,1,0,0,0
33,16,2,5d482ea921c9be351f763607,2020-04-22 18:16:24.414000+00:00,i dont think its wrong to ask him for help but it seems like they could work together to figure out a solution instead of an all or nothing,0.8,1,0.2,5,"i don't think it's wrong to ask him for help, but it seems like they could work together to figure out a solution instead of an all or nothing",9,29,139,1,1.3957314652348536,1.5785815688973885,0.01,0.0,0.0,0.02,0.01,0.01,0.0,0.02,0.01,0.0,0.01,0.02,0.0,0.0,0.0,0.0,0.0,0.0,0.01,0.0,0.01,0.04,0.0,0.04,0.0,0.0,0.02,0.0,0.0,0.0,0.04,0.02,0.0,0.01,0.0,0.01,0.0,0.01,0.0,0.02,0.02,0.049999999999999996,0.0,0.02,0.01,0.02,0.09,0.049999999999999996,0.0,0.0,0.0,0.03,0.01,0.15,0.0,0,0,0.9655172413793104,0.034482758620689655,2,0.0,0,0.9,-0.5,1.4384,easy,3.687,0,0,1,0,1,0,0,0,0,0,0,1,0,0,0,0,0,1,1,0,0
33,16,2,5e9f36449dc0406f8987761b,2020-04-22 18:16:25.669000+00:00,i understand that she just want his husband ti consider her mom as his own mom,0.8,1,0.2,5,i understand that she just want his husband ti consider her mom as his own mom.,10,16,78,1,0.024455358885311848,-0.0778393278549007,0.01,0.0,0.0,0.01,0.0,0.0,0.0,0.0,0.01,0.0,0.04,0.0,0.0,0.0,0.0,0.0,0.0,0.030000000000000002,0.0,0.01,0.0,0.02,0.0,0.02,0.0,0.0,0.0,0.0,0.0,0.0,0.07,0.01,0.0,0.0,0.0,0.0,0.0,0.01,0.0,0.0,0.01,0.02,0.0,0.0,0.01,0.0,0.04,0.01,0.0,0.0,0.0,0.0,0.01,0.09000000000000001,0.0,0,0,0.875,0.125,0,0.00015518311607697082,0,1.0,0.6,0.7936,easy,1.255,0,0,0,0,0,0,0,0,0,0,0,1,0,0,0,0,0,0,0,0,0
34,17,0,5e543be4d1db96705ff13dc6,2020-04-22 17:28:22.418000+00:00,my initial thought is that the daughter is not wrong ,0.875,1,0.125,8,my initial thought is that the daughter is not wrong. ,1,10,53,1,-0.36733781435741436,-0.5693150213329362,0.0,0.0,0.0,0.0,0.0,0.0,0.0,0.0,0.0,0.0,0.0,0.01,0.0,0.0,0.0,0.0,0.0,0.01,0.01,0.0,0.0,0.01,0.0,0.02,0.0,0.01,0.01,0.0,0.0,0.0,0.01,0.01,0.0,0.0,0.0,0.0,0.0,0.01,0.0,0.0,0.01,0.030000000000000002,0.0,0.01,0.0,0.02,0.02,0.0,0.0,0.0,0.0,0.0,0.01,0.060000000000000005,0.0,0,0,0.9,0.0,0,0.0,0,0.45,0.125,0.496,easy,0.0,0,0,1,0,0,0,0,0,0,0,0,1,0,0,0,0,0,0,1,0,0
34,17,0,5e9f4c929dc0406f89879f11,2020-04-22 17:28:33.330000+00:00,i am with you,0.875,1,0.125,8,i am with you,2,4,13,1,-1.0529758675321852,-1.3030988266064985,0.0,0.0,0.0,0.0,0.0,0.01,0.0,0.0,0.0,0.0,0.0,0.0,0.0,0.0,0.0,0.0,0.0,0.0,0.0,0.0,0.0,0.0,0.0,0.01,0.0,0.0,0.0,0.0,0.0,0.0,0.01,0.0,0.0,0.0,0.0,0.0,0.0,0.01,0.0,0.0,0.0,0.01,0.0,0.0,0.0,0.01,0.01,0.01,0.0,0.0,0.01,0.0,0.01,0.04,0.0,0,0,1.0,0.25,0,0.0,0,0.0,0.0,0.1984,easy,10.912,0,0,0,0,0,0,0,0,0,0,0,1,1,0,0,0,0,0,0,0,0
34,17,0,5d482eab21c9be351f763e76,2020-04-22 17:28:46.733000+00:00,i dont think she is wrong either,0.875,1,0.125,8,i don't think she is wrong either,3,7,32,1,-0.7591309876001406,-0.9886200529178288,0.0,0.0,0.0,0.0,0.0,0.0,0.0,0.0,0.0,0.0,0.01,0.01,0.0,0.0,0.0,0.0,0.0,0.0,0.01,0.01,0.0,0.01,0.0,0.03,0.0,0.0,0.0,0.0,0.0,0.0,0.01,0.0,0.0,0.0,0.0,0.0,0.0,0.01,0.0,0.0,0.01,0.03,0.0,0.0,0.0,0.02,0.02,0.0,0.0,0.0,0.0,0.0,0.01,0.03,0.0,0,0,1.0,0.14285714285714285,0,0.00015518311607697082,0,0.9,-0.5,0.3472,easy,13.403,0,0,1,0,1,0,0,0,0,0,0,1,0,0,0,0,0,0,1,0,0
34,17,0,5e543be4d1db96705ff13dc6,2020-04-22 17:28:48.658000+00:00,her husband should be able to help out since its his inlaws and it is helping his wife out by helping them,0.875,1,0.125,8,her husband should be able to help out since it's his in-laws and it is helping his wife out by helping them.,4,22,106,1,0.8080417053707643,0.6886000734217418,0.01,0.0,0.0,0.01,0.0,0.030000000000000002,0.0,0.01,0.0,0.0,0.030000000000000002,0.0,0.0,0.0,0.0,0.0,0.0,0.02,0.0,0.0,0.02,0.0,0.0,0.01,0.01,0.0,0.02,0.0,0.0,0.0,0.09,0.02,0.0,0.0,0.0,0.01,0.0,0.0,0.0,0.0,0.0,0.030000000000000002,0.0,0.0,0.01,0.030000000000000002,0.05,0.05,0.0,0.0,0.0,0.02,0.0,0.14,0.0,0,0,0.8636363636363636,0.0,1,0.0,0,0.625,0.5,1.0912,easy,1.925,0,0,1,0,0,0,0,0,0,0,0,0,0,0,0,0,0,1,0,0,0
34,17,0,5d482ea921c9be351f763800,2020-04-22 17:28:48.764000+00:00,i can understand where the husband is coming from ,0.875,1,0.125,8,i can understand where the husband is coming from. ,5,9,50,1,-0.5632344009787775,-0.7789675371253826,0.0,0.0,0.0,0.0,0.0,0.0,0.0,0.0,0.01,0.0,0.0,0.0,0.0,0.0,0.0,0.0,0.0,0.01,0.0,0.0,0.0,0.01,0.0,0.03,0.0,0.0,0.02,0.0,0.0,0.0,0.01,0.0,0.0,0.0,0.0,0.0,0.0,0.01,0.0,0.0,0.0,0.03,0.0,0.01,0.0,0.02,0.01,0.01,0.0,0.0,0.0,0.0,0.01,0.06,0.0,0,0,1.0,0.1111111111111111,1,0.000727802037845706,0,0.0,0.0,0.44639999999999996,easy,0.106,0,0,0,0,0,0,0,0,0,0,0,1,0,0,0,0,0,0,0,0,0
34,17,0,5d482ea921c9be351f763704,2020-04-22 17:28:52.375000+00:00,im not sure ,0.875,1,0.125,8,i'm not sure ,6,3,12,1,-1.0529758675321852,-1.3030988266064985,0.0,0.0,0.0,0.0,0.009999999999999998,0.0,0.0,0.0,0.0,0.0,0.0,0.009999999999999998,0.0,0.0,0.0,0.0,0.0,0.0,0.0,0.0,0.009999999999999998,0.0,0.0,0.0,0.0,0.0,0.0,0.0,0.0,0.0,0.0,0.0,0.0,0.0,0.0,0.0,0.0,0.0,0.0,0.0,0.009999999999999998,0.0,0.0,0.0,0.0,0.0,0.019999999999999997,0.0,0.0,0.0,0.0,0.0,0.0,0.009999999999999998,0.0,0,0,1.0,0.0,0,0.0,0,0.8888888888888888,-0.25,0.1488,easy,3.611,0,0,0,0,0,0,0,0,0,0,0,1,0,0,0,0,0,0,0,0,0
34,17,0,5e9f4c929dc0406f89879f11,2020-04-22 17:28:56.876000+00:00,at the most if the husband is busy he can simply ask mom to call back in an hour,0.875,1,0.125,8,at the most if the husband is busy he can simply ask mom to call back in an hour,7,19,80,1,0.5141968254387196,0.3741212997330723,0.010000000000000002,0.0,0.0,0.010000000000000002,0.0,0.0,0.0,0.0,0.020000000000000004,0.0,0.010000000000000002,0.0,0.0,0.0,0.0,0.0,0.0,0.020000000000000004,0.0,0.010000000000000002,0.0,0.0,0.0,0.03,0.0,0.0,0.05,0.0,0.0,0.0,0.05,0.0,0.0,0.010000000000000002,0.0,0.0,0.0,0.0,0.0,0.020000000000000004,0.010000000000000002,0.03,0.0,0.03,0.0,0.020000000000000004,0.020000000000000004,0.03,0.0,0.0,0.0,0.0,0.0,0.11000000000000001,0.0,0,0,0.9473684210526315,0.0,0,0.0,0,0.2892857142857143,0.15,0.9424,easy,4.501,0,0,0,0,0,0,0,0,0,0,0,0,0,0,0,0,0,0,0,0,0
34,17,0,5d482ea921c9be351f763800,2020-04-22 17:29:01.081000+00:00,its no longer a favor but an expectation ,0.875,1,0.125,8,it's no longer a favor but an expectation. ,8,8,41,1,-0.5632344009787775,-0.7789675371253826,0.01,0.0,0.0,0.01,0.0,0.0,0.0,0.0,0.0,0.0,0.0,0.01,0.0,0.0,0.0,0.0,0.0,0.0,0.0,0.0,0.01,0.0,0.0,0.0,0.0,0.0,0.01,0.0,0.0,0.0,0.0,0.01,0.0,0.0,0.0,0.0,0.0,0.0,0.0,0.0,0.01,0.0,0.0,0.02,0.02,0.0,0.02,0.0,0.0,0.0,0.0,0.02,0.0,0.049999999999999996,0.0,0,0,1.0,0.0,1,0.0,0,0.0,0.0,6.00705,difficult,4.205,0,0,0,0,0,0,0,0,0,0,0,0,0,0,0,0,0,1,0,0,0
34,17,0,5d482ea921c9be351f763704,2020-04-22 17:29:07.806000+00:00,i can see both sides,0.875,1,0.125,8,i can see both sides,9,5,20,1,-0.9550275742215037,-1.198272568710275,0.0,0.0,0.0,0.0,0.0,0.010000000000000002,0.0,0.0,0.0,0.0,0.0,0.0,0.0,0.0,0.0,0.010000000000000002,0.0,0.0,0.0,0.010000000000000002,0.0,0.0,0.0,0.020000000000000004,0.0,0.0,0.020000000000000004,0.0,0.0,0.0,0.0,0.0,0.0,0.0,0.0,0.0,0.0,0.010000000000000002,0.0,0.0,0.0,0.020000000000000004,0.0,0.0,0.0,0.010000000000000002,0.010000000000000002,0.0,0.0,0.010000000000000002,0.0,0.0,0.010000000000000002,0.03,0.0,0,0,1.0,0.2,0,0.0,0,0.0,0.0,0.248,easy,6.725,0,0,0,0,0,0,0,0,0,0,0,1,0,0,0,0,0,0,0,0,0
34,17,0,5ea076809dc0406f8987dd98,2020-04-22 17:29:09.441000+00:00,i totally get why the husband would be upset because he probably feels like he is taking on all of that responsibility of  translating but he also married her and it is his family too as she said ,0.875,1,0.125,8,"i totally get why the husband would be upset because he probably feels like he is taking on all of that responsibility of  translating. but he also married her, and it is his family too as she said. ",10,38,196,1,2.2772661050309875,2.2609939418650895,0.009999999999999998,0.009999999999999998,0.009999999999999998,0.05,0.019999999999999997,0.009999999999999998,0.0,0.009999999999999998,0.039999999999999994,0.009999999999999998,0.06,0.0,0.0,0.0,0.0,0.0,0.0,0.03,0.009999999999999998,0.0,0.009999999999999998,0.009999999999999998,0.0,0.05,0.009999999999999998,0.009999999999999998,0.009999999999999998,0.0,0.009999999999999998,0.0,0.1,0.019999999999999997,0.0,0.009999999999999998,0.0,0.019999999999999997,0.0,0.009999999999999998,0.009999999999999998,0.009999999999999998,0.009999999999999998,0.07999999999999999,0.0,0.009999999999999998,0.03,0.039999999999999994,0.1,0.039999999999999994,0.0,0.019999999999999997,0.0,0.009999999999999998,0.009999999999999998,0.23,0.009999999999999998,0,0,0.8947368421052632,0.02631578947368421,0,0.00015518311607697082,1,0.5,0.125,2.3003263157894738,easy,1.635,0,0,1,0,1,0,0,0,0,0,0,1,0,0,0,0,0,1,1,0,0
34,17,0,5d482eab21c9be351f763e76,2020-04-22 17:29:12.459000+00:00,im with you newhi,0.875,1,0.125,8,i'm with you newhi,11,4,17,1,-0.9550275742215037,-1.198272568710275,0.0,0.0,0.0,0.0,0.0,0.01,0.0,0.0,0.0,0.0,0.0,0.0,0.0,0.0,0.0,0.0,0.0,0.0,0.0,0.0,0.0,0.0,0.0,0.0,0.0,0.0,0.0,0.0,0.0,0.0,0.01,0.0,0.0,0.0,0.0,0.0,0.0,0.0,0.0,0.0,0.0,0.0,0.0,0.0,0.0,0.0,0.01,0.01,0.0,0.0,0.01,0.0,0.0,0.02,0.0,0,0,1.0,0.0,0,0.0,0,0.0,0.0,0.1984,easy,3.018,0,0,0,0,0,0,0,0,0,0,0,1,1,0,0,0,0,0,0,0,0
34,17,0,5d482ea921c9be351f763619,2020-04-22 17:29:18.090000+00:00,a nation of immigrants doesnt mean a nation where you can go your whole life without learning the language of the other 85 ,0.875,1,0.125,8,a nation of immigrants doesn't mean a nation where you can go your whole life without learning the language of the other 85%. ,12,23,123,1,0.9059899986814458,0.793426331317965,0.0,0.0,0.0,0.0,0.0,0.0,0.01,0.0,0.01,0.0,0.0,0.02,0.0,0.0,0.01,0.0,0.0,0.0,0.0,0.01,0.0,0.02,0.0,0.04,0.0,0.0,0.04,0.0,0.0,0.0,0.03,0.01,0.0,0.01,0.0,0.0,0.0,0.0,0.0,0.0,0.01,0.04,0.0,0.04,0.0,0.02,0.03,0.03,0.0,0.0,0.02,0.02,0.0,0.11,0.0,0,0,0.8260869565217391,0.0,1,0.0,0,0.4875,-0.07916666666666666,1.1408,easy,5.631,0,0,0,0,0,0,0,0,0,0,0,0,1,0,0,0,0,0,0,0,0
34,17,0,5ea076809dc0406f8987dd98,2020-04-22 17:29:22.849000+00:00,he also isnt doing anything so why cant he just help them for a couple minutes,0.875,1,0.125,8,he also isn't doing anything so why can't he just help them for a couple minutes.,13,16,78,1,0.22035194550667497,0.0596425260444028,0.0,0.0,0.0,0.02,0.0,0.0,0.0,0.0,0.030000000000000002,0.0,0.02,0.02,0.0,0.0,0.0,0.0,0.0,0.0,0.0,0.01,0.0,0.0,0.0,0.02,0.0,0.0,0.01,0.0,0.0,0.0,0.04,0.01,0.0,0.0,0.0,0.01,0.0,0.0,0.0,0.01,0.01,0.030000000000000002,0.0,0.01,0.02,0.030000000000000002,0.030000000000000002,0.01,0.0,0.0,0.0,0.01,0.0,0.09000000000000001,0.0,0,0,0.9375,0.0,1,0.0,0,0.0,0.0,0.7936,easy,4.759,0,0,0,0,0,0,0,0,0,0,0,0,0,0,0,0,0,0,0,0,0
34,17,0,5d482eab21c9be351f763e76,2020-04-22 17:29:29.403000+00:00,newhippo i agree,0.875,1,0.125,8,newhippo i agree,14,3,16,1,-1.1509241608428669,-1.4079250845027216,0.0,0.0,0.0,0.0,0.0,0.0,0.0,0.0,0.0,0.0,0.0,0.0,0.0,0.0,0.0,0.0,0.0,0.0,0.0,0.0,0.01,0.0,0.0,0.0,0.0,0.0,0.0,0.0,0.0,0.0,0.0,0.0,0.0,0.0,0.0,0.0,0.0,0.01,0.0,0.0,0.0,0.0,0.0,0.0,0.0,0.0,0.0,0.0,0.0,0.0,0.0,0.0,0.01,0.01,0.0,0,0,1.0,0.3333333333333333,0,0.0,0,0.0,0.0,0.1488,easy,6.554,0,0,0,0,0,0,0,0,0,0,1,0,0,0,0,0,0,0,0,0,0
34,17,0,5d482ea921c9be351f7637ac,2020-04-22 17:29:33.791000+00:00,while i understand the husbands annoyance i dont think she is wrong,0.875,1,0.125,8,"while i understand the husband's annoyance, i don't think she is wrong.",15,12,67,1,-0.36733781435741436,-0.5693150213329362,0.0,0.0,0.0,0.01,0.0,0.0,0.0,0.0,0.0,0.0,0.01,0.01,0.0,0.0,0.0,0.0,0.0,0.01,0.01,0.0,0.0,0.02,0.0,0.04,0.0,0.0,0.01,0.0,0.0,0.0,0.02,0.0,0.0,0.0,0.0,0.0,0.01,0.02,0.0,0.0,0.0,0.04,0.0,0.01,0.0,0.02,0.02,0.0,0.0,0.0,0.0,0.0,0.02,0.06,0.0,0,0,0.9166666666666666,0.16666666666666666,0,0.00031036623215394165,0,0.9,-0.5,0.5952,easy,4.388,0,0,1,0,1,0,0,0,0,0,1,0,0,0,0,0,0,0,1,0,0
35,17,1,5ea076809dc0406f8987dd98,2020-04-22 17:43:13.483000+00:00,my initial impression is that he is the asshole ,0.75,1,0.125,8,my initial impression is that he is the asshole. ,1,9,48,1,-0.4652861076680959,-0.8713939280397169,0.0,0.0,0.0,0.0,0.0,0.0,0.0,0.0,0.0,0.0,0.009999999999999998,0.0,0.009999999999999998,0.0,0.0,0.0,0.0,0.0,0.0,0.0,0.009999999999999998,0.0,0.0,0.019999999999999997,0.0,0.0,0.009999999999999998,0.0,0.0,0.0,0.009999999999999998,0.009999999999999998,0.0,0.0,0.0,0.0,0.009999999999999998,0.009999999999999998,0.0,0.0,0.0,0.019999999999999997,0.0,0.009999999999999998,0.0,0.019999999999999997,0.0,0.0,0.0,0.0,0.0,0.0,0.009999999999999998,0.06,0.0,0,0,0.8888888888888888,0.0,0,0.0,0,0.0,0.0,0.44639999999999996,easy,0.0,0,0,0,0,0,0,0,0,0,0,0,1,0,0,0,0,0,0,0,0,0
35,17,1,5d482ea921c9be351f763619,2020-04-22 17:43:15.382000+00:00,still not the asshole theyve been in the us eight years thats ample time to learn at least how to read,0.75,1,0.125,8,"still not the asshole. they've been in the us eight years, that's ample time to learn at least how to read.",2,21,102,1,0.7100934120600827,0.9739108607502721,0.0,0.0,0.0,0.01,0.0,0.0,0.0,0.0,0.02,0.0,0.0,0.01,0.01,0.0,0.0,0.0,0.0,0.0,0.0,0.01,0.0,0.01,0.0,0.02,0.0,0.01,0.05,0.0,0.0,0.0,0.02,0.01,0.0,0.01,0.0,0.01,0.01,0.0,0.0,0.0,0.01,0.03,0.0,0.02,0.0,0.03,0.03,0.04,0.01,0.0,0.0,0.01,0.0,0.09000000000000001,0.0,0,0,0.9047619047619048,0.0,2,0.0003202049311559398,0,0.4,-0.3,1.0415999999999999,easy,1.899,0,0,0,0,0,0,0,0,0,1,0,0,0,0,0,0,0,1,0,0,0
35,17,1,5e543be4d1db96705ff13dc6,2020-04-22 17:43:24.549000+00:00,initially i dont think hes a jerk i did at first but then he explained himself,0.75,1,0.125,8,"initially, i don't think he's a jerk. i did at first but then he explained himself",3,16,78,1,0.024455358885311848,-0.10251693271055486,0.0,0.0,0.0,0.02,0.0,0.0,0.0,0.01,0.0,0.0,0.030000000000000002,0.01,0.0,0.0,0.0,0.0,0.0,0.0,0.01,0.0,0.0,0.02,0.0,0.030000000000000002,0.0,0.02,0.04,0.0,0.0,0.0,0.04,0.0,0.0,0.0,0.0,0.0,0.01,0.02,0.0,0.0,0.01,0.049999999999999996,0.0,0.01,0.01,0.030000000000000002,0.030000000000000002,0.01,0.0,0.0,0.0,0.01,0.02,0.09000000000000001,0.0,0,0,0.9375,0.125,1,0.0,0,0.16666666666666666,0.125,0.7936,easy,9.167,0,0,1,0,1,0,0,0,0,0,1,0,0,0,0,0,1,0,1,0,0
35,17,1,5d482ea921c9be351f763800,2020-04-22 17:43:25.419000+00:00,i think the sonin law is being reasonable but his tone makes him sound like an asshole,0.75,1,0.125,8,"i think the son-in law is being reasonable, but his tone makes him sound like an asshole.",4,17,86,1,0.22035194550667497,0.20503386542111,0.0,0.01,0.0,0.01,0.0,0.0,0.0,0.0,0.0,0.0,0.02,0.0,0.01,0.0,0.0,0.0,0.0,0.0,0.0,0.0,0.01,0.02,0.0,0.03,0.0,0.0,0.0,0.0,0.0,0.0,0.02,0.0,0.0,0.0,0.0,0.02,0.01,0.01,0.0,0.0,0.01,0.04,0.0,0.02,0.01,0.02,0.049999999999999996,0.0,0.0,0.01,0.0,0.02,0.01,0.08,0.0,0,0,1.0,0.058823529411764705,1,0.0005036151718260998,0,0.5,0.30000000000000004,0.8432,easy,0.87,0,0,1,0,1,0,0,0,0,0,0,1,0,0,0,0,0,1,0,0,0
35,17,1,5e9f4c929dc0406f89879f11,2020-04-22 17:43:29.154000+00:00,im on the other end,0.75,1,0.125,8,i¬¥m on the other end,5,5,19,1,-0.8570792809108222,-1.4864955243030467,0.0,0.0,0.0,0.0,0.0,0.0,0.0,0.0,0.0,0.0,0.0,0.0,0.0,0.0,0.0,0.0,0.0,0.0,0.0,0.0,0.0,0.0,0.0,0.0,0.0,0.0,0.02,0.0,0.0,0.0,0.0,0.01,0.0,0.0,0.0,0.0,0.0,0.0,0.0,0.0,0.0,0.0,0.0,0.01,0.0,0.0,0.0,0.01,0.0,0.0,0.0,0.0,0.0,0.03,0.0,0,0,1.0,0.0,1,0.0,0,0.375,-0.125,0.248,easy,3.735,0,0,0,0,0,0,0,0,0,0,0,1,0,0,0,0,0,0,0,0,0
35,17,1,5e543be4d1db96705ff13dc6,2020-04-22 17:43:39.883000+00:00,he did seem jerky at first but then explained it in his edit,0.75,1,0.125,8,he did seem jerky at first but then explained it in his edit,6,13,60,1,-0.07349293442536971,-0.25629233177638727,0.0,0.0,0.0,0.02,0.0,0.0,0.0,0.01,0.0,0.0,0.02,0.0,0.0,0.0,0.0,0.0,0.0,0.0,0.0,0.0,0.0,0.02,0.0,0.01,0.0,0.02,0.04,0.0,0.0,0.0,0.03,0.01,0.0,0.01,0.0,0.0,0.0,0.0,0.0,0.01,0.01,0.03,0.0,0.0,0.01,0.01,0.03,0.02,0.0,0.0,0.0,0.0,0.0,0.08,0.0,0,0,1.0,0.0,0,0.0,0,0.3333333333333333,0.25,0.6447999999999999,easy,10.729,0,0,0,0,0,0,0,0,0,0,0,0,0,0,0,0,0,0,1,0,0
35,17,1,5ea076809dc0406f8987dd98,2020-04-22 17:43:40.877000+00:00,i agree his tone does make him seem like an asshole,0.75,1,0.125,8,i agree his tone does make him seem like an asshole.,7,11,51,1,-0.36733781435741436,-0.7176185289738846,0.0,0.0,0.0,0.0,0.0,0.0,0.0,0.0,0.0,0.0,0.02,0.0,0.01,0.0,0.0,0.0,0.0,0.0,0.0,0.0,0.02,0.01,0.0,0.03,0.0,0.0,0.0,0.0,0.0,0.0,0.02,0.0,0.0,0.0,0.0,0.01,0.01,0.01,0.0,0.01,0.0,0.03,0.0,0.01,0.0,0.01,0.02,0.0,0.0,0.0,0.0,0.01,0.01,0.05,0.0,0,0,1.0,0.09090909090909091,1,0.010416666666666666,0,0.0,0.0,0.5456,easy,0.994,0,0,0,0,0,0,0,0,0,0,0,1,0,0,0,0,0,1,0,0,0
35,17,1,5d482ea921c9be351f763619,2020-04-22 17:43:42.965000+00:00,yeah but youre allowed to swear on the internet all he did was show his irritation on a reddit post,0.75,1,0.125,8,"yeah, but you're allowed to swear on the internet. all he did was show his irritation on a reddit post.",8,20,99,1,0.6121451187494011,0.8201354616844396,0.0,0.0,0.0,0.01,0.01,0.0,0.0,0.0,0.0,0.01,0.02,0.0,0.0,0.0,0.0,0.0,0.0,0.0,0.01,0.0,0.0,0.0,0.0,0.01,0.0,0.02,0.03,0.0,0.0,0.0,0.03,0.0,0.0,0.0,0.0,0.01,0.0,0.0,0.0,0.0,0.01,0.03,0.0,0.02,0.01,0.03,0.03,0.03,0.0,0.0,0.01,0.01,0.0,0.10999999999999999,0.0,0,0,0.95,0.0,1,0.0,0,0.0,0.0,1.7815,easy,2.088,0,0,0,0,0,0,0,0,0,0,0,0,1,0,0,0,1,0,1,0,0
35,17,1,5d482eab21c9be351f763e76,2020-04-22 17:43:48.087000+00:00,i can see where he is coming from now,0.75,1,0.125,8,i can see where he is coming from now.,9,9,37,1,-0.5632344009787775,-1.0251693271055493,0.0,0.0,0.0,0.0,0.0,0.0,0.0,0.0,0.02,0.0,0.01,0.0,0.0,0.0,0.0,0.01,0.0,0.0,0.0,0.0,0.0,0.0,0.0,0.030000000000000002,0.0,0.0,0.030000000000000002,0.0,0.0,0.0,0.01,0.0,0.0,0.0,0.0,0.0,0.0,0.01,0.0,0.0,0.0,0.030000000000000002,0.0,0.0,0.0,0.02,0.0,0.01,0.0,0.01,0.0,0.0,0.01,0.07,0.0,0,0,1.0,0.1111111111111111,1,0.0,0,0.0,0.0,0.44639999999999996,easy,5.122,0,0,0,0,0,0,0,0,0,0,0,1,0,0,0,0,0,0,0,0,0
35,17,1,5ea076809dc0406f8987dd98,2020-04-22 17:43:58.544000+00:00,i totally understand that they have been here 8 years and get they probably should be able to learn it by now,0.75,1,0.125,8,i totally understand that they have been here 8 years and get they probably should be able to learn it by now.,10,22,109,1,0.7100934120600827,0.9739108607502721,0.010000000000000002,0.0,0.0,0.010000000000000002,0.010000000000000002,0.010000000000000002,0.0,0.010000000000000002,0.04000000000000001,0.0,0.0,0.0,0.0,0.0,0.0,0.0,0.0,0.0,0.0,0.0,0.0,0.020000000000000004,0.0,0.030000000000000002,0.010000000000000002,0.010000000000000002,0.020000000000000004,0.0,0.0,0.0,0.020000000000000004,0.020000000000000004,0.0,0.010000000000000002,0.0,0.0,0.0,0.010000000000000002,0.0,0.010000000000000002,0.0,0.060000000000000005,0.0,0.0,0.010000000000000002,0.04000000000000001,0.060000000000000005,0.020000000000000004,0.0,0.0,0.0,0.0,0.010000000000000002,0.14,0.010000000000000002,0,0,0.9545454545454546,0.045454545454545456,0,0.0064842970401276035,1,0.6875,0.25,1.0912,easy,10.457,0,0,1,0,0,0,0,0,0,0,0,1,0,0,0,0,0,0,0,0,0
35,17,1,5d482ea921c9be351f763800,2020-04-22 17:44:01.535000+00:00,he did give her resources and hes trying to help her to learn,0.75,1,0.125,8,"he did give her resources, and he's trying to help her to learn.",11,13,61,1,-0.07349293442536971,-0.25629233177638727,0.0,0.0,0.0,0.01,0.0,0.01,0.0,0.01,0.0,0.0,0.04,0.0,0.0,0.0,0.0,0.0,0.0,0.0,0.0,0.0,0.0,0.01,0.0,0.02,0.0,0.01,0.0,0.0,0.0,0.0,0.06,0.0,0.0,0.02,0.0,0.0,0.0,0.0,0.0,0.0,0.0,0.03,0.0,0.0,0.01,0.02,0.02,0.02,0.0,0.0,0.0,0.0,0.0,0.07,0.0,0,0,0.8461538461538461,0.0,3,0.0011723329425556857,0,0.0,0.0,0.6447999999999999,easy,2.991,0,0,0,0,0,0,0,0,0,0,0,0,0,0,0,0,0,0,0,0,0
35,17,1,5d482ea921c9be351f763619,2020-04-22 17:44:02.868000+00:00,eight whole years that theyve failed to pick up anything at all,0.75,1,0.125,8,eight whole years that they've failed to pick up anything at all.,12,12,63,1,-0.17144122773605125,-0.4100677308422197,0.0,0.0,0.0,0.0,0.01,0.0,0.0,0.01,0.0,0.0,0.0,0.0,0.0,0.0,0.0,0.0,0.0,0.0,0.0,0.01,0.0,0.0,0.0,0.01,0.0,0.0,0.03,0.0,0.0,0.01,0.01,0.02,0.0,0.01,0.0,0.01,0.0,0.0,0.0,0.01,0.0,0.01,0.0,0.0,0.0,0.01,0.03,0.03,0.0,0.0,0.0,0.0,0.0,0.049999999999999996,0.0,0,0,1.0,0.0,1,0.0,0,0.35,-0.15,0.5952,easy,1.333,0,0,0,0,0,0,0,0,0,0,0,0,0,0,0,0,0,0,1,0,0
35,17,1,5d482ea921c9be351f763800,2020-04-22 17:44:09.023000+00:00,at the same time maybe thats very difficult for her,0.75,1,0.125,8,"at the same time, maybe that's very difficult for her.",13,10,51,1,-0.36733781435741436,-0.7176185289738846,0.0,0.0,0.0,0.0,0.0,0.0,0.0,0.0,0.02,0.0,0.01,0.0,0.0,0.0,0.0,0.0,0.0,0.0,0.01,0.01,0.0,0.0,0.0,0.01,0.0,0.0,0.02,0.0,0.0,0.0,0.01,0.01,0.0,0.0,0.0,0.0,0.0,0.0,0.0,0.01,0.0,0.01,0.0,0.01,0.0,0.01,0.02,0.02,0.0,0.0,0.0,0.0,0.0,0.06,0.01,0,0,1.0,0.0,1,0.0,1,0.5625,-0.325,0.496,easy,6.155,0,0,1,0,0,0,0,0,0,0,0,0,0,0,0,0,0,0,1,0,0
35,17,1,5d482ea921c9be351f7637ac,2020-04-22 17:44:11.444000+00:00,if hes telling the truth that when speaking to them he was polite that changes things,0.75,1,0.125,8,"if he's telling the truth that when speaking to them he was polite, that changes things.",14,16,85,1,0.22035194550667497,0.20503386542111,0.01,0.01,0.0,0.02,0.01,0.0,0.0,0.0,0.01,0.0,0.02,0.0,0.0,0.0,0.0,0.0,0.0,0.0,0.0,0.0,0.01,0.0,0.0,0.01,0.0,0.01,0.02,0.0,0.0,0.0,0.049999999999999996,0.03,0.0,0.0,0.0,0.01,0.0,0.0,0.0,0.01,0.01,0.02,0.0,0.01,0.0,0.02,0.03,0.01,0.0,0.01,0.0,0.01,0.0,0.09,0.0,0,0,0.9375,0.0,1,0.0,0,0.0,0.0,0.7936,easy,2.421,0,0,0,0,0,1,0,0,0,0,0,0,0,0,0,0,0,1,0,0,0
35,17,1,5d482ea921c9be351f763704,2020-04-22 17:44:12.049000+00:00,no i dont think the guy is the ahole the parents need to learn to speak the language but until they do he needs to help the best he can,0.75,1,0.125,8,no i don't think the guy is the ahole. the parents need to learn to speak the language. but until they do he needs to help the best he can,15,30,135,1,1.4936797585455353,2.2041140532769314,0.02,0.01,0.0,0.02,0.0,0.0,0.0,0.01,0.0,0.0,0.02,0.02,0.0,0.0,0.0,0.0,0.0,0.01,0.0,0.01,0.01,0.02,0.01,0.07,0.0,0.0,0.01,0.0,0.0,0.0,0.08,0.0,0.0,0.01,0.0,0.0,0.0,0.01,0.0,0.0,0.01,0.07,0.0,0.05,0.02,0.04,0.05,0.04,0.0,0.01,0.0,0.01,0.01,0.18000000000000002,0.0,0,0,0.7666666666666667,0.03333333333333333,10,0.0,0,0.3,1.0,1.488,easy,0.605,0,0,1,0,1,0,0,0,0,0,1,0,0,0,0,0,1,1,0,0,0
36,18,0,5ea0720c9dc0406f8987ce48,2020-04-22 17:01:57.715000+00:00,hi,1.0,1,0.2,5,hi,1,1,2,1,-1.2488724541535483,-1.2983869259702319,0.0,0.0,0.0,0.0,0.0,0.0,0.0,0.0,0.0,0.0,0.0,0.0,0.0,0.0,0.0,0.0,0.0,0.0,0.0,0.0,0.0,0.0,0.0,0.0,0.0,0.0,0.0,0.0,0.0,0.0,0.01,0.0,0.0,0.0,0.0,0.0,0.0,0.0,0.0,0.0,0.0,0.0,0.0,0.0,0.0,0.0,0.0,0.0,0.0,0.0,0.0,0.0,0.0,0.0,0.0,0,0,1.0,0.0,0,0.0,0,0.0,0.0,0.0496,easy,0.0,0,0,0,0,0,0,0,0,0,0,0,0,0,0,1,0,0,0,0,0,0
36,18,0,5d482eaa21c9be351f76396d,2020-04-22 17:02:10.401000+00:00,hey,1.0,1,0.2,5,hey!,2,1,3,1,-1.2488724541535483,-1.2983869259702319,0.0,0.0,0.0,0.0,0.0,0.0,0.0,0.0,0.0,0.0,0.0,0.0,0.0,0.0,0.0,0.0,0.0,0.0,0.0,0.0,0.0,0.0,0.0,0.0,0.0,0.0,0.0,0.0,0.0,0.0,0.009999999999999998,0.0,0.0,0.0,0.0,0.0,0.0,0.0,0.0,0.0,0.0,0.0,0.0,0.0,0.0,0.0,0.0,0.0,0.0,0.0,0.0,0.0,0.0,0.0,0.0,0,0,1.0,0.0,0,0.0,0,0.0,0.0,0.0496,easy,12.686,0,0,0,0,0,0,0,0,0,0,0,0,0,0,1,0,0,0,0,0,0
36,18,0,5d482ea921c9be351f7636ad,2020-04-22 17:02:19.733000+00:00,since it is the mothers house she can ask the guests to behave in a way that makes her comfortable,1.0,1,0.2,5,"since it is the mother's house, she can ask the guests to behave in a way that makes her comfortable",3,20,98,1,0.6121451187494011,0.5799900989105605,0.0,0.0,0.009999999999999998,0.0,0.0,0.0,0.0,0.0,0.0,0.0,0.019999999999999997,0.0,0.0,0.0,0.0,0.0,0.0,0.009999999999999998,0.0,0.0,0.009999999999999998,0.0,0.0,0.039999999999999994,0.0,0.0,0.019999999999999997,0.0,0.0,0.0,0.05,0.019999999999999997,0.0,0.0,0.0,0.019999999999999997,0.0,0.0,0.0,0.0,0.0,0.039999999999999994,0.009999999999999998,0.03,0.0,0.019999999999999997,0.019999999999999997,0.03,0.0,0.0,0.0,0.019999999999999997,0.0,0.11,0.0,0,0,0.95,0.0,0,0.0,0,0.8,0.4,0.992,easy,9.332,0,0,0,0,0,0,0,0,0,0,0,0,0,0,0,0,0,1,0,0,0
36,18,0,5ea06c089dc0406f8987c3c6,2020-04-22 17:02:21.044000+00:00,i think this person is not an asshole because if they are all sitting in the same room as a family they should communicate in the same language with each other i think this person has the right to know what is being discussed in her own home,1.0,1,0.2,5,i think this person is not an asshole because if they are all sitting in the same room as a family they should communicate in the same language with each other. i think this person has the right to know what is being discussed in her own home,4,48,241,1,3.158800744827122,3.150400764536908,0.02,0.0,0.03,0.03,0.01,0.02,0.0,0.0,0.0,0.0,0.01,0.01,0.01,0.0,0.0,0.0,0.0,0.01,0.0,0.04,0.0,0.03,0.02,0.07,0.01,0.0,0.06,0.0,0.0,0.0,0.09,0.04,0.0,0.0,0.0,0.01,0.01,0.02,0.0,0.01,0.02,0.09,0.0,0.05,0.01,0.06,0.12,0.06,0.0,0.0,0.0,0.02,0.02,0.34,0.0,0,0,0.7708333333333334,0.041666666666666664,11,0.0,0,0.4321428571428571,0.15214285714285714,2.7097583333333333,easy,1.311,0,0,1,0,1,0,0,0,0,0,1,1,0,0,0,0,0,1,0,0,0
36,18,0,5ea0720c9dc0406f8987ce48,2020-04-22 17:02:44.367000+00:00,i think that the son and his partner were being very inconsiderate,1.0,1,0.2,5,i think that the son and his partner were being very inconsiderate,5,12,66,1,-0.2693895210467328,-0.30976743919086747,0.0,0.0,0.0,0.01,0.0,0.01,0.0,0.0,0.01,0.0,0.01,0.0,0.0,0.0,0.0,0.0,0.0,0.01,0.0,0.0,0.0,0.01,0.01,0.01,0.0,0.01,0.0,0.0,0.0,0.0,0.030000000000000002,0.01,0.0,0.0,0.0,0.0,0.0,0.01,0.0,0.0,0.0,0.030000000000000002,0.01,0.01,0.01,0.02,0.02,0.0,0.0,0.0,0.0,0.0,0.01,0.08,0.0,0,0,1.0,0.08333333333333333,2,0.0005036151718260998,0,0.3,0.2,5.547533333333333,medium,23.323,0,0,1,0,1,0,0,0,0,0,0,1,0,0,0,0,0,0,1,0,0
36,18,0,5d482ea921c9be351f7636ad,2020-04-22 17:02:46.003000+00:00,if the guests cannot conform to her requests they should consider staying in another location,1.0,1,0.2,5,"if the guests cannot conform to her requests, they should consider staying in another location",6,15,93,1,0.1224036521959934,0.0856803555208783,0.020000000000000004,0.0,0.0,0.010000000000000002,0.0,0.0,0.0,0.0,0.0,0.0,0.010000000000000002,0.010000000000000002,0.0,0.0,0.0,0.0,0.0,0.0,0.0,0.0,0.0,0.010000000000000002,0.0,0.010000000000000002,0.010000000000000002,0.0,0.020000000000000004,0.0,0.0,0.0,0.04000000000000001,0.0,0.0,0.0,0.0,0.0,0.0,0.0,0.0,0.010000000000000002,0.010000000000000002,0.020000000000000004,0.010000000000000002,0.010000000000000002,0.0,0.020000000000000004,0.030000000000000002,0.020000000000000004,0.0,0.0,0.0,0.0,0.0,0.07,0.0,0,0,1.0,0.0,1,0.0,0,0.0,0.0,0.744,easy,1.636,0,0,1,0,0,0,0,0,0,0,0,0,0,0,0,0,0,0,0,0,0
36,18,0,5d482eaa21c9be351f76396d,2020-04-22 17:03:04.959000+00:00,i agree however i think the person could have said it in a better manner,1.0,1,0.2,5,i agree however i think the person could have said it in a better manner,7,15,72,1,-0.07349293442536971,-0.11204354183499458,0.009999999999999998,0.009999999999999998,0.0,0.009999999999999998,0.0,0.0,0.0,0.009999999999999998,0.009999999999999998,0.0,0.0,0.0,0.0,0.0,0.0,0.0,0.0,0.0,0.0,0.0,0.019999999999999997,0.009999999999999998,0.009999999999999998,0.019999999999999997,0.0,0.009999999999999998,0.009999999999999998,0.0,0.0,0.0,0.019999999999999997,0.009999999999999998,0.0,0.0,0.0,0.0,0.0,0.019999999999999997,0.0,0.0,0.0,0.039999999999999994,0.0,0.019999999999999997,0.0,0.019999999999999997,0.019999999999999997,0.009999999999999998,0.0,0.009999999999999998,0.0,0.019999999999999997,0.019999999999999997,0.06999999999999999,0.0,0,0,0.9333333333333333,0.13333333333333333,2,0.0,0,0.5,0.5,0.744,easy,18.956,0,0,1,0,1,0,0,0,0,0,1,1,0,0,0,0,0,1,0,0,0
36,18,0,5d482eaa21c9be351f763a74,2020-04-22 17:03:06.587000+00:00,i think the son and his mate are the assholes it is really rude to not include everyone in conversations,1.0,1,0.2,5,i think the son and his mate are the assholes. it is really rude to not include everyone in conversations.,8,20,104,1,0.5141968254387196,0.48112815023262406,0.0,0.0,0.0,0.01,0.0,0.02,0.0,0.0,0.01,0.0,0.01,0.01,0.01,0.0,0.0,0.0,0.0,0.01,0.01,0.0,0.0,0.01,0.0,0.030000000000000002,0.0,0.0,0.01,0.0,0.0,0.0,0.05,0.02,0.0,0.0,0.0,0.0,0.02,0.01,0.0,0.0,0.02,0.030000000000000002,0.01,0.02,0.02,0.02,0.05,0.02,0.0,0.0,0.0,0.0,0.01,0.11,0.0,0,0,0.95,0.05,4,0.0005036151718260998,0,0.6,-0.3,1.7815,easy,1.628,0,0,1,0,1,1,0,0,0,0,0,1,0,0,0,0,0,0,1,0,0
37,18,3,5ea06c089dc0406f8987c3c6,2020-04-22 17:46:35.051000+00:00,hello,1.0,0,0.0,5,hello.,1,1,5,1,-1.2488724541535483,-1.2345978385995438,0.0,0.0,0.0,0.0,0.0,0.0,0.0,0.0,0.0,0.0,0.0,0.0,0.0,0.0,0.0,0.0,0.0,0.0,0.0,0.0,0.0,0.0,0.0,0.0,0.0,0.0,0.0,0.0,0.0,0.0,0.010000000000000002,0.0,0.0,0.0,0.0,0.0,0.0,0.0,0.0,0.0,0.0,0.0,0.0,0.0,0.0,0.0,0.0,0.0,0.0,0.0,0.0,0.0,0.0,0.0,0.0,0,0,1.0,0.0,0,0.0,0,0.0,0.0,0.0496,easy,0.0,0,0,0,0,0,0,0,0,0,0,0,0,0,0,1,0,0,0,0,0,0
37,18,3,5ea0720c9dc0406f8987ce48,2020-04-22 17:46:38.012000+00:00,hi,1.0,0,0.0,5,hi,2,1,2,1,-1.2488724541535483,-1.2345978385995438,0.0,0.0,0.0,0.0,0.0,0.0,0.0,0.0,0.0,0.0,0.0,0.0,0.0,0.0,0.0,0.0,0.0,0.0,0.0,0.0,0.0,0.0,0.0,0.0,0.0,0.0,0.0,0.0,0.0,0.0,0.01,0.0,0.0,0.0,0.0,0.0,0.0,0.0,0.0,0.0,0.0,0.0,0.0,0.0,0.0,0.0,0.0,0.0,0.0,0.0,0.0,0.0,0.0,0.0,0.0,0,0,1.0,0.0,0,0.0,0,0.0,0.0,0.0496,easy,2.961,0,0,0,0,0,0,0,0,0,0,0,0,0,0,1,0,0,0,0,0,0
37,18,3,5d482eaa21c9be351f76396d,2020-04-22 17:46:40.428000+00:00,hi,1.0,0,0.0,5,hi,3,1,2,1,-1.2488724541535483,-1.2345978385995438,0.0,0.0,0.0,0.0,0.0,0.0,0.0,0.0,0.0,0.0,0.0,0.0,0.0,0.0,0.0,0.0,0.0,0.0,0.0,0.0,0.0,0.0,0.0,0.0,0.0,0.0,0.0,0.0,0.0,0.0,0.01,0.0,0.0,0.0,0.0,0.0,0.0,0.0,0.0,0.0,0.0,0.0,0.0,0.0,0.0,0.0,0.0,0.0,0.0,0.0,0.0,0.0,0.0,0.0,0.0,0,0,1.0,0.0,1,0.0,0,0.0,0.0,0.0496,easy,2.416,0,0,0,0,0,0,0,0,0,0,0,0,0,0,1,0,0,0,0,0,0
37,18,3,5ea06c089dc0406f8987c3c6,2020-04-22 17:46:55.126000+00:00,i personally think this person is an asshole for not involving everyone in the conversation,1.0,0,0.0,5,i personally think this person is an asshole for not involving everyone in the conversation.,4,15,91,1,0.024455358885311848,-0.0069948886039634525,0.0,0.0,0.0,0.0,0.0,0.0,0.0,0.0,0.0,0.0,0.0,0.010000000000000002,0.010000000000000002,0.0,0.0,0.0,0.0,0.0,0.0,0.0,0.0,0.010000000000000002,0.010000000000000002,0.020000000000000004,0.0,0.0,0.010000000000000002,0.0,0.0,0.0,0.04000000000000001,0.020000000000000004,0.0,0.0,0.0,0.0,0.010000000000000002,0.010000000000000002,0.0,0.0,0.010000000000000002,0.020000000000000004,0.0,0.020000000000000004,0.0,0.010000000000000002,0.020000000000000004,0.020000000000000004,0.0,0.0,0.0,0.0,0.010000000000000002,0.08000000000000002,0.0,0,0,1.0,0.06666666666666667,0,0.0,0,0.3,0.0,5.433166666666667,medium,14.698,0,0,1,0,1,0,0,0,0,0,0,1,0,0,0,0,0,0,0,0,0
37,18,3,5d482ea921c9be351f763783,2020-04-22 17:46:57.353000+00:00,i think this guy is being compleatly disrespectful of the fact that he is at his mothers house,1.0,0,0.0,5,i think this guy is being compleatly disrespectful of the fact that he is at his mothers house,5,18,94,1,0.31830023881735653,0.2762980998565551,0.0,0.0,0.009999999999999998,0.0,0.009999999999999998,0.0,0.0,0.0,0.0,0.0,0.019999999999999997,0.0,0.0,0.0,0.0,0.0,0.0,0.009999999999999998,0.0,0.0,0.0,0.009999999999999998,0.009999999999999998,0.029999999999999995,0.0,0.0,0.009999999999999998,0.0,0.0,0.0,0.039999999999999994,0.019999999999999997,0.0,0.0,0.0,0.0,0.0,0.009999999999999998,0.0,0.0,0.0,0.039999999999999994,0.0,0.009999999999999998,0.0,0.029999999999999995,0.019999999999999997,0.019999999999999997,0.0,0.0,0.0,0.0,0.009999999999999998,0.11,0.0,0,0,0.9444444444444444,0.05555555555555555,4,0.0005036151718260998,0,0.0,0.0,0.8927999999999999,easy,2.227,0,0,1,0,1,0,0,0,0,0,0,1,0,0,0,0,0,0,1,0,0
37,18,3,5d482eaa21c9be351f76396d,2020-04-22 17:46:59.732000+00:00,i feel like she is the asshole because its her mothers house,1.0,0,0.0,5,i feel like she is the asshole because its her mothers house,6,12,60,1,-0.2693895210467328,-0.290287877064482,0.0,0.0,0.01,0.01,0.0,0.0,0.0,0.0,0.0,0.0,0.02,0.0,0.01,0.0,0.0,0.0,0.0,0.01,0.0,0.0,0.01,0.01,0.0,0.02,0.0,0.0,0.0,0.0,0.0,0.0,0.03,0.01,0.0,0.0,0.0,0.01,0.01,0.01,0.01,0.0,0.0,0.02,0.0,0.01,0.01,0.01,0.02,0.0,0.0,0.01,0.0,0.01,0.01,0.06999999999999999,0.0,0,0,1.0,0.08333333333333333,2,0.013496075028397454,0,0.0,0.0,0.5952,easy,2.379,0,0,1,0,1,0,0,0,0,0,0,1,0,0,0,0,0,1,0,0,0
37,18,3,5d482ea921c9be351f763783,2020-04-22 17:47:07.508000+00:00,totaly agree,1.0,0,0.0,5,totaly agree,7,2,12,1,-1.1509241608428669,-1.1401668424460376,0.0,0.0,0.0,0.0,0.0,0.0,0.0,0.0,0.0,0.0,0.0,0.0,0.0,0.0,0.0,0.0,0.0,0.0,0.0,0.0,0.009999999999999998,0.0,0.0,0.0,0.0,0.0,0.0,0.0,0.0,0.0,0.0,0.0,0.0,0.0,0.0,0.0,0.0,0.0,0.0,0.0,0.0,0.0,0.0,0.0,0.0,0.0,0.0,0.0,0.0,0.0,0.0,0.0,0.0,0.0,0.0,0,0,1.0,0.0,0,0.0,0,0.0,0.0,0.0992,easy,7.776,0,0,0,0,0,0,0,0,0,0,0,0,0,0,0,0,0,0,0,0,0
38,19,1,5d482eab21c9be351f763e0a,2020-04-22 17:01:56.368000+00:00,im sort of on the fence on this one,0.666666667,2,0.333333333,6,i'm sort of on the fence on this one.,1,9,35,1,-0.4652861076680959,-0.3230929484168417,0.0,0.0,0.0,0.0,0.0,0.0,0.0,0.0,0.0,0.0,0.0,0.0,0.0,0.0,0.0,0.0,0.0,0.0,0.0,0.0,0.0,0.0,0.0,0.0,0.0,0.0,0.019999999999999997,0.0,0.009999999999999998,0.0,0.0,0.009999999999999998,0.0,0.0,0.0,0.0,0.0,0.0,0.0,0.009999999999999998,0.0,0.0,0.0,0.009999999999999998,0.0,0.0,0.019999999999999997,0.03,0.0,0.0,0.0,0.0,0.0,0.049999999999999996,0.009999999999999998,0,0,0.8888888888888888,0.0,0,0.0,1,0.0,0.0,0.44639999999999996,easy,0.0,0,0,0,0,0,0,0,0,0,0,0,1,0,0,0,0,0,0,0,0,0
38,19,1,5d482eaa21c9be351f763ada,2020-04-22 17:01:58.159000+00:00,he should want to help his family,0.666666667,2,0.333333333,6,he should want to help his family.,2,7,33,1,-0.6611826942894591,-0.5508469940221564,0.02,0.0,0.01,0.0,0.0,0.0,0.0,0.0,0.0,0.0,0.02,0.0,0.0,0.0,0.0,0.0,0.0,0.01,0.0,0.0,0.0,0.0,0.0,0.01,0.01,0.0,0.0,0.0,0.0,0.0,0.04,0.0,0.0,0.0,0.0,0.0,0.0,0.0,0.0,0.0,0.0,0.02,0.0,0.0,0.0,0.01,0.02,0.01,0.0,0.0,0.0,0.0,0.0,0.04,0.0,0,0,1.0,0.0,0,0.0,0,0.0,0.0,0.3472,easy,1.791,0,0,1,0,0,0,0,0,0,0,0,0,0,0,0,0,0,0,0,0,0
38,19,1,5d482eaa21c9be351f7639b8,2020-04-22 17:02:00.455000+00:00,me too,0.666666667,2,0.333333333,6,me too,3,2,6,1,-1.1509241608428669,-1.1202321080354432,0.0,0.0,0.0,0.0,0.0,0.0,0.0,0.0,0.009999999999999998,0.0,0.0,0.0,0.0,0.0,0.0,0.0,0.0,0.0,0.0,0.0,0.0,0.0,0.0,0.0,0.0,0.0,0.0,0.0,0.0,0.0,0.0,0.0,0.0,0.0,0.0,0.0,0.0,0.009999999999999998,0.0,0.0,0.0,0.0,0.0,0.0,0.0,0.0,0.0,0.0,0.0,0.0,0.0,0.0,0.009999999999999998,0.019999999999999997,0.0,0,0,1.0,0.0,0,0.0,0,0.0,0.0,0.0992,easy,2.296,0,0,0,0,0,0,0,0,0,0,0,0,0,0,0,0,0,0,0,0,0
38,19,1,5d482eab21c9be351f763e0a,2020-04-22 17:02:08.817000+00:00,i can see both sides,0.666666667,2,0.333333333,6,i can see both sides,4,5,20,1,-0.9550275742215037,-0.8924780624301284,0.0,0.0,0.0,0.0,0.0,0.010000000000000002,0.0,0.0,0.0,0.0,0.0,0.0,0.0,0.0,0.0,0.010000000000000002,0.0,0.0,0.0,0.010000000000000002,0.0,0.0,0.0,0.020000000000000004,0.0,0.0,0.020000000000000004,0.0,0.0,0.0,0.0,0.0,0.0,0.0,0.0,0.0,0.0,0.010000000000000002,0.0,0.0,0.0,0.020000000000000004,0.0,0.0,0.0,0.010000000000000002,0.010000000000000002,0.0,0.0,0.010000000000000002,0.0,0.0,0.010000000000000002,0.03,0.0,0,0,1.0,0.2,0,0.0,0,0.0,0.0,0.248,easy,8.362,0,0,0,0,0,0,0,0,0,0,0,1,0,0,0,0,0,0,0,0,0
38,19,1,5d482eaa21c9be351f7639f7,2020-04-22 17:02:09.172000+00:00,one initial thought that came to mind is how difficult english is for nonnative speakers ,0.666666667,2,0.333333333,6,one initial thought that came to mind is how difficult english is for non-native speakers. ,5,15,89,1,0.1224036521959934,0.3601691883991023,0.0,0.01,0.0,0.01,0.0,0.01,0.0,0.0,0.01,0.0,0.0,0.0,0.0,0.0,0.0,0.0,0.0,0.0,0.01,0.0,0.0,0.01,0.0,0.02,0.0,0.02,0.02,0.0,0.0,0.0,0.0,0.01,0.0,0.0,0.0,0.01,0.0,0.0,0.0,0.0,0.0,0.04,0.0,0.0,0.0,0.02,0.04,0.02,0.0,0.01,0.0,0.0,0.0,0.06,0.0,0,0,0.9333333333333333,0.0,0,0.0,0,0.3333333333333333,-0.16666666666666666,0.744,easy,0.355,0,0,1,0,0,0,0,0,0,0,0,0,0,0,0,0,0,0,1,0,0
38,19,1,5ea06f469dc0406f8987c82e,2020-04-22 17:02:09.662000+00:00,agreed i could see reasons for both sides,0.666666667,2,0.333333333,6,agreed. i could see reasons for both sides.,6,8,41,1,-0.6611826942894591,-0.5508469940221564,0.01,0.0,0.0,0.0,0.0,0.01,0.0,0.0,0.0,0.0,0.0,0.0,0.0,0.0,0.0,0.01,0.0,0.0,0.0,0.01,0.01,0.01,0.0,0.01,0.0,0.0,0.02,0.0,0.0,0.0,0.0,0.0,0.0,0.0,0.0,0.01,0.0,0.01,0.0,0.0,0.0,0.02,0.0,0.0,0.0,0.01,0.029999999999999995,0.01,0.0,0.01,0.0,0.0,0.01,0.029999999999999995,0.0,0,0,1.0,0.125,1,0.0,0,0.0,0.0,0.3968,easy,0.49,0,0,0,0,0,0,0,0,0,0,1,0,0,0,0,0,0,0,0,0,0
38,19,1,5d482eaa21c9be351f763ada,2020-04-22 17:02:26.339000+00:00,they dont want to be a burden ,0.666666667,2,0.333333333,6,they don't want to be a burden. ,7,7,30,1,-0.6611826942894591,-0.5508469940221564,0.01,0.0,0.0,0.0,0.0,0.0,0.0,0.0,0.0,0.0,0.0,0.01,0.0,0.0,0.0,0.0,0.0,0.0,0.0,0.0,0.0,0.0,0.0,0.02,0.0,0.0,0.0,0.0,0.0,0.0,0.01,0.0,0.0,0.0,0.0,0.0,0.0,0.0,0.0,0.0,0.0,0.03,0.0,0.01,0.0,0.02,0.01,0.01,0.0,0.0,0.0,0.01,0.0,0.04,0.0,0,0,1.0,0.0,0,0.0,0,0.0,0.0,0.3472,easy,16.677,0,0,0,0,0,0,0,0,0,0,0,0,0,0,0,0,0,0,1,0,0
38,19,1,5d482eab21c9be351f763f68,2020-04-22 17:02:29.857000+00:00,its not that hard to help her mother out herself,0.666666667,2,0.333333333,6,it's not that hard to help her mother out herself.,8,10,48,1,-0.36733781435741436,-0.20921592561418437,0.0,0.0,0.0,0.0,0.0,0.009999999999999998,0.0,0.0,0.0,0.0,0.019999999999999997,0.009999999999999998,0.0,0.0,0.0,0.0,0.0,0.009999999999999998,0.0,0.0,0.0,0.0,0.0,0.0,0.0,0.0,0.009999999999999998,0.0,0.0,0.0,0.039999999999999994,0.019999999999999997,0.0,0.0,0.0,0.0,0.0,0.0,0.009999999999999998,0.0,0.009999999999999998,0.0,0.0,0.0,0.0,0.0,0.019999999999999997,0.019999999999999997,0.0,0.009999999999999998,0.0,0.0,0.0,0.07,0.0,0,0,1.0,0.0,1,0.0,0,0.5416666666666666,-0.2916666666666667,0.496,easy,3.518,0,0,0,0,0,0,0,0,0,0,0,0,0,0,0,0,0,0,1,0,0
38,19,1,5d482eaa21c9be351f7639b8,2020-04-22 17:02:38.435000+00:00,i think the person should also consider that if its no big deal for her husband to dedicate the time then she should also do it,0.666666667,2,0.333333333,6,i think the person should also consider that if it's no big deal for her husband to dedicate the time then she should also do it.,9,26,127,1,1.101886585302809,1.4989394164256757,0.03,0.0,0.0,0.04,0.0,0.0,0.0,0.0,0.02,0.0,0.02,0.01,0.0,0.0,0.0,0.0,0.0,0.01,0.0,0.0,0.0,0.02,0.01,0.02,0.02,0.0,0.03,0.0,0.0,0.0,0.05,0.03,0.0,0.0,0.0,0.0,0.0,0.01,0.0,0.01,0.01,0.04,0.0,0.02,0.01,0.03,0.05,0.02,0.0,0.0,0.0,0.0,0.01,0.16,0.0,0,0,0.8846153846153846,0.038461538461538464,4,0.0,0,0.1,0.0,1.2895999999999999,easy,8.578,0,0,1,0,1,0,0,0,0,0,0,1,0,0,0,0,0,0,0,0,0
38,19,1,5ea06e7e9dc0406f8987c6ee,2020-04-22 17:02:47.531000+00:00,     ,0.666666667,2,0.333333333,6,     ,10,0,5,1,-1.34682074746423,-1.3479861536407578,0.0,0.0,0.0,0.0,0.0,0.0,0.0,0.0,0.0,0.0,0.0,0.0,0.0,0.0,0.0,0.0,0.0,0.0,0.0,0.0,0.0,0.0,0.0,0.0,0.0,0.0,0.0,0.0,0.0,0.0,0.0,0.0,0.0,0.0,0.0,0.0,0.0,0.0,0.0,0.0,0.0,0.0,0.0,0.0,0.0,0.0,0.0,0.0,0.0,0.0,0.0,0.0,0.0,0.0,0.0,0,0,0.0,0.0,0,0.0,0,0.0,0.0,0.0,easy,9.096,0,0,0,0,0,0,0,0,0,0,0,0,0,0,0,0,0,0,0,0,0
38,19,1,5ea06f469dc0406f8987c82e,2020-04-22 17:02:47.823000+00:00,the narrator seemed a bit selfish to assume the husband could handle the role each time,0.666666667,2,0.333333333,6,the narrator seemed a bit selfish to assume the husband could handle the role each time.,11,16,87,1,0.22035194550667497,0.47404621120175966,0.01,0.0,0.0,0.0,0.0,0.01,0.0,0.0,0.0,0.0,0.0,0.0,0.0,0.0,0.0,0.0,0.0,0.01,0.01,0.02,0.0,0.02,0.0,0.0,0.0,0.01,0.01,0.0,0.0,0.0,0.02,0.0,0.0,0.0,0.0,0.0,0.0,0.0,0.0,0.02,0.0,0.02,0.0,0.04,0.0,0.01,0.04,0.01,0.0,0.0,0.0,0.01,0.0,0.06,0.0,0,0,0.875,0.0,0,0.0,0,1.0,-0.5,0.7936,easy,0.292,0,0,1,0,0,0,0,0,0,0,0,0,0,0,0,0,0,0,1,0,0
39,19,2,5d482eaa21c9be351f7639b8,2020-04-22 17:16:44.820000+00:00,my initial impression is that he is being rude,0.8,0,0.0,5,my initial impression is that he is being rude.,1,9,46,1,-0.4652861076680959,-0.3247709883623432,0.0,0.0,0.0,0.0,0.0,0.0,0.0,0.0,0.0,0.0,0.01,0.0,0.0,0.0,0.0,0.0,0.0,0.0,0.01,0.0,0.01,0.0,0.0,0.02,0.0,0.0,0.01,0.0,0.0,0.0,0.01,0.01,0.0,0.0,0.0,0.0,0.01,0.01,0.0,0.0,0.0,0.03,0.0,0.0,0.0,0.03,0.0,0.0,0.0,0.0,0.0,0.0,0.01,0.06,0.0,0,0,0.8888888888888888,0.0,0,0.0,0,0.3,-0.15,0.44639999999999996,easy,0.0,0,0,0,0,0,0,0,0,0,0,0,1,0,0,0,0,0,0,1,0,0
39,19,2,5d482eab21c9be351f763f68,2020-04-22 17:16:47.821000+00:00,the husband is way out of line,0.8,0,0.0,5,the husband is way out of line,2,7,30,1,-0.6611826942894591,-0.5355495106107514,0.0,0.0,0.0,0.0,0.0,0.01,0.0,0.0,0.0,0.0,0.0,0.0,0.0,0.0,0.0,0.0,0.0,0.01,0.0,0.0,0.0,0.0,0.0,0.01,0.0,0.0,0.02,0.0,0.0,0.0,0.01,0.0,0.0,0.0,0.0,0.0,0.0,0.0,0.0,0.0,0.0,0.01,0.0,0.01,0.0,0.01,0.01,0.02,0.0,0.0,0.0,0.0,0.0,0.04,0.0,0,0,1.0,0.0,1,0.0,0,0.0,0.0,0.3472,easy,3.001,0,0,0,0,0,0,0,0,0,0,0,0,0,0,0,0,0,0,0,0,0
39,19,2,5ea06e7e9dc0406f8987c6ee,2020-04-22 17:16:53.343000+00:00, ,0.8,0,0.0,5, ,3,0,1,1,-1.34682074746423,-1.2732743384801803,0.0,0.0,0.0,0.0,0.0,0.0,0.0,0.0,0.0,0.0,0.0,0.0,0.0,0.0,0.0,0.0,0.0,0.0,0.0,0.0,0.0,0.0,0.0,0.0,0.0,0.0,0.0,0.0,0.0,0.0,0.0,0.0,0.0,0.0,0.0,0.0,0.0,0.0,0.0,0.0,0.0,0.0,0.0,0.0,0.0,0.0,0.0,0.0,0.0,0.0,0.0,0.0,0.0,0.0,0.0,0,0,0.0,0.0,0,0.0,0,0.0,0.0,0.0,easy,5.522,0,0,0,0,0,0,0,0,0,0,0,0,0,0,0,0,0,0,0,0,0
39,19,2,5d482eab21c9be351f763e0a,2020-04-22 17:16:59.863000+00:00,this guy obviously has a gift for languages its his right to use that gift any way he chooses,0.8,0,0.0,5,this guy obviously has a gift for languages. it's his right to use that gift any way he chooses.,4,19,93,1,0.5141968254387196,0.729121622879698,0.0,0.0,0.0,0.0,0.010000000000000002,0.0,0.0,0.0,0.0,0.0,0.020000000000000004,0.0,0.0,0.0,0.0,0.0,0.0,0.0,0.0,0.0,0.0,0.010000000000000002,0.010000000000000002,0.020000000000000004,0.0,0.0,0.020000000000000004,0.0,0.0,0.0,0.04000000000000001,0.030000000000000002,0.0,0.0,0.0,0.010000000000000002,0.0,0.0,0.0,0.010000000000000002,0.0,0.020000000000000004,0.0,0.010000000000000002,0.0,0.010000000000000002,0.04000000000000001,0.020000000000000004,0.0,0.0,0.0,0.020000000000000004,0.0,0.1,0.0,0,0,0.9473684210526315,0.0,0,0.0,0,0.5178571428571428,0.14285714285714285,0.9424,easy,6.52,0,0,0,0,0,0,0,0,0,0,0,0,0,0,0,0,0,1,0,0,0
39,19,2,5ea06f469dc0406f8987c82e,2020-04-22 17:17:00.504000+00:00,agreed i can see why he must be frustrated but thats not the way to respond,0.8,0,0.0,5,"agreed. i can see why he must be frustrated, but that's not the way to respond",5,16,75,1,0.1224036521959934,0.3075645783828815,0.01,0.0,0.0,0.01,0.01,0.0,0.0,0.0,0.0,0.0,0.01,0.01,0.0,0.0,0.0,0.01,0.0,0.0,0.0,0.0,0.01,0.0,0.0,0.03,0.01,0.0,0.01,0.0,0.0,0.0,0.02,0.01,0.0,0.0,0.0,0.01,0.01,0.01,0.0,0.0,0.02,0.05,0.0,0.01,0.01,0.04,0.04,0.01,0.0,0.01,0.0,0.0,0.01,0.09,0.0,0,0,1.0,0.0625,2,0.002008032128514056,0,0.2,-0.7,0.7936,easy,0.641,0,0,0,0,0,0,0,0,0,0,1,0,0,0,0,0,0,0,1,0,0
39,19,2,5ea06e7e9dc0406f8987c6ee,2020-04-22 17:17:05.495000+00:00,     ,0.8,0,0.0,5,     ,6,0,5,1,-1.34682074746423,-1.2732743384801803,0.0,0.0,0.0,0.0,0.0,0.0,0.0,0.0,0.0,0.0,0.0,0.0,0.0,0.0,0.0,0.0,0.0,0.0,0.0,0.0,0.0,0.0,0.0,0.0,0.0,0.0,0.0,0.0,0.0,0.0,0.0,0.0,0.0,0.0,0.0,0.0,0.0,0.0,0.0,0.0,0.0,0.0,0.0,0.0,0.0,0.0,0.0,0.0,0.0,0.0,0.0,0.0,0.0,0.0,0.0,0,0,0.0,0.0,0,0.0,0,0.0,0.0,0.0,easy,4.991,0,0,0,0,0,0,0,0,0,0,0,0,0,0,0,0,0,0,0,0,0
39,19,2,5d482eaa21c9be351f7639b8,2020-04-22 17:17:13.678000+00:00,he should have approached the situation differently ,0.8,0,0.0,5,he should have approached the situation differently. ,7,7,52,1,-0.6611826942894591,-0.5355495106107514,0.01,0.0,0.0,0.0,0.0,0.0,0.0,0.0,0.0,0.0,0.01,0.0,0.0,0.0,0.0,0.0,0.0,0.0,0.0,0.0,0.0,0.0,0.0,0.01,0.01,0.0,0.01,0.0,0.0,0.0,0.01,0.0,0.0,0.0,0.0,0.0,0.0,0.0,0.0,0.0,0.0,0.02,0.0,0.01,0.0,0.02,0.01,0.0,0.0,0.0,0.0,0.0,0.0,0.04,0.0,0,0,1.0,0.0,0,0.0,0,0.6,0.0,0.3472,easy,8.183,0,0,1,0,0,0,0,0,0,0,0,0,0,0,0,0,0,0,0,0,0
39,19,2,5d482eaa21c9be351f7639f7,2020-04-22 17:17:19.079000+00:00,i did not like his tone throughout most of it i wondered that if his tone is like this that easily then what was he really like with the mom,0.8,0,0.0,5,"i did not like his tone throughout most of it. i wondered that if his tone is like this that easily, then what was he really like with the mom?",8,30,140,1,1.3957314652348536,1.677624972997535,0.009999999999999998,0.0,0.0,0.019999999999999997,0.0,0.009999999999999998,0.0,0.0,0.009999999999999998,0.0,0.03,0.009999999999999998,0.0,0.0,0.0,0.0,0.0,0.009999999999999998,0.0,0.009999999999999998,0.039999999999999994,0.009999999999999998,0.0,0.009999999999999998,0.0,0.03,0.009999999999999998,0.0,0.0,0.0,0.039999999999999994,0.049999999999999996,0.0,0.0,0.0,0.0,0.0,0.019999999999999997,0.0,0.03,0.03,0.039999999999999994,0.0,0.009999999999999998,0.009999999999999998,0.03,0.06,0.03,0.0,0.0,0.0,0.03,0.019999999999999997,0.19999999999999998,0.0,1,0,0.8,0.06666666666666667,2,0.0,0,0.5111111111111112,0.37777777777777777,1.488,easy,5.401,0,0,0,0,0,1,0,0,0,0,1,1,0,0,0,0,0,1,0,0,0
39,19,2,5d482eab21c9be351f763e0a,2020-04-22 17:17:29.133000+00:00,if anything the family is being rcist,0.8,0,0.0,5,"if anything, the family is being rcist",9,7,37,1,-0.6611826942894591,-0.5355495106107514,0.01,0.0,0.01,0.01,0.0,0.0,0.0,0.0,0.0,0.0,0.0,0.0,0.0,0.0,0.0,0.0,0.0,0.01,0.0,0.0,0.0,0.0,0.0,0.01,0.0,0.0,0.0,0.0,0.0,0.0,0.01,0.01,0.0,0.0,0.0,0.0,0.0,0.0,0.0,0.02,0.01,0.02,0.0,0.01,0.0,0.02,0.02,0.0,0.0,0.0,0.0,0.0,0.0,0.04,0.0,0,0,1.0,0.0,3,0.0,0,0.0,0.0,0.3472,easy,10.054,0,0,0,0,0,0,0,0,0,0,0,0,0,0,0,0,0,0,0,0,0
39,19,2,5d482eab21c9be351f763f68,2020-04-22 17:17:29.688000+00:00,he did give her a lot of tools to use to help her learn english though,0.8,0,0.0,5,he did give her a lot of tools to use to help her learn english though,10,16,70,1,0.22035194550667497,0.4129538395070856,0.0,0.0,0.0,0.009999999999999998,0.0,0.0,0.0,0.0,0.009999999999999998,0.0,0.03,0.0,0.0,0.0,0.0,0.0,0.0,0.0,0.0,0.009999999999999998,0.0,0.009999999999999998,0.0,0.019999999999999997,0.0,0.009999999999999998,0.0,0.0,0.0,0.0,0.049999999999999996,0.0,0.0,0.009999999999999998,0.0,0.009999999999999998,0.0,0.0,0.0,0.009999999999999998,0.0,0.03,0.0,0.009999999999999998,0.0,0.009999999999999998,0.03,0.03,0.0,0.0,0.0,0.009999999999999998,0.0,0.07999999999999999,0.0,0,0,0.875,0.0,0,0.0,0,0.0,0.0,0.7936,easy,0.555,0,0,0,0,0,0,0,0,0,0,0,0,0,0,0,0,0,0,0,0,0
39,19,2,5d482eaa21c9be351f7639b8,2020-04-22 17:17:34.707000+00:00,just because it is easy for him doesnt mean it is easy for the family,0.8,0,0.0,5,just because it is easy for him doesn't mean it is easy for the family.,11,15,69,1,0.1224036521959934,0.3075645783828815,0.0,0.0,0.01,0.01,0.0,0.0,0.0,0.0,0.01,0.0,0.01,0.01,0.0,0.0,0.0,0.0,0.0,0.01,0.0,0.0,0.02,0.01,0.0,0.04,0.0,0.0,0.0,0.0,0.0,0.0,0.02,0.02,0.0,0.0,0.0,0.01,0.0,0.0,0.0,0.0,0.01,0.04,0.0,0.01,0.02,0.029999999999999995,0.029999999999999995,0.02,0.0,0.0,0.0,0.02,0.0,0.09999999999999999,0.0,0,0,0.7333333333333333,0.0,0,0.0,0,0.7847222222222223,0.18472222222222223,0.744,easy,5.019,0,0,0,0,0,0,0,0,0,0,0,0,0,0,0,0,0,1,0,0,0
39,19,2,5ea06f469dc0406f8987c82e,2020-04-22 17:17:46.807000+00:00,he did but that doesnt mean the parents can access those tools like he can,0.8,0,0.0,5,"he did, but that doesnt mean the parents can access those tools like he can",12,15,74,1,0.1224036521959934,0.3075645783828815,0.0,0.0,0.0,0.01,0.0,0.0,0.0,0.0,0.0,0.0,0.02,0.01,0.0,0.0,0.0,0.0,0.0,0.01,0.0,0.0,0.01,0.01,0.0,0.04,0.0,0.01,0.0,0.0,0.0,0.0,0.030000000000000002,0.02,0.0,0.0,0.0,0.0,0.0,0.0,0.0,0.0,0.01,0.05,0.0,0.01,0.01,0.04,0.02,0.0,0.0,0.0,0.0,0.01,0.0,0.09000000000000001,0.0,0,0,0.8666666666666667,0.0,1,0.008456773498518718,0,0.6875,-0.3125,0.744,easy,12.1,0,0,0,0,0,0,0,0,0,0,0,0,0,0,0,0,0,1,0,0,0
39,19,2,5d482eab21c9be351f763f68,2020-04-22 17:18:02.102000+00:00,he could have confided in his wife to let her know that its bothering him and see how he should approach it in a positive way,0.8,0,0.0,5,he could have confided in his wife to let her know that it's bothering him and see how he should approach it in a positive way,13,26,125,1,1.1998348786134905,1.4668464507491268,0.02,0.0,0.0,0.02,0.01,0.01,0.0,0.0,0.01,0.0,0.05,0.0,0.0,0.0,0.0,0.01,0.0,0.01,0.0,0.0,0.01,0.01,0.0,0.03,0.01,0.0,0.03,0.0,0.0,0.0,0.07,0.03,0.0,0.0,0.0,0.01,0.01,0.0,0.0,0.0,0.0,0.06,0.0,0.01,0.01,0.04,0.06,0.03,0.0,0.01,0.0,0.02,0.0,0.16,0.0,0,0,0.9230769230769231,0.0,3,0.0,0,0.5454545454545454,0.22727272727272727,1.2895999999999999,easy,15.295,0,0,1,0,0,0,0,0,0,0,0,0,0,0,0,0,0,1,1,0,0
40,20,1,5d482eaa21c9be351f763dc7,2020-04-22 16:43:24.803000+00:00,initial thoughts ass or not,0.857142857,1,0.142857143,7,initial thoughts ass or not?,1,5,27,1,-0.8570792809108222,-0.7952447753515387,0.0,0.0,0.0,0.01,0.0,0.0,0.01,0.0,0.0,0.0,0.0,0.01,0.01,0.0,0.0,0.0,0.01,0.0,0.0,0.0,0.0,0.01,0.0,0.0,0.0,0.0,0.01,0.01,0.0,0.0,0.0,0.0,0.0,0.0,0.0,0.0,0.0,0.0,0.0,0.01,0.02,0.0,0.0,0.0,0.0,0.0,0.03,0.0,0.0,0.0,0.0,0.0,0.0,0.02,0.0,1,0,1.0,0.0,0,0.0,0,0.0,0.0,0.248,easy,0.0,0,0,0,0,0,0,0,0,0,0,0,0,0,0,0,0,0,0,0,0,0
40,20,1,5d482ea921c9be351f7638f9,2020-04-22 16:43:28.770000+00:00,i said hes the asshole for how he handled it,0.857142857,1,0.142857143,7,i said he's the asshole for how he handled it.,2,10,44,1,-0.4652861076680959,-0.40155924299929185,0.0,0.01,0.0,0.01,0.0,0.0,0.0,0.0,0.01,0.0,0.02,0.0,0.01,0.0,0.0,0.0,0.0,0.0,0.0,0.0,0.0,0.0,0.0,0.01,0.0,0.01,0.0,0.0,0.0,0.0,0.03,0.01,0.0,0.0,0.0,0.01,0.01,0.01,0.0,0.0,0.0,0.02,0.0,0.01,0.0,0.01,0.01,0.01,0.0,0.01,0.0,0.0,0.01,0.06,0.0,0,0,1.0,0.1,0,0.0,0,0.0,0.0,0.496,easy,3.967,0,0,0,0,0,0,0,0,0,0,0,1,0,0,0,0,0,0,0,0,0
40,20,1,5d482eaa21c9be351f763b64,2020-04-22 16:43:31.096000+00:00,id say not,0.857142857,1,0.142857143,7,id say not,3,3,10,1,-1.0529758675321852,-0.9920875415276622,0.0,0.010000000000000002,0.0,0.0,0.0,0.0,0.0,0.0,0.0,0.0,0.0,0.010000000000000002,0.0,0.0,0.0,0.0,0.0,0.0,0.0,0.0,0.0,0.0,0.0,0.0,0.0,0.0,0.0,0.0,0.0,0.0,0.010000000000000002,0.0,0.0,0.0,0.0,0.0,0.0,0.0,0.0,0.0,0.010000000000000002,0.0,0.0,0.0,0.0,0.0,0.010000000000000002,0.0,0.0,0.010000000000000002,0.0,0.0,0.0,0.010000000000000002,0.0,0,0,1.0,0.0,0,0.0,0,0.0,0.0,0.1488,easy,2.326,0,0,0,0,0,0,0,0,0,0,0,1,0,0,0,0,0,0,0,0,0
40,20,1,5d482eaa21c9be351f763af2,2020-04-22 16:43:32.937000+00:00,he should be nicer to his mother in law and help her or at the very least talk more kindly  ass,0.857142857,1,0.142857143,7,"he should be nicer to his mother in law and help her, or at the very least, talk more kindly.  ass",4,21,95,1,0.7100934120600827,0.7794973540574488,0.009999999999999998,0.0,0.0,0.019999999999999997,0.0,0.009999999999999998,0.009999999999999998,0.0,0.009999999999999998,0.0,0.03,0.0,0.009999999999999998,0.0,0.0,0.0,0.009999999999999998,0.009999999999999998,0.0,0.019999999999999997,0.019999999999999997,0.0,0.0,0.0,0.009999999999999998,0.0,0.019999999999999997,0.009999999999999998,0.0,0.0,0.06,0.0,0.0,0.0,0.0,0.0,0.0,0.0,0.0,0.009999999999999998,0.009999999999999998,0.019999999999999997,0.0,0.009999999999999998,0.009999999999999998,0.019999999999999997,0.039999999999999994,0.03,0.0,0.0,0.0,0.019999999999999997,0.0,0.13,0.0,0,0,1.0,0.0,0,0.0,0,0.64,0.23666666666666666,1.0415999999999999,easy,1.841,0,0,1,0,0,0,0,0,0,0,0,0,0,0,0,0,0,1,0,0,0
40,20,1,5d482eaa21c9be351f763db1,2020-04-22 16:43:34.109000+00:00,initial thought no,0.857142857,1,0.142857143,7,initial thought no,5,3,18,1,-1.0529758675321852,-0.9920875415276622,0.0,0.0,0.0,0.0,0.0,0.0,0.0,0.0,0.0,0.0,0.0,0.009999999999999998,0.0,0.0,0.0,0.0,0.0,0.0,0.0,0.0,0.0,0.009999999999999998,0.0,0.0,0.0,0.009999999999999998,0.009999999999999998,0.0,0.0,0.0,0.0,0.0,0.0,0.0,0.0,0.0,0.0,0.0,0.0,0.0,0.0,0.009999999999999998,0.0,0.0,0.009999999999999998,0.0,0.009999999999999998,0.0,0.0,0.0,0.0,0.0,0.0,0.009999999999999998,0.0,0,0,1.0,0.0,0,0.0,0,0.0,0.0,0.1488,easy,1.172,0,0,1,0,1,0,0,0,0,0,0,0,0,0,0,0,0,0,0,0,0
40,20,1,5d482eaa21c9be351f763c0e,2020-04-22 16:43:36.999000+00:00,i said not,0.857142857,1,0.142857143,7,i said not.,6,3,10,1,-1.1509241608428669,-1.0905089246157238,0.0,0.010000000000000002,0.0,0.0,0.0,0.0,0.0,0.0,0.0,0.0,0.0,0.010000000000000002,0.0,0.0,0.0,0.0,0.0,0.0,0.0,0.0,0.0,0.0,0.0,0.0,0.0,0.010000000000000002,0.0,0.0,0.0,0.0,0.010000000000000002,0.0,0.0,0.0,0.0,0.0,0.0,0.010000000000000002,0.0,0.0,0.010000000000000002,0.010000000000000002,0.0,0.0,0.0,0.0,0.010000000000000002,0.0,0.0,0.010000000000000002,0.0,0.0,0.010000000000000002,0.020000000000000004,0.0,0,0,1.0,0.3333333333333333,0,0.0,0,0.0,0.0,0.1488,easy,2.89,0,0,0,0,0,0,0,0,0,0,0,1,0,0,0,0,0,0,0,0,0
40,20,1,5d482eaa21c9be351f763dc7,2020-04-22 16:43:37.076000+00:00,i say not,0.857142857,1,0.142857143,7,i say not,7,3,9,1,-1.1509241608428669,-1.0905089246157238,0.0,0.009999999999999998,0.0,0.0,0.0,0.0,0.0,0.0,0.0,0.0,0.0,0.009999999999999998,0.0,0.0,0.0,0.0,0.0,0.0,0.0,0.0,0.0,0.0,0.0,0.0,0.0,0.0,0.0,0.0,0.0,0.0,0.009999999999999998,0.0,0.0,0.0,0.0,0.0,0.0,0.009999999999999998,0.0,0.0,0.009999999999999998,0.0,0.0,0.0,0.0,0.0,0.009999999999999998,0.0,0.0,0.009999999999999998,0.0,0.0,0.009999999999999998,0.019999999999999997,0.0,0,0,1.0,0.3333333333333333,1,0.00015518311607697082,0,0.0,0.0,0.1488,easy,0.077,0,0,0,0,0,0,0,0,0,0,0,1,0,0,0,0,0,0,0,0,0
40,20,1,5d482eaa21c9be351f763ae5,2020-04-22 16:43:39.912000+00:00,i say not,0.857142857,1,0.142857143,7,i say not,8,3,9,1,-1.1509241608428669,-1.0905089246157238,0.0,0.009999999999999998,0.0,0.0,0.0,0.0,0.0,0.0,0.0,0.0,0.0,0.009999999999999998,0.0,0.0,0.0,0.0,0.0,0.0,0.0,0.0,0.0,0.0,0.0,0.0,0.0,0.0,0.0,0.0,0.0,0.0,0.009999999999999998,0.0,0.0,0.0,0.0,0.0,0.0,0.009999999999999998,0.0,0.0,0.009999999999999998,0.0,0.0,0.0,0.0,0.0,0.009999999999999998,0.0,0.0,0.009999999999999998,0.0,0.0,0.009999999999999998,0.019999999999999997,0.0,0,0,1.0,0.3333333333333333,1,0.0030287463344677752,0,0.0,0.0,0.1488,easy,2.836,0,0,0,0,0,0,0,0,0,0,0,1,0,0,0,0,0,0,0,0,0
40,20,1,5d482eaa21c9be351f763b64,2020-04-22 16:43:45.049000+00:00,8 years in the country its probably time,0.857142857,1,0.142857143,7,8 years in the country its probably time,9,8,40,1,-0.5632344009787775,-0.49998062608735355,0.0,0.0,0.0,0.0,0.0,0.0,0.0,0.0,0.010000000000000002,0.0,0.0,0.0,0.0,0.0,0.0,0.0,0.0,0.0,0.0,0.0,0.0,0.0,0.0,0.0,0.0,0.0,0.04000000000000001,0.0,0.0,0.0,0.0,0.010000000000000002,0.0,0.0,0.0,0.0,0.0,0.0,0.0,0.010000000000000002,0.0,0.0,0.0,0.010000000000000002,0.0,0.0,0.010000000000000002,0.010000000000000002,0.0,0.0,0.0,0.0,0.0,0.03,0.010000000000000002,0,0,1.0,0.0,0,0.0,1,0.0,0.0,0.3968,easy,5.137,0,0,1,0,0,0,0,0,0,0,0,0,0,0,0,0,0,0,0,0,0
40,20,1,5d482eaa21c9be351f763c0e,2020-04-22 16:43:57.802000+00:00,he said he was respectful and i believe it was a reasonable request,0.857142857,1,0.142857143,7,he said he was respectful and i believe it was a reasonable request.,10,13,67,1,-0.17144122773605125,-0.10629509373510666,0.0,0.01,0.0,0.01,0.0,0.01,0.0,0.0,0.0,0.0,0.02,0.0,0.0,0.0,0.0,0.0,0.0,0.0,0.0,0.0,0.0,0.02,0.0,0.01,0.0,0.03,0.0,0.0,0.0,0.0,0.04,0.01,0.0,0.0,0.0,0.01,0.0,0.01,0.0,0.0,0.0,0.04,0.0,0.01,0.01,0.02,0.03,0.0,0.0,0.01,0.0,0.03,0.01,0.08,0.0,0,0,0.8461538461538461,0.07692307692307693,0,0.0,0,0.6499999999999999,0.35,0.6447999999999999,easy,12.753,0,0,0,0,0,0,0,0,0,0,1,0,0,0,0,0,0,1,0,0,0
40,20,1,5d482eaa21c9be351f763af2,2020-04-22 16:44:09.611000+00:00,i agree but older people cant learn as quickly as he might have been able to,0.857142857,1,0.142857143,7,"i agree, but older people can't learn as quickly as he might have been able to",11,16,76,1,0.1224036521959934,0.1889690555290785,0.0,0.0,0.0,0.03,0.0,0.0,0.0,0.01,0.01,0.0,0.01,0.01,0.0,0.0,0.0,0.0,0.0,0.0,0.0,0.0,0.01,0.01,0.01,0.02,0.01,0.01,0.02,0.0,0.0,0.0,0.02,0.0,0.0,0.01,0.0,0.0,0.0,0.01,0.0,0.01,0.01,0.04,0.0,0.0,0.01,0.04,0.03,0.03,0.0,0.0,0.0,0.0,0.01,0.08,0.0,0,0,0.9375,0.0625,1,0.00015518311607697082,0,0.4861111111111111,0.3333333333333333,0.7936,easy,11.809,0,0,1,0,0,0,0,0,0,0,0,1,0,0,0,0,0,0,0,0,0
40,20,1,5d482eaa21c9be351f763db1,2020-04-22 16:44:19.984000+00:00,he signed up to be a husband not a translator crutch to his whole family undue burden on him hes not the asshole,0.857142857,1,0.142857143,7,"he signed up to be a husband, not a translator crutch to his whole family. undue burden on him, he's not the asshole.",12,23,112,1,0.9059899986814458,0.9763401202335723,0.0,0.0,0.01,0.0,0.0,0.0,0.0,0.0,0.0,0.0,0.04,0.02,0.01,0.0,0.0,0.0,0.0,0.02,0.0,0.01,0.0,0.0,0.0,0.01,0.0,0.0,0.02,0.0,0.0,0.0,0.060000000000000005,0.0,0.0,0.0,0.0,0.0,0.01,0.0,0.0,0.0,0.02,0.02,0.0,0.030000000000000002,0.0,0.02,0.02,0.04,0.0,0.0,0.0,0.02,0.0,0.13,0.0,0,0,0.8695652173913043,0.0,3,0.0,0,0.4,0.2,1.1408,easy,10.373,0,0,0,0,0,0,0,0,0,0,0,0,0,0,0,0,0,0,1,0,0
40,20,1,5d482eaa21c9be351f763dc7,2020-04-22 16:44:20.438000+00:00,there are safety concerns also if she had a medical issue while out how would she be able to convey that,0.857142857,1,0.142857143,7,"there are safety concerns also. if she had a medical issue while out, how would she be able to convey that",13,21,104,1,0.7100934120600827,0.7794973540574488,0.02,0.0,0.0,0.04,0.0,0.01,0.01,0.01,0.030000000000000002,0.0,0.02,0.0,0.0,0.0,0.01,0.0,0.0,0.0,0.0,0.0,0.01,0.0,0.0,0.01,0.01,0.01,0.02,0.0,0.01,0.0,0.02,0.01,0.0,0.0,0.0,0.01,0.0,0.0,0.0,0.01,0.01,0.04,0.0,0.01,0.0,0.04,0.060000000000000005,0.02,0.0,0.0,0.0,0.01,0.0,0.13,0.0,0,0,0.9523809523809523,0.0,3,0.0,0,0.3125,0.25,1.0415999999999999,easy,0.454,0,0,0,0,0,0,0,0,0,0,0,0,0,0,0,0,0,0,1,0,0
41,20,2,5d482eaa21c9be351f763dc7,2020-04-22 16:58:08.872000+00:00,she is an ass,1.0,1,0.125,8,she is an ass,1,4,13,1,-0.9550275742215037,-0.8943172794373211,0.0,0.0,0.0,0.0,0.0,0.0,0.01,0.0,0.0,0.0,0.01,0.0,0.01,0.0,0.0,0.0,0.01,0.0,0.0,0.0,0.0,0.0,0.0,0.01,0.0,0.0,0.0,0.01,0.0,0.0,0.01,0.0,0.0,0.0,0.0,0.0,0.0,0.0,0.0,0.0,0.0,0.01,0.0,0.01,0.0,0.01,0.0,0.0,0.0,0.0,0.0,0.0,0.0,0.030000000000000002,0.0,0,0,1.0,0.0,0,0.0,0,0.0,0.0,0.1984,easy,0.0,0,0,0,0,0,0,0,0,0,0,0,0,0,0,0,0,0,0,0,0,0
41,20,2,5d482ea921c9be351f7638f9,2020-04-22 16:58:10.836000+00:00,i think shes the asshole,1.0,1,0.125,8,i think she's the asshole,2,5,24,1,-0.9550275742215037,-0.8943172794373211,0.0,0.0,0.0,0.0,0.0,0.0,0.0,0.0,0.0,0.0,0.009999999999999998,0.0,0.009999999999999998,0.0,0.0,0.0,0.0,0.0,0.0,0.0,0.0,0.009999999999999998,0.0,0.019999999999999997,0.0,0.0,0.0,0.0,0.0,0.0,0.009999999999999998,0.0,0.0,0.0,0.0,0.0,0.009999999999999998,0.009999999999999998,0.0,0.0,0.0,0.019999999999999997,0.0,0.009999999999999998,0.0,0.009999999999999998,0.009999999999999998,0.0,0.0,0.0,0.0,0.0,0.009999999999999998,0.019999999999999997,0.0,0,0,1.0,0.2,0,0.0,0,0.0,0.0,0.248,easy,1.964,0,0,1,0,1,0,0,0,0,0,0,1,0,0,0,0,0,0,0,0,0
41,20,2,5d482eaa21c9be351f763db1,2020-04-22 16:58:12.577000+00:00,she is an ass,1.0,1,0.125,8,she is an ass,3,4,13,1,-0.9550275742215037,-0.8943172794373211,0.0,0.0,0.0,0.0,0.0,0.0,0.01,0.0,0.0,0.0,0.01,0.0,0.01,0.0,0.0,0.0,0.01,0.0,0.0,0.0,0.0,0.0,0.0,0.01,0.0,0.0,0.0,0.01,0.0,0.0,0.01,0.0,0.0,0.0,0.0,0.0,0.0,0.0,0.0,0.0,0.0,0.01,0.0,0.01,0.0,0.01,0.0,0.0,0.0,0.0,0.0,0.0,0.0,0.030000000000000002,0.0,0,0,1.0,0.0,0,0.0,0,0.0,0.0,0.1984,easy,1.741,0,0,0,0,0,0,0,0,0,0,0,0,0,0,0,0,0,0,0,0,0
41,20,2,5d482eaa21c9be351f763ae5,2020-04-22 16:58:14.865000+00:00,shes the asshole for making him translate,1.0,1,0.125,8,she's the asshole for making him translate,4,7,41,1,-0.6611826942894591,-0.5850225634925103,0.0,0.0,0.0,0.0,0.0,0.0,0.0,0.0,0.0,0.0,0.02,0.0,0.01,0.0,0.0,0.0,0.0,0.0,0.0,0.0,0.0,0.0,0.0,0.01,0.0,0.0,0.0,0.0,0.0,0.0,0.02,0.0,0.0,0.0,0.0,0.01,0.01,0.0,0.0,0.0,0.0,0.01,0.0,0.01,0.0,0.01,0.01,0.01,0.0,0.0,0.0,0.0,0.0,0.029999999999999995,0.0,0,0,1.0,0.0,0,0.0,0,0.0,0.0,0.3472,easy,2.288,0,0,0,0,0,0,0,0,0,0,0,0,0,0,0,0,0,0,0,0,0
41,20,2,5d482eaa21c9be351f763af2,2020-04-22 16:58:15.393000+00:00,yes,1.0,1,0.125,8,yes,5,1,3,1,-1.2488724541535483,-1.2036119953821318,0.0,0.0,0.0,0.0,0.0,0.0,0.0,0.0,0.0,0.0,0.0,0.0,0.0,0.0,0.0,0.0,0.0,0.0,0.0,0.0,0.0,0.0,0.0,0.0,0.0,0.0,0.0,0.0,0.0,0.0,0.0,0.0,0.0,0.0,0.0,0.0,0.0,0.0,0.0,0.0,0.0,0.0,0.0,0.0,0.009999999999999998,0.0,0.0,0.0,0.0,0.0,0.0,0.0,0.0,0.0,0.0,0,0,1.0,0.0,0,0.0,0,0.0,0.0,0.0496,easy,0.528,0,0,0,0,0,0,0,0,0,0,0,0,0,0,0,0,0,0,0,0,0
41,20,2,5d482eaa21c9be351f763c0e,2020-04-22 16:58:30.312000+00:00,i dont think she is an ass,1.0,1,0.125,8,i don't think she is an ass,6,7,26,1,-0.7591309876001406,-0.6881208021407805,0.0,0.0,0.0,0.0,0.0,0.0,0.01,0.0,0.0,0.0,0.01,0.01,0.01,0.0,0.0,0.0,0.01,0.0,0.0,0.0,0.0,0.01,0.0,0.030000000000000002,0.0,0.0,0.0,0.01,0.0,0.0,0.01,0.0,0.0,0.0,0.0,0.0,0.0,0.01,0.0,0.0,0.0,0.030000000000000002,0.0,0.01,0.0,0.02,0.01,0.0,0.0,0.0,0.0,0.0,0.01,0.04,0.0,0,0,1.0,0.14285714285714285,0,0.0,0,0.0,0.0,0.3472,easy,14.919,0,0,1,0,1,0,0,0,0,0,0,1,0,0,0,0,0,0,0,0,0
41,20,2,5d482eaa21c9be351f763dc7,2020-04-22 16:58:41.133000+00:00,she talks about making her husband translate,1.0,1,0.125,8,she talks about making her husband translate,7,7,44,1,-0.6611826942894591,-0.5850225634925103,0.0,0.0,0.0,0.0,0.0,0.0,0.0,0.0,0.01,0.0,0.02,0.0,0.0,0.0,0.0,0.0,0.0,0.01,0.0,0.0,0.0,0.0,0.0,0.0,0.0,0.0,0.0,0.0,0.0,0.0,0.04,0.0,0.0,0.0,0.0,0.01,0.0,0.0,0.0,0.0,0.0,0.0,0.0,0.0,0.0,0.0,0.01,0.01,0.0,0.0,0.0,0.0,0.0,0.03,0.0,0,0,1.0,0.0,1,0.0,0,0.0,0.0,0.3472,easy,10.821,0,0,0,0,0,0,0,0,0,0,0,0,0,0,0,0,0,0,0,0,0
41,20,2,5d482eaa21c9be351f763af2,2020-04-22 16:58:44.554000+00:00,if she is so busy and cant do it herself she shoudlnt expect him too,1.0,1,0.125,8,"if she is so busy and can't do it herself, she shoudln't expect him too",8,15,68,1,0.1224036521959934,0.23976334569365185,0.02,0.0,0.0,0.030000000000000006,0.0,0.01,0.0,0.0,0.02,0.0,0.04,0.01,0.0,0.0,0.0,0.0,0.0,0.0,0.0,0.0,0.0,0.0,0.0,0.030000000000000006,0.0,0.0,0.01,0.0,0.0,0.0,0.04,0.01,0.0,0.01,0.0,0.0,0.0,0.0,0.0,0.01,0.01,0.030000000000000006,0.0,0.0,0.02,0.030000000000000006,0.030000000000000006,0.0,0.0,0.0,0.0,0.0,0.0,0.11000000000000001,0.0,0,0,0.9333333333333333,0.0,2,0.0,0,0.3,0.1,0.744,easy,3.421,0,0,0,0,0,0,0,0,0,0,0,0,0,0,0,0,0,0,0,0,0
41,20,2,5e9f44049dc0406f898789b2,2020-04-22 16:58:46.421000+00:00,i think shes leaving out information that might make her not the asshole how often does mom call the husband for help,1.0,1,0.125,8,i think she's leaving out information that might make her not the asshole. how often does mom call the husband for help?,9,22,117,1,0.7100934120600827,0.8583527775832734,0.0,0.0,0.0,0.01,0.0,0.01,0.0,0.0,0.02,0.0,0.02,0.01,0.01,0.0,0.0,0.0,0.0,0.02,0.0,0.0,0.0,0.02,0.0,0.04,0.01,0.0,0.02,0.0,0.0,0.0,0.05999999999999999,0.01,0.0,0.0,0.0,0.02,0.01,0.01,0.0,0.02,0.01,0.049999999999999996,0.0,0.02,0.0,0.029999999999999995,0.08,0.02,0.0,0.0,0.0,0.0,0.01,0.09999999999999999,0.0,1,0,0.9545454545454546,0.045454545454545456,0,0.0,0,0.0,0.0,1.808927272727273,easy,1.867,0,0,1,0,1,0,0,0,0,0,0,1,0,0,0,0,0,0,0,0,0
41,20,2,5d482eaa21c9be351f763b64,2020-04-22 16:59:02.894000+00:00,i think she is   why not disperse the work load over the rest of the english speaking family members and appoint him as the go to ,1.0,1,0.125,8,"i think she is,   why not disperse the work load over the rest of the english speaking family members and appoint him as the go to ",10,26,130,1,1.101886585302809,1.2707457321763544,0.0,0.01,0.01,0.02,0.0,0.01,0.0,0.01,0.0,0.0,0.02,0.01,0.0,0.0,0.0,0.0,0.0,0.01,0.0,0.01,0.0,0.01,0.01,0.030000000000000002,0.0,0.0,0.02,0.0,0.0,0.0,0.05,0.0,0.0,0.01,0.0,0.01,0.0,0.01,0.0,0.0,0.01,0.030000000000000002,0.0,0.04,0.01,0.01,0.04,0.04,0.0,0.01,0.0,0.01,0.01,0.15000000000000002,0.0,0,0,0.8846153846153846,0.038461538461538464,5,0.0005036151718260998,0,0.0,0.0,1.2895999999999999,easy,16.473,0,0,1,0,1,0,0,0,0,0,0,1,0,0,0,0,0,1,0,0,0
41,20,2,5d482eaa21c9be351f763db1,2020-04-22 16:59:12.046000+00:00,yeah she is blind to the consequences of the demands she is making on a daily basis on someone she is supposed to care for,1.0,1,0.125,8,yeah she is blind to the consequences of the demands she is making on a daily basis on someone she is supposed to care for,11,25,122,1,1.101886585302809,1.2707457321763544,0.0,0.0,0.0,0.0,0.0,0.0,0.01,0.0,0.0,0.0,0.03,0.0,0.0,0.0,0.01,0.01,0.0,0.0,0.0,0.0,0.01,0.0,0.0,0.04,0.0,0.01,0.03,0.0,0.0,0.0,0.04,0.01,0.0,0.0,0.0,0.03,0.0,0.0,0.0,0.02,0.0,0.049999999999999996,0.0,0.03,0.0,0.03,0.049999999999999996,0.06,0.0,0.01,0.0,0.01,0.0,0.15,0.0,0,0,0.72,0.0,11,0.0,0,0.3333333333333333,-0.25,1.24,easy,9.152,0,0,1,0,0,0,0,0,0,0,0,0,0,0,0,0,0,0,1,0,0
42,21,0,5d482eaa21c9be351f763a45,2020-04-22 19:39:47.230000+00:00,this one is tough but i think that overall the mother ita,0.5,1,0.166666667,6,"this one is tough but i think that overall, the mother ita.",1,12,57,1,-0.2693895210467328,-0.864281505369599,0.0,0.0,0.0,0.009999999999999998,0.0,0.0,0.0,0.0,0.0,0.0,0.0,0.0,0.0,0.0,0.0,0.0,0.0,0.009999999999999998,0.0,0.0,0.0,0.009999999999999998,0.0,0.019999999999999997,0.0,0.0,0.0,0.0,0.0,0.0,0.009999999999999998,0.019999999999999997,0.0,0.0,0.0,0.0,0.0,0.009999999999999998,0.0,0.009999999999999998,0.009999999999999998,0.019999999999999997,0.0,0.009999999999999998,0.009999999999999998,0.009999999999999998,0.029999999999999995,0.0,0.0,0.0,0.0,0.009999999999999998,0.009999999999999998,0.05999999999999999,0.0,0,0,1.0,0.08333333333333333,0,0.0,0,0.4166666666666667,-0.19444444444444445,0.5952,easy,0.0,0,0,1,0,1,0,0,0,0,0,1,0,0,0,0,0,0,1,0,0,0
42,21,0,5d482eaa21c9be351f763ba2,2020-04-22 19:40:06.279000+00:00,i agree,0.5,1,0.166666667,6,i agree,2,2,7,1,-1.2488724541535483,-1.7713991203347759,0.0,0.0,0.0,0.0,0.0,0.0,0.0,0.0,0.0,0.0,0.0,0.0,0.0,0.0,0.0,0.0,0.0,0.0,0.0,0.0,0.01,0.0,0.0,0.0,0.0,0.0,0.0,0.0,0.0,0.0,0.0,0.0,0.0,0.0,0.0,0.0,0.0,0.01,0.0,0.0,0.0,0.0,0.0,0.0,0.0,0.0,0.0,0.0,0.0,0.0,0.0,0.0,0.01,0.01,0.0,0,0,1.0,0.5,0,0.00015518311607697082,0,0.0,0.0,0.0992,easy,19.049,0,0,0,0,0,0,0,0,0,0,0,1,0,0,0,0,0,0,0,0,0
42,21,0,5e9f4d469dc0406f8987a196,2020-04-22 19:40:17.339000+00:00,i disagree and think that the mother is not the asshole i think this because it really isnt fair that her son and his partner were talking in front of her in a language she doesnt understand,0.5,1,0.166666667,6,i disagree and think that the mother is not the asshole. i think this because it really isn't fair that her son and his partner were talking in front of her in a language she doesn't understand.,3,37,190,1,2.0813695184096246,1.3128007705468252,0.0,0.0,0.0,0.03,0.0,0.019999999999999997,0.0,0.0,0.009999999999999998,0.0,0.039999999999999994,0.03,0.009999999999999998,0.0,0.0,0.0,0.0,0.019999999999999997,0.009999999999999998,0.0,0.0,0.03,0.009999999999999998,0.06,0.0,0.009999999999999998,0.03,0.0,0.0,0.0,0.09,0.039999999999999994,0.0,0.0,0.0,0.009999999999999998,0.009999999999999998,0.019999999999999997,0.0,0.0,0.019999999999999997,0.06999999999999999,0.009999999999999998,0.03,0.039999999999999994,0.039999999999999994,0.07999999999999999,0.03,0.0,0.0,0.0,0.019999999999999997,0.019999999999999997,0.22,0.0,0,0,0.8108108108108109,0.05405405405405406,0,0.00031036623215394165,0,0.55,0.44999999999999996,1.8352,easy,11.06,0,0,1,0,1,1,0,0,0,0,1,1,0,0,0,0,0,1,1,0,0
42,21,0,5d482eaa21c9be351f763a45,2020-04-22 19:40:30.136000+00:00,the french guy should definitely make more of an effort to use english but asking him not to use his mother tongue is unreasonable,0.5,1,0.166666667,6,the french guy should definitely make more of an effort to use english but asking him not to use his mother tongue is unreasonable.,4,24,130,1,1.0039382919921274,0.31497139408513075,0.01,0.0,0.0,0.01,0.01,0.0,0.01,0.01,0.01,0.0,0.02,0.01,0.0,0.0,0.0,0.0,0.01,0.01,0.0,0.01,0.01,0.0,0.01,0.04,0.01,0.0,0.0,0.0,0.0,0.0,0.05,0.0,0.0,0.0,0.0,0.030000000000000002,0.0,0.0,0.0,0.0,0.02,0.05,0.0,0.02,0.01,0.02,0.07,0.030000000000000002,0.0,0.01,0.0,0.0,0.0,0.12000000000000001,0.0,0,0,0.9166666666666666,0.0,5,0.0008496176720475786,0,0.25,0.125,1.8483166666666664,easy,12.797,0,0,1,0,0,0,0,0,0,0,0,0,0,0,0,0,0,0,1,0,0
42,21,0,5ea076269dc0406f8987dbf8,2020-04-22 19:40:34.393000+00:00,the parent is the asshole here the kids husband learned english to participate in the converstaion they can learn french if they want to participate ,0.5,1,0.166666667,6,"the parent is the asshole here, the kids husband learned english to participate in the converstaion, they can learn french if they want to participate ",5,25,149,1,1.101886585302809,0.4056831555816484,0.02,0.0,0.0,0.01,0.0,0.0,0.0,0.0,0.01,0.0,0.0,0.0,0.01,0.0,0.0,0.0,0.0,0.02,0.0,0.0,0.0,0.02,0.01,0.03,0.0,0.0,0.01,0.0,0.0,0.0,0.08,0.0,0.0,0.02,0.0,0.0,0.01,0.0,0.0,0.01,0.01,0.03,0.0,0.04,0.0,0.02,0.04,0.03,0.0,0.0,0.0,0.0,0.0,0.13,0.0,0,0,0.76,0.0,7,0.004731369282611838,0,0.0,0.0,6.1396999999999995,difficult,4.257,0,0,0,0,0,0,0,0,0,0,0,0,0,0,0,0,0,0,0,0,0
42,21,0,5ea07d9c9dc0406f89880001,2020-04-22 19:40:42.427000+00:00,i agree i think the mother should respect that the sons partner only speaks french if she was really about the situation she would kindly ask to learn the language as well ,0.5,1,0.166666667,6,"i agree. i think the mother should respect that the sons partner only speaks french. if she was really about the situation, she would kindly ask to learn the language as well. ",6,32,172,1,1.5916280518562167,0.8592419630642368,0.03,0.01,0.0,0.02,0.0,0.0,0.0,0.0,0.04,0.0,0.02,0.0,0.0,0.0,0.0,0.0,0.0,0.02,0.0,0.0,0.04,0.02,0.01,0.02,0.02,0.01,0.0,0.0,0.0,0.0,0.08,0.01,0.0,0.01,0.0,0.0,0.0,0.02,0.0,0.01,0.02,0.049999999999999996,0.01,0.04,0.02,0.03,0.06,0.03,0.0,0.01,0.0,0.03,0.02,0.16,0.0,0,0,0.84375,0.0625,6,0.005287559280004246,0,0.525,0.2,1.5872,easy,8.034,0,0,1,0,1,1,0,0,0,0,1,1,0,0,0,0,0,1,0,0,0
42,21,0,5ea076269dc0406f8987dbf8,2020-04-22 19:40:55.755000+00:00,he may not feel comfortable talking in english,0.5,1,0.166666667,6,he may not feel comfortable talking in english,7,8,46,1,-0.5632344009787775,-1.1364167898591522,0.0,0.0,0.0,0.0,0.0,0.0,0.0,0.0,0.0,0.0,0.01,0.01,0.0,0.0,0.0,0.0,0.0,0.0,0.0,0.0,0.01,0.01,0.0,0.01,0.01,0.0,0.01,0.0,0.0,0.0,0.02,0.0,0.0,0.0,0.0,0.0,0.0,0.0,0.01,0.01,0.01,0.02,0.0,0.0,0.0,0.01,0.03,0.01,0.0,0.01,0.0,0.01,0.0,0.03,0.0,0,0,1.0,0.0,0,0.0,0,0.4,0.2,0.3968,easy,13.328,0,0,1,0,1,0,0,0,0,0,0,0,0,0,0,0,0,1,0,0,0
42,21,0,5d482eaa21c9be351f763a45,2020-04-22 19:41:16.927000+00:00,most couples have a secret language but this one just happens to be an actual other language ,0.5,1,0.166666667,6,"most couples have a ""secret language"" but this one just happens to be an actual other language. ",8,17,93,1,0.31830023881735653,-0.320010936390493,0.0,0.0,0.0,0.010000000000000002,0.0,0.0,0.0,0.0,0.010000000000000002,0.0,0.0,0.0,0.0,0.0,0.0,0.0,0.0,0.0,0.0,0.010000000000000002,0.0,0.010000000000000002,0.0,0.020000000000000004,0.0,0.0,0.0,0.0,0.0,0.0,0.030000000000000002,0.020000000000000004,0.0,0.0,0.0,0.0,0.0,0.0,0.0,0.010000000000000002,0.020000000000000004,0.030000000000000002,0.0,0.020000000000000004,0.020000000000000004,0.020000000000000004,0.04000000000000001,0.010000000000000002,0.0,0.0,0.0,0.010000000000000002,0.0,0.1,0.0,0,0,0.9411764705882353,0.0,0,0.0,0,0.41875,-0.0062500000000000056,0.8432,easy,21.172,0,0,0,0,0,0,0,0,0,0,0,0,0,0,0,0,0,0,0,0,0
42,21,0,5e9f4d469dc0406f8987a196,2020-04-22 19:41:25.523000+00:00,i dont know i think its a bit rude to talk in a different language when you know someone in the room cant shouldnt they involve her in the conversation if shes there,0.5,1,0.166666667,6,i don't know. i think it's a bit rude to talk in a different language when you know someone in the room can't. shouldn't they involve her in the conversation if she's there?,9,33,165,1,1.6895763451668984,0.9499537245607546,0.02,0.0,0.01,0.02,0.0,0.0,0.0,0.0,0.02,0.0,0.02,0.029999999999999995,0.0,0.0,0.0,0.0,0.0,0.0,0.01,0.01,0.0,0.029999999999999995,0.0,0.05999999999999999,0.01,0.0,0.049999999999999996,0.0,0.0,0.0,0.09,0.02,0.0,0.0,0.0,0.0,0.01,0.02,0.0,0.02,0.01,0.07,0.0,0.04,0.01,0.04,0.05999999999999999,0.04,0.0,0.0,0.01,0.02,0.02,0.16999999999999998,0.0,1,0,0.8181818181818182,0.06060606060606061,3,0.001218026796589525,0,0.6,-0.15,2.1152848484848485,easy,8.596,0,0,1,0,1,0,0,0,0,0,1,1,1,0,0,0,0,0,1,0,0
43,21,2,5d482eaa21c9be351f763a45,2020-04-22 20:09:27.293000+00:00,as in the first one i do not believe that this person is the asshole,0.6,0,0.0,5,"as in the first one, i do not believe that this person is the asshole.",1,15,68,1,0.024455358885311848,-0.6566399316488756,0.0,0.0,0.0,0.01,0.0,0.0,0.0,0.01,0.0,0.0,0.0,0.01,0.01,0.0,0.0,0.0,0.0,0.0,0.0,0.0,0.0,0.01,0.01,0.030000000000000006,0.0,0.0,0.02,0.0,0.0,0.0,0.01,0.02,0.0,0.0,0.0,0.0,0.01,0.01,0.0,0.0,0.01,0.030000000000000006,0.0,0.02,0.0,0.02,0.02,0.02,0.0,0.0,0.0,0.0,0.01,0.1,0.0,0,0,0.9333333333333333,0.06666666666666667,0,0.0,0,0.3333333333333333,0.25,0.744,easy,0.0,0,0,0,0,0,0,0,0,0,0,1,0,0,0,0,0,0,0,0,0,0
43,21,2,5e9f4d469dc0406f8987a196,2020-04-22 20:09:46.938000+00:00,my initial impression here is that the son is the asshole because he knows his mother cant speak german and theyre in her house,0.6,0,0.0,5,my initial impression here is that the son is the asshole because he knows his mother can't speak german and they're in her house.,2,24,127,1,1.0039382919921274,0.40039020222492433,0.0,0.01,0.01,0.02,0.0,0.01,0.0,0.0,0.01,0.0,0.03,0.01,0.01,0.0,0.0,0.0,0.0,0.02,0.0,0.0,0.01,0.01,0.0,0.05,0.0,0.0,0.02,0.0,0.0,0.0,0.07,0.01,0.0,0.0,0.0,0.01,0.01,0.01,0.0,0.0,0.0,0.05,0.0,0.02,0.02,0.04,0.03,0.01,0.0,0.01,0.0,0.0,0.01,0.13,0.0,0,0,0.9166666666666666,0.0,6,0.0003202049311559398,0,0.0,0.0,1.1904,easy,19.645,0,0,0,0,0,0,0,0,0,0,0,1,0,0,0,0,1,0,0,0,0
43,21,2,5d482eaa21c9be351f763a45,2020-04-22 20:09:53.173000+00:00,but i think its a very close thing and steps should be taken by both sides,0.6,0,0.0,5,but i think it's a very close thing and steps should be taken by both sides.,3,16,74,1,0.1224036521959934,-0.5509369182614956,0.01,0.0,0.0,0.02,0.0,0.030000000000000002,0.0,0.0,0.01,0.0,0.0,0.0,0.0,0.0,0.0,0.0,0.0,0.0,0.0,0.01,0.0,0.01,0.0,0.01,0.01,0.01,0.04,0.0,0.0,0.0,0.0,0.02,0.0,0.0,0.0,0.0,0.0,0.01,0.0,0.0,0.01,0.04,0.0,0.01,0.02,0.02,0.060000000000000005,0.01,0.0,0.0,0.0,0.01,0.01,0.1,0.0,0,0,1.0,0.0625,1,0.0,0,0.3,0.2,0.7936,easy,6.235,0,0,1,0,1,0,0,0,0,0,1,0,0,0,0,0,1,0,0,0,0
43,21,2,5ea076269dc0406f8987dbf8,2020-04-22 20:09:55.398000+00:00,no hes not an asshole but he should include his mother more and make an effort to help his husband speak better english,0.6,0,0.0,5,"no he's not an asshole, but he should include his mother more and make an effort to help his husband speak better english",4,23,119,1,0.9059899986814458,0.29468718883754436,0.009999999999999998,0.009999999999999998,0.0,0.019999999999999997,0.0,0.019999999999999997,0.0,0.019999999999999997,0.0,0.0,0.039999999999999994,0.019999999999999997,0.009999999999999998,0.0,0.0,0.0,0.0,0.019999999999999997,0.0,0.009999999999999998,0.009999999999999998,0.0,0.0,0.019999999999999997,0.009999999999999998,0.0,0.0,0.0,0.0,0.0,0.07999999999999999,0.0,0.0,0.0,0.0,0.009999999999999998,0.009999999999999998,0.0,0.0,0.0,0.019999999999999997,0.03,0.0,0.019999999999999997,0.03,0.019999999999999997,0.06,0.009999999999999998,0.0,0.009999999999999998,0.0,0.009999999999999998,0.0,0.12,0.0,0,0,0.9130434782608695,0.0,3,0.0,0,0.3333333333333333,0.3333333333333333,1.1408,easy,2.225,0,0,1,0,0,0,0,0,0,0,0,0,0,0,0,0,0,1,0,0,0
43,21,2,5d482ea921c9be351f763808,2020-04-22 20:10:04.075000+00:00,the son is the asshole he stated he made a choice to basically exclude his mother he should have compromised  spoke english some german some instead hes an asshole ,0.6,0,0.0,5,"the son is the asshole. he stated he made a choice to basically exclude his mother. he should have compromised.  spoke english some, german some. instead, he's an asshole. ",5,29,164,1,1.4936797585455353,0.9289052691618243,0.01,0.01,0.0,0.0,0.0,0.0,0.0,0.0,0.02,0.0,0.049999999999999996,0.0,0.02,0.0,0.0,0.0,0.0,0.02,0.0,0.02,0.0,0.01,0.0,0.029999999999999995,0.01,0.02,0.0,0.0,0.0,0.0,0.08,0.0,0.0,0.0,0.0,0.01,0.02,0.0,0.0,0.02,0.01,0.05999999999999999,0.0,0.04,0.0,0.04,0.05999999999999999,0.01,0.0,0.01,0.0,0.01,0.0,0.14,0.0,0,0,0.8275862068965517,0.0,8,0.0021061704795227363,0,0.0,0.0,1.4384,easy,8.677,0,0,1,0,0,0,0,0,0,0,0,0,0,0,0,0,0,0,0,0,0
43,21,2,5e9f4d469dc0406f8987a196,2020-04-22 20:10:12.680000+00:00,i think its unfair that they sit and speak in german when the husband can speak english,0.6,0,0.0,5,i think it's unfair that they sit and speak in german when the husband can speak english.,6,17,87,1,0.22035194550667497,-0.4452339048741156,0.0,0.02,0.0,0.02,0.0,0.01,0.0,0.0,0.01,0.0,0.0,0.0,0.0,0.0,0.0,0.0,0.0,0.01,0.0,0.0,0.0,0.01,0.0,0.02,0.0,0.0,0.03,0.0,0.0,0.0,0.04,0.02,0.0,0.0,0.0,0.0,0.0,0.01,0.0,0.0,0.0,0.02,0.0,0.01,0.01,0.01,0.02,0.01,0.0,0.02,0.0,0.0,0.01,0.09,0.0,0,0,0.9411764705882353,0.058823529411764705,1,0.0035573194157515133,0,0.3333333333333333,-0.16666666666666666,0.8432,easy,8.605,0,0,1,0,1,0,0,0,0,0,0,1,0,0,0,0,0,0,0,0,0
43,21,2,5ea07d9c9dc0406f89880001,2020-04-22 20:10:22.321000+00:00,i do agree with the person not being an asshole i think if the mother was really interested she would learn some german or help the husband speak better english,0.6,0,0.0,5,"i do agree with the person not being an asshole. i think if the mother was really interested, she would learn some german or help the husband speak better english.",7,30,160,1,1.3957314652348536,0.8232022557744443,0.020000000000000004,0.010000000000000002,0.0,0.020000000000000004,0.0,0.010000000000000002,0.0,0.010000000000000002,0.010000000000000002,0.0,0.010000000000000002,0.010000000000000002,0.010000000000000002,0.0,0.0,0.0,0.0,0.020000000000000004,0.0,0.010000000000000002,0.03,0.020000000000000004,0.010000000000000002,0.020000000000000004,0.010000000000000002,0.010000000000000002,0.0,0.0,0.0,0.0,0.06,0.0,0.0,0.010000000000000002,0.0,0.0,0.010000000000000002,0.020000000000000004,0.0,0.03,0.04000000000000001,0.05,0.0,0.04000000000000001,0.010000000000000002,0.04000000000000001,0.09000000000000001,0.010000000000000002,0.0,0.010000000000000002,0.0,0.010000000000000002,0.020000000000000004,0.15000000000000002,0.0,0,0,0.9,0.06666666666666667,3,0.005965370201152996,0,0.25,0.1875,1.488,easy,9.641,0,0,1,0,1,1,0,0,0,0,1,1,0,0,0,0,0,1,0,0,0
43,21,2,5d482eaa21c9be351f763a45,2020-04-22 20:10:23.044000+00:00,we know that english can make the husband uncomfortable,0.6,0,0.0,5,we know that english can make the husband uncomfortable.,8,9,55,1,-0.4652861076680959,-1.1851549985857754,0.0,0.0,0.0,0.0,0.0,0.01,0.0,0.0,0.0,0.01,0.0,0.0,0.0,0.0,0.0,0.0,0.0,0.01,0.0,0.0,0.0,0.01,0.0,0.030000000000000002,0.0,0.0,0.0,0.0,0.0,0.0,0.02,0.01,0.0,0.0,0.0,0.01,0.0,0.0,0.0,0.0,0.0,0.030000000000000002,0.0,0.01,0.0,0.01,0.030000000000000002,0.0,0.01,0.0,0.0,0.0,0.01,0.04,0.0,0,0,1.0,0.0,1,0.0013439449830089838,0,0.5,-0.25,5.837344444444444,medium,0.723,0,0,0,0,0,0,0,0,0,1,0,0,0,0,0,0,0,0,1,0,0
43,21,2,5d482eaa21c9be351f763ba2,2020-04-22 20:10:56.139000+00:00,i think the son of the mother should volunteer to help her learn how to speak english if she is willing to learn it,0.6,0,0.0,5,i think the son of the mother should volunteer to help her learn how to speak english if she is willing to learn it.,9,24,115,1,0.9059899986814458,0.29468718883754436,0.02,0.01,0.0,0.02,0.0,0.0,0.0,0.0,0.01,0.0,0.02,0.0,0.0,0.0,0.0,0.0,0.0,0.02,0.0,0.0,0.0,0.029999999999999995,0.0,0.02,0.01,0.0,0.0,0.0,0.0,0.0,0.06999999999999999,0.01,0.0,0.02,0.0,0.01,0.0,0.01,0.0,0.01,0.01,0.029999999999999995,0.0,0.02,0.0,0.02,0.05999999999999999,0.04,0.0,0.01,0.0,0.01,0.01,0.13999999999999999,0.0,0,0,0.8333333333333334,0.041666666666666664,2,0.0006161429451632779,0,0.375,0.125,1.1904,easy,33.095,0,0,1,0,1,0,0,0,0,0,0,1,0,0,0,0,0,1,0,0,0
44,22,1,5ea099d09dc0406f898830a9,2020-04-22 20:04:06.846000+00:00,hello,1.0,2,0.333333333,6,hello!,1,1,5,1,-1.2488724541535483,-1.1936201340829322,0.0,0.0,0.0,0.0,0.0,0.0,0.0,0.0,0.0,0.0,0.0,0.0,0.0,0.0,0.0,0.0,0.0,0.0,0.0,0.0,0.0,0.0,0.0,0.0,0.0,0.0,0.0,0.0,0.0,0.0,0.010000000000000002,0.0,0.0,0.0,0.0,0.0,0.0,0.0,0.0,0.0,0.0,0.0,0.0,0.0,0.0,0.0,0.0,0.0,0.0,0.0,0.0,0.0,0.0,0.0,0.0,0,0,1.0,0.0,0,0.0,0,0.0,0.0,0.0496,easy,0.0,0,0,0,0,0,0,0,0,0,0,0,0,0,0,1,0,0,0,0,0,0
44,22,1,5d482eaa21c9be351f763cc6,2020-04-22 20:04:11.322000+00:00,hellow,1.0,2,0.333333333,6,hellow,2,1,6,1,-1.2488724541535483,-1.1936201340829322,0.0,0.0,0.0,0.0,0.0,0.0,0.0,0.0,0.0,0.0,0.0,0.0,0.0,0.0,0.0,0.0,0.0,0.0,0.0,0.0,0.0,0.0,0.0,0.0,0.0,0.0,0.0,0.0,0.0,0.0,0.009999999999999998,0.0,0.0,0.0,0.0,0.0,0.0,0.0,0.0,0.0,0.0,0.0,0.0,0.0,0.0,0.0,0.0,0.0,0.0,0.0,0.0,0.0,0.0,0.0,0.0,0,0,1.0,0.0,0,0.0,0,0.0,0.0,0.0496,easy,4.476,0,0,0,0,0,0,0,0,0,0,0,0,0,0,0,0,0,0,0,0,0
44,22,1,5d482eaa21c9be351f763da6,2020-04-22 20:04:11.928000+00:00,hello,1.0,2,0.333333333,6,hello!,3,1,5,1,-1.2488724541535483,-1.1936201340829322,0.0,0.0,0.0,0.0,0.0,0.0,0.0,0.0,0.0,0.0,0.0,0.0,0.0,0.0,0.0,0.0,0.0,0.0,0.0,0.0,0.0,0.0,0.0,0.0,0.0,0.0,0.0,0.0,0.0,0.0,0.010000000000000002,0.0,0.0,0.0,0.0,0.0,0.0,0.0,0.0,0.0,0.0,0.0,0.0,0.0,0.0,0.0,0.0,0.0,0.0,0.0,0.0,0.0,0.0,0.0,0.0,0,0,1.0,0.0,0,0.0,0,0.0,0.0,0.0496,easy,0.606,0,0,0,0,0,0,0,0,0,0,0,0,0,0,1,0,0,0,0,0,0
44,22,1,5ea098d69dc0406f89883084,2020-04-22 20:04:15.379000+00:00,hi,1.0,2,0.333333333,6,hi,4,1,2,1,-1.2488724541535483,-1.1936201340829322,0.0,0.0,0.0,0.0,0.0,0.0,0.0,0.0,0.0,0.0,0.0,0.0,0.0,0.0,0.0,0.0,0.0,0.0,0.0,0.0,0.0,0.0,0.0,0.0,0.0,0.0,0.0,0.0,0.0,0.0,0.01,0.0,0.0,0.0,0.0,0.0,0.0,0.0,0.0,0.0,0.0,0.0,0.0,0.0,0.0,0.0,0.0,0.0,0.0,0.0,0.0,0.0,0.0,0.0,0.0,0,0,1.0,0.0,0,0.0,0,0.0,0.0,0.0496,easy,3.451,0,0,0,0,0,0,0,0,0,0,0,0,0,0,1,0,0,0,0,0,0
44,22,1,5d482eab21c9be351f763df6,2020-04-22 20:04:16.738000+00:00,hi there,1.0,2,0.333333333,6,hi there,5,2,8,1,-1.2488724541535483,-1.1936201340829322,0.0,0.0,0.0,0.0,0.0,0.0,0.0,0.0,0.01,0.0,0.0,0.0,0.0,0.0,0.0,0.0,0.0,0.0,0.0,0.0,0.0,0.0,0.0,0.0,0.0,0.0,0.0,0.0,0.0,0.0,0.01,0.0,0.0,0.0,0.0,0.0,0.0,0.0,0.0,0.0,0.0,0.0,0.0,0.0,0.0,0.0,0.0,0.0,0.0,0.0,0.0,0.0,0.0,0.01,0.0,0,0,1.0,0.5,1,0.0,0,0.0,0.0,0.0992,easy,1.359,0,0,0,0,0,0,0,0,0,0,0,0,0,0,1,0,0,0,0,0,0
44,22,1,5ea0998a9dc0406f8988308f,2020-04-22 20:04:18.733000+00:00,hello,1.0,2,0.333333333,6,hello,6,1,5,1,-1.2488724541535483,-1.1936201340829322,0.0,0.0,0.0,0.0,0.0,0.0,0.0,0.0,0.0,0.0,0.0,0.0,0.0,0.0,0.0,0.0,0.0,0.0,0.0,0.0,0.0,0.0,0.0,0.0,0.0,0.0,0.0,0.0,0.0,0.0,0.010000000000000002,0.0,0.0,0.0,0.0,0.0,0.0,0.0,0.0,0.0,0.0,0.0,0.0,0.0,0.0,0.0,0.0,0.0,0.0,0.0,0.0,0.0,0.0,0.0,0.0,0,0,1.0,0.0,0,0.0,0,0.0,0.0,0.0496,easy,1.995,0,0,0,0,0,0,0,0,0,0,0,0,0,0,1,0,0,0,0,0,0
44,22,1,5ea099d09dc0406f898830a9,2020-04-22 20:04:21.891000+00:00,i dont understand why she was so bothered by her sons talking in french i think she was being unreasonable what do you think,1.0,2,0.333333333,6,i don't understand why she was so bothered by her son's talking in french i think she was being unreasonable. what do you think?,7,24,124,1,0.8080417053707643,1.5608878676469116,0.0,0.0,0.0,0.01,0.0,0.0,0.0,0.0,0.01,0.0,0.03,0.01,0.0,0.0,0.0,0.0,0.0,0.01,0.0,0.0,0.0,0.03,0.0,0.049999999999999996,0.0,0.02,0.01,0.0,0.0,0.0,0.06,0.01,0.0,0.0,0.0,0.01,0.01,0.02,0.0,0.0,0.0,0.08,0.0,0.0,0.01,0.049999999999999996,0.04,0.02,0.0,0.0,0.01,0.0,0.02,0.15,0.0,1,0,0.8333333333333334,0.08333333333333333,0,0.0,0,0.0,0.0,1.8483166666666664,easy,3.158,0,0,1,0,1,0,0,0,0,0,0,1,1,0,0,0,0,0,1,0,0
44,22,1,5ea0998a9dc0406f8988308f,2020-04-22 20:04:43.140000+00:00,i think her request was valid,1.0,2,0.333333333,6,i think her request was valid,8,6,29,1,-0.8570792809108222,-0.6689519432772477,0.0,0.0,0.0,0.0,0.0,0.0,0.0,0.0,0.0,0.0,0.009999999999999998,0.0,0.0,0.0,0.0,0.0,0.0,0.0,0.0,0.0,0.0,0.009999999999999998,0.0,0.009999999999999998,0.0,0.009999999999999998,0.0,0.0,0.0,0.0,0.019999999999999997,0.0,0.0,0.0,0.0,0.0,0.0,0.009999999999999998,0.0,0.0,0.0,0.019999999999999997,0.0,0.0,0.0,0.009999999999999998,0.009999999999999998,0.0,0.0,0.0,0.0,0.0,0.009999999999999998,0.03,0.0,0,0,1.0,0.16666666666666666,2,0.0005036151718260998,0,0.0,0.0,0.2976,easy,21.249,0,0,1,0,1,0,0,0,0,0,0,1,0,0,0,0,0,0,0,0,0
44,22,1,5d482eaa21c9be351f763cc6,2020-04-22 20:04:45.380000+00:00,i think that she was being unreasonable  there was no need to be hurtful,1.0,2,0.333333333,6,i think that she was being unreasonable.  there was no need to be hurtful.,9,14,72,1,-0.07349293442536971,0.38038443833412133,0.009999999999999998,0.0,0.0,0.0,0.0,0.0,0.0,0.0,0.009999999999999998,0.0,0.009999999999999998,0.009999999999999998,0.0,0.0,0.0,0.0,0.0,0.0,0.009999999999999998,0.0,0.0,0.009999999999999998,0.0,0.019999999999999997,0.0,0.019999999999999997,0.0,0.0,0.0,0.009999999999999998,0.009999999999999998,0.009999999999999998,0.0,0.0,0.0,0.0,0.0,0.009999999999999998,0.0,0.0,0.0,0.06,0.0,0.0,0.009999999999999998,0.039999999999999994,0.019999999999999997,0.009999999999999998,0.0,0.0,0.0,0.0,0.009999999999999998,0.1,0.0,0,0,0.9285714285714286,0.07142857142857142,2,0.0005036151718260998,0,0.0,0.0,5.458757142857143,medium,2.24,0,0,1,0,1,0,0,0,0,0,0,1,0,0,0,0,0,0,1,0,0
44,22,1,5d482ea921c9be351f7637e0,2020-04-22 20:04:46.236000+00:00,hello i work with people who speak a different language and i find it a bit disrespectful if they exclude me by not speaking so i can understand,1.0,2,0.333333333,6,"hello, i work with people who speak a different language and i find it a bit disrespectful if they exclude me by not speaking so i can understand.",10,28,144,1,1.0039382919921274,1.8232219630497537,0.009999999999999998,0.019999999999999997,0.0,0.03,0.0,0.019999999999999997,0.0,0.009999999999999998,0.009999999999999998,0.0,0.0,0.009999999999999998,0.0,0.0,0.0,0.0,0.0,0.0,0.0,0.009999999999999998,0.0,0.019999999999999997,0.009999999999999998,0.019999999999999997,0.0,0.0,0.0,0.0,0.0,0.0,0.06999999999999999,0.019999999999999997,0.0,0.009999999999999998,0.0,0.0,0.0,0.039999999999999994,0.0,0.009999999999999998,0.03,0.019999999999999997,0.0,0.019999999999999997,0.019999999999999997,0.009999999999999998,0.06999999999999999,0.019999999999999997,0.0,0.019999999999999997,0.0,0.03,0.039999999999999994,0.15999999999999998,0.0,0,0,0.8928571428571429,0.14285714285714285,0,0.0004655493482309125,0,0.6,0.0,1.3888,easy,0.856,0,0,0,0,0,0,0,0,0,0,1,0,0,0,1,0,1,1,1,0,0
44,22,1,5d482eab21c9be351f763df6,2020-04-22 20:04:47.995000+00:00,she is 100 not the asshole here,1.0,2,0.333333333,6,she is 100% not the asshole here.,11,7,31,1,-0.6611826942894591,-0.40661784787440547,0.0,0.0,0.0,0.0,0.0,0.0,0.0,0.0,0.01,0.0,0.01,0.01,0.01,0.0,0.0,0.0,0.0,0.0,0.0,0.0,0.0,0.0,0.0,0.01,0.0,0.0,0.0,0.0,0.0,0.0,0.01,0.0,0.0,0.0,0.0,0.0,0.01,0.0,0.0,0.0,0.01,0.01,0.0,0.01,0.0,0.01,0.01,0.0,0.0,0.0,0.0,0.0,0.0,0.049999999999999996,0.0,0,0,1.0,0.0,1,0.0,0,0.0,0.0,0.3472,easy,1.759,0,0,0,0,0,0,0,0,0,0,0,0,0,0,0,0,0,0,0,0,0
44,22,1,5ea098d69dc0406f89883084,2020-04-22 20:04:49.725000+00:00,i think that she was justified in asking if they would speak english in her presence,1.0,2,0.333333333,6,i think that she was justified in asking if they would speak english in her presence.,12,16,84,1,0.1224036521959934,0.6427185337369635,0.019999999999999997,0.009999999999999998,0.0,0.009999999999999998,0.0,0.0,0.0,0.0,0.0,0.0,0.019999999999999997,0.0,0.0,0.0,0.0,0.0,0.0,0.0,0.0,0.0,0.0,0.019999999999999997,0.0,0.009999999999999998,0.009999999999999998,0.009999999999999998,0.019999999999999997,0.0,0.0,0.0,0.049999999999999996,0.009999999999999998,0.0,0.0,0.0,0.009999999999999998,0.0,0.009999999999999998,0.0,0.009999999999999998,0.009999999999999998,0.03,0.0,0.0,0.0,0.019999999999999997,0.039999999999999994,0.019999999999999997,0.0,0.009999999999999998,0.0,0.0,0.009999999999999998,0.09,0.0,0,0,0.9375,0.0625,1,0.0,0,0.45,0.2,0.7936,easy,1.73,0,0,1,0,1,0,0,0,0,0,0,1,0,0,0,0,0,0,0,0,0
44,22,1,5ea0998a9dc0406f8988308f,2020-04-22 20:04:54.148000+00:00,she just wanted to be a part of the conversation,1.0,2,0.333333333,6,she just wanted to be a part of the conversation,13,10,48,1,-0.36733781435741436,-0.013116704770142066,0.009999999999999998,0.0,0.0,0.0,0.0,0.0,0.0,0.0,0.009999999999999998,0.0,0.009999999999999998,0.0,0.0,0.0,0.0,0.0,0.0,0.0,0.0,0.009999999999999998,0.0,0.0,0.0,0.0,0.0,0.009999999999999998,0.0,0.0,0.0,0.0,0.019999999999999997,0.0,0.0,0.0,0.0,0.0,0.0,0.0,0.0,0.0,0.009999999999999998,0.019999999999999997,0.0,0.019999999999999997,0.009999999999999998,0.009999999999999998,0.019999999999999997,0.019999999999999997,0.0,0.0,0.0,0.009999999999999998,0.0,0.07,0.0,0,0,1.0,0.0,1,0.0,0,0.0,0.0,5.7115,medium,4.423,0,0,0,0,0,0,0,0,0,0,0,0,0,0,0,0,0,0,0,0,0
44,22,1,5d482ea921c9be351f7637e0,2020-04-22 20:05:10.348000+00:00,i agree they can speak french when they are not with her and she is hosting them,1.0,2,0.333333333,6,"i agree, they can speak french when they are not with her and she is hosting them.",14,17,80,1,0.22035194550667497,0.7738855814383847,0.0,0.010000000000000002,0.0,0.020000000000000004,0.0,0.020000000000000004,0.0,0.0,0.010000000000000002,0.0,0.020000000000000004,0.010000000000000002,0.0,0.0,0.0,0.0,0.0,0.0,0.0,0.0,0.010000000000000002,0.0,0.0,0.03,0.0,0.0,0.010000000000000002,0.0,0.0,0.0,0.06,0.0,0.0,0.0,0.0,0.0,0.0,0.010000000000000002,0.0,0.0,0.010000000000000002,0.03,0.0,0.0,0.010000000000000002,0.03,0.03,0.010000000000000002,0.0,0.010000000000000002,0.0,0.0,0.010000000000000002,0.13,0.0,0,0,0.9411764705882353,0.058823529411764705,1,0.0,0,0.0,0.0,0.8432,easy,16.2,0,0,0,0,0,0,0,0,0,0,0,1,0,0,0,0,0,0,0,0,0
44,22,1,5ea099d09dc0406f898830a9,2020-04-22 20:05:10.645000+00:00,but her sons husband doesnt speak english well and her son was trying to accomodate him,1.0,2,0.333333333,6,but her son's husband doesn't speak english well. and her son was trying to accomodate him,15,16,87,1,0.22035194550667497,0.7738855814383847,0.0,0.01,0.0,0.02,0.0,0.01,0.0,0.01,0.01,0.0,0.03,0.01,0.0,0.0,0.0,0.0,0.0,0.03,0.0,0.0,0.01,0.0,0.0,0.01,0.0,0.01,0.0,0.0,0.0,0.0,0.06999999999999999,0.0,0.0,0.0,0.0,0.0,0.0,0.0,0.0,0.0,0.01,0.02,0.0,0.0,0.03,0.02,0.02,0.01,0.0,0.01,0.0,0.01,0.0,0.06999999999999999,0.0,0,0,0.9375,0.0,3,0.0010214504596527069,0,0.0,0.0,5.416975,medium,0.297,0,0,0,0,0,0,0,0,0,0,0,0,0,0,0,0,1,1,0,0,0
45,22,2,5d482eaa21c9be351f763da6,2020-04-22 20:19:06.764000+00:00,hi again,1.0,1,0.166666667,6,hi again,1,2,8,1,-1.2488724541535483,-1.191789026317053,0.0,0.0,0.0,0.0,0.0,0.0,0.0,0.0,0.01,0.0,0.0,0.0,0.0,0.0,0.0,0.0,0.0,0.0,0.0,0.0,0.0,0.0,0.0,0.0,0.0,0.0,0.01,0.0,0.0,0.0,0.01,0.0,0.0,0.0,0.0,0.0,0.0,0.0,0.0,0.0,0.0,0.0,0.0,0.0,0.0,0.0,0.0,0.0,0.0,0.0,0.0,0.0,0.0,0.01,0.0,0,0,1.0,0.5,0,0.0,0,0.0,0.0,0.0992,easy,0.0,0,0,0,0,0,0,0,0,0,0,0,0,0,0,1,0,0,0,0,0,0
45,22,2,5d482eaa21c9be351f763cc6,2020-04-22 20:19:09.232000+00:00,hello,1.0,1,0.166666667,6,hello,2,1,5,1,-1.2488724541535483,-1.191789026317053,0.0,0.0,0.0,0.0,0.0,0.0,0.0,0.0,0.0,0.0,0.0,0.0,0.0,0.0,0.0,0.0,0.0,0.0,0.0,0.0,0.0,0.0,0.0,0.0,0.0,0.0,0.0,0.0,0.0,0.0,0.010000000000000002,0.0,0.0,0.0,0.0,0.0,0.0,0.0,0.0,0.0,0.0,0.0,0.0,0.0,0.0,0.0,0.0,0.0,0.0,0.0,0.0,0.0,0.0,0.0,0.0,0,0,1.0,0.0,0,0.0,0,0.0,0.0,0.0496,easy,2.468,0,0,0,0,0,0,0,0,0,0,0,0,0,0,1,0,0,0,0,0,0
45,22,2,5ea099d09dc0406f898830a9,2020-04-22 20:19:09.361000+00:00,hello there,1.0,1,0.166666667,6,hello there!,3,2,11,1,-1.1509241608428669,-1.044067277256746,0.0,0.0,0.0,0.0,0.0,0.0,0.0,0.0,0.01,0.0,0.0,0.0,0.0,0.0,0.0,0.0,0.0,0.0,0.0,0.0,0.0,0.0,0.0,0.0,0.0,0.0,0.0,0.0,0.0,0.0,0.01,0.0,0.0,0.0,0.0,0.0,0.0,0.0,0.0,0.0,0.0,0.0,0.0,0.0,0.0,0.0,0.0,0.0,0.0,0.0,0.0,0.0,0.0,0.01,0.0,0,0,1.0,0.0,0,0.0070921985815602835,0,0.0,0.0,0.0992,easy,0.129,0,0,0,0,0,0,0,0,0,0,0,0,0,0,1,0,0,0,0,0,0
45,22,2,5ea0998a9dc0406f8988308f,2020-04-22 20:19:11.968000+00:00,hello,1.0,1,0.166666667,6,hello,4,1,5,1,-1.2488724541535483,-1.191789026317053,0.0,0.0,0.0,0.0,0.0,0.0,0.0,0.0,0.0,0.0,0.0,0.0,0.0,0.0,0.0,0.0,0.0,0.0,0.0,0.0,0.0,0.0,0.0,0.0,0.0,0.0,0.0,0.0,0.0,0.0,0.010000000000000002,0.0,0.0,0.0,0.0,0.0,0.0,0.0,0.0,0.0,0.0,0.0,0.0,0.0,0.0,0.0,0.0,0.0,0.0,0.0,0.0,0.0,0.0,0.0,0.0,0,0,1.0,0.0,0,0.0070921985815602835,0,0.0,0.0,0.0496,easy,2.607,0,0,0,0,0,0,0,0,0,0,0,0,0,0,1,0,0,0,0,0,0
45,22,2,5d482ea921c9be351f7637e0,2020-04-22 20:19:14.729000+00:00,hello,1.0,1,0.166666667,6,hello,5,1,5,1,-1.2488724541535483,-1.191789026317053,0.0,0.0,0.0,0.0,0.0,0.0,0.0,0.0,0.0,0.0,0.0,0.0,0.0,0.0,0.0,0.0,0.0,0.0,0.0,0.0,0.0,0.0,0.0,0.0,0.0,0.0,0.0,0.0,0.0,0.0,0.010000000000000002,0.0,0.0,0.0,0.0,0.0,0.0,0.0,0.0,0.0,0.0,0.0,0.0,0.0,0.0,0.0,0.0,0.0,0.0,0.0,0.0,0.0,0.0,0.0,0.0,0,0,1.0,0.0,0,0.0070921985815602835,0,0.0,0.0,0.0496,easy,2.761,0,0,0,0,0,0,0,0,0,0,0,0,0,0,1,0,0,0,0,0,0
45,22,2,5d482eab21c9be351f763df6,2020-04-22 20:19:15.832000+00:00,yo,1.0,1,0.166666667,6,yo,6,1,2,1,-1.2488724541535483,-1.191789026317053,0.0,0.0,0.0,0.0,0.0,0.0,0.0,0.0,0.0,0.0,0.0,0.0,0.0,0.0,0.0,0.0,0.0,0.0,0.0,0.0,0.0,0.0,0.0,0.0,0.0,0.0,0.0,0.0,0.0,0.0,0.0,0.0,0.0,0.0,0.0,0.0,0.0,0.0,0.0,0.0,0.0,0.0,0.0,0.0,0.0,0.0,0.0,0.0,0.0,0.0,0.0,0.0,0.0,0.0,0.0,0,0,1.0,0.0,0,0.0,0,0.0,0.0,0.0496,easy,1.103,0,0,0,0,0,0,0,0,0,0,0,0,0,0,0,0,0,0,0,0,0
45,22,2,5ea099d09dc0406f898830a9,2020-04-22 20:19:16.345000+00:00,a very similar scenario,1.0,1,0.166666667,6,a very similar scenario,7,4,23,1,-0.9550275742215037,-0.748623779136132,0.0,0.0,0.0,0.0,0.0,0.0,0.0,0.0,0.01,0.0,0.0,0.0,0.0,0.0,0.0,0.0,0.0,0.0,0.0,0.0,0.0,0.0,0.0,0.0,0.0,0.0,0.0,0.0,0.0,0.0,0.0,0.0,0.0,0.0,0.0,0.0,0.0,0.0,0.0,0.0,0.0,0.0,0.0,0.01,0.0,0.0,0.0,0.0,0.0,0.0,0.0,0.01,0.0,0.02,0.0,0,0,1.0,0.0,0,0.0,0,0.52,0.0,0.1984,easy,0.513,0,0,0,0,0,0,0,0,0,0,0,0,0,0,0,0,0,0,0,0,0
45,22,2,5ea0998a9dc0406f8988308f,2020-04-22 20:19:23.013000+00:00,where does everyone stand so far,1.0,1,0.166666667,6,where does everyone stand so far?,8,6,32,1,-0.7591309876001406,-0.45318028101551805,0.0,0.0,0.0,0.01,0.0,0.0,0.0,0.0,0.02,0.0,0.0,0.0,0.0,0.0,0.0,0.0,0.0,0.0,0.0,0.0,0.0,0.0,0.0,0.01,0.0,0.0,0.03,0.0,0.0,0.0,0.01,0.01,0.0,0.0,0.0,0.0,0.0,0.0,0.0,0.0,0.0,0.01,0.0,0.0,0.01,0.01,0.0,0.0,0.0,0.0,0.0,0.0,0.0,0.03,0.0,1,0,1.0,0.0,0,0.0,0,1.0,0.1,0.2976,easy,6.668,0,0,0,0,0,0,0,0,0,0,0,0,0,0,0,0,0,0,0,0,0
45,22,2,5ea099d09dc0406f898830a9,2020-04-22 20:19:34.233000+00:00,i want to say not but i have a mixed feeling,1.0,1,0.166666667,6,"i want to say ""not"" but i have a mixed feeling",9,11,44,1,-0.4652861076680959,-0.010015033834597058,0.01,0.01,0.0,0.01,0.0,0.0,0.0,0.0,0.0,0.0,0.0,0.01,0.0,0.0,0.0,0.0,0.0,0.0,0.0,0.0,0.0,0.01,0.0,0.02,0.0,0.0,0.0,0.0,0.0,0.0,0.01,0.0,0.0,0.0,0.0,0.0,0.0,0.02,0.01,0.0,0.02,0.02,0.0,0.01,0.01,0.01,0.04,0.01,0.0,0.02,0.0,0.01,0.02,0.06999999999999999,0.0,0,0,0.9090909090909091,0.18181818181818182,0,0.0,0,0.25,0.0,0.5456,easy,11.22,0,0,0,0,0,0,0,0,0,0,1,1,0,0,0,0,1,0,0,0,0
45,22,2,5d482eaa21c9be351f763da6,2020-04-22 20:19:43.994000+00:00,yeah i dont know why the son has to choose one or the other it seems like he could be understanding of both positions easily,1.0,1,0.166666667,6,yeah. i don't know why the son has to choose one or the other. it seems like he could be understanding of both positions easily.,10,25,124,1,1.0039382919921274,2.2058112020700076,0.01,0.0,0.0,0.01,0.0,0.01,0.0,0.0,0.0,0.0,0.01,0.01,0.0,0.0,0.0,0.0,0.0,0.01,0.0,0.01,0.02,0.04,0.0,0.04,0.0,0.0,0.02,0.0,0.0,0.0,0.02,0.02,0.0,0.0,0.0,0.01,0.0,0.01,0.0,0.02,0.01,0.06,0.0,0.02,0.0,0.04,0.08,0.02,0.0,0.0,0.0,0.01,0.01,0.13,0.0,0,0,0.96,0.04,1,0.00015518311607697082,0,0.6041666666666667,0.15416666666666667,6.1396999999999995,difficult,9.761,0,0,1,0,1,0,0,0,0,0,1,0,0,0,0,0,0,1,0,0,0
45,22,2,5ea0998a9dc0406f8988308f,2020-04-22 20:19:48.189000+00:00,i say he is but only because hes in his moms house again,1.0,1,0.166666667,6,i say he is but only because he's in his mom's house again,11,13,56,1,-0.17144122773605125,0.4331502133463239,0.0,0.01,0.01,0.02,0.0,0.0,0.0,0.0,0.02,0.0,0.030000000000000002,0.0,0.0,0.0,0.0,0.0,0.0,0.01,0.0,0.0,0.0,0.0,0.0,0.02,0.0,0.0,0.02,0.0,0.0,0.0,0.05,0.0,0.0,0.0,0.0,0.01,0.0,0.01,0.0,0.0,0.01,0.02,0.0,0.0,0.02,0.02,0.02,0.01,0.0,0.01,0.0,0.0,0.01,0.09000000000000001,0.0,0,0,1.0,0.07692307692307693,1,0.00015518311607697082,0,1.0,0.0,0.6447999999999999,easy,4.195,0,0,0,0,0,0,0,0,0,0,0,1,0,0,0,0,1,0,0,0,0
45,22,2,5ea099d09dc0406f898830a9,2020-04-22 20:19:48.681000+00:00,the guy made a very tough decision,1.0,1,0.166666667,6,the guy made a very tough decision,12,7,34,1,-0.6611826942894591,-0.30545853195521105,0.0,0.0,0.0,0.0,0.0,0.0,0.0,0.0,0.01,0.0,0.0,0.0,0.0,0.0,0.0,0.0,0.0,0.0,0.0,0.0,0.0,0.01,0.01,0.0,0.0,0.01,0.0,0.0,0.0,0.0,0.01,0.0,0.0,0.0,0.0,0.01,0.0,0.0,0.0,0.0,0.0,0.01,0.0,0.02,0.0,0.0,0.02,0.0,0.0,0.0,0.0,0.02,0.0,0.030000000000000006,0.0,0,0,1.0,0.0,0,0.0,0,1.0,-0.5055555555555555,0.3472,easy,0.492,0,0,0,0,0,0,0,0,0,0,0,0,0,0,0,0,0,1,0,0,0
45,22,2,5d482eaa21c9be351f763cc6,2020-04-22 20:20:00.729000+00:00,i feel bad for his mom  she was missing him and she has a right to be a bit frustrated that her son isnt communicating,1.0,1,0.166666667,6,"i feel bad for his mom.  she was missing him, and she has a right to be a bit frustrated that her son isn't communicating",13,25,118,1,1.0039382919921274,2.2058112020700076,0.0,0.0,0.0,0.01,0.0,0.01,0.0,0.0,0.0,0.0,0.049999999999999996,0.01,0.0,0.0,0.0,0.0,0.0,0.02,0.0,0.01,0.0,0.01,0.0,0.03,0.0,0.01,0.01,0.0,0.0,0.01,0.08,0.01,0.0,0.0,0.0,0.0,0.01,0.01,0.01,0.0,0.0,0.049999999999999996,0.0,0.02,0.01,0.04,0.02,0.02,0.0,0.01,0.0,0.03,0.01,0.15,0.0,0,0,0.92,0.04,2,0.0,0,0.3630952380952381,-0.3285714285714285,1.8716,easy,12.048,0,0,1,0,1,0,0,0,0,0,0,1,0,0,0,0,0,1,1,0,0
45,22,2,5ea0998a9dc0406f8988308f,2020-04-22 20:20:04.010000+00:00,but in marriage your loyalty is supposed to be to your partner,1.0,1,0.166666667,6,but in marriage your loyalty is supposed to be to your partner,14,12,62,1,-0.17144122773605125,0.4331502133463239,0.0,0.0,0.0,0.01,0.0,0.0,0.0,0.0,0.0,0.0,0.0,0.0,0.0,0.0,0.0,0.0,0.0,0.0,0.0,0.0,0.01,0.0,0.01,0.01,0.0,0.01,0.01,0.0,0.0,0.0,0.04,0.0,0.0,0.0,0.0,0.0,0.0,0.0,0.0,0.01,0.01,0.03,0.01,0.0,0.01,0.02,0.02,0.03,0.0,0.0,0.02,0.01,0.0,0.08,0.0,0,0,0.8333333333333334,0.0,3,0.0,0,0.0,0.0,0.5952,easy,3.281,0,0,1,0,0,0,0,0,0,0,0,0,1,0,0,0,1,1,0,0,0
45,22,2,5ea098d69dc0406f89883084,2020-04-22 20:20:09.026000+00:00,i say he is an asshole because he didnt really make much effort to speak english,1.0,1,0.166666667,6,i say he is an asshole because he didn't really make much effort to speak english,15,16,80,1,0.1224036521959934,0.8763154605272448,0.0,0.020000000000000004,0.0,0.010000000000000002,0.0,0.0,0.0,0.010000000000000002,0.010000000000000002,0.0,0.020000000000000004,0.010000000000000002,0.010000000000000002,0.0,0.0,0.0,0.0,0.0,0.0,0.010000000000000002,0.0,0.0,0.0,0.020000000000000004,0.0,0.010000000000000002,0.0,0.0,0.0,0.0,0.04000000000000001,0.0,0.0,0.0,0.0,0.020000000000000004,0.010000000000000002,0.010000000000000002,0.0,0.0,0.010000000000000002,0.03,0.0,0.010000000000000002,0.020000000000000004,0.020000000000000004,0.03,0.010000000000000002,0.0,0.020000000000000004,0.0,0.0,0.010000000000000002,0.06999999999999999,0.0,0,0,0.9375,0.0625,2,0.0,0,0.13333333333333333,0.13333333333333333,0.7936,easy,5.016,0,0,0,0,0,1,0,0,0,0,0,1,0,0,0,0,0,0,0,0,0
46,23,0,5d482ea721c9be351f762e70,2020-04-22 20:07:53.737000+00:00,she was in a tough position of making her husband comfortable while also including her mother she had to balance the two,1.0,2,0.333333333,6,she was in a tough position of making her husband comfortable while also including her mother. she had to balance the two.,1,22,120,1,0.8080417053707643,0.09012398276649004,0.0,0.0,0.0,0.02,0.0,0.01,0.0,0.0,0.01,0.0,0.04,0.0,0.0,0.0,0.0,0.0,0.0,0.02,0.0,0.0,0.01,0.0,0.0,0.0,0.0,0.02,0.03,0.0,0.0,0.0,0.06,0.0,0.0,0.0,0.0,0.01,0.0,0.0,0.0,0.0,0.0,0.02,0.0,0.02,0.0,0.02,0.02,0.03,0.0,0.0,0.0,0.03,0.0,0.12,0.0,0,0,0.9090909090909091,0.0,0,0.0,0,0.8166666666666667,0.005555555555555564,1.808927272727273,easy,0.0,0,0,0,0,0,0,0,0,0,0,0,0,0,0,0,0,0,1,0,0,0
46,23,0,5d482ea821c9be351f763382,2020-04-22 20:08:45.679000+00:00,i think the woman is being disrespectful toward her mother the mother is kind enough to let them visit yet she feels left out the husband should not feel shy speaking english around his family and this would be a good place to practice,1.0,2,0.333333333,6,"i think the woman is being disrespectful toward her mother. the mother is kind enough to let them visit, yet she feels left out. the husband should not feel shy speaking english around his family, and this would be a good place to practice",2,44,235,1,2.864955864895077,2.3882855433119845,0.02,0.01,0.01,0.01,0.0,0.03,0.0,0.01,0.02,0.01,0.03,0.01,0.0,0.0,0.0,0.0,0.0,0.04,0.01,0.01,0.02,0.03,0.01,0.05,0.02,0.0,0.07,0.0,0.0,0.0,0.11,0.01,0.0,0.01,0.0,0.0,0.0,0.01,0.02,0.0,0.01,0.1,0.0,0.04,0.01,0.07,0.09,0.05,0.0,0.03,0.0,0.03,0.01,0.2,0.0,0,0,0.8863636363636364,0.022727272727272728,8,0.0024270373819408634,0,0.4166666666666667,0.13333333333333333,2.1824,easy,51.942,0,0,1,0,1,0,0,0,0,0,0,1,0,0,0,0,0,1,1,0,0
46,23,0,5d482ea821c9be351f76325f,2020-04-22 20:08:45.866000+00:00,hi i agree but they should have made an effort to include her and they were in an english speaking country,1.0,2,0.333333333,6,"hi! i agree, but they should have made an effort to include her and they were in an english speaking country",3,21,106,1,0.5141968254387196,-0.23818481159715202,0.01,0.01,0.0,0.02,0.0,0.02,0.0,0.01,0.0,0.0,0.01,0.0,0.0,0.0,0.0,0.0,0.0,0.0,0.0,0.0,0.01,0.0,0.0,0.01,0.01,0.02,0.02,0.0,0.0,0.0,0.05,0.0,0.0,0.0,0.0,0.01,0.0,0.01,0.0,0.0,0.01,0.04,0.0,0.02,0.02,0.030000000000000002,0.05,0.02,0.0,0.01,0.0,0.0,0.01,0.13,0.0,0,0,0.9047619047619048,0.09523809523809523,4,0.003518578808492996,0,0.0,0.0,1.0415999999999999,easy,0.187,0,0,1,0,0,0,0,0,0,0,1,0,0,0,1,0,1,0,0,0,0
46,23,0,5d482ea921c9be351f763576,2020-04-22 20:08:46.689000+00:00,i think that since his husband is a guest in a foreign country everyone should be a little more accommodating,1.0,2,0.333333333,6,"i think that since his husband is a guest in a foreign country, everyone should be a little more accommodating.",4,20,109,1,0.5141968254387196,-0.23818481159715202,0.010000000000000002,0.0,0.0,0.0,0.0,0.0,0.0,0.0,0.0,0.0,0.010000000000000002,0.0,0.0,0.0,0.0,0.0,0.0,0.010000000000000002,0.0,0.010000000000000002,0.0,0.010000000000000002,0.0,0.020000000000000004,0.010000000000000002,0.0,0.030000000000000002,0.0,0.0,0.0,0.04000000000000001,0.020000000000000004,0.0,0.0,0.0,0.010000000000000002,0.0,0.010000000000000002,0.0,0.0,0.0,0.04000000000000001,0.010000000000000002,0.030000000000000002,0.0,0.030000000000000002,0.030000000000000002,0.020000000000000004,0.0,0.0,0.0,0.030000000000000002,0.010000000000000002,0.11000000000000001,0.010000000000000002,0,0,0.9,0.05,2,0.008850835289990014,1,0.375,0.0625,1.7815,easy,0.823,0,0,1,0,1,0,0,0,0,0,0,1,0,0,0,0,0,0,0,0,0
46,23,0,5d482eab21c9be351f763ea6,2020-04-22 20:08:52.180000+00:00,considering his mother was willing to host them i think it is fair that they spoke english in front of her and german when they were alone together ,1.0,2,0.333333333,6,"considering his mother was willing to host them, i think it is fair that they spoke english in front of her and german when they were alone together. ",5,28,148,1,1.2977831719241721,0.6373053067058935,0.0,0.01,0.0,0.02,0.0,0.01,0.0,0.0,0.01,0.0,0.02,0.0,0.0,0.0,0.0,0.0,0.0,0.01,0.0,0.0,0.0,0.02,0.0,0.02,0.0,0.030000000000000002,0.04,0.0,0.0,0.01,0.08,0.02,0.0,0.0,0.0,0.0,0.0,0.01,0.0,0.0,0.0,0.05,0.0,0.0,0.01,0.030000000000000002,0.030000000000000002,0.030000000000000002,0.0,0.01,0.0,0.02,0.01,0.16,0.0,0,0,0.9642857142857143,0.03571428571428571,4,0.0005036151718260998,0,0.4125,0.2375,1.9527285714285716,easy,5.491,0,0,1,0,1,0,0,0,0,0,1,0,0,0,0,0,0,1,0,0,0
46,23,0,5d482ea721c9be351f762e70,2020-04-22 20:08:52.998000+00:00,she seemed to have spoken to both she may have spoken in german a bit more but her husband is new in her life and is likely uncomfortable in that situation,1.0,2,0.333333333,6,"she seemed to have spoken to both, she may have spoken in german a bit more, but her husband is new in her life and is likely uncomfortable in that situation.",6,31,155,1,1.6895763451668984,1.0750503658574162,0.0,0.02,0.0,0.02,0.0,0.02,0.01,0.0,0.0,0.01,0.04,0.0,0.0,0.0,0.01,0.0,0.0,0.01,0.0,0.030000000000000002,0.0,0.01,0.0,0.04,0.01,0.030000000000000002,0.05,0.0,0.0,0.0,0.06999999999999999,0.01,0.0,0.0,0.0,0.0,0.0,0.0,0.0,0.030000000000000002,0.01,0.08,0.0,0.01,0.02,0.05,0.060000000000000005,0.05,0.0,0.02,0.0,0.01,0.0,0.19,0.0,0,0,0.7419354838709677,0.0,11,0.0029411764705882353,0,0.5909090909090909,0.02727272727272727,2.046954838709677,easy,0.818,0,0,1,0,0,0,0,0,0,0,0,0,0,0,0,0,0,0,1,0,0
46,23,0,5d482ea821c9be351f7633d5,2020-04-22 20:09:08.866000+00:00,i dont think the onus is on her to accomodate her mother she must please with person with whom she is sleeping her mother and she can have separate time to themselves,1.0,2,0.333333333,6,"i don't think the onus is on her to accomodate her mother, she must please with person with whom she is sleeping, her mother and she can have separate time to themselves.",7,32,166,1,1.6895763451668984,1.0750503658574162,0.01,0.0,0.0,0.01,0.01,0.03,0.01,0.0,0.0,0.0,0.06,0.01,0.0,0.0,0.0,0.0,0.01,0.02,0.0,0.0,0.01,0.01,0.01,0.06,0.01,0.0,0.03,0.0,0.0,0.0,0.11,0.01,0.0,0.0,0.0,0.0,0.0,0.01,0.0,0.0,0.0,0.06999999999999999,0.0,0.01,0.01,0.06,0.049999999999999996,0.049999999999999996,0.0,0.0,0.0,0.0,0.01,0.19999999999999998,0.0,0,0,0.75,0.03125,12,0.0,0,0.0,0.0,2.0806375,easy,15.868,1,0,1,0,1,0,0,0,0,0,0,1,0,0,0,0,0,0,0,0,0
46,23,0,5d482ea821c9be351f76315c,2020-04-22 20:09:16.604000+00:00,her mom was nice enough to have them over as guests for the weekend  i think she was a bit selfish since her mom could not speak german,1.0,2,0.333333333,6,her mom was nice enough to have them over as guests for the weekend.  i think she was a bit selfish since her mom could not speak german,8,28,135,1,1.2977831719241721,0.6373053067058935,0.01,0.01,0.0,0.01,0.0,0.0,0.0,0.0,0.0,0.0,0.030000000000000002,0.01,0.0,0.0,0.0,0.0,0.0,0.02,0.01,0.02,0.01,0.01,0.0,0.02,0.0,0.02,0.02,0.0,0.0,0.0,0.08,0.0,0.0,0.0,0.0,0.01,0.0,0.01,0.0,0.0,0.01,0.05,0.01,0.02,0.0,0.04,0.04,0.05,0.0,0.01,0.0,0.030000000000000002,0.01,0.15,0.0,0,0,0.8928571428571429,0.03571428571428571,6,0.0005036151718260998,0,0.625,0.024999999999999994,1.3888,easy,7.738,0,0,1,0,1,0,0,0,0,0,0,1,0,0,0,0,0,1,1,0,0
46,23,0,5d482ea821c9be351f7633d5,2020-04-22 20:09:22.601000+00:00,the person,1.0,2,0.333333333,6,the person*,9,2,10,1,-1.1509241608428669,-2.0986013129911236,0.0,0.0,0.0,0.0,0.0,0.0,0.0,0.0,0.0,0.0,0.0,0.0,0.0,0.0,0.0,0.0,0.0,0.0,0.0,0.0,0.0,0.0,0.010000000000000002,0.0,0.0,0.0,0.0,0.0,0.0,0.0,0.010000000000000002,0.0,0.0,0.0,0.0,0.0,0.0,0.0,0.0,0.0,0.0,0.0,0.0,0.010000000000000002,0.0,0.0,0.0,0.0,0.0,0.0,0.0,0.0,0.0,0.010000000000000002,0.0,0,0,1.0,0.0,1,0.0,0,0.0,0.0,0.0992,easy,5.997,0,0,0,0,0,0,0,0,0,0,0,0,0,0,0,0,0,0,0,0,0
47,23,3,5d482ea821c9be351f763382,2020-04-22 20:52:31.933000+00:00,i dont think it is too much to ask that the son and partner speak in a language that all can understand the son and his partner are the guests and if they are visiting for a week it is possible that the parent wants to catch up,1.0,3,0.428571429,7,"i don‚äôt think it is too much to ask that the son and partner speak in a language that all can understand. the son and his partner are the guests and if they are visiting for a week, it is possible that the parent wants to catch up.",1,48,227,1,3.2567490381378037,2.972213759748254,0.02,0.01,0.0,0.04,0.01,0.030000000000000002,0.0,0.0,0.01,0.0,0.01,0.01,0.0,0.0,0.0,0.0,0.0,0.030000000000000002,0.0,0.01,0.0,0.02,0.02,0.1,0.0,0.0,0.05,0.0,0.0,0.0,0.12000000000000001,0.05,0.0,0.0,0.0,0.0,0.0,0.01,0.0,0.02,0.01,0.1,0.030000000000000002,0.060000000000000005,0.030000000000000002,0.060000000000000005,0.09000000000000001,0.05,0.0,0.01,0.0,0.02,0.01,0.3,0.0,0,0,0.7083333333333334,0.020833333333333332,0,0.0,0,0.43333333333333335,0.13333333333333333,2.3808,easy,0.0,0,0,1,0,1,0,0,0,0,0,0,1,0,0,0,0,0,0,0,0,0
47,23,3,5d482eab21c9be351f763ea6,2020-04-22 20:52:34.960000+00:00,they should speak english since she is hosting them,1.0,3,0.428571429,7,they should speak english since she is hosting them.,2,9,51,1,-0.4652861076680959,-0.6104705501782695,0.01,0.01,0.0,0.0,0.0,0.0,0.0,0.0,0.0,0.0,0.01,0.0,0.0,0.0,0.0,0.0,0.0,0.0,0.0,0.0,0.0,0.0,0.0,0.01,0.01,0.0,0.0,0.0,0.0,0.0,0.04,0.0,0.0,0.0,0.0,0.01,0.0,0.0,0.0,0.0,0.0,0.02,0.0,0.0,0.0,0.02,0.02,0.01,0.0,0.01,0.0,0.0,0.0,0.05,0.0,0,0,1.0,0.0,2,0.0010214504596527069,0,0.0,0.0,0.44639999999999996,easy,3.027,0,0,1,0,0,0,0,0,0,0,0,0,0,0,0,0,0,0,0,0,0
47,23,3,5d482ea821c9be351f763382,2020-04-22 20:52:44.126000+00:00,the son and partner can talk to each other in any language they want but if it is a group conversation then they should use a common language that everyone understands ,1.0,3,0.428571429,7,"the son and partner can talk to each other in any language they want, but if it is a group conversation then they should use a common language that everyone understands. ",3,31,168,1,1.6895763451668984,1.4637151029370863,0.03,0.0,0.0,0.039999999999999994,0.0,0.019999999999999997,0.0,0.0,0.0,0.0,0.0,0.0,0.0,0.0,0.0,0.0,0.0,0.009999999999999998,0.0,0.009999999999999998,0.0,0.009999999999999998,0.009999999999999998,0.049999999999999996,0.009999999999999998,0.0,0.03,0.0,0.0,0.0,0.09999999999999999,0.039999999999999994,0.0,0.0,0.0,0.009999999999999998,0.0,0.0,0.0,0.019999999999999997,0.019999999999999997,0.06,0.009999999999999998,0.03,0.019999999999999997,0.03,0.09,0.019999999999999997,0.0,0.0,0.0,0.019999999999999997,0.0,0.19,0.0,0,0,0.9032258064516129,0.0,4,0.0,0,0.4375,-0.2125,2.046954838709677,easy,9.166,0,0,1,0,0,0,0,0,0,0,0,0,0,0,0,0,0,0,0,0,0
47,23,3,5d482ea721c9be351f762e70,2020-04-22 20:52:52.141000+00:00,his husband understands english so he is not unable to speak in english i can see it being seen as rude to speak in a language that the mother does not understand,1.0,3,0.428571429,7,"his husband understands english, so he is not unable to speak in english. i can see it being seen as rude to speak in a language that the mother does not understand.",4,32,162,1,1.6895763451668984,1.4637151029370863,0.0,0.02,0.0,0.02,0.0,0.0,0.0,0.01,0.01,0.0,0.02,0.02,0.0,0.0,0.0,0.02,0.0,0.02,0.01,0.0,0.0,0.02,0.0,0.06,0.0,0.01,0.02,0.0,0.0,0.0,0.07,0.02,0.0,0.0,0.0,0.0,0.01,0.01,0.0,0.0,0.02,0.08,0.0,0.02,0.01,0.04,0.04,0.05,0.0,0.04,0.0,0.01,0.01,0.19,0.0,0,0,0.84375,0.03125,10,0.03693231251087524,0,0.275,-0.012499999999999997,1.5872,easy,8.015,0,0,0,0,0,0,0,0,0,0,1,0,0,0,0,0,0,0,1,0,0
47,23,3,5d482eab21c9be351f763ea6,2020-04-22 20:53:05.516000+00:00,yes they should speak english if the mother is around and part of the conversation,1.0,3,0.428571429,7,"yes, they should speak english if the mother is around and part of the conversation.",5,15,82,1,0.1224036521959934,-0.04478355387408151,0.02,0.01,0.0,0.02,0.0,0.02,0.0,0.0,0.01,0.0,0.0,0.0,0.0,0.0,0.0,0.0,0.0,0.01,0.0,0.01,0.0,0.0,0.0,0.01,0.01,0.0,0.01,0.0,0.0,0.0,0.04,0.0,0.0,0.0,0.0,0.0,0.0,0.0,0.0,0.01,0.01,0.02,0.0,0.02,0.02,0.02,0.04,0.02,0.0,0.01,0.0,0.0,0.0,0.08,0.0,0,0,0.9333333333333333,0.0,3,0.0024872110768635633,0,0.0,0.0,5.433166666666667,medium,13.375,0,0,1,0,0,0,0,0,0,0,0,0,0,0,0,0,0,0,0,0,0
47,23,3,5d482ea721c9be351f762e70,2020-04-22 20:53:14.499000+00:00,since he speaks both it is almost as if he is trying to avoid her hearing what they are saying,1.0,3,0.428571429,7,"since he speaks both, it is almost as if he is trying to avoid her hearing what they are saying.",6,20,94,1,0.6121451187494011,0.4266222763794084,0.009999999999999998,0.029999999999999995,0.0,0.019999999999999997,0.0,0.009999999999999998,0.0,0.009999999999999998,0.0,0.009999999999999998,0.029999999999999995,0.0,0.0,0.0,0.0,0.0,0.0,0.0,0.0,0.009999999999999998,0.0,0.0,0.0,0.029999999999999995,0.0,0.0,0.009999999999999998,0.0,0.0,0.0,0.06999999999999999,0.019999999999999997,0.0,0.0,0.0,0.009999999999999998,0.0,0.0,0.0,0.019999999999999997,0.009999999999999998,0.029999999999999995,0.0,0.0,0.0,0.029999999999999995,0.049999999999999996,0.029999999999999995,0.0,0.029999999999999995,0.0,0.0,0.0,0.13,0.0,0,0,0.9,0.0,4,0.0,0,0.0,0.0,0.992,easy,8.983,0,0,1,0,0,0,0,0,0,0,0,0,0,0,0,0,0,0,0,0,0
47,23,3,5d482ea821c9be351f763117,2020-04-22 20:53:14.959000+00:00,i think its fair that the mother requested they speak in english but i dont think right for her to be rude and disrespectful perhaps they didnt know they were doing it,1.0,3,0.428571429,7,"i think its fair that the mother requested they speak in english, but i dont think right for her to be rude and disrespectful, perhaps they didn't know they were doing it",7,32,167,1,1.5916280518562167,1.3694339368863884,0.0,0.01,0.0,0.02,0.0,0.01,0.0,0.0,0.01,0.0,0.01,0.02,0.0,0.0,0.0,0.0,0.0,0.01,0.01,0.0,0.0,0.03,0.0,0.04,0.0,0.02,0.02,0.0,0.0,0.0,0.06999999999999999,0.03,0.0,0.0,0.0,0.0,0.01,0.02,0.0,0.01,0.01,0.08,0.0,0.01,0.02,0.049999999999999996,0.06,0.03,0.0,0.01,0.0,0.02,0.02,0.18,0.0,0,0,0.875,0.0625,6,0.0,0,0.5089285714285714,0.17142857142857143,1.5872,easy,0.46,0,0,1,0,1,0,0,0,0,0,1,1,0,0,0,0,1,1,1,0,0
47,23,3,5d482ea821c9be351f76325f,2020-04-22 20:53:28.348000+00:00,i think the mother was correct in thinking that was disrespectful they could have included her,1.0,3,0.428571429,7,i think the mother was correct in thinking that was disrespectful. they could have included her.,8,16,94,1,0.1224036521959934,-0.04478355387408151,0.009999999999999998,0.0,0.0,0.0,0.009999999999999998,0.009999999999999998,0.0,0.0,0.0,0.0,0.009999999999999998,0.0,0.0,0.0,0.0,0.0,0.0,0.009999999999999998,0.0,0.0,0.0,0.019999999999999997,0.0,0.019999999999999997,0.0,0.019999999999999997,0.009999999999999998,0.0,0.0,0.0,0.029999999999999995,0.009999999999999998,0.0,0.0,0.0,0.0,0.0,0.009999999999999998,0.0,0.0,0.0,0.049999999999999996,0.0,0.009999999999999998,0.0,0.039999999999999994,0.049999999999999996,0.009999999999999998,0.0,0.0,0.0,0.009999999999999998,0.009999999999999998,0.09,0.0,0,0,0.9375,0.0625,5,0.006788015452569331,0,0.0,0.0,0.7936,easy,13.389,0,0,1,0,1,0,0,0,0,0,0,1,0,0,0,0,0,1,1,0,0
47,23,3,5d482ea821c9be351f763382,2020-04-22 20:53:35.550000+00:00,however maybe the parent didnt ask as respectfully as heshe said and that is actually what offended them even so leaving the room is also disrespectful,1.0,3,0.428571429,7,"however, maybe the parent didn‚äôt ask as respectfully as he/she said and that is actually what offended them. even so, leaving the room is also disrespectful.",9,26,151,1,1.1998348786134905,0.9923092726835964,0.0,0.01,0.01,0.060000000000000005,0.0,0.01,0.0,0.0,0.060000000000000005,0.0,0.0,0.01,0.0,0.0,0.0,0.0,0.0,0.01,0.0,0.0,0.0,0.0,0.0,0.030000000000000002,0.0,0.02,0.02,0.0,0.0,0.0,0.04,0.02,0.0,0.0,0.0,0.0,0.01,0.0,0.0,0.01,0.0,0.05,0.0,0.02,0.030000000000000002,0.030000000000000002,0.02,0.02,0.0,0.01,0.0,0.01,0.0,0.11,0.01,0,0,0.8846153846153846,0.0,3,0.005434782608695652,1,0.39999999999999997,0.25,1.2895999999999999,easy,7.202,0,0,1,0,0,1,0,0,0,0,0,0,0,0,0,0,0,1,1,0,0
47,23,3,5d482ea821c9be351f76315c,2020-04-22 20:53:47.680000+00:00,i think a discussion should been made between the mom and her son before the visit  i feel it was rude and disrespectful to disregard the mom in their conversations,1.0,3,0.428571429,7,i think a discussion should been made between the mom and her son before the visit.  i feel it was rude and disrespectful to disregard the mom in their conversations,10,30,164,1,1.3957314652348536,1.1808716047849923,0.01,0.0,0.0,0.02,0.0,0.02,0.0,0.0,0.0,0.0,0.01,0.0,0.0,0.0,0.0,0.0,0.0,0.029999999999999995,0.01,0.0,0.0,0.02,0.0,0.02,0.01,0.029999999999999995,0.029999999999999995,0.0,0.01,0.0,0.08,0.01,0.0,0.0,0.0,0.01,0.01,0.02,0.01,0.0,0.0,0.05999999999999999,0.0,0.04,0.02,0.029999999999999995,0.07,0.04,0.0,0.01,0.0,0.01,0.02,0.18,0.0,0,0,0.8333333333333334,0.06666666666666667,5,0.005434782608695652,0,0.6,-0.3,2.0143333333333335,easy,12.13,0,0,1,0,1,0,0,0,0,0,1,1,0,0,0,0,0,0,1,0,0
48,24,0,5d482ea721c9be351f762f36,2020-04-22 20:11:04.326000+00:00,my  initial impression is that they are not the asshole,1.0,4,0.571428571,7,my  initial impression is that they are not the asshole,1,10,55,1,-0.36733781435741436,-0.3678948424600704,0.0,0.0,0.0,0.0,0.0,0.0,0.0,0.0,0.0,0.0,0.0,0.01,0.01,0.0,0.0,0.0,0.0,0.0,0.0,0.0,0.01,0.0,0.0,0.02,0.0,0.0,0.01,0.0,0.0,0.0,0.01,0.01,0.0,0.0,0.0,0.0,0.01,0.01,0.0,0.0,0.01,0.02,0.0,0.01,0.0,0.02,0.01,0.0,0.0,0.0,0.0,0.0,0.01,0.06999999999999999,0.0,0,0,1.0,0.0,0,0.0,0,0.0,0.0,0.496,easy,0.0,0,0,0,0,0,0,0,0,0,0,0,1,0,0,0,0,0,0,0,0,0
48,24,0,5d482ea721c9be351f763052,2020-04-22 20:11:12.625000+00:00,i agree,1.0,4,0.571428571,7,i agree,2,2,7,1,-1.2488724541535483,-1.3445365465447179,0.0,0.0,0.0,0.0,0.0,0.0,0.0,0.0,0.0,0.0,0.0,0.0,0.0,0.0,0.0,0.0,0.0,0.0,0.0,0.0,0.01,0.0,0.0,0.0,0.0,0.0,0.0,0.0,0.0,0.0,0.0,0.0,0.0,0.0,0.0,0.0,0.0,0.01,0.0,0.0,0.0,0.0,0.0,0.0,0.0,0.0,0.0,0.0,0.0,0.0,0.0,0.0,0.01,0.01,0.0,0,0,1.0,0.5,0,0.0,0,0.0,0.0,0.0992,easy,8.299,0,0,0,0,0,0,0,0,0,0,0,1,0,0,0,0,0,0,0,0,0
48,24,0,5d482ea821c9be351f763495,2020-04-22 20:11:25.044000+00:00,i agree with that as well,1.0,4,0.571428571,7,i agree with that as well.,3,6,25,1,-0.8570792809108222,-0.9104735669515412,0.0,0.0,0.0,0.01,0.0,0.01,0.0,0.0,0.01,0.0,0.0,0.0,0.0,0.0,0.0,0.0,0.0,0.0,0.0,0.0,0.02,0.0,0.0,0.0,0.0,0.0,0.0,0.0,0.0,0.0,0.0,0.01,0.0,0.0,0.0,0.0,0.0,0.01,0.0,0.0,0.0,0.0,0.0,0.0,0.01,0.0,0.01,0.02,0.0,0.0,0.0,0.01,0.01,0.04,0.0,0,0,1.0,0.16666666666666666,0,0.0009603360951429933,0,0.0,0.0,0.2976,easy,12.419,0,0,0,0,0,0,0,0,0,0,0,1,0,0,0,0,0,1,0,0,0
48,24,0,5d482ea821c9be351f76349b,2020-04-22 20:11:34.823000+00:00,i disagree,1.0,4,0.571428571,7,i disagree,4,2,10,1,-1.2488724541535483,-1.3445365465447179,0.0,0.0,0.0,0.0,0.0,0.0,0.0,0.0,0.0,0.0,0.0,0.0,0.0,0.0,0.0,0.0,0.0,0.0,0.010000000000000002,0.0,0.0,0.0,0.0,0.0,0.0,0.0,0.0,0.0,0.0,0.0,0.0,0.0,0.0,0.0,0.0,0.0,0.0,0.010000000000000002,0.0,0.0,0.0,0.0,0.0,0.0,0.0,0.0,0.0,0.0,0.0,0.0,0.0,0.0,0.010000000000000002,0.010000000000000002,0.0,0,0,1.0,0.5,0,0.00015518311607697082,0,0.0,0.0,0.0992,easy,9.779,0,0,0,0,0,0,0,0,0,0,0,1,0,0,0,0,0,0,1,0,0
48,24,0,5d482ea821c9be351f7631c5,2020-04-22 20:11:38.026000+00:00,i also agree,1.0,4,0.571428571,7,i also agree.,5,3,12,1,-1.1509241608428669,-1.2360208016464236,0.0,0.0,0.0,0.009999999999999998,0.0,0.0,0.0,0.0,0.009999999999999998,0.0,0.0,0.0,0.0,0.0,0.0,0.0,0.0,0.0,0.0,0.0,0.009999999999999998,0.0,0.0,0.0,0.0,0.0,0.0,0.0,0.0,0.0,0.0,0.0,0.0,0.0,0.0,0.0,0.0,0.009999999999999998,0.0,0.0,0.0,0.0,0.0,0.0,0.0,0.0,0.0,0.0,0.0,0.0,0.0,0.0,0.009999999999999998,0.009999999999999998,0.0,0,0,1.0,0.3333333333333333,0,0.00015518311607697082,0,0.0,0.0,0.1488,easy,3.203,0,0,0,0,0,0,0,0,0,0,0,1,0,0,0,0,0,0,0,0,0
48,24,0,5d482ea821c9be351f76354e,2020-04-22 20:11:39.966000+00:00,this person is definitely the a in aita this is a false binary they can easily speak german when alone with their spouse and do some quick translation during family times,1.0,4,0.571428571,7,"this person is definitely the ""a"" in aita. this is a false binary, they can easily speak german when alone with their spouse, and do some quick translation during family times.",6,31,170,1,1.6895763451668984,1.9109358004041066,0.0,0.01,0.01,0.02,0.01,0.02,0.0,0.0,0.03,0.0,0.0,0.0,0.0,0.0,0.0,0.0,0.0,0.02,0.0,0.01,0.02,0.0,0.01,0.04,0.0,0.0,0.049999999999999996,0.0,0.0,0.01,0.06,0.02,0.0,0.0,0.0,0.0,0.0,0.0,0.0,0.01,0.0,0.04,0.0,0.03,0.01,0.04,0.04,0.03,0.0,0.01,0.0,0.02,0.0,0.17,0.0,0,0,0.9032258064516129,0.0,0,0.0,0,0.4866666666666667,0.07333333333333332,1.5375999999999999,easy,1.94,0,0,0,0,0,0,0,0,0,0,0,0,0,0,0,0,0,0,1,0,0
48,24,0,5d482ea821c9be351f76349b,2020-04-22 20:12:11.163000+00:00,i feel that she can help him through the language barrier its only right because they are staying at her mothers house ,1.0,4,0.571428571,7,i feel that she can help him through the language barrier its only right because they are staying at her mother's house ,7,22,119,1,0.7100934120600827,0.8257783514211652,0.0,0.0,0.009999999999999998,0.009999999999999998,0.0,0.0,0.0,0.0,0.009999999999999998,0.0,0.03,0.0,0.0,0.0,0.0,0.0,0.0,0.009999999999999998,0.0,0.0,0.0,0.009999999999999998,0.0,0.03,0.0,0.0,0.03,0.0,0.0,0.0,0.06999999999999999,0.019999999999999997,0.0,0.0,0.0,0.009999999999999998,0.0,0.009999999999999998,0.009999999999999998,0.0,0.0,0.03,0.0,0.009999999999999998,0.009999999999999998,0.019999999999999997,0.03,0.019999999999999997,0.0,0.009999999999999998,0.0,0.009999999999999998,0.009999999999999998,0.13999999999999999,0.0,0,0,1.0,0.045454545454545456,3,0.0,0,0.7678571428571428,0.14285714285714285,1.0912,easy,31.197,0,0,1,0,1,0,0,0,0,0,0,1,0,0,0,0,0,1,0,0,0
48,24,0,5d482ea721c9be351f762f36,2020-04-22 20:12:34.378000+00:00,i think they are just trying to make their spouse comfortable,1.0,4,0.571428571,7,i think they are just trying to make their spouse comfortable,8,11,61,1,-0.36733781435741436,-0.3678948424600704,0.0,0.0,0.0,0.0,0.0,0.0,0.0,0.01,0.01,0.0,0.0,0.0,0.0,0.0,0.0,0.0,0.0,0.01,0.0,0.0,0.01,0.01,0.0,0.03,0.0,0.0,0.0,0.0,0.0,0.0,0.03,0.0,0.0,0.0,0.0,0.01,0.0,0.01,0.0,0.0,0.01,0.03,0.0,0.0,0.01,0.01,0.03,0.01,0.0,0.0,0.0,0.01,0.01,0.06,0.0,0,0,1.0,0.09090909090909091,2,0.00015518311607697082,0,0.8,0.4,0.5456,easy,23.215,0,0,1,0,1,0,0,0,0,0,0,1,0,0,0,0,0,1,0,0,0
48,24,0,5d482ea721c9be351f763052,2020-04-22 20:12:37.755000+00:00,i think its a high pressure situation for the husband if the mom is offended over this she may be offended easily and hes worried to make a mistake,1.0,4,0.571428571,7,"i think it's a high pressure situation for the husband, if the mom is offended over this, she may be offended easily and he's worried to make a mistake",9,29,147,1,1.3957314652348536,1.5853885657092242,0.02,0.0,0.0,0.02,0.0,0.01,0.0,0.0,0.0,0.02,0.02,0.0,0.0,0.0,0.0,0.0,0.0,0.02,0.01,0.0,0.01,0.01,0.0,0.04,0.01,0.0,0.02,0.0,0.0,0.0,0.04,0.02,0.0,0.0,0.0,0.01,0.02,0.01,0.0,0.02,0.01,0.05999999999999999,0.0,0.04,0.01,0.04,0.05999999999999999,0.029999999999999995,0.0,0.0,0.0,0.02,0.01,0.15,0.0,0,0,0.896551724137931,0.034482758620689655,1,0.0026312747462941847,0,0.6866666666666666,0.2966666666666667,1.4384,easy,3.377,0,0,1,0,1,0,0,0,0,0,0,1,0,0,0,0,0,0,1,0,0
48,24,0,5d482ea821c9be351f763495,2020-04-22 20:12:46.229000+00:00,i dont think either one is an asshole i think that maybe the husband feels embarrassed and just needs to come forward and explain why he doesnt like to speak english in family settings,1.0,4,0.571428571,7,i don't think either one is an asshole. i think that maybe the husband feels embarrassed and just needs to come forward and explain why he doesn't like to speak english in family settings.,10,34,184,1,1.7875246384775798,2.0194515453024007,0.01,0.01,0.01,0.02,0.0,0.03,0.0,0.0,0.02,0.01,0.01,0.02,0.01,0.0,0.0,0.0,0.0,0.02,0.01,0.01,0.01,0.04,0.0,0.09000000000000001,0.0,0.0,0.03,0.0,0.0,0.0,0.05,0.01,0.0,0.0,0.0,0.01,0.01,0.02,0.01,0.01,0.02,0.09000000000000001,0.0,0.02,0.03,0.03,0.12,0.03,0.0,0.02,0.0,0.01,0.02,0.14,0.01,0,0,0.8823529411764706,0.058823529411764705,6,0.0017350323814979056,1,0.0,0.0,1.6864,easy,8.474,0,0,1,0,1,0,0,0,0,0,1,1,0,0,0,0,0,1,0,0,0
48,24,0,5d482ea821c9be351f76354e,2020-04-22 20:12:57.596000+00:00,im with sprybear the spouse is not even trying to accomodate the mother,1.0,4,0.571428571,7,i'm with sprybear the spouse is not even trying to accomodate the mother.,11,13,71,1,-0.07349293442536971,-0.042347607765188,0.0,0.0,0.0,0.0,0.0,0.01,0.0,0.01,0.01,0.0,0.0,0.01,0.0,0.0,0.0,0.0,0.0,0.02,0.0,0.0,0.0,0.0,0.0,0.01,0.0,0.0,0.0,0.0,0.0,0.0,0.02,0.0,0.0,0.0,0.0,0.0,0.0,0.0,0.0,0.0,0.01,0.01,0.0,0.02,0.0,0.01,0.02,0.02,0.0,0.0,0.0,0.0,0.0,0.06,0.0,0,0,0.9230769230769231,0.0,4,0.0,0,0.0,0.0,5.495915384615385,medium,11.367,0,0,0,0,0,0,0,0,0,0,0,1,0,0,0,0,0,0,0,0,0
49,24,3,5d482ea721c9be351f762f60,2020-04-22 20:55:29.873000+00:00,the son said it dead on they are making a big deal over nothing sure its not great to be excluded but you can ask to be included in nicer ways than this,0.666666667,0,0.0,6,"the son said it dead on, they are making a big deal over nothing. sure its not great to be excluded, but you can ask to be included in nicer ways than this.",1,33,152,1,1.8854729317882615,2.353489798302278,0.0,0.01,0.0,0.01,0.01,0.01,0.0,0.0,0.0,0.0,0.0,0.02,0.0,0.01,0.0,0.0,0.0,0.01,0.0,0.0,0.03,0.0,0.0,0.03,0.0,0.01,0.04,0.0,0.0,0.0,0.06,0.03,0.0,0.0,0.0,0.01,0.0,0.0,0.0,0.0,0.03,0.06,0.0,0.02,0.01,0.04,0.06,0.06,0.0,0.01,0.01,0.03,0.0,0.19,0.0,0,0,0.9393939393939394,0.0,0,0.0,0,0.5347222222222222,-0.02500000000000001,1.6368,easy,0.0,0,0,0,0,0,0,0,0,0,0,0,0,1,0,0,0,0,1,1,0,0
49,24,3,5d482ea821c9be351f763495,2020-04-22 20:55:29.959000+00:00,i dont think the mother is the asshole in this situation,0.666666667,0,0.0,6,i don't think the mother is the asshole in this situation.,2,11,56,1,-0.36733781435741436,-0.4345607985203429,0.0,0.0,0.0,0.0,0.0,0.0,0.0,0.0,0.0,0.0,0.0,0.01,0.01,0.0,0.0,0.0,0.0,0.01,0.0,0.0,0.0,0.01,0.0,0.030000000000000002,0.0,0.0,0.01,0.0,0.0,0.0,0.01,0.01,0.0,0.0,0.0,0.0,0.01,0.01,0.0,0.0,0.0,0.030000000000000002,0.0,0.02,0.0,0.02,0.01,0.01,0.0,0.0,0.0,0.0,0.01,0.060000000000000005,0.0,0,0,0.9090909090909091,0.09090909090909091,4,0.0,0,0.0,0.0,0.5456,easy,0.086,0,0,1,0,1,0,0,0,0,0,0,1,0,0,0,0,0,0,0,0,0
49,24,3,5d482ea721c9be351f763052,2020-04-22 20:55:34.832000+00:00,i dont think shes the asshole either,0.666666667,0,0.0,6,i don't think she's the asshole either,3,7,36,1,-0.7591309876001406,-0.9194391631851465,0.0,0.0,0.0,0.0,0.0,0.0,0.0,0.0,0.0,0.0,0.009999999999999998,0.009999999999999998,0.009999999999999998,0.0,0.0,0.0,0.0,0.0,0.0,0.009999999999999998,0.0,0.009999999999999998,0.0,0.03,0.0,0.0,0.0,0.0,0.0,0.0,0.009999999999999998,0.0,0.0,0.0,0.0,0.0,0.009999999999999998,0.009999999999999998,0.0,0.0,0.009999999999999998,0.03,0.0,0.009999999999999998,0.0,0.019999999999999997,0.019999999999999997,0.0,0.0,0.0,0.0,0.0,0.009999999999999998,0.019999999999999997,0.0,0,0,1.0,0.14285714285714285,2,0.0008238201029820396,0,0.0,0.0,0.3472,easy,4.873,0,0,1,0,1,0,0,0,0,0,0,1,0,0,0,0,0,0,0,0,0
49,24,3,5d482ea821c9be351f76349b,2020-04-22 20:55:39.112000+00:00,i do not feel that the mother is an asshole ,0.666666667,0,0.0,6,i do not feel that the mother is an asshole ,4,10,44,1,-0.4652861076680959,-0.5557803896865438,0.0,0.0,0.0,0.0,0.0,0.0,0.0,0.0,0.0,0.0,0.0,0.01,0.01,0.0,0.0,0.0,0.0,0.01,0.0,0.0,0.0,0.01,0.0,0.03,0.0,0.0,0.0,0.0,0.0,0.0,0.01,0.01,0.0,0.0,0.0,0.0,0.01,0.01,0.01,0.0,0.01,0.03,0.0,0.02,0.0,0.02,0.02,0.0,0.0,0.01,0.0,0.0,0.01,0.06999999999999999,0.0,0,0,1.0,0.1,1,0.0004753880472329106,0,0.0,0.0,0.496,easy,4.28,0,0,1,0,1,0,0,0,0,0,0,1,0,0,0,0,0,0,0,0,0
49,24,3,5d482ea721c9be351f762f36,2020-04-22 20:55:45.107000+00:00,i dont think she is the asshole either,0.666666667,0,0.0,6,i don't think she is the asshole either,5,8,38,1,-0.6611826942894591,-0.7982195720189456,0.0,0.0,0.0,0.0,0.0,0.0,0.0,0.0,0.0,0.0,0.01,0.01,0.01,0.0,0.0,0.0,0.0,0.0,0.0,0.01,0.0,0.01,0.0,0.03,0.0,0.0,0.0,0.0,0.0,0.0,0.01,0.0,0.0,0.0,0.0,0.0,0.01,0.01,0.0,0.0,0.01,0.03,0.0,0.01,0.0,0.02,0.02,0.0,0.0,0.0,0.0,0.0,0.01,0.04,0.0,0,0,1.0,0.125,2,0.0004753880472329106,0,0.0,0.0,0.3968,easy,5.995,0,0,1,0,1,0,0,0,0,0,0,1,0,0,0,0,0,0,0,0,0
49,24,3,5d482eaa21c9be351f763c24,2020-04-22 20:55:52.181000+00:00,i think she is the asshole,0.666666667,0,0.0,6,i think she is the asshole,6,6,26,1,-0.8570792809108222,-1.0406587543513475,0.0,0.0,0.0,0.0,0.0,0.0,0.0,0.0,0.0,0.0,0.01,0.0,0.01,0.0,0.0,0.0,0.0,0.0,0.0,0.0,0.0,0.01,0.0,0.02,0.0,0.0,0.0,0.0,0.0,0.0,0.01,0.0,0.0,0.0,0.0,0.0,0.01,0.01,0.0,0.0,0.0,0.02,0.0,0.01,0.0,0.01,0.01,0.0,0.0,0.0,0.0,0.0,0.01,0.04,0.0,0,0,1.0,0.16666666666666666,3,0.0008238201029820396,0,0.0,0.0,0.2976,easy,7.074,0,0,1,0,1,0,0,0,0,0,0,1,0,0,0,0,0,0,0,0,0
49,24,3,5d482ea821c9be351f763495,2020-04-22 20:55:56.906000+00:00,i think she was nice when approaching them about the issue,0.666666667,0,0.0,6,i think she was nice when approaching them about the issue.,7,11,58,1,-0.36733781435741436,-0.4345607985203429,0.0,0.0,0.0,0.009999999999999998,0.0,0.0,0.0,0.0,0.019999999999999997,0.0,0.009999999999999998,0.0,0.0,0.0,0.0,0.0,0.0,0.0,0.0,0.0,0.009999999999999998,0.009999999999999998,0.0,0.009999999999999998,0.0,0.009999999999999998,0.019999999999999997,0.0,0.0,0.0,0.019999999999999997,0.0,0.0,0.0,0.0,0.0,0.0,0.009999999999999998,0.0,0.0,0.0,0.019999999999999997,0.0,0.009999999999999998,0.0,0.009999999999999998,0.019999999999999997,0.009999999999999998,0.0,0.0,0.0,0.009999999999999998,0.009999999999999998,0.06999999999999999,0.0,0,0,1.0,0.09090909090909091,2,0.0005036151718260998,0,0.5,0.3,0.5456,easy,4.725,0,0,1,0,1,0,0,0,0,0,0,1,0,0,0,0,0,1,1,0,0
49,24,3,5d482ea721c9be351f763052,2020-04-22 20:55:58.966000+00:00,she may have overreacted a bit but i can see why it was frustrating,0.666666667,0,0.0,6,"she may have overreacted a bit, but i can see why it was frustrating",8,14,67,1,-0.07349293442536971,-0.07090202502174021,0.0,0.0,0.0,0.01,0.0,0.0,0.0,0.0,0.0,0.0,0.01,0.0,0.0,0.0,0.0,0.01,0.0,0.0,0.0,0.01,0.0,0.0,0.0,0.03,0.01,0.01,0.0,0.0,0.0,0.0,0.01,0.01,0.0,0.0,0.0,0.01,0.01,0.01,0.0,0.01,0.01,0.049999999999999996,0.0,0.01,0.01,0.04,0.03,0.0,0.0,0.01,0.0,0.01,0.01,0.09000000000000001,0.0,0,0,1.0,0.07142857142857142,2,0.00015518311607697082,0,0.9,-0.4,0.6944,easy,2.06,0,0,1,0,0,0,0,0,0,0,1,0,0,0,0,0,0,0,1,0,0
49,24,3,5d482ea821c9be351f76349b,2020-04-22 20:56:15.854000+00:00,i feel that it is only right for them to speak english since they are in her house,0.666666667,0,0.0,6,i feel that it is only right for them to speak english since they are in her house.,9,18,82,1,0.31830023881735653,0.41397633964306335,0.0,0.01,0.01,0.0,0.0,0.0,0.0,0.0,0.01,0.0,0.01,0.0,0.0,0.0,0.0,0.0,0.0,0.0,0.0,0.0,0.0,0.01,0.0,0.029999999999999995,0.0,0.0,0.02,0.0,0.0,0.0,0.04,0.02,0.0,0.0,0.0,0.01,0.0,0.01,0.01,0.0,0.0,0.029999999999999995,0.0,0.0,0.0,0.02,0.02,0.04,0.0,0.02,0.0,0.01,0.01,0.11999999999999998,0.0,0,0,1.0,0.05555555555555555,1,0.00015518311607697082,0,0.5119047619047619,0.09523809523809523,0.8927999999999999,easy,16.888,0,0,1,0,1,0,0,0,0,0,0,1,0,0,0,0,0,1,0,0,0
49,24,3,5d482ea721c9be351f762f60,2020-04-22 20:56:16.459000+00:00,i recognize her frustration but she is making a big deal over nothing,0.666666667,0,0.0,6,"i recognize her frustration, but she is making a big deal over nothing",10,13,69,1,-0.17144122773605125,-0.1921216161879411,0.0,0.0,0.0,0.01,0.0,0.0,0.0,0.0,0.0,0.0,0.02,0.01,0.0,0.0,0.0,0.0,0.0,0.0,0.0,0.0,0.0,0.01,0.0,0.01,0.0,0.0,0.02,0.0,0.0,0.0,0.029999999999999995,0.0,0.0,0.0,0.0,0.01,0.01,0.01,0.0,0.0,0.01,0.01,0.0,0.01,0.01,0.01,0.029999999999999995,0.01,0.0,0.0,0.0,0.01,0.01,0.06999999999999999,0.0,0,0,1.0,0.07692307692307693,2,0.00015518311607697082,0,0.1,0.0,0.6447999999999999,easy,0.605,0,0,0,0,0,0,0,0,0,0,0,1,0,0,0,0,0,0,1,0,0
49,24,3,5d482ea821c9be351f7631c5,2020-04-22 20:56:19.132000+00:00,i dont feel like the mother is the asshole the sons partner knows how to speak english he just chose not to,0.666666667,0,0.0,6,"i don't feel like the mother is the asshole. the son's partner knows how to speak english, he just chose not to.",11,22,107,1,0.7100934120600827,0.898854704307867,0.0,0.01,0.0,0.01,0.0,0.0,0.0,0.0,0.02,0.0,0.01,0.02,0.01,0.0,0.0,0.0,0.0,0.02,0.0,0.0,0.01,0.02,0.01,0.04,0.0,0.0,0.0,0.0,0.0,0.0,0.05,0.0,0.0,0.0,0.0,0.01,0.01,0.01,0.01,0.0,0.02,0.04,0.01,0.030000000000000002,0.01,0.02,0.05,0.02,0.0,0.02,0.0,0.01,0.01,0.11,0.0,0,0,0.8636363636363636,0.045454545454545456,1,0.00015518311607697082,0,0.0,0.0,1.0912,easy,2.673,0,0,1,0,1,0,0,0,0,0,0,1,0,0,0,0,0,1,0,0,0
49,24,3,5d482ea721c9be351f763052,2020-04-22 20:56:22.128000+00:00,especially when he can speak english pretty well it seems agreed likelywolf,0.666666667,0,0.0,6,especially when he can speak english pretty well it seems agreed likelywolf,12,12,75,1,-0.17144122773605125,-0.1921216161879411,0.0,0.01,0.0,0.01,0.0,0.0,0.0,0.0,0.03,0.0,0.01,0.0,0.0,0.0,0.0,0.0,0.0,0.0,0.0,0.0,0.03,0.01,0.0,0.02,0.0,0.0,0.01,0.0,0.0,0.0,0.02,0.01,0.0,0.0,0.0,0.0,0.0,0.0,0.0,0.03,0.0,0.02,0.0,0.0,0.01,0.01,0.03,0.0,0.0,0.01,0.0,0.02,0.0,0.04,0.0,0,0,1.0,0.0,1,0.0016375934048159847,0,0.6666666666666666,0.08333333333333333,0.5952,easy,2.996,0,0,1,0,1,0,0,0,0,0,0,0,0,0,0,0,0,1,0,0,0
49,24,3,5d482ea721c9be351f762f36,2020-04-22 20:56:40.655000+00:00,she felt excluded and they all know english,0.666666667,0,0.0,6,she felt excluded and they all know english,13,8,43,1,-0.5632344009787775,-0.6769999808527447,0.0,0.0,0.0,0.01,0.01,0.01,0.0,0.0,0.0,0.0,0.01,0.0,0.0,0.0,0.0,0.0,0.0,0.0,0.0,0.0,0.0,0.02,0.0,0.01,0.0,0.01,0.0,0.0,0.0,0.0,0.02,0.0,0.0,0.0,0.0,0.0,0.0,0.0,0.01,0.0,0.01,0.02,0.0,0.0,0.01,0.0,0.049999999999999996,0.0,0.0,0.01,0.0,0.0,0.0,0.04,0.0,0,0,1.0,0.0,0,0.0006161429451632779,0,0.0,0.0,0.3968,easy,18.527,0,0,1,0,0,0,0,0,0,0,0,0,0,0,0,0,0,0,0,0,0
49,24,3,5d482eaa21c9be351f763c24,2020-04-22 20:56:41.269000+00:00,they werent talking to her it would be different if she was a part of the converstation,0.666666667,0,0.0,6,they weren't talking to her. it would be different if she was a part of the converstation.,14,17,87,1,0.31830023881735653,0.41397633964306335,0.02,0.0,0.0,0.01,0.0,0.0,0.0,0.0,0.0,0.0,0.02,0.0,0.0,0.0,0.0,0.0,0.0,0.0,0.0,0.01,0.0,0.0,0.0,0.0,0.01,0.01,0.0,0.0,0.0,0.0,0.049999999999999996,0.01,0.0,0.0,0.0,0.0,0.0,0.0,0.0,0.01,0.01,0.03,0.0,0.02,0.0,0.03,0.02,0.02,0.0,0.0,0.0,0.01,0.0,0.11000000000000001,0.0,0,0,1.0,0.0,2,0.0,0,0.6,0.0,5.408523529411765,medium,0.614,0,0,0,0,0,0,0,0,0,0,0,0,0,0,0,0,0,0,0,0,0
50,25,0,5d482ea721c9be351f762efd,2020-04-22 20:12:46.659000+00:00,despite his edit i think he was probably disrespectful in telling her this based on the tone of his post,0.75,0,0.0,4,"despite his edit, i think he was probably disrespectful in telling her this based on the tone of his post.",1,20,104,1,0.5141968254387196,0.23546683391181025,0.0,0.0,0.0,0.0,0.0,0.0,0.0,0.0,0.01,0.0,0.04,0.0,0.0,0.0,0.0,0.0,0.0,0.0,0.0,0.0,0.0,0.01,0.0,0.01,0.0,0.01,0.030000000000000002,0.0,0.0,0.0,0.05,0.01,0.0,0.01,0.0,0.01,0.0,0.01,0.0,0.01,0.0,0.02,0.0,0.01,0.0,0.01,0.030000000000000002,0.04,0.0,0.0,0.0,0.0,0.01,0.11,0.01,0,0,0.95,0.05,0,0.0,1,0.0,0.0,0.992,easy,0.0,0,0,1,0,1,0,0,0,0,0,1,0,0,0,0,0,0,0,1,0,0
50,25,0,5d482ea921c9be351f76365b,2020-04-22 20:13:08.987000+00:00,i really think hes in the wrong here hes clearly not being considerate and doesnt care i dont think hes thinking from the mils perspective at all and i agree with his other family members that hes being privileged ,0.75,0,0.0,4,i really think he's in the wrong here. he's clearly not being considerate and doesn't care. i don't think he's thinking from the mil's perspective at all. and i agree with his other family members that he's being privileged. ,2,39,214,1,2.1793178117203063,1.6135268291006013,0.0,0.0,0.01,0.02,0.02,0.030000000000000002,0.0,0.0,0.030000000000000002,0.0,0.05,0.030000000000000002,0.0,0.0,0.0,0.0,0.0,0.01,0.01,0.0,0.04,0.030000000000000002,0.01,0.09,0.0,0.0,0.02,0.0,0.0,0.0,0.06999999999999999,0.02,0.0,0.0,0.0,0.0,0.0,0.030000000000000002,0.0,0.0,0.02,0.11,0.0,0.02,0.030000000000000002,0.08,0.1,0.04,0.0,0.0,0.0,0.030000000000000002,0.030000000000000002,0.19,0.0,0,0,0.7692307692307693,0.07692307692307693,4,0.0011624134597291703,0,0.46458333333333335,-0.11875,2.3392717948717947,easy,22.328,0,0,1,0,1,1,0,0,0,0,1,1,0,0,0,0,0,1,1,0,0
50,25,0,5d482ea721c9be351f762f0a,2020-04-22 20:13:24.288000+00:00,i absolutely think hes wrong,0.75,0,0.0,4,i absolutely think he's wrong,3,5,28,1,-0.9550275742215037,-0.9804684559606524,0.0,0.0,0.0,0.0,0.01,0.0,0.0,0.0,0.01,0.0,0.01,0.0,0.0,0.0,0.0,0.0,0.0,0.0,0.01,0.0,0.0,0.01,0.0,0.02,0.0,0.0,0.0,0.0,0.0,0.0,0.01,0.0,0.0,0.0,0.0,0.0,0.0,0.01,0.0,0.0,0.0,0.02,0.0,0.0,0.0,0.01,0.02,0.0,0.0,0.0,0.0,0.0,0.01,0.01,0.0,0,0,1.0,0.2,1,0.0044098651718261,0,0.9,-0.15,0.248,easy,15.301,0,0,1,0,1,0,0,0,0,0,0,1,0,0,0,0,0,0,1,0,0
50,25,0,5d482ea921c9be351f763728,2020-04-22 20:13:50.641000+00:00,i think she is wrong   in 8 years she should know how to speak the language,0.75,0,0.0,4,i think she is wrong.   in 8 years she should know how to speak the language.,4,16,75,1,0.1224036521959934,-0.08878257672084645,0.01,0.01,0.0,0.01,0.0,0.0,0.0,0.0,0.01,0.0,0.02,0.0,0.0,0.0,0.0,0.0,0.0,0.0,0.01,0.0,0.0,0.02,0.0,0.03,0.01,0.0,0.02,0.0,0.0,0.0,0.04,0.0,0.0,0.0,0.0,0.01,0.0,0.01,0.0,0.0,0.0,0.04,0.0,0.01,0.0,0.02,0.04,0.02,0.0,0.01,0.0,0.0,0.01,0.09,0.0,0,0,0.9375,0.0625,0,0.0044098651718261,0,0.9,-0.5,0.7936,easy,26.353,0,0,1,0,1,0,0,0,0,0,0,1,0,0,0,0,0,0,1,0,0
50,25,0,5d482ea721c9be351f762efd,2020-04-22 20:14:02.705000+00:00,otoh she should try to learn english,0.75,0,0.0,4,"otoh, she should try to learn english.",5,7,36,1,-0.6611826942894591,-0.7372813979861599,0.009999999999999998,0.0,0.0,0.0,0.0,0.0,0.0,0.009999999999999998,0.0,0.0,0.009999999999999998,0.0,0.0,0.0,0.0,0.0,0.0,0.0,0.0,0.0,0.0,0.009999999999999998,0.0,0.009999999999999998,0.009999999999999998,0.0,0.0,0.0,0.0,0.0,0.009999999999999998,0.0,0.0,0.009999999999999998,0.0,0.0,0.0,0.0,0.0,0.0,0.0,0.019999999999999997,0.0,0.0,0.0,0.009999999999999998,0.019999999999999997,0.009999999999999998,0.0,0.0,0.0,0.0,0.0,0.03,0.0,0,0,1.0,0.0,3,0.0,0,0.0,0.0,0.3472,easy,12.064,0,0,1,0,0,0,0,0,0,0,0,0,0,0,0,0,0,0,0,0,0
50,25,0,5d482eab21c9be351f763e1b,2020-04-22 20:14:08.562000+00:00,my impression is that the mil is in the wrong,0.75,0,0.0,4,my impression is that the mil is in the wrong,6,10,45,1,-0.36733781435741436,-0.4940943400116673,0.0,0.0,0.0,0.0,0.0,0.0,0.0,0.0,0.0,0.0,0.0,0.0,0.0,0.0,0.0,0.0,0.0,0.0,0.01,0.0,0.01,0.0,0.0,0.02,0.0,0.0,0.01,0.0,0.0,0.0,0.0,0.01,0.0,0.0,0.0,0.0,0.0,0.01,0.0,0.0,0.0,0.02,0.0,0.02,0.0,0.02,0.0,0.01,0.0,0.0,0.0,0.0,0.01,0.07,0.0,0,0,0.8,0.0,0,0.0,0,0.9,-0.5,0.496,easy,5.857,0,0,0,0,0,0,0,0,0,0,0,1,0,0,0,0,0,0,1,0,0
51,25,3,5d482ea921c9be351f76365b,2020-04-22 20:56:56.849000+00:00,i dont think shes in the wrong but i think her attitude could be a little better and she could thank her husband for helping her mother,0.75,1,0.25,4,i don't think she's in the wrong. but i think her attitude could be a little better and she could thank her husband for helping her mother.,1,27,135,1,1.101886585302809,1.0844160586017297,0.02,0.0,0.0,0.02,0.0,0.01,0.0,0.01,0.0,0.0,0.05,0.01,0.0,0.0,0.0,0.0,0.0,0.02,0.01,0.0,0.030000000000000002,0.02,0.0,0.05,0.0,0.0,0.02,0.0,0.0,0.0,0.08,0.0,0.0,0.0,0.0,0.0,0.0,0.02,0.0,0.0,0.01,0.08,0.0,0.02,0.02,0.05,0.060000000000000005,0.02,0.0,0.0,0.0,0.04,0.02,0.13,0.01,0,0,0.8148148148148148,0.07407407407407407,0,0.0,1,0.6333333333333333,-0.0625,1.3392,easy,0.0,0,0,1,0,1,0,0,1,0,0,1,1,0,0,0,0,1,1,1,0,0
51,25,3,5d482ea721c9be351f762efd,2020-04-22 20:57:11.527000+00:00,her husband married her not her mom she said her parents have worked hard to make it in this country well learning english would help,0.75,1,0.25,4,"her husband married her, not her mom. she said her parents have worked hard to make it in this country, well learning english would help.",2,25,133,1,1.101886585302809,1.0844160586017297,0.01,0.01,0.0,0.0,0.0,0.0,0.0,0.01,0.01,0.0,0.05,0.01,0.0,0.0,0.0,0.0,0.0,0.04,0.0,0.0,0.01,0.01,0.0,0.02,0.01,0.02,0.02,0.0,0.0,0.0,0.11,0.02,0.0,0.02,0.0,0.01,0.0,0.0,0.01,0.0,0.01,0.05,0.0,0.0,0.01,0.02,0.04,0.02,0.0,0.02,0.0,0.02,0.0,0.11,0.0,0,0,0.88,0.0,6,0.000727802037845706,0,0.2638888888888889,-0.013888888888888895,1.24,easy,14.678,0,0,0,0,0,0,0,0,0,0,0,0,0,0,0,0,0,1,1,0,0
51,25,3,5d482ea721c9be351f762f0a,2020-04-22 20:57:17.013000+00:00,i dont think she is in the wrong either i think he was being selfish,0.75,1,0.25,4,"i don't think she is in the wrong either, i think he was being selfish",3,15,68,1,-0.07349293442536971,-0.3614720195339099,0.0,0.0,0.0,0.0,0.0,0.0,0.0,0.0,0.0,0.0,0.02,0.01,0.0,0.0,0.0,0.0,0.0,0.0,0.02,0.01,0.0,0.02,0.0,0.04,0.0,0.01,0.01,0.0,0.0,0.0,0.02,0.0,0.0,0.0,0.0,0.0,0.0,0.02,0.0,0.0,0.01,0.06000000000000001,0.0,0.01,0.0,0.04,0.030000000000000006,0.01,0.0,0.0,0.0,0.0,0.02,0.09000000000000001,0.0,0,0,0.8666666666666667,0.13333333333333333,2,0.0,0,0.95,-0.5,0.744,easy,5.486,0,0,1,0,1,0,0,0,0,0,1,1,0,0,0,0,0,0,1,0,0
51,25,3,5d482ea921c9be351f76365b,2020-04-22 20:57:50.274000+00:00,the mom is probably not asking for help all the time just occasionally so the husband is being inconsiderate and should try to help out when he can,0.75,1,0.25,4,"the mom is probably not asking for help all the time, just occasionally. so the husband is being inconsiderate and should try to help out when he can",4,28,147,1,1.3957314652348536,1.4458880781356396,0.01,0.0,0.0,0.029999999999999995,0.01,0.02,0.0,0.01,0.04,0.0,0.01,0.01,0.0,0.0,0.0,0.0,0.0,0.02,0.0,0.0,0.0,0.0,0.0,0.04,0.01,0.0,0.04,0.0,0.0,0.0,0.05999999999999999,0.0,0.0,0.0,0.0,0.0,0.0,0.0,0.0,0.02,0.02,0.05999999999999999,0.0,0.029999999999999995,0.029999999999999995,0.05,0.08,0.029999999999999995,0.0,0.0,0.0,0.0,0.0,0.18,0.01,0,0,0.8571428571428571,0.0,7,0.0,1,0.125,0.0,6.153157142857143,difficult,33.261,0,0,1,0,0,0,0,0,0,0,0,0,0,0,0,0,0,0,1,0,0
51,25,3,5d482eab21c9be351f763e1b,2020-04-22 20:57:54.725000+00:00,i can see both sides but i err on the side of the husband not being wrong,0.75,1,0.25,4,i can see both sides but i err on the side of the husband not being wrong,5,17,73,1,0.1224036521959934,-0.12049067317796996,0.0,0.0,0.0,0.009999999999999998,0.0,0.009999999999999998,0.0,0.0,0.0,0.0,0.0,0.009999999999999998,0.0,0.0,0.0,0.009999999999999998,0.0,0.009999999999999998,0.009999999999999998,0.009999999999999998,0.0,0.0,0.0,0.019999999999999997,0.0,0.0,0.039999999999999994,0.0,0.0,0.0,0.009999999999999998,0.0,0.0,0.0,0.0,0.0,0.0,0.019999999999999997,0.0,0.0,0.019999999999999997,0.03,0.0,0.019999999999999997,0.009999999999999998,0.019999999999999997,0.03,0.019999999999999997,0.0,0.009999999999999998,0.0,0.0,0.019999999999999997,0.10999999999999999,0.0,0,0,0.8823529411764706,0.11764705882352941,5,0.000727802037845706,0,0.9,-0.5,0.8432,easy,4.451,0,0,0,0,0,0,0,0,0,0,1,1,0,0,0,0,0,0,1,0,0
51,25,3,5d482ea721c9be351f762f0a,2020-04-22 20:58:06.784000+00:00,i feel like when you marry someone you do have some responsibilities to the family as well and why wouldnt you want to help out your family,0.75,1,0.25,4,"i feel like when you marry someone, you do have some responsibilities to the family as well, and why wouldn't you want to help out your family?",6,27,139,1,1.1998348786134905,1.2049067317796998,0.02,0.0,0.02,0.03,0.0,0.02,0.0,0.01,0.02,0.0,0.0,0.01,0.0,0.0,0.0,0.0,0.0,0.02,0.0,0.01,0.02,0.01,0.0,0.04,0.01,0.0,0.02,0.0,0.01,0.0,0.08,0.01,0.0,0.01,0.0,0.01,0.0,0.01,0.01,0.02,0.0,0.049999999999999996,0.0,0.01,0.02,0.03,0.09,0.04,0.0,0.01,0.04,0.02,0.01,0.16,0.0,1,0,0.8518518518518519,0.037037037037037035,1,0.00015518311607697082,0,0.0,0.0,1.9240148148148148,easy,12.059,0,0,1,0,1,0,0,0,0,0,0,1,1,0,0,0,0,1,0,0,0
51,25,3,5d482ea921c9be351f763728,2020-04-22 20:58:13.555000+00:00,i think parents should have taken online class or husband tutor parents to learn english  ,0.75,1,0.25,4,i think parents should have taken online class or husband tutor parents to learn english.  ,7,15,90,1,0.024455358885311848,-0.24098134635593993,0.01,0.0,0.0,0.01,0.0,0.0,0.0,0.0,0.0,0.0,0.0,0.0,0.0,0.0,0.0,0.0,0.0,0.03,0.0,0.0,0.0,0.02,0.0,0.02,0.01,0.01,0.0,0.0,0.0,0.0,0.03,0.0,0.0,0.03,0.0,0.0,0.0,0.01,0.0,0.01,0.01,0.04,0.0,0.0,0.0,0.02,0.04,0.01,0.0,0.0,0.0,0.0,0.01,0.049999999999999996,0.0,0,0,0.9333333333333333,0.06666666666666667,2,0.00015518311607697082,0,0.0,0.0,0.744,easy,6.771,0,0,1,0,1,0,0,0,0,0,0,1,0,0,0,0,0,0,0,0,0
52,26,0,5d482ea721c9be351f762ef8,2020-04-22 20:15:59.990000+00:00,this person is the asshole,1.0,1,0.333333333,3,this person is the asshole,1,5,26,1,-0.8570792809108222,-1.1525623627379127,0.0,0.0,0.0,0.0,0.0,0.0,0.0,0.0,0.0,0.0,0.0,0.0,0.01,0.0,0.0,0.0,0.0,0.0,0.0,0.0,0.0,0.0,0.01,0.01,0.0,0.0,0.0,0.0,0.0,0.0,0.01,0.01,0.0,0.0,0.0,0.0,0.01,0.0,0.0,0.0,0.0,0.01,0.0,0.01,0.0,0.01,0.0,0.0,0.0,0.0,0.0,0.0,0.0,0.030000000000000002,0.0,0,0,1.0,0.0,0,0.0,0,0.0,0.0,0.248,easy,0.0,0,0,0,0,0,0,0,0,0,0,0,0,0,0,0,0,0,0,0,0,0
52,26,0,5d482ea721c9be351f762fd0,2020-04-22 20:16:06.942000+00:00,yup thats what i thought too,1.0,1,0.333333333,3,yup that's what i thought too,2,6,28,1,-0.8570792809108222,-1.1525623627379127,0.0,0.0,0.0,0.0,0.0,0.0,0.0,0.0,0.01,0.0,0.0,0.0,0.0,0.0,0.0,0.0,0.0,0.0,0.0,0.0,0.0,0.01,0.0,0.01,0.0,0.01,0.0,0.0,0.0,0.0,0.0,0.02,0.0,0.0,0.0,0.0,0.0,0.01,0.0,0.0,0.0,0.02,0.0,0.0,0.0,0.01,0.01,0.0,0.0,0.0,0.0,0.0,0.01,0.030000000000000002,0.0,0,0,1.0,0.16666666666666666,0,0.0,0,0.0,0.0,0.2976,easy,6.952,0,0,1,0,1,0,0,0,0,0,1,0,0,0,0,0,0,0,0,0,0
52,26,0,5d482ea821c9be351f7634b2,2020-04-22 20:16:12.508000+00:00,i agree as well ,1.0,1,0.333333333,3,i agree as well. ,3,4,16,1,-1.0529758675321852,-1.4086873322352267,0.0,0.0,0.0,0.01,0.0,0.0,0.0,0.0,0.01,0.0,0.0,0.0,0.0,0.0,0.0,0.0,0.0,0.0,0.0,0.0,0.02,0.0,0.0,0.0,0.0,0.0,0.0,0.0,0.0,0.0,0.0,0.0,0.0,0.0,0.0,0.0,0.0,0.01,0.0,0.0,0.0,0.0,0.0,0.0,0.01,0.0,0.0,0.01,0.0,0.0,0.0,0.01,0.01,0.02,0.0,0,0,1.0,0.25,0,0.00015518311607697082,0,0.0,0.0,0.1984,easy,5.566,0,0,0,0,0,0,0,0,0,0,0,1,0,0,0,0,0,1,0,0,0
52,26,0,5d482ea821c9be351f763209,2020-04-22 20:16:23.741000+00:00,i think shes only asking for a little bit of time from him she is working and going to school  he is free,1.0,1,0.333333333,3,i think she's only asking for a little bit of time from him she is working and going to school.  he is free.,4,23,105,1,0.8080417053707643,1.0244998779892558,0.0,0.0,0.0,0.010000000000000002,0.0,0.010000000000000002,0.0,0.010000000000000002,0.010000000000000002,0.0,0.04000000000000001,0.0,0.0,0.0,0.0,0.0,0.0,0.0,0.0,0.010000000000000002,0.010000000000000002,0.010000000000000002,0.0,0.04000000000000001,0.0,0.0,0.03,0.0,0.0,0.0,0.05,0.0,0.0,0.020000000000000004,0.010000000000000002,0.0,0.0,0.010000000000000002,0.0,0.0,0.0,0.04000000000000001,0.0,0.010000000000000002,0.010000000000000002,0.03,0.020000000000000004,0.04000000000000001,0.0,0.0,0.0,0.020000000000000004,0.010000000000000002,0.13,0.010000000000000002,0,0,0.9565217391304348,0.043478260869565216,0,0.00015518311607697082,1,0.7666666666666666,0.07083333333333335,1.1408,easy,11.233,0,0,1,0,1,0,0,0,0,0,0,1,0,0,0,0,0,1,0,0,0
52,26,0,5d482ea821c9be351f7634fb,2020-04-22 20:16:38.151000+00:00,i disagree that she is the asshole i dont think either of them are necessarily,1.0,1,0.333333333,3,i disagree that she is the asshole. i don't think either of them are necessarily.,5,15,78,1,-0.07349293442536971,-0.12806248474865697,0.0,0.0,0.0,0.0,0.01,0.0,0.0,0.0,0.0,0.0,0.01,0.01,0.01,0.0,0.0,0.0,0.0,0.0,0.01,0.01,0.0,0.01,0.0,0.04,0.0,0.0,0.0,0.0,0.0,0.0,0.02,0.01,0.0,0.0,0.0,0.0,0.01,0.02,0.0,0.0,0.01,0.04,0.0,0.01,0.0,0.030000000000000002,0.030000000000000002,0.01,0.0,0.0,0.0,0.0,0.02,0.09000000000000001,0.0,0,0,0.9333333333333333,0.13333333333333333,3,0.0006587982879030706,0,1.0,0.0,5.433166666666667,medium,14.41,0,0,1,0,1,0,0,0,0,0,1,1,0,0,0,0,0,0,1,0,0
52,26,0,5d482ea821c9be351f7634b2,2020-04-22 20:16:46.745000+00:00,sounds like it has gotten to be more than a little bit of time though ,1.0,1,0.333333333,3,sounds like it has gotten to be more than a little bit of time though. ,6,15,70,1,0.1224036521959934,0.12806248474865697,0.0,0.009999999999999998,0.0,0.009999999999999998,0.0,0.0,0.0,0.0,0.009999999999999998,0.0,0.0,0.0,0.0,0.0,0.0,0.0,0.0,0.0,0.0,0.019999999999999997,0.009999999999999998,0.0,0.0,0.009999999999999998,0.0,0.009999999999999998,0.019999999999999997,0.0,0.0,0.0,0.0,0.009999999999999998,0.0,0.0,0.0,0.0,0.0,0.0,0.0,0.0,0.0,0.03,0.0,0.009999999999999998,0.0,0.019999999999999997,0.0,0.03,0.0,0.009999999999999998,0.0,0.019999999999999997,0.0,0.07999999999999999,0.009999999999999998,0,0,1.0,0.0,1,0.0,1,0.5,0.15625,0.744,easy,8.594,0,0,0,0,0,0,0,0,0,0,0,0,0,0,0,0,0,1,0,0,0
52,26,0,5d482ea821c9be351f76333b,2020-04-22 20:16:50.294000+00:00,i agree as well i think she was tired of translating and put it on him,1.0,1,0.333333333,3,i agree as well. i think she was tired of translating and put it on him.,7,16,70,1,0.024455358885311848,0.0,0.0,0.0,0.0,0.019999999999999997,0.0,0.009999999999999998,0.009999999999999998,0.0,0.009999999999999998,0.0,0.019999999999999997,0.0,0.0,0.0,0.009999999999999998,0.0,0.0,0.0,0.0,0.0,0.019999999999999997,0.009999999999999998,0.0,0.009999999999999998,0.0,0.009999999999999998,0.019999999999999997,0.0,0.0,0.0,0.019999999999999997,0.009999999999999998,0.0,0.0,0.0,0.0,0.0,0.019999999999999997,0.0,0.0,0.0,0.019999999999999997,0.0,0.0,0.019999999999999997,0.009999999999999998,0.019999999999999997,0.03,0.0,0.0,0.0,0.009999999999999998,0.019999999999999997,0.09999999999999999,0.0,0,0,0.9375,0.125,2,0.0,0,0.7,-0.4,0.7936,easy,3.549,0,0,1,0,1,0,0,0,0,0,1,1,0,0,0,0,0,1,1,0,0
52,26,0,5d482ea821c9be351f763209,2020-04-22 20:16:52.525000+00:00,yes they both have good points i think there is room for compromise here,1.0,1,0.333333333,3,"yes, they both have good points. i think there is room for compromise here.",8,14,72,1,-0.07349293442536971,-0.12806248474865697,0.0,0.0,0.009999999999999998,0.0,0.0,0.009999999999999998,0.0,0.0,0.019999999999999997,0.0,0.0,0.0,0.0,0.0,0.0,0.0,0.0,0.0,0.0,0.009999999999999998,0.009999999999999998,0.009999999999999998,0.0,0.03,0.0,0.0,0.019999999999999997,0.0,0.0,0.0,0.009999999999999998,0.0,0.0,0.0,0.0,0.0,0.0,0.009999999999999998,0.0,0.0,0.0,0.03,0.0,0.0,0.009999999999999998,0.019999999999999997,0.019999999999999997,0.009999999999999998,0.0,0.0,0.0,0.009999999999999998,0.009999999999999998,0.07999999999999999,0.0,0,0,1.0,0.07142857142857142,0,0.0005036151718260998,0,0.6000000000000001,0.7,0.6944,easy,2.231,0,0,1,0,1,0,0,0,0,0,1,0,0,0,0,0,0,1,0,0,0
52,26,0,5d482ea721c9be351f762ef8,2020-04-22 20:17:11.395000+00:00,certainly,1.0,1,0.333333333,3,certainly,9,1,9,1,-1.2488724541535483,-1.6648123017325407,0.0,0.0,0.0,0.0,0.009999999999999998,0.0,0.0,0.0,0.0,0.0,0.0,0.0,0.0,0.0,0.0,0.0,0.0,0.0,0.0,0.0,0.009999999999999998,0.0,0.0,0.0,0.0,0.0,0.0,0.0,0.0,0.0,0.0,0.0,0.0,0.0,0.0,0.0,0.0,0.0,0.0,0.0,0.0,0.0,0.0,0.0,0.0,0.0,0.009999999999999998,0.0,0.0,0.0,0.0,0.0,0.0,0.0,0.0,0,0,1.0,0.0,0,0.0,0,0.5714285714285714,0.21428571428571427,0.0496,easy,18.87,0,0,0,0,0,0,0,0,0,0,0,0,0,0,0,0,0,0,0,0,0
52,26,0,5d482ea821c9be351f7634b2,2020-04-22 20:17:27.333000+00:00,sure there is but if we have to decide one way or another i this she is the arse here ,1.0,1,0.333333333,3,"sure there is, but if we have to decide one way or another i this she is the arse here. ",10,20,86,1,0.4162485321280381,0.5122499389946279,0.01,0.0,0.0,0.03,0.01,0.01,0.01,0.0,0.02,0.0,0.01,0.0,0.01,0.0,0.0,0.0,0.01,0.0,0.0,0.0,0.01,0.01,0.0,0.03,0.0,0.0,0.01,0.0,0.0,0.0,0.02,0.01,0.0,0.0,0.0,0.0,0.0,0.01,0.0,0.02,0.03,0.03,0.0,0.01,0.01,0.03,0.06,0.01,0.01,0.0,0.0,0.0,0.02,0.14,0.0,0,0,0.95,0.1,0,0.0,0,0.8888888888888888,0.5,0.992,easy,15.938,0,0,0,0,0,0,0,0,0,1,1,0,0,0,0,0,1,0,0,0,0
52,26,0,5d482ea721c9be351f762ef8,2020-04-22 20:17:31.851000+00:00,she should make it so that hes not 100 taking these calls,1.0,1,0.333333333,3,she should make it so that he's not 100% taking these calls,11,12,57,1,-0.17144122773605125,-0.25612496949731395,0.009999999999999998,0.0,0.0,0.009999999999999998,0.0,0.0,0.0,0.0,0.009999999999999998,0.0,0.019999999999999997,0.009999999999999998,0.0,0.0,0.0,0.0,0.0,0.0,0.0,0.0,0.0,0.0,0.0,0.029999999999999995,0.009999999999999998,0.0,0.0,0.0,0.0,0.0,0.029999999999999995,0.029999999999999995,0.0,0.0,0.0,0.009999999999999998,0.0,0.0,0.0,0.0,0.009999999999999998,0.039999999999999994,0.0,0.0,0.009999999999999998,0.019999999999999997,0.029999999999999995,0.0,0.0,0.0,0.0,0.0,0.0,0.06999999999999999,0.0,0,0,1.0,0.0,1,0.0,0,0.0,0.0,0.5952,easy,4.518,0,0,1,0,0,0,0,0,0,0,0,0,0,0,0,0,0,0,0,0,0
53,26,2,5d482ea721c9be351f762ef8,2020-04-22 20:45:51.327000+00:00,this guy is probably the asshole,0.666666667,1,0.333333333,3,this guy is probably the asshole,1,6,32,1,-0.7591309876001406,-1.0070299635277398,0.0,0.0,0.0,0.0,0.0,0.0,0.0,0.0,0.01,0.0,0.0,0.0,0.01,0.0,0.0,0.0,0.0,0.0,0.0,0.0,0.0,0.0,0.01,0.01,0.0,0.0,0.0,0.0,0.0,0.0,0.01,0.01,0.0,0.0,0.0,0.0,0.01,0.0,0.0,0.01,0.0,0.01,0.0,0.01,0.0,0.01,0.01,0.0,0.0,0.0,0.0,0.0,0.0,0.03,0.01,0,0,1.0,0.0,0,0.0,1,0.0,0.0,0.2976,easy,0.0,0,0,1,0,0,0,0,0,0,0,0,0,0,0,0,0,0,0,0,0,0
53,26,2,5d482ea821c9be351f7634b2,2020-04-22 20:45:57.970000+00:00,the tone it what got me on this ,0.666666667,1,0.333333333,3,the tone it what got me on this. ,2,8,32,1,-0.6611826942894591,-0.9063269671749659,0.0,0.0,0.0,0.0,0.0,0.0,0.0,0.0,0.0,0.0,0.0,0.0,0.0,0.0,0.0,0.0,0.0,0.0,0.0,0.0,0.0,0.0,0.0,0.0,0.0,0.01,0.01,0.0,0.0,0.0,0.0,0.03,0.0,0.0,0.0,0.0,0.0,0.01,0.0,0.0,0.0,0.01,0.0,0.01,0.0,0.0,0.0,0.01,0.0,0.0,0.0,0.0,0.01,0.06,0.0,0,0,1.0,0.125,2,0.0,0,0.0,0.0,0.3968,easy,6.643,0,0,0,0,0,0,0,0,0,0,0,0,0,0,0,0,0,0,0,0,0
53,26,2,5d482ea721c9be351f762fd0,2020-04-22 20:46:08.522000+00:00,yeah i felt that too,0.666666667,1,0.333333333,3,yeah i felt that too,3,5,20,1,-0.9550275742215037,-1.2084359562332878,0.0,0.0,0.0,0.0,0.0,0.0,0.0,0.0,0.010000000000000002,0.0,0.0,0.0,0.0,0.0,0.0,0.0,0.0,0.0,0.0,0.0,0.0,0.010000000000000002,0.0,0.0,0.0,0.010000000000000002,0.0,0.0,0.0,0.0,0.0,0.010000000000000002,0.0,0.0,0.0,0.0,0.0,0.010000000000000002,0.010000000000000002,0.0,0.0,0.010000000000000002,0.0,0.0,0.0,0.0,0.010000000000000002,0.0,0.0,0.010000000000000002,0.0,0.0,0.010000000000000002,0.03,0.0,0,0,1.0,0.2,0,0.0,0,0.0,0.0,0.248,easy,10.552,0,0,1,0,1,0,0,0,0,0,1,0,0,0,0,0,0,0,0,0,0
53,26,2,5d482ea721c9be351f762ef8,2020-04-22 20:46:09.461000+00:00,im not sure that he would be the asshole if the tone was more polite,0.666666667,1,0.333333333,3,im not sure that he would be the asshole if the tone was more polite,4,15,68,1,0.1224036521959934,-0.10070299635277398,0.02,0.0,0.0,0.01,0.01,0.0,0.0,0.0,0.0,0.0,0.01,0.01,0.01,0.0,0.0,0.0,0.0,0.0,0.0,0.01,0.01,0.0,0.0,0.0,0.01,0.01,0.0,0.0,0.0,0.0,0.01,0.01,0.0,0.0,0.0,0.0,0.01,0.0,0.0,0.01,0.02,0.030000000000000006,0.0,0.02,0.0,0.030000000000000006,0.04,0.0,0.0,0.0,0.0,0.01,0.0,0.09000000000000001,0.0,0,0,0.9333333333333333,0.0,1,0.0,0,0.6944444444444444,0.125,0.744,easy,0.939,0,0,0,0,0,0,0,0,0,0,0,1,0,0,0,0,0,1,0,0,0
53,26,2,5d482ea821c9be351f7634b2,2020-04-22 20:46:13.969000+00:00,i get being frustrated about the situation but there is a right way and a wrong way to deal with it,0.666666667,1,0.333333333,3,"i get being frustrated about the situation, but there is a right way and a wrong way to deal with it",5,21,99,1,0.6121451187494011,0.4028119854110959,0.0,0.0,0.0,0.02,0.0,0.02,0.0,0.0,0.02,0.0,0.0,0.0,0.0,0.0,0.0,0.0,0.0,0.0,0.01,0.0,0.0,0.0,0.0,0.02,0.0,0.0,0.03,0.0,0.0,0.0,0.01,0.01,0.0,0.0,0.0,0.0,0.01,0.01,0.0,0.0,0.01,0.03,0.0,0.03,0.02,0.02,0.03,0.03,0.0,0.0,0.0,0.03,0.01,0.13,0.0,0,0,0.9047619047619048,0.047619047619047616,1,0.0,0,0.5452380952380952,-0.30476190476190473,1.0415999999999999,easy,4.508,0,0,0,0,0,0,0,0,0,0,0,1,0,0,0,0,0,1,1,0,0
53,26,2,5d482ea821c9be351f763209,2020-04-22 20:46:14.167000+00:00,his tone isnt good but he has some points,0.666666667,1,0.333333333,3,"his tone isn't good, but he has some points.",6,9,41,1,-0.4652861076680959,-0.7049209744694179,0.0,0.0,0.0,0.01,0.0,0.0,0.0,0.0,0.0,0.0,0.02,0.01,0.0,0.0,0.0,0.0,0.0,0.0,0.0,0.01,0.01,0.0,0.0,0.02,0.0,0.0,0.0,0.0,0.0,0.0,0.02,0.0,0.0,0.0,0.0,0.0,0.0,0.0,0.0,0.01,0.01,0.02,0.0,0.0,0.01,0.02,0.02,0.0,0.0,0.0,0.0,0.01,0.0,0.049999999999999996,0.0,0,0,1.0,0.0,1,0.0,0,0.6000000000000001,0.7,0.44639999999999996,easy,0.198,0,0,0,0,0,0,0,0,0,0,0,0,0,0,0,0,0,1,0,0,0
54,27,1,5e9f366c9dc0406f8987761f,2020-04-22 20:57:36.748000+00:00,i think in this scenario she makes a great point that her mother is now his family too,1.0,1,0.166666667,6,"i think in this scenario, she makes a great point that her mother is now his family too.",1,18,86,1,0.31830023881735653,0.3067948348932233,0.0,0.0,0.01,0.0,0.0,0.0,0.0,0.0,0.02,0.0,0.03,0.0,0.0,0.0,0.0,0.0,0.0,0.02,0.0,0.0,0.01,0.01,0.0,0.03,0.0,0.0,0.03,0.0,0.0,0.0,0.049999999999999996,0.02,0.0,0.0,0.0,0.01,0.0,0.01,0.0,0.0,0.0,0.03,0.0,0.01,0.0,0.01,0.02,0.01,0.0,0.0,0.0,0.02,0.01,0.11,0.0,0,0,1.0,0.05555555555555555,0,0.0,0,0.75,0.8,0.8927999999999999,easy,0.0,0,0,1,0,1,0,0,0,0,0,0,1,0,0,0,0,0,1,0,0,0
54,27,1,5e9f38249dc0406f8987768b,2020-04-22 20:58:07.917000+00:00,i think they are all adults the husband does not have to answer the phone he can call her back request a time ask for an email and more her mother is a part of the family now,1.0,1,0.166666667,6,"i think they are all adults. the husband does not have to answer the phone. he can call her back, request a time, ask for an email, and more. her mother is a part of the family now.",2,38,174,1,2.2772661050309875,2.016080343584039,0.0,0.0,0.01,0.01,0.01,0.01,0.0,0.0,0.02,0.0,0.03,0.01,0.0,0.0,0.0,0.0,0.0,0.03,0.0,0.02,0.0,0.02,0.01,0.06999999999999999,0.0,0.0,0.03,0.0,0.0,0.0,0.13,0.0,0.0,0.0,0.0,0.0,0.0,0.01,0.0,0.0,0.01,0.06999999999999999,0.0,0.06,0.01,0.049999999999999996,0.049999999999999996,0.03,0.0,0.0,0.0,0.02,0.01,0.24,0.0,0,0,0.8947368421052632,0.02631578947368421,5,0.00950052858610613,0,0.25,0.25,1.8848,easy,31.169,0,0,1,0,1,0,0,0,0,0,0,1,0,0,0,0,0,0,0,0,0
54,27,1,5d482ea721c9be351f762eeb,2020-04-22 20:58:10.820000+00:00,i think the husband should be willing to help he is part of the family now and if the wife is busy he should help if he can ,1.0,1,0.166666667,6,i think the husband should be willing to help. he is part of the family now and if the wife is busy he should help if he can. ,3,28,124,1,1.2977831719241721,1.161437589238631,0.04,0.0,0.01,0.03,0.0,0.01,0.0,0.0,0.01,0.0,0.03,0.0,0.0,0.0,0.0,0.0,0.0,0.03,0.0,0.01,0.0,0.01,0.0,0.04,0.02,0.0,0.02,0.0,0.0,0.0,0.09000000000000001,0.0,0.0,0.01,0.0,0.0,0.0,0.01,0.0,0.02,0.02,0.06999999999999999,0.0,0.03,0.01,0.06,0.06,0.02,0.0,0.0,0.0,0.01,0.01,0.19,0.0,0,0,0.7142857142857143,0.03571428571428571,12,0.017508794252717265,0,0.525,0.175,1.3888,easy,2.903,0,0,1,0,1,0,0,0,0,0,0,1,0,0,0,0,0,1,0,0,0
54,27,1,5e9f38249dc0406f8987768b,2020-04-22 20:58:20.107000+00:00,agree nicegoat,1.0,1,0.166666667,6,agree nicegoat,4,2,14,1,-1.1509241608428669,-0.9751692966248884,0.0,0.0,0.0,0.0,0.0,0.0,0.0,0.0,0.0,0.0,0.0,0.0,0.0,0.0,0.0,0.0,0.0,0.0,0.0,0.0,0.02,0.0,0.0,0.0,0.0,0.0,0.0,0.0,0.0,0.0,0.0,0.0,0.0,0.0,0.0,0.0,0.0,0.0,0.0,0.0,0.0,0.0,0.0,0.0,0.0,0.0,0.0,0.0,0.0,0.0,0.0,0.0,0.0,0.0,0.0,0,0,1.0,0.0,0,0.0,0,0.0,0.0,0.0992,easy,9.287,0,0,0,0,0,0,0,0,0,0,0,0,0,0,0,0,0,0,0,0,0
54,27,1,5d482eaa21c9be351f763b2d,2020-04-22 20:58:21.546000+00:00,i dont think she is the asshole her husband speaks spanish too so it isnt that hard for him to translate he said some very racist things about her parents not learning english i think the husband is definitely being an asshole,1.0,1,0.166666667,6,i don‚äôt think she is the asshole. her husband speaks spanish too so it isn‚äôt that hard for him to translate. he said some very racist things about her parents not learning english. i think the husband is definitely being an asshole.,5,42,226,1,2.5711109849630325,2.2724731698876615,0.0,0.019999999999999997,0.0,0.009999999999999998,0.009999999999999998,0.0,0.0,0.0,0.049999999999999996,0.0,0.049999999999999996,0.029999999999999995,0.019999999999999997,0.0,0.0,0.0,0.0,0.029999999999999995,0.0,0.009999999999999998,0.009999999999999998,0.029999999999999995,0.0,0.05999999999999999,0.0,0.009999999999999998,0.0,0.0,0.0,0.0,0.09999999999999999,0.029999999999999995,0.0,0.009999999999999998,0.0,0.0,0.019999999999999997,0.019999999999999997,0.009999999999999998,0.009999999999999998,0.009999999999999998,0.07999999999999999,0.0,0.029999999999999995,0.009999999999999998,0.049999999999999996,0.05999999999999999,0.029999999999999995,0.0,0.029999999999999995,0.0,0.0,0.019999999999999997,0.22999999999999998,0.0,0,0,0.8333333333333334,0.047619047619047616,0,0.0,0,0.2683333333333333,-0.018333333333333333,2.0831999999999997,easy,1.439,0,0,1,0,1,0,0,0,0,0,1,1,0,0,0,0,0,0,1,0,0
54,27,1,5d482eaa21c9be351f76399c,2020-04-22 20:58:25.541000+00:00,i believe she is not an asshole she believes that he married her and her family by not being willing to translate every so once in a while she is hurt he does not recognize the hurt which makes him the asshole,1.0,1,0.166666667,6,"i believe she is not an asshole. she believes that he married her and her family. by not being willing to translate (every so once in a while) she is hurt. he does not recognize the hurt, which makes him the asshole.",6,42,209,1,2.6690592782737137,2.357937445322202,0.0,0.0,0.009999999999999998,0.03,0.009999999999999998,0.009999999999999998,0.0,0.0,0.009999999999999998,0.0,0.07999999999999999,0.03,0.019999999999999997,0.0,0.0,0.0,0.0,0.019999999999999997,0.019999999999999997,0.009999999999999998,0.0,0.03,0.0,0.06,0.0,0.0,0.03,0.0,0.0,0.019999999999999997,0.10999999999999999,0.019999999999999997,0.0,0.0,0.0,0.009999999999999998,0.019999999999999997,0.009999999999999998,0.0,0.0,0.03,0.06999999999999999,0.0,0.039999999999999994,0.019999999999999997,0.039999999999999994,0.09,0.03,0.0,0.0,0.0,0.019999999999999997,0.009999999999999998,0.29,0.0,0,0,0.7619047619047619,0.023809523809523808,20,0.0036941437030265315,0,0.5,0.25,2.0831999999999997,easy,3.995,0,0,0,0,0,0,0,0,0,0,0,1,0,0,0,0,0,1,1,0,0
54,27,1,5e9f38249dc0406f8987768b,2020-04-22 20:58:29.090000+00:00,agree younggorilla,1.0,1,0.166666667,6,agree younggorilla,7,2,18,1,-1.1509241608428669,-0.9751692966248884,0.0,0.0,0.0,0.0,0.0,0.0,0.0,0.0,0.0,0.0,0.0,0.0,0.0,0.0,0.0,0.0,0.0,0.0,0.0,0.0,0.009999999999999998,0.0,0.0,0.0,0.0,0.0,0.009999999999999998,0.0,0.0,0.0,0.0,0.0,0.0,0.0,0.0,0.0,0.0,0.0,0.0,0.0,0.0,0.0,0.0,0.0,0.0,0.0,0.0,0.0,0.0,0.0,0.0,0.0,0.0,0.0,0.0,0,0,1.0,0.0,0,0.0,0,0.0,0.0,0.0992,easy,3.549,0,0,0,0,0,0,0,0,0,0,0,0,0,0,0,0,0,0,0,0,0
54,27,1,5d482ea821c9be351f7631eb,2020-04-22 20:58:42.507000+00:00,i totally agree she is not an asshole for it after all he is apart of the family now,1.0,1,0.166666667,6,i totally agree. she is not an asshole for it after all he is apart of the family now,8,19,84,1,0.4162485321280381,0.39225911032776406,0.0,0.0,0.009999999999999998,0.0,0.019999999999999997,0.0,0.0,0.0,0.019999999999999997,0.0,0.019999999999999997,0.009999999999999998,0.009999999999999998,0.0,0.0,0.0,0.0,0.009999999999999998,0.0,0.0,0.009999999999999998,0.0,0.0,0.019999999999999997,0.0,0.0,0.03,0.0,0.0,0.0,0.03,0.009999999999999998,0.0,0.0,0.0,0.0,0.009999999999999998,0.009999999999999998,0.0,0.0,0.009999999999999998,0.019999999999999997,0.0,0.019999999999999997,0.0,0.019999999999999997,0.03,0.03,0.0,0.0,0.0,0.0,0.009999999999999998,0.13999999999999999,0.0,0,0,0.9473684210526315,0.05263157894736842,0,0.0008051529790660225,0,0.75,0.0,0.9424,easy,13.417,0,0,0,0,0,0,0,0,0,0,0,1,0,0,0,0,0,0,0,0,0
54,27,1,5e9f38249dc0406f8987768b,2020-04-22 20:58:50.113000+00:00,agree likelyhippo,1.0,1,0.166666667,6,agree likelyhippo,9,2,17,1,-1.1509241608428669,-0.9751692966248884,0.0,0.0,0.0,0.0,0.0,0.0,0.0,0.0,0.0,0.0,0.0,0.0,0.0,0.0,0.0,0.0,0.0,0.0,0.0,0.0,0.01,0.0,0.0,0.0,0.0,0.0,0.0,0.0,0.0,0.0,0.0,0.0,0.0,0.0,0.0,0.0,0.0,0.0,0.0,0.01,0.0,0.0,0.0,0.0,0.0,0.0,0.01,0.0,0.0,0.0,0.0,0.0,0.0,0.0,0.0,0,0,1.0,0.0,0,0.0008051529790660225,0,0.0,0.0,0.0992,easy,7.606,0,0,0,0,0,0,0,0,0,0,0,0,0,0,0,0,0,0,0,0,0
54,27,1,5d482ea821c9be351f763194,2020-04-22 20:58:51.425000+00:00,okay i believe that the husband should make an effort to help out when you marry you marry not only the other person but the family,1.0,1,0.166666667,6,"okay, i believe that the husband should make an effort to help out. when you marry, you marry not only the other person, but the family",10,26,131,1,1.101886585302809,0.9905090383695495,0.01,0.0,0.01,0.02,0.0,0.01,0.0,0.01,0.02,0.0,0.0,0.01,0.0,0.0,0.0,0.0,0.0,0.02,0.0,0.0,0.01,0.01,0.01,0.02,0.01,0.0,0.02,0.0,0.0,0.0,0.060000000000000005,0.02,0.0,0.0,0.0,0.01,0.0,0.01,0.0,0.0,0.02,0.030000000000000002,0.0,0.04,0.01,0.01,0.060000000000000005,0.02,0.0,0.0,0.02,0.0,0.01,0.16,0.0,1,0,0.8461538461538461,0.038461538461538464,0,0.0,0,0.625,0.125,1.2895999999999999,easy,1.312,0,0,1,0,0,0,0,0,0,0,1,0,1,0,0,0,0,0,0,0,0
55,27,3,5e9f366c9dc0406f8987761f,2020-04-22 21:27:34.636000+00:00,i think the guy is privillaged for thinking that anyone can learn englishit is a very difficult langauge to pick up,1.0,0,0.0,2,i think the guy is privillaged for thinking that anyone can learn english--it is a very difficult langauge to pick up.,1,21,115,1,0.6121451187494011,0.43376773769124427,0.0,0.0,0.0,0.0,0.0,0.0,0.0,0.0,0.01,0.0,0.0,0.0,0.0,0.0,0.0,0.0,0.0,0.0,0.01,0.0,0.0,0.029999999999999995,0.01,0.04,0.0,0.0,0.01,0.0,0.0,0.0,0.02,0.02,0.0,0.01,0.0,0.01,0.0,0.01,0.0,0.01,0.0,0.04,0.0,0.02,0.0,0.029999999999999995,0.049999999999999996,0.029999999999999995,0.0,0.0,0.0,0.01,0.01,0.11,0.0,0,0,0.9523809523809523,0.047619047619047616,0,0.0,0,1.0,-0.65,1.0415999999999999,easy,0.0,0,0,1,0,1,0,0,0,0,0,0,1,0,0,0,0,0,0,1,0,0
55,27,3,5d482ea821c9be351f763194,2020-04-22 21:27:42.968000+00:00,i think this guy is the asshole he is racist he  is rude towards the wife,1.0,0,0.0,2,i think this guy is the asshole. he is racist. he  is rude towards the wife,2,16,73,1,0.1224036521959934,0.0,0.0,0.0,0.0,0.0,0.0,0.0,0.0,0.0,0.0,0.0,0.019999999999999997,0.0,0.009999999999999998,0.0,0.0,0.0,0.0,0.009999999999999998,0.009999999999999998,0.0,0.0,0.009999999999999998,0.009999999999999998,0.039999999999999994,0.0,0.0,0.009999999999999998,0.0,0.0,0.0,0.039999999999999994,0.009999999999999998,0.0,0.0,0.0,0.0,0.019999999999999997,0.009999999999999998,0.0,0.0,0.0,0.039999999999999994,0.0,0.019999999999999997,0.0,0.03,0.009999999999999998,0.009999999999999998,0.0,0.0,0.0,0.0,0.009999999999999998,0.09,0.0,0,0,0.75,0.0625,5,0.005822764107996313,0,0.6,-0.3,0.7936,easy,8.332,0,0,1,0,1,0,0,0,0,0,0,1,0,0,0,0,0,0,1,0,0
55,27,3,5d482ea821c9be351f7631eb,2020-04-22 21:27:46.093000+00:00,i think that the son in law could have been a bit more compassionate in expressing how he felt,1.0,0,0.0,2,i think that the son in law could have been a bit more compassionate in expressing how he felt,3,19,94,1,0.4162485321280381,0.2602606426147466,0.009999999999999998,0.0,0.0,0.009999999999999998,0.0,0.0,0.0,0.0,0.009999999999999998,0.0,0.009999999999999998,0.0,0.0,0.0,0.0,0.0,0.0,0.009999999999999998,0.0,0.019999999999999997,0.009999999999999998,0.019999999999999997,0.0,0.019999999999999997,0.0,0.019999999999999997,0.019999999999999997,0.0,0.0,0.0,0.039999999999999994,0.009999999999999998,0.0,0.0,0.0,0.009999999999999998,0.0,0.009999999999999998,0.009999999999999998,0.0,0.0,0.049999999999999996,0.0,0.019999999999999997,0.0,0.029999999999999995,0.049999999999999996,0.019999999999999997,0.0,0.009999999999999998,0.0,0.019999999999999997,0.009999999999999998,0.11,0.0,0,0,0.9473684210526315,0.05263157894736842,2,0.0005036151718260998,0,0.5,0.5,5.409952631578947,medium,3.125,0,0,1,0,1,0,0,0,0,0,0,1,0,0,0,0,0,1,0,0,0
55,27,3,5d482ea721c9be351f762eeb,2020-04-22 21:27:54.651000+00:00,he was very rude and disrespectful he could have talked much nicer he could compromise set up a certain time of the day he is availbable ,1.0,0,0.0,2,he was very rude and disrespectful. he could have talked much nicer. he could compromise. set up a certain time of the day he is availbable. ,4,26,137,1,1.1998348786134905,0.9542890229207375,0.02,0.0,0.0,0.01,0.01,0.01,0.0,0.0,0.01,0.0,0.04,0.0,0.0,0.0,0.0,0.0,0.0,0.0,0.01,0.01,0.02,0.0,0.0,0.02,0.0,0.02,0.04,0.0,0.0,0.0,0.05,0.0,0.0,0.0,0.0,0.0,0.01,0.0,0.0,0.0,0.0,0.060000000000000005,0.0,0.02,0.01,0.05,0.04,0.02,0.0,0.0,0.0,0.02,0.0,0.13,0.0,0,0,0.8461538461538461,0.0,9,0.0,0,0.5171428571428571,0.008095238095238091,1.2895999999999999,easy,8.558,0,0,0,0,0,0,0,0,0,0,0,0,0,0,0,0,0,1,1,0,0
55,27,3,5d482eaa21c9be351f763b2d,2020-04-22 21:27:57.084000+00:00,hes an asshole no 2 ways about it the family has a right to say hes being racist his white make privileges are showing,1.0,0,0.0,2,he‚äôs an asshole. no 2 ways about it. the family has a right to say he‚äôs being racist. his white make privileges are showing.,5,24,118,1,1.0039382919921274,0.7807819278442397,0.0,0.01,0.01,0.0,0.0,0.0,0.0,0.0,0.01,0.0,0.03,0.01,0.01,0.0,0.0,0.01,0.0,0.01,0.0,0.0,0.01,0.0,0.0,0.049999999999999996,0.0,0.0,0.01,0.0,0.0,0.0,0.049999999999999996,0.01,0.0,0.0,0.0,0.01,0.01,0.0,0.0,0.0,0.0,0.06,0.0,0.03,0.01,0.049999999999999996,0.01,0.02,0.0,0.02,0.0,0.02,0.0,0.11,0.0,0,0,0.9583333333333334,0.0,2,0.0,0,0.26785714285714285,0.14285714285714285,1.1904,easy,2.433,0,0,0,0,0,0,0,0,0,0,0,0,0,0,0,0,0,1,1,0,0
55,27,3,5e9f38249dc0406f8987768b,2020-04-22 21:27:58.873000+00:00,the soninlaw is overreacting to the situation he is a member of the family he needs to be more compassionate with them and understanding,1.0,0,0.0,2,the son-in-law is over-reacting to the situation. he is a member of the family. he needs to be more compassionate with them and understanding.,6,24,136,1,1.0039382919921274,0.7807819278442397,0.01,0.0,0.01,0.01,0.0,0.02,0.0,0.0,0.0,0.0,0.02,0.0,0.0,0.0,0.0,0.0,0.0,0.01,0.0,0.01,0.01,0.01,0.0,0.030000000000000006,0.0,0.0,0.0,0.0,0.0,0.0,0.05,0.0,0.0,0.0,0.0,0.0,0.0,0.0,0.0,0.0,0.0,0.04,0.0,0.04,0.01,0.030000000000000006,0.04,0.04,0.0,0.0,0.0,0.02,0.0,0.16,0.0,0,0,0.7916666666666666,0.0,6,0.0018181818181818182,0,0.5,0.5,6.80065,difficult,1.789,0,0,0,0,0,0,0,0,0,0,0,0,0,0,0,0,0,1,0,0,0
56,28,2,5ea0ca2c9dc0406f89889629,2020-04-22 23:48:22.688000+00:00,i think she is being an asshole i think her logic that her parents are immigrants and they worked hard therefore its an expectation her husband translate is flawed,1.0,3,0.428571429,7,"i think she is being an asshole. i think her logic that her parents are immigrants and they worked hard, therefore its an expectation her husband translate, is flawed",1,29,163,1,1.2977831719241721,1.5800470510525215,0.01,0.0,0.0,0.01,0.0,0.01,0.0,0.01,0.0,0.0,0.04,0.0,0.01,0.0,0.0,0.0,0.0,0.02,0.0,0.0,0.0,0.03,0.0,0.049999999999999996,0.0,0.01,0.0,0.0,0.0,0.0,0.06999999999999999,0.02,0.0,0.01,0.0,0.01,0.01,0.02,0.01,0.0,0.0,0.06999999999999999,0.0,0.02,0.01,0.04,0.06,0.0,0.0,0.01,0.0,0.01,0.02,0.16,0.0,0,0,0.7931034482758621,0.06896551724137931,0,0.0,0,0.5208333333333333,-0.39583333333333337,1.9828827586206894,easy,0.0,0,0,1,0,1,0,0,0,0,0,1,1,0,0,0,0,0,1,1,0,0
56,28,2,5d482eaa21c9be351f763b0f,2020-04-22 23:48:24.346000+00:00,i think the op is the asshole because she is just passing off work she doesnt want to do to her husband,1.0,3,0.428571429,7,i think the op is the asshole because she is just passing off work she doesn't want to do to her husband.,2,22,103,1,0.7100934120600827,0.9973718926909604,0.01,0.0,0.0,0.01,0.0,0.0,0.0,0.01,0.01,0.0,0.030000000000000002,0.01,0.01,0.0,0.0,0.0,0.0,0.01,0.0,0.0,0.0,0.01,0.0,0.060000000000000005,0.0,0.0,0.02,0.0,0.0,0.0,0.04,0.0,0.0,0.01,0.0,0.01,0.01,0.01,0.0,0.0,0.01,0.060000000000000005,0.0,0.02,0.02,0.04,0.04,0.030000000000000002,0.0,0.0,0.0,0.01,0.01,0.13999999999999999,0.0,0,0,0.8181818181818182,0.045454545454545456,5,0.0015516221408277456,0,0.0,0.0,1.0912,easy,1.658,0,0,1,0,1,0,0,0,0,0,0,1,0,0,0,0,0,1,0,0,0
56,28,2,5d482ea821c9be351f7630e1,2020-04-22 23:48:45.475000+00:00,i agree i dont think she should expect her husband to automatically take responsibility without having a conversation,1.0,3,0.428571429,7,"i agree, i don't think she should expect her husband to automatically take responsibility without having a conversation.",3,18,117,1,0.22035194550667497,0.5118092607229928,0.02,0.0,0.0,0.0,0.0,0.0,0.0,0.01,0.0,0.0,0.02,0.02,0.0,0.0,0.0,0.0,0.0,0.01,0.0,0.0,0.01,0.01,0.0,0.029999999999999995,0.01,0.0,0.0,0.0,0.01,0.0,0.04,0.0,0.0,0.01,0.0,0.0,0.0,0.02,0.0,0.0,0.01,0.049999999999999996,0.0,0.01,0.0,0.029999999999999995,0.049999999999999996,0.02,0.0,0.0,0.0,0.01,0.02,0.08,0.0,0,0,0.9444444444444444,0.1111111111111111,3,0.0013866003257487765,0,0.0,0.0,7.160966666666666,difficult,21.129,0,0,1,0,1,0,0,0,0,0,1,1,0,0,0,0,0,0,0,0,0
56,28,2,5d482ea821c9be351f7633b5,2020-04-22 23:48:58.917000+00:00,the girl is the asshole in this case her husband should not be the sole helper for her mom ,1.0,3,0.428571429,7,the girl is the asshole in this case. her husband should not be the sole helper for her mom. ,4,19,91,1,0.5141968254387196,0.8031468399037733,0.010000000000000002,0.0,0.0,0.0,0.0,0.0,0.0,0.0,0.0,0.0,0.020000000000000004,0.010000000000000002,0.010000000000000002,0.0,0.0,0.0,0.0,0.020000000000000004,0.0,0.0,0.010000000000000002,0.0,0.010000000000000002,0.010000000000000002,0.010000000000000002,0.0,0.010000000000000002,0.0,0.0,0.0,0.060000000000000005,0.010000000000000002,0.0,0.0,0.0,0.0,0.010000000000000002,0.0,0.0,0.0,0.010000000000000002,0.030000000000000002,0.0,0.030000000000000002,0.0,0.030000000000000002,0.020000000000000004,0.020000000000000004,0.0,0.0,0.0,0.0,0.0,0.12000000000000001,0.0,0,0,0.8421052631578947,0.0,3,0.000727802037845706,0,0.25,0.0,0.9424,easy,13.442,0,0,1,0,0,0,0,0,0,0,0,0,0,0,0,0,0,0,0,0,0
56,28,2,5ea0c87e9dc0406f898895c7,2020-04-22 23:49:09.867000+00:00,even if its only for a few minutes also we dont know how often her parents call to ask for help i do think her parents should try to learn a little english though for being here for so long,1.0,3,0.428571429,7,even if it's only for a few minutes? also we don't know how often her parents call to ask for help. i do think her parents should try to learn a little english though for being here for so long.,5,40,189,1,2.375214398341669,2.64828484138205,0.019999999999999997,0.0,0.0,0.049999999999999996,0.0,0.009999999999999998,0.0,0.009999999999999998,0.07999999999999999,0.0,0.019999999999999997,0.009999999999999998,0.0,0.0,0.0,0.0,0.0,0.019999999999999997,0.0,0.009999999999999998,0.0,0.029999999999999995,0.0,0.05999999999999999,0.009999999999999998,0.0,0.029999999999999995,0.0,0.0,0.0,0.07999999999999999,0.009999999999999998,0.0,0.009999999999999998,0.0,0.009999999999999998,0.0,0.009999999999999998,0.0,0.019999999999999997,0.009999999999999998,0.07999999999999999,0.0,0.019999999999999997,0.009999999999999998,0.039999999999999994,0.07999999999999999,0.05999999999999999,0.009999999999999998,0.0,0.0,0.019999999999999997,0.019999999999999997,0.21999999999999997,0.009999999999999998,1,0,0.825,0.05,7,0.0,1,0.4,-0.0875,1.984,easy,10.95,0,0,1,0,1,0,0,0,0,1,1,0,0,0,0,0,0,0,0,0,0
56,28,2,5ea0ca2c9dc0406f89889629,2020-04-22 23:49:43.648000+00:00,i get the familial thing but by expecting him to step up to the plate also just feels demanding on her part,1.0,3,0.428571429,7,"i get the familial thing, but by expecting him to ""step up to the plate"" also just feels demanding on her part",6,22,107,1,0.7100934120600827,0.9973718926909604,0.01,0.0,0.0,0.02,0.0,0.0,0.0,0.0,0.02,0.0,0.02,0.0,0.0,0.0,0.0,0.0,0.0,0.0,0.0,0.01,0.0,0.01,0.0,0.02,0.0,0.0,0.030000000000000002,0.0,0.0,0.0,0.02,0.01,0.0,0.0,0.0,0.0,0.0,0.01,0.01,0.0,0.02,0.02,0.0,0.02,0.02,0.0,0.04,0.05,0.0,0.01,0.0,0.0,0.01,0.12000000000000001,0.0,0,0,0.9090909090909091,0.045454545454545456,3,0.002147214988586931,0,0.0,0.0,1.0912,easy,33.781,0,0,1,0,0,0,0,0,0,0,0,1,0,0,0,0,0,0,0,0,0
56,28,2,5d482ea821c9be351f7633b5,2020-04-22 23:49:52.372000+00:00,thats true but it sounds as though its frequently and yes they should be learning english,1.0,3,0.428571429,7,"that;s true. but it sounds as though it's frequently. and yes, they should be learning english.",7,16,89,1,0.22035194550667497,0.5118092607229928,0.01,0.01,0.0,0.04,0.01,0.01,0.0,0.0,0.02,0.0,0.0,0.0,0.0,0.0,0.0,0.0,0.0,0.0,0.0,0.0,0.01,0.01,0.0,0.01,0.01,0.0,0.01,0.0,0.0,0.0,0.01,0.03,0.0,0.01,0.0,0.0,0.0,0.0,0.0,0.0,0.01,0.03,0.0,0.0,0.03,0.03,0.05,0.01,0.0,0.01,0.0,0.0,0.0,0.08,0.0,0,0,1.0,0.0,1,0.0,0,0.31666666666666665,0.15,0.7936,easy,8.724,0,0,1,0,0,0,0,0,0,0,0,0,0,0,0,0,0,0,0,0,0
56,28,2,5d482ea821c9be351f7630e1,2020-04-22 23:50:03.398000+00:00,yeah i dont think the issue is how long i think its the principle of it,1.0,3,0.428571429,7,"yeah i don't think the issue is how long, i think it's the principle of it",8,16,71,1,0.024455358885311848,0.31758420793580583,0.0,0.0,0.0,0.01,0.0,0.0,0.0,0.0,0.01,0.0,0.0,0.01,0.0,0.0,0.0,0.0,0.0,0.0,0.0,0.0,0.0,0.02,0.0,0.04,0.0,0.0,0.01,0.0,0.0,0.0,0.0,0.02,0.0,0.0,0.0,0.01,0.0,0.02,0.0,0.0,0.0,0.04,0.0,0.02,0.0,0.02,0.04,0.01,0.0,0.0,0.0,0.0,0.02,0.09,0.0,0,0,0.8125,0.125,2,0.0,0,0.4,-0.05,0.7936,easy,11.026,0,0,1,0,1,0,0,0,0,0,1,0,0,0,0,0,0,0,1,0,0
56,28,2,5ea0969c9dc0406f8988301d,2020-04-22 23:50:17.169000+00:00,i feel like this could be solved with more communication they shouldnt feel entitled that the husband has to help,1.0,3,0.428571429,7,i feel like this could be solved with more communication. they shouldn't feel entitled that the husband has to help.,9,20,113,1,0.5141968254387196,0.8031468399037733,0.019999999999999997,0.0,0.0,0.0,0.0,0.009999999999999998,0.0,0.009999999999999998,0.0,0.0,0.0,0.009999999999999998,0.0,0.0,0.0,0.0,0.0,0.009999999999999998,0.0,0.009999999999999998,0.009999999999999998,0.029999999999999995,0.0,0.029999999999999995,0.009999999999999998,0.0,0.0,0.0,0.0,0.0,0.039999999999999994,0.019999999999999997,0.0,0.0,0.0,0.009999999999999998,0.0,0.009999999999999998,0.019999999999999997,0.0,0.0,0.05999999999999999,0.0,0.009999999999999998,0.0,0.039999999999999994,0.05999999999999999,0.019999999999999997,0.0,0.019999999999999997,0.0,0.009999999999999998,0.009999999999999998,0.09999999999999999,0.0,0,0,0.95,0.05,1,0.00015518311607697082,0,0.5,0.5,1.7815,easy,13.771,0,0,1,0,1,0,0,0,0,0,0,1,0,0,0,0,0,1,0,0,0
56,28,2,5d482eab21c9be351f763eae,2020-04-22 23:50:20.808000+00:00,i feel the husband is just getting tired of answering their requests ,1.0,3,0.428571429,7,i feel the husband is just getting tired of answering their requests. ,10,12,69,1,-0.2693895210467328,0.026246628755025266,0.0,0.0,0.0,0.0,0.0,0.0,0.01,0.0,0.01,0.0,0.0,0.0,0.0,0.0,0.01,0.0,0.0,0.01,0.0,0.0,0.0,0.02,0.0,0.02,0.0,0.0,0.0,0.0,0.0,0.0,0.029999999999999995,0.0,0.0,0.0,0.0,0.0,0.0,0.01,0.01,0.0,0.01,0.02,0.0,0.01,0.01,0.01,0.029999999999999995,0.01,0.0,0.01,0.0,0.0,0.01,0.05999999999999999,0.0,0,0,1.0,0.08333333333333333,1,0.00249070219572332,0,0.7,-0.4,0.5952,easy,3.639,0,0,1,0,1,0,0,0,0,0,0,1,0,0,0,0,0,0,1,0,0
57,28,3,5ea0ca2c9dc0406f89889629,2020-04-23 00:03:01.214000+00:00,i think hes an asshole  i get wheres hes coming from but the way hes going about it is 100 asshole,0.833333333,3,0.5,6,"i think hes an asshole.  i get wheres hes coming from, but the way hes going about it is 100% asshole.",1,21,98,1,0.5141968254387196,0.27275027506971894,0.0,0.0,0.0,0.009999999999999998,0.0,0.0,0.0,0.0,0.009999999999999998,0.0,0.03,0.0,0.019999999999999997,0.0,0.0,0.0,0.0,0.0,0.0,0.0,0.0,0.009999999999999998,0.0,0.06999999999999999,0.0,0.0,0.039999999999999994,0.0,0.0,0.0,0.03,0.009999999999999998,0.0,0.0,0.0,0.0,0.019999999999999997,0.019999999999999997,0.0,0.0,0.009999999999999998,0.06999999999999999,0.0,0.019999999999999997,0.009999999999999998,0.05,0.019999999999999997,0.019999999999999997,0.0,0.0,0.0,0.0,0.019999999999999997,0.09,0.0,0,0,0.8095238095238095,0.09523809523809523,0,0.0,0,0.0,0.0,1.0415999999999999,easy,0.0,0,0,1,0,1,0,0,0,0,0,1,1,0,0,0,0,0,0,0,0,0
57,28,3,5ea0969c9dc0406f8988301d,2020-04-23 00:03:05.879000+00:00,i think the way that this guy approached it and his mindset makes him the asshole yep lol,0.833333333,3,0.5,6,i think the way that this guy approached it and his mindset makes him the asshole yep lol,2,18,89,1,0.31830023881735653,0.05844648751493989,0.0,0.0,0.0,0.01,0.0,0.01,0.0,0.0,0.0,0.0,0.02,0.0,0.01,0.0,0.0,0.0,0.0,0.0,0.0,0.0,0.0,0.01,0.01,0.02,0.0,0.0,0.02,0.0,0.0,0.0,0.03,0.03,0.0,0.0,0.0,0.01,0.01,0.01,0.0,0.0,0.0,0.02,0.0,0.02,0.01,0.0,0.03,0.0,0.0,0.0,0.0,0.0,0.01,0.09,0.0,0,0,0.9444444444444444,0.05555555555555555,3,0.002831852231496096,0,0.7,0.8,0.8927999999999999,easy,4.665,0,0,1,0,1,0,0,0,0,0,0,1,0,0,0,0,0,0,0,0,0
57,28,3,5d482ea821c9be351f7630e1,2020-04-23 00:03:15.691000+00:00,yeah i think his mindset makes him the asshole too,0.833333333,3,0.5,6,"yeah, i think his mindset makes him the asshole too",3,10,50,1,-0.4652861076680959,-0.7987686627041765,0.0,0.0,0.0,0.0,0.0,0.0,0.0,0.0,0.01,0.0,0.02,0.0,0.01,0.0,0.0,0.0,0.0,0.0,0.0,0.0,0.0,0.01,0.0,0.02,0.0,0.0,0.0,0.0,0.0,0.0,0.02,0.0,0.0,0.0,0.0,0.01,0.01,0.01,0.0,0.0,0.0,0.02,0.0,0.01,0.0,0.0,0.02,0.0,0.0,0.0,0.0,0.0,0.01,0.05,0.0,0,0,1.0,0.1,3,0.13092586091930858,0,0.0,0.0,0.496,easy,9.812,0,0,1,0,1,0,0,0,0,0,1,0,0,0,0,0,0,0,0,0,0
57,28,3,5d482eaa21c9be351f763b0f,2020-04-23 00:03:35.165000+00:00,yeah i think he might be leaving something out of the story with the way hes wording it,0.833333333,3,0.5,6,yeah i think he might be leaving something out of the story with the way hes wording it,4,18,87,1,0.31830023881735653,0.05844648751493989,0.0,0.0,0.0,0.0,0.0,0.02,0.0,0.0,0.0,0.0,0.02,0.0,0.0,0.0,0.0,0.0,0.0,0.0,0.0,0.0,0.0,0.01,0.0,0.02,0.01,0.0,0.03,0.0,0.0,0.0,0.03,0.02,0.0,0.0,0.0,0.0,0.0,0.01,0.0,0.02,0.01,0.04,0.0,0.02,0.0,0.03,0.06,0.03,0.0,0.0,0.0,0.0,0.01,0.09,0.0,0,0,0.9444444444444444,0.05555555555555555,3,0.0005036151718260998,0,0.0,0.0,0.8927999999999999,easy,19.474,0,0,1,0,1,0,0,0,0,0,1,0,0,0,0,0,0,0,0,0,0
57,28,3,5d482ea821c9be351f7633b5,2020-04-23 00:03:40.294000+00:00,it sounds as though he has been thoughtful about i he has asked her to learn english so shes not so dependent on him seems fair to me,0.833333333,3,0.5,6,it sounds as though he has been thoughtful about i. he has asked her to learn english so she's not so dependent on him. seems fair to me.,5,28,133,1,1.2977831719241721,1.1299654252888354,0.0,0.01,0.0,0.04,0.0,0.0,0.0,0.0,0.04,0.0,0.05,0.01,0.0,0.0,0.0,0.0,0.0,0.0,0.0,0.0,0.01,0.02,0.0,0.04,0.0,0.02,0.01,0.0,0.0,0.0,0.06,0.01,0.0,0.01,0.0,0.0,0.0,0.02,0.0,0.01,0.01,0.06,0.0,0.0,0.02,0.04,0.03,0.05,0.0,0.01,0.0,0.02,0.02,0.18,0.0,0,0,0.8571428571428571,0.03571428571428571,3,0.00015518311607697082,0,0.4666666666666666,0.3666666666666667,1.3888,easy,5.129,0,0,1,0,0,0,0,0,0,0,1,0,0,0,0,0,1,1,0,0,0
57,28,3,5ea0ca2c9dc0406f89889629,2020-04-23 00:04:11.453000+00:00,true there can be a difference in the way he spoke to his mother in law versus his true thougts,0.833333333,3,0.5,6,true there can be a difference in the way he spoke to his mother in law versus his true thougts,6,20,95,1,0.6121451187494011,0.3799021688471085,0.0,0.009999999999999998,0.0,0.0,0.019999999999999997,0.0,0.0,0.0,0.009999999999999998,0.0,0.03,0.0,0.0,0.0,0.0,0.0,0.0,0.009999999999999998,0.0,0.009999999999999998,0.019999999999999997,0.0,0.0,0.009999999999999998,0.0,0.009999999999999998,0.03,0.0,0.0,0.0,0.049999999999999996,0.0,0.0,0.0,0.0,0.0,0.0,0.0,0.0,0.0,0.009999999999999998,0.03,0.0,0.019999999999999997,0.0,0.019999999999999997,0.049999999999999996,0.03,0.0,0.009999999999999998,0.0,0.009999999999999998,0.0,0.11,0.0,0,0,0.85,0.0,2,0.0,0,0.65,0.35,0.992,easy,31.159,0,0,0,0,0,0,0,0,0,0,0,0,0,0,0,0,0,0,0,0,0
57,28,3,5d482ea821c9be351f7630e1,2020-04-23 00:04:11.959000+00:00,yes but he wasnt genuinely looking out for her good it was just a way for him to disguise his annoyance,0.833333333,3,0.5,6,"yes, but he wasn't genuinely looking out for her good, it was just a way for him to disguise his annoyance",7,21,103,1,0.7100934120600827,0.487054062624498,0.0,0.0,0.0,0.01,0.0,0.01,0.0,0.0,0.01,0.0,0.04,0.01,0.0,0.0,0.0,0.01,0.0,0.0,0.0,0.0,0.01,0.0,0.0,0.0,0.0,0.02,0.02,0.0,0.0,0.0,0.04,0.01,0.0,0.0,0.0,0.0,0.01,0.0,0.0,0.0,0.02,0.02,0.0,0.01,0.030000000000000002,0.02,0.030000000000000002,0.04,0.0,0.01,0.0,0.02,0.0,0.13,0.0,0,0,0.9523809523809523,0.0,4,0.002008032128514056,0,0.55,0.55,1.0415999999999999,easy,0.506,0,0,0,0,0,0,0,0,0,0,0,0,0,0,0,0,0,1,1,0,0
57,28,3,5d482eab21c9be351f763eae,2020-04-23 00:04:24.794000+00:00,im on this guys side its probably getting old translating for this woman he was being helpful recommending helping her learn english,0.833333333,3,0.5,6,i'm on this guy's side. it's probably getting old translating for this woman. he was being helpful recommending helping her learn english.,8,22,132,1,0.8080417053707643,0.5942059564018876,0.0,0.0,0.0,0.0,0.0,0.0,0.0,0.0,0.01,0.0,0.02,0.0,0.0,0.0,0.0,0.0,0.0,0.0,0.0,0.0,0.02,0.01,0.02,0.0,0.0,0.01,0.030000000000000002,0.0,0.0,0.0,0.060000000000000005,0.030000000000000002,0.0,0.01,0.0,0.0,0.0,0.0,0.0,0.01,0.0,0.02,0.0,0.0,0.0,0.02,0.02,0.02,0.0,0.0,0.0,0.02,0.0,0.09,0.01,0,0,0.9545454545454546,0.0,4,0.0,1,0.1,0.05,1.808927272727273,easy,12.835,0,0,1,0,0,0,0,0,0,0,0,1,0,0,0,0,0,1,0,0,0
57,28,3,5ea0c87e9dc0406f898895c7,2020-04-23 00:04:27.946000+00:00,she cant even do basic errands without him so i would understand why he would be annoyed,0.833333333,3,0.5,6,she can't even do basic errands without him so i would understand why he would be annoyed.,9,17,88,1,0.22035194550667497,-0.04870540626244965,0.02,0.0,0.0,0.01,0.0,0.0,0.0,0.0,0.02,0.0,0.03,0.02,0.0,0.0,0.0,0.0,0.0,0.0,0.0,0.0,0.0,0.01,0.0,0.03,0.02,0.0,0.0,0.0,0.0,0.0,0.03,0.0,0.0,0.0,0.0,0.01,0.01,0.01,0.0,0.0,0.01,0.06,0.0,0.0,0.01,0.049999999999999996,0.049999999999999996,0.01,0.0,0.0,0.0,0.0,0.01,0.08,0.0,0,0,0.9411764705882353,0.058823529411764705,1,0.0,0,0.4625,-0.2,0.8432,easy,3.152,0,0,0,0,0,0,0,0,0,0,1,0,0,0,0,0,0,0,1,0,0
58,29,0,5d482eab21c9be351f763e96,2020-04-22 23:09:00.523000+00:00,my initial impression is that the person is the asshole in the situation,1.0,1,0.25,4,my initial impression is that the person is the asshole in the situation.,1,13,72,1,-0.07349293442536971,-0.0747305218586572,0.0,0.0,0.0,0.0,0.0,0.0,0.0,0.0,0.0,0.0,0.0,0.0,0.009999999999999998,0.0,0.0,0.0,0.0,0.0,0.0,0.0,0.009999999999999998,0.0,0.009999999999999998,0.019999999999999997,0.0,0.0,0.019999999999999997,0.0,0.0,0.0,0.009999999999999998,0.009999999999999998,0.0,0.0,0.0,0.0,0.009999999999999998,0.009999999999999998,0.0,0.0,0.0,0.019999999999999997,0.0,0.03,0.0,0.019999999999999997,0.0,0.009999999999999998,0.0,0.0,0.0,0.0,0.009999999999999998,0.07999999999999999,0.0,0,0,0.7692307692307693,0.0,0,0.0,0,0.0,0.0,0.6447999999999999,easy,0.0,0,0,0,0,0,0,0,0,0,0,0,1,0,0,0,0,0,0,0,0,0
58,29,0,5e9f147a9dc0406f898754ae,2020-04-22 23:09:10.270000+00:00,my initial impression is that no this person is not an asshole she is right that in marriage your spouses family becomes your family,1.0,1,0.25,4,"my initial impression is that no, this person is not an asshole. she is right that in marriage, your spouse's family becomes your family.",2,24,132,1,1.0039382919921274,1.2131254715055355,0.0,0.0,0.02,0.0,0.0,0.0,0.0,0.0,0.0,0.0,0.01,0.02,0.01,0.0,0.0,0.0,0.0,0.030000000000000002,0.0,0.0,0.01,0.01,0.01,0.04,0.0,0.0,0.030000000000000002,0.0,0.0,0.0,0.08,0.030000000000000002,0.0,0.0,0.0,0.0,0.01,0.01,0.0,0.0,0.01,0.04,0.0,0.01,0.01,0.04,0.02,0.01,0.0,0.0,0.02,0.01,0.01,0.14,0.0,0,0,0.7916666666666666,0.0,7,0.025779679504478147,0,0.26785714285714285,0.14285714285714285,1.1904,easy,9.747,0,0,0,0,0,0,0,0,0,0,0,1,1,0,0,0,0,1,0,0,0
58,29,0,5de2ba46b50e5a679ae873f9,2020-04-22 23:09:12.527000+00:00,my initial response is they are not,1.0,1,0.25,4,my initial response is they are not,3,7,35,1,-0.6611826942894591,-0.777197427330035,0.0,0.0,0.0,0.0,0.0,0.0,0.0,0.0,0.0,0.0,0.0,0.009999999999999998,0.0,0.0,0.0,0.0,0.0,0.0,0.0,0.0,0.0,0.0,0.0,0.019999999999999997,0.0,0.0,0.009999999999999998,0.0,0.0,0.0,0.009999999999999998,0.0,0.0,0.0,0.0,0.009999999999999998,0.0,0.009999999999999998,0.0,0.0,0.009999999999999998,0.019999999999999997,0.0,0.0,0.0,0.019999999999999997,0.019999999999999997,0.0,0.0,0.0,0.0,0.0,0.009999999999999998,0.049999999999999996,0.0,0,0,1.0,0.0,3,0.011235955056179775,0,0.0,0.0,0.3472,easy,2.257,0,0,0,0,0,0,0,0,0,0,0,1,0,0,0,0,0,0,0,0,0
58,29,0,5d482eaa21c9be351f763a60,2020-04-22 23:09:20.790000+00:00,i think she is being a little bit of an asshole because she assumed her husband would take on translating without asking him frist,1.0,1,0.25,4,i think she is being a little bit of an asshole because she assumed her husband would take on translating without asking him frist,4,24,130,1,0.9059899986814458,1.0960476539269726,0.01,0.0,0.0,0.01,0.0,0.0,0.0,0.0,0.0,0.0,0.04,0.01,0.01,0.0,0.0,0.0,0.0,0.01,0.0,0.01,0.0,0.02,0.0,0.030000000000000002,0.01,0.0,0.02,0.0,0.0,0.0,0.060000000000000005,0.0,0.0,0.0,0.0,0.01,0.01,0.01,0.0,0.01,0.01,0.05,0.0,0.02,0.01,0.030000000000000002,0.05,0.030000000000000002,0.0,0.0,0.0,0.01,0.01,0.12000000000000001,0.01,0,0,0.9583333333333334,0.041666666666666664,1,0.0,1,0.5,-0.1875,1.1904,easy,8.263,0,0,1,0,1,0,0,0,0,0,0,1,0,0,0,0,0,0,0,0,0
58,29,0,5d482ea721c9be351f762f75,2020-04-22 23:09:30.448000+00:00,i dont think she is the asshole the inconvenience of translating for a family member is less than the benefit gained from the person being able to navigate life,1.0,1,0.25,4,i don't think she is the asshole. the inconvenience of translating for a family member is less than the benefit gained from the person being able to navigate life.,5,29,160,1,1.3957314652348536,1.6814367418197875,0.0,0.0,0.010000000000000002,0.0,0.0,0.0,0.010000000000000002,0.020000000000000004,0.0,0.0,0.010000000000000002,0.010000000000000002,0.010000000000000002,0.0,0.010000000000000002,0.0,0.0,0.010000000000000002,0.0,0.010000000000000002,0.010000000000000002,0.010000000000000002,0.010000000000000002,0.04000000000000001,0.0,0.0,0.0,0.0,0.0,0.0,0.03,0.0,0.0,0.0,0.0,0.0,0.010000000000000002,0.010000000000000002,0.0,0.0,0.0,0.05,0.0,0.05,0.0,0.04000000000000001,0.010000000000000002,0.05,0.0,0.0,0.0,0.03,0.010000000000000002,0.15000000000000002,0.0,0,0,0.8620689655172413,0.034482758620689655,6,0.00902054141445745,0,0.3458333333333333,0.16666666666666669,1.9828827586206894,easy,9.658,0,0,1,0,1,0,0,0,0,0,0,1,0,0,0,0,0,1,1,0,0
58,29,0,5de2ba46b50e5a679ae873f9,2020-04-22 23:09:37.500000+00:00,no she asked him to help at first and the mom just started going to him,1.0,1,0.25,4,no she asked him to help at first and the mom just started going to him,6,16,71,1,0.22035194550667497,0.2765029308770317,0.0,0.0,0.0,0.01,0.0,0.01,0.0,0.01,0.01,0.0,0.03,0.01,0.0,0.0,0.0,0.0,0.0,0.01,0.0,0.0,0.0,0.0,0.0,0.0,0.0,0.02,0.04,0.0,0.0,0.0,0.06,0.0,0.0,0.0,0.0,0.0,0.0,0.0,0.0,0.0,0.01,0.02,0.0,0.01,0.03,0.0,0.02,0.03,0.0,0.0,0.0,0.0,0.0,0.1,0.0,0,0,0.875,0.0,4,0.0,0,0.3333333333333333,0.25,0.7936,easy,7.052,0,0,0,0,0,0,0,0,0,0,0,0,0,0,0,0,0,0,0,0,0
58,29,0,5e9f147a9dc0406f898754ae,2020-04-22 23:09:37.925000+00:00,and since they are part of the family her husband should be willing to help out ,1.0,1,0.25,4,"and since they are part of the family, her husband should be willing to help out. ",7,16,80,1,0.22035194550667497,0.2765029308770317,0.010000000000000002,0.0,0.010000000000000002,0.010000000000000002,0.0,0.020000000000000004,0.0,0.0,0.0,0.0,0.010000000000000002,0.0,0.0,0.0,0.0,0.0,0.0,0.020000000000000004,0.0,0.010000000000000002,0.0,0.0,0.0,0.010000000000000002,0.010000000000000002,0.0,0.010000000000000002,0.0,0.0,0.0,0.06,0.0,0.0,0.0,0.0,0.010000000000000002,0.0,0.0,0.0,0.0,0.0,0.03,0.0,0.010000000000000002,0.010000000000000002,0.03,0.04000000000000001,0.04000000000000001,0.0,0.0,0.0,0.010000000000000002,0.0,0.1,0.0,0,0,1.0,0.0,3,0.0010834236186348862,0,0.75,0.25,0.7936,easy,0.425,0,0,1,0,0,0,0,0,0,0,0,0,0,0,0,0,1,1,0,0,0
58,29,0,5d482eaa21c9be351f763a7c,2020-04-22 23:09:38.686000+00:00,my initial impression is not an asshole,1.0,1,0.25,4,my initial impression is not an asshole.,8,7,39,1,-0.6611826942894591,-0.777197427330035,0.0,0.0,0.0,0.0,0.0,0.0,0.0,0.0,0.0,0.0,0.0,0.01,0.01,0.0,0.0,0.0,0.0,0.0,0.0,0.0,0.01,0.0,0.0,0.01,0.0,0.0,0.01,0.0,0.0,0.0,0.0,0.0,0.0,0.0,0.0,0.0,0.01,0.01,0.0,0.0,0.01,0.01,0.0,0.01,0.0,0.01,0.01,0.0,0.0,0.0,0.0,0.0,0.01,0.04,0.0,0,0,1.0,0.0,0,0.0,0,0.0,0.0,0.3472,easy,0.761,0,0,0,0,0,0,0,0,0,0,0,1,0,0,0,0,0,0,0,0,0
58,29,0,5ea0a8269dc0406f89885406,2020-04-22 23:09:55.826000+00:00,i dont think she is an asshole you help family,1.0,1,0.25,4,"i don't think she is an asshole, you help family.",9,10,46,1,-0.4652861076680959,-0.543041792172909,0.0,0.0,0.01,0.0,0.0,0.0,0.0,0.0,0.0,0.0,0.01,0.01,0.01,0.0,0.0,0.0,0.0,0.01,0.0,0.0,0.0,0.01,0.0,0.03,0.0,0.0,0.0,0.0,0.0,0.0,0.04,0.0,0.0,0.0,0.0,0.0,0.01,0.01,0.0,0.0,0.0,0.03,0.0,0.01,0.0,0.02,0.01,0.0,0.0,0.0,0.01,0.0,0.01,0.05,0.0,0,0,1.0,0.1,2,0.0003202049311559398,0,0.0,0.0,0.496,easy,17.14,0,0,1,0,1,0,0,0,0,0,0,1,1,0,0,0,0,0,0,0,0
58,29,0,5d482ea721c9be351f762f75,2020-04-22 23:09:58.590000+00:00,well it doesnt say she didnt ask him this sounds like something they have discussed,1.0,1,0.25,4,"well, it doesn't say she didn't ask him. this sounds like something they have discussed.",10,15,83,1,0.1224036521959934,0.15942511329846876,0.0,0.02,0.0,0.0,0.0,0.0,0.0,0.0,0.01,0.0,0.02,0.02,0.0,0.0,0.0,0.0,0.0,0.0,0.0,0.0,0.02,0.0,0.0,0.03,0.0,0.01,0.0,0.0,0.0,0.0,0.06,0.03,0.0,0.0,0.0,0.0,0.0,0.0,0.0,0.01,0.01,0.04,0.0,0.0,0.01,0.03,0.01,0.0,0.0,0.02,0.0,0.02,0.0,0.06,0.0,0,0,1.0,0.0,1,0.0,0,0.0,0.0,0.744,easy,2.764,0,0,0,0,0,0,0,0,0,0,0,0,0,0,0,0,0,1,0,0,0
58,29,0,5d482eab21c9be351f763e96,2020-04-22 23:09:59.595000+00:00,i agree with culturedgorilla i think she should take into consideration what he feels before she just gives him tasks he doesnt want to do,1.0,1,0.25,4,i agree with culturedgorilla i think she should take into consideration what he feels before she just gives him tasks he doesn't want to do,11,25,138,1,0.9059899986814458,1.0960476539269726,0.02,0.0,0.0,0.0,0.0,0.02,0.0,0.0,0.01,0.0,0.049999999999999996,0.01,0.0,0.0,0.0,0.0,0.0,0.0,0.0,0.0,0.01,0.02,0.0,0.06999999999999999,0.01,0.0,0.02,0.0,0.0,0.0,0.06999999999999999,0.01,0.0,0.0,0.0,0.0,0.0,0.02,0.01,0.0,0.01,0.08,0.0,0.0,0.01,0.029999999999999995,0.06999999999999999,0.04,0.0,0.01,0.0,0.0,0.02,0.15,0.0,0,0,0.88,0.08,3,0.002127659574468085,0,0.0,0.0,1.8716,easy,1.005,0,0,1,0,1,0,0,0,0,0,1,1,0,0,0,0,0,0,0,0,0
58,29,0,5e9f147a9dc0406f898754ae,2020-04-22 23:10:17.902000+00:00,and i would also think that her husband would be more understanding of cultural differences,1.0,1,0.25,4,and i would also think that her husband would be more understanding of cultural differences,12,15,91,1,0.024455358885311848,0.04234729571990578,0.020000000000000004,0.0,0.0,0.020000000000000004,0.0,0.010000000000000002,0.0,0.0,0.010000000000000002,0.0,0.010000000000000002,0.0,0.0,0.0,0.0,0.0,0.0,0.010000000000000002,0.0,0.020000000000000004,0.0,0.020000000000000004,0.0,0.010000000000000002,0.020000000000000004,0.0,0.0,0.0,0.0,0.0,0.030000000000000002,0.010000000000000002,0.0,0.0,0.0,0.0,0.0,0.010000000000000002,0.0,0.0,0.0,0.04000000000000001,0.0,0.0,0.010000000000000002,0.030000000000000002,0.060000000000000005,0.010000000000000002,0.0,0.0,0.0,0.0,0.010000000000000002,0.07,0.0,0,0,0.9333333333333333,0.06666666666666667,0,0.0005036151718260998,0,0.3,0.3,5.433166666666667,medium,18.307,0,0,1,0,1,0,0,0,0,0,1,0,0,0,0,0,1,0,0,0,0
59,29,1,5d482ea721c9be351f762f75,2020-04-22 23:23:09.264000+00:00,this guy is the asshole,1.0,1,0.25,4,this guy is the asshole.,1,5,23,1,-0.8570792809108222,-0.5351145367830822,0.0,0.0,0.0,0.0,0.0,0.0,0.0,0.0,0.0,0.0,0.0,0.0,0.01,0.0,0.0,0.0,0.0,0.0,0.0,0.0,0.0,0.0,0.01,0.01,0.0,0.0,0.0,0.0,0.0,0.0,0.01,0.01,0.0,0.0,0.0,0.0,0.01,0.0,0.0,0.0,0.0,0.01,0.0,0.01,0.0,0.01,0.0,0.0,0.0,0.0,0.0,0.0,0.0,0.03,0.0,0,0,1.0,0.0,0,0.0,0,0.0,0.0,0.248,easy,0.0,0,0,0,0,0,0,0,0,0,0,0,0,0,0,0,0,0,0,0,0,0
59,29,1,5d482eab21c9be351f763e96,2020-04-22 23:23:10.603000+00:00,my initial impression is that he is the asshole,1.0,1,0.25,4,my initial impression is that he is the asshole,2,9,47,1,-0.4652861076680959,-0.03680681999037068,0.0,0.0,0.0,0.0,0.0,0.0,0.0,0.0,0.0,0.0,0.009999999999999998,0.0,0.009999999999999998,0.0,0.0,0.0,0.0,0.0,0.0,0.0,0.009999999999999998,0.0,0.0,0.019999999999999997,0.0,0.0,0.009999999999999998,0.0,0.0,0.0,0.009999999999999998,0.009999999999999998,0.0,0.0,0.0,0.0,0.009999999999999998,0.009999999999999998,0.0,0.0,0.0,0.019999999999999997,0.0,0.009999999999999998,0.0,0.019999999999999997,0.0,0.0,0.0,0.0,0.0,0.0,0.009999999999999998,0.05999999999999999,0.0,0,0,0.8888888888888888,0.0,3,0.0003202049311559398,0,0.0,0.0,0.44639999999999996,easy,1.339,0,0,0,0,0,0,0,0,0,0,0,1,0,0,0,0,0,0,0,0,0
59,29,1,5de2ba46b50e5a679ae873f9,2020-04-22 23:23:20.918000+00:00,i agree a complete butt,1.0,1,0.25,4,i agree a complete butt,3,5,23,1,-0.9550275742215037,-0.6596914659812602,0.0,0.0,0.0,0.0,0.01,0.0,0.01,0.0,0.0,0.0,0.0,0.0,0.01,0.0,0.0,0.0,0.01,0.0,0.0,0.0,0.01,0.0,0.0,0.0,0.0,0.0,0.0,0.01,0.0,0.0,0.0,0.0,0.0,0.0,0.0,0.0,0.0,0.01,0.0,0.0,0.0,0.0,0.0,0.01,0.0,0.0,0.01,0.0,0.0,0.0,0.0,0.01,0.01,0.02,0.0,0,0,1.0,0.2,0,0.0,0,0.4,0.1,0.248,easy,10.315,0,0,0,0,0,0,0,0,0,0,0,1,0,0,0,0,0,0,0,0,0
59,29,1,5d482eab21c9be351f763e96,2020-04-22 23:23:31.665000+00:00,he also just has no idea what he did wrong ,1.0,1,0.25,4,he also just has no idea what he did wrong ,4,10,43,1,-0.36733781435741436,0.08777010920780721,0.0,0.0,0.0,0.01,0.0,0.0,0.0,0.0,0.02,0.0,0.02,0.01,0.0,0.0,0.0,0.0,0.0,0.0,0.01,0.0,0.0,0.01,0.0,0.01,0.0,0.01,0.0,0.0,0.0,0.0,0.02,0.01,0.0,0.0,0.0,0.0,0.0,0.0,0.0,0.0,0.01,0.02,0.0,0.0,0.02,0.02,0.02,0.0,0.0,0.0,0.0,0.0,0.0,0.07,0.0,0,0,0.9,0.0,0,0.0,0,0.9,-0.5,0.496,easy,10.747,0,0,0,0,0,0,0,0,0,0,0,0,0,0,0,0,0,0,1,0,0
59,29,1,5de2ba46b50e5a679ae873f9,2020-04-22 23:23:50.013000+00:00,yes he does he just doesnt want to admit he is wrong,1.0,1,0.25,4,yes he does he just doesn't want to admit he is wrong,5,12,52,1,-0.17144122773605125,0.336923967604163,0.01,0.0,0.0,0.0,0.0,0.0,0.0,0.0,0.01,0.0,0.030000000000000002,0.01,0.0,0.0,0.0,0.0,0.0,0.0,0.01,0.0,0.0,0.01,0.0,0.05,0.0,0.0,0.0,0.0,0.0,0.0,0.04,0.0,0.0,0.0,0.0,0.0,0.0,0.0,0.0,0.0,0.01,0.05,0.0,0.0,0.02,0.030000000000000002,0.030000000000000002,0.01,0.0,0.0,0.0,0.0,0.0,0.06999999999999999,0.0,0,0,0.8333333333333334,0.0,4,0.00390625,0,0.9,-0.5,0.5952,easy,18.348,0,0,0,0,0,0,0,0,0,0,0,0,0,0,0,0,0,0,1,0,0
59,29,1,5d482eaa21c9be351f763a60,2020-04-22 23:24:06.612000+00:00,initially i thought he wasnt a butt but on a cultural level you just dont do that kind of thing to your elderly inlaws,1.0,1,0.25,4,"initially i thought he wasn't a butt, but, on a cultural level, you just don't do that kind of thing to your elderly inlaw's",6,24,118,1,0.9059899986814458,1.7072701887841197,0.0,0.0,0.0,0.01,0.0,0.0,0.01,0.0,0.01,0.0,0.01,0.02,0.01,0.0,0.0,0.0,0.01,0.0,0.0,0.0,0.01,0.01,0.0,0.02,0.0,0.02,0.03,0.01,0.0,0.0,0.04,0.02,0.0,0.0,0.0,0.0,0.0,0.01,0.0,0.01,0.02,0.04,0.0,0.02,0.02,0.03,0.04,0.03,0.0,0.0,0.02,0.02,0.01,0.13,0.01,0,0,0.9583333333333334,0.041666666666666664,3,0.0,1,0.3333333333333333,0.2333333333333333,1.1904,easy,16.599,0,0,1,0,1,0,0,0,0,0,1,0,1,0,0,0,0,0,0,0,0
59,29,1,5de2ba46b50e5a679ae873f9,2020-04-22 23:24:07.286000+00:00,that is why he id defensive,1.0,1,0.25,4,that is why he id defensive,7,6,27,1,-0.7591309876001406,-0.4105376075849043,0.0,0.0,0.0,0.0,0.0,0.0,0.0,0.0,0.0,0.0,0.01,0.0,0.0,0.0,0.0,0.0,0.0,0.0,0.01,0.0,0.0,0.0,0.0,0.01,0.0,0.0,0.0,0.0,0.01,0.0,0.01,0.01,0.0,0.0,0.0,0.01,0.01,0.0,0.0,0.0,0.0,0.01,0.0,0.0,0.0,0.01,0.02,0.0,0.0,0.0,0.0,0.0,0.0,0.04,0.0,0,0,1.0,0.0,2,0.0,0,0.0,0.0,0.2976,easy,0.674,0,0,0,0,0,0,0,0,0,0,1,0,0,0,0,0,0,0,1,0,0
59,29,1,5d482ea721c9be351f762f75,2020-04-22 23:24:10.790000+00:00,yeah seems like he lacks empathy and doesnt understand why other peoples situation is different than his,1.0,1,0.25,4,yeah seems like he lacks empathy and doesn't understand why other people's situation is different than his.,8,17,104,1,0.31830023881735653,0.9598086135950524,0.01,0.0,0.0,0.01,0.0,0.01,0.0,0.0,0.0,0.0,0.02,0.01,0.0,0.0,0.0,0.0,0.0,0.0,0.0,0.01,0.01,0.02,0.01,0.04,0.0,0.0,0.0,0.0,0.0,0.0,0.030000000000000002,0.01,0.0,0.0,0.0,0.01,0.0,0.0,0.0,0.01,0.0,0.04,0.0,0.0,0.01,0.02,0.05,0.01,0.0,0.0,0.0,0.02,0.0,0.06999999999999999,0.0,0,0,1.0,0.0,3,0.0,0,0.4875,-0.0625,0.8432,easy,3.504,0,0,1,0,0,0,0,0,0,0,0,0,0,0,0,0,0,1,1,0,0
59,29,1,5d482eaa21c9be351f763a7c,2020-04-22 23:24:18.432000+00:00,my initial impression is an asshole but i realized on his edit that he said it in a nicer way to her ,1.0,1,0.25,4,"my initial impression is an asshole but i realized on his ""edit"" that he said it in a nicer way to her. ",9,22,101,1,0.7100934120600827,1.458116330387764,0.0,0.01,0.0,0.01,0.0,0.0,0.0,0.0,0.0,0.0,0.03,0.0,0.01,0.0,0.0,0.0,0.0,0.0,0.0,0.0,0.02,0.01,0.0,0.01,0.0,0.01,0.04,0.0,0.0,0.0,0.04,0.02,0.0,0.01,0.0,0.0,0.01,0.02,0.0,0.0,0.01,0.02,0.0,0.02,0.01,0.01,0.02,0.03,0.0,0.01,0.0,0.02,0.02,0.14,0.0,0,0,1.0,0.045454545454545456,3,0.0,0,0.0,0.0,1.0912,easy,7.642,0,0,0,0,0,0,0,0,0,0,1,1,0,0,0,0,0,1,0,0,0
59,29,1,5d482eab21c9be351f7640f7,2020-04-22 23:24:22.338000+00:00,my initial thought was he is an asshole at the end though when he edited to say he was polite and had a nice tone then i am not so sure ,1.0,1,0.25,4,my initial thought was he is an asshole. at the end though when he edited to say he was polite and had a nice tone then i am not so sure. ,10,31,136,1,1.5916280518562167,2.579308693171365,0.0,0.01,0.0,0.05,0.01,0.01,0.0,0.0,0.030000000000000006,0.0,0.030000000000000006,0.01,0.01,0.0,0.0,0.0,0.0,0.0,0.0,0.0,0.02,0.01,0.0,0.02,0.0,0.04,0.05,0.0,0.0,0.0,0.04,0.0,0.0,0.01,0.0,0.0,0.01,0.02,0.0,0.0,0.01,0.06000000000000001,0.0,0.030000000000000006,0.02,0.05,0.04,0.02,0.0,0.01,0.0,0.030000000000000006,0.02,0.2,0.0,0,0,0.9032258064516129,0.03225806451612903,8,0.011711343103412685,0,0.6296296296296297,0.3666666666666667,1.5375999999999999,easy,3.906,0,0,1,0,0,0,0,0,0,0,1,1,0,0,0,0,0,1,0,0,0
59,29,1,5e9f147a9dc0406f898754ae,2020-04-22 23:24:23.176000+00:00,its interesting to see the scenario we previously looked at from the other side even with that though hearing his side hes still an asshole ,1.0,1,0.25,4,"it's interesting to see the scenario we previously looked at from the other side. even with that though, hearing his side, he's still an asshole. ",11,25,140,1,1.0039382919921274,1.8318471179822977,0.0,0.009999999999999998,0.0,0.009999999999999998,0.0,0.019999999999999997,0.0,0.0,0.03,0.0,0.019999999999999997,0.0,0.009999999999999998,0.0,0.0,0.019999999999999997,0.0,0.0,0.0,0.0,0.009999999999999998,0.0,0.0,0.019999999999999997,0.0,0.009999999999999998,0.039999999999999994,0.0,0.0,0.0,0.039999999999999994,0.03,0.0,0.0,0.0,0.0,0.009999999999999998,0.0,0.0,0.0,0.0,0.03,0.0,0.03,0.0,0.009999999999999998,0.019999999999999997,0.039999999999999994,0.009999999999999998,0.03,0.0,0.009999999999999998,0.009999999999999998,0.12,0.0,0,0,0.92,0.04,5,0.0038663042219360816,0,0.34722222222222215,0.06944444444444446,1.8716,easy,0.838,0,0,0,0,0,0,0,0,0,1,0,0,0,0,0,0,0,1,0,0,0
60,30,0,5d482eab21c9be351f764111,2020-04-22 22:57:33.595000+00:00,hi everyone ,0.75,0,0.0,8,hi everyone! :),1,2,12,1,-1.2488724541535483,-1.2918018841866978,0.0,0.0,0.0,0.0,0.0,0.0,0.0,0.0,0.0,0.0,0.0,0.0,0.0,0.0,0.0,0.0,0.0,0.0,0.0,0.0,0.0,0.0,0.0,0.0,0.0,0.0,0.0,0.0,0.0,0.0,0.019999999999999997,0.009999999999999998,0.0,0.0,0.0,0.0,0.0,0.0,0.0,0.0,0.0,0.0,0.0,0.0,0.0,0.0,0.0,0.0,0.0,0.0,0.0,0.0,0.0,0.0,0.0,0,0,1.0,0.5,0,0.0,0,0.0,0.0,0.0992,easy,0.0,0,0,0,0,0,0,0,0,0,0,0,0,0,0,1,0,0,0,0,0,0
60,30,0,5ea0a7ae9dc0406f898851f0,2020-04-22 22:57:37.595000+00:00,hello,0.75,0,0.0,8,hello,2,1,5,1,-1.2488724541535483,-1.2918018841866978,0.0,0.0,0.0,0.0,0.0,0.0,0.0,0.0,0.0,0.0,0.0,0.0,0.0,0.0,0.0,0.0,0.0,0.0,0.0,0.0,0.0,0.0,0.0,0.0,0.0,0.0,0.0,0.0,0.0,0.0,0.010000000000000002,0.0,0.0,0.0,0.0,0.0,0.0,0.0,0.0,0.0,0.0,0.0,0.0,0.0,0.0,0.0,0.0,0.0,0.0,0.0,0.0,0.0,0.0,0.0,0.0,0,0,1.0,0.0,0,0.0,0,0.0,0.0,0.0496,easy,4.0,0,0,0,0,0,0,0,0,0,0,0,0,0,0,1,0,0,0,0,0,0
60,30,0,5d482eab21c9be351f763fb1,2020-04-22 22:57:40.801000+00:00,hi,0.75,0,0.0,8,hi,3,1,2,1,-1.2488724541535483,-1.2918018841866978,0.0,0.0,0.0,0.0,0.0,0.0,0.0,0.0,0.0,0.0,0.0,0.0,0.0,0.0,0.0,0.0,0.0,0.0,0.0,0.0,0.0,0.0,0.0,0.0,0.0,0.0,0.0,0.0,0.0,0.0,0.01,0.0,0.0,0.0,0.0,0.0,0.0,0.0,0.0,0.0,0.0,0.0,0.0,0.0,0.0,0.0,0.0,0.0,0.0,0.0,0.0,0.0,0.0,0.0,0.0,0,0,1.0,0.0,0,0.0,0,0.0,0.0,0.0496,easy,3.206,0,0,0,0,0,0,0,0,0,0,0,0,0,0,1,0,0,0,0,0,0
60,30,0,5ea06bb89dc0406f8987c3bf,2020-04-22 22:57:42.597000+00:00,hi,0.75,0,0.0,8,hi,4,1,2,1,-1.2488724541535483,-1.2918018841866978,0.0,0.0,0.0,0.0,0.0,0.0,0.0,0.0,0.0,0.0,0.0,0.0,0.0,0.0,0.0,0.0,0.0,0.0,0.0,0.0,0.0,0.0,0.0,0.0,0.0,0.0,0.0,0.0,0.0,0.0,0.01,0.0,0.0,0.0,0.0,0.0,0.0,0.0,0.0,0.0,0.0,0.0,0.0,0.0,0.0,0.0,0.0,0.0,0.0,0.0,0.0,0.0,0.0,0.0,0.0,0,0,1.0,0.0,1,0.0,0,0.0,0.0,0.0496,easy,1.796,0,0,0,0,0,0,0,0,0,0,0,0,0,0,1,0,0,0,0,0,0
60,30,0,5ea0a13c9dc0406f89883cf0,2020-04-22 22:57:43.300000+00:00,hello,0.75,0,0.0,8,hello!,5,1,5,1,-1.2488724541535483,-1.2918018841866978,0.0,0.0,0.0,0.0,0.0,0.0,0.0,0.0,0.0,0.0,0.0,0.0,0.0,0.0,0.0,0.0,0.0,0.0,0.0,0.0,0.0,0.0,0.0,0.0,0.0,0.0,0.0,0.0,0.0,0.0,0.010000000000000002,0.0,0.0,0.0,0.0,0.0,0.0,0.0,0.0,0.0,0.0,0.0,0.0,0.0,0.0,0.0,0.0,0.0,0.0,0.0,0.0,0.0,0.0,0.0,0.0,0,0,1.0,0.0,0,0.0,0,0.0,0.0,0.0496,easy,0.703,0,0,0,0,0,0,0,0,0,0,0,0,0,0,1,0,0,0,0,0,0
60,30,0,5d482eab21c9be351f763eaf,2020-04-22 22:57:46.465000+00:00,hi,0.75,0,0.0,8,hi,6,1,2,1,-1.2488724541535483,-1.2918018841866978,0.0,0.0,0.0,0.0,0.0,0.0,0.0,0.0,0.0,0.0,0.0,0.0,0.0,0.0,0.0,0.0,0.0,0.0,0.0,0.0,0.0,0.0,0.0,0.0,0.0,0.0,0.0,0.0,0.0,0.0,0.01,0.0,0.0,0.0,0.0,0.0,0.0,0.0,0.0,0.0,0.0,0.0,0.0,0.0,0.0,0.0,0.0,0.0,0.0,0.0,0.0,0.0,0.0,0.0,0.0,0,0,1.0,0.0,0,0.0,0,0.0,0.0,0.0496,easy,3.165,0,0,0,0,0,0,0,0,0,0,0,0,0,0,1,0,0,0,0,0,0
60,30,0,5ea0a7ae9dc0406f898851f0,2020-04-22 22:57:53.574000+00:00,so shes the ah,0.75,0,0.0,8,so she's the ah,7,4,14,1,-0.9550275742215037,-1.0145746541973022,0.0,0.0,0.0,0.01,0.0,0.0,0.0,0.0,0.01,0.0,0.01,0.0,0.0,0.0,0.0,0.0,0.0,0.0,0.0,0.0,0.0,0.0,0.0,0.01,0.0,0.0,0.0,0.0,0.0,0.0,0.01,0.0,0.0,0.0,0.0,0.0,0.0,0.0,0.0,0.0,0.0,0.01,0.0,0.01,0.01,0.01,0.0,0.0,0.0,0.0,0.0,0.0,0.0,0.02,0.0,0,0,1.0,0.0,0,0.0,0,0.0,0.0,0.1984,easy,7.109,0,0,0,0,0,0,0,0,0,0,0,0,0,0,0,0,1,0,0,0,0
60,30,0,5d482eab21c9be351f763fb1,2020-04-22 22:58:17.915000+00:00,i think so too i dont think he should be expected to help all the time,0.75,0,0.0,8,i think so too. i don't think he should be expected to help all the time.,8,16,70,1,0.024455358885311848,-0.09048388756598326,0.019999999999999997,0.0,0.0,0.009999999999999998,0.009999999999999998,0.0,0.0,0.0,0.019999999999999997,0.0,0.009999999999999998,0.009999999999999998,0.0,0.0,0.0,0.0,0.0,0.0,0.0,0.0,0.0,0.019999999999999997,0.0,0.03,0.009999999999999998,0.0,0.009999999999999998,0.0,0.0,0.0,0.019999999999999997,0.0,0.0,0.0,0.0,0.0,0.0,0.019999999999999997,0.0,0.0,0.0,0.049999999999999996,0.0,0.009999999999999998,0.009999999999999998,0.03,0.049999999999999996,0.009999999999999998,0.0,0.0,0.0,0.0,0.019999999999999997,0.09999999999999999,0.0,0,0,0.875,0.125,2,0.0,0,0.4,-0.1,0.7936,easy,24.341,0,0,1,0,1,0,0,0,0,0,1,1,0,0,0,0,0,0,0,0,0
60,30,0,5ea0a7869dc0406f89885172,2020-04-22 22:58:17.920000+00:00,i think weve all been annoyed at some point when our parents ask us for help with something again and again we help them anyway though if we can im talking stuff like tech support or legal documents,0.75,0,0.0,8,"i think we've all been annoyed at some point when our parents ask us for help with something again and again. we help them anyway though, if we can. i'm talking stuff like tech support or legal documents.",9,38,198,1,1.983421225098943,1.7576976456966547,0.01,0.0,0.0,0.049999999999999996,0.01,0.04,0.0,0.0,0.049999999999999996,0.0,0.0,0.0,0.0,0.0,0.0,0.0,0.0,0.01,0.0,0.01,0.02,0.01,0.0,0.04,0.0,0.02,0.049999999999999996,0.0,0.0,0.0,0.10999999999999999,0.02,0.0,0.01,0.0,0.0,0.01,0.01,0.0,0.04,0.03,0.06,0.0,0.0,0.01,0.03,0.09999999999999999,0.03,0.049999999999999996,0.0,0.0,0.02,0.04,0.18,0.0,0,0,0.9210526315789473,0.10526315789473684,1,0.002670462409095872,0,0.5,-0.1,1.8848,easy,0.005,0,0,1,0,1,0,0,0,0,1,1,1,0,0,0,0,0,1,1,0,0
60,30,0,5ea07c529dc0406f8987f80b,2020-04-22 22:58:21.184000+00:00,i feel like the person is the asshole because he is the buffer between his parents and his spouse with any issue between a married couple family is usually for me a hot button issue ,0.75,0,0.0,8,"i feel like the person is the asshole because he is the buffer between his parents and his spouse. with any issue between a married couple, family is usually, for me, a hot button issue. ",10,35,182,1,1.8854729317882615,1.6652885690335228,0.0,0.0,0.010000000000000002,0.020000000000000004,0.0,0.020000000000000004,0.0,0.0,0.010000000000000002,0.0,0.030000000000000002,0.0,0.010000000000000002,0.0,0.0,0.0,0.0,0.04000000000000001,0.0,0.010000000000000002,0.010000000000000002,0.010000000000000002,0.010000000000000002,0.04000000000000001,0.0,0.0,0.010000000000000002,0.0,0.0,0.0,0.08000000000000002,0.0,0.0,0.0,0.0,0.010000000000000002,0.010000000000000002,0.020000000000000004,0.020000000000000004,0.020000000000000004,0.0,0.04000000000000001,0.0,0.05,0.020000000000000004,0.030000000000000002,0.08000000000000002,0.04000000000000001,0.0,0.020000000000000004,0.0,0.04000000000000001,0.020000000000000004,0.2,0.0,0,0,0.7714285714285715,0.05714285714285714,4,0.003194696793888521,0,0.45,0.08333333333333333,1.736,easy,3.264,0,0,1,0,1,0,0,0,0,0,0,1,0,0,0,0,0,1,1,0,0
60,30,0,5d482eab21c9be351f763eaf,2020-04-22 22:58:27.688000+00:00,i think shes being a bit of an ah  they are her parents and it seems like shes dumped all the responsibility on her husband,0.75,0,0.0,8,i think she's being a bit of an ah - they are her parents and it seems like she's dumped all the responsibility on her husband.,11,25,123,1,1.0039382919921274,0.8336068790653357,0.0,0.0,0.0,0.01,0.01,0.01,0.0,0.01,0.0,0.0,0.04,0.0,0.0,0.0,0.0,0.0,0.0,0.02,0.01,0.01,0.01,0.02,0.0,0.049999999999999996,0.0,0.0,0.01,0.0,0.01,0.0,0.06999999999999999,0.01,0.0,0.01,0.0,0.0,0.01,0.01,0.0,0.01,0.0,0.06,0.0,0.03,0.01,0.04,0.049999999999999996,0.02,0.0,0.0,0.0,0.02,0.01,0.13999999999999999,0.0,0,0,0.92,0.04,4,0.003194696793888521,0,0.0,0.0,1.8716,easy,6.504,0,0,1,0,1,0,0,0,0,0,0,1,0,0,0,0,0,1,1,0,0
60,30,0,5ea0a13c9dc0406f89883cf0,2020-04-22 22:58:34.971000+00:00,i agree i understand being busy but she needs to help too,0.75,0,0.0,8,i agree. i understand being busy but she needs to help too,12,12,57,1,-0.36733781435741436,-0.4601201942185108,0.009999999999999998,0.0,0.0,0.009999999999999998,0.0,0.0,0.0,0.0,0.009999999999999998,0.0,0.009999999999999998,0.0,0.0,0.0,0.0,0.0,0.0,0.0,0.0,0.0,0.009999999999999998,0.009999999999999998,0.0,0.019999999999999997,0.0,0.0,0.009999999999999998,0.0,0.0,0.0,0.019999999999999997,0.0,0.0,0.009999999999999998,0.0,0.0,0.0,0.019999999999999997,0.0,0.0,0.009999999999999998,0.029999999999999995,0.0,0.0,0.009999999999999998,0.009999999999999998,0.029999999999999995,0.009999999999999998,0.0,0.0,0.0,0.0,0.019999999999999997,0.06999999999999999,0.0,0,0,0.9166666666666666,0.16666666666666666,1,0.00031036623215394165,0,0.3,0.1,0.5952,easy,7.283,0,0,0,0,0,0,0,0,0,0,1,1,0,0,0,0,0,0,0,0,0
61,30,2,5ea0a7869dc0406f89885172,2020-04-22 23:27:17.203000+00:00,if this guys reasoning was what he told his mil it was i could understand but its clearly not why he really said something,0.714285714,1,0.142857143,7,"if this guy's reasoning was what he told his mil it was, i could understand, but it's clearly not why he really said something.",1,24,122,1,0.9059899986814458,0.2606795862773393,0.02,0.01,0.0,0.02,0.01,0.0,0.0,0.0,0.02,0.0,0.03,0.01,0.0,0.0,0.0,0.0,0.0,0.0,0.0,0.0,0.0,0.02,0.01,0.01,0.0,0.04,0.0,0.0,0.0,0.0,0.06,0.049999999999999996,0.0,0.0,0.0,0.02,0.0,0.01,0.0,0.02,0.049999999999999996,0.06,0.0,0.0,0.02,0.03,0.09999999999999999,0.0,0.0,0.01,0.0,0.01,0.01,0.14,0.0,0,0,0.9166666666666666,0.041666666666666664,0,0.0,0,0.29166666666666663,0.075,1.1904,easy,0.0,0,0,0,0,0,1,0,0,0,0,1,0,0,0,0,0,0,1,0,0,0
61,30,2,5d482eab21c9be351f764111,2020-04-22 23:27:24.871000+00:00,i sympathize with this guy because my mom usually comes to ask me for translation help all the time this is why i feel that multigenerational families usually depend on each other when it comes to translations,0.714285714,1,0.142857143,7,i sympathize with this guy because my mom usually comes to ask me for translation help all the time. this is why i feel that multi-generational families usually depend on each other when it comes to translations.,2,37,209,1,1.8854729317882615,1.1620949780774847,0.0,0.0,0.009999999999999998,0.019999999999999997,0.009999999999999998,0.019999999999999997,0.0,0.0,0.03,0.0,0.0,0.0,0.0,0.0,0.0,0.0,0.0,0.019999999999999997,0.0,0.009999999999999998,0.0,0.009999999999999998,0.009999999999999998,0.049999999999999996,0.0,0.0,0.06999999999999999,0.0,0.0,0.0,0.049999999999999996,0.049999999999999996,0.0,0.0,0.0,0.03,0.0,0.039999999999999994,0.009999999999999998,0.03,0.0,0.049999999999999996,0.0,0.009999999999999998,0.009999999999999998,0.009999999999999998,0.09,0.049999999999999996,0.0,0.009999999999999998,0.0,0.0,0.039999999999999994,0.21,0.0,0,0,0.8648648648648649,0.10810810810810811,4,0.00031036623215394165,0,0.2916666666666667,-0.20833333333333334,2.261956756756757,easy,7.668,0,0,1,0,1,0,0,0,0,0,1,1,0,0,0,0,0,0,0,0,0
61,30,2,5d482eab21c9be351f763fb1,2020-04-22 23:27:27.323000+00:00,i think this guy sounds like an asshole the way he asked his question but i think he might have been more respectful in person,0.714285714,1,0.142857143,7,i think this guy sounds like an asshole the way he asked his question. but i think he might have been more respectful in person.,3,25,126,1,0.9059899986814458,0.2606795862773393,0.0,0.01,0.0,0.01,0.0,0.0,0.0,0.0,0.0,0.0,0.03,0.0,0.01,0.0,0.0,0.0,0.0,0.0,0.0,0.01,0.01,0.03,0.02,0.03,0.01,0.02,0.02,0.0,0.0,0.0,0.06999999999999999,0.01,0.0,0.0,0.0,0.0,0.01,0.02,0.0,0.02,0.01,0.06,0.0,0.02,0.01,0.03,0.049999999999999996,0.01,0.0,0.01,0.0,0.02,0.02,0.13,0.0,0,0,0.88,0.08,2,0.005629515168324154,0,0.6,0.5,1.24,easy,2.452,0,0,1,0,1,0,0,0,0,0,1,1,0,0,0,0,0,1,0,0,0
61,30,2,5ea07c529dc0406f8987f80b,2020-04-22 23:27:41.835000+00:00,i think if he hadnt put the edit in there i definitely would have thought he was the asshole however to me this is something the wife should have handled as the middleman and the husband should never have had to handle it,0.714285714,1,0.142857143,7,"i think if he hadn't put the edit in there, i definitely would have thought he was the asshole. however, to me, this is something the wife should have handled as the middle-man and the husband should never have had to handle it.",4,43,221,1,2.5711109849630325,1.7930857523375865,0.04,0.0,0.0,0.04,0.02,0.01,0.0,0.0,0.03,0.0,0.02,0.02,0.01,0.0,0.0,0.0,0.0,0.02,0.0,0.0,0.01,0.02,0.0,0.049999999999999996,0.03,0.04,0.04,0.0,0.0,0.0,0.04,0.03,0.0,0.01,0.0,0.0,0.01,0.03,0.0,0.02,0.02,0.12,0.0,0.049999999999999996,0.01,0.09999999999999999,0.09999999999999999,0.04,0.0,0.0,0.0,0.0,0.03,0.26999999999999996,0.0,0,0,0.7674418604651163,0.06976744186046512,12,0.0009790032190590103,0,0.5,0.0,2.1328,easy,14.512,0,0,1,0,1,0,0,0,0,0,1,1,0,0,0,0,0,0,0,0,0
61,30,2,5d482eab21c9be351f763fb1,2020-04-22 23:27:55.940000+00:00,i would not like it if i was being constantly asked to do translations,0.714285714,1,0.142857143,7,i would not like it if i was being constantly asked to do translations.,5,14,70,1,-0.17144122773605125,-0.7308773447028206,0.019999999999999997,0.0,0.0,0.009999999999999998,0.0,0.0,0.0,0.0,0.009999999999999998,0.0,0.0,0.009999999999999998,0.0,0.0,0.0,0.0,0.0,0.0,0.0,0.0,0.009999999999999998,0.0,0.0,0.009999999999999998,0.009999999999999998,0.019999999999999997,0.009999999999999998,0.0,0.0,0.0,0.009999999999999998,0.009999999999999998,0.0,0.0,0.0,0.0,0.0,0.019999999999999997,0.0,0.009999999999999998,0.019999999999999997,0.049999999999999996,0.0,0.0,0.0,0.039999999999999994,0.03,0.009999999999999998,0.0,0.0,0.0,0.009999999999999998,0.019999999999999997,0.08999999999999998,0.0,0,0,0.9285714285714286,0.14285714285714285,5,0.00031036623215394165,0,0.3333333333333333,0.0,0.6944,easy,14.105,0,0,0,0,0,0,0,0,0,0,1,1,0,0,0,0,0,1,0,0,0
61,30,2,5d482eab21c9be351f764111,2020-04-22 23:27:56.222000+00:00,the way he phrased his writing made him sound like an asshole but he treated his mil with respect if he really did tell her so in a respectful manner,0.714285714,1,0.142857143,7,"the way he phrased his writing made him sound like an asshole, but he treated his mil with respect if he really did tell her so in a respectful manner.",6,30,149,1,1.5916280518562167,0.8916703605374411,0.01,0.01,0.0,0.03,0.0,0.01,0.0,0.0,0.02,0.0,0.07,0.0,0.01,0.0,0.0,0.0,0.0,0.0,0.0,0.0,0.02,0.0,0.0,0.0,0.0,0.02,0.02,0.0,0.0,0.0,0.09000000000000001,0.0,0.0,0.0,0.0,0.01,0.01,0.0,0.0,0.01,0.03,0.02,0.0,0.03,0.03,0.01,0.06,0.02,0.0,0.01,0.0,0.04,0.0,0.16,0.0,0,0,0.9,0.0,2,0.0,0,0.43333333333333335,0.3666666666666667,1.488,easy,0.282,0,0,0,0,0,1,0,0,0,0,0,0,0,0,0,0,0,1,0,0,0
61,30,2,5ea0a7869dc0406f89885172,2020-04-22 23:27:57.639000+00:00,as someone who struggles with learning other languages i think this guy is being really unfair in that regard,0.714285714,1,0.142857143,7,as someone who struggles with learning other languages i think this guy is being really unfair in that regard.,7,19,109,1,0.4162485321280381,-0.19002810962273342,0.0,0.0,0.0,0.010000000000000002,0.0,0.010000000000000002,0.0,0.0,0.010000000000000002,0.010000000000000002,0.0,0.0,0.0,0.0,0.0,0.0,0.0,0.0,0.0,0.0,0.0,0.020000000000000004,0.010000000000000002,0.020000000000000004,0.0,0.0,0.010000000000000002,0.0,0.0,0.0,0.04000000000000001,0.05000000000000001,0.0,0.010000000000000002,0.0,0.0,0.0,0.010000000000000002,0.0,0.010000000000000002,0.010000000000000002,0.030000000000000002,0.0,0.0,0.010000000000000002,0.020000000000000004,0.05000000000000001,0.030000000000000002,0.0,0.0,0.0,0.010000000000000002,0.010000000000000002,0.10000000000000002,0.0,0,0,1.0,0.05263157894736842,3,0.0,0,0.6875,-0.3125,0.9424,easy,1.417,0,0,1,0,1,1,0,0,0,0,1,0,0,0,0,0,0,1,1,0,0
61,30,2,5ea0a13c9dc0406f89883cf0,2020-04-22 23:28:05.440000+00:00,in general i dont think hes an asshole for not wanting to be a translator ,0.714285714,1,0.142857143,7,"in general, i don‚äôt think he‚äôs an asshole for not wanting to be a translator. ",8,15,74,1,0.024455358885311848,-0.5505942663427916,0.01,0.0,0.0,0.0,0.0,0.0,0.0,0.0,0.0,0.0,0.01,0.02,0.01,0.0,0.0,0.0,0.0,0.0,0.0,0.0,0.0,0.01,0.0,0.030000000000000002,0.0,0.0,0.01,0.0,0.0,0.0,0.01,0.0,0.0,0.0,0.0,0.0,0.01,0.01,0.0,0.0,0.01,0.04,0.0,0.02,0.0,0.030000000000000002,0.04,0.030000000000000002,0.0,0.0,0.0,0.01,0.01,0.08,0.0,0,0,1.0,0.06666666666666667,1,0.0005036151718260998,0,0.5,0.05000000000000002,0.744,easy,7.801,0,0,1,0,1,0,0,0,0,0,1,0,0,0,0,0,0,0,0,0,0
61,30,2,5ea0a7ae9dc0406f898851f0,2020-04-22 23:28:10.724000+00:00,this is a tough one on one hand he shouldnt have told her she needs to learn english it is hard and he must have a knack for languages so he doesnt understand,0.714285714,1,0.142857143,7,this is a tough one. on one hand he shouldn't have told her she needs to learn english. it is hard and he must have a knack for languages so he doesn't understand,9,33,158,1,1.8854729317882615,1.1620949780774847,0.030000000000000002,0.0,0.0,0.02,0.01,0.01,0.01,0.0,0.01,0.0,0.05,0.02,0.0,0.0,0.0,0.0,0.01,0.0,0.0,0.0,0.0,0.02,0.0,0.07,0.02,0.01,0.01,0.0,0.0,0.0,0.07,0.02,0.0,0.01,0.0,0.0,0.0,0.0,0.02,0.0,0.0,0.1,0.0,0.02,0.02,0.07,0.060000000000000005,0.030000000000000002,0.0,0.02,0.0,0.030000000000000002,0.0,0.18,0.0,0,0,0.8181818181818182,0.0,4,0.0,0,0.4583333333333333,-0.22685185185185186,1.6368,easy,5.284,0,0,1,0,0,0,0,0,0,0,0,0,0,0,0,0,0,1,1,0,0
61,30,2,5ea0a7869dc0406f89885172,2020-04-22 23:28:27.255000+00:00,but he lied to her about his real reasoning also based on what he says about his family it sounds like hes probably not as respectful as he said he was,0.714285714,1,0.142857143,7,"but he lied to her about his real reasoning. also, based on what he says about his family, it sounds like he's probably not as respectful as he said he was.",10,31,151,1,1.6895763451668984,0.9818118997174556,0.0,0.030000000000000002,0.01,0.04,0.0,0.0,0.0,0.0,0.04,0.0,0.08,0.01,0.0,0.0,0.0,0.0,0.0,0.01,0.01,0.0,0.01,0.01,0.0,0.01,0.0,0.030000000000000002,0.01,0.0,0.0,0.0,0.11,0.02,0.0,0.0,0.0,0.02,0.01,0.0,0.0,0.01,0.02,0.04,0.0,0.0,0.01,0.02,0.060000000000000005,0.060000000000000005,0.0,0.030000000000000002,0.0,0.02,0.0,0.18,0.01,0,0,0.8064516129032258,0.0,8,0.0,1,0.5,0.35,1.5375999999999999,easy,16.531,0,0,1,0,0,0,0,0,0,0,0,0,0,0,0,0,1,1,1,0,0
62,31,1,5ea0cefa9dc0406f89889adc,2020-04-23 00:00:13.262000+00:00,i do think this person is kind of an asshole ,0.666666667,2,0.333333333,6,i do think this person is kind of an asshole. ,1,10,45,1,-0.4652861076680959,-0.25410970825190843,0.0,0.0,0.0,0.0,0.0,0.0,0.0,0.0,0.0,0.0,0.0,0.0,0.01,0.0,0.0,0.0,0.0,0.0,0.0,0.0,0.01,0.01,0.01,0.03,0.0,0.0,0.0,0.0,0.0,0.0,0.01,0.01,0.0,0.0,0.0,0.0,0.01,0.01,0.0,0.01,0.0,0.03,0.0,0.01,0.0,0.02,0.02,0.01,0.0,0.0,0.0,0.0,0.01,0.06,0.01,0,0,1.0,0.1,0,0.0,1,0.9,0.6,0.496,easy,0.0,0,0,1,0,1,0,0,0,0,0,0,1,0,0,0,0,0,0,0,0,0
62,31,1,5ea0ce1e9dc0406f898899ba,2020-04-23 00:00:25.734000+00:00,i dont believe that she was an asshole,0.666666667,2,0.333333333,6,i dont believe that she was an asshole.,2,8,38,1,-0.6611826942894591,-0.4602741885317586,0.0,0.0,0.0,0.0,0.0,0.0,0.0,0.0,0.0,0.0,0.01,0.01,0.01,0.0,0.0,0.0,0.0,0.0,0.0,0.0,0.0,0.01,0.0,0.02,0.0,0.01,0.0,0.0,0.0,0.0,0.01,0.01,0.0,0.0,0.0,0.0,0.01,0.01,0.0,0.0,0.0,0.03,0.0,0.01,0.0,0.02,0.01,0.0,0.0,0.0,0.0,0.0,0.01,0.049999999999999996,0.0,0,0,1.0,0.125,1,0.0004753880472329106,0,0.0,0.0,0.3968,easy,12.472,0,0,0,0,0,0,0,0,0,0,0,1,0,0,0,0,0,0,0,0,0
62,31,1,5d482ea821c9be351f7630cf,2020-04-23 00:00:32.618000+00:00,     ,0.666666667,2,0.333333333,6,     ,3,0,5,1,-1.34682074746423,-1.1818498695112343,0.0,0.0,0.0,0.0,0.0,0.0,0.0,0.0,0.0,0.0,0.0,0.0,0.0,0.0,0.0,0.0,0.0,0.0,0.0,0.0,0.0,0.0,0.0,0.0,0.0,0.0,0.0,0.0,0.0,0.0,0.0,0.0,0.0,0.0,0.0,0.0,0.0,0.0,0.0,0.0,0.0,0.0,0.0,0.0,0.0,0.0,0.0,0.0,0.0,0.0,0.0,0.0,0.0,0.0,0.0,0,0,0.0,0.0,0,0.0,0,0.0,0.0,0.0,easy,6.884,0,0,0,0,0,0,0,0,0,0,0,0,0,0,0,0,0,0,0,0,0
62,31,1,5d482ea821c9be351f763452,2020-04-23 00:00:32.631000+00:00,im considering the fact that the sons partners native language was french and it would probably not feel good to be told to speak anotherl anguage when he was having a good time with their partner,0.666666667,2,0.333333333,6,i'm considering the fact that the son's partner's native language was french and it would probably not feel good to be told to speak anotherl anguage when he was having a good time with their partner,4,36,196,1,2.1793178117203063,2.529110775526069,0.009999999999999998,0.009999999999999998,0.0,0.019999999999999997,0.009999999999999998,0.019999999999999997,0.0,0.0,0.019999999999999997,0.0,0.009999999999999998,0.009999999999999998,0.0,0.0,0.0,0.0,0.0,0.009999999999999998,0.0,0.0,0.019999999999999997,0.019999999999999997,0.019999999999999997,0.009999999999999998,0.009999999999999998,0.03,0.019999999999999997,0.0,0.0,0.0,0.07999999999999999,0.019999999999999997,0.0,0.0,0.0,0.0,0.0,0.0,0.009999999999999998,0.009999999999999998,0.009999999999999998,0.06999999999999999,0.019999999999999997,0.03,0.009999999999999998,0.05,0.07999999999999999,0.03,0.0,0.019999999999999997,0.0,0.03,0.0,0.16999999999999998,0.009999999999999998,0,0,0.8888888888888888,0.0,0,0.0,1,0.4000000000000001,0.4666666666666666,2.224211111111111,easy,0.013,0,0,1,0,1,0,0,0,0,0,0,1,0,0,0,0,0,1,0,0,0
62,31,1,5e9f3b1c9dc0406f89877985,2020-04-23 00:00:44.466000+00:00,i think that it is easy to see both sides of this scenario although overall i agree that this person was an asshole the partner was likelypanda uncomfortable and maybe not confident speaking english,0.666666667,2,0.333333333,6,"i think that it is easy to see both sides of this scenario. although, overall i agree that this person was an asshole. the partner was likelypanda uncomfortable, and maybe not confident speaking english.",5,34,198,1,1.7875246384775798,2.1167818149663686,0.0,0.01,0.0,0.02,0.01,0.02,0.0,0.01,0.01,0.01,0.0,0.01,0.01,0.0,0.0,0.01,0.0,0.0,0.0,0.01,0.03,0.01,0.02,0.03,0.0,0.02,0.02,0.0,0.0,0.0,0.03,0.049999999999999996,0.0,0.0,0.0,0.0,0.01,0.02,0.0,0.03,0.01,0.049999999999999996,0.01,0.02,0.01,0.03,0.08,0.02,0.0,0.02,0.0,0.02,0.02,0.16999999999999998,0.01,0,0,0.8823529411764706,0.058823529411764705,9,0.0027472527472527475,1,0.5333333333333334,-0.06333333333333332,2.150811764705882,easy,11.835,0,0,1,0,1,0,0,0,0,0,1,1,0,0,0,0,0,1,1,0,0
62,31,1,5d482eaa21c9be351f763936,2020-04-23 00:00:46.627000+00:00,i think because they are living in her house it is a little weird to speak another language in front of her,0.666666667,2,0.333333333,6,"i think because they are living in her house, it is a little weird to speak another language in front of her.",6,22,107,1,0.7100934120600827,0.9828771734271926,0.0,0.01,0.01,0.01,0.0,0.0,0.01,0.0,0.0,0.0,0.02,0.0,0.0,0.0,0.01,0.0,0.0,0.0,0.01,0.0,0.0,0.01,0.0,0.030000000000000002,0.0,0.0,0.04,0.0,0.0,0.0,0.05,0.01,0.0,0.0,0.0,0.01,0.0,0.01,0.0,0.0,0.0,0.030000000000000002,0.0,0.01,0.01,0.02,0.02,0.04,0.0,0.01,0.0,0.01,0.01,0.13,0.01,0,0,0.9090909090909091,0.045454545454545456,4,0.0005036151718260998,1,0.75,-0.34375,1.0912,easy,2.161,0,0,1,0,1,0,0,0,0,0,0,1,0,0,0,0,0,0,1,0,0
62,31,1,5ea0ce1e9dc0406f898899ba,2020-04-23 00:00:49.697000+00:00,it doesnt feel good at all ,0.666666667,2,0.333333333,6,it doesnt feel good at all ,7,6,27,1,-0.7591309876001406,-0.5633564286716837,0.0,0.0,0.0,0.0,0.01,0.0,0.0,0.0,0.0,0.0,0.0,0.01,0.0,0.0,0.0,0.0,0.0,0.0,0.0,0.0,0.01,0.01,0.0,0.02,0.0,0.0,0.01,0.0,0.0,0.0,0.0,0.01,0.0,0.0,0.0,0.0,0.0,0.0,0.01,0.0,0.0,0.02,0.0,0.0,0.0,0.01,0.02,0.01,0.0,0.01,0.0,0.01,0.0,0.03,0.0,0,0,1.0,0.0,1,0.0,0,0.6000000000000001,0.7,0.2976,easy,3.07,0,0,1,0,1,0,0,0,0,0,0,0,0,0,0,0,0,1,0,0,0
62,31,1,5ea0cefa9dc0406f89889adc,2020-04-23 00:01:04.007000+00:00,i am 100 in favor of foreigners living in the us learning english but i think its okay for them to speak their mother tongue also especially at home ,0.666666667,2,0.333333333,6,"i am 100% in favor of foreigners living in the us learning english, but i think it's okay for them to speak their mother tongue also, especially at home. ",8,29,149,1,1.2977831719241721,1.6013706142667432,0.0,0.01,0.01,0.02,0.0,0.0,0.02,0.0,0.02,0.0,0.0,0.0,0.0,0.0,0.01,0.0,0.01,0.01,0.0,0.0,0.02,0.02,0.0,0.02,0.0,0.0,0.03,0.0,0.0,0.0,0.05,0.01,0.0,0.01,0.0,0.0,0.0,0.02,0.0,0.0,0.01,0.02,0.0,0.01,0.01,0.01,0.03,0.06,0.01,0.02,0.0,0.01,0.02,0.14,0.0,0,0,0.9310344827586207,0.06896551724137931,1,0.0,0,0.5,0.16666666666666666,1.4384,easy,14.31,0,0,1,0,1,0,0,0,0,1,1,1,0,0,0,0,1,1,0,0,0
62,31,1,5ea0ce1e9dc0406f898899ba,2020-04-23 00:01:22.391000+00:00,i actually agree with you small,0.666666667,2,0.333333333,6,i actually agree with you small,9,6,31,1,-0.8570792809108222,-0.6664386688116088,0.0,0.0,0.0,0.0,0.0,0.01,0.0,0.0,0.01,0.0,0.0,0.0,0.0,0.0,0.0,0.0,0.0,0.0,0.0,0.0,0.01,0.0,0.0,0.0,0.0,0.0,0.01,0.0,0.0,0.0,0.01,0.0,0.0,0.0,0.0,0.0,0.0,0.01,0.0,0.0,0.0,0.0,0.0,0.0,0.01,0.0,0.01,0.01,0.0,0.0,0.01,0.0,0.01,0.03,0.0,0,0,1.0,0.16666666666666666,0,0.00015518311607697082,0,0.25,-0.125,0.2976,easy,18.384,0,0,0,0,0,1,0,0,0,0,0,1,1,0,0,0,0,0,0,0,0
62,31,1,5d482eaa21c9be351f763936,2020-04-23 00:01:24.332000+00:00,but it is not their home,0.666666667,2,0.333333333,6,but it is not their home,10,6,24,1,-0.7591309876001406,-0.5633564286716837,0.0,0.0,0.009999999999999998,0.009999999999999998,0.0,0.0,0.0,0.0,0.0,0.0,0.0,0.009999999999999998,0.0,0.0,0.0,0.0,0.0,0.0,0.0,0.0,0.0,0.0,0.0,0.009999999999999998,0.0,0.0,0.0,0.0,0.0,0.0,0.009999999999999998,0.009999999999999998,0.0,0.0,0.0,0.0,0.0,0.0,0.0,0.0,0.019999999999999997,0.009999999999999998,0.0,0.0,0.009999999999999998,0.009999999999999998,0.019999999999999997,0.0,0.0,0.0,0.0,0.0,0.0,0.05,0.0,0,0,1.0,0.0,0,0.0,0,0.0,0.0,0.2976,easy,1.941,0,0,0,0,0,0,0,0,0,0,0,0,0,0,0,0,1,0,0,0,0
62,31,1,5ea0ce1e9dc0406f898899ba,2020-04-23 00:01:25.681000+00:00,small smallmonkey,0.666666667,2,0.333333333,6,small smallmonkey,11,2,17,1,-1.1509241608428669,-0.975685389231384,0.0,0.0,0.0,0.0,0.0,0.0,0.0,0.0,0.0,0.0,0.0,0.0,0.0,0.0,0.0,0.0,0.0,0.0,0.0,0.0,0.0,0.0,0.0,0.0,0.0,0.0,0.02,0.0,0.0,0.0,0.0,0.0,0.0,0.0,0.0,0.0,0.0,0.0,0.0,0.0,0.0,0.0,0.0,0.0,0.0,0.0,0.0,0.0,0.0,0.0,0.0,0.0,0.0,0.0,0.0,0,0,1.0,0.0,0,0.0,0,0.4,-0.25,0.0992,easy,1.349,0,0,0,0,0,0,0,0,0,0,0,0,0,0,0,0,0,0,0,0,0
63,31,3,5e9f3b1c9dc0406f89877985,2020-04-23 00:29:40.517000+00:00,i do not think this person is being an asshole,0.6,0,0.0,5,i do not think this person is being an asshole,1,10,46,1,-0.4652861076680959,-0.3540052161969215,0.0,0.0,0.0,0.0,0.0,0.0,0.0,0.0,0.0,0.0,0.0,0.01,0.01,0.0,0.0,0.0,0.0,0.0,0.0,0.0,0.0,0.01,0.01,0.03,0.0,0.0,0.0,0.0,0.0,0.0,0.01,0.01,0.0,0.0,0.0,0.0,0.01,0.01,0.0,0.0,0.01,0.04,0.0,0.01,0.0,0.03,0.02,0.0,0.0,0.0,0.0,0.0,0.01,0.07,0.0,0,0,1.0,0.1,0,0.0,0,0.0,0.0,0.496,easy,0.0,0,0,1,0,1,0,0,0,0,0,0,1,0,0,0,0,0,0,0,0,0
63,31,3,5ea0ce1e9dc0406f898899ba,2020-04-23 00:29:47.259000+00:00,i mean ,0.6,0,0.0,5,i mean..... ,2,2,7,1,-1.2488724541535483,-1.2057470897534246,0.0,0.0,0.0,0.0,0.0,0.0,0.0,0.0,0.0,0.0,0.0,0.0,0.0,0.0,0.0,0.0,0.0,0.0,0.0,0.0,0.0,0.01,0.0,0.01,0.0,0.0,0.0,0.0,0.0,0.0,0.0,0.0,0.0,0.0,0.0,0.0,0.0,0.01,0.0,0.0,0.0,0.01,0.0,0.0,0.0,0.0,0.01,0.0,0.0,0.0,0.0,0.0,0.01,0.01,0.0,0,0,1.0,0.5,0,0.00015518311607697082,0,0.6875,-0.3125,0.0992,easy,6.742,0,0,0,0,0,0,0,0,0,0,0,1,0,0,0,0,0,0,0,0,0
63,31,3,5d482ea821c9be351f763452,2020-04-23 00:29:48.082000+00:00,i think that this person was doing the best they could with the given situation and its not really their fault,0.6,0,0.0,5,i think that this person was doing the best they could with the given situation and it's not really their fault,3,21,110,1,0.6121451187494011,0.8171398599432702,0.01,0.0,0.0,0.01,0.0,0.02,0.0,0.01,0.01,0.0,0.0,0.01,0.0,0.0,0.0,0.0,0.0,0.0,0.0,0.01,0.01,0.01,0.01,0.01,0.0,0.02,0.0,0.0,0.0,0.0,0.030000000000000002,0.030000000000000002,0.0,0.0,0.0,0.0,0.0,0.01,0.0,0.0,0.02,0.05,0.0,0.02,0.02,0.030000000000000002,0.060000000000000005,0.01,0.0,0.0,0.0,0.01,0.01,0.13,0.0,0,0,0.9523809523809523,0.047619047619047616,0,0.00015518311607697082,0,0.25,0.45,1.0415999999999999,easy,0.823,0,0,1,0,1,1,0,0,0,0,0,1,0,0,0,0,0,1,1,0,0
63,31,3,5e9f3b1c9dc0406f89877985,2020-04-23 00:29:53.567000+00:00,i agree new newhorse,0.6,0,0.0,5,i agree new newhorse,4,4,20,1,-1.0529758675321852,-0.9928116213642988,0.0,0.0,0.0,0.0,0.0,0.0,0.0,0.0,0.0,0.0,0.0,0.0,0.0,0.0,0.0,0.0,0.0,0.0,0.0,0.0,0.010000000000000002,0.0,0.0,0.0,0.0,0.0,0.010000000000000002,0.0,0.0,0.0,0.0,0.0,0.0,0.0,0.0,0.0,0.0,0.010000000000000002,0.0,0.0,0.0,0.0,0.0,0.0,0.0,0.0,0.0,0.0,0.0,0.0,0.0,0.0,0.010000000000000002,0.010000000000000002,0.0,0,0,1.0,0.25,0,0.00015518311607697082,0,0.45454545454545453,0.13636363636363635,0.1984,easy,5.485,0,0,0,0,0,0,0,0,0,0,0,1,0,0,0,0,0,0,0,0,0
63,31,3,5ea0ce1e9dc0406f898899ba,2020-04-23 00:30:07.410000+00:00,he should have communicated this with his mom,0.6,0,0.0,5,he should have communicated this with his mom,5,8,45,1,-0.5632344009787775,-0.4604729503914844,0.01,0.0,0.0,0.0,0.0,0.01,0.0,0.0,0.0,0.0,0.02,0.0,0.0,0.0,0.0,0.0,0.0,0.01,0.0,0.0,0.0,0.0,0.0,0.01,0.01,0.0,0.0,0.0,0.0,0.0,0.04,0.01,0.0,0.0,0.0,0.0,0.0,0.0,0.0,0.0,0.0,0.02,0.0,0.0,0.0,0.02,0.02,0.01,0.0,0.0,0.0,0.0,0.0,0.06,0.0,0,0,1.0,0.0,0,0.0,0,0.0,0.0,6.00705,difficult,13.843,0,0,1,0,0,0,0,0,0,0,0,0,0,0,0,0,0,0,0,0,0
63,31,3,5d482eaa21c9be351f763936,2020-04-23 00:30:10.288000+00:00,i think they should try to make the host comfortable and included,0.6,0,0.0,5,i think they should try to make the host comfortable and included,6,12,65,1,-0.2693895210467328,-0.14106974780779574,0.01,0.0,0.0,0.01,0.0,0.02,0.0,0.01,0.0,0.0,0.0,0.0,0.0,0.0,0.0,0.0,0.0,0.0,0.0,0.0,0.01,0.01,0.0,0.030000000000000002,0.01,0.0,0.0,0.0,0.0,0.0,0.01,0.0,0.0,0.0,0.0,0.01,0.0,0.01,0.0,0.0,0.0,0.04,0.0,0.01,0.01,0.01,0.05,0.01,0.0,0.0,0.0,0.01,0.01,0.060000000000000005,0.0,0,0,1.0,0.08333333333333333,1,0.0,0,0.8,0.4,0.5952,easy,2.878,0,0,1,0,1,0,0,0,0,0,0,1,0,0,0,0,0,1,0,0,0
63,31,3,5d482ea821c9be351f763452,2020-04-23 00:30:13.575000+00:00,as long as they are spending some amount of time with the mother,0.6,0,0.0,5,as long as they are spending some amount of time with the mother,7,13,64,1,-0.07349293442536971,0.07186572058133002,0.0,0.0,0.0,0.02,0.0,0.01,0.0,0.0,0.0,0.0,0.0,0.0,0.0,0.0,0.0,0.0,0.0,0.01,0.0,0.01,0.0,0.0,0.0,0.01,0.0,0.0,0.02,0.0,0.0,0.0,0.02,0.0,0.0,0.0,0.01,0.0,0.0,0.0,0.0,0.01,0.0,0.01,0.0,0.01,0.0,0.01,0.02,0.04,0.0,0.0,0.0,0.0,0.0,0.08,0.0,0,0,0.9230769230769231,0.0,2,0.0,0,0.4,-0.05,0.6447999999999999,easy,3.287,0,0,0,0,0,0,0,0,0,0,0,0,0,0,0,0,0,0,0,0,0
63,31,3,5ea0ce1e9dc0406f898899ba,2020-04-23 00:30:22.517000+00:00,i agree with newrhino,0.6,0,0.0,5,i agree with newrhino,8,4,21,1,-1.0529758675321852,-0.9928116213642988,0.0,0.0,0.0,0.0,0.0,0.009999999999999998,0.0,0.0,0.0,0.0,0.0,0.0,0.0,0.0,0.0,0.0,0.0,0.0,0.0,0.0,0.009999999999999998,0.0,0.0,0.0,0.0,0.0,0.0,0.0,0.0,0.0,0.0,0.0,0.0,0.0,0.0,0.0,0.0,0.009999999999999998,0.0,0.0,0.0,0.0,0.0,0.0,0.0,0.0,0.009999999999999998,0.009999999999999998,0.0,0.0,0.0,0.0,0.009999999999999998,0.019999999999999997,0.0,0,0,1.0,0.25,1,0.0,0,0.0,0.0,0.1984,easy,8.942,0,0,0,0,0,0,0,0,0,0,0,1,0,0,0,0,0,0,0,0,0
63,31,3,5d482ea821c9be351f763452,2020-04-23 00:30:22.977000+00:00,they should also be able to speak together in the other language,0.6,0,0.0,5,they should also be able to speak together in the other language,9,12,64,1,-0.17144122773605125,-0.03460201361323286,0.01,0.01,0.0,0.01,0.0,0.0,0.0,0.01,0.01,0.0,0.0,0.0,0.0,0.0,0.0,0.0,0.0,0.0,0.0,0.0,0.0,0.0,0.0,0.0,0.01,0.0,0.02,0.0,0.0,0.0,0.03,0.01,0.0,0.0,0.0,0.0,0.0,0.0,0.0,0.0,0.0,0.02,0.0,0.01,0.0,0.02,0.01,0.02,0.0,0.01,0.0,0.0,0.0,0.07,0.0,0,0,1.0,0.0,0,0.0,0,0.5,0.1875,0.5952,easy,0.46,0,0,1,0,0,0,0,0,0,0,0,0,0,0,0,0,0,0,0,0,0
63,31,3,5ea0cefa9dc0406f89889adc,2020-04-23 00:30:35.902000+00:00,i think this person is kind of an asshole if his husband can speak english they should speak english in the mothers home in order for her to feel included ,0.6,0,0.0,5,"i think this person is kind of an asshole. if his husband can speak english, they should speak english in the mother's home in order for her to feel included. ",10,30,155,1,1.4936797585455353,1.775349467694336,0.02,0.02,0.01,0.01,0.0,0.01,0.0,0.0,0.0,0.0,0.02,0.0,0.01,0.0,0.0,0.0,0.0,0.02,0.0,0.0,0.01,0.02,0.01,0.04,0.01,0.0,0.030000000000000002,0.0,0.0,0.0,0.08,0.01,0.0,0.0,0.0,0.0,0.01,0.01,0.01,0.02,0.01,0.05,0.0,0.02,0.0,0.030000000000000002,0.060000000000000005,0.05,0.0,0.030000000000000002,0.0,0.0,0.01,0.16,0.01,0,0,0.9,0.03333333333333333,6,0.0020429009193054137,1,0.3,0.19999999999999998,1.488,easy,12.925,0,0,1,0,1,0,0,0,0,0,0,1,0,0,0,0,0,0,0,0,0
64,32,1,5d482ea821c9be351f763550,2020-04-23 00:16:14.410000+00:00,a he is married to her so he should be able to help his motheinlaw,0.6,3,0.6,5,a) he is married to her so he should be able to help his mothe-in-law,1,15,66,1,0.1224036521959934,0.21024794537247193,0.01,0.0,0.0,0.01,0.0,0.0,0.0,0.01,0.01,0.0,0.04,0.0,0.0,0.0,0.0,0.0,0.0,0.01,0.0,0.0,0.0,0.0,0.0,0.01,0.01,0.0,0.0,0.0,0.0,0.0,0.060000000000000005,0.0,0.0,0.0,0.0,0.0,0.0,0.0,0.0,0.0,0.0,0.030000000000000002,0.0,0.01,0.01,0.030000000000000002,0.01,0.02,0.0,0.0,0.0,0.01,0.0,0.11,0.0,0,0,0.8666666666666667,0.0,0,0.0,0,0.4375,0.375,0.744,easy,0.0,0,0,1,0,0,0,0,0,0,0,0,0,0,0,0,0,1,0,0,0,0
64,32,1,5ea0d24c9dc0406f89889f5f,2020-04-23 00:16:21.385000+00:00,i think that its not too much to ask for the persons husband to translate sometimes especially since he speaks english and has more free time,0.6,3,0.6,5,"i think that it's not too much to ask for the person's husband to translate sometimes, especially since he speaks english and has more free time.",2,26,141,1,1.101886585302809,1.1226446894416897,0.0,0.009999999999999998,0.0,0.009999999999999998,0.0,0.009999999999999998,0.0,0.0,0.019999999999999997,0.0,0.009999999999999998,0.009999999999999998,0.0,0.0,0.0,0.0,0.0,0.009999999999999998,0.0,0.019999999999999997,0.009999999999999998,0.009999999999999998,0.009999999999999998,0.03,0.0,0.0,0.019999999999999997,0.0,0.0,0.0,0.05,0.019999999999999997,0.0,0.0,0.009999999999999998,0.009999999999999998,0.0,0.009999999999999998,0.0,0.009999999999999998,0.009999999999999998,0.03,0.0,0.009999999999999998,0.009999999999999998,0.009999999999999998,0.05,0.039999999999999994,0.0,0.009999999999999998,0.0,0.009999999999999998,0.009999999999999998,0.12999999999999998,0.0,0,0,0.9615384615384616,0.038461538461538464,3,0.0,0,0.5,0.22000000000000003,1.2895999999999999,easy,6.975,0,0,1,0,1,0,0,0,0,0,0,1,0,0,0,0,0,1,0,0,0
64,32,1,5d482eab21c9be351f763f0a,2020-04-23 00:16:21.496000+00:00,by the posters admission the husband has already been very helpful the phrasing also bes the question of whether or ,0.6,3,0.6,5,"by the poster's admission, the husband has already been very helpful. the phrasing also bes the question of whether or ",3,20,116,1,0.6121451187494011,0.6664463174070808,0.0,0.0,0.0,0.03,0.0,0.0,0.0,0.0,0.019999999999999997,0.0,0.0,0.0,0.0,0.0,0.0,0.0,0.0,0.009999999999999998,0.0,0.0,0.009999999999999998,0.009999999999999998,0.0,0.009999999999999998,0.0,0.009999999999999998,0.009999999999999998,0.0,0.0,0.0,0.03,0.0,0.0,0.0,0.0,0.0,0.0,0.0,0.0,0.019999999999999997,0.019999999999999997,0.019999999999999997,0.0,0.039999999999999994,0.0,0.019999999999999997,0.03,0.019999999999999997,0.0,0.0,0.0,0.009999999999999998,0.0,0.1,0.0,0,0,0.85,0.0,4,0.0026110412092204705,0,0.3,0.2,0.992,easy,0.111,0,0,0,0,0,0,0,0,0,0,0,0,0,0,0,0,0,1,0,0,0
64,32,1,5ea0d1529dc0406f89889dde,2020-04-23 00:16:26.248000+00:00,i think this person is the asshole her husband shouldnt be obligated to translate every time she asks,0.6,3,0.6,5,i think this person is the asshole. her husband shouldn't be obligated to translate every time she asks,4,18,101,1,0.31830023881735653,0.39272729418631547,0.01,0.0,0.0,0.0,0.01,0.0,0.0,0.0,0.0,0.0,0.02,0.01,0.01,0.0,0.0,0.0,0.0,0.01,0.0,0.01,0.0,0.01,0.01,0.03,0.01,0.0,0.01,0.0,0.0,0.0,0.05,0.01,0.0,0.0,0.0,0.0,0.01,0.01,0.0,0.0,0.0,0.05,0.0,0.01,0.0,0.03,0.03,0.01,0.0,0.0,0.0,0.0,0.01,0.08,0.0,0,0,1.0,0.05555555555555555,1,0.000727802037845706,0,0.0,0.0,0.8927999999999999,easy,4.752,0,0,1,0,1,0,0,0,0,0,0,1,0,0,0,0,0,0,0,0,0
64,32,1,5d482ea921c9be351f7636b3,2020-04-23 00:16:36.891000+00:00,it seems that the poster just sort of dumped this translation responsibility into her partners lap without having a conversation about it ,0.6,3,0.6,5,it seems that the poster just sort of dumped this translation responsibility into her partner's lap without having a conversation about it. ,5,22,138,1,0.8080417053707643,0.8489256662209244,0.0,0.0,0.0,0.0,0.0,0.01,0.0,0.01,0.02,0.0,0.01,0.01,0.0,0.0,0.0,0.0,0.0,0.0,0.01,0.0,0.0,0.01,0.01,0.01,0.0,0.0,0.01,0.0,0.01,0.0,0.029999999999999995,0.04,0.0,0.01,0.0,0.0,0.01,0.0,0.0,0.02,0.02,0.02,0.01,0.02,0.01,0.01,0.05999999999999999,0.04,0.0,0.0,0.0,0.01,0.0,0.11999999999999998,0.01,0,0,0.9545454545454546,0.0,3,0.0,1,0.0,0.0,6.163154545454546,difficult,10.643,0,0,1,0,1,0,0,0,0,0,0,0,0,0,0,0,0,0,1,0,0
64,32,1,5d482ea921c9be351f76358a,2020-04-23 00:16:38.160000+00:00,the guy married the whole family but i wonder exactly how she asks him to help,0.6,3,0.6,5,"the guy married the whole family but i wonder exactly how she ""asks"" him to help",6,16,78,1,0.1224036521959934,0.21024794537247193,0.0,0.0,0.01,0.02,0.01,0.0,0.0,0.0,0.01,0.0,0.02,0.0,0.0,0.0,0.0,0.0,0.0,0.02,0.0,0.01,0.0,0.01,0.01,0.02,0.0,0.0,0.0,0.0,0.0,0.0,0.07,0.0,0.0,0.0,0.0,0.01,0.0,0.01,0.0,0.01,0.01,0.02,0.0,0.02,0.01,0.0,0.04,0.01,0.0,0.0,0.0,0.01,0.01,0.08,0.0,0,0,0.9375,0.0625,2,0.0,0,0.3,0.2333333333333333,0.7936,easy,1.269,0,0,0,0,0,0,0,0,0,0,1,0,0,0,0,0,0,1,0,0,0
64,32,1,5d482eab21c9be351f763f0a,2020-04-23 00:16:42.690000+00:00,not he learned spanish specifically because of the family it is not his obligation to help the inlaws simply because they are inlaws if he tries to set a boundary then it needs to be respected even,0.6,3,0.6,5,"not he learned spanish specifically because of the family. it is not his obligation to help the in-laws simply because they are in-laws. if he tries to set a boundary, then it needs to be respected even",7,37,197,1,2.2772661050309875,2.2175207823247507,0.019999999999999997,0.0,0.009999999999999998,0.039999999999999994,0.0,0.0,0.0,0.009999999999999998,0.019999999999999997,0.0,0.030000000000000002,0.019999999999999997,0.0,0.0,0.0,0.0,0.0,0.009999999999999998,0.0,0.0,0.0,0.009999999999999998,0.0,0.039999999999999994,0.0,0.0,0.019999999999999997,0.0,0.009999999999999998,0.0,0.060000000000000005,0.019999999999999997,0.0,0.009999999999999998,0.0,0.019999999999999997,0.0,0.0,0.0,0.009999999999999998,0.030000000000000002,0.049999999999999996,0.0,0.030000000000000002,0.019999999999999997,0.030000000000000002,0.07999999999999999,0.039999999999999994,0.0,0.0,0.0,0.009999999999999998,0.0,0.22,0.0,0,0,0.7837837837837838,0.0,5,0.002901605436816704,0,0.2523809523809524,-0.03333333333333333,2.261956756756757,easy,4.53,0,0,0,0,0,0,0,0,0,0,0,0,0,0,0,0,0,0,0,0,0
64,32,1,5d482ea821c9be351f763550,2020-04-23 00:17:11.064000+00:00,i think she should call her daughter first and ask if the husband is free and willing to help at the moment,0.6,3,0.6,5,i think she should call her daughter first and ask if the husband is free and willing to help at the moment,8,22,107,1,0.7100934120600827,0.7576859918140025,0.02,0.0,0.0,0.030000000000000002,0.0,0.02,0.0,0.01,0.0,0.0,0.02,0.0,0.0,0.0,0.0,0.0,0.0,0.02,0.0,0.0,0.01,0.01,0.0,0.030000000000000002,0.01,0.0,0.030000000000000002,0.0,0.0,0.0,0.08,0.0,0.0,0.0,0.01,0.0,0.0,0.01,0.0,0.01,0.01,0.04,0.0,0.02,0.02,0.02,0.05,0.02,0.0,0.0,0.0,0.02,0.01,0.12000000000000001,0.0,0,0,0.9090909090909091,0.045454545454545456,5,0.0010834236186348862,0,0.6277777777777778,0.3,1.0912,easy,28.374,0,0,1,0,1,0,0,0,0,0,0,1,0,0,0,0,0,1,0,0,0
64,32,1,5d482ea921c9be351f76358a,2020-04-23 00:17:11.885000+00:00,i get that he should feel like helping sometimes but it sounds like it has become an obligation for sure what makes her time more valuable than his,0.6,3,0.6,5,"i get that he should feel like helping sometimes, but it sounds like it has become an obligation for sure. what makes her time more valuable than his?",9,28,147,1,1.2977831719241721,1.3051240382555331,0.01,0.01,0.0,0.01,0.01,0.0,0.0,0.0,0.0,0.0,0.029999999999999995,0.0,0.0,0.0,0.0,0.0,0.0,0.0,0.0,0.01,0.05,0.02,0.0,0.05,0.01,0.0,0.02,0.0,0.0,0.0,0.04,0.04,0.0,0.0,0.0,0.01,0.0,0.01,0.01,0.01,0.01,0.05999999999999999,0.0,0.01,0.01,0.029999999999999995,0.06999999999999999,0.02,0.0,0.02,0.0,0.04,0.01,0.15,0.0,1,0,0.9285714285714286,0.03571428571428571,2,0.00015518311607697082,0,0.6944444444444444,0.5,1.9527285714285716,easy,0.821,0,0,1,0,1,0,0,0,0,0,0,1,0,0,0,0,0,1,0,0,0
64,32,1,5d482ea921c9be351f7636b3,2020-04-23 00:17:16.525000+00:00,yes i agree that it is not his obligation here if he wants to volunteer to help thats great but neither his partner nor her family should expectdemand it,0.6,3,0.6,5,"yes, i agree that it is not his obligation here. if he wants to volunteer to help, that's great! but neither his partner nor her family should expect/demand it.",10,29,153,1,1.3957314652348536,1.3963637126624548,0.04,0.0,0.01,0.03,0.0,0.0,0.0,0.0,0.01,0.0,0.04,0.03,0.0,0.0,0.0,0.0,0.0,0.01,0.0,0.01,0.02,0.0,0.01,0.03,0.01,0.0,0.0,0.0,0.0,0.0,0.06999999999999999,0.04,0.0,0.0,0.0,0.0,0.0,0.01,0.0,0.01,0.03,0.04,0.01,0.0,0.02,0.03,0.06,0.02,0.0,0.0,0.0,0.01,0.01,0.16999999999999998,0.0,0,0,0.896551724137931,0.034482758620689655,9,0.06682184978274364,0,0.425,0.5,6.163865517241379,difficult,4.64,0,0,1,0,0,0,0,0,0,0,1,0,0,0,0,0,0,1,0,0,0
64,32,1,5d482eab21c9be351f763f0a,2020-04-23 00:17:20.088000+00:00,if the other partner is working more,0.6,3,0.6,5,if the other partner is working more.,11,7,36,1,-0.6611826942894591,-0.5196694498829022,0.009999999999999998,0.0,0.0,0.009999999999999998,0.0,0.0,0.0,0.009999999999999998,0.0,0.0,0.0,0.0,0.0,0.0,0.0,0.0,0.0,0.0,0.0,0.009999999999999998,0.0,0.0,0.009999999999999998,0.009999999999999998,0.0,0.0,0.0,0.0,0.0,0.0,0.009999999999999998,0.009999999999999998,0.0,0.009999999999999998,0.0,0.0,0.0,0.0,0.0,0.009999999999999998,0.009999999999999998,0.009999999999999998,0.009999999999999998,0.009999999999999998,0.0,0.009999999999999998,0.009999999999999998,0.0,0.0,0.0,0.0,0.0,0.0,0.05,0.0,0,0,1.0,0.0,2,0.0027472527472527475,0,0.4375,0.1875,0.3472,easy,3.563,0,0,0,0,0,0,0,0,0,0,0,0,0,0,0,0,0,0,0,0,0
64,32,1,5ea0d24c9dc0406f89889f5f,2020-04-23 00:17:27.768000+00:00,i dont think its difficult for him to translate since he knows spanish and its helping out his family,0.6,3,0.6,5,i don't think it's difficult for him to translate since he knows spanish and it's helping out his family,12,19,101,1,0.4162485321280381,0.48396696859323723,0.0,0.0,0.01,0.01,0.0,0.02,0.0,0.0,0.0,0.0,0.03,0.01,0.0,0.0,0.0,0.0,0.0,0.01,0.01,0.0,0.01,0.02,0.0,0.03,0.0,0.0,0.01,0.0,0.0,0.0,0.05,0.02,0.0,0.0,0.0,0.01,0.0,0.01,0.0,0.0,0.0,0.03,0.0,0.0,0.01,0.01,0.05,0.04,0.0,0.0,0.0,0.01,0.01,0.1,0.0,0,0,0.9473684210526315,0.05263157894736842,0,0.0,0,0.5,-0.25,0.9424,easy,7.68,0,0,1,0,1,0,0,0,0,0,0,1,0,0,0,0,0,1,1,0,0
65,32,3,5d482ea921c9be351f7636b3,2020-04-23 00:45:59.771000+00:00,i think the speakers frustration in his words makes it hard to know whats actually happening here,1.0,1,0.2,5,i think the speaker's frustration in his words makes it hard to know what's actually happening here.,1,17,97,1,0.22035194550667497,0.252178191626793,0.0,0.01,0.0,0.0,0.0,0.0,0.0,0.0,0.02,0.0,0.01,0.0,0.0,0.0,0.0,0.0,0.0,0.0,0.0,0.0,0.0,0.02,0.0,0.04,0.0,0.0,0.02,0.0,0.0,0.0,0.01,0.02,0.0,0.0,0.0,0.01,0.01,0.01,0.01,0.0,0.0,0.04,0.0,0.01,0.01,0.01,0.03,0.02,0.0,0.02,0.0,0.0,0.01,0.06999999999999999,0.0,0,0,1.0,0.058823529411764705,0,0.0,0,0.3208333333333333,-0.14583333333333334,0.8432,easy,0.0,0,0,1,0,1,1,0,0,0,0,0,1,0,0,0,0,0,0,1,0,0
65,32,3,5ea0d24c9dc0406f89889f5f,2020-04-23 00:46:02.814000+00:00,i think since the mom only asks the poster when no one else is available poster is the asshole for getting so upset,1.0,1,0.2,5,"i think since the mom only asks the poster when no one else is available, poster is the asshole for getting so upset",2,23,115,1,0.8080417053707643,0.9261817219747671,0.0,0.0,0.0,0.02,0.0,0.0,0.0,0.0,0.029999999999999995,0.01,0.0,0.01,0.01,0.0,0.0,0.0,0.0,0.01,0.01,0.01,0.0,0.01,0.0,0.04,0.0,0.0,0.01,0.0,0.0,0.0,0.02,0.0,0.0,0.0,0.0,0.01,0.01,0.01,0.0,0.0,0.0,0.04,0.0,0.029999999999999995,0.02,0.02,0.02,0.02,0.0,0.0,0.0,0.01,0.01,0.11,0.0,0,0,0.8260869565217391,0.043478260869565216,3,0.0005036151718260998,0,0.7,0.2,1.1408,easy,3.043,0,0,1,0,1,0,0,0,0,0,0,1,0,0,0,0,0,1,1,0,0
65,32,3,5d482ea921c9be351f76358a,2020-04-23 00:46:19.146000+00:00,well when i read the first part of this i thought he was an asshole but the edit at the bottom if true shows he wasnt actually treating her badly,1.0,1,0.2,5,"well, when i read the first part of this, i thought he was an asshole, but the edit at the bottom if true, shows he wasn't actually treating her badly",3,30,145,1,1.3957314652348536,1.6001852523227413,0.01,0.0,0.0,0.03,0.01,0.0,0.0,0.01,0.03,0.0,0.03,0.01,0.01,0.0,0.0,0.0,0.0,0.0,0.0,0.01,0.02,0.01,0.0,0.0,0.0,0.03,0.04,0.0,0.0,0.0,0.03,0.01,0.0,0.02,0.0,0.0,0.01,0.02,0.0,0.01,0.02,0.03,0.0,0.04,0.03,0.02,0.04,0.02,0.0,0.0,0.0,0.01,0.02,0.16,0.0,0,0,0.8666666666666667,0.06666666666666667,4,0.0006305711633098814,0,0.4375,-0.024999999999999967,1.488,easy,16.332,0,0,1,0,1,1,0,0,0,0,1,0,0,0,0,0,0,1,1,0,0
65,32,3,5d482ea921c9be351f7636b3,2020-04-23 00:46:22.692000+00:00,good point youngcow,1.0,1,0.2,5,"good point, youngcow",4,3,19,1,-1.0529758675321852,-1.2081627907938177,0.0,0.0,0.0,0.0,0.0,0.0,0.0,0.0,0.0,0.0,0.0,0.0,0.0,0.0,0.0,0.0,0.0,0.0,0.0,0.0,0.01,0.0,0.0,0.0,0.0,0.0,0.02,0.0,0.0,0.0,0.0,0.0,0.0,0.0,0.0,0.0,0.0,0.0,0.0,0.0,0.0,0.0,0.0,0.0,0.0,0.0,0.0,0.0,0.0,0.0,0.0,0.01,0.0,0.0,0.0,0,0,1.0,0.0,0,0.0,0,0.6000000000000001,0.7,0.1488,easy,3.546,0,0,0,0,0,0,1,0,0,0,0,0,0,0,0,0,0,1,0,0,0
65,32,3,5d482eab21c9be351f763f0a,2020-04-23 00:46:27.827000+00:00,i kind of feel like theyre both being jerks but the motherinlaw is overstepping her bounds and needs to respect her soninlaws boundaries,1.0,1,0.2,5,"i kind of feel like they're both being jerks, but the mother-in-law is overstepping her bounds and needs to respect her son-in-law's boundaries.",5,23,136,1,0.8080417053707643,0.9261817219747671,0.01,0.0,0.0,0.02,0.0,0.02,0.0,0.0,0.0,0.0,0.02,0.0,0.0,0.0,0.0,0.0,0.0,0.0,0.01,0.01,0.030000000000000006,0.01,0.0,0.04,0.0,0.0,0.01,0.0,0.02,0.0,0.030000000000000006,0.0,0.0,0.0,0.0,0.0,0.01,0.01,0.01,0.01,0.01,0.05,0.0,0.01,0.02,0.030000000000000006,0.08,0.02,0.0,0.01,0.0,0.02,0.01,0.11000000000000001,0.01,0,0,0.9565217391304348,0.043478260869565216,0,0.0,1,0.9,0.6,1.1408,easy,5.135,0,0,1,0,1,0,0,0,0,0,0,1,0,0,0,0,0,1,0,0,0
65,32,3,5ea0d1529dc0406f89889dde,2020-04-23 00:46:36.271000+00:00,who does she ask when someone else is available did it give that information,1.0,1,0.2,5,who does she ask when someone else is available? did it give that information?,6,14,76,1,0.024455358885311848,0.027510348177468263,0.0,0.0,0.0,0.01,0.0,0.0,0.0,0.0,0.01,0.0,0.01,0.0,0.0,0.0,0.0,0.0,0.0,0.0,0.0,0.01,0.0,0.01,0.0,0.04,0.0,0.01,0.01,0.0,0.0,0.0,0.049999999999999996,0.04,0.0,0.0,0.0,0.0,0.0,0.0,0.0,0.01,0.0,0.049999999999999996,0.0,0.0,0.0,0.03,0.02,0.0,0.0,0.0,0.0,0.01,0.0,0.08,0.0,2,0,1.0,0.0,1,0.0,0,0.4,0.4,5.458757142857143,medium,8.444,0,0,0,0,0,0,0,0,0,0,0,0,0,0,0,1,0,1,0,0,0
65,32,3,5d482ea821c9be351f763550,2020-04-23 00:46:42.685000+00:00,i think mil is being a littlebison bit imposing here and the son is law is right about what he said,1.0,1,0.2,5,i think mil is being a littlebison bit imposing here and the son is law is right about what he said,7,21,99,1,0.6121451187494011,0.7015138785254424,0.0,0.01,0.0,0.01,0.0,0.01,0.0,0.0,0.02,0.0,0.01,0.0,0.0,0.0,0.0,0.0,0.0,0.01,0.0,0.01,0.0,0.01,0.0,0.04,0.0,0.01,0.02,0.0,0.0,0.0,0.03,0.01,0.0,0.0,0.0,0.0,0.0,0.01,0.0,0.0,0.0,0.06,0.0,0.02,0.01,0.04,0.03,0.01,0.0,0.01,0.0,0.02,0.01,0.12,0.0,0,0,0.9047619047619048,0.047619047619047616,3,0.0,0,0.5357142857142857,0.2857142857142857,1.0415999999999999,easy,6.414,0,0,1,0,1,0,0,0,0,0,0,1,0,0,0,0,0,1,1,0,0
65,32,3,5d482ea921c9be351f76358a,2020-04-23 00:46:44.144000+00:00,i really hate when people throw white privilege in the mix,1.0,1,0.2,5,"i really hate when people throw ""white privilege"" in the mix",8,11,58,1,-0.36733781435741436,-0.42182533872118116,0.0,0.0,0.0,0.009999999999999998,0.0,0.0,0.0,0.0,0.019999999999999997,0.0,0.0,0.0,0.0,0.0,0.0,0.009999999999999998,0.0,0.0,0.0,0.0,0.009999999999999998,0.0,0.009999999999999998,0.009999999999999998,0.0,0.0,0.03,0.0,0.0,0.0,0.009999999999999998,0.0,0.0,0.0,0.0,0.0,0.009999999999999998,0.009999999999999998,0.0,0.0,0.009999999999999998,0.009999999999999998,0.0,0.009999999999999998,0.009999999999999998,0.0,0.009999999999999998,0.009999999999999998,0.0,0.009999999999999998,0.0,0.009999999999999998,0.009999999999999998,0.039999999999999994,0.0,0,0,1.0,0.09090909090909091,1,0.00015518311607697082,0,0.45,-0.4,0.5456,easy,1.459,0,0,0,0,0,1,0,0,0,0,0,1,0,0,0,0,0,1,1,0,0
65,32,3,5d482ea821c9be351f763550,2020-04-23 00:46:57.624000+00:00,i think it is about trying,1.0,1,0.2,5,i think it is about trying,9,6,26,1,-0.8570792809108222,-0.9834949473444929,0.0,0.0,0.0,0.0,0.0,0.0,0.0,0.01,0.01,0.0,0.0,0.0,0.0,0.0,0.0,0.0,0.0,0.0,0.0,0.0,0.0,0.01,0.0,0.02,0.0,0.0,0.0,0.0,0.0,0.0,0.0,0.01,0.0,0.0,0.0,0.0,0.0,0.01,0.0,0.0,0.0,0.02,0.0,0.0,0.0,0.01,0.01,0.01,0.0,0.0,0.0,0.0,0.01,0.04,0.0,0,0,1.0,0.16666666666666666,0,0.00015518311607697082,0,0.0,0.0,0.2976,easy,13.48,0,0,1,0,1,0,0,0,0,0,0,1,0,0,0,0,0,0,0,0,0
65,32,3,5d482ea921c9be351f76358a,2020-04-23 00:46:58.919000+00:00,hes frustrated and it is a family issue so why do that,1.0,1,0.2,5,"he's frustrated and it is a family issue, so why do that?",10,12,54,1,-0.17144122773605125,-0.19715749527185644,0.0,0.0,0.01,0.02,0.0,0.01,0.0,0.0,0.01,0.0,0.01,0.0,0.0,0.0,0.0,0.0,0.0,0.01,0.0,0.0,0.0,0.0,0.0,0.03,0.0,0.0,0.0,0.0,0.0,0.0,0.02,0.02,0.0,0.0,0.0,0.01,0.01,0.0,0.0,0.0,0.0,0.03,0.0,0.01,0.02,0.03,0.03,0.0,0.0,0.0,0.0,0.01,0.0,0.08,0.0,1,0,1.0,0.0,2,0.0,0,0.2,-0.7,0.5952,easy,1.295,0,0,0,0,0,0,0,0,0,0,0,0,0,0,0,1,1,0,1,0,0
65,32,3,5d482ea921c9be351f7636b3,2020-04-23 00:47:01.325000+00:00,i do think its unreasonable of him to say i learned a language super quickly and you can too its hard to do it,1.0,1,0.2,5,"i do think it's unreasonable of him to say ""i learned a language super quickly and you can, too."" it's hard to do it!",11,24,110,1,0.8080417053707643,0.9261817219747671,0.0,0.01,0.0,0.01,0.0,0.01,0.0,0.01,0.02,0.0,0.01,0.0,0.0,0.0,0.0,0.0,0.0,0.0,0.0,0.0,0.01,0.02,0.0,0.04,0.0,0.0,0.01,0.0,0.0,0.0,0.04,0.030000000000000002,0.0,0.01,0.0,0.0,0.0,0.02,0.01,0.0,0.0,0.04,0.0,0.01,0.01,0.030000000000000002,0.030000000000000002,0.030000000000000002,0.0,0.02,0.01,0.02,0.02,0.16,0.0,0,0,0.8333333333333334,0.08333333333333333,5,0.0,0,0.5694444444444443,0.12499999999999999,1.8483166666666664,easy,2.406,0,0,1,0,1,0,0,0,0,0,1,1,1,0,0,0,0,1,1,0,0
65,32,3,5ea0d24c9dc0406f89889f5f,2020-04-23 00:47:03.820000+00:00,it says when she cant get ahold of other family members,1.0,1,0.2,5,"it says ""when she can't get ahold of other family members""",12,11,55,1,-0.2693895210467328,-0.30949141699651883,0.0,0.01,0.01,0.01,0.0,0.0,0.0,0.0,0.01,0.0,0.01,0.01,0.0,0.0,0.0,0.0,0.0,0.01,0.0,0.0,0.0,0.0,0.01,0.02,0.0,0.0,0.01,0.0,0.0,0.0,0.04,0.02,0.0,0.0,0.0,0.0,0.0,0.0,0.0,0.0,0.0,0.02,0.0,0.0,0.0,0.01,0.0,0.01,0.0,0.01,0.0,0.0,0.0,0.05,0.0,0,0,1.0,0.0,2,0.0,0,0.375,-0.125,0.5456,easy,2.495,0,0,0,0,0,0,0,0,0,0,0,0,0,0,0,0,0,0,0,0,0
65,32,3,5d482eab21c9be351f763f0a,2020-04-23 00:47:04.384000+00:00,i think thats probably a real factor though,1.0,1,0.2,5,"i think that's probably a real factor, though.",13,8,43,1,-0.6611826942894591,-0.7588271038951683,0.0,0.0,0.0,0.01,0.0,0.0,0.0,0.0,0.02,0.0,0.0,0.0,0.0,0.0,0.0,0.0,0.0,0.0,0.0,0.0,0.0,0.01,0.0,0.02,0.0,0.0,0.0,0.0,0.0,0.0,0.0,0.01,0.0,0.0,0.0,0.0,0.0,0.01,0.0,0.01,0.0,0.02,0.0,0.01,0.0,0.01,0.03,0.0,0.0,0.0,0.0,0.01,0.01,0.02,0.01,0,0,1.0,0.125,0,0.0,1,0.30000000000000004,0.2,0.3968,easy,0.564,0,0,1,0,1,0,0,0,0,0,0,1,0,0,0,0,0,0,0,0,0
66,33,1,5d482eaa21c9be351f763bbc,2020-04-23 00:21:00.975000+00:00,hello,1.0,0,0.0,5,hello,1,1,5,1,-1.2488724541535483,-1.2285354737170011,0.0,0.0,0.0,0.0,0.0,0.0,0.0,0.0,0.0,0.0,0.0,0.0,0.0,0.0,0.0,0.0,0.0,0.0,0.0,0.0,0.0,0.0,0.0,0.0,0.0,0.0,0.0,0.0,0.0,0.0,0.010000000000000002,0.0,0.0,0.0,0.0,0.0,0.0,0.0,0.0,0.0,0.0,0.0,0.0,0.0,0.0,0.0,0.0,0.0,0.0,0.0,0.0,0.0,0.0,0.0,0.0,0,0,1.0,0.0,0,0.0,0,0.0,0.0,0.0496,easy,0.0,0,0,0,0,0,0,0,0,0,0,0,0,0,0,1,0,0,0,0,0,0
66,33,1,5ea0d1f29dc0406f89889eef,2020-04-23 00:21:03.571000+00:00,hi,1.0,0,0.0,5,hi,2,1,2,1,-1.2488724541535483,-1.2285354737170011,0.0,0.0,0.0,0.0,0.0,0.0,0.0,0.0,0.0,0.0,0.0,0.0,0.0,0.0,0.0,0.0,0.0,0.0,0.0,0.0,0.0,0.0,0.0,0.0,0.0,0.0,0.0,0.0,0.0,0.0,0.01,0.0,0.0,0.0,0.0,0.0,0.0,0.0,0.0,0.0,0.0,0.0,0.0,0.0,0.0,0.0,0.0,0.0,0.0,0.0,0.0,0.0,0.0,0.0,0.0,0,0,1.0,0.0,0,0.0,0,0.0,0.0,0.0496,easy,2.596,0,0,0,0,0,0,0,0,0,0,0,0,0,0,1,0,0,0,0,0,0
66,33,1,5e9dea329dc0406f89872538,2020-04-23 00:21:07.666000+00:00,hi,1.0,0,0.0,5,hi,3,1,2,1,-1.2488724541535483,-1.2285354737170011,0.0,0.0,0.0,0.0,0.0,0.0,0.0,0.0,0.0,0.0,0.0,0.0,0.0,0.0,0.0,0.0,0.0,0.0,0.0,0.0,0.0,0.0,0.0,0.0,0.0,0.0,0.0,0.0,0.0,0.0,0.01,0.0,0.0,0.0,0.0,0.0,0.0,0.0,0.0,0.0,0.0,0.0,0.0,0.0,0.0,0.0,0.0,0.0,0.0,0.0,0.0,0.0,0.0,0.0,0.0,0,0,1.0,0.0,1,0.0,0,0.0,0.0,0.0496,easy,4.095,0,0,0,0,0,0,0,0,0,0,0,0,0,0,1,0,0,0,0,0,0
66,33,1,5d482eab21c9be351f763e52,2020-04-23 00:21:08.615000+00:00,hi,1.0,0,0.0,5,hi,4,1,2,1,-1.2488724541535483,-1.2285354737170011,0.0,0.0,0.0,0.0,0.0,0.0,0.0,0.0,0.0,0.0,0.0,0.0,0.0,0.0,0.0,0.0,0.0,0.0,0.0,0.0,0.0,0.0,0.0,0.0,0.0,0.0,0.0,0.0,0.0,0.0,0.01,0.0,0.0,0.0,0.0,0.0,0.0,0.0,0.0,0.0,0.0,0.0,0.0,0.0,0.0,0.0,0.0,0.0,0.0,0.0,0.0,0.0,0.0,0.0,0.0,0,0,1.0,0.0,1,0.0,0,0.0,0.0,0.0496,easy,0.949,0,0,0,0,0,0,0,0,0,0,0,0,0,0,1,0,0,0,0,0,0
66,33,1,5ea0d59e9dc0406f8988a5f0,2020-04-23 00:21:16.377000+00:00,hello all,1.0,0,0.0,5,hello all,5,2,9,1,-1.1509241608428669,-1.1152019429312998,0.0,0.0,0.0,0.0,0.009999999999999998,0.0,0.0,0.0,0.0,0.0,0.0,0.0,0.0,0.0,0.0,0.0,0.0,0.0,0.0,0.0,0.0,0.0,0.0,0.0,0.0,0.0,0.0,0.0,0.0,0.0,0.009999999999999998,0.0,0.0,0.0,0.0,0.0,0.0,0.0,0.0,0.0,0.0,0.0,0.0,0.0,0.0,0.0,0.009999999999999998,0.0,0.0,0.0,0.0,0.0,0.0,0.009999999999999998,0.0,0,0,1.0,0.0,0,0.0,0,0.0,0.0,0.0992,easy,7.762,0,0,0,0,0,0,0,0,0,0,0,0,0,0,1,0,0,0,0,0,0
66,33,1,5de2adbcb50e5a679ae8695b,2020-04-23 00:21:18.079000+00:00,hey,1.0,0,0.0,5,hey,6,1,3,1,-1.2488724541535483,-1.2285354737170011,0.0,0.0,0.0,0.0,0.0,0.0,0.0,0.0,0.0,0.0,0.0,0.0,0.0,0.0,0.0,0.0,0.0,0.0,0.0,0.0,0.0,0.0,0.0,0.0,0.0,0.0,0.0,0.0,0.0,0.0,0.009999999999999998,0.0,0.0,0.0,0.0,0.0,0.0,0.0,0.0,0.0,0.0,0.0,0.0,0.0,0.0,0.0,0.0,0.0,0.0,0.0,0.0,0.0,0.0,0.0,0.0,0,0,1.0,0.0,0,0.0,0,0.0,0.0,0.0496,easy,1.702,0,0,0,0,0,0,0,0,0,0,0,0,0,0,1,0,0,0,0,0,0
66,33,1,5ea0d1f29dc0406f89889eef,2020-04-23 00:21:34.056000+00:00,i think since the situation is only temporary while she gets her masters its ok,1.0,0,0.0,5,i think since the situation is only temporary while she get's her master's it's ok.,7,15,79,1,0.024455358885311848,0.24480042649711461,0.0,0.0,0.0,0.01,0.0,0.0,0.0,0.01,0.01,0.0,0.02,0.0,0.0,0.0,0.0,0.0,0.0,0.0,0.0,0.0,0.01,0.01,0.0,0.030000000000000002,0.0,0.0,0.02,0.0,0.0,0.0,0.02,0.01,0.0,0.01,0.0,0.01,0.0,0.01,0.0,0.01,0.0,0.030000000000000002,0.0,0.01,0.0,0.01,0.030000000000000002,0.01,0.0,0.0,0.0,0.01,0.01,0.08,0.0,0,0,1.0,0.06666666666666667,0,0.0,0,0.75,0.25,0.744,easy,15.977,0,0,1,0,1,0,0,0,0,0,0,1,0,0,0,0,0,1,0,0,0
66,33,1,5de2adbcb50e5a679ae8695b,2020-04-23 00:21:47.848000+00:00,i dont think this person is the asshole lol the husband should help he did marry her,1.0,0,0.0,5,"i dont think this person is the asshole lol, the husband should help he did marry her.",8,17,84,1,0.22035194550667497,0.471467488068517,0.009999999999999998,0.0,0.0,0.0,0.0,0.0,0.0,0.0,0.0,0.0,0.019999999999999997,0.009999999999999998,0.009999999999999998,0.0,0.0,0.0,0.0,0.009999999999999998,0.0,0.0,0.0,0.009999999999999998,0.009999999999999998,0.03,0.009999999999999998,0.009999999999999998,0.0,0.0,0.0,0.0,0.049999999999999996,0.009999999999999998,0.0,0.0,0.0,0.0,0.009999999999999998,0.009999999999999998,0.0,0.0,0.0,0.049999999999999996,0.0,0.019999999999999997,0.0,0.039999999999999994,0.019999999999999997,0.0,0.0,0.0,0.0,0.0,0.009999999999999998,0.09,0.0,0,0,0.9411764705882353,0.058823529411764705,4,0.0005036151718260998,0,0.7,0.8,0.8432,easy,13.792,0,0,1,0,1,0,0,0,0,0,0,1,0,0,0,0,0,0,0,0,0
66,33,1,5ea0d59e9dc0406f8988a5f0,2020-04-23 00:21:55.528000+00:00,poster is definitely not the asshole helping the mil for a few minutes is part of being married,1.0,0,0.0,5,poster is definitely not the asshole. helping the mil for a few minutes is part of being married.,9,18,95,1,0.4162485321280381,0.6981345496399194,0.0,0.0,0.0,0.0,0.009999999999999998,0.0,0.0,0.0,0.009999999999999998,0.0,0.0,0.009999999999999998,0.009999999999999998,0.0,0.0,0.0,0.0,0.009999999999999998,0.0,0.019999999999999997,0.019999999999999997,0.0,0.0,0.019999999999999997,0.0,0.0,0.009999999999999998,0.0,0.0,0.0,0.019999999999999997,0.0,0.0,0.0,0.0,0.0,0.009999999999999998,0.0,0.0,0.0,0.009999999999999998,0.03,0.0,0.03,0.0,0.03,0.019999999999999997,0.019999999999999997,0.0,0.0,0.0,0.019999999999999997,0.0,0.09999999999999999,0.0,0,0,0.8888888888888888,0.0,4,0.0003202049311559398,0,0.2833333333333333,0.016666666666666663,0.8927999999999999,easy,7.68,0,0,0,0,0,0,0,0,0,0,0,0,0,0,0,0,0,1,0,0,0
66,33,1,5e9dea329dc0406f89872538,2020-04-23 00:22:02.310000+00:00,i believe the poster is ta and she providers the argument why she says it is only 10 minutes every once in a while that the mother calls,1.0,0,0.0,5,i believe the poster is ta and she providers the argument why: she says it is only 10 minutes every once in a while that the mother calls.,10,28,136,1,1.2977831719241721,1.7181363267112304,0.0,0.01,0.0,0.02,0.01,0.01,0.0,0.0,0.01,0.0,0.02,0.0,0.0,0.0,0.0,0.0,0.0,0.01,0.0,0.01,0.0,0.01,0.0,0.030000000000000006,0.0,0.0,0.04,0.0,0.0,0.0,0.06000000000000001,0.02,0.0,0.0,0.0,0.01,0.01,0.01,0.0,0.0,0.0,0.030000000000000006,0.0,0.04,0.01,0.02,0.04,0.01,0.0,0.01,0.0,0.01,0.01,0.17,0.0,0,0,0.8571428571428571,0.03571428571428571,6,0.027637721755368813,0,1.0,0.0,1.3888,easy,6.782,0,0,0,0,0,0,0,0,0,0,0,1,0,0,0,0,0,0,0,0,0
66,33,1,5de2adbcb50e5a679ae8695b,2020-04-23 00:22:11.624000+00:00,yep i agree youngbear,1.0,0,0.0,5,yep i agree youngbear,11,4,21,1,-1.0529758675321852,-1.0018684121455987,0.0,0.0,0.0,0.0,0.0,0.0,0.0,0.0,0.0,0.0,0.0,0.0,0.0,0.0,0.0,0.0,0.0,0.0,0.0,0.0,0.009999999999999998,0.0,0.0,0.0,0.0,0.0,0.009999999999999998,0.0,0.0,0.0,0.0,0.0,0.0,0.0,0.0,0.0,0.0,0.009999999999999998,0.0,0.0,0.0,0.0,0.0,0.0,0.0,0.0,0.0,0.0,0.0,0.0,0.0,0.0,0.009999999999999998,0.009999999999999998,0.0,0,0,1.0,0.25,0,0.00015518311607697082,0,0.0,0.0,0.1984,easy,9.314,0,0,0,0,0,0,0,0,0,0,1,0,0,0,0,0,0,0,0,0,0
66,33,1,5d482eaa21c9be351f763bbc,2020-04-23 00:22:17.087000+00:00,i believe that the woman is not being the asshole because she is in school and if the translations are short it should not be a problem,1.0,0,0.0,5,i believe that the woman is not being the asshole because she is in school and if the translations are short it should not be a problem,12,27,135,1,1.1998348786134905,1.604802795925529,0.030000000000000002,0.0,0.0,0.030000000000000002,0.0,0.01,0.0,0.0,0.0,0.0,0.01,0.02,0.01,0.0,0.0,0.0,0.0,0.0,0.0,0.0,0.0,0.01,0.01,0.04,0.01,0.0,0.02,0.0,0.0,0.0,0.02,0.02,0.0,0.01,0.0,0.01,0.01,0.01,0.0,0.01,0.030000000000000002,0.07,0.0,0.04,0.02,0.060000000000000005,0.08,0.01,0.0,0.0,0.0,0.01,0.01,0.2,0.0,0,0,0.8518518518518519,0.037037037037037035,0,0.00015518311607697082,0,0.3,0.0,1.3392,easy,5.463,0,0,1,0,0,0,0,0,0,0,0,1,0,0,0,0,0,0,1,0,0
66,33,1,5e9dea329dc0406f89872538,2020-04-23 00:22:28.965000+00:00,she expects her husband to have 10 minutes available but she does not,1.0,0,0.0,5,"she expects her husband to have 10 minutes available, but she does not?",13,13,69,1,-0.07349293442536971,0.13146689571141343,0.01,0.0,0.0,0.01,0.0,0.0,0.0,0.0,0.0,0.0,0.029999999999999995,0.01,0.0,0.0,0.0,0.0,0.0,0.01,0.0,0.0,0.0,0.0,0.0,0.02,0.0,0.0,0.01,0.0,0.0,0.0,0.04,0.0,0.0,0.0,0.0,0.0,0.0,0.0,0.0,0.0,0.02,0.02,0.0,0.0,0.01,0.02,0.029999999999999995,0.01,0.0,0.0,0.0,0.01,0.0,0.08,0.0,1,0,0.9230769230769231,0.0,3,0.0,0,0.4,0.4,0.6447999999999999,easy,11.878,0,0,0,0,0,0,0,0,0,0,0,0,0,0,0,0,0,1,0,0,0
67,33,2,5de2adbcb50e5a679ae8695b,2020-04-23 00:35:53.304000+00:00,hey,0.6,0,0.0,5,hey,1,1,3,1,-1.2488724541535483,-1.2384957280559545,0.0,0.0,0.0,0.0,0.0,0.0,0.0,0.0,0.0,0.0,0.0,0.0,0.0,0.0,0.0,0.0,0.0,0.0,0.0,0.0,0.0,0.0,0.0,0.0,0.0,0.0,0.0,0.0,0.0,0.0,0.009999999999999998,0.0,0.0,0.0,0.0,0.0,0.0,0.0,0.0,0.0,0.0,0.0,0.0,0.0,0.0,0.0,0.0,0.0,0.0,0.0,0.0,0.0,0.0,0.0,0.0,0,0,1.0,0.0,0,0.0,0,0.0,0.0,0.0496,easy,0.0,0,0,0,0,0,0,0,0,0,0,0,0,0,0,1,0,0,0,0,0,0
67,33,2,5d482eaa21c9be351f763bbc,2020-04-23 00:35:55.467000+00:00,hello,0.6,0,0.0,5,hello,2,1,5,1,-1.2488724541535483,-1.2384957280559545,0.0,0.0,0.0,0.0,0.0,0.0,0.0,0.0,0.0,0.0,0.0,0.0,0.0,0.0,0.0,0.0,0.0,0.0,0.0,0.0,0.0,0.0,0.0,0.0,0.0,0.0,0.0,0.0,0.0,0.0,0.010000000000000002,0.0,0.0,0.0,0.0,0.0,0.0,0.0,0.0,0.0,0.0,0.0,0.0,0.0,0.0,0.0,0.0,0.0,0.0,0.0,0.0,0.0,0.0,0.0,0.0,0,0,1.0,0.0,0,0.0,0,0.0,0.0,0.0496,easy,2.163,0,0,0,0,0,0,0,0,0,0,0,0,0,0,1,0,0,0,0,0,0
67,33,2,5ea0d59e9dc0406f8988a5f0,2020-04-23 00:35:57.214000+00:00,hello there,0.6,0,0.0,5,hello there,3,2,11,1,-1.1509241608428669,-1.1298114090632891,0.0,0.0,0.0,0.0,0.0,0.0,0.0,0.0,0.01,0.0,0.0,0.0,0.0,0.0,0.0,0.0,0.0,0.0,0.0,0.0,0.0,0.0,0.0,0.0,0.0,0.0,0.0,0.0,0.0,0.0,0.01,0.0,0.0,0.0,0.0,0.0,0.0,0.0,0.0,0.0,0.0,0.0,0.0,0.0,0.0,0.0,0.0,0.0,0.0,0.0,0.0,0.0,0.0,0.01,0.0,0,0,1.0,0.0,0,0.0070921985815602835,0,0.0,0.0,0.0992,easy,1.747,0,0,0,0,0,0,0,0,0,0,0,0,0,0,1,0,0,0,0,0,0
67,33,2,5ea0d1f29dc0406f89889eef,2020-04-23 00:35:57.557000+00:00,hello,0.6,0,0.0,5,hello,4,1,5,1,-1.2488724541535483,-1.2384957280559545,0.0,0.0,0.0,0.0,0.0,0.0,0.0,0.0,0.0,0.0,0.0,0.0,0.0,0.0,0.0,0.0,0.0,0.0,0.0,0.0,0.0,0.0,0.0,0.0,0.0,0.0,0.0,0.0,0.0,0.0,0.010000000000000002,0.0,0.0,0.0,0.0,0.0,0.0,0.0,0.0,0.0,0.0,0.0,0.0,0.0,0.0,0.0,0.0,0.0,0.0,0.0,0.0,0.0,0.0,0.0,0.0,0,0,1.0,0.0,0,0.0070921985815602835,0,0.0,0.0,0.0496,easy,0.343,0,0,0,0,0,0,0,0,0,0,0,0,0,0,1,0,0,0,0,0,0
67,33,2,5d482eab21c9be351f763e52,2020-04-23 00:35:59.357000+00:00,hi,0.6,0,0.0,5,hi,5,1,2,1,-1.2488724541535483,-1.2384957280559545,0.0,0.0,0.0,0.0,0.0,0.0,0.0,0.0,0.0,0.0,0.0,0.0,0.0,0.0,0.0,0.0,0.0,0.0,0.0,0.0,0.0,0.0,0.0,0.0,0.0,0.0,0.0,0.0,0.0,0.0,0.01,0.0,0.0,0.0,0.0,0.0,0.0,0.0,0.0,0.0,0.0,0.0,0.0,0.0,0.0,0.0,0.0,0.0,0.0,0.0,0.0,0.0,0.0,0.0,0.0,0,0,1.0,0.0,0,0.0,0,0.0,0.0,0.0496,easy,1.8,0,0,0,0,0,0,0,0,0,0,0,0,0,0,1,0,0,0,0,0,0
67,33,2,5d482eaa21c9be351f763afc,2020-04-23 00:36:01.620000+00:00,hello,0.6,0,0.0,5,hello,6,1,5,1,-1.2488724541535483,-1.2384957280559545,0.0,0.0,0.0,0.0,0.0,0.0,0.0,0.0,0.0,0.0,0.0,0.0,0.0,0.0,0.0,0.0,0.0,0.0,0.0,0.0,0.0,0.0,0.0,0.0,0.0,0.0,0.0,0.0,0.0,0.0,0.010000000000000002,0.0,0.0,0.0,0.0,0.0,0.0,0.0,0.0,0.0,0.0,0.0,0.0,0.0,0.0,0.0,0.0,0.0,0.0,0.0,0.0,0.0,0.0,0.0,0.0,0,0,1.0,0.0,0,0.0,0,0.0,0.0,0.0496,easy,2.263,0,0,0,0,0,0,0,0,0,0,0,0,0,0,1,0,0,0,0,0,0
67,33,2,5d482eaa21c9be351f763bbc,2020-04-23 00:36:07.977000+00:00,i think the husband is not ta,0.6,0,0.0,5,i think the husband is not ta,7,7,29,1,-0.7591309876001406,-0.6950741330926276,0.0,0.0,0.0,0.0,0.0,0.0,0.0,0.0,0.0,0.0,0.0,0.009999999999999998,0.0,0.0,0.0,0.0,0.0,0.009999999999999998,0.0,0.0,0.0,0.009999999999999998,0.0,0.019999999999999997,0.0,0.0,0.0,0.0,0.0,0.0,0.009999999999999998,0.0,0.0,0.0,0.0,0.0,0.0,0.009999999999999998,0.0,0.0,0.009999999999999998,0.019999999999999997,0.0,0.009999999999999998,0.0,0.009999999999999998,0.019999999999999997,0.0,0.0,0.0,0.0,0.0,0.009999999999999998,0.039999999999999994,0.0,0,0,1.0,0.14285714285714285,0,0.0,0,0.0,0.0,0.3472,easy,6.357,0,0,1,0,1,0,0,0,0,0,0,1,0,0,0,0,0,0,0,0,0
67,33,2,5de2adbcb50e5a679ae8695b,2020-04-23 00:36:22.671000+00:00,well this is obviously the same story from the husbands perspective,0.6,0,0.0,5,well this is obviously the same story from the husbands perspective,8,11,67,1,-0.2693895210467328,-0.15165253812930063,0.0,0.0,0.0,0.0,0.01,0.0,0.0,0.0,0.01,0.0,0.0,0.0,0.0,0.0,0.0,0.0,0.0,0.01,0.0,0.01,0.01,0.0,0.0,0.01,0.0,0.0,0.0,0.0,0.0,0.0,0.02,0.01,0.0,0.0,0.0,0.0,0.0,0.0,0.0,0.0,0.0,0.01,0.0,0.02,0.01,0.01,0.03,0.01,0.0,0.0,0.0,0.01,0.0,0.06,0.0,0,0,0.9090909090909091,0.0,3,0.0,0,0.3125,0.0,0.5456,easy,14.694,0,0,0,0,0,0,0,0,0,0,0,0,0,0,0,0,0,1,0,0,0
67,33,2,5d482eaa21c9be351f763afc,2020-04-23 00:36:30.231000+00:00,i dont think the husband is an asshole,0.6,0,0.0,5,i don't think the husband is an asshole,9,8,38,1,-0.6611826942894591,-0.5863898140999622,0.0,0.0,0.0,0.0,0.0,0.0,0.0,0.0,0.0,0.0,0.0,0.01,0.01,0.0,0.0,0.0,0.0,0.01,0.0,0.0,0.0,0.01,0.0,0.03,0.0,0.0,0.0,0.0,0.0,0.0,0.01,0.0,0.0,0.0,0.0,0.0,0.01,0.01,0.0,0.0,0.0,0.03,0.0,0.02,0.0,0.02,0.01,0.0,0.0,0.0,0.0,0.0,0.01,0.04,0.0,0,0,1.0,0.125,2,0.0,0,0.0,0.0,0.3968,easy,7.56,0,0,1,0,1,0,0,0,0,0,0,1,0,0,0,0,0,0,0,0,0
67,33,2,5ea0d1f29dc0406f89889eef,2020-04-23 00:36:33.476000+00:00,i dont think its his place to tell his mil to learn english,0.6,0,0.0,5,i don't think it's his place to tell his mil to learn english,10,13,59,1,-0.17144122773605125,-0.04296821913663523,0.0,0.0,0.0,0.0,0.0,0.0,0.0,0.0,0.0,0.0,0.02,0.01,0.0,0.0,0.0,0.0,0.0,0.0,0.0,0.0,0.0,0.02,0.0,0.02,0.0,0.0,0.01,0.0,0.0,0.0,0.03,0.01,0.0,0.01,0.0,0.0,0.0,0.01,0.0,0.0,0.0,0.02,0.0,0.0,0.0,0.01,0.02,0.02,0.0,0.0,0.0,0.0,0.01,0.06,0.0,0,0,0.8461538461538461,0.07692307692307693,1,0.0005036151718260998,0,0.0,0.0,0.6447999999999999,easy,3.245,0,0,1,0,1,0,0,0,0,0,0,1,0,0,0,0,0,0,0,0,0
67,33,2,5ea0d59e9dc0406f8988a5f0,2020-04-23 00:36:33.633000+00:00,so husband definitely being an asshole here not trying to understand mil and her trouble with english,0.6,0,0.0,5,"so, husband definitely being an asshole here. not trying to understand mil and her trouble with english",11,17,101,1,0.31830023881735653,0.5004533758266917,0.0,0.0,0.0,0.02,0.01,0.02,0.0,0.01,0.03,0.0,0.01,0.01,0.01,0.0,0.0,0.0,0.0,0.01,0.0,0.0,0.01,0.01,0.0,0.01,0.0,0.0,0.0,0.0,0.0,0.0,0.02,0.0,0.0,0.0,0.0,0.0,0.01,0.0,0.0,0.0,0.01,0.02,0.0,0.01,0.02,0.01,0.05,0.02,0.0,0.0,0.0,0.0,0.0,0.09,0.0,0,0,1.0,0.0,1,0.007067755848389084,0,0.2333333333333333,-0.06666666666666667,0.8432,easy,0.157,0,0,0,0,0,0,0,0,0,0,0,0,0,0,0,0,1,0,1,0,0
68,34,0,5d482ea921c9be351f763785,2020-04-23 00:25:18.342000+00:00,they really seemed like the asshole ,0.6,0,0.0,5,they really seemed like the asshole ,1,6,36,1,-0.7591309876001406,-1.2006990767800654,0.0,0.0,0.0,0.0,0.0,0.0,0.0,0.0,0.009999999999999998,0.0,0.0,0.0,0.009999999999999998,0.0,0.0,0.0,0.0,0.0,0.0,0.0,0.009999999999999998,0.009999999999999998,0.0,0.0,0.0,0.009999999999999998,0.0,0.0,0.0,0.0,0.009999999999999998,0.0,0.0,0.0,0.0,0.0,0.009999999999999998,0.0,0.0,0.009999999999999998,0.009999999999999998,0.009999999999999998,0.0,0.009999999999999998,0.009999999999999998,0.0,0.019999999999999997,0.0,0.0,0.0,0.0,0.009999999999999998,0.0,0.019999999999999997,0.0,0,0,1.0,0.0,0,0.0,0,0.2,0.2,0.2976,easy,0.0,0,0,0,0,0,1,0,0,0,0,0,0,0,0,0,0,0,1,0,0,0
68,34,0,5d482ea721c9be351f76308e,2020-04-23 00:25:38.604000+00:00,i think that the mil should try to learn the language after 8 years of living here,0.6,0,0.0,5,i think that the mil should try to learn the language after 8 years of living here.,2,17,82,1,0.22035194550667497,-0.47500183257233364,0.01,0.0,0.0,0.0,0.0,0.0,0.01,0.01,0.01,0.0,0.0,0.0,0.0,0.0,0.01,0.0,0.0,0.0,0.0,0.0,0.0,0.02,0.0,0.02,0.01,0.0,0.02,0.0,0.0,0.0,0.01,0.01,0.0,0.01,0.0,0.0,0.0,0.01,0.0,0.0,0.0,0.029999999999999995,0.0,0.02,0.0,0.01,0.029999999999999995,0.029999999999999995,0.0,0.0,0.0,0.0,0.01,0.09,0.0,0,0,0.9411764705882353,0.058823529411764705,2,0.0,0,0.0,0.0,0.8432,easy,20.262,0,0,1,0,1,0,0,0,0,0,0,1,0,0,0,0,0,0,0,0,0
68,34,0,5d482eaa21c9be351f763d5d,2020-04-23 00:25:38.886000+00:00,he is unkind and disrespectful ,0.6,0,0.0,5,he is unkind and disrespectful. ,3,5,31,1,-0.8570792809108222,-1.2732688012008386,0.0,0.0,0.0,0.01,0.0,0.01,0.0,0.0,0.0,0.0,0.01,0.0,0.0,0.0,0.0,0.0,0.0,0.0,0.01,0.0,0.0,0.0,0.0,0.01,0.0,0.0,0.0,0.0,0.0,0.0,0.01,0.0,0.0,0.0,0.0,0.0,0.0,0.0,0.0,0.0,0.0,0.01,0.0,0.0,0.01,0.01,0.01,0.0,0.0,0.0,0.0,0.0,0.0,0.03,0.0,0,0,1.0,0.0,0,0.0,0,0.0,0.0,0.248,easy,0.282,0,0,0,0,0,0,0,0,0,0,0,0,0,0,0,0,0,0,1,0,0
68,34,0,5d482eab21c9be351f764138,2020-04-23 00:26:10.315000+00:00,not the asshole op could have definitely told their mother in law in a more gentle way but op is still right mother in law cant depend on everyone around her forever,0.6,0,0.0,5,"not the asshole. op could have definitely told their mother in law in a more gentle way, but op is still right. mother in law can't depend on everyone around her forever.",4,32,165,1,1.7875246384775798,0.6861137581600373,0.01,0.0,0.0,0.01,0.02,0.01,0.0,0.0,0.029999999999999995,0.0,0.01,0.02,0.01,0.0,0.0,0.0,0.0,0.02,0.0,0.01,0.02,0.0,0.0,0.029999999999999995,0.0,0.01,0.09,0.0,0.0,0.0,0.05999999999999999,0.01,0.0,0.0,0.0,0.01,0.01,0.0,0.0,0.01,0.02,0.049999999999999996,0.0,0.02,0.01,0.04,0.09,0.049999999999999996,0.0,0.0,0.0,0.029999999999999995,0.0,0.12999999999999998,0.0,0,0,0.84375,0.0,1,0.0,0,0.5839285714285715,0.2464285714285714,1.5872,easy,31.429,0,0,1,0,0,0,0,0,0,0,0,0,0,0,0,0,0,1,0,0,0
68,34,0,5d482ea921c9be351f763785,2020-04-23 00:26:10.859000+00:00,it sounded like he was the person she called last so it cant have really been that often too,0.6,0,0.0,5,"it sounded like he was the person she called last, so it cant have really been that often too",5,19,92,1,0.5141968254387196,-0.2572926593100141,0.0,0.01,0.0,0.01,0.0,0.0,0.0,0.0,0.04,0.0,0.02,0.01,0.0,0.0,0.0,0.0,0.0,0.0,0.0,0.0,0.01,0.0,0.01,0.02,0.0,0.03,0.01,0.0,0.0,0.0,0.04,0.03,0.0,0.0,0.0,0.0,0.0,0.0,0.0,0.01,0.01,0.05,0.0,0.01,0.02,0.04,0.02,0.0,0.0,0.01,0.0,0.01,0.0,0.11000000000000001,0.0,0,0,0.9473684210526315,0.0,3,0.0,0,0.13333333333333333,0.1,0.9424,easy,0.544,0,0,1,0,0,1,0,0,0,0,0,0,0,0,0,0,0,1,0,0,0
68,34,0,5d482eaa21c9be351f763d5d,2020-04-23 00:26:23.058000+00:00,if he does now want to translate for her he should make himself unavailable but the way he tells the story shows that he does not want to help her,0.6,0,0.0,5,"if he does now want to translate for her, he should make himself unavailable but the way he tells the story shows that he does not want to help her.",6,30,146,1,1.5916280518562167,0.5409743093184909,0.039999999999999994,0.0,0.0,0.019999999999999997,0.0,0.0,0.0,0.0,0.009999999999999998,0.0,0.06999999999999999,0.009999999999999998,0.0,0.0,0.0,0.0,0.0,0.0,0.0,0.0,0.0,0.0,0.0,0.049999999999999996,0.009999999999999998,0.0,0.019999999999999997,0.0,0.0,0.0,0.09999999999999999,0.009999999999999998,0.0,0.0,0.0,0.009999999999999998,0.0,0.0,0.0,0.009999999999999998,0.03,0.06,0.0,0.019999999999999997,0.009999999999999998,0.03,0.07999999999999999,0.03,0.0,0.0,0.0,0.0,0.0,0.19999999999999998,0.0,0,0,0.7333333333333333,0.0,7,0.0,0,0.0,0.0,1.488,easy,12.199,0,0,1,0,0,0,0,0,0,0,0,0,0,0,0,0,0,0,1,0,0
69,34,1,5d482ea821c9be351f763456,2020-04-23 00:40:22.206000+00:00,she shouldnt assume it is up to her to decide what her husband does with his time  she is the asshole,1.0,2,0.333333333,6,she shouldn‚äôt assume it is up to her to decide what her husband does with his time.  she is the asshole,1,21,101,1,0.7100934120600827,0.41546829219019754,0.01,0.0,0.0,0.0,0.0,0.01,0.0,0.0,0.0,0.0,0.05,0.01,0.01,0.0,0.0,0.0,0.0,0.01,0.0,0.0,0.0,0.02,0.0,0.03,0.01,0.0,0.02,0.0,0.0,0.0,0.06,0.02,0.0,0.0,0.0,0.0,0.01,0.0,0.0,0.01,0.0,0.04,0.0,0.01,0.0,0.04,0.04,0.04,0.0,0.0,0.0,0.0,0.0,0.15,0.0,0,0,0.8095238095238095,0.0,0,0.0,0,0.0,0.0,1.0415999999999999,easy,0.0,0,0,1,0,1,0,0,0,0,0,0,0,0,0,0,0,0,0,0,0,0
69,34,1,5d482eab21c9be351f764138,2020-04-23 00:40:28.338000+00:00,shes the asshole your husbands feelings are just as valid as your parents,1.0,2,0.333333333,6,she's the asshole. your husband's feelings are just as valid as your parents.,2,13,73,1,-0.07349293442536971,-0.33662029513220404,0.0,0.0,0.0,0.019999999999999997,0.0,0.0,0.0,0.0,0.009999999999999998,0.0,0.009999999999999998,0.0,0.009999999999999998,0.0,0.0,0.0,0.0,0.019999999999999997,0.0,0.0,0.0,0.009999999999999998,0.0,0.019999999999999997,0.0,0.0,0.0,0.0,0.0,0.0,0.049999999999999996,0.0,0.0,0.0,0.0,0.0,0.009999999999999998,0.0,0.009999999999999998,0.0,0.009999999999999998,0.019999999999999997,0.0,0.009999999999999998,0.009999999999999998,0.019999999999999997,0.019999999999999997,0.019999999999999997,0.0,0.009999999999999998,0.019999999999999997,0.0,0.0,0.06999999999999999,0.0,0,0,0.8461538461538461,0.0,1,0.0003202049311559398,0,0.0,0.0,0.6447999999999999,easy,6.132,0,0,0,0,0,0,0,0,0,0,0,0,1,0,0,0,0,0,0,0,0
69,34,1,5d482ea721c9be351f76308e,2020-04-23 00:40:29.616000+00:00,i feel that she may be the asshole here everyone is busy but it sounds like the translation burden has been increasing for her husband,1.0,2,0.333333333,6,"i feel that she may be the asshole here. everyone is busy, but it sounds like the translation burden has been increasing for her husband.",3,25,134,1,1.0039382919921274,0.6975015124360981,0.0,0.01,0.0,0.01,0.0,0.0,0.0,0.0,0.01,0.0,0.02,0.0,0.01,0.0,0.0,0.0,0.0,0.01,0.0,0.01,0.01,0.01,0.0,0.03,0.01,0.01,0.02,0.0,0.0,0.0,0.04,0.03,0.0,0.01,0.0,0.0,0.01,0.01,0.01,0.01,0.01,0.06,0.0,0.02,0.01,0.049999999999999996,0.03,0.01,0.0,0.02,0.0,0.01,0.01,0.14,0.0,0,0,0.96,0.04,2,0.0003202049311559398,0,0.3,0.1,1.24,easy,1.278,0,0,1,0,1,0,0,0,0,0,0,1,0,0,0,0,0,1,1,0,0
69,34,1,5d482eaa21c9be351f763d5d,2020-04-23 00:40:36.354000+00:00,there is a fundamental clash of cultures here he does not respect her culture and she has expectations for him based on her culture that may be unfair to him,1.0,2,0.333333333,6,there is a fundamental clash of cultures here. he does not respect her culture and she has expectations for him based on her culture that may be unfair to him.,4,30,157,1,1.5916280518562167,1.2615679529278994,0.01,0.0,0.0,0.01,0.01,0.01,0.0,0.0,0.02,0.0,0.06,0.01,0.0,0.0,0.0,0.0,0.0,0.0,0.0,0.0,0.01,0.0,0.0,0.03,0.01,0.0,0.01,0.0,0.0,0.0,0.09000000000000001,0.01,0.0,0.0,0.0,0.01,0.0,0.0,0.0,0.01,0.01,0.05,0.0,0.01,0.01,0.05,0.06,0.04,0.0,0.0,0.0,0.02,0.0,0.2,0.0,0,0,0.9,0.0,8,0.005205498307587389,0,1.0,-0.5,6.1771666666666665,difficult,6.738,0,0,1,0,0,0,0,0,0,0,0,0,0,0,0,0,0,1,1,0,0
69,34,1,5d482ea921c9be351f763785,2020-04-23 00:40:47.565000+00:00,i agree with that,1.0,2,0.333333333,6,i agree with that,5,4,17,1,-1.0529758675321852,-1.276731029285206,0.0,0.0,0.0,0.0,0.0,0.01,0.0,0.0,0.0,0.0,0.0,0.0,0.0,0.0,0.0,0.0,0.0,0.0,0.0,0.0,0.01,0.0,0.0,0.0,0.0,0.0,0.0,0.0,0.0,0.0,0.0,0.01,0.0,0.0,0.0,0.0,0.0,0.01,0.0,0.0,0.0,0.0,0.0,0.0,0.0,0.0,0.01,0.01,0.0,0.0,0.0,0.0,0.01,0.030000000000000006,0.0,0,0,1.0,0.25,1,0.0,0,0.0,0.0,0.1984,easy,11.211,0,0,0,0,0,0,0,0,0,0,0,1,0,0,0,0,0,0,0,0,0
69,34,1,5d482eab21c9be351f764138,2020-04-23 00:40:50.071000+00:00,same,1.0,2,0.333333333,6,same,6,1,4,1,-1.2488724541535483,-1.4647531761158064,0.0,0.0,0.0,0.0,0.0,0.0,0.0,0.0,0.0,0.0,0.0,0.0,0.0,0.0,0.0,0.0,0.0,0.0,0.0,0.01,0.0,0.0,0.0,0.0,0.0,0.0,0.0,0.0,0.0,0.0,0.0,0.0,0.0,0.0,0.0,0.0,0.0,0.0,0.0,0.0,0.0,0.0,0.0,0.0,0.0,0.0,0.01,0.0,0.0,0.0,0.0,0.0,0.0,0.01,0.0,0,0,1.0,0.0,0,0.0,0,0.125,0.0,0.0496,easy,2.506,0,0,0,0,0,0,0,0,0,0,0,0,0,0,0,0,0,0,0,0,0
69,34,1,5d482ea921c9be351f763785,2020-04-23 00:41:03.361000+00:00,although i cant decide if theyre both the asshole or neither is the asshole,1.0,2,0.333333333,6,"although i can't decide if theyre both the asshole, or neither is the asshole",7,14,75,1,-0.07349293442536971,-0.33662029513220404,0.01,0.0,0.0,0.03,0.0,0.01,0.0,0.0,0.0,0.0,0.0,0.02,0.02,0.0,0.0,0.0,0.0,0.0,0.0,0.02,0.0,0.01,0.0,0.03,0.0,0.0,0.01,0.0,0.0,0.0,0.01,0.0,0.0,0.0,0.0,0.0,0.02,0.01,0.0,0.02,0.02,0.03,0.0,0.02,0.0,0.03,0.04,0.0,0.0,0.0,0.0,0.0,0.01,0.07,0.0,0,0,0.8571428571428571,0.07142857142857142,0,0.0,0,0.0,0.0,0.6944,easy,13.29,0,0,0,0,0,0,0,0,0,0,1,0,0,0,0,0,0,0,0,0,0
69,34,1,5d482eaa21c9be351f763d5d,2020-04-23 00:41:19.966000+00:00,both are this marriage is in trouble,1.0,2,0.333333333,6,both are. this marriage is in trouble.,8,7,36,1,-0.6611826942894591,-0.9006867356240053,0.0,0.0,0.0,0.0,0.0,0.009999999999999998,0.0,0.0,0.0,0.0,0.0,0.0,0.0,0.0,0.0,0.0,0.0,0.0,0.0,0.009999999999999998,0.0,0.0,0.0,0.019999999999999997,0.0,0.0,0.019999999999999997,0.0,0.0,0.0,0.009999999999999998,0.009999999999999998,0.0,0.0,0.0,0.0,0.0,0.0,0.0,0.0,0.0,0.019999999999999997,0.0,0.0,0.0,0.019999999999999997,0.009999999999999998,0.009999999999999998,0.0,0.0,0.0,0.0,0.0,0.05,0.0,0,0,1.0,0.0,1,0.0021691973969631237,0,0.2,-0.2,0.3472,easy,16.605,0,0,0,0,0,0,0,0,0,0,0,0,0,0,0,0,0,0,1,0,0
70,35,1,5d482eaa21c9be351f763a5f,2020-04-23 14:48:46.148000+00:00,he is not being an ass but he handled it wrong ,1.0,1,0.2,5,"he is not being an ass, but he handled it wrong. ",1,11,47,1,-0.2693895210467328,-0.4368538552676412,0.0,0.0,0.0,0.009999999999999998,0.0,0.0,0.009999999999999998,0.0,0.0,0.0,0.019999999999999997,0.009999999999999998,0.009999999999999998,0.0,0.0,0.0,0.009999999999999998,0.0,0.009999999999999998,0.0,0.0,0.0,0.0,0.009999999999999998,0.0,0.0,0.0,0.009999999999999998,0.0,0.0,0.019999999999999997,0.009999999999999998,0.0,0.0,0.0,0.0,0.0,0.0,0.0,0.0,0.019999999999999997,0.019999999999999997,0.0,0.009999999999999998,0.009999999999999998,0.019999999999999997,0.019999999999999997,0.0,0.0,0.0,0.0,0.0,0.0,0.07999999999999999,0.0,0,0,0.9090909090909091,0.0,0,0.0,0,0.9,-0.5,0.5456,easy,0.0,0,0,0,0,0,0,0,0,0,0,0,0,0,0,0,0,0,0,1,0,0
70,35,1,5d482ea921c9be351f7636fb,2020-04-23 14:48:56.654000+00:00,at first i was like wtf man but then reading that he spoke to her respectfully about it i think he wasnt an asshole,1.0,1,0.2,5,"at first i was like wtf man but then reading that he spoke to her respectfully about it, i think he wasn‚äôt an asshole",2,24,115,1,0.8080417053707643,0.5372121733696669,0.0,0.01,0.0,0.02,0.0,0.0,0.0,0.01,0.01,0.0,0.029999999999999995,0.01,0.01,0.0,0.0,0.0,0.0,0.0,0.0,0.0,0.01,0.01,0.01,0.01,0.0,0.029999999999999995,0.029999999999999995,0.0,0.0,0.0,0.049999999999999996,0.02,0.0,0.0,0.0,0.0,0.01,0.02,0.0,0.0,0.01,0.04,0.0,0.01,0.01,0.02,0.02,0.029999999999999995,0.0,0.01,0.0,0.02,0.02,0.13999999999999999,0.0,0,0,0.9166666666666666,0.08333333333333333,5,0.0,0,0.6777777777777777,0.08333333333333333,1.1904,easy,10.506,0,0,1,0,1,0,0,0,0,0,1,1,0,0,0,0,0,1,0,0,0
70,35,1,5d482eaa21c9be351f763b6e,2020-04-23 14:49:13.445000+00:00,i agree ,1.0,1,0.2,5,i agree ,3,2,8,1,-1.2488724541535483,-1.322368426756103,0.0,0.0,0.0,0.0,0.0,0.0,0.0,0.0,0.0,0.0,0.0,0.0,0.0,0.0,0.0,0.0,0.0,0.0,0.0,0.0,0.01,0.0,0.0,0.0,0.0,0.0,0.0,0.0,0.0,0.0,0.0,0.0,0.0,0.0,0.0,0.0,0.0,0.01,0.0,0.0,0.0,0.0,0.0,0.0,0.0,0.0,0.0,0.0,0.0,0.0,0.0,0.0,0.01,0.01,0.0,0,0,1.0,0.5,0,0.00015518311607697082,0,0.0,0.0,0.0992,easy,16.791,0,0,0,0,0,0,0,0,0,0,0,1,0,0,0,0,0,0,0,0,0
70,35,1,5d482ea821c9be351f76310c,2020-04-23 14:49:16.534000+00:00,i agree until the edit part i did think he was being an asshole but he sounded like he at least tried to be nice,1.0,1,0.2,5,i agree. until the edit part i did think he was being an asshole but he sounded like he at least tried to be nice,4,25,112,1,0.9059899986814458,0.625763630518513,0.0,0.01,0.0,0.02,0.0,0.0,0.0,0.01,0.0,0.0,0.030000000000000002,0.0,0.01,0.0,0.0,0.0,0.0,0.0,0.0,0.02,0.030000000000000002,0.01,0.0,0.01,0.0,0.030000000000000002,0.02,0.0,0.0,0.0,0.030000000000000002,0.0,0.0,0.01,0.0,0.0,0.01,0.02,0.0,0.0,0.01,0.060000000000000005,0.0,0.02,0.01,0.04,0.02,0.030000000000000002,0.0,0.01,0.0,0.02,0.02,0.15000000000000002,0.0,0,0,0.88,0.08,0,0.0011155192112199642,0,0.7,0.15,1.24,easy,3.089,0,0,1,0,1,0,0,0,0,0,1,1,0,0,0,0,0,1,0,0,0
70,35,1,5d482eaa21c9be351f763b6e,2020-04-23 14:49:23.677000+00:00,you ,1.0,1,0.2,5,you ,5,1,4,1,-1.2488724541535483,-1.322368426756103,0.0,0.0,0.0,0.0,0.0,0.0,0.0,0.0,0.0,0.0,0.0,0.0,0.0,0.0,0.0,0.0,0.0,0.0,0.0,0.0,0.0,0.0,0.0,0.0,0.0,0.0,0.0,0.0,0.0,0.0,0.01,0.0,0.0,0.0,0.0,0.0,0.0,0.0,0.0,0.0,0.0,0.0,0.0,0.0,0.0,0.0,0.0,0.0,0.0,0.0,0.01,0.0,0.0,0.01,0.0,0,0,1.0,0.0,0,0.0,0,0.0,0.0,0.0496,easy,7.143,0,0,0,0,0,0,0,0,0,0,0,0,0,1,0,0,0,0,0,0,0
70,35,1,5d482eaa21c9be351f763af0,2020-04-23 14:49:25.751000+00:00,yeah first impressions even by his own words he was being an ass but then clarified that he was trying to be respectful about it,1.0,1,0.2,5,"yeah, first impressions, even by his own words, he was being an ass, but then clarified that he was trying to be respectful about it.",6,25,128,1,1.101886585302809,0.8028665448162055,0.0,0.0,0.0,0.02,0.0,0.0,0.01,0.02,0.02,0.0,0.03,0.0,0.01,0.0,0.0,0.0,0.01,0.0,0.0,0.01,0.01,0.01,0.0,0.0,0.0,0.02,0.02,0.01,0.0,0.0,0.03,0.02,0.0,0.0,0.0,0.0,0.0,0.0,0.0,0.0,0.01,0.04,0.0,0.01,0.01,0.04,0.02,0.03,0.0,0.0,0.0,0.01,0.0,0.16,0.0,0,0,0.92,0.0,0,0.0,0,0.6777777777777777,0.45,1.24,easy,2.074,0,0,0,0,0,0,0,0,0,0,0,0,0,0,0,0,0,1,0,0,0
70,35,1,5d482ea921c9be351f7636fb,2020-04-23 14:49:28.397000+00:00,i think hes looking out for her and trying to make life easier for her,1.0,1,0.2,5,i think he‚äôs looking out for her and trying to make life easier for her,7,15,70,1,0.024455358885311848,-0.17119948382110264,0.0,0.0,0.0,0.009999999999999998,0.0,0.019999999999999997,0.009999999999999998,0.009999999999999998,0.0,0.0,0.03,0.0,0.0,0.0,0.009999999999999998,0.009999999999999998,0.0,0.0,0.0,0.0,0.009999999999999998,0.009999999999999998,0.0,0.03,0.0,0.0,0.009999999999999998,0.0,0.0,0.0,0.03,0.0,0.0,0.0,0.0,0.009999999999999998,0.0,0.009999999999999998,0.0,0.0,0.0,0.03,0.0,0.0,0.009999999999999998,0.009999999999999998,0.039999999999999994,0.039999999999999994,0.0,0.009999999999999998,0.0,0.009999999999999998,0.009999999999999998,0.07999999999999999,0.0,0,0,0.8666666666666667,0.06666666666666667,1,0.005,0,0.0,0.0,0.744,easy,2.646,0,0,1,0,1,0,0,0,0,0,0,1,0,0,0,0,0,1,0,0,0
70,35,1,5d482ea821c9be351f76310c,2020-04-23 14:49:44.930000+00:00,it is hard situation as i do feel for her mother in law,1.0,1,0.2,5,it is hard situation as i do feel for her mother in law,8,13,55,1,-0.17144122773605125,-0.34830239811879504,0.0,0.0,0.0,0.01,0.0,0.0,0.0,0.0,0.0,0.0,0.01,0.0,0.0,0.0,0.0,0.0,0.0,0.01,0.0,0.0,0.0,0.01,0.0,0.030000000000000002,0.0,0.0,0.01,0.0,0.0,0.0,0.02,0.01,0.0,0.0,0.0,0.0,0.0,0.01,0.02,0.0,0.0,0.030000000000000002,0.0,0.0,0.0,0.02,0.02,0.030000000000000002,0.0,0.02,0.0,0.0,0.01,0.08,0.0,0,0,1.0,0.07692307692307693,2,0.00015518311607697082,0,0.5416666666666666,-0.2916666666666667,0.6447999999999999,easy,16.533,0,0,1,0,1,0,0,0,0,0,1,0,0,0,0,0,0,0,1,0,0
71,35,2,5d482eaa21c9be351f763a5f,2020-04-23 15:03:44.785000+00:00,yep she is an asshole she might try to write it prettier but yep its her,0.8,0,0.0,5,yep she is an asshole. she might try to write it prettier but yep its her.,1,16,72,1,0.22035194550667497,-0.08675275268682617,0.0,0.0,0.0,0.009999999999999998,0.0,0.0,0.0,0.009999999999999998,0.0,0.0,0.03,0.0,0.009999999999999998,0.0,0.0,0.0,0.0,0.0,0.0,0.0,0.009999999999999998,0.0,0.0,0.019999999999999997,0.009999999999999998,0.0,0.0,0.0,0.0,0.0,0.039999999999999994,0.019999999999999997,0.0,0.0,0.0,0.0,0.009999999999999998,0.0,0.0,0.009999999999999998,0.009999999999999998,0.03,0.0,0.009999999999999998,0.009999999999999998,0.019999999999999997,0.03,0.009999999999999998,0.0,0.0,0.0,0.0,0.0,0.09,0.0,0,0,0.875,0.0,0,0.0,0,0.0,0.0,0.7936,easy,0.0,0,0,1,0,0,0,0,0,0,0,0,0,0,0,0,0,1,0,0,0,0
71,35,2,5d482eaa21c9be351f763af0,2020-04-23 15:04:07.309000+00:00,so i get that shes busy but she shouldnt expect him to drop everything to do favors for her mom she should ask him if its a good time for him to help out and be accepting of his answers,0.8,0,0.0,5,"so i get that she's busy, but she shouldn't expect him to drop everything to do favors for her mom. she should ask him if its a good time for him to help out, and be accepting of his answers.",2,40,185,1,2.473162691652351,2.3076232214695795,0.04,0.0,0.0,0.04,0.01,0.02,0.0,0.0,0.01,0.0,0.08,0.01,0.0,0.0,0.0,0.0,0.0,0.01,0.0,0.0,0.030000000000000002,0.02,0.0,0.04,0.02,0.0,0.04,0.0,0.0,0.0,0.12000000000000001,0.030000000000000002,0.0,0.01,0.0,0.0,0.0,0.01,0.0,0.01,0.02,0.07,0.0,0.01,0.030000000000000002,0.05,0.1,0.07,0.0,0.0,0.0,0.02,0.01,0.25,0.0,0,0,0.85,0.025,8,0.0,0,0.45000000000000007,0.39999999999999997,1.984,easy,22.524,0,0,1,0,0,0,0,0,0,0,1,0,0,0,0,0,1,1,0,0,0
71,35,2,5d482eaa21c9be351f763a5f,2020-04-23 15:04:10.363000+00:00,sorry but if she is going for her masters then she knows tht learning a new language is doable,0.8,0,0.0,5,sorry but if she is going for her masters then she knows tht learning a new language is doable,3,19,94,1,0.5141968254387196,0.2255571569857485,0.009999999999999998,0.0,0.0,0.029999999999999995,0.0,0.0,0.0,0.009999999999999998,0.0,0.0,0.029999999999999995,0.0,0.0,0.0,0.0,0.0,0.0,0.0,0.0,0.0,0.0,0.019999999999999997,0.0,0.029999999999999995,0.0,0.0,0.029999999999999995,0.0,0.0,0.0,0.039999999999999994,0.0,0.0,0.019999999999999997,0.0,0.0,0.0,0.0,0.0,0.009999999999999998,0.019999999999999997,0.029999999999999995,0.0,0.009999999999999998,0.009999999999999998,0.019999999999999997,0.039999999999999994,0.009999999999999998,0.0,0.0,0.0,0.019999999999999997,0.0,0.09999999999999999,0.0,0,1,0.8947368421052632,0.0,7,0.0,0,0.7272727272727273,-0.18181818181818182,0.9424,easy,3.054,0,0,0,0,0,0,0,0,1,0,0,0,0,0,0,0,0,1,1,0,0
71,35,2,5d482eaa21c9be351f763b6e,2020-04-23 15:04:18.769000+00:00,okay first of all i dont think the poster is the ass for trying to help her mother but she kind of is for putting it on her husband,0.8,0,0.0,5,"okay first of all i don't think the poster is the ass for trying to help her mother, but she kind of is for putting it on her husband",4,29,131,1,1.3957314652348536,1.1624868860034725,0.0,0.0,0.0,0.01,0.01,0.0,0.01,0.02,0.0,0.0,0.030000000000000002,0.01,0.01,0.0,0.0,0.0,0.01,0.02,0.0,0.0,0.02,0.01,0.0,0.04,0.0,0.0,0.030000000000000002,0.01,0.0,0.0,0.060000000000000005,0.01,0.0,0.0,0.0,0.0,0.0,0.01,0.0,0.01,0.01,0.04,0.0,0.02,0.01,0.030000000000000002,0.04,0.060000000000000005,0.0,0.0,0.0,0.0,0.01,0.17,0.01,0,0,0.8275862068965517,0.034482758620689655,8,0.0,1,0.5777777777777778,0.45,1.4384,easy,8.406,0,0,1,0,1,0,0,0,0,0,1,0,0,0,0,0,1,0,0,0,0
71,35,2,5d482ea821c9be351f76310c,2020-04-23 15:04:20.235000+00:00,the line about helping mom only 10 minutes every once in awhile really got me if that is all it is why cant she help too,0.8,0,0.0,5,the line about helping mom only 10 minutes every once in awhile really got me. if that is all it is why can't she help too?,5,26,120,1,1.101886585302809,0.8501769763308978,0.01,0.0,0.0,0.01,0.02,0.0,0.0,0.0,0.04,0.0,0.01,0.01,0.0,0.0,0.0,0.0,0.0,0.01,0.0,0.01,0.01,0.0,0.0,0.03,0.0,0.01,0.04,0.0,0.0,0.0,0.04,0.02,0.0,0.0,0.0,0.01,0.0,0.01,0.0,0.01,0.02,0.04,0.0,0.01,0.01,0.03,0.049999999999999996,0.02,0.0,0.0,0.0,0.01,0.01,0.15,0.0,1,0,0.9615384615384616,0.038461538461538464,6,0.0010834236186348862,0,0.6,0.1,1.2895999999999999,easy,1.466,0,0,0,0,0,1,0,0,0,0,0,0,0,0,0,0,0,1,0,0,0
71,35,2,5d482eaa21c9be351f763af0,2020-04-23 15:04:46.786000+00:00,very true 10 minutes once in awhile is nothing if she wants to be helping her family ,0.8,0,0.0,5,"very true, 10 minutes once in awhile is nothing, if she wants to be helping her family. ",6,17,85,1,0.31830023881735653,0.017350550537365384,0.02,0.0,0.01,0.01,0.01,0.0,0.0,0.0,0.01,0.0,0.02,0.01,0.0,0.0,0.0,0.0,0.0,0.01,0.0,0.0,0.02,0.0,0.0,0.02,0.0,0.0,0.04,0.0,0.0,0.0,0.04,0.0,0.0,0.0,0.0,0.0,0.0,0.0,0.0,0.01,0.01,0.03,0.0,0.0,0.0,0.02,0.03,0.02,0.0,0.0,0.0,0.01,0.0,0.09,0.0,0,0,1.0,0.0,4,0.12072064831558503,0,0.47250000000000003,0.3275,0.8432,easy,26.551,0,0,0,0,0,0,0,0,0,0,0,0,0,0,0,0,0,1,0,0,0
71,35,2,5d482ea821c9be351f76310c,2020-04-23 15:04:47.814000+00:00,yes i think the fact that she is making her husband do it all the time makes her an asshole,0.8,0,0.0,5,yes i think the fact that she is making her husband do it all the time makes her an asshole,7,20,91,1,0.5141968254387196,0.2255571569857485,0.0,0.0,0.0,0.0,0.020000000000000004,0.0,0.0,0.0,0.0,0.0,0.030000000000000002,0.0,0.010000000000000002,0.0,0.0,0.0,0.0,0.010000000000000002,0.0,0.0,0.0,0.010000000000000002,0.0,0.04000000000000001,0.0,0.0,0.010000000000000002,0.0,0.0,0.0,0.04000000000000001,0.020000000000000004,0.0,0.0,0.0,0.020000000000000004,0.010000000000000002,0.010000000000000002,0.0,0.0,0.0,0.04000000000000001,0.0,0.030000000000000002,0.010000000000000002,0.020000000000000004,0.05,0.0,0.0,0.0,0.0,0.0,0.010000000000000002,0.12000000000000001,0.0,0,0,0.9,0.05,4,0.0,0,0.0,0.0,0.992,easy,1.028,0,0,1,0,1,0,0,0,0,0,1,0,0,0,0,0,0,0,0,0,0
71,35,2,5d482eaa21c9be351f763a5f,2020-04-23 15:04:55.522000+00:00,and its her parents not his she has passed them off so often that they are leaving her out of the loop that tells you that they thing she is an ass too,0.8,0,0.0,5,and its her parents not his. she has passed them off so often that they are leaving her out of the loop. that tells you that they thing she is an ass too.,8,33,151,1,1.8854729317882615,1.6830034021244302,0.0,0.0,0.0,0.02,0.0,0.02,0.01,0.0,0.030000000000000002,0.0,0.05,0.01,0.01,0.0,0.0,0.0,0.01,0.01,0.0,0.0,0.0,0.0,0.0,0.030000000000000002,0.0,0.0,0.04,0.01,0.0,0.0,0.11,0.05,0.0,0.0,0.0,0.0,0.0,0.0,0.0,0.01,0.01,0.030000000000000002,0.0,0.02,0.02,0.030000000000000002,0.04,0.030000000000000002,0.0,0.0,0.01,0.0,0.0,0.25,0.0,0,0,0.8484848484848485,0.0,10,0.0,0,0.0,0.0,1.6368,easy,7.708,0,0,1,0,0,0,0,0,0,0,0,0,1,0,0,0,1,0,0,0,0
72,36,0,5d482eaa21c9be351f763da2,2020-04-23 14:45:35.763000+00:00,i think this guy is very rude this is his moms house not a german hostel,1.0,1,0.166666667,6,"i think this guy is very rude, this is his mom's house not a german hostel.",1,16,72,1,0.1224036521959934,0.08273027448886235,0.0,0.0,0.009999999999999998,0.0,0.0,0.0,0.0,0.0,0.009999999999999998,0.0,0.009999999999999998,0.009999999999999998,0.0,0.0,0.0,0.0,0.0,0.009999999999999998,0.009999999999999998,0.0,0.0,0.009999999999999998,0.009999999999999998,0.03,0.0,0.0,0.0,0.0,0.0,0.0,0.03,0.019999999999999997,0.0,0.0,0.0,0.0,0.009999999999999998,0.009999999999999998,0.0,0.0,0.009999999999999998,0.03,0.0,0.009999999999999998,0.0,0.019999999999999997,0.019999999999999997,0.0,0.0,0.0,0.0,0.009999999999999998,0.009999999999999998,0.09,0.0,0,0,0.875,0.0625,0,0.0,0,0.39,-0.195,0.7936,easy,0.0,0,0,1,0,1,0,0,0,0,0,0,1,0,0,0,0,0,0,1,0,0
72,36,0,5d482ea821c9be351f763435,2020-04-23 14:45:41.847000+00:00,i think he should have been more repectful to his mother  ,1.0,1,0.166666667,6,i think he should have been more repectful to his mother.  ,2,11,58,1,-0.36733781435741436,-0.38797645967190614,0.009999999999999998,0.0,0.0,0.0,0.0,0.0,0.0,0.0,0.0,0.0,0.019999999999999997,0.0,0.0,0.0,0.0,0.0,0.0,0.009999999999999998,0.0,0.009999999999999998,0.0,0.009999999999999998,0.0,0.019999999999999997,0.009999999999999998,0.009999999999999998,0.0,0.0,0.0,0.0,0.03,0.0,0.0,0.0,0.0,0.0,0.0,0.009999999999999998,0.0,0.0,0.0,0.039999999999999994,0.0,0.0,0.0,0.03,0.019999999999999997,0.009999999999999998,0.0,0.0,0.0,0.0,0.009999999999999998,0.07999999999999999,0.0,0,0,1.0,0.09090909090909091,1,0.0005036151718260998,0,0.5,0.5,0.5456,easy,6.084,0,0,1,0,1,0,0,0,0,0,0,1,0,0,0,0,0,0,0,0,0
72,36,0,5d482ea721c9be351f762dbf,2020-04-23 14:45:45.238000+00:00,well i think that he should have been speaking english after all his mother doesnt know german at all  and at least his husband knows some english,1.0,1,0.166666667,6,"well, i think that he should have been speaking english. after all, his mother doesn't know german at all.  and at least his husband knows *some* english.",3,27,146,1,1.1998348786134905,1.118285089642553,0.009999999999999998,0.009999999999999998,0.0,0.009999999999999998,0.019999999999999997,0.009999999999999998,0.0,0.0,0.009999999999999998,0.0,0.03,0.009999999999999998,0.0,0.0,0.0,0.0,0.0,0.019999999999999997,0.0,0.019999999999999997,0.009999999999999998,0.03,0.0,0.049999999999999996,0.009999999999999998,0.009999999999999998,0.03,0.0,0.0,0.0,0.06,0.009999999999999998,0.0,0.0,0.0,0.0,0.0,0.009999999999999998,0.0,0.009999999999999998,0.0,0.06999999999999999,0.0,0.0,0.019999999999999997,0.039999999999999994,0.07999999999999999,0.03,0.0,0.009999999999999998,0.0,0.009999999999999998,0.009999999999999998,0.15,0.0,0,0,0.8518518518518519,0.037037037037037035,6,0.0013532328438736784,0,0.1,-0.075,1.3392,easy,3.391,0,0,1,0,1,0,0,0,0,0,1,0,0,0,0,0,0,1,0,0,0
72,36,0,5d482ea721c9be351f762fb3,2020-04-23 14:46:04.588000+00:00,i think he should have translated for his mom what they were discussing ,1.0,1,0.166666667,6,i think he should have translated for his mom what they were discussing ,4,13,72,1,-0.17144122773605125,-0.19969376600759872,0.009999999999999998,0.0,0.0,0.0,0.0,0.0,0.0,0.0,0.0,0.0,0.019999999999999997,0.0,0.0,0.0,0.0,0.0,0.0,0.009999999999999998,0.0,0.0,0.0,0.009999999999999998,0.0,0.019999999999999997,0.009999999999999998,0.009999999999999998,0.0,0.0,0.0,0.0,0.05,0.009999999999999998,0.0,0.0,0.0,0.0,0.0,0.009999999999999998,0.0,0.0,0.0,0.039999999999999994,0.0,0.0,0.0,0.03,0.019999999999999997,0.009999999999999998,0.0,0.0,0.0,0.0,0.009999999999999998,0.09,0.0,0,0,1.0,0.07692307692307693,4,0.0005036151718260998,0,0.0,0.0,0.6447999999999999,easy,19.35,0,0,1,0,1,0,0,0,0,0,0,1,0,0,0,0,0,0,0,0,0
72,36,0,5d482ea721c9be351f762fc7,2020-04-23 14:46:15.256000+00:00,so i can see both sides of the story however the wife and her husband are the asshole he should have sucked it up and spoke english who cares if he is embarrased they are in her moms house ,1.0,1,0.166666667,6,so i can see both sides of the story however the wife and her husband are the asshole. he should have sucked it up and spoke english. who cares if he is embarrased. they are in her moms house ,5,39,189,1,2.375214398341669,2.2479812516283975,0.019999999999999997,0.009999999999999998,0.009999999999999998,0.049999999999999996,0.0,0.029999999999999995,0.0,0.0,0.019999999999999997,0.0,0.039999999999999994,0.0,0.019999999999999997,0.0,0.0,0.009999999999999998,0.0,0.029999999999999995,0.0,0.009999999999999998,0.009999999999999998,0.0,0.0,0.06999999999999999,0.009999999999999998,0.019999999999999997,0.039999999999999994,0.0,0.0,0.0,0.10999999999999999,0.019999999999999997,0.0,0.0,0.0,0.0,0.019999999999999997,0.009999999999999998,0.0,0.009999999999999998,0.009999999999999998,0.09999999999999999,0.0,0.029999999999999995,0.029999999999999995,0.05999999999999999,0.05999999999999999,0.029999999999999995,0.0,0.019999999999999997,0.0,0.0,0.009999999999999998,0.24999999999999997,0.0,1,0,0.8461538461538461,0.02564102564102564,5,0.00015518311607697082,0,0.0,0.0,1.9344,easy,10.668,0,0,1,0,0,0,0,0,0,0,1,0,0,0,0,0,1,0,1,0,0
72,36,0,5d482ea721c9be351f762dbf,2020-04-23 14:46:16.818000+00:00,yes that if nothing else would be polite,1.0,1,0.166666667,6,"yes! that, if nothing else, would be polite.",6,8,40,1,-0.5632344009787775,-0.5762591533362135,0.020000000000000004,0.0,0.0,0.010000000000000002,0.0,0.0,0.0,0.0,0.0,0.0,0.0,0.010000000000000002,0.0,0.0,0.0,0.0,0.0,0.0,0.0,0.010000000000000002,0.0,0.0,0.0,0.0,0.010000000000000002,0.0,0.0,0.0,0.0,0.0,0.0,0.010000000000000002,0.0,0.0,0.0,0.0,0.0,0.0,0.0,0.010000000000000002,0.010000000000000002,0.020000000000000004,0.0,0.0,0.010000000000000002,0.020000000000000004,0.020000000000000004,0.0,0.0,0.0,0.0,0.010000000000000002,0.0,0.03,0.0,0,0,1.0,0.0,1,0.0,0,0.0,0.0,0.3968,easy,1.562,0,0,0,0,0,0,0,0,0,0,0,0,0,0,0,0,0,1,0,0,0
72,36,0,5d482ea821c9be351f76322c,2020-04-23 14:46:18.391000+00:00,he should see this as an opportunity for his husband to learn more english and be kind to his mother,1.0,1,0.166666667,6,he should see this as an opportunity for his husband to learn more english and be kind to his mother.,7,20,100,1,0.6121451187494011,0.5534370086496309,0.01,0.0,0.0,0.02,0.0,0.01,0.0,0.01,0.0,0.0,0.03,0.0,0.0,0.0,0.0,0.01,0.0,0.02,0.0,0.01,0.02,0.01,0.0,0.01,0.01,0.0,0.0,0.0,0.0,0.0,0.05,0.01,0.0,0.01,0.0,0.0,0.0,0.0,0.0,0.0,0.0,0.03,0.0,0.01,0.01,0.02,0.03,0.04,0.0,0.01,0.0,0.0,0.0,0.13,0.0,0,0,0.9,0.0,1,0.0,0,0.4666666666666666,0.3666666666666667,1.7815,easy,1.573,0,0,1,0,0,0,0,0,0,0,0,0,0,0,0,0,0,0,0,0,0
72,36,0,5d482ea721c9be351f762dbf,2020-04-23 14:46:27.830000+00:00,thats a good point too,1.0,1,0.166666667,6,"that's a good point, too.",8,5,22,1,-0.8570792809108222,-0.8586831938326746,0.0,0.0,0.0,0.0,0.0,0.0,0.0,0.0,0.01,0.0,0.0,0.0,0.0,0.0,0.0,0.0,0.0,0.0,0.0,0.0,0.01,0.0,0.0,0.01,0.0,0.0,0.01,0.0,0.0,0.0,0.0,0.01,0.0,0.0,0.0,0.0,0.0,0.0,0.0,0.0,0.0,0.01,0.0,0.01,0.0,0.01,0.0,0.0,0.0,0.0,0.0,0.02,0.0,0.02,0.0,0,0,1.0,0.0,0,0.0,0,0.6000000000000001,0.7,0.248,easy,9.439,0,0,0,0,0,0,0,0,0,0,0,0,0,0,0,0,0,1,0,0,0
72,36,0,5d482eaa21c9be351f763da2,2020-04-23 14:46:30.340000+00:00,i think it is quite selfish of his husband he obviously had no interest in getting to know this woman,1.0,1,0.166666667,6,"i think it is quite selfish of his husband, he obviously had no interest in getting to know this woman.",9,20,101,1,0.5141968254387196,0.4592956618174771,0.0,0.0,0.0,0.0,0.01,0.0,0.0,0.0,0.0,0.0,0.02,0.01,0.0,0.0,0.0,0.0,0.0,0.01,0.01,0.0,0.01,0.02,0.01,0.03,0.0,0.01,0.01,0.0,0.0,0.0,0.04,0.02,0.0,0.0,0.0,0.0,0.0,0.01,0.0,0.01,0.0,0.04,0.0,0.0,0.01,0.02,0.04,0.03,0.0,0.0,0.0,0.0,0.01,0.11,0.0,0,0,1.0,0.05,0,0.0,0,0.75,-0.25,0.992,easy,2.51,0,0,1,0,1,0,0,0,0,0,0,1,0,0,0,0,0,0,1,0,0
73,37,1,5ea1a6e0de5d74641b66d1d6,2020-04-23 15:22:55.310000+00:00,my initial impression of the user is that he wantes to please both mom and husband,0.5,0,0.0,4,my initial impression of the user is that he wantes to please both mom and husband,1,16,82,1,0.22035194550667497,0.33959252704379994,0.0,0.0,0.0,0.01,0.0,0.02,0.0,0.0,0.0,0.0,0.01,0.0,0.0,0.0,0.0,0.0,0.0,0.02,0.0,0.01,0.02,0.0,0.0,0.01,0.0,0.0,0.02,0.0,0.0,0.0,0.029999999999999995,0.01,0.0,0.0,0.0,0.0,0.0,0.01,0.0,0.0,0.0,0.01,0.0,0.01,0.01,0.01,0.02,0.02,0.0,0.0,0.0,0.0,0.01,0.09,0.0,0,0,1.0,0.0,0,0.0,0,0.0,0.0,0.7936,easy,0.0,1,0,0,0,0,0,0,0,0,0,0,1,0,0,0,0,0,0,0,0,0
73,37,1,5d482ea721c9be351f762e2b,2020-04-23 15:22:56.852000+00:00,i think the first thing i considered was that they are only in us part time so that is impacting the mothers response yes  he does want both to be happy,0.5,0,0.0,4,"i think the first thing i considered was that they are only in us part time, so that is impacting the mother's response yes!  he does want both to be happy",2,31,152,1,1.4936797585455353,2.0648786989214964,0.01,0.0,0.0,0.01,0.0,0.01,0.0,0.01,0.02,0.0,0.01,0.0,0.0,0.0,0.0,0.0,0.0,0.01,0.0,0.02,0.01,0.02,0.0,0.049999999999999996,0.0,0.01,0.04,0.0,0.0,0.0,0.04,0.03,0.0,0.0,0.0,0.01,0.0,0.02,0.0,0.0,0.0,0.06999999999999999,0.0,0.02,0.02,0.049999999999999996,0.049999999999999996,0.02,0.01,0.0,0.0,0.01,0.02,0.18,0.0,0,0,0.9032258064516129,0.06451612903225806,7,0.0021691973969631237,0,0.7777777777777777,0.35000000000000003,1.5375999999999999,easy,1.542,0,0,1,0,1,0,0,0,0,1,1,1,0,0,0,0,1,1,0,0,0
73,37,1,5ea1a6e0de5d74641b66d1d6,2020-04-23 15:23:24.784000+00:00,i thought so too the user wants to make sure they are both happy,0.5,0,0.0,4,"i thought so, too. the user wants to make sure they are both happy.",3,14,64,1,-0.07349293442536971,-0.05855043569720692,0.01,0.0,0.0,0.01,0.01,0.01,0.0,0.0,0.02,0.0,0.0,0.0,0.0,0.0,0.0,0.0,0.0,0.0,0.0,0.01,0.02,0.01,0.0,0.03,0.0,0.01,0.01,0.0,0.0,0.0,0.01,0.0,0.0,0.0,0.0,0.01,0.0,0.01,0.0,0.0,0.0,0.04,0.0,0.01,0.01,0.01,0.05,0.01,0.0,0.0,0.0,0.01,0.01,0.08,0.0,0,0,1.0,0.07142857142857142,5,0.027965406154065734,0,0.662962962962963,0.5,0.6944,easy,27.932,0,0,1,0,1,0,0,0,0,0,0,1,0,0,0,0,0,1,0,0,0
73,37,1,5d482ea821c9be351f76309e,2020-04-23 15:23:30.004000+00:00,i dont see why they cant speak to their mom in english to catch her up on their life ,0.5,0,0.0,4,i don't see why they can't speak to their mom in english to catch her up on their life. ,4,19,85,1,0.4162485321280381,0.6050211688711379,0.0,0.01,0.0,0.0,0.0,0.0,0.01,0.0,0.0,0.0,0.01,0.02,0.0,0.0,0.01,0.01,0.0,0.01,0.0,0.0,0.0,0.0,0.0,0.03,0.0,0.0,0.04,0.0,0.0,0.0,0.06,0.0,0.0,0.0,0.0,0.01,0.0,0.01,0.0,0.0,0.0,0.03,0.0,0.0,0.0,0.02,0.01,0.049999999999999996,0.0,0.02,0.0,0.0,0.01,0.11,0.0,0,0,0.8947368421052632,0.05263157894736842,3,0.00015518311607697082,0,0.0,0.0,0.9424,easy,5.22,0,0,0,0,0,0,0,0,0,0,0,1,0,0,0,0,0,0,0,0,0
73,37,1,5d482ea721c9be351f762d69,2020-04-23 15:23:36.021000+00:00,she make the very right decision ,0.5,0,0.0,4,she make the very right decision ,5,6,33,1,-0.7591309876001406,-0.9875506820928897,0.0,0.0,0.0,0.0,0.0,0.0,0.0,0.0,0.01,0.0,0.01,0.0,0.0,0.0,0.0,0.0,0.0,0.0,0.0,0.0,0.0,0.01,0.0,0.01,0.0,0.0,0.01,0.0,0.0,0.0,0.01,0.0,0.0,0.0,0.0,0.01,0.0,0.0,0.0,0.0,0.0,0.01,0.0,0.01,0.0,0.0,0.02,0.0,0.0,0.0,0.0,0.01,0.0,0.030000000000000002,0.0,0,0,1.0,0.0,0,0.0,0,0.6964285714285714,0.37142857142857144,0.2976,easy,6.017,0,0,0,0,0,0,0,0,0,0,0,0,0,0,0,0,0,1,0,0,0
73,37,1,5d482ea721c9be351f762e2b,2020-04-23 15:23:36.954000+00:00,but i think hearing more english would help the husband,0.5,0,0.0,4,but i think hearing more english would help the husband,6,10,55,1,-0.4652861076680959,-0.5894077193518827,0.01,0.01,0.0,0.01,0.0,0.0,0.0,0.0,0.0,0.0,0.0,0.0,0.0,0.0,0.0,0.0,0.0,0.01,0.0,0.01,0.0,0.01,0.0,0.01,0.01,0.0,0.0,0.0,0.0,0.0,0.030000000000000002,0.0,0.0,0.0,0.0,0.0,0.0,0.01,0.0,0.0,0.01,0.02,0.0,0.01,0.01,0.01,0.030000000000000002,0.0,0.0,0.01,0.0,0.0,0.01,0.04,0.0,0,0,1.0,0.1,1,0.0,0,0.25,0.25,0.496,easy,0.933,0,0,1,0,1,0,0,0,0,0,1,0,0,0,0,0,1,0,0,0,0
73,37,1,5ea1a6e0de5d74641b66d1d6,2020-04-23 15:23:44.892000+00:00,he is also considering how uncomfortable english makes the husband ,0.5,0,0.0,4,he is also considering how uncomfortable english makes the husband. ,7,10,67,1,-0.36733781435741436,-0.45669339843821377,0.0,0.0,0.0,0.02,0.0,0.0,0.0,0.0,0.02,0.01,0.01,0.0,0.0,0.0,0.0,0.0,0.0,0.01,0.0,0.0,0.0,0.01,0.0,0.02,0.0,0.0,0.0,0.0,0.0,0.0,0.02,0.0,0.0,0.0,0.0,0.02,0.0,0.0,0.0,0.0,0.0,0.02,0.0,0.01,0.0,0.01,0.03,0.0,0.0,0.0,0.0,0.0,0.0,0.04,0.0,0,0,1.0,0.0,1,0.0013439449830089838,0,0.5,-0.25,7.2905,difficult,7.938,0,0,0,0,0,0,0,0,0,0,0,0,0,0,0,0,0,0,1,0,0
73,37,1,5d482ea821c9be351f763232,2020-04-23 15:23:45.735000+00:00,i believe he wants to please both sides but he shouldnt allow his significant other to make him choose,0.5,0,0.0,4,"i believe he wants to please both sides, but he shouldn't allow his significant other to make him choose",8,19,102,1,0.4162485321280381,0.6050211688711379,0.02,0.0,0.0,0.01,0.0,0.01,0.0,0.0,0.0,0.0,0.04,0.01,0.0,0.0,0.0,0.0,0.0,0.0,0.0,0.02,0.01,0.02,0.0,0.03,0.01,0.0,0.02,0.0,0.0,0.0,0.04,0.01,0.0,0.0,0.0,0.02,0.0,0.01,0.0,0.0,0.01,0.04,0.0,0.0,0.01,0.01,0.08,0.02,0.0,0.0,0.0,0.01,0.01,0.1,0.0,0,0,0.8947368421052632,0.05263157894736842,2,0.0,0,0.45,0.15,5.409952631578947,medium,0.843,1,0,1,0,0,0,0,0,0,0,0,1,0,0,0,0,0,1,0,0,0
73,37,1,5d482ea821c9be351f76309e,2020-04-23 15:23:54.487000+00:00,the husband will only get more comfortable with english if he actually tries to apply himself and use it,0.5,0,0.0,4,the husband will only get more comfortable with english if he actually tries to apply himself and use it.,9,19,104,1,0.5141968254387196,0.7377354897848069,0.01,0.0,0.0,0.02,0.0,0.02,0.0,0.01,0.02,0.0,0.02,0.0,0.0,0.0,0.0,0.0,0.0,0.01,0.0,0.01,0.01,0.0,0.0,0.030000000000000002,0.01,0.0,0.0,0.0,0.0,0.0,0.030000000000000002,0.01,0.0,0.0,0.0,0.01,0.0,0.0,0.0,0.01,0.01,0.04,0.0,0.01,0.02,0.01,0.04,0.02,0.0,0.0,0.0,0.01,0.0,0.11,0.0,0,0,1.0,0.0,2,0.0,0,0.5399999999999999,0.16,0.9424,easy,8.752,0,0,0,0,0,1,0,0,0,0,0,0,0,0,0,0,0,1,0,0,0
74,37,2,5ea1a6e0de5d74641b66d1d6,2020-04-23 15:37:36.291000+00:00,i think the mother was justified in saying they should speak english,1.0,1,0.2,5,i think the mother was justified in saying they should speak english.,1,12,68,1,-0.2693895210467328,0.09274036219757871,0.01,0.02,0.0,0.0,0.0,0.0,0.0,0.0,0.0,0.0,0.0,0.0,0.0,0.0,0.0,0.0,0.0,0.01,0.0,0.0,0.0,0.02,0.0,0.01,0.01,0.01,0.01,0.0,0.0,0.0,0.04,0.0,0.0,0.0,0.0,0.01,0.0,0.01,0.0,0.0,0.0,0.030000000000000006,0.0,0.01,0.0,0.02,0.030000000000000006,0.01,0.0,0.02,0.0,0.0,0.01,0.06000000000000001,0.0,0,0,1.0,0.08333333333333333,0,0.0,0,0.45,0.2,0.5952,easy,0.0,0,0,1,0,1,0,0,0,0,0,0,1,0,0,0,0,0,0,0,0,0
74,37,2,5d482ea821c9be351f763232,2020-04-23 15:37:40.073000+00:00,i am not really sure if this person is an asshole or not ,1.0,1,0.2,5,i am not really sure if this person is an asshole or not ,2,13,57,1,-0.17144122773605125,0.2487127895298701,0.009999999999999998,0.0,0.0,0.019999999999999997,0.009999999999999998,0.0,0.0,0.0,0.009999999999999998,0.0,0.0,0.019999999999999997,0.009999999999999998,0.0,0.0,0.0,0.0,0.0,0.0,0.0,0.009999999999999998,0.0,0.009999999999999998,0.019999999999999997,0.0,0.0,0.0,0.0,0.0,0.0,0.009999999999999998,0.009999999999999998,0.0,0.0,0.0,0.0,0.009999999999999998,0.009999999999999998,0.0,0.019999999999999997,0.049999999999999996,0.019999999999999997,0.0,0.009999999999999998,0.009999999999999998,0.019999999999999997,0.05999999999999999,0.0,0.0,0.0,0.0,0.0,0.009999999999999998,0.08999999999999998,0.0,0,0,0.9230769230769231,0.07692307692307693,0,0.00015518311607697082,0,0.8888888888888888,-0.25,0.6447999999999999,easy,3.782,0,0,0,0,0,1,0,0,0,0,0,1,0,0,0,0,0,0,0,0,0
74,37,2,5d482ea721c9be351f762d69,2020-04-23 15:37:49.485000+00:00,i thin the mother has point ,1.0,1,0.2,5,i thin the mother has point ,3,6,28,1,-0.8570792809108222,-0.8430942017961698,0.0,0.0,0.0,0.0,0.0,0.0,0.0,0.0,0.0,0.0,0.0,0.0,0.0,0.0,0.0,0.0,0.0,0.01,0.0,0.0,0.0,0.0,0.0,0.01,0.0,0.0,0.02,0.0,0.0,0.0,0.01,0.0,0.0,0.0,0.0,0.0,0.0,0.01,0.01,0.0,0.0,0.01,0.0,0.01,0.0,0.01,0.0,0.0,0.0,0.01,0.0,0.0,0.01,0.030000000000000002,0.0,0,0,1.0,0.16666666666666666,0,0.00015518311607697082,0,0.8500000000000001,-0.4,0.2976,easy,9.412,0,0,0,0,0,0,0,0,0,0,0,1,0,0,0,0,0,0,0,0,0
74,37,2,5d482ea721c9be351f762e2b,2020-04-23 15:37:51.964000+00:00,i agree they were being rude,1.0,1,0.2,5,"i agree, they were being rude",4,6,28,1,-0.8570792809108222,-0.8430942017961698,0.0,0.0,0.0,0.0,0.0,0.0,0.0,0.0,0.0,0.0,0.0,0.0,0.0,0.0,0.0,0.0,0.0,0.0,0.01,0.0,0.01,0.0,0.0,0.0,0.0,0.01,0.0,0.0,0.0,0.0,0.01,0.0,0.0,0.0,0.0,0.0,0.01,0.01,0.0,0.0,0.0,0.02,0.0,0.0,0.0,0.02,0.0,0.0,0.0,0.0,0.0,0.0,0.01,0.04,0.0,0,0,1.0,0.16666666666666666,0,0.00015518311607697082,0,0.6,-0.3,0.2976,easy,2.479,0,0,0,0,0,0,0,0,0,0,0,1,0,0,0,0,0,0,1,0,0
74,37,2,5ea1a6e0de5d74641b66d1d6,2020-04-23 15:38:07.315000+00:00,i dont think the mom is they should know that they could be uncomfortable,1.0,1,0.2,5,i don't think the mom is. they should know that they could be uncomfortable.,5,14,73,1,-0.07349293442536971,0.4046852168621615,0.019999999999999997,0.0,0.0,0.0,0.0,0.0,0.0,0.0,0.0,0.009999999999999998,0.0,0.009999999999999998,0.0,0.0,0.0,0.0,0.0,0.009999999999999998,0.0,0.0,0.0,0.019999999999999997,0.0,0.039999999999999994,0.009999999999999998,0.0,0.0,0.0,0.0,0.0,0.03,0.009999999999999998,0.0,0.0,0.0,0.0,0.0,0.009999999999999998,0.0,0.0,0.0,0.06999999999999999,0.0,0.009999999999999998,0.0,0.049999999999999996,0.039999999999999994,0.0,0.0,0.0,0.0,0.0,0.009999999999999998,0.07999999999999999,0.0,0,0,0.9285714285714286,0.07142857142857142,2,0.00015518311607697082,0,1.0,-0.5,5.458757142857143,medium,15.351,0,0,1,0,1,0,0,0,0,0,0,1,0,0,0,0,0,0,1,0,0
74,37,2,5d482ea821c9be351f76309e,2020-04-23 15:38:19.317000+00:00,i lean towards not an asshole because the person speaks english but just has an accent theres no reason they cant speak english around the mom,1.0,1,0.2,5,i lean towards not an asshole because the person speaks english but just has an accent. there's no reason they can't speak english around the mom.,6,26,142,1,1.101886585302809,2.2763543448496586,0.0,0.02,0.0,0.02,0.0,0.01,0.0,0.0,0.03,0.0,0.0,0.03,0.01,0.0,0.0,0.0,0.0,0.01,0.0,0.0,0.0,0.01,0.01,0.03,0.0,0.0,0.02,0.0,0.0,0.0,0.05,0.0,0.0,0.0,0.0,0.02,0.01,0.01,0.0,0.0,0.03,0.03,0.0,0.04,0.04,0.03,0.06,0.02,0.0,0.02,0.0,0.01,0.01,0.12,0.0,0,0,0.8846153846153846,0.038461538461538464,3,0.0015940320369402803,0,0.0,0.0,1.2895999999999999,easy,12.002,0,0,1,0,0,0,0,0,0,0,0,1,0,0,0,0,0,1,0,0,0
74,37,2,5d482ea721c9be351f762d69,2020-04-23 15:38:24.645000+00:00,yes they were rude making her not comfortable,1.0,1,0.2,5,"yes, they were rude, making her not comfortable",7,8,45,1,-0.5632344009787775,-0.37517691979929557,0.0,0.0,0.0,0.0,0.0,0.0,0.0,0.0,0.0,0.0,0.01,0.01,0.0,0.0,0.0,0.0,0.0,0.0,0.01,0.0,0.01,0.0,0.0,0.0,0.0,0.01,0.0,0.0,0.0,0.0,0.02,0.0,0.0,0.0,0.0,0.01,0.01,0.0,0.0,0.0,0.01,0.01,0.0,0.0,0.01,0.01,0.02,0.0,0.0,0.0,0.0,0.01,0.0,0.04,0.0,0,0,1.0,0.0,2,0.0,0,0.7,-0.25,0.3968,easy,5.328,0,0,0,0,0,0,0,0,0,0,0,0,0,0,0,0,0,1,1,0,0
74,37,2,5d482ea721c9be351f762e2b,2020-04-23 15:38:35.349000+00:00,to expect her to sit there and be excluded was not very caring of the son ,1.0,1,0.2,5,to expect her to sit there and be excluded was not very caring of the son. ,8,16,74,1,0.22035194550667497,0.8726024988590358,0.01,0.0,0.0,0.01,0.0,0.01,0.0,0.0,0.02,0.0,0.01,0.01,0.0,0.0,0.0,0.0,0.0,0.01,0.0,0.0,0.01,0.0,0.0,0.0,0.0,0.01,0.01,0.0,0.0,0.0,0.02,0.0,0.0,0.0,0.0,0.0,0.0,0.0,0.0,0.0,0.02,0.02,0.0,0.01,0.01,0.02,0.04,0.030000000000000002,0.0,0.0,0.0,0.0,0.0,0.11,0.0,0,0,0.9375,0.0,2,0.0,0,0.3,-0.1,0.7936,easy,10.704,0,0,0,0,0,0,0,0,0,0,0,0,0,0,0,0,0,0,0,0,0
74,37,2,5ea1a6e0de5d74641b66d1d6,2020-04-23 15:38:37.812000+00:00,i agree with that if the person couldnt speak english it would be different,1.0,1,0.2,5,"i agree with that! if the person couldn't speak english, it would be different.",9,14,75,1,-0.07349293442536971,0.4046852168621615,0.03,0.01,0.0,0.01,0.0,0.01,0.0,0.0,0.0,0.0,0.0,0.01,0.0,0.0,0.0,0.0,0.0,0.0,0.0,0.0,0.01,0.0,0.01,0.0,0.01,0.0,0.0,0.0,0.0,0.0,0.02,0.02,0.0,0.0,0.0,0.0,0.0,0.01,0.0,0.01,0.01,0.03,0.0,0.01,0.0,0.03,0.04,0.01,0.0,0.01,0.0,0.0,0.01,0.07,0.0,0,0,1.0,0.07142857142857142,2,0.0,0,0.3,0.0,0.6944,easy,2.463,0,0,0,0,0,0,0,0,0,0,0,1,0,0,0,0,0,0,0,0,0
74,37,2,5d482ea821c9be351f763232,2020-04-23 15:38:38.208000+00:00,i dont understand why they cant speak both english and french,1.0,1,0.2,5,i don't understand why they can't speak both english and french,10,11,61,1,-0.36733781435741436,-0.06323206513471272,0.0,0.01,0.0,0.01,0.0,0.02,0.0,0.0,0.0,0.0,0.0,0.02,0.0,0.0,0.0,0.0,0.0,0.0,0.0,0.01,0.0,0.01,0.0,0.03,0.0,0.0,0.01,0.0,0.0,0.0,0.02,0.0,0.0,0.0,0.0,0.01,0.0,0.01,0.0,0.0,0.0,0.03,0.0,0.0,0.01,0.02,0.04,0.0,0.0,0.01,0.0,0.0,0.01,0.049999999999999996,0.0,0,0,1.0,0.09090909090909091,0,0.0017927765208929558,0,0.0,0.0,0.5456,easy,0.396,0,0,0,0,0,0,0,0,0,0,0,1,0,0,0,0,0,0,0,0,0
75,38,0,5e9f0aa29dc0406f8987499b,2020-04-23 16:22:00.960000+00:00,were currently staying at my mothers house for the weekend and shes been gracious enough to host us and provide us meals its been nice seeing family again,0.714285714,1,0.142857143,7,"we're currently staying at my mother's house for the weekend, and she's been gracious enough to host us and provide us meals. it's been nice seeing family again.",1,28,154,1,1.2977831719241721,0.8524504911868008,0.0,0.0,0.02,0.02,0.0,0.02,0.01,0.0,0.01,0.0,0.01,0.0,0.0,0.0,0.0,0.01,0.0,0.02,0.0,0.01,0.02,0.0,0.0,0.01,0.0,0.03,0.049999999999999996,0.0,0.0,0.0,0.06,0.01,0.0,0.0,0.0,0.0,0.0,0.01,0.0,0.0,0.0,0.04,0.0,0.01,0.02,0.04,0.02,0.03,0.02,0.01,0.0,0.03,0.01,0.12,0.0,0,0,0.8928571428571429,0.03571428571428571,0,0.0,0,0.6333333333333333,0.19999999999999998,1.3888,easy,0.0,0,0,0,0,0,0,0,0,0,1,1,0,0,0,0,0,0,1,0,0,0
75,38,0,5d482ea721c9be351f762dea,2020-04-23 16:22:15.175000+00:00,she should hve spoken to her family in english because she was at their house she could have interpreted for her husband,0.714285714,1,0.142857143,7,she should hve spoken to her family in english because she was at their house. she could have interpreted for her husband.,2,22,120,1,0.8080417053707643,0.3964453157702807,0.02,0.01,0.02,0.01,0.0,0.0,0.0,0.0,0.0,0.0,0.049999999999999996,0.0,0.0,0.0,0.0,0.0,0.0,0.02,0.0,0.0,0.0,0.01,0.0,0.01,0.01,0.02,0.02,0.0,0.0,0.0,0.09,0.0,0.0,0.0,0.0,0.01,0.0,0.0,0.0,0.0,0.0,0.049999999999999996,0.0,0.0,0.01,0.04,0.04,0.04,0.0,0.01,0.0,0.0,0.0,0.13999999999999999,0.0,0,0,0.8636363636363636,0.0,3,0.005899814471243043,0,0.0,0.0,1.0912,easy,14.215,0,0,1,0,0,0,0,0,0,0,0,0,0,0,0,0,0,0,0,0,0
75,38,0,5d482ea721c9be351f762e52,2020-04-23 16:22:21.717000+00:00,she should consider the fact that her mother is being generous and letting her and her husband stay at her home and feeding them her mom only has a simple wish which is to feel included so she should just do that ,0.714285714,1,0.142857143,7,"she should consider the fact that her mother is being generous and letting her and her husband stay at her home and feeding them. her mom only has a simple wish which is to feel included, so she should just do that. ",3,42,213,1,2.7670075715843954,2.2204660174363613,0.03,0.0,0.01,0.04,0.01,0.04,0.01,0.0,0.03,0.0,0.07,0.0,0.0,0.0,0.0,0.0,0.0,0.03,0.0,0.01,0.01,0.02,0.0,0.06,0.02,0.0,0.02,0.0,0.0,0.0,0.11,0.03,0.0,0.0,0.0,0.0,0.0,0.0,0.01,0.0,0.01,0.09,0.0,0.02,0.049999999999999996,0.07,0.11,0.02,0.0,0.01,0.0,0.02,0.0,0.28,0.0,0,0,0.7619047619047619,0.0,11,0.000727802037845706,0,0.6785714285714286,0.0,2.0831999999999997,easy,6.542,0,0,1,0,0,0,0,0,0,0,0,0,0,0,0,0,0,1,0,0,0
75,38,0,5e9de5329dc0406f8987225d,2020-04-23 16:22:23.629000+00:00,some rounds will be done in a group and others will be done by yourself,0.714285714,1,0.142857143,7,"some rounds will be done in a group, and others will be done by yourself.",4,15,71,1,0.1224036521959934,-0.24196192981284748,0.0,0.0,0.0,0.01,0.0,0.01,0.0,0.0,0.0,0.0,0.0,0.0,0.0,0.0,0.0,0.01,0.0,0.0,0.0,0.01,0.0,0.0,0.0,0.0,0.02,0.02,0.01,0.0,0.0,0.0,0.01,0.01,0.0,0.0,0.0,0.0,0.0,0.0,0.01,0.01,0.0,0.06,0.0,0.01,0.01,0.06,0.02,0.02,0.0,0.01,0.0,0.01,0.0,0.1,0.0,0,0,0.8,0.0,2,0.0,0,0.0,0.0,0.744,easy,1.912,0,0,0,0,0,0,0,0,0,0,0,0,1,0,0,0,0,0,0,0,0
75,38,0,5d482ea721c9be351f762d81,2020-04-23 16:22:34.680000+00:00,do you think he is an asshole for speaking german,0.714285714,1,0.142857143,7,do you think he is an asshole for speaking german?,5,10,49,1,-0.36733781435741436,-0.6979671052293677,0.0,0.009999999999999998,0.0,0.0,0.0,0.0,0.0,0.0,0.0,0.0,0.009999999999999998,0.0,0.009999999999999998,0.0,0.0,0.0,0.0,0.0,0.0,0.0,0.0,0.009999999999999998,0.0,0.03,0.0,0.0,0.0,0.0,0.0,0.0,0.03,0.0,0.0,0.0,0.0,0.0,0.009999999999999998,0.0,0.0,0.0,0.0,0.03,0.0,0.009999999999999998,0.0,0.019999999999999997,0.009999999999999998,0.009999999999999998,0.0,0.009999999999999998,0.009999999999999998,0.0,0.0,0.06,0.0,1,0,1.0,0.0,0,0.0,0,0.0,0.0,0.496,easy,11.051,0,0,1,0,1,0,0,0,0,0,0,0,1,0,0,0,0,0,0,0,0
75,38,0,5e9f0aa29dc0406f8987499b,2020-04-23 16:22:36.847000+00:00,he says he hates that he sometimes doesnt know the right words and for me in particular he just prefers german so we almost always speak german to each other,0.714285714,1,0.142857143,7,he says he hates that he sometimes doesn't know the right words. and for me in particular he just prefers german. so we almost always speak german to each other.,6,30,157,1,1.3957314652348536,0.9436515262701048,0.01,0.02,0.0,0.02,0.01,0.03,0.0,0.0,0.02,0.0,0.04,0.01,0.0,0.0,0.0,0.0,0.0,0.0,0.0,0.01,0.0,0.02,0.0,0.03,0.0,0.0,0.04,0.0,0.0,0.0,0.06999999999999999,0.02,0.0,0.0,0.0,0.0,0.01,0.01,0.0,0.02,0.01,0.03,0.0,0.01,0.03,0.01,0.09000000000000001,0.03,0.01,0.02,0.0,0.02,0.02,0.16,0.0,0,0,0.8666666666666667,0.06666666666666667,5,0.0058823529411764705,0,0.2488095238095238,0.06547619047619047,2.0143333333333335,easy,2.167,0,0,1,0,0,0,0,0,0,1,0,0,0,0,0,0,1,1,1,0,0
75,38,0,5e9de5329dc0406f8987225d,2020-04-23 16:22:49.410000+00:00,this now poses a dilemma for me becuase were now at my mothers house ,0.714285714,1,0.142857143,7,this now poses a dilemma for me becuase we're now at my mother's house. ,7,14,69,1,-0.17144122773605125,-0.5155650350627595,0.0,0.0,0.01,0.0,0.0,0.0,0.0,0.0,0.02,0.0,0.0,0.0,0.0,0.0,0.0,0.0,0.0,0.01,0.0,0.0,0.0,0.0,0.0,0.0,0.0,0.01,0.029999999999999995,0.0,0.0,0.0,0.01,0.01,0.0,0.0,0.0,0.0,0.0,0.02,0.0,0.0,0.0,0.01,0.0,0.01,0.0,0.01,0.0,0.02,0.0,0.0,0.0,0.01,0.02,0.09,0.0,0,0,0.9285714285714286,0.14285714285714285,2,0.0,0,0.0,0.0,0.6944,easy,12.563,0,0,0,0,0,0,0,0,0,0,1,0,0,0,0,0,0,0,1,0,0
75,38,0,5ea0ded69dc0406f8988c09b,2020-04-23 16:22:51.347000+00:00,the person speaks english and german the husband speaks english though not perfectly the mother only speaks english the author could speak all english or both languages,0.714285714,1,0.142857143,7,the person speaks english and german. the husband speaks english though not perfectly. the mother only speaks english. the author could speak all english or both languages.,8,27,168,1,1.2977831719241721,0.8524504911868008,0.009999999999999998,0.039999999999999994,0.0,0.03,0.019999999999999997,0.019999999999999997,0.0,0.009999999999999998,0.019999999999999997,0.0,0.0,0.009999999999999998,0.0,0.0,0.0,0.0,0.0,0.019999999999999997,0.0,0.009999999999999998,0.009999999999999998,0.0,0.009999999999999998,0.0,0.0,0.0,0.009999999999999998,0.0,0.0,0.0,0.07999999999999999,0.0,0.0,0.0,0.0,0.0,0.0,0.0,0.0,0.009999999999999998,0.019999999999999997,0.009999999999999998,0.0,0.039999999999999994,0.009999999999999998,0.009999999999999998,0.06999999999999999,0.0,0.0,0.039999999999999994,0.0,0.009999999999999998,0.0,0.09999999999999999,0.0,0,0,0.7037037037037037,0.0,0,0.0,0,0.2857142857142857,-0.07142857142857142,1.3392,easy,1.937,0,0,0,0,0,0,0,0,0,0,0,0,0,0,0,0,0,1,0,0,0
75,38,0,5e9f0aa29dc0406f8987499b,2020-04-23 16:23:00.738000+00:00,yes,0.714285714,1,0.142857143,7,yes,9,1,3,1,-1.2488724541535483,-1.518776420979104,0.0,0.0,0.0,0.0,0.0,0.0,0.0,0.0,0.0,0.0,0.0,0.0,0.0,0.0,0.0,0.0,0.0,0.0,0.0,0.0,0.0,0.0,0.0,0.0,0.0,0.0,0.0,0.0,0.0,0.0,0.0,0.0,0.0,0.0,0.0,0.0,0.0,0.0,0.0,0.0,0.0,0.0,0.0,0.0,0.009999999999999998,0.0,0.0,0.0,0.0,0.0,0.0,0.0,0.0,0.0,0.0,0,0,1.0,0.0,0,0.0,0,0.0,0.0,0.0496,easy,9.391,0,0,0,0,0,0,0,0,0,0,0,0,0,0,0,0,0,0,0,0,0
75,38,0,5d482eaa21c9be351f763a08,2020-04-23 16:23:02.677000+00:00,although it is time comsuming to translate she should be taking the time to translate for her mother or spend private time with mom while speaking in english,0.714285714,1,0.142857143,7,although it is time comsuming to translate she should be taking the time to translate for her mother or spend private time with mom while speaking in english,10,28,157,1,1.3957314652348536,0.9436515262701048,0.01,0.01,0.0,0.03,0.0,0.01,0.0,0.0,0.0,0.0,0.02,0.0,0.0,0.0,0.0,0.0,0.0,0.02,0.0,0.0,0.0,0.0,0.0,0.02,0.01,0.0,0.05,0.0,0.0,0.0,0.06,0.01,0.0,0.0,0.01,0.0,0.0,0.0,0.0,0.01,0.01,0.04,0.0,0.01,0.0,0.03,0.03,0.05,0.0,0.01,0.0,0.0,0.0,0.13999999999999999,0.0,0,0,0.8571428571428571,0.0,0,0.0,0,0.1875,0.0,1.3888,easy,1.939,0,0,1,0,0,0,0,0,0,0,0,0,0,0,0,0,0,0,0,0,0
75,38,0,5d482ea721c9be351f762dea,2020-04-23 16:23:05.462000+00:00,i do think he was being harsh to her parnets by not trying to speak the only language they could understand,0.714285714,1,0.142857143,7,i do think he was being harsh to her parnets by not trying to speak the only language they could understand.,11,21,107,1,0.6121451187494011,0.21404324560367266,0.01,0.01,0.0,0.0,0.0,0.0,0.0,0.01,0.01,0.0,0.02,0.01,0.0,0.0,0.0,0.0,0.0,0.0,0.0,0.0,0.0,0.02,0.0,0.030000000000000002,0.0,0.01,0.0,0.0,0.0,0.0,0.05,0.0,0.0,0.0,0.0,0.0,0.0,0.01,0.0,0.0,0.01,0.060000000000000005,0.0,0.01,0.0,0.04,0.04,0.030000000000000002,0.0,0.01,0.0,0.0,0.01,0.13,0.0,0,0,0.9523809523809523,0.047619047619047616,4,0.0,0,0.85,-0.1,1.0415999999999999,easy,2.785,0,0,1,0,1,0,0,0,0,0,0,1,0,0,0,0,0,0,1,0,0
75,38,0,5e9de5329dc0406f8987225d,2020-04-23 16:23:14.950000+00:00,ofcourse,0.714285714,1,0.142857143,7,ofcourse,12,1,8,1,-1.2488724541535483,-1.518776420979104,0.0,0.0,0.0,0.0,0.0,0.0,0.0,0.0,0.0,0.0,0.0,0.0,0.0,0.0,0.0,0.0,0.0,0.0,0.0,0.0,0.0,0.0,0.0,0.0,0.0,0.0,0.0,0.0,0.0,0.0,0.0,0.0,0.0,0.0,0.0,0.0,0.0,0.0,0.0,0.0,0.0,0.0,0.0,0.0,0.0,0.0,0.0,0.0,0.0,0.0,0.0,0.0,0.0,0.0,0.0,0,0,1.0,0.0,0,0.0,0,0.0,0.0,0.0496,easy,9.488,0,0,0,0,0,0,0,0,0,0,0,0,0,0,0,0,0,0,0,0,0
75,38,0,5d482eaa21c9be351f763a08,2020-04-23 16:23:35.045000+00:00,there are also very simple apps that can be useed by all parties ,0.714285714,1,0.142857143,7,there are also very simple apps that can be useed by all parties ,13,13,65,1,-0.07349293442536971,-0.42436399997945556,0.0,0.0,0.0,0.01,0.01,0.0,0.0,0.0,0.030000000000000002,0.0,0.0,0.0,0.0,0.0,0.0,0.0,0.0,0.0,0.0,0.01,0.01,0.0,0.0,0.02,0.0,0.0,0.0,0.0,0.0,0.0,0.01,0.01,0.0,0.0,0.0,0.0,0.0,0.0,0.0,0.0,0.0,0.030000000000000002,0.0,0.0,0.0,0.030000000000000002,0.01,0.01,0.0,0.0,0.0,0.0,0.0,0.08,0.0,0,0,1.0,0.0,0,0.0,0,0.4642857142857143,0.0,0.6447999999999999,easy,20.095,0,0,0,0,0,0,0,0,0,0,0,0,0,0,0,0,0,0,0,0,0
76,38,3,5d482eaa21c9be351f763a08,2020-04-23 17:06:40.391000+00:00,this couple could speak french in private,0.875,2,0.25,8,this couple could speak french in private.,1,7,41,1,-0.6611826942894591,-0.9108083860246248,0.01,0.01,0.0,0.0,0.0,0.0,0.0,0.0,0.0,0.0,0.0,0.0,0.0,0.0,0.0,0.0,0.0,0.0,0.0,0.01,0.0,0.0,0.0,0.0,0.0,0.0,0.01,0.0,0.0,0.0,0.02,0.01,0.0,0.0,0.0,0.0,0.0,0.0,0.0,0.0,0.0,0.01,0.0,0.0,0.0,0.01,0.01,0.01,0.0,0.01,0.0,0.0,0.0,0.02,0.0,0,0,1.0,0.0,0,0.0,0,0.1875,0.0,0.3472,easy,0.0,0,0,0,0,0,0,0,0,0,0,0,0,0,0,0,0,0,0,0,0,0
76,38,3,5e9de5329dc0406f8987225d,2020-04-23 17:06:46.696000+00:00,i stopped them and nicely told them that i find it disrespectful that theyre speaking language,0.875,2,0.25,8,i stopped them and nicely told them that i find it disrespectful that they‚äôre speaking language,2,16,94,1,0.024455358885311848,-0.24109633747710654,0.0,0.009999999999999998,0.0,0.009999999999999998,0.0,0.009999999999999998,0.0,0.0,0.0,0.0,0.0,0.0,0.0,0.0,0.0,0.0,0.0,0.0,0.0,0.0,0.009999999999999998,0.009999999999999998,0.0,0.009999999999999998,0.0,0.019999999999999997,0.009999999999999998,0.0,0.009999999999999998,0.0,0.05999999999999999,0.029999999999999995,0.0,0.0,0.0,0.0,0.0,0.019999999999999997,0.0,0.0,0.0,0.029999999999999995,0.0,0.0,0.009999999999999998,0.009999999999999998,0.029999999999999995,0.0,0.0,0.009999999999999998,0.0,0.009999999999999998,0.019999999999999997,0.07999999999999999,0.0,0,0,0.8125,0.125,0,0.0,0,1.0,0.6,0.7936,easy,6.305,0,0,0,0,0,0,0,0,0,0,1,1,0,0,0,0,0,1,1,0,0
76,38,3,5d482ea721c9be351f762d81,2020-04-23 17:06:49.988000+00:00,im considering the fact that its the mothers house and the son and his partner should be speaking english when shes there,0.875,2,0.25,8,i'm considering the fact that it's the mother's house and the son and his partner should be speaking english when she's there,3,22,121,1,0.8080417053707643,0.5242888608629144,0.01,0.01,0.01,0.03,0.01,0.02,0.0,0.0,0.02,0.0,0.02,0.0,0.0,0.0,0.0,0.0,0.0,0.02,0.0,0.0,0.0,0.01,0.01,0.01,0.01,0.0,0.01,0.0,0.0,0.0,0.06,0.02,0.0,0.0,0.0,0.0,0.0,0.0,0.0,0.0,0.0,0.03,0.01,0.03,0.02,0.03,0.05,0.0,0.0,0.01,0.0,0.0,0.0,0.12,0.0,0,0,0.8636363636363636,0.0,3,0.0027472527472527475,0,0.0,0.0,1.808927272727273,easy,3.292,0,0,1,0,0,0,0,0,0,0,0,1,0,0,0,0,0,0,0,0,0
76,38,3,5e9de5329dc0406f8987225d,2020-04-23 17:06:54.543000+00:00,my son told me that i was making big deal out of nothing and making everyone feel awkward,0.875,2,0.25,8,my son told me that i was making big deal out of nothing and making everyone feel awkward.,4,18,89,1,0.22035194550667497,-0.04975003789210132,0.0,0.0,0.0,0.01,0.0,0.02,0.0,0.0,0.0,0.01,0.0,0.01,0.0,0.0,0.0,0.0,0.0,0.01,0.0,0.0,0.0,0.01,0.0,0.01,0.0,0.02,0.02,0.0,0.0,0.0,0.04,0.02,0.0,0.0,0.0,0.02,0.0,0.03,0.01,0.0,0.0,0.03,0.0,0.0,0.01,0.01,0.05,0.02,0.0,0.01,0.0,0.0,0.03,0.08,0.0,0,0,0.9444444444444444,0.1111111111111111,2,0.0016051364365971107,0,0.55,-0.3,0.8927999999999999,easy,4.555,0,0,1,0,1,0,0,0,0,0,1,1,0,0,0,0,0,0,1,0,0
76,38,3,5ea0ded69dc0406f8988c09b,2020-04-23 17:06:55.177000+00:00,everyone speaks english the mother does not speak french they are speaking french in front of her and being extremely rude the mother is not an asshole,0.875,2,0.25,8,"everyone speaks english. the mother does not speak french. they are speaking french in front of her, and being extremely rude. the mother is not an asshole.",5,27,151,1,1.2977831719241721,1.0026546098254274,0.0,0.030000000000000002,0.0,0.01,0.01,0.01,0.0,0.0,0.0,0.0,0.01,0.02,0.01,0.0,0.0,0.0,0.0,0.02,0.01,0.01,0.0,0.0,0.0,0.030000000000000002,0.0,0.0,0.02,0.0,0.0,0.0,0.08,0.01,0.0,0.0,0.0,0.0,0.02,0.0,0.0,0.0,0.02,0.04,0.0,0.030000000000000002,0.01,0.04,0.04,0.02,0.0,0.030000000000000002,0.0,0.0,0.0,0.14,0.0,0,0,0.8518518518518519,0.0,3,0.0,0,0.15,-0.075,1.3392,easy,0.634,0,0,0,0,0,0,0,0,0,0,0,0,0,0,0,0,0,0,1,0,0
76,38,3,5d482ea721c9be351f762e52,2020-04-23 17:06:55.798000+00:00,i think the son and partner did not have malicious intentions they were just creatures of habit and speaking a language that they normally speak with the mother is taking it as if they were talking about her,0.875,2,0.25,8,"i think the son and partner did not have malicious intentions, they were just creatures of habit and speaking a language that they normally speak with. the mother is taking it as if they were talking about her.",6,38,207,1,2.2772661050309875,1.9593861077504535,0.009999999999999998,0.019999999999999997,0.0,0.039999999999999994,0.0,0.03,0.0,0.0,0.019999999999999997,0.0,0.009999999999999998,0.009999999999999998,0.0,0.0,0.0,0.0,0.0,0.019999999999999997,0.0,0.0,0.0,0.009999999999999998,0.009999999999999998,0.039999999999999994,0.0,0.03,0.0,0.0,0.0,0.0,0.10999999999999999,0.019999999999999997,0.0,0.0,0.0,0.009999999999999998,0.0,0.009999999999999998,0.0,0.009999999999999998,0.03,0.06999999999999999,0.009999999999999998,0.03,0.03,0.049999999999999996,0.07999999999999999,0.039999999999999994,0.0,0.019999999999999997,0.0,0.009999999999999998,0.009999999999999998,0.24,0.0,0,0,0.868421052631579,0.02631578947368421,11,0.004618320878953033,0,0.6499999999999999,0.15,1.8848,easy,0.621,0,0,1,0,1,0,0,0,0,0,0,1,0,0,0,0,0,0,1,0,0
76,38,3,5ea1ab72de5d74641b66d75b,2020-04-23 17:07:03.930000+00:00,agreed if they can both speak english than i think they should respect the mom in her home,0.875,2,0.25,8,agreed. if they can both speak english than i think they should respect the mom in her home,7,18,90,1,0.31830023881735653,0.04592311190040129,0.02,0.01,0.01,0.01,0.0,0.01,0.0,0.0,0.0,0.0,0.01,0.0,0.0,0.0,0.0,0.0,0.0,0.01,0.0,0.01,0.02,0.01,0.0,0.02,0.01,0.0,0.02,0.0,0.0,0.0,0.049999999999999996,0.0,0.0,0.0,0.0,0.0,0.0,0.01,0.0,0.01,0.01,0.03,0.0,0.01,0.0,0.02,0.04,0.02,0.0,0.01,0.0,0.01,0.01,0.11,0.0,0,0,0.9444444444444444,0.05555555555555555,5,0.0015250656314788067,0,0.0,0.0,0.8927999999999999,easy,8.132,0,0,1,0,1,0,0,0,0,0,1,0,0,0,0,0,0,1,0,0,0
76,38,3,5ea1b66cde5d74641b66face,2020-04-23 17:07:07.975000+00:00,if the mother did ask nicely to speak english then that should be that the partner speaks english with an accent there is nothing said about him not being comfortable to speak it,0.875,2,0.25,8,"if the mother did ask nicely to speak english then that should be that. the partner speaks english with an accent, there is nothing said about him not being comfortable to speak it.",8,33,178,1,1.8854729317882615,1.576693508580443,0.02,0.04,0.0,0.02,0.0,0.01,0.0,0.0,0.02,0.0,0.01,0.02,0.0,0.0,0.0,0.0,0.0,0.01,0.0,0.0,0.02,0.0,0.01,0.02,0.01,0.02,0.01,0.0,0.0,0.0,0.08,0.03,0.0,0.0,0.0,0.0,0.0,0.0,0.0,0.01,0.02,0.06999999999999999,0.01,0.03,0.0,0.05,0.04,0.04,0.0,0.04,0.0,0.02,0.0,0.2,0.0,0,0,0.8484848484848485,0.0,4,0.0032751868096319693,0,0.45,0.25,1.6368,easy,4.045,0,0,1,0,0,0,0,0,0,0,0,0,0,0,0,0,0,1,0,0,0
76,38,3,5e9f0aa29dc0406f8987499b,2020-04-23 17:07:16.277000+00:00,my sons partner is french but he can speak english,0.875,2,0.25,8,"my son‚äôs partner is french, but he can speak english,",9,10,50,1,-0.36733781435741436,-0.623788936647117,0.0,0.01,0.0,0.01,0.0,0.0,0.0,0.0,0.0,0.0,0.01,0.0,0.0,0.0,0.0,0.0,0.0,0.01,0.0,0.0,0.0,0.0,0.01,0.02,0.0,0.0,0.0,0.0,0.0,0.0,0.04,0.0,0.0,0.0,0.0,0.0,0.0,0.01,0.0,0.0,0.01,0.02,0.01,0.0,0.01,0.02,0.01,0.0,0.0,0.01,0.0,0.0,0.01,0.05,0.0,0,0,1.0,0.0,1,0.004384846152068732,0,0.0,0.0,0.496,easy,8.302,0,0,0,0,0,0,0,0,0,0,0,1,0,0,0,0,0,0,0,0,0
76,38,3,5d482ea721c9be351f762dea,2020-04-23 17:07:16.733000+00:00,the speaker isnt an asshole for wantiing to understand the conversation going on in front of her the asshole is the husband of her son who has turned this into a competition of affection between him and his inlaws,0.875,2,0.25,8,the speaker isn't an asshole for wantiing to understand the conversation going on in front of her. the asshole is the husband of her son who has turned this into a competition of affection between him and his in-laws.,10,39,213,1,2.473162691652351,2.150732407335459,0.0,0.01,0.0,0.01,0.0,0.02,0.0,0.01,0.0,0.0,0.04,0.01,0.02,0.0,0.0,0.0,0.0,0.02,0.0,0.0,0.01,0.01,0.0,0.04,0.0,0.01,0.049999999999999996,0.0,0.0,0.0,0.08,0.02,0.0,0.0,0.0,0.0,0.02,0.0,0.0,0.0,0.0,0.049999999999999996,0.0,0.06,0.01,0.03,0.03,0.09,0.0,0.01,0.0,0.02,0.0,0.24,0.0,0,0,0.8205128205128205,0.0,1,0.0,0,0.0,0.0,6.38064358974359,difficult,0.456,0,0,0,0,0,0,0,0,0,0,0,0,0,0,0,0,0,1,0,0,0
76,38,3,5d482eaa21c9be351f763a08,2020-04-23 17:07:19.015000+00:00,i agree since he can speak english it should be spoken around mom,0.875,2,0.25,8,i agree since he can speak english it should be spoken around mom.,11,13,65,1,-0.17144122773605125,-0.4324426370621118,0.01,0.02,0.0,0.0,0.0,0.01,0.0,0.0,0.01,0.0,0.01,0.0,0.0,0.0,0.0,0.0,0.0,0.01,0.0,0.0,0.01,0.0,0.0,0.01,0.01,0.01,0.01,0.0,0.0,0.0,0.04,0.01,0.0,0.0,0.0,0.01,0.0,0.01,0.0,0.0,0.0,0.04,0.0,0.0,0.0,0.030000000000000002,0.030000000000000002,0.02,0.0,0.02,0.0,0.0,0.01,0.060000000000000005,0.0,0,0,1.0,0.07692307692307693,0,0.0,0,0.0,0.0,0.6447999999999999,easy,2.282,0,0,1,0,0,0,0,0,0,0,0,1,0,0,0,0,0,0,0,0,0
76,38,3,5ea1b66cde5d74641b66face,2020-04-23 17:07:23.122000+00:00,if it was a private conversation between the son and partner it can be talked about later,0.875,2,0.25,8,"if it was a private conversation between the son and partner, it can be talked about later.",12,17,89,1,0.31830023881735653,0.04592311190040129,0.01,0.0,0.0,0.02,0.0,0.01,0.0,0.0,0.01,0.0,0.0,0.0,0.0,0.0,0.0,0.0,0.0,0.01,0.0,0.0,0.0,0.0,0.01,0.01,0.0,0.02,0.01,0.0,0.0,0.0,0.05,0.02,0.0,0.0,0.0,0.0,0.0,0.0,0.0,0.01,0.01,0.04,0.01,0.02,0.01,0.03,0.02,0.02,0.0,0.0,0.0,0.01,0.0,0.11,0.0,0,0,0.9411764705882353,0.0,4,0.0,0,0.1875,0.0,5.408523529411765,medium,4.107,0,0,0,0,0,0,0,0,0,0,0,0,0,0,0,0,0,0,0,0,0
76,38,3,5e9f0aa29dc0406f8987499b,2020-04-23 17:07:25.420000+00:00,he just has an accent,0.875,2,0.25,8,he just has an accent.,13,5,21,1,-0.8570792809108222,-1.10215468560963,0.0,0.0,0.0,0.0,0.0,0.0,0.0,0.0,0.009999999999999998,0.0,0.009999999999999998,0.0,0.0,0.0,0.0,0.0,0.0,0.0,0.0,0.0,0.0,0.0,0.0,0.009999999999999998,0.0,0.0,0.0,0.0,0.0,0.0,0.009999999999999998,0.0,0.0,0.0,0.0,0.0,0.0,0.0,0.0,0.0,0.009999999999999998,0.009999999999999998,0.0,0.009999999999999998,0.009999999999999998,0.009999999999999998,0.009999999999999998,0.0,0.0,0.0,0.0,0.0,0.0,0.039999999999999994,0.0,0,0,1.0,0.0,0,0.0,0,0.0,0.0,0.248,easy,2.298,0,0,0,0,0,0,0,0,0,0,0,0,0,0,0,0,0,0,0,0,0
77,39,2,5ea1bd4cde5d74641b6704e8,2020-04-23 17:32:37.670000+00:00,hi there,0.714285714,1,0.142857143,7,hi there,1,2,8,1,-1.2488724541535483,-1.2305143567388208,0.0,0.0,0.0,0.0,0.0,0.0,0.0,0.0,0.01,0.0,0.0,0.0,0.0,0.0,0.0,0.0,0.0,0.0,0.0,0.0,0.0,0.0,0.0,0.0,0.0,0.0,0.0,0.0,0.0,0.0,0.01,0.0,0.0,0.0,0.0,0.0,0.0,0.0,0.0,0.0,0.0,0.0,0.0,0.0,0.0,0.0,0.0,0.0,0.0,0.0,0.0,0.0,0.0,0.01,0.0,0,0,1.0,0.5,0,0.0,0,0.0,0.0,0.0992,easy,0.0,0,0,0,0,0,0,0,0,0,0,0,0,0,0,1,0,0,0,0,0,0
77,39,2,5e9dec449dc0406f898726b6,2020-04-23 17:32:41.073000+00:00,hello guys,0.714285714,1,0.142857143,7,hello guys,2,2,10,1,-1.1509241608428669,-1.100751024573636,0.0,0.0,0.0,0.0,0.0,0.0,0.0,0.0,0.0,0.0,0.0,0.0,0.0,0.0,0.0,0.0,0.0,0.0,0.0,0.0,0.0,0.0,0.010000000000000002,0.0,0.0,0.0,0.0,0.0,0.0,0.0,0.020000000000000004,0.0,0.0,0.0,0.0,0.0,0.0,0.0,0.0,0.0,0.0,0.0,0.0,0.0,0.0,0.0,0.0,0.0,0.0,0.0,0.0,0.0,0.0,0.0,0.0,0,0,1.0,0.0,0,0.0,0,0.0,0.0,0.0992,easy,3.403,0,0,0,0,0,0,0,0,0,0,0,0,0,0,1,0,0,0,0,0,0
77,39,2,5ea13390de5d74641b66beae,2020-04-23 17:32:41.882000+00:00,hi all,0.714285714,1,0.142857143,7,hi all,3,2,6,1,-1.2488724541535483,-1.2305143567388208,0.0,0.0,0.0,0.0,0.009999999999999998,0.0,0.0,0.0,0.0,0.0,0.0,0.0,0.0,0.0,0.0,0.0,0.0,0.0,0.0,0.0,0.0,0.0,0.0,0.0,0.0,0.0,0.0,0.0,0.0,0.0,0.009999999999999998,0.0,0.0,0.0,0.0,0.0,0.0,0.0,0.0,0.0,0.0,0.0,0.0,0.0,0.0,0.0,0.009999999999999998,0.0,0.0,0.0,0.0,0.0,0.0,0.009999999999999998,0.0,0,0,1.0,0.5,0,0.0,0,0.0,0.0,0.0992,easy,0.809,0,0,0,0,0,0,0,0,0,0,0,0,0,0,1,0,0,0,0,0,0
77,39,2,5d482ea821c9be351f7630f1,2020-04-23 17:32:42.821000+00:00,hi,0.714285714,1,0.142857143,7,hi,4,1,2,1,-1.2488724541535483,-1.2305143567388208,0.0,0.0,0.0,0.0,0.0,0.0,0.0,0.0,0.0,0.0,0.0,0.0,0.0,0.0,0.0,0.0,0.0,0.0,0.0,0.0,0.0,0.0,0.0,0.0,0.0,0.0,0.0,0.0,0.0,0.0,0.01,0.0,0.0,0.0,0.0,0.0,0.0,0.0,0.0,0.0,0.0,0.0,0.0,0.0,0.0,0.0,0.0,0.0,0.0,0.0,0.0,0.0,0.0,0.0,0.0,0,0,1.0,0.0,1,0.0,0,0.0,0.0,0.0496,easy,0.939,0,0,0,0,0,0,0,0,0,0,0,0,0,0,1,0,0,0,0,0,0
77,39,2,5d482ea721c9be351f762f2e,2020-04-23 17:32:44.987000+00:00,hi,0.714285714,1,0.142857143,7,hi!,5,1,2,1,-1.2488724541535483,-1.2305143567388208,0.0,0.0,0.0,0.0,0.0,0.0,0.0,0.0,0.0,0.0,0.0,0.0,0.0,0.0,0.0,0.0,0.0,0.0,0.0,0.0,0.0,0.0,0.0,0.0,0.0,0.0,0.0,0.0,0.0,0.0,0.01,0.0,0.0,0.0,0.0,0.0,0.0,0.0,0.0,0.0,0.0,0.0,0.0,0.0,0.0,0.0,0.0,0.0,0.0,0.0,0.0,0.0,0.0,0.0,0.0,0,0,1.0,0.0,1,0.0,0,0.0,0.0,0.0496,easy,2.166,0,0,0,0,0,0,0,0,0,0,0,0,0,0,1,0,0,0,0,0,0
77,39,2,5ea1a668de5d74641b66d167,2020-04-23 17:32:45.392000+00:00,hey,0.714285714,1,0.142857143,7,hey,6,1,3,1,-1.2488724541535483,-1.2305143567388208,0.0,0.0,0.0,0.0,0.0,0.0,0.0,0.0,0.0,0.0,0.0,0.0,0.0,0.0,0.0,0.0,0.0,0.0,0.0,0.0,0.0,0.0,0.0,0.0,0.0,0.0,0.0,0.0,0.0,0.0,0.009999999999999998,0.0,0.0,0.0,0.0,0.0,0.0,0.0,0.0,0.0,0.0,0.0,0.0,0.0,0.0,0.0,0.0,0.0,0.0,0.0,0.0,0.0,0.0,0.0,0.0,0,0,1.0,0.0,0,0.0,0,0.0,0.0,0.0496,easy,0.405,0,0,0,0,0,0,0,0,0,0,0,0,0,0,1,0,0,0,0,0,0
77,39,2,5ea1bb26de5d74641b6702ec,2020-04-23 17:32:47.075000+00:00,hi,0.714285714,1,0.142857143,7,hi,7,1,2,1,-1.2488724541535483,-1.2305143567388208,0.0,0.0,0.0,0.0,0.0,0.0,0.0,0.0,0.0,0.0,0.0,0.0,0.0,0.0,0.0,0.0,0.0,0.0,0.0,0.0,0.0,0.0,0.0,0.0,0.0,0.0,0.0,0.0,0.0,0.0,0.01,0.0,0.0,0.0,0.0,0.0,0.0,0.0,0.0,0.0,0.0,0.0,0.0,0.0,0.0,0.0,0.0,0.0,0.0,0.0,0.0,0.0,0.0,0.0,0.0,0,0,1.0,0.0,0,0.0,0,0.0,0.0,0.0496,easy,1.683,0,0,0,0,0,0,0,0,0,0,0,0,0,0,1,0,0,0,0,0,0
77,39,2,5ea1a668de5d74641b66d167,2020-04-23 17:32:56.255000+00:00,i think this guy is an asshole,0.714285714,1,0.142857143,7,i think this guy is an asshole.,8,7,30,1,-0.7591309876001406,-0.5816976959128971,0.0,0.0,0.0,0.0,0.0,0.0,0.0,0.0,0.0,0.0,0.0,0.0,0.01,0.0,0.0,0.0,0.0,0.0,0.0,0.0,0.0,0.01,0.01,0.02,0.0,0.0,0.0,0.0,0.0,0.0,0.01,0.01,0.0,0.0,0.0,0.0,0.01,0.01,0.0,0.0,0.0,0.02,0.0,0.01,0.0,0.01,0.01,0.0,0.0,0.0,0.0,0.0,0.01,0.04,0.0,0,0,1.0,0.14285714285714285,0,0.0,0,0.0,0.0,0.3472,easy,9.18,0,0,1,0,1,0,0,0,0,0,0,1,0,0,0,0,0,0,0,0,0
77,39,2,5d482ea721c9be351f762f2e,2020-04-23 17:32:58.618000+00:00,sounds like a lot more is going on here than the english speaking issue,0.714285714,1,0.142857143,7,sounds like a lot more is going on here than the english speaking issue.,9,14,71,1,0.024455358885311848,0.4564089614085809,0.0,0.02,0.0,0.0,0.0,0.0,0.0,0.0,0.01,0.0,0.0,0.0,0.0,0.0,0.0,0.0,0.0,0.0,0.0,0.02,0.01,0.0,0.0,0.01,0.0,0.0,0.02,0.0,0.0,0.0,0.01,0.0,0.0,0.0,0.0,0.0,0.0,0.0,0.0,0.01,0.0,0.01,0.0,0.02,0.0,0.01,0.02,0.02,0.0,0.02,0.0,0.02,0.0,0.06999999999999999,0.0,0,0,1.0,0.0,1,0.0,0,0.25,0.25,0.6944,easy,2.363,0,0,0,0,0,0,0,0,0,0,0,0,0,0,0,0,0,1,1,0,0
77,39,2,5ea1a668de5d74641b66d167,2020-04-23 17:33:01.132000+00:00,what about you,0.714285714,1,0.142857143,7,what about you?,10,3,14,1,-1.0529758675321852,-0.9709876924084514,0.0,0.0,0.0,0.0,0.0,0.0,0.0,0.0,0.01,0.0,0.0,0.0,0.0,0.0,0.0,0.0,0.0,0.0,0.0,0.0,0.0,0.0,0.0,0.0,0.0,0.0,0.0,0.0,0.0,0.0,0.01,0.01,0.0,0.0,0.0,0.0,0.0,0.0,0.0,0.0,0.0,0.0,0.0,0.0,0.0,0.0,0.0,0.01,0.0,0.0,0.01,0.0,0.0,0.030000000000000002,0.0,1,0,1.0,0.0,0,0.0,0,0.0,0.0,0.1488,easy,2.514,0,0,0,0,0,0,0,0,0,0,0,0,1,0,0,1,0,0,0,0,0
77,39,2,5ea1bd4cde5d74641b6704e8,2020-04-23 17:33:01.839000+00:00,same ,0.714285714,1,0.142857143,7,same ,11,1,5,1,-1.2488724541535483,-1.2305143567388208,0.0,0.0,0.0,0.0,0.0,0.0,0.0,0.0,0.0,0.0,0.0,0.0,0.0,0.0,0.0,0.0,0.0,0.0,0.0,0.010000000000000002,0.0,0.0,0.0,0.0,0.0,0.0,0.0,0.0,0.0,0.0,0.0,0.0,0.0,0.0,0.0,0.0,0.0,0.0,0.0,0.0,0.0,0.0,0.0,0.0,0.0,0.0,0.010000000000000002,0.0,0.0,0.0,0.0,0.0,0.0,0.010000000000000002,0.0,0,0,1.0,0.0,0,0.0,0,0.125,0.0,0.0496,easy,0.707,0,0,0,0,0,0,0,0,0,0,0,0,0,0,0,0,0,0,0,0,0
77,39,2,5d482ea721c9be351f762f2e,2020-04-23 17:33:06.576000+00:00,i think he is an asshole,0.714285714,1,0.142857143,7,i think he is an asshole,12,6,24,1,-0.8570792809108222,-0.7114610280780819,0.0,0.0,0.0,0.0,0.0,0.0,0.0,0.0,0.0,0.0,0.009999999999999998,0.0,0.009999999999999998,0.0,0.0,0.0,0.0,0.0,0.0,0.0,0.0,0.009999999999999998,0.0,0.019999999999999997,0.0,0.0,0.0,0.0,0.0,0.0,0.009999999999999998,0.0,0.0,0.0,0.0,0.0,0.009999999999999998,0.009999999999999998,0.0,0.0,0.0,0.019999999999999997,0.0,0.009999999999999998,0.0,0.009999999999999998,0.009999999999999998,0.0,0.0,0.0,0.0,0.0,0.009999999999999998,0.039999999999999994,0.0,0,0,1.0,0.16666666666666666,0,0.0,0,0.0,0.0,0.2976,easy,4.737,0,0,1,0,1,0,0,0,0,0,0,1,0,0,0,0,0,0,0,0,0
77,39,2,5e9dec449dc0406f898726b6,2020-04-23 17:33:22.403000+00:00,yeah i think he is somewhat of an asshole,0.714285714,1,0.142857143,7,yeah i think he is somewhat of an asshole,13,9,41,1,-0.5632344009787775,-0.32217103158252763,0.0,0.0,0.0,0.0,0.0,0.0,0.0,0.0,0.0,0.0,0.01,0.0,0.01,0.0,0.0,0.0,0.0,0.0,0.0,0.01,0.0,0.01,0.0,0.02,0.0,0.0,0.0,0.0,0.0,0.0,0.01,0.0,0.0,0.0,0.0,0.0,0.01,0.01,0.0,0.01,0.0,0.02,0.0,0.01,0.0,0.01,0.02,0.01,0.0,0.0,0.0,0.0,0.01,0.049999999999999996,0.0,0,0,1.0,0.1111111111111111,3,0.0008238201029820396,0,0.0,0.0,0.44639999999999996,easy,15.827,0,0,1,0,1,0,0,0,0,0,1,0,0,0,0,0,0,0,0,0,0
77,39,2,5d482ea721c9be351f762f2e,2020-04-23 17:33:25.728000+00:00,he married into a spanish speaking family he isnt willing to help,0.714285714,1,0.142857143,7,he married into a spanish speaking family. he isn't willing to help,14,12,65,1,-0.17144122773605125,0.1968822970782114,0.0,0.01,0.01,0.0,0.0,0.01,0.0,0.0,0.0,0.0,0.02,0.01,0.0,0.0,0.0,0.0,0.0,0.02,0.0,0.0,0.0,0.0,0.0,0.01,0.0,0.0,0.01,0.0,0.0,0.0,0.07,0.0,0.0,0.0,0.0,0.0,0.0,0.0,0.0,0.0,0.0,0.01,0.0,0.01,0.0,0.01,0.01,0.02,0.0,0.01,0.0,0.02,0.0,0.05,0.0,0,0,0.9166666666666666,0.0,2,0.0,0,0.3333333333333333,0.16666666666666666,0.5952,easy,3.325,0,0,0,0,0,0,0,0,0,0,0,0,0,0,0,0,0,1,0,0,0
77,39,2,5ea1a668de5d74641b66d167,2020-04-23 17:33:28.719000+00:00,i think older people have a harder time learning a new language,0.714285714,1,0.142857143,7,i think older people have a harder time learning a new language.,15,12,63,1,-0.2693895210467328,0.06711896491302664,0.0,0.0,0.0,0.0,0.0,0.0,0.0,0.0,0.0,0.0,0.0,0.0,0.0,0.0,0.0,0.0,0.0,0.0,0.0,0.0,0.0,0.02,0.01,0.02,0.0,0.0,0.03,0.0,0.0,0.0,0.02,0.0,0.0,0.01,0.0,0.0,0.0,0.01,0.01,0.0,0.0,0.02,0.0,0.02,0.0,0.01,0.02,0.0,0.0,0.01,0.0,0.02,0.01,0.04,0.0,0,0,0.9166666666666666,0.08333333333333333,2,0.0,0,0.2626262626262626,0.06767676767676767,0.5952,easy,2.991,0,0,1,0,1,0,0,0,0,0,0,1,0,0,0,0,0,0,0,0,0
78,39,3,5d482ea721c9be351f762f2e,2020-04-23 17:47:34.945000+00:00,hi,1.0,0,0.0,5,hi!,1,1,2,1,-1.2488724541535483,-1.0142838340661706,0.0,0.0,0.0,0.0,0.0,0.0,0.0,0.0,0.0,0.0,0.0,0.0,0.0,0.0,0.0,0.0,0.0,0.0,0.0,0.0,0.0,0.0,0.0,0.0,0.0,0.0,0.0,0.0,0.0,0.0,0.01,0.0,0.0,0.0,0.0,0.0,0.0,0.0,0.0,0.0,0.0,0.0,0.0,0.0,0.0,0.0,0.0,0.0,0.0,0.0,0.0,0.0,0.0,0.0,0.0,0,0,1.0,0.0,0,0.0,0,0.0,0.0,0.0496,easy,0.0,0,0,0,0,0,0,0,0,0,0,0,0,0,0,1,0,0,0,0,0,0
78,39,3,5ea13390de5d74641b66beae,2020-04-23 17:47:36.707000+00:00,hi all,1.0,0,0.0,5,hi all,2,2,6,1,-1.2488724541535483,-1.0142838340661706,0.0,0.0,0.0,0.0,0.009999999999999998,0.0,0.0,0.0,0.0,0.0,0.0,0.0,0.0,0.0,0.0,0.0,0.0,0.0,0.0,0.0,0.0,0.0,0.0,0.0,0.0,0.0,0.0,0.0,0.0,0.0,0.009999999999999998,0.0,0.0,0.0,0.0,0.0,0.0,0.0,0.0,0.0,0.0,0.0,0.0,0.0,0.0,0.0,0.009999999999999998,0.0,0.0,0.0,0.0,0.0,0.0,0.009999999999999998,0.0,0,0,1.0,0.5,1,0.0,0,0.0,0.0,0.0992,easy,1.762,0,0,0,0,0,0,0,0,0,0,0,0,0,0,1,0,0,0,0,0,0
78,39,3,5ea1a668de5d74641b66d167,2020-04-23 17:47:37.052000+00:00,hi,1.0,0,0.0,5,hi,3,1,2,1,-1.2488724541535483,-1.0142838340661706,0.0,0.0,0.0,0.0,0.0,0.0,0.0,0.0,0.0,0.0,0.0,0.0,0.0,0.0,0.0,0.0,0.0,0.0,0.0,0.0,0.0,0.0,0.0,0.0,0.0,0.0,0.0,0.0,0.0,0.0,0.01,0.0,0.0,0.0,0.0,0.0,0.0,0.0,0.0,0.0,0.0,0.0,0.0,0.0,0.0,0.0,0.0,0.0,0.0,0.0,0.0,0.0,0.0,0.0,0.0,0,0,1.0,0.0,1,0.0,0,0.0,0.0,0.0496,easy,0.345,0,0,0,0,0,0,0,0,0,0,0,0,0,0,1,0,0,0,0,0,0
78,39,3,5e9dec449dc0406f898726b6,2020-04-23 17:47:39.177000+00:00,hello guys,1.0,0,0.0,5,hello guys,4,2,10,1,-1.1509241608428669,-0.9047724689484864,0.0,0.0,0.0,0.0,0.0,0.0,0.0,0.0,0.0,0.0,0.0,0.0,0.0,0.0,0.0,0.0,0.0,0.0,0.0,0.0,0.0,0.0,0.010000000000000002,0.0,0.0,0.0,0.0,0.0,0.0,0.0,0.020000000000000004,0.0,0.0,0.0,0.0,0.0,0.0,0.0,0.0,0.0,0.0,0.0,0.0,0.0,0.0,0.0,0.0,0.0,0.0,0.0,0.0,0.0,0.0,0.0,0.0,0,0,1.0,0.0,0,0.0,0,0.0,0.0,0.0992,easy,2.125,0,0,0,0,0,0,0,0,0,0,0,0,0,0,1,0,0,0,0,0,0
78,39,3,5d482ea821c9be351f7630f1,2020-04-23 17:47:42.013000+00:00,hi,1.0,0,0.0,5,hi,5,1,2,1,-1.2488724541535483,-1.0142838340661706,0.0,0.0,0.0,0.0,0.0,0.0,0.0,0.0,0.0,0.0,0.0,0.0,0.0,0.0,0.0,0.0,0.0,0.0,0.0,0.0,0.0,0.0,0.0,0.0,0.0,0.0,0.0,0.0,0.0,0.0,0.01,0.0,0.0,0.0,0.0,0.0,0.0,0.0,0.0,0.0,0.0,0.0,0.0,0.0,0.0,0.0,0.0,0.0,0.0,0.0,0.0,0.0,0.0,0.0,0.0,0,0,1.0,0.0,0,0.0,0,0.0,0.0,0.0496,easy,2.836,0,0,0,0,0,0,0,0,0,0,0,0,0,0,1,0,0,0,0,0,0
78,39,3,5ea1bb26de5d74641b6702ec,2020-04-23 17:47:42.623000+00:00,hi,1.0,0,0.0,5,hi,6,1,2,1,-1.2488724541535483,-1.0142838340661706,0.0,0.0,0.0,0.0,0.0,0.0,0.0,0.0,0.0,0.0,0.0,0.0,0.0,0.0,0.0,0.0,0.0,0.0,0.0,0.0,0.0,0.0,0.0,0.0,0.0,0.0,0.0,0.0,0.0,0.0,0.01,0.0,0.0,0.0,0.0,0.0,0.0,0.0,0.0,0.0,0.0,0.0,0.0,0.0,0.0,0.0,0.0,0.0,0.0,0.0,0.0,0.0,0.0,0.0,0.0,0,0,1.0,0.0,1,0.0,0,0.0,0.0,0.0496,easy,0.61,0,0,0,0,0,0,0,0,0,0,0,0,0,0,1,0,0,0,0,0,0
78,39,3,5ea1bd4cde5d74641b6704e8,2020-04-23 17:47:46.509000+00:00,hi,1.0,0,0.0,5,hi,7,1,2,1,-1.2488724541535483,-1.0142838340661706,0.0,0.0,0.0,0.0,0.0,0.0,0.0,0.0,0.0,0.0,0.0,0.0,0.0,0.0,0.0,0.0,0.0,0.0,0.0,0.0,0.0,0.0,0.0,0.0,0.0,0.0,0.0,0.0,0.0,0.0,0.01,0.0,0.0,0.0,0.0,0.0,0.0,0.0,0.0,0.0,0.0,0.0,0.0,0.0,0.0,0.0,0.0,0.0,0.0,0.0,0.0,0.0,0.0,0.0,0.0,0,0,1.0,0.0,1,0.0,0,0.0,0.0,0.0496,easy,3.886,0,0,0,0,0,0,0,0,0,0,0,0,0,0,1,0,0,0,0,0,0
78,39,3,5d482ea821c9be351f7630f1,2020-04-23 17:47:57.835000+00:00,this one is hard,1.0,0,0.0,5,this one is hard!,8,4,16,1,-0.9550275742215037,-0.685749738713118,0.0,0.0,0.0,0.0,0.0,0.0,0.0,0.0,0.0,0.0,0.0,0.0,0.0,0.0,0.0,0.0,0.0,0.0,0.0,0.0,0.0,0.0,0.0,0.01,0.0,0.0,0.0,0.0,0.0,0.0,0.0,0.01,0.0,0.0,0.0,0.0,0.0,0.0,0.01,0.0,0.0,0.01,0.0,0.0,0.0,0.01,0.0,0.0,0.0,0.01,0.0,0.0,0.0,0.02,0.0,0,0,1.0,0.0,0,0.0,0,0.5416666666666666,-0.2916666666666667,0.1984,easy,11.326,0,0,0,0,0,0,0,0,0,0,0,0,0,0,0,0,0,0,1,0,0
78,39,3,5ea1bd4cde5d74641b6704e8,2020-04-23 17:48:02.124000+00:00,i do not think they are an asshole in this situation,1.0,0,0.0,5,i do not think they are an asshole in this situation,9,11,52,1,-0.36733781435741436,-0.028681548007012628,0.0,0.0,0.0,0.0,0.0,0.0,0.0,0.0,0.0,0.0,0.0,0.01,0.01,0.0,0.0,0.0,0.0,0.0,0.0,0.0,0.0,0.01,0.0,0.030000000000000002,0.0,0.0,0.01,0.0,0.0,0.0,0.01,0.01,0.0,0.0,0.0,0.0,0.01,0.01,0.0,0.0,0.01,0.030000000000000002,0.0,0.01,0.0,0.02,0.02,0.01,0.0,0.0,0.0,0.0,0.01,0.08,0.0,0,0,1.0,0.09090909090909091,1,0.0,0,0.0,0.0,0.5456,easy,4.289,0,0,1,0,1,0,0,0,0,0,0,1,0,0,0,0,0,0,0,0,0
78,39,3,5ea1a668de5d74641b66d167,2020-04-23 17:48:05.366000+00:00,this one was harder for me to decide im  a little on the fence if shes an asshole or not,1.0,0,0.0,5,this one was harder for me to decide. i'm  a little on the fence if she's an asshole or not.,10,20,88,1,0.5141968254387196,0.9569207380521454,0.01,0.0,0.0,0.02,0.0,0.0,0.0,0.0,0.0,0.0,0.01,0.01,0.01,0.0,0.0,0.0,0.0,0.0,0.0,0.0,0.0,0.01,0.0,0.01,0.0,0.01,0.02,0.0,0.01,0.0,0.01,0.01,0.0,0.0,0.0,0.0,0.01,0.01,0.01,0.02,0.03,0.02,0.0,0.03,0.0,0.02,0.049999999999999996,0.03,0.0,0.01,0.0,0.01,0.01,0.12,0.01,0,0,1.0,0.05,3,0.0003202049311559398,1,0.25,-0.14375,0.992,easy,3.242,0,0,0,0,0,0,0,0,0,0,1,0,0,0,0,0,0,0,0,0,0
78,39,3,5d482ea721c9be351f762f2e,2020-04-23 17:48:11.054000+00:00,this is a hard call he should be more patient but he shouldnt have all the translation duties either,1.0,0,0.0,5,"this is a hard call. he should be more patient, but he shouldn't have all the translation duties either.",11,19,100,1,0.5141968254387196,0.9569207380521454,0.02,0.0,0.0,0.01,0.01,0.0,0.0,0.0,0.0,0.0,0.02,0.01,0.0,0.0,0.0,0.0,0.0,0.0,0.0,0.02,0.0,0.0,0.0,0.02,0.02,0.0,0.0,0.0,0.01,0.0,0.03,0.01,0.0,0.01,0.0,0.0,0.0,0.0,0.01,0.0,0.02,0.05,0.0,0.02,0.01,0.05,0.06,0.0,0.0,0.01,0.0,0.02,0.0,0.12,0.0,0,0,0.9473684210526315,0.0,3,0.0,0,0.5208333333333333,0.10416666666666666,0.9424,easy,5.688,0,0,1,0,0,0,0,0,0,0,0,0,0,0,0,0,0,1,1,0,0
79,40,0,5ea1bc66de5d74641b6704c6,2020-04-23 17:57:32.471000+00:00,i do not think this person is the asshole though i do think she shouldnt always pass the phone to her spouse i think she needs to explain to him she is extremely stressed out and appreciates his help ,0.833333333,2,0.333333333,6,"i do not think this person is the asshole, though i do think she shouldn't always pass the phone to her spouse. i think she needs to explain to him she is extremely stressed out and appreciates his help. ",1,39,200,1,2.1793178117203063,0.7149952181504546,0.02,0.0,0.0,0.02,0.02,0.02,0.0,0.0,0.01,0.01,0.06,0.02,0.01,0.0,0.0,0.0,0.0,0.01,0.0,0.01,0.01,0.05,0.01,0.09,0.01,0.0,0.03,0.0,0.0,0.0,0.11,0.01,0.0,0.0,0.0,0.0,0.01,0.03,0.0,0.0,0.01,0.1,0.0,0.02,0.01,0.05,0.12,0.04,0.0,0.0,0.0,0.01,0.03,0.22,0.0,0,0,0.717948717948718,0.07692307692307693,0,0.0,0,1.0,-0.125,2.3392717948717947,easy,0.0,0,0,1,0,1,0,0,0,0,0,1,1,0,0,0,0,0,1,0,0,0
79,40,0,5ea0e0529dc0406f8988c4c6,2020-04-23 17:57:56.510000+00:00,i think the person is the asshole its not fair to inconvenience the husband the parents can try to start some classes and work to improve english i think the husband can offer a little time but not drop what he is doing all the time,0.833333333,2,0.333333333,6,i think the person is the asshole. it's not fair to inconvenience the husband. the parents can try to start some classes and work to improve english. i think the husband can offer a little time but not drop what he is doing all the time.,2,46,232,1,2.9629041582057587,1.5029491320305475,0.0,0.0,0.0,0.019999999999999997,0.009999999999999998,0.009999999999999998,0.0,0.03,0.0,0.0,0.009999999999999998,0.019999999999999997,0.009999999999999998,0.0,0.0,0.0,0.0,0.03,0.0,0.009999999999999998,0.009999999999999998,0.019999999999999997,0.009999999999999998,0.07999999999999999,0.0,0.0,0.05,0.0,0.0,0.0,0.06,0.019999999999999997,0.0,0.019999999999999997,0.0,0.0,0.009999999999999998,0.019999999999999997,0.0,0.009999999999999998,0.03,0.09,0.0,0.06999999999999999,0.019999999999999997,0.05,0.07999999999999999,0.03,0.0,0.0,0.0,0.039999999999999994,0.019999999999999997,0.26,0.009999999999999998,0,0,0.6956521739130435,0.043478260869565216,14,0.0033558328407310603,1,0.4666666666666666,-0.17916666666666667,2.6248608695652176,easy,24.039,0,0,1,0,1,0,0,0,0,0,1,1,0,0,0,0,0,1,1,0,0
79,40,0,5ea0f0f69dc0406f8988e1fc,2020-04-23 17:58:04.096000+00:00,i dont think the person is an asshole for wanting to help their parents but i do think she is an asshole for making her husband take on all the duties they are her parents not his she should ask him first,0.833333333,2,0.333333333,6,"i don't think the person is an asshole for wanting to help their parents, but i do think she is an asshole for making her husband take on all the duties. they are her parents, not his. she should ask him first.",3,42,204,1,2.5711109849630325,1.108972175090501,0.02,0.0,0.0,0.01,0.01,0.0,0.0,0.01,0.0,0.0,0.06,0.02,0.02,0.0,0.0,0.0,0.0,0.03,0.0,0.0,0.0,0.02,0.01,0.09000000000000001,0.01,0.0,0.02,0.0,0.01,0.0,0.14,0.0,0.0,0.01,0.0,0.01,0.02,0.02,0.0,0.0,0.02,0.1,0.0,0.04,0.01,0.06,0.09000000000000001,0.04,0.0,0.0,0.0,0.0,0.02,0.26,0.0,0,0,0.7619047619047619,0.047619047619047616,8,0.010482867165355805,0,0.3333333333333333,0.25,2.0831999999999997,easy,7.586,0,0,1,0,1,0,0,0,0,0,1,1,0,0,0,0,0,0,0,0,0
79,40,0,5ea097789dc0406f8988302a,2020-04-23 17:58:07.771000+00:00,i dont think she is an asshole for expecting her husband to help out  a bit especially with the husbands handling of the situation however i do think having to constantly have this responsibility of helping your sos parents is unfair,0.833333333,2,0.333333333,6,"i don't think she is an asshole for expecting her husband to help out  a bit. especially with the husband's handling of the situation, however i do think having to constantly have this responsibility of helping your so's parents is unfair.",4,41,233,1,2.473162691652351,1.0104779358554894,0.01,0.0,0.0,0.01,0.0,0.02,0.0,0.01,0.030000000000000002,0.0,0.02,0.01,0.01,0.0,0.0,0.0,0.0,0.030000000000000002,0.0,0.01,0.01,0.02,0.0,0.07,0.0,0.0,0.02,0.0,0.01,0.0,0.08,0.01,0.0,0.01,0.0,0.0,0.01,0.02,0.0,0.0,0.0,0.08,0.0,0.04,0.0,0.060000000000000005,0.060000000000000005,0.07,0.0,0.0,0.01,0.02,0.02,0.22000000000000003,0.0,0,0,0.8536585365853658,0.04878048780487805,12,0.006178174609100282,0,0.7777777777777777,-0.16666666666666666,2.418721951219512,easy,3.675,0,0,1,0,1,0,0,0,0,0,1,1,1,0,0,0,0,1,0,0,0
79,40,0,5ea0deb89dc0406f8988c091,2020-04-23 17:58:12.636000+00:00,my initial impression was that the wife was the asshole after continuing to read i found some of the comments made by the husband to make him the asshole i do agree that she should probably talk to her mother about it,0.833333333,2,0.333333333,6,"my initial impression was that the wife was the asshole. after continuing to read, i found some of the comments made by the husband to make him the asshole. i do agree that she should probably talk to her mother about it.",5,42,217,1,2.5711109849630325,1.108972175090501,0.01,0.0,0.0,0.0,0.0,0.0,0.0,0.0,0.02,0.0,0.030000000000000002,0.0,0.02,0.0,0.0,0.0,0.0,0.030000000000000002,0.0,0.01,0.02,0.01,0.0,0.02,0.01,0.04,0.030000000000000002,0.0,0.0,0.0,0.08,0.030000000000000002,0.0,0.01,0.0,0.02,0.02,0.030000000000000002,0.0,0.02,0.0,0.06999999999999999,0.0,0.05,0.0,0.04,0.060000000000000005,0.06999999999999999,0.0,0.0,0.0,0.0,0.030000000000000002,0.25999999999999995,0.01,0,0,0.7619047619047619,0.047619047619047616,12,0.0016785781323115272,1,0.0,0.0,2.0831999999999997,easy,4.865,0,0,1,0,0,0,0,0,0,0,1,1,0,0,0,0,0,0,0,0,0
79,40,0,5d482eaa21c9be351f763ad8,2020-04-23 17:58:39.991000+00:00,i think that this person is being one but so is her husband  this is something that they should have talked about way before she told him to start doing this  i think that in the future she should still ask him but not as much ,0.833333333,2,0.333333333,6,i think that this person is being one but so is her husband.  this is something that they should have talked about way before she told him to start doing this.  i think that in the future she should still ask him but not as much. ,6,46,227,1,2.9629041582057587,1.5029491320305475,0.02,0.0,0.0,0.04,0.0,0.0,0.0,0.0,0.030000000000000002,0.0,0.05,0.01,0.0,0.0,0.0,0.0,0.0,0.01,0.0,0.01,0.0,0.02,0.01,0.08,0.02,0.02,0.060000000000000005,0.0,0.0,0.0,0.11,0.07,0.0,0.0,0.0,0.0,0.0,0.02,0.0,0.01,0.04,0.14,0.0,0.01,0.030000000000000002,0.08,0.08,0.05,0.0,0.0,0.0,0.0,0.02,0.32,0.0,0,0,0.7391304347826086,0.043478260869565216,13,0.0010381682699996475,0,0.1625,0.1,2.2816,easy,27.355,0,0,1,0,1,0,0,0,0,0,1,1,0,0,0,0,0,0,0,0,0
79,40,0,5ea1b78ede5d74641b66fda3,2020-04-23 17:59:09.340000+00:00,my initial thought is that he should be willing to help since he did marry into her family then you can think that she put her mom off on him because she got tired of it her parents should take the initiative to learn english ,0.833333333,2,0.333333333,6,my initial thought is that he should be willing to help since he did marry into her family. then you can think that she put her mom off on him because she got tired of it. her parents should take the initiative to learn english. ,7,45,226,1,3.06085245151644,1.601443371265559,0.019999999999999997,0.0,0.009999999999999998,0.019999999999999997,0.0,0.009999999999999998,0.009999999999999998,0.009999999999999998,0.0,0.0,0.07999999999999999,0.0,0.0,0.0,0.009999999999999998,0.0,0.0,0.029999999999999995,0.0,0.0,0.0,0.029999999999999995,0.0,0.039999999999999994,0.019999999999999997,0.029999999999999995,0.06999999999999999,0.0,0.0,0.0,0.13999999999999999,0.029999999999999995,0.0,0.009999999999999998,0.0,0.019999999999999997,0.0,0.009999999999999998,0.0,0.0,0.0,0.09999999999999999,0.0,0.009999999999999998,0.009999999999999998,0.05999999999999999,0.07999999999999999,0.06999999999999999,0.0,0.0,0.009999999999999998,0.009999999999999998,0.009999999999999998,0.27999999999999997,0.0,0,0,0.8444444444444444,0.0,14,0.0003484320557491289,0,0.3625,-0.037500000000000006,2.582888888888889,easy,29.349,0,0,1,0,1,0,0,0,0,0,0,1,1,0,0,0,0,1,1,0,0
80,40,1,5ea097789dc0406f8988302a,2020-04-23 18:11:33.804000+00:00,i do not think he is an asshole remember he stated he was polite when bringing up the issue to his mil he is just venting on the reddit post,0.5,0,0.0,6,i do not think he is an asshole. remember he stated he was polite when bringing up the issue to his mil. he is just venting on the reddit post.,1,30,140,1,1.4936797585455353,1.0169907295863614,0.0,0.0,0.0,0.009999999999999998,0.0,0.0,0.0,0.0,0.019999999999999997,0.0,0.049999999999999996,0.009999999999999998,0.009999999999999998,0.0,0.0,0.0,0.0,0.0,0.0,0.0,0.0,0.019999999999999997,0.0,0.039999999999999994,0.0,0.009999999999999998,0.049999999999999996,0.0,0.0,0.0,0.049999999999999996,0.0,0.0,0.0,0.0,0.0,0.009999999999999998,0.009999999999999998,0.0,0.0,0.019999999999999997,0.049999999999999996,0.0,0.03,0.009999999999999998,0.039999999999999994,0.049999999999999996,0.03,0.0,0.0,0.0,0.009999999999999998,0.009999999999999998,0.18999999999999997,0.0,0,0,0.8333333333333334,0.03333333333333333,0,0.0,0,0.0,0.0,1.488,easy,0.0,0,0,1,0,1,0,0,0,0,0,0,1,0,0,0,0,0,1,1,0,0
80,40,1,5ea0f0f69dc0406f8988e1fc,2020-04-23 18:11:36.437000+00:00,his attitude is what makes him seem like an asshole to me i get that hes frustrated but learning new languages isnt easy for everyone,0.5,0,0.0,6,"his attitude is what makes him seem like an asshole to me. i get that he's frustrated, but learning new languages isn't easy for everyone.",2,25,133,1,0.9059899986814458,0.4518184873986503,0.0,0.0,0.0,0.01,0.0,0.0,0.0,0.0,0.0,0.0,0.03,0.01,0.01,0.0,0.0,0.0,0.0,0.0,0.0,0.0,0.02,0.02,0.0,0.06,0.0,0.0,0.01,0.0,0.0,0.0,0.05,0.03,0.0,0.01,0.0,0.01,0.02,0.02,0.0,0.01,0.01,0.06,0.0,0.01,0.01,0.03,0.04,0.02,0.0,0.0,0.0,0.02,0.02,0.11,0.0,0,0,1.0,0.08,4,0.0004753880472329106,0,0.49595959595959593,-0.043434343434343416,1.24,easy,2.633,0,0,0,0,0,0,0,0,0,0,0,1,0,0,0,0,0,1,1,0,0
80,40,1,5ea1bc66de5d74641b6704c6,2020-04-23 18:11:44.500000+00:00,my initial thought was this guy was being a bit petty is it that difficult to have a quick conversation with a family member when they need help it isnt always so easy to learn a new language later in life ,0.5,0,0.0,6,my initial thought was this guy was being a bit petty. is it that difficult to have a quick conversation with a family member when they need help? it isn't always so easy to learn a new language later in life. ,3,41,206,1,2.6690592782737137,2.1473352139617834,0.01,0.0,0.01,0.02,0.01,0.01,0.01,0.0,0.030000000000000002,0.0,0.0,0.01,0.0,0.0,0.01,0.0,0.0,0.01,0.01,0.01,0.01,0.02,0.01,0.04,0.0,0.030000000000000002,0.06999999999999999,0.0,0.0,0.0,0.060000000000000005,0.04,0.0,0.01,0.0,0.0,0.01,0.01,0.0,0.0,0.0,0.08,0.0,0.04,0.01,0.060000000000000005,0.05,0.04,0.0,0.0,0.0,0.05,0.01,0.21,0.0,1,0,0.8536585365853658,0.0,5,0.021153846153846155,0,0.4646464646464647,0.06717171717171717,2.418721951219512,easy,8.063,0,0,1,0,0,0,0,0,0,0,0,1,0,0,0,0,0,1,1,0,0
80,40,1,5ea0e0529dc0406f8988c4c6,2020-04-23 18:11:48.843000+00:00,i dont think the husband is the asshole hes not nice at what hes writing but he says he acts politely and offers resources for them to help themselves,0.5,0,0.0,6,i don't think the husband is the asshole. he's not nice at what he's writing but he says he acts politely and offers resources for them to help themselves.,4,29,150,1,1.3957314652348536,0.9227953558884094,0.0,0.01,0.0,0.02,0.0,0.01,0.0,0.0,0.0,0.0,0.04,0.02,0.01,0.0,0.0,0.0,0.0,0.01,0.0,0.0,0.01,0.01,0.0,0.05,0.0,0.0,0.01,0.0,0.0,0.0,0.11,0.01,0.0,0.01,0.0,0.0,0.01,0.01,0.0,0.0,0.02,0.05,0.0,0.02,0.02,0.04,0.05,0.03,0.0,0.01,0.0,0.01,0.01,0.15000000000000002,0.0,0,0,0.896551724137931,0.034482758620689655,2,0.0010834236186348862,0,0.5,-0.09999999999999999,1.4384,easy,4.343,0,0,1,0,1,0,0,0,0,0,0,1,0,0,0,0,0,1,0,0,0
80,40,1,5d482eaa21c9be351f763ad8,2020-04-23 18:11:57.297000+00:00,wow  what a pile of garbage this guy is  who yells at his inlaws like that  he comes across as a real good guy bragging about how smart he is because he took a couple of free internet programs,0.5,0,0.0,6,"wow!  what a pile of garbage this guy is.  who yells at his in-laws like that?  he comes across as a real good guy, bragging about how smart he is because he took a couple of free internet programs.",5,39,192,1,2.473162691652351,1.9589444665658795,0.0,0.009999999999999998,0.0,0.03,0.0,0.0,0.0,0.0,0.019999999999999997,0.0,0.039999999999999994,0.0,0.0,0.0,0.0,0.0,0.0,0.0,0.0,0.009999999999999998,0.05,0.0,0.019999999999999997,0.03,0.0,0.009999999999999998,0.039999999999999994,0.0,0.0,0.0,0.07,0.039999999999999994,0.0,0.009999999999999998,0.009999999999999998,0.019999999999999997,0.0,0.0,0.0,0.0,0.0,0.039999999999999994,0.0,0.03,0.009999999999999998,0.019999999999999997,0.03,0.06,0.0,0.009999999999999998,0.0,0.07999999999999999,0.0,0.2,0.0,2,0,0.8205128205128205,0.0,7,0.0,0,0.8357142857142859,0.4285714285714286,1.9344,easy,8.454,0,0,0,0,0,0,0,0,0,0,0,0,0,0,0,0,0,1,1,0,0
80,40,1,5ea0deb89dc0406f8988c091,2020-04-23 18:12:04.280000+00:00,some elder members of families like that just wont learn the language and its not up to the husband to decide,0.5,0,0.0,6,some elder members of families like that just won't learn the language and it's not up to the husband to decide.,6,21,109,1,0.7100934120600827,0.26342774000274666,0.0,0.0,0.010000000000000002,0.010000000000000002,0.0,0.010000000000000002,0.0,0.0,0.010000000000000002,0.0,0.0,0.020000000000000004,0.0,0.0,0.0,0.0,0.0,0.020000000000000004,0.0,0.010000000000000002,0.010000000000000002,0.020000000000000004,0.010000000000000002,0.0,0.010000000000000002,0.0,0.010000000000000002,0.0,0.0,0.0,0.04000000000000001,0.020000000000000004,0.0,0.010000000000000002,0.0,0.0,0.0,0.0,0.0,0.010000000000000002,0.020000000000000004,0.010000000000000002,0.0,0.020000000000000004,0.020000000000000004,0.010000000000000002,0.060000000000000005,0.04000000000000001,0.0,0.0,0.0,0.010000000000000002,0.0,0.12000000000000001,0.0,0,0,0.9047619047619048,0.0,3,0.0,0,0.0,0.0,1.0415999999999999,easy,6.983,0,0,0,0,0,0,0,0,0,0,0,0,0,0,0,0,0,1,0,0,0
80,40,1,5ea0e0529dc0406f8988c4c6,2020-04-23 18:12:13.682000+00:00,i dont think his inlaws are respectful of his time,0.5,0,0.0,6,i don't think his in-laws are respectful of his time.,7,10,50,1,-0.4652861076680959,-0.8669167443726752,0.0,0.0,0.0,0.0,0.0,0.0,0.0,0.0,0.0,0.0,0.02,0.01,0.0,0.0,0.0,0.0,0.0,0.0,0.0,0.0,0.0,0.01,0.0,0.03,0.0,0.0,0.01,0.0,0.0,0.0,0.02,0.0,0.0,0.0,0.0,0.0,0.0,0.01,0.0,0.0,0.0,0.03,0.0,0.0,0.0,0.02,0.01,0.01,0.0,0.0,0.0,0.01,0.01,0.05,0.0,0,0,0.9,0.1,1,0.0,0,0.7,0.5,0.496,easy,9.402,0,0,1,0,1,0,0,0,0,0,0,1,0,0,0,0,0,1,0,0,0
80,40,1,5d482eaa21c9be351f763ad8,2020-04-23 18:12:26.594000+00:00,acts politely  he cursed at his inlaws,0.5,0,0.0,6,acts politely?  he cursed at his in-laws.,8,7,38,1,-0.6611826942894591,-1.055307491768579,0.0,0.0,0.0,0.0,0.0,0.0,0.0,0.0,0.0,0.0,0.02,0.0,0.0,0.0,0.0,0.0,0.0,0.0,0.0,0.0,0.0,0.0,0.0,0.0,0.0,0.0,0.01,0.0,0.0,0.0,0.02,0.0,0.0,0.0,0.0,0.0,0.0,0.0,0.0,0.0,0.0,0.0,0.0,0.0,0.0,0.0,0.0,0.01,0.0,0.0,0.0,0.0,0.0,0.03,0.0,1,0,1.0,0.0,1,0.019230769230769232,0,0.0,0.0,0.3472,easy,12.912,0,0,0,0,0,0,0,0,0,0,0,0,0,0,0,0,0,0,1,0,0
80,40,1,5ea1bc66de5d74641b6704c6,2020-04-23 18:12:30.513000+00:00,it never said he was super busy i mean my dad calls me all the time with ridiculous stuff and i pick up,0.5,0,0.0,6,"it never said he was super busy, i mean my dad calls me all the time with ridiculous stuff and i pick up.",9,23,103,1,0.5141968254387196,0.07503699260684303,0.0,0.01,0.0,0.01,0.02,0.02,0.0,0.01,0.0,0.0,0.01,0.01,0.0,0.0,0.0,0.0,0.0,0.01,0.01,0.0,0.01,0.01,0.0,0.01,0.0,0.02,0.04,0.0,0.0,0.0,0.04,0.02,0.0,0.01,0.0,0.01,0.01,0.04,0.0,0.0,0.0,0.030000000000000002,0.0,0.01,0.01,0.01,0.060000000000000005,0.02,0.0,0.01,0.0,0.01,0.04,0.12000000000000001,0.0,0,0,0.9565217391304348,0.17391304347826086,1,0.0,0,0.6635416666666667,-0.05312499999999999,1.1408,easy,3.919,0,0,0,0,0,0,0,0,0,0,1,0,0,0,0,0,0,1,1,0,0
80,40,1,5ea097789dc0406f8988302a,2020-04-23 18:12:34.110000+00:00,however their mil families reaction to instantly call him a racist is unfair espcially when he clearly took the time to learn spanish and has helped his mil plenty of time,0.5,0,0.0,6,"however, their mil families reaction to instantly call him a racist is unfair. espcially when he clearly took the time to learn spanish and has helped his mil plenty of time",10,31,171,1,1.6895763451668984,1.2053814769822648,0.0,0.0,0.009999999999999998,0.03,0.009999999999999998,0.009999999999999998,0.0,0.0,0.03,0.0,0.03,0.0,0.0,0.0,0.0,0.0,0.0,0.009999999999999998,0.0,0.009999999999999998,0.0,0.009999999999999998,0.0,0.019999999999999997,0.0,0.019999999999999997,0.049999999999999996,0.0,0.0,0.0,0.06,0.0,0.0,0.009999999999999998,0.0,0.009999999999999998,0.0,0.0,0.0,0.0,0.0,0.039999999999999994,0.0,0.019999999999999997,0.009999999999999998,0.019999999999999997,0.039999999999999994,0.03,0.0,0.0,0.0,0.039999999999999994,0.0,0.12999999999999998,0.0,0,0,0.9032258064516129,0.0,3,0.0026954177897574125,0,0.5125,-0.09999999999999999,1.5375999999999999,easy,3.597,0,0,0,0,0,0,0,0,0,0,0,0,0,0,0,0,0,1,1,0,0
80,40,1,5d482ea821c9be351f7631b6,2020-04-23 18:12:36.667000+00:00,i dont think hes an asshole at all i think his family is full of them though  i dont think its white privlege to speak english in america,0.5,0,0.0,6,i don't think he's an asshole at all i think his family is full of them though.  i don't think it's white privlege to speak english in america,11,28,137,1,1.101886585302809,0.6402092347945539,0.0,0.01,0.01,0.01,0.01,0.0,0.0,0.0,0.01,0.0,0.02,0.02,0.01,0.0,0.0,0.01,0.0,0.01,0.0,0.01,0.0,0.030000000000000002,0.0,0.07,0.0,0.0,0.030000000000000002,0.0,0.0,0.0,0.05,0.01,0.0,0.0,0.0,0.0,0.01,0.030000000000000002,0.0,0.0,0.0,0.07,0.0,0.01,0.0,0.04,0.04,0.04,0.0,0.02,0.0,0.0,0.030000000000000002,0.13,0.0,0,0,0.8214285714285714,0.10714285714285714,4,0.0,0,0.18333333333333335,0.11666666666666665,1.3888,easy,2.557,0,0,1,0,1,0,0,0,0,0,1,1,0,0,0,0,0,0,0,0,0
80,40,1,5ea0deb89dc0406f8988c091,2020-04-23 18:12:37.879000+00:00,i dont know if i believe him when he says that he brought it up in a calm and respectful way,0.5,0,0.0,6,i don't know if i believe him when he says that he brought it up in a calm and respectful way.,12,21,92,1,0.5141968254387196,0.07503699260684303,0.01,0.01,0.0,0.03,0.0,0.01,0.0,0.0,0.01,0.0,0.03,0.01,0.0,0.0,0.0,0.0,0.0,0.0,0.0,0.0,0.01,0.02,0.0,0.03,0.0,0.01,0.04,0.0,0.0,0.0,0.04,0.02,0.0,0.0,0.0,0.0,0.0,0.02,0.0,0.01,0.01,0.04,0.0,0.01,0.01,0.01,0.04,0.02,0.0,0.01,0.0,0.03,0.02,0.13,0.0,0,0,0.9047619047619048,0.09523809523809523,2,0.00031036623215394165,0,0.725,0.4,1.0415999999999999,easy,1.212,0,0,0,0,0,0,0,0,0,0,1,1,0,0,0,0,0,1,0,0,0
80,40,1,5ea097789dc0406f8988302a,2020-04-23 18:12:47.332000+00:00,where they just expect him to be there to help whenever the mil says so it is unfair to him,0.5,0,0.0,6,where they just expect him to be there to help whenever the mil says so it is unfair to him.,13,20,91,1,0.6121451187494011,0.16923236630479485,0.010000000000000002,0.010000000000000002,0.0,0.020000000000000004,0.0,0.0,0.0,0.0,0.05,0.0,0.020000000000000004,0.0,0.0,0.0,0.0,0.0,0.0,0.0,0.0,0.0,0.0,0.0,0.0,0.010000000000000002,0.0,0.0,0.020000000000000004,0.0,0.0,0.0,0.05,0.010000000000000002,0.0,0.0,0.0,0.0,0.0,0.0,0.0,0.0,0.010000000000000002,0.020000000000000004,0.0,0.010000000000000002,0.020000000000000004,0.020000000000000004,0.020000000000000004,0.030000000000000002,0.0,0.010000000000000002,0.0,0.0,0.0,0.14,0.0,1,0,0.85,0.0,3,0.010638297872340425,0,1.0,-0.5,0.992,easy,9.453,0,0,0,0,0,0,0,0,0,0,0,0,0,0,0,0,0,0,0,0,0
80,40,1,5ea0f0f69dc0406f8988e1fc,2020-04-23 18:12:50.936000+00:00,yeah i understand that hes frustrated at whats happening it seems like he wasnt asked to be the default translator but his attitude isnt great,0.5,0,0.0,6,"yeah, i understand that he's frustrated at what's happening, it seems like he wasn't asked to be the default translator. but his attitude isn't great.",14,25,142,1,1.0039382919921274,0.5460138610966022,0.0,0.0,0.0,0.01,0.0,0.0,0.0,0.0,0.0,0.0,0.03,0.02,0.0,0.0,0.0,0.0,0.0,0.0,0.0,0.0,0.02,0.02,0.0,0.05,0.0,0.02,0.02,0.0,0.0,0.0,0.04,0.03,0.0,0.0,0.0,0.0,0.01,0.01,0.0,0.01,0.01,0.08,0.0,0.01,0.01,0.05,0.03,0.02,0.0,0.0,0.0,0.02,0.01,0.1,0.0,0,0,1.0,0.04,4,0.0,0,0.475,0.050000000000000044,1.24,easy,3.604,0,0,1,0,1,0,0,0,0,0,1,0,0,0,0,0,0,1,1,0,0
80,40,1,5ea1b78ede5d74641b66fda3,2020-04-23 18:12:56.052000+00:00,at first i thought he came off as cocky but i do not think that he is after seeing that he was polite about it he also said he would help her learn,0.5,0,0.0,6,at first i thought he came off as cocky. but i do not think that he is after seeing that he was polite about it. he also said he would help her learn.,15,33,147,1,1.6895763451668984,1.2053814769822648,0.01,0.01,0.0,0.029999999999999995,0.0,0.01,0.0,0.01,0.02,0.0,0.05999999999999999,0.01,0.0,0.0,0.0,0.01,0.0,0.0,0.0,0.0,0.0,0.029999999999999995,0.0,0.029999999999999995,0.01,0.04,0.05,0.0,0.0,0.0,0.08,0.029999999999999995,0.0,0.01,0.0,0.0,0.0,0.02,0.0,0.0,0.02,0.08,0.0,0.0,0.01,0.04,0.06999999999999999,0.05,0.0,0.02,0.0,0.01,0.02,0.21,0.0,0,0,0.8181818181818182,0.06060606060606061,10,0.00031036623215394165,0,0.6166666666666667,0.024999999999999994,1.6368,easy,5.116,0,0,1,0,1,0,0,0,0,0,1,0,0,0,0,0,0,1,1,0,0
81,41,0,5d482ea621c9be351f762a2a,2020-04-23 18:14:21.203000+00:00,hi  i believe this woman is definitely the asshole here  what do you guys think,0.666666667,1,0.166666667,6,hi!  i believe this woman is definitely the asshole here.  what do you guys think?,1,15,79,1,-0.07349293442536971,-0.5317056737722342,0.0,0.0,0.0,0.0,0.01,0.0,0.0,0.0,0.02,0.0,0.0,0.0,0.01,0.0,0.0,0.0,0.0,0.0,0.0,0.0,0.01,0.02,0.02,0.04,0.0,0.0,0.0,0.0,0.0,0.0,0.04,0.02,0.0,0.0,0.0,0.0,0.01,0.01,0.0,0.0,0.0,0.04,0.0,0.01,0.0,0.02,0.030000000000000002,0.0,0.0,0.0,0.01,0.0,0.01,0.08,0.0,1,0,1.0,0.13333333333333333,0,0.0,0,0.5,0.0,0.744,easy,0.0,0,0,1,0,1,0,0,0,0,0,1,0,1,0,1,0,0,0,0,0,0
81,41,0,5e821b4050f6e364321d5499,2020-04-23 18:14:36.462000+00:00,i believe she is the asshole as well ,0.666666667,1,0.166666667,6,i believe she is the asshole as well. ,2,8,37,1,-0.6611826942894591,-1.202264421586899,0.0,0.0,0.0,0.01,0.0,0.0,0.0,0.0,0.01,0.0,0.01,0.0,0.01,0.0,0.0,0.0,0.0,0.0,0.0,0.0,0.01,0.01,0.0,0.02,0.0,0.0,0.0,0.0,0.0,0.0,0.01,0.0,0.0,0.0,0.0,0.0,0.01,0.01,0.0,0.0,0.0,0.02,0.0,0.01,0.01,0.01,0.01,0.01,0.0,0.0,0.0,0.01,0.01,0.05,0.0,0,0,1.0,0.125,2,0.005062544010535663,0,0.0,0.0,0.3968,easy,15.259,0,0,0,0,0,0,0,0,0,0,0,1,0,0,0,0,0,1,0,0,0
81,41,0,5d482eab21c9be351f763f3a,2020-04-23 18:14:41.115000+00:00,yeah if she really felt that uncomfortable she could have gone about it a better way  ,0.666666667,1,0.166666667,6,"yeah, if she really felt that uncomfortable she could have gone about it a better way.  ",3,16,86,1,0.22035194550667497,-0.19642629986490182,0.02,0.0,0.0,0.01,0.0,0.0,0.0,0.01,0.02,0.01,0.02,0.0,0.0,0.0,0.0,0.0,0.0,0.0,0.0,0.0,0.01,0.01,0.0,0.01,0.0,0.02,0.01,0.0,0.0,0.0,0.02,0.02,0.0,0.0,0.0,0.0,0.0,0.0,0.01,0.01,0.02,0.04,0.0,0.01,0.01,0.02,0.04,0.01,0.0,0.01,0.0,0.02,0.0,0.08,0.0,0,0,0.9375,0.0,2,0.0,0,0.5666666666666667,0.06666666666666667,5.416975,medium,4.653,0,0,1,0,1,1,0,0,0,0,0,0,0,0,0,0,0,1,1,0,0
81,41,0,5d482ea621c9be351f762a2a,2020-04-23 18:14:50.861000+00:00,while there is always my house my rules this was just rude and unnecesary  she was literally just being nosy,0.666666667,1,0.166666667,6,"while there is always ""my house, my rules"", this was just rude and unnecesary.  she was literally just being nosy.",4,20,108,1,0.4162485321280381,0.02709328273998643,0.0,0.0,0.01,0.02,0.01,0.01,0.0,0.0,0.03,0.0,0.01,0.0,0.0,0.0,0.0,0.0,0.0,0.0,0.01,0.0,0.0,0.0,0.0,0.01,0.0,0.02,0.02,0.0,0.0,0.0,0.01,0.01,0.0,0.0,0.0,0.0,0.01,0.02,0.0,0.0,0.02,0.04,0.0,0.0,0.03,0.04,0.04,0.0,0.0,0.0,0.0,0.0,0.02,0.13,0.0,0,0,0.85,0.1,1,0.0,0,0.6,-0.3,0.992,easy,9.746,0,0,0,0,0,0,0,0,0,0,1,0,0,0,0,0,0,0,1,0,0
81,41,0,5d482ea721c9be351f762f7e,2020-04-23 18:14:57.201000+00:00,this person is not at fault it is a perfectly reasonable request to speak a language that all understand everyone spoke english after all,0.666666667,1,0.166666667,6,this person is not at fault. it is a perfectly reasonable request to speak a language that all understand. everyone spoke english after all.,5,24,137,1,1.0039382919921274,0.6976520305546512,0.0,0.02,0.0,0.0,0.030000000000000002,0.0,0.0,0.01,0.0,0.0,0.0,0.01,0.0,0.0,0.0,0.0,0.0,0.0,0.0,0.0,0.01,0.02,0.01,0.030000000000000002,0.0,0.01,0.02,0.0,0.0,0.0,0.060000000000000005,0.04,0.0,0.0,0.0,0.01,0.0,0.0,0.0,0.0,0.01,0.04,0.0,0.02,0.0,0.02,0.060000000000000005,0.030000000000000002,0.0,0.02,0.0,0.04,0.0,0.13,0.0,0,0,0.875,0.0,3,0.0,0,0.3,0.1,1.1904,easy,6.34,0,0,0,0,0,0,0,0,0,0,0,0,0,0,0,0,0,1,1,0,0
81,41,0,5d482eab21c9be351f763f3a,2020-04-23 18:15:01.057000+00:00,like pulling her son aside or talking with the parter and not being so aggressive about it,0.666666667,1,0.166666667,6,like pulling her son aside or talking with the parter and not being so aggressive about it,6,17,90,1,0.31830023881735653,-0.08466650856245769,0.0,0.0,0.0,0.03,0.0,0.02,0.0,0.0,0.02,0.0,0.01,0.01,0.0,0.0,0.0,0.0,0.0,0.01,0.0,0.0,0.01,0.0,0.0,0.0,0.0,0.0,0.01,0.0,0.0,0.0,0.03,0.01,0.0,0.0,0.0,0.0,0.01,0.0,0.0,0.01,0.02,0.01,0.0,0.01,0.02,0.01,0.04,0.02,0.0,0.0,0.0,0.01,0.0,0.09999999999999999,0.0,0,0,1.0,0.0,2,0.0,0,0.0,0.0,0.8432,easy,3.856,0,0,0,0,0,0,0,0,0,0,0,0,0,0,0,0,0,1,1,0,0
81,41,0,5e821b4050f6e364321d5499,2020-04-23 18:15:05.955000+00:00,definitely she could have pulled her son aside and discussed her concerns with him individually,0.666666667,1,0.166666667,6,"definitely, she could have pulled her son aside and discussed her concerns with him individually.",7,15,95,1,0.1224036521959934,-0.30818609116734597,0.009999999999999998,0.0,0.0,0.009999999999999998,0.009999999999999998,0.019999999999999997,0.0,0.0,0.009999999999999998,0.0,0.039999999999999994,0.0,0.0,0.0,0.0,0.0,0.0,0.009999999999999998,0.0,0.0,0.009999999999999998,0.0,0.009999999999999998,0.009999999999999998,0.0,0.0,0.009999999999999998,0.0,0.0,0.0,0.06999999999999999,0.0,0.0,0.0,0.0,0.0,0.0,0.0,0.0,0.0,0.0,0.019999999999999997,0.0,0.0,0.009999999999999998,0.019999999999999997,0.039999999999999994,0.009999999999999998,0.0,0.0,0.0,0.0,0.0,0.06999999999999999,0.0,0,0,0.9333333333333333,0.0,4,0.04705968189114257,0,0.45,0.0,5.433166666666667,medium,4.898,0,0,0,0,0,0,0,0,0,0,0,0,0,0,0,0,0,0,1,0,0
81,41,0,5d482ea621c9be351f762a2a,2020-04-23 18:15:21.699000+00:00,there was no reason to make everyone uncomfortable  ,0.666666667,1,0.166666667,6,there was no reason to make everyone uncomfortable.  ,8,8,52,1,-0.5632344009787775,-1.0905046302844548,0.0,0.0,0.0,0.0,0.0,0.0,0.0,0.0,0.01,0.01,0.0,0.01,0.0,0.0,0.0,0.0,0.0,0.0,0.0,0.0,0.0,0.01,0.0,0.01,0.0,0.01,0.0,0.0,0.0,0.0,0.01,0.01,0.0,0.0,0.0,0.02,0.0,0.0,0.0,0.0,0.0,0.02,0.0,0.0,0.01,0.01,0.02,0.01,0.0,0.0,0.0,0.0,0.0,0.04,0.0,0,0,1.0,0.0,0,0.0,0,1.0,-0.5,6.00705,difficult,15.744,0,0,0,0,0,0,0,0,0,0,0,0,0,0,0,0,0,0,1,0,0
81,41,0,5ea0dcce9dc0406f8988bbd8,2020-04-23 18:15:22.130000+00:00,i kind of felt like she wasnt an asshole  i would want to be involved with my son and his partner and be part of the conversation but i agree the way she handled it wasnt the smoothest,0.666666667,1,0.166666667,6,i kind of felt like she wasn't an asshole.  i would want to be involved with my son and his partner and be part of the conversation. but i agree the way she handled it wasn't the smoothest.,9,38,184,1,1.983421225098943,1.8152499435790925,0.02,0.0,0.0,0.03,0.0,0.03,0.0,0.0,0.0,0.0,0.03,0.02,0.01,0.0,0.0,0.0,0.0,0.01,0.0,0.01,0.03,0.01,0.01,0.01,0.01,0.03,0.01,0.0,0.0,0.0,0.07,0.01,0.0,0.0,0.0,0.0,0.01,0.04,0.02,0.01,0.01,0.07,0.01,0.04,0.03,0.05,0.08,0.04,0.0,0.02,0.0,0.02,0.04,0.21,0.01,0,0,0.7631578947368421,0.10526315789473684,1,0.0,1,0.9,0.6,2.3003263157894738,easy,0.431,0,0,1,0,1,0,0,0,0,0,1,1,0,0,0,0,0,1,0,0,0
82,41,2,5e821b4050f6e364321d5499,2020-04-23 18:44:12.935000+00:00,so are they the asshole,1.0,3,0.5,6,so are they the asshole?,1,5,23,1,-0.8570792809108222,-0.8422031347774607,0.0,0.0,0.0,0.01,0.0,0.0,0.0,0.0,0.01,0.0,0.0,0.0,0.01,0.0,0.0,0.0,0.0,0.0,0.0,0.0,0.0,0.0,0.0,0.01,0.0,0.0,0.0,0.0,0.0,0.0,0.01,0.0,0.0,0.0,0.0,0.0,0.01,0.0,0.0,0.0,0.0,0.01,0.0,0.01,0.01,0.01,0.0,0.0,0.0,0.0,0.0,0.0,0.0,0.04,0.0,1,0,1.0,0.0,0,0.0,0,0.0,0.0,0.248,easy,0.0,0,0,0,0,0,0,0,0,0,0,0,0,0,0,0,0,1,0,0,0,0
82,41,2,5d482ea721c9be351f762f7e,2020-04-23 18:44:19.402000+00:00,hes an asshole if he had no intention of conversing with his mother he should not have visited,1.0,3,0.5,6,he's an asshole. if he had no intention of conversing with his mother he should not have visited.,2,18,94,1,0.4162485321280381,0.41197552722860303,0.019999999999999997,0.0,0.0,0.009999999999999998,0.0,0.009999999999999998,0.0,0.0,0.0,0.0,0.039999999999999994,0.019999999999999997,0.009999999999999998,0.0,0.0,0.0,0.0,0.009999999999999998,0.0,0.0,0.0,0.0,0.0,0.019999999999999997,0.009999999999999998,0.009999999999999998,0.009999999999999998,0.0,0.0,0.0,0.06999999999999999,0.0,0.0,0.0,0.0,0.009999999999999998,0.009999999999999998,0.0,0.0,0.009999999999999998,0.019999999999999997,0.039999999999999994,0.0,0.009999999999999998,0.009999999999999998,0.039999999999999994,0.049999999999999996,0.019999999999999997,0.0,0.0,0.0,0.0,0.0,0.11999999999999998,0.0,0,0,0.9444444444444444,0.0,0,0.0003202049311559398,0,0.0,0.0,0.8927999999999999,easy,6.467,0,0,1,0,0,0,0,0,0,0,0,0,0,0,0,0,0,0,0,0,0
82,41,2,5ea1d46cde5d74641b671c8f,2020-04-23 18:44:24.885000+00:00,no he is not an asshole he could have explained himself to his mother ,1.0,3,0.5,6,"no, he is not an asshole. he could have explained himself to his mother \",3,14,70,1,0.024455358885311848,0.026074400457506513,0.009999999999999998,0.0,0.0,0.0,0.0,0.0,0.0,0.0,0.0,0.0,0.039999999999999994,0.019999999999999997,0.009999999999999998,0.0,0.0,0.0,0.0,0.009999999999999998,0.0,0.0,0.0,0.009999999999999998,0.0,0.019999999999999997,0.0,0.009999999999999998,0.0,0.0,0.0,0.0,0.06,0.0,0.0,0.0,0.0,0.0,0.009999999999999998,0.0,0.0,0.0,0.009999999999999998,0.039999999999999994,0.0,0.009999999999999998,0.009999999999999998,0.03,0.03,0.009999999999999998,0.0,0.0,0.0,0.0,0.0,0.09999999999999999,0.0,0,0,0.9285714285714286,0.0,7,0.0011698226032035184,0,0.0,0.0,0.6944,easy,5.483,0,0,0,0,0,0,0,0,0,0,0,0,0,0,0,0,0,0,0,0,0
82,41,2,5d482eab21c9be351f763f3a,2020-04-23 18:44:28.643000+00:00,im really not sure how i feel in this situation  i think both sides have valid points however i think that making your partner comfortable is important,1.0,3,0.5,6,"i'm really not sure how i feel in this situation.  i think both sides have valid points, however i think that making your partner comfortable is important?",4,27,151,1,1.0039382919921274,0.9908272173852478,0.0,0.0,0.0,0.02,0.01,0.01,0.0,0.01,0.030000000000000002,0.0,0.0,0.01,0.0,0.0,0.0,0.0,0.0,0.0,0.0,0.01,0.030000000000000002,0.030000000000000002,0.01,0.05,0.0,0.0,0.030000000000000002,0.0,0.0,0.0,0.02,0.02,0.0,0.0,0.0,0.02,0.0,0.030000000000000002,0.01,0.0,0.02,0.05,0.01,0.0,0.01,0.02,0.09,0.01,0.0,0.01,0.01,0.02,0.030000000000000002,0.12000000000000001,0.0,1,0,0.8888888888888888,0.1111111111111111,3,0.0,0,0.8962962962962964,0.18333333333333335,1.3392,easy,3.758,0,0,1,0,1,1,0,0,0,0,1,1,1,0,0,0,0,1,0,0,0
82,41,2,5ea0dcce9dc0406f8988bbd8,2020-04-23 18:44:37.770000+00:00,obviously very similar to the first scenario  i feel he is being an asshole by not including his mother  ,1.0,3,0.5,6,obviously very similar to the first scenario.  i feel he is being an asshole by not including his mother.  ,5,19,105,1,0.4162485321280381,0.41197552722860303,0.0,0.0,0.0,0.0,0.010000000000000002,0.010000000000000002,0.0,0.010000000000000002,0.010000000000000002,0.0,0.020000000000000004,0.010000000000000002,0.010000000000000002,0.0,0.0,0.0,0.0,0.010000000000000002,0.0,0.0,0.0,0.010000000000000002,0.0,0.020000000000000004,0.0,0.0,0.010000000000000002,0.0,0.0,0.0,0.03,0.0,0.0,0.0,0.0,0.0,0.010000000000000002,0.010000000000000002,0.010000000000000002,0.0,0.010000000000000002,0.03,0.0,0.020000000000000004,0.0,0.020000000000000004,0.04000000000000001,0.020000000000000004,0.0,0.010000000000000002,0.0,0.0,0.010000000000000002,0.11,0.0,0,0,1.0,0.05263157894736842,2,0.001762900157877614,0,0.42666666666666664,0.125,0.9424,easy,9.127,0,0,1,0,1,0,0,0,0,0,1,0,0,0,0,0,0,0,0,0,0
82,41,2,5d482ea621c9be351f762a2a,2020-04-23 18:44:43.869000+00:00,this is more difficult to decide from the point of view of the person who is just stuck in the middle and trying to please everyone  i would be inclined to say that hes not an asshole hes just in a difficult situation,1.0,3,0.5,6,"this is more difficult to decide from the point of view of the person who is just stuck in the middle and trying to please everyone.  i would be inclined to say that he's not an asshole, he's just in a difficult situation.",6,43,217,1,2.7670075715843954,2.7273822878551823,0.01,0.01,0.0,0.01,0.0,0.01,0.0,0.01,0.02,0.0,0.02,0.01,0.01,0.0,0.0,0.01,0.0,0.0,0.02,0.01,0.01,0.01,0.01,0.04,0.01,0.01,0.04,0.0,0.0,0.0,0.060000000000000005,0.04,0.0,0.0,0.0,0.0,0.01,0.01,0.0,0.0,0.030000000000000002,0.06999999999999999,0.0,0.05,0.030000000000000002,0.060000000000000005,0.060000000000000005,0.08,0.0,0.02,0.0,0.01,0.01,0.25,0.0,0,0,0.7674418604651163,0.023255813953488372,10,0.0004753880472329106,0,0.625,-0.125,2.1328,easy,6.099,1,0,0,0,0,1,0,0,0,0,1,0,0,0,0,0,0,0,1,0,0
82,41,2,5ea1d46cde5d74641b671c8f,2020-04-23 18:44:48.161000+00:00,he should however include her because they are in her house ,1.0,3,0.5,6,he should however include her because they are in her house ,7,11,60,1,-0.2693895210467328,-0.2633514446208159,0.01,0.0,0.01,0.02,0.0,0.01,0.0,0.0,0.01,0.0,0.03,0.0,0.0,0.0,0.0,0.0,0.0,0.0,0.0,0.0,0.0,0.0,0.0,0.01,0.01,0.0,0.01,0.0,0.0,0.0,0.04,0.0,0.0,0.0,0.0,0.01,0.0,0.0,0.0,0.0,0.0,0.02,0.0,0.0,0.01,0.02,0.03,0.01,0.0,0.0,0.0,0.0,0.0,0.08,0.0,0,0,0.9090909090909091,0.0,1,0.0,0,0.0,0.0,0.5456,easy,4.292,0,0,1,0,0,0,0,0,0,0,0,0,0,0,0,0,0,0,0,0,0
82,41,2,5d482eab21c9be351f763f3a,2020-04-23 18:44:50.943000+00:00,also it wasnt mentioned that he wasnt talking to her at all ,1.0,3,0.5,6,"also, it wasn't mentioned that he wasn't talking to her at all. ",8,12,60,1,-0.17144122773605125,-0.16687616292804175,0.0,0.0,0.0,0.01,0.01,0.0,0.0,0.0,0.01,0.0,0.02,0.02,0.0,0.0,0.0,0.0,0.0,0.0,0.0,0.0,0.0,0.0,0.0,0.0,0.0,0.02,0.01,0.0,0.0,0.0,0.04,0.02,0.0,0.0,0.0,0.0,0.0,0.0,0.0,0.0,0.0,0.02,0.0,0.0,0.0,0.02,0.01,0.02,0.0,0.0,0.0,0.0,0.0,0.06999999999999999,0.0,0,0,0.9166666666666666,0.0,2,0.0,0,0.0,0.0,0.5952,easy,2.782,0,0,0,0,0,0,0,0,0,0,0,0,0,0,0,0,0,0,0,0,0
82,41,2,5d482ea721c9be351f762f7e,2020-04-23 18:45:03.713000+00:00,of course the partner should be comfortable but he has to make accomodations if he is going to visit the mother,1.0,3,0.5,6,"of course the partner should be comfortable, but he has to make accomodations if he is going to visit the mother.",9,21,111,1,0.7100934120600827,0.7014013723069255,0.02,0.0,0.0,0.02,0.0,0.0,0.0,0.0,0.0,0.0,0.02,0.0,0.0,0.0,0.0,0.0,0.0,0.01,0.0,0.0,0.01,0.0,0.01,0.030000000000000006,0.01,0.0,0.02,0.0,0.0,0.0,0.05,0.0,0.0,0.01,0.0,0.01,0.0,0.0,0.0,0.01,0.02,0.05,0.01,0.02,0.01,0.04,0.04,0.030000000000000006,0.0,0.0,0.0,0.01,0.0,0.13,0.0,0,0,0.8571428571428571,0.0,4,0.0,0,0.8,0.4,1.793504761904762,easy,12.77,0,0,1,0,0,0,0,0,0,0,0,0,0,0,0,0,0,1,0,0,0
82,41,2,5e821b4050f6e364321d5499,2020-04-23 18:45:13.597000+00:00,i think making your partner comfortable is important but in this scenario i think the poster is the asshole,1.0,3,0.5,6,"i think making your partner comfortable is important but in this scenario, i think the poster is the asshole.",10,19,107,1,0.31830023881735653,0.3155002455358289,0.0,0.0,0.0,0.01,0.0,0.0,0.0,0.01,0.0,0.0,0.0,0.0,0.01,0.0,0.0,0.0,0.0,0.0,0.0,0.0,0.02,0.02,0.01,0.04,0.0,0.0,0.01,0.0,0.0,0.0,0.02,0.01,0.0,0.0,0.0,0.01,0.01,0.02,0.0,0.0,0.01,0.04,0.01,0.02,0.01,0.02,0.04,0.01,0.0,0.0,0.01,0.02,0.02,0.1,0.0,0,0,0.7894736842105263,0.10526315789473684,5,0.006862479084701308,0,0.9,0.4,0.9424,easy,9.884,0,0,1,0,1,0,0,0,0,0,1,1,1,0,0,0,0,1,0,0,0
83,42,0,5d482ea821c9be351f7631f3,2020-04-23 18:20:13.826000+00:00,speaking a language does not make you an asshole,0.6,1,0.2,5,speaking a language does not make you an asshole,1,9,48,1,-0.4652861076680959,-0.5979901159475379,0.0,0.009999999999999998,0.0,0.0,0.0,0.0,0.0,0.0,0.0,0.0,0.0,0.009999999999999998,0.009999999999999998,0.0,0.0,0.0,0.0,0.0,0.0,0.0,0.0,0.0,0.0,0.019999999999999997,0.0,0.0,0.0,0.0,0.0,0.0,0.03,0.0,0.0,0.0,0.0,0.009999999999999998,0.009999999999999998,0.0,0.0,0.0,0.009999999999999998,0.019999999999999997,0.0,0.019999999999999997,0.0,0.009999999999999998,0.019999999999999997,0.0,0.0,0.009999999999999998,0.009999999999999998,0.009999999999999998,0.0,0.05,0.0,0,0,1.0,0.0,0,0.0,0,0.0,0.0,0.44639999999999996,easy,0.0,0,0,0,0,0,0,0,0,0,0,0,0,1,0,0,0,0,0,0,0,0
83,42,0,5d482ea621c9be351f762aa4,2020-04-23 18:20:14.170000+00:00,i have a lot of friends who have family and spouses that speak different languages i think its a tricky thing  but its important for everyone to be patient when another language is being spoken i dont think the woman is an asshole,0.6,1,0.2,5,"i have a lot of friends who have family and spouses that speak different languages. i think its a tricky thing,  but its important for everyone to be patient when another language is being spoken i don't think the woman is an asshole",2,43,230,1,2.5711109849630325,2.259599015200973,0.0,0.02,0.01,0.029999999999999995,0.0,0.01,0.0,0.01,0.01,0.0,0.0,0.01,0.01,0.0,0.0,0.0,0.0,0.02,0.0,0.01,0.02,0.02,0.01,0.06999999999999999,0.0,0.01,0.01,0.0,0.0,0.0,0.09999999999999999,0.05999999999999999,0.0,0.0,0.0,0.0,0.02,0.029999999999999995,0.0,0.01,0.01,0.09999999999999999,0.01,0.04,0.02,0.06999999999999999,0.049999999999999996,0.029999999999999995,0.0,0.02,0.0,0.04,0.029999999999999995,0.22999999999999998,0.0,0,0,0.8372093023255814,0.06976744186046512,3,0.0015382317277454647,0,0.8,0.2,2.1328,easy,0.344,0,0,1,0,1,0,0,0,0,0,1,1,0,0,0,0,0,1,1,0,0
83,42,0,5d482ea721c9be351f762dda,2020-04-23 18:20:30.059000+00:00,i dont think either of them is the asshole i think that should be an option the mother hasnt seen her daughter and wants to interact with her she doesnt know german the daughter wants to make her significant other comfortable ,0.6,1,0.2,5,i don't think either of them is the asshole. i think that should be an option. the mother hasn't seen her daughter and wants to interact with her. she doesn't know german. the daughter wants to make her significant other comfortable. ,3,41,226,1,2.473162691652351,2.1674187206477953,0.029999999999999995,0.0,0.0,0.009999999999999998,0.0,0.019999999999999997,0.0,0.0,0.0,0.0,0.039999999999999994,0.029999999999999995,0.009999999999999998,0.0,0.0,0.009999999999999998,0.0,0.029999999999999995,0.0,0.019999999999999997,0.009999999999999998,0.029999999999999995,0.0,0.09999999999999999,0.009999999999999998,0.009999999999999998,0.0,0.0,0.0,0.0,0.09,0.019999999999999997,0.0,0.0,0.0,0.009999999999999998,0.009999999999999998,0.019999999999999997,0.0,0.009999999999999998,0.009999999999999998,0.12999999999999998,0.0,0.039999999999999994,0.009999999999999998,0.05999999999999999,0.10999999999999999,0.039999999999999994,0.0,0.009999999999999998,0.0,0.019999999999999997,0.019999999999999997,0.21,0.0,0,0,0.7804878048780488,0.04878048780487805,12,0.0013274352748081394,0,0.375,0.17500000000000002,2.418721951219512,easy,15.889,0,0,1,0,1,0,0,0,0,0,1,1,0,0,0,0,0,1,0,0,0
83,42,0,5d482ea821c9be351f7631f3,2020-04-23 18:20:33.852000+00:00,the mother is an asshole for not understanding,0.6,1,0.2,5,the mother is an asshole for not understanding,4,8,46,1,-0.5632344009787775,-0.6901704105007157,0.0,0.0,0.0,0.0,0.0,0.0,0.0,0.0,0.0,0.0,0.0,0.01,0.01,0.0,0.0,0.0,0.0,0.01,0.0,0.0,0.0,0.01,0.0,0.01,0.0,0.0,0.0,0.0,0.0,0.0,0.01,0.0,0.0,0.0,0.0,0.0,0.01,0.0,0.0,0.0,0.01,0.01,0.0,0.02,0.0,0.01,0.02,0.01,0.0,0.0,0.0,0.0,0.0,0.05,0.0,0,0,1.0,0.0,3,0.0011698226032035184,0,0.0,0.0,6.00705,difficult,3.793,0,0,0,0,0,0,0,0,0,0,0,0,0,0,0,0,0,0,0,0,0
83,42,0,5d482ea621c9be351f762bd2,2020-04-23 18:20:44.248000+00:00,i think they should have spoken in english they went to meet their mother only for the weekend ,0.6,1,0.2,5,i think they should have spoken in english. they went to meet their mother only for the weekend. ,5,18,95,1,0.31830023881735653,0.13945224047788432,0.009999999999999998,0.009999999999999998,0.0,0.0,0.0,0.0,0.0,0.0,0.009999999999999998,0.0,0.0,0.0,0.0,0.0,0.0,0.0,0.0,0.009999999999999998,0.0,0.0,0.0,0.009999999999999998,0.0,0.019999999999999997,0.009999999999999998,0.019999999999999997,0.03,0.0,0.0,0.0,0.06,0.0,0.0,0.0,0.0,0.0,0.0,0.009999999999999998,0.0,0.0,0.0,0.049999999999999996,0.0,0.009999999999999998,0.0,0.019999999999999997,0.019999999999999997,0.03,0.0,0.009999999999999998,0.0,0.0,0.009999999999999998,0.11,0.0,0,0,0.9444444444444444,0.05555555555555555,2,0.0008496176720475786,0,0.5,0.0,0.8927999999999999,easy,10.396,0,0,1,0,1,0,0,0,0,0,0,1,0,0,0,0,0,0,0,0,0
83,42,0,5d482ea821c9be351f7631f3,2020-04-23 18:21:19.287000+00:00,the mother should learn german while the husband should learn english,0.6,1,0.2,5,the mother should learn german; while the husband should learn english.,6,11,69,1,-0.2693895210467328,-0.41362952684118237,0.02,0.0,0.0,0.01,0.0,0.0,0.0,0.0,0.0,0.0,0.0,0.0,0.0,0.0,0.0,0.0,0.0,0.02,0.0,0.0,0.0,0.02,0.0,0.0,0.02,0.0,0.01,0.0,0.0,0.0,0.02,0.0,0.0,0.02,0.0,0.0,0.0,0.0,0.0,0.0,0.0,0.02,0.0,0.02,0.0,0.02,0.04,0.0,0.0,0.0,0.0,0.0,0.0,0.049999999999999996,0.0,0,0,0.7272727272727273,0.0,4,0.0014657606172108566,0,0.0,0.0,0.5456,easy,35.039,0,0,1,0,0,0,0,0,0,0,0,0,0,0,0,0,0,0,0,0,0
83,42,0,5d482ea721c9be351f762ca3,2020-04-23 18:21:24.586000+00:00,i dont belive that the woman is an asshole at all  the woman is communicating with her husband and they should be the priority to one another  the mother is being a little unreasonable and should be more understanding of others ,0.6,1,0.2,5,i dont belive that the woman is an asshole at all.  the woman is communicating with her husband and they should be the priority to one another.  the mother is being a little unreasonable and should be more understanding of others. ,7,41,228,1,2.5711109849630325,2.259599015200973,0.019999999999999997,0.0,0.0,0.019999999999999997,0.009999999999999998,0.029999999999999995,0.0,0.0,0.0,0.0,0.009999999999999998,0.009999999999999998,0.009999999999999998,0.0,0.0,0.0,0.0,0.019999999999999997,0.0,0.009999999999999998,0.0,0.009999999999999998,0.019999999999999997,0.039999999999999994,0.019999999999999997,0.0,0.019999999999999997,0.0,0.0,0.0,0.06999999999999999,0.019999999999999997,0.0,0.0,0.0,0.0,0.009999999999999998,0.009999999999999998,0.0,0.0,0.0,0.08999999999999998,0.0,0.05999999999999999,0.019999999999999997,0.08999999999999998,0.06999999999999999,0.039999999999999994,0.0,0.0,0.0,0.009999999999999998,0.009999999999999998,0.25999999999999995,0.009999999999999998,0,0,0.7804878048780488,0.024390243902439025,6,0.0015774197098932846,1,0.5,0.15625,6.825465853658536,difficult,5.299,0,0,1,0,0,0,0,0,0,0,0,1,0,0,0,0,0,0,1,0,0
83,42,0,5d482ea621c9be351f762aa4,2020-04-23 18:21:30.795000+00:00,i think the husband probably felt really shy and out of place so it might be nice for the mom to learn some basic german,0.6,1,0.2,5,"i think the husband probably felt really shy and out of place, so it might be nice for the mom to learn some basic german",8,25,120,1,1.0039382919921274,0.7847143023501288,0.0,0.0,0.0,0.02,0.0,0.02,0.0,0.0,0.03,0.01,0.0,0.0,0.0,0.0,0.0,0.0,0.0,0.02,0.01,0.01,0.01,0.03,0.0,0.01,0.01,0.01,0.02,0.0,0.0,0.0,0.02,0.01,0.0,0.01,0.0,0.0,0.0,0.01,0.01,0.03,0.01,0.04,0.0,0.02,0.03,0.02,0.09,0.04,0.0,0.01,0.0,0.01,0.01,0.12,0.01,0,0,0.96,0.04,6,0.0008829851539226769,1,0.40625,0.024999999999999994,1.24,easy,6.209,0,0,1,0,1,1,0,0,0,0,0,1,0,0,0,0,0,1,0,0,0
83,42,0,5d482ea721c9be351f762dda,2020-04-23 18:21:33.344000+00:00,i suppose it doesnt say specifically if the op is a male or female ,0.6,1,0.2,5,i suppose it doesn't say specifically if the op is a male or female. ,9,14,67,1,-0.07349293442536971,-0.2292689377348268,0.01,0.01,0.0,0.02,0.0,0.0,0.0,0.0,0.0,0.0,0.0,0.01,0.0,0.0,0.0,0.0,0.0,0.0,0.0,0.0,0.0,0.0,0.02,0.03,0.0,0.0,0.0,0.0,0.0,0.0,0.03,0.01,0.0,0.0,0.0,0.0,0.0,0.01,0.0,0.03,0.02,0.03,0.0,0.02,0.0,0.02,0.03,0.0,0.0,0.01,0.0,0.01,0.01,0.07,0.0,0,0,1.0,0.07142857142857142,2,0.00015518311607697082,0,0.13333333333333333,0.0,0.6944,easy,2.549,0,0,1,0,1,0,0,0,0,0,0,1,0,0,0,0,0,0,0,0,0
83,42,0,5d482ea621c9be351f762bd2,2020-04-23 18:21:36.976000+00:00,mother is too old to learn german now,0.6,1,0.2,5,mother is too old to learn german now.,10,8,37,1,-0.5632344009787775,-0.6901704105007157,0.0,0.0,0.0,0.0,0.0,0.0,0.0,0.0,0.02,0.0,0.0,0.0,0.0,0.0,0.0,0.0,0.0,0.01,0.0,0.0,0.0,0.01,0.0,0.01,0.0,0.0,0.02,0.0,0.0,0.0,0.01,0.0,0.0,0.01,0.0,0.0,0.0,0.0,0.0,0.0,0.0,0.01,0.0,0.0,0.0,0.01,0.01,0.01,0.0,0.0,0.0,0.0,0.0,0.04,0.0,0,0,1.0,0.0,1,0.0,0,0.1,0.05,0.3968,easy,3.632,0,0,0,0,0,0,0,0,0,0,0,0,0,0,0,0,0,0,0,0,0
84,42,2,5d482ea621c9be351f762aa4,2020-04-23 18:49:40.232000+00:00,i dont think the mother was the asshole i think that she expressed her feelings and concern of being left out,0.833333333,1,0.166666667,6,"i don't think the mother was the asshole, i think that she expressed her feelings and concern of being left out",1,21,109,1,0.5141968254387196,0.9867968865701017,0.0,0.0,0.0,0.010000000000000002,0.0,0.020000000000000004,0.0,0.0,0.0,0.0,0.020000000000000004,0.010000000000000002,0.010000000000000002,0.0,0.0,0.0,0.0,0.010000000000000002,0.0,0.0,0.0,0.030000000000000002,0.0,0.030000000000000002,0.0,0.010000000000000002,0.020000000000000004,0.0,0.0,0.0,0.04000000000000001,0.010000000000000002,0.0,0.0,0.0,0.0,0.010000000000000002,0.020000000000000004,0.010000000000000002,0.0,0.0,0.05000000000000001,0.0,0.020000000000000004,0.010000000000000002,0.030000000000000002,0.05000000000000001,0.020000000000000004,0.0,0.010000000000000002,0.0,0.0,0.020000000000000004,0.12000000000000001,0.0,0,0,0.8571428571428571,0.09523809523809523,0,0.0,0,0.0,0.0,1.0415999999999999,easy,0.0,0,0,1,0,1,0,0,0,0,0,1,1,0,0,0,0,0,0,1,0,0
84,42,2,5d482ea821c9be351f7631f3,2020-04-23 18:49:48.382000+00:00,she is slightly an asshole for implacing judgement onto others,0.833333333,1,0.166666667,6,she is slightly an asshole for implacing judgement onto others,2,10,62,1,-0.36733781435741436,-0.0675888278472672,0.0,0.0,0.0,0.0,0.0,0.0,0.0,0.0,0.0,0.0,0.01,0.0,0.01,0.0,0.0,0.0,0.0,0.0,0.0,0.0,0.0,0.0,0.0,0.01,0.0,0.0,0.01,0.0,0.0,0.0,0.01,0.01,0.0,0.0,0.0,0.0,0.01,0.0,0.0,0.0,0.0,0.01,0.0,0.01,0.0,0.01,0.0,0.02,0.0,0.0,0.0,0.0,0.0,0.04,0.0,0,0,1.0,0.0,1,0.0003202049311559398,0,0.16666666666666666,-0.16666666666666666,0.496,easy,8.15,0,0,0,0,0,0,0,0,0,0,0,0,0,0,0,0,0,0,0,0,0
84,42,2,5d482ea621c9be351f762bd2,2020-04-23 18:49:50.107000+00:00,i think the son is doing wrong,0.833333333,1,0.166666667,6,i think the son is doing wrong,3,7,30,1,-0.7591309876001406,-0.5362047009216534,0.0,0.0,0.0,0.0,0.0,0.0,0.0,0.0,0.0,0.0,0.0,0.0,0.0,0.0,0.0,0.0,0.0,0.01,0.01,0.0,0.0,0.01,0.0,0.02,0.0,0.0,0.0,0.0,0.0,0.0,0.01,0.0,0.0,0.0,0.0,0.0,0.0,0.01,0.0,0.0,0.0,0.03,0.0,0.01,0.0,0.02,0.01,0.0,0.0,0.0,0.0,0.0,0.01,0.04,0.0,0,0,1.0,0.14285714285714285,1,0.0,0,0.9,-0.5,0.3472,easy,1.725,0,0,1,0,1,0,0,0,0,0,0,1,0,0,0,0,0,0,1,0,0
84,42,2,5d482ea721c9be351f762dda,2020-04-23 18:50:08.390000+00:00,this one seems really similar to round 1 but in round 1 i voted the opposite way i think the mother is the asshole here she isnt the asshole because she feels left out but the way she brought it up was kind of mean ,0.833333333,1,0.166666667,6,this one seems really similar to round 1 but in round 1 i voted the opposite way. i think the mother is the asshole here. she isn't the asshole because she feels left out but the way she brought it up was kind of mean. ,4,45,215,1,2.864955864895077,3.7984921250164185,0.0,0.0,0.0,0.03,0.0,0.01,0.0,0.0,0.02,0.0,0.03,0.01,0.02,0.0,0.0,0.02,0.0,0.01,0.0,0.0,0.01,0.04,0.0,0.06,0.0,0.02,0.06999999999999999,0.0,0.01,0.0,0.04,0.02,0.0,0.0,0.0,0.01,0.02,0.02,0.03,0.02,0.03,0.08,0.0,0.049999999999999996,0.04,0.03,0.11,0.049999999999999996,0.0,0.03,0.0,0.0,0.02,0.22999999999999998,0.01,0,0,0.7333333333333333,0.044444444444444446,6,0.0006587982879030706,1,0.39821428571428574,-0.016071428571428577,2.2319999999999998,easy,18.283,0,0,1,0,1,1,0,0,0,0,1,1,0,0,0,0,0,0,0,0,0
84,42,2,5d482ea621c9be351f762bd2,2020-04-23 18:50:13.709000+00:00,she politely told them to talk in english,0.833333333,1,0.166666667,6,she politely told them to talk in english,5,8,41,1,-0.5632344009787775,-0.3018967643844603,0.0,0.0,0.0,0.0,0.0,0.0,0.0,0.0,0.0,0.0,0.01,0.0,0.0,0.0,0.0,0.0,0.0,0.0,0.0,0.0,0.0,0.0,0.0,0.0,0.0,0.01,0.01,0.0,0.0,0.0,0.04,0.0,0.0,0.0,0.0,0.0,0.0,0.0,0.0,0.0,0.0,0.01,0.0,0.0,0.0,0.0,0.0,0.02,0.0,0.0,0.0,0.0,0.0,0.04,0.0,0,0,1.0,0.0,3,0.0,0,0.0,0.0,0.3968,easy,5.319,0,0,0,0,0,0,0,0,0,0,0,0,0,0,0,0,0,0,0,0,0
84,42,2,5d482ea721c9be351f762ca3,2020-04-23 18:50:15.283000+00:00,i dont believe mom is being an asshole here she wants to be involved and she is interested in them  she wants to feel included and there is nothing wrong with that,0.833333333,1,0.166666667,6,"i dont believe mom is being an asshole here, she wants to be involved and she is interested in them.  she wants to feel included and there is nothing wrong with that.",6,32,163,1,1.6895763451668984,2.3926445057932604,0.02,0.0,0.0,0.02,0.0,0.04,0.0,0.0,0.02,0.0,0.03,0.02,0.01,0.0,0.0,0.0,0.0,0.01,0.01,0.0,0.01,0.02,0.0,0.08,0.0,0.0,0.01,0.0,0.0,0.0,0.06,0.01,0.0,0.0,0.0,0.0,0.01,0.01,0.01,0.0,0.0,0.09999999999999999,0.0,0.01,0.02,0.06,0.08,0.04,0.0,0.01,0.0,0.0,0.01,0.19999999999999998,0.0,0,0,0.78125,0.03125,7,0.0,0,0.4,0.037500000000000006,1.5872,easy,1.574,0,0,1,0,0,0,0,0,0,0,0,1,0,0,0,0,0,0,1,0,0
84,42,2,5d482ea621c9be351f762bca,2020-04-23 18:50:20.042000+00:00,overall i believe it is alright for the parents to ask for help once in a whilei ,0.833333333,1,0.166666667,6,overall i believe it is alright for the parents to ask for help once in a while.i ,7,17,81,1,0.1224036521959934,0.5181810134957155,0.0,0.0,0.0,0.0,0.0,0.0,0.0,0.0,0.0,0.0,0.0,0.0,0.0,0.0,0.0,0.0,0.0,0.01,0.0,0.0,0.01,0.01,0.0,0.03,0.0,0.0,0.02,0.0,0.0,0.0,0.03,0.01,0.0,0.0,0.0,0.0,0.0,0.01,0.0,0.01,0.0,0.03,0.0,0.02,0.0,0.01,0.02,0.04,0.0,0.0,0.0,0.01,0.01,0.1,0.0,0,0,0.9411764705882353,0.11764705882352941,3,0.004742339079379723,0,0.0,0.0,0.8432,easy,4.759,0,0,0,0,0,0,0,0,0,0,1,0,0,0,0,0,0,0,0,0,0
84,42,2,5d482ea821c9be351f7631f3,2020-04-23 18:50:24.067000+00:00,i am honestly 5050,0.833333333,1,0.166666667,6,i am honestly 50/50.,8,4,18,1,-1.0529758675321852,-0.887666605727443,0.0,0.0,0.0,0.0,0.0,0.0,0.0,0.0,0.0,0.0,0.0,0.0,0.0,0.0,0.0,0.0,0.0,0.0,0.0,0.0,0.009999999999999998,0.0,0.0,0.009999999999999998,0.0,0.0,0.0,0.0,0.0,0.0,0.0,0.0,0.0,0.0,0.0,0.0,0.0,0.009999999999999998,0.0,0.0,0.0,0.009999999999999998,0.0,0.0,0.0,0.009999999999999998,0.0,0.0,0.0,0.0,0.0,0.0,0.009999999999999998,0.019999999999999997,0.0,0,0,1.0,0.25,0,0.00015518311607697082,0,0.9,0.6,0.1984,easy,4.025,0,0,0,0,0,1,0,0,0,0,0,1,0,0,0,0,0,0,0,0,0
84,42,2,5d482ea721c9be351f762dda,2020-04-23 18:50:31.902000+00:00,telling your son and his partner that theyre being disrespectful isnt polite ,0.833333333,1,0.166666667,6,telling your son and his partner that they're being disrespectful isn't polite. ,9,12,77,1,-0.17144122773605125,0.16671910868992587,0.0,0.0,0.0,0.01,0.0,0.01,0.0,0.0,0.0,0.0,0.01,0.01,0.0,0.0,0.0,0.0,0.0,0.01,0.0,0.0,0.0,0.0,0.01,0.02,0.0,0.0,0.0,0.0,0.0,0.0,0.06,0.01,0.0,0.0,0.0,0.0,0.0,0.0,0.0,0.0,0.0,0.03,0.01,0.0,0.01,0.03,0.01,0.0,0.0,0.0,0.01,0.01,0.0,0.049999999999999996,0.0,0,0,1.0,0.0,0,0.0,0,0.0,0.0,0.5952,easy,7.835,0,0,0,0,0,0,0,0,0,0,0,0,1,0,0,0,0,1,1,0,0
84,42,2,5d482ea621c9be351f762bd2,2020-04-23 18:50:36.687000+00:00,i also favor mom,0.833333333,1,0.166666667,6,i also favor mom,10,4,16,1,-1.0529758675321852,-0.887666605727443,0.0,0.0,0.0,0.01,0.0,0.0,0.0,0.0,0.01,0.0,0.0,0.0,0.0,0.0,0.0,0.0,0.0,0.01,0.0,0.0,0.01,0.0,0.0,0.0,0.0,0.0,0.0,0.0,0.0,0.0,0.01,0.0,0.0,0.0,0.0,0.0,0.0,0.01,0.0,0.0,0.0,0.0,0.0,0.0,0.0,0.0,0.0,0.0,0.0,0.0,0.0,0.01,0.01,0.01,0.0,0,0,1.0,0.25,0,0.0,0,0.0,0.0,0.1984,easy,4.785,0,0,0,0,0,0,0,0,0,0,0,1,0,0,0,0,0,1,0,0,0
84,42,2,5d482ea621c9be351f762bca,2020-04-23 18:50:38.996000+00:00,the boys can talk french in the bedroom,0.833333333,1,0.166666667,6,the boys can talk french in the bedroom,11,8,39,1,-0.5632344009787775,-0.3018967643844603,0.0,0.0,0.01,0.0,0.0,0.0,0.0,0.0,0.0,0.0,0.0,0.0,0.0,0.0,0.0,0.0,0.0,0.0,0.0,0.0,0.0,0.0,0.01,0.01,0.0,0.0,0.01,0.0,0.0,0.0,0.02,0.0,0.0,0.0,0.0,0.0,0.0,0.0,0.0,0.0,0.0,0.01,0.0,0.02,0.0,0.01,0.0,0.01,0.0,0.0,0.0,0.0,0.0,0.04,0.0,0,0,0.875,0.0,0,0.0,0,0.0,0.0,0.3968,easy,2.309,0,0,0,0,0,0,0,0,0,0,0,0,0,0,0,0,0,0,0,0,0
84,42,2,5d482ea821c9be351f7631f3,2020-04-23 18:50:53.768000+00:00,i agree sprygiraffe she should be able to communicate with son,0.833333333,1,0.166666667,6,i agree sprygiraffe she should be able to communicate with son,12,11,62,1,-0.36733781435741436,-0.0675888278472672,0.01,0.0,0.0,0.0,0.0,0.01,0.0,0.01,0.0,0.0,0.01,0.0,0.0,0.0,0.0,0.0,0.0,0.01,0.0,0.0,0.01,0.0,0.0,0.0,0.01,0.0,0.0,0.0,0.0,0.0,0.03,0.0,0.0,0.0,0.0,0.0,0.0,0.01,0.0,0.0,0.0,0.02,0.0,0.0,0.0,0.02,0.02,0.02,0.0,0.0,0.0,0.0,0.01,0.06,0.0,0,0,1.0,0.09090909090909091,0,0.0,0,0.625,0.5,5.617554545454546,medium,14.772,0,0,1,0,0,0,0,0,0,0,0,1,0,0,0,0,0,0,0,0,0
84,42,2,5d482ea621c9be351f762bca,2020-04-23 18:50:57.076000+00:00,mom is always rightjk,0.833333333,1,0.166666667,6,mom is always right...jk,13,4,21,1,-0.9550275742215037,-0.7705126374588465,0.0,0.0,0.0,0.0,0.009999999999999998,0.0,0.0,0.0,0.0,0.0,0.0,0.0,0.0,0.0,0.0,0.0,0.0,0.009999999999999998,0.0,0.0,0.0,0.0,0.0,0.009999999999999998,0.0,0.0,0.009999999999999998,0.0,0.0,0.0,0.009999999999999998,0.0,0.0,0.0,0.0,0.0,0.0,0.0,0.0,0.0,0.0,0.009999999999999998,0.0,0.0,0.0,0.009999999999999998,0.009999999999999998,0.0,0.0,0.0,0.0,0.0,0.0,0.009999999999999998,0.0,0,0,1.0,0.0,0,0.0,0,0.0,0.0,0.1984,easy,3.308,0,0,0,0,0,0,0,0,0,0,0,0,0,0,0,0,0,0,0,0,0
85,43,0,5ea1d700de5d74641b671ed0,2020-04-23 18:25:54.457000+00:00,i think he is not an asshole no way think about it from his shoe it would get really annoying plus he was polite about it and he gave her the resources to do it like duolingo  my last sentence he also helped her for a while and he gave her lots of time to learn english and also was giving her support to learn english,0.833333333,1,0.166666667,6,"i think he is not an asshole. no way. think about it from his shoe, it would get really annoying. plus he was polite about it and he gave her the resources to do it like duolingo.  (my last sentence) he also helped her for a while, and he gave her lots of time to learn english and also was giving her support to learn english.",1,66,318,1,4.92187002441939,2.678802484327926,0.01,0.0,0.0,0.06999999999999999,0.0,0.04,0.01,0.0,0.05,0.0,0.1,0.02,0.01,0.0,0.0,0.0,0.01,0.0,0.0,0.01,0.03,0.04,0.0,0.06,0.01,0.05,0.04,0.0,0.0,0.0,0.13,0.04,0.0,0.03,0.0,0.0,0.02,0.02,0.0,0.01,0.02,0.12,0.0,0.03,0.05,0.05,0.12,0.09000000000000001,0.0,0.0,0.0,0.05,0.02,0.37000000000000005,0.0,0,0,0.6818181818181818,0.030303030303030304,0,0.0,0,0.24166666666666667,-0.2,3.2736,easy,0.0,0,0,1,0,1,1,0,0,0,0,1,1,0,0,0,0,0,1,1,0,0
85,43,0,5d482ea621c9be351f76281b,2020-04-23 18:27:35.663000+00:00,i dont think hes the asshole either he has been helpful and i can see how it would get obnoxious ,0.833333333,1,0.166666667,6,"i don't think he's the asshole either, he has been helpful, and i can see how it would get obnoxious. ",2,20,97,1,0.4162485321280381,0.012878858097730367,0.01,0.0,0.0,0.02,0.0,0.01,0.0,0.0,0.01,0.0,0.02,0.01,0.01,0.0,0.0,0.01,0.0,0.0,0.0,0.01,0.01,0.01,0.0,0.06999999999999999,0.01,0.01,0.0,0.0,0.0,0.0,0.03,0.01,0.0,0.0,0.0,0.01,0.02,0.02,0.0,0.0,0.01,0.09,0.0,0.01,0.01,0.06,0.049999999999999996,0.0,0.0,0.01,0.0,0.01,0.02,0.09999999999999999,0.0,0,0,0.95,0.1,6,0.0009790032190590103,0,0.0,0.0,0.992,easy,101.206,0,0,1,0,1,0,0,0,0,0,1,1,0,0,0,0,0,1,1,0,0
85,43,0,5d482ea721c9be351f762c1d,2020-04-23 18:27:49.779000+00:00,i am torn because he says he was polite to his motherinlaw yet is not polite at all in what he writes  familes ask ech other to do things for each other  that can get annoying but families annoy each other all the time,0.833333333,1,0.166666667,6,i am torn because he says he was polite to his mother-in-law yet is not polite at all in what he writes.  familes ask ech other to do things for each other.  that can get annoying but families annoy each other all the time.,3,44,218,1,2.864955864895077,1.4617503940924017,0.0,0.010000000000000002,0.010000000000000002,0.020000000000000004,0.020000000000000004,0.020000000000000004,0.0,0.0,0.010000000000000002,0.0,0.04000000000000001,0.010000000000000002,0.0,0.0,0.0,0.0,0.0,0.010000000000000002,0.0,0.020000000000000004,0.0,0.0,0.0,0.060000000000000005,0.0,0.010000000000000002,0.04000000000000001,0.0,0.0,0.0,0.07,0.060000000000000005,0.0,0.0,0.0,0.010000000000000002,0.020000000000000004,0.010000000000000002,0.0,0.0,0.020000000000000004,0.07,0.0,0.010000000000000002,0.020000000000000004,0.05000000000000001,0.07,0.05000000000000001,0.0,0.010000000000000002,0.0,0.020000000000000004,0.010000000000000002,0.28,0.0,0,0,0.8181818181818182,0.022727272727272728,6,0.00015518311607697082,0,0.50625,-0.29375,2.1824,easy,14.116,0,0,0,0,0,0,0,0,0,0,0,1,0,0,0,0,0,1,1,0,0
85,43,0,5d482ea621c9be351f76281b,2020-04-23 18:28:12.682000+00:00,this is true his tone is super rude and condescending  it makes the decision difficult,0.833333333,1,0.166666667,6,"this is true, his tone is super rude and condescending.  it makes the decision difficult.",4,15,86,1,0.1224036521959934,-0.1609857262216302,0.0,0.0,0.0,0.01,0.01,0.01,0.0,0.01,0.0,0.0,0.01,0.0,0.0,0.0,0.0,0.0,0.0,0.0,0.02,0.0,0.02,0.01,0.0,0.03,0.0,0.0,0.0,0.0,0.0,0.0,0.01,0.02,0.0,0.0,0.0,0.01,0.01,0.0,0.0,0.0,0.0,0.03,0.0,0.01,0.01,0.02,0.04,0.0,0.0,0.0,0.0,0.01,0.0,0.07,0.0,0,0,0.9333333333333333,0.0,4,0.0,0,0.7291666666666666,-0.02916666666666666,5.433166666666667,medium,22.903,0,0,0,0,0,0,0,0,0,0,0,0,0,0,0,0,0,1,1,0,0
85,43,0,5d482ea921c9be351f7636cd,2020-04-23 18:28:23.337000+00:00,i think he was the asshole  the mother in law was  made to feel like a burden the feelings of being put out were very apparent in his post and can come through no matter how polite you are   ,0.833333333,1,0.166666667,6,i think he was the asshole.  the mother in law was  made to feel like a burden. the feelings of being put out were very apparent in his post and can come through no matter how polite you are.   ,5,39,191,1,2.375214398341669,1.1719760868934674,0.0,0.0,0.0,0.02,0.01,0.03,0.0,0.0,0.02,0.0,0.02,0.01,0.01,0.0,0.0,0.0,0.0,0.01,0.0,0.0,0.01,0.03,0.0,0.049999999999999996,0.0,0.04,0.06,0.0,0.0,0.0,0.04,0.0,0.0,0.0,0.0,0.02,0.01,0.01,0.02,0.0,0.0,0.09999999999999999,0.0,0.04,0.02,0.06,0.10999999999999999,0.06,0.0,0.02,0.01,0.03,0.01,0.24,0.0,0,0,0.8974358974358975,0.02564102564102564,5,0.0,0,0.45499999999999996,0.065,1.9344,easy,10.655,0,0,1,0,1,0,0,0,0,0,0,1,1,0,0,0,0,1,1,0,0
86,43,2,5d482ea621c9be351f76281b,2020-04-23 18:54:38.101000+00:00,i dont think she is the asshole  i get her husband being annoyed but at the same time he is part of the family and its not that hard to help out  i would want my husband to do the same thing ,1.0,1,0.2,5,"i don't think she is the asshole.  i get her husband being annoyed, but at the same time he is part of the family and it's not that hard to help out.  i would want my husband to do the same thing. ",1,42,191,1,2.375214398341669,1.4352750675887354,0.02,0.0,0.01,0.02,0.0,0.02,0.0,0.0,0.0,0.0,0.03,0.02,0.01,0.0,0.0,0.0,0.0,0.03,0.0,0.03,0.0,0.01,0.0,0.06999999999999999,0.01,0.0,0.03,0.0,0.0,0.0,0.06999999999999999,0.03,0.0,0.0,0.0,0.0,0.02,0.04,0.01,0.0,0.02,0.09,0.0,0.04,0.02,0.06,0.09,0.049999999999999996,0.0,0.01,0.0,0.0,0.04,0.27,0.0,0,0,0.7857142857142857,0.09523809523809523,0,0.0,0,0.3979166666666667,-0.17291666666666666,2.0831999999999997,easy,0.0,0,0,1,0,1,0,0,0,0,0,1,1,0,0,0,0,0,0,1,0,0
86,43,2,5d482ea721c9be351f762c1d,2020-04-23 18:55:31.003000+00:00,this is difficult because she refers to her husband as a gringo and expects him to help a lot  her family has been in the country quite a while,1.0,1,0.2,5,this is difficult because she refers to her husband as a gringo and expects him to help a lot.  her family has been in the country quite a while.,2,29,143,1,1.4936797585455353,0.5779204918167032,0.01,0.0,0.01,0.04,0.0,0.01,0.0,0.0,0.0,0.0,0.04,0.0,0.0,0.0,0.0,0.0,0.0,0.02,0.01,0.01,0.0,0.01,0.0,0.02,0.0,0.01,0.03,0.0,0.0,0.0,0.06999999999999999,0.01,0.0,0.0,0.0,0.01,0.0,0.0,0.0,0.02,0.0,0.03,0.0,0.04,0.02,0.03,0.06,0.04,0.0,0.0,0.0,0.03,0.0,0.18999999999999997,0.0,0,0,0.8620689655172413,0.0,8,0.0036294074746624104,0,1.0,-0.5,1.4384,easy,52.902,0,0,1,0,0,0,0,0,0,0,0,0,0,0,0,0,0,0,1,0,0
86,43,2,5d482ea921c9be351f7636cd,2020-04-23 18:55:39.691000+00:00,i am a litle back and forth on this one  the wife is not respecting her husband feelings on the matter,1.0,1,0.2,5,"i am a litle back and forth on this one,  the wife is not respecting her husband feelings on the matter",3,21,102,1,0.6121451187494011,-0.27943408395532904,0.0,0.0,0.0,0.01,0.0,0.01,0.0,0.0,0.01,0.0,0.01,0.01,0.0,0.0,0.0,0.0,0.0,0.02,0.0,0.0,0.0,0.01,0.0,0.02,0.0,0.0,0.03,0.0,0.0,0.0,0.03,0.01,0.0,0.0,0.0,0.0,0.0,0.01,0.01,0.0,0.01,0.02,0.0,0.03,0.01,0.02,0.04,0.02,0.0,0.01,0.0,0.01,0.01,0.12,0.0,0,0,0.9047619047619048,0.047619047619047616,7,0.000727802037845706,0,0.0,0.0,1.0415999999999999,easy,8.688,0,0,0,0,0,0,0,0,0,0,0,1,0,0,0,0,0,0,0,0,0
86,43,2,5d482ea721c9be351f762c1d,2020-04-23 18:56:14.925000+00:00,how much time is involved here  she says not very much but the husband feels it is a lot a time,1.0,1,0.2,5,"how much time is involved here?  she says not very much, but the husband feels it is a lot a time.",4,21,95,1,0.7100934120600827,-0.18417246442510324,0.0,0.009999999999999998,0.0,0.019999999999999997,0.0,0.0,0.0,0.0,0.03,0.0,0.009999999999999998,0.009999999999999998,0.0,0.0,0.0,0.0,0.0,0.009999999999999998,0.0,0.03,0.0,0.009999999999999998,0.0,0.03,0.0,0.0,0.019999999999999997,0.0,0.0,0.0,0.039999999999999994,0.009999999999999998,0.0,0.0,0.0,0.009999999999999998,0.0,0.0,0.009999999999999998,0.009999999999999998,0.019999999999999997,0.03,0.0,0.03,0.009999999999999998,0.019999999999999997,0.049999999999999996,0.0,0.0,0.019999999999999997,0.0,0.019999999999999997,0.0,0.12,0.0,1,0,0.8095238095238095,0.0,6,0.000727802037845706,0,0.17692307692307693,0.06153846153846154,1.0415999999999999,easy,35.234,0,0,1,0,1,0,0,0,0,0,0,0,0,0,0,1,0,0,0,0,0
87,44,1,5d482ea621c9be351f7629ad,2020-04-23 18:41:25.598000+00:00,i dont think the writer is an asshole,0.833333333,2,0.333333333,6,i don't think the writer is an asshole,1,8,37,1,-0.6611826942894591,-1.05018116691481,0.0,0.0,0.0,0.0,0.0,0.0,0.0,0.0,0.0,0.0,0.0,0.01,0.01,0.0,0.0,0.0,0.0,0.0,0.0,0.0,0.0,0.01,0.0,0.030000000000000002,0.0,0.0,0.0,0.0,0.0,0.0,0.0,0.0,0.0,0.0,0.0,0.0,0.01,0.01,0.0,0.0,0.0,0.030000000000000002,0.0,0.02,0.0,0.02,0.01,0.0,0.0,0.0,0.0,0.0,0.01,0.04,0.0,0,0,1.0,0.125,0,0.0,0,0.0,0.0,0.3968,easy,0.0,0,0,1,0,1,0,0,0,0,0,0,1,0,0,0,0,0,0,0,0,0
87,44,1,5d482ea621c9be351f762779,2020-04-23 18:41:42.915000+00:00,my initial impression is he is indeed the ass hole  just because one person can learn multiple languages does not mean everyone can with that kind of ease  also clearly she is older and we should be respecting our elders ,0.833333333,2,0.333333333,6,my initial impression is he is indeed the ass hole.  just because one person can learn multiple languages does not mean everyone can with that kind of ease.  also clearly she is older and we should be respecting our elders. ,2,40,221,1,2.375214398341669,2.185159570909698,0.01,0.0,0.0,0.03,0.02,0.03,0.01,0.0,0.03,0.0,0.02,0.01,0.01,0.0,0.0,0.0,0.01,0.0,0.0,0.0,0.03,0.02,0.01,0.06999999999999999,0.01,0.0,0.02,0.01,0.0,0.0,0.06999999999999999,0.02,0.0,0.01,0.0,0.01,0.0,0.01,0.0,0.01,0.02,0.09,0.0,0.01,0.03,0.08,0.12,0.02,0.02,0.0,0.0,0.02,0.03,0.21,0.01,0,0,0.925,0.05,4,0.0,1,0.3840277777777778,0.17048611111111112,1.984,easy,17.317,0,0,1,0,0,0,0,0,0,1,0,1,0,0,0,0,0,1,0,0,0
87,44,1,5ea1c742de5d74641b670c40,2020-04-23 18:41:44.135000+00:00,i understand how this could become very annoying i think he did the right thing he even offered sources and to help,0.833333333,2,0.333333333,6,i understand how this could become very annoying. i think he did the right thing. he even offered sources and to help.,3,22,115,1,0.6121451187494011,0.30657462636643523,0.01,0.0,0.0,0.02,0.0,0.01,0.0,0.0,0.029999999999999995,0.0,0.02,0.0,0.0,0.0,0.0,0.0,0.0,0.0,0.0,0.0,0.0,0.029999999999999995,0.0,0.029999999999999995,0.0,0.01,0.01,0.0,0.0,0.0,0.04,0.02,0.0,0.0,0.0,0.02,0.01,0.02,0.0,0.0,0.0,0.049999999999999996,0.0,0.01,0.01,0.029999999999999995,0.06999999999999999,0.01,0.0,0.0,0.0,0.01,0.02,0.11,0.0,0,0,0.9090909090909091,0.09090909090909091,4,0.0,0,0.7678571428571428,-0.35714285714285715,1.0912,easy,1.22,0,0,1,0,1,0,0,0,0,0,1,1,0,0,0,0,0,1,1,0,0
87,44,1,5d482ea621c9be351f7629ad,2020-04-23 18:41:55.176000+00:00,if his life is being consumed by having to translate all the time then he has a right to make that request,0.833333333,2,0.333333333,6,if his life is being consumed by having to translate all the time then he has a right to make that request,4,22,106,1,0.8080417053707643,0.5153062868712421,0.01,0.0,0.0,0.02,0.01,0.0,0.01,0.0,0.0,0.0,0.02,0.0,0.0,0.0,0.01,0.0,0.0,0.0,0.0,0.0,0.0,0.0,0.0,0.030000000000000002,0.0,0.0,0.030000000000000002,0.0,0.0,0.0,0.030000000000000002,0.01,0.0,0.0,0.0,0.01,0.0,0.0,0.0,0.01,0.01,0.05,0.0,0.02,0.0,0.04,0.030000000000000002,0.030000000000000002,0.0,0.0,0.0,0.02,0.0,0.15,0.0,0,0,0.9545454545454546,0.0,5,0.0,0,0.5357142857142857,0.2857142857142857,1.0912,easy,11.041,0,0,0,0,0,0,0,0,0,0,0,0,0,0,0,0,0,1,0,0,0
87,44,1,5d482ea921c9be351f7637a0,2020-04-23 18:42:01.095000+00:00,this guy should have understood the family dynamic when he married in it is obvious the family takes the position of taking care of the mil,0.833333333,2,0.333333333,6,this guy should have understood the family dynamic when he married in. it is obvious the family takes the position of taking care of the mil.,5,26,139,1,1.1998348786134905,0.9327696078808562,0.01,0.0,0.02,0.01,0.01,0.0,0.0,0.0,0.01,0.0,0.01,0.0,0.0,0.0,0.0,0.0,0.0,0.03,0.0,0.0,0.02,0.01,0.01,0.049999999999999996,0.01,0.01,0.03,0.0,0.0,0.0,0.049999999999999996,0.02,0.0,0.0,0.0,0.0,0.0,0.0,0.0,0.0,0.0,0.06999999999999999,0.0,0.04,0.0,0.03,0.03,0.03,0.0,0.0,0.0,0.01,0.0,0.13999999999999999,0.0,0,0,0.8076923076923077,0.0,6,0.0,0,0.3055555555555555,0.08333333333333333,1.8969076923076922,easy,5.919,0,0,1,0,0,0,0,0,0,0,0,0,0,0,0,0,0,1,0,0,0
87,44,1,5d482ea521c9be351f762653,2020-04-23 18:42:06.185000+00:00,my thoughts are that he was not the asshole i thought that he was just frustrated it seems he has been helping her for a while its a shame everyone is mad at him ,0.833333333,2,0.333333333,6,my thoughts are that he was not the asshole. i thought that he was just frustrated. it seems he has been helping her for a while. its a shame everyone is mad at him. ,6,34,162,1,1.8854729317882615,1.6633304196476806,0.0,0.0,0.0,0.01,0.0,0.0,0.0,0.0,0.01,0.01,0.05,0.01,0.01,0.0,0.0,0.0,0.0,0.0,0.02,0.0,0.01,0.03,0.0,0.04,0.0,0.04,0.02,0.0,0.0,0.0,0.07,0.05,0.0,0.0,0.0,0.0,0.03,0.02,0.0,0.01,0.02,0.08,0.0,0.03,0.01,0.06,0.05,0.02,0.0,0.0,0.0,0.03,0.02,0.25,0.0,0,0,0.8529411764705882,0.029411764705882353,6,0.0,0,0.6,-0.6625,1.6864,easy,5.09,0,0,1,0,1,0,0,0,0,0,1,1,0,0,0,0,0,1,1,0,0
87,44,1,5d482ea621c9be351f762779,2020-04-23 18:42:10.846000+00:00,he knew all of these facts when he married his wife and was accepting of them  sure it may be annoying but we do things we dont necessarily want to for family,0.833333333,2,0.333333333,6,"he knew all of these facts when he married his wife, and was accepting of them.  sure it may be annoying, but we do things we don't necessarily want to for family.",7,32,158,1,1.5916280518562167,1.35023292889047,0.01,0.0,0.01,0.030000000000000002,0.04,0.030000000000000002,0.0,0.0,0.01,0.0,0.030000000000000002,0.01,0.0,0.0,0.0,0.0,0.0,0.030000000000000002,0.0,0.0,0.02,0.02,0.0,0.030000000000000002,0.01,0.02,0.01,0.0,0.0,0.0,0.09,0.030000000000000002,0.0,0.0,0.0,0.0,0.01,0.0,0.0,0.01,0.01,0.07,0.0,0.0,0.02,0.05,0.12000000000000001,0.04,0.02,0.0,0.0,0.0,0.02,0.19,0.0,0,0,0.90625,0.0625,5,0.0,0,0.7597222222222222,-0.012500000000000011,2.0806375,easy,4.661,0,0,1,0,0,0,0,0,0,1,0,0,0,0,0,0,0,0,1,0,0
87,44,1,5ea1c742de5d74641b670c40,2020-04-23 18:42:19.580000+00:00,isnt helping her to learn a way of taking care of her,0.833333333,2,0.333333333,6,isn't helping her to learn a way of taking care of her?,8,12,53,1,-0.17144122773605125,-0.5283520156527927,0.0,0.0,0.0,0.0,0.0,0.0,0.0,0.0,0.0,0.0,0.02,0.01,0.0,0.0,0.0,0.0,0.0,0.0,0.0,0.0,0.02,0.01,0.0,0.030000000000000002,0.0,0.0,0.01,0.0,0.0,0.0,0.030000000000000002,0.0,0.0,0.01,0.0,0.0,0.0,0.0,0.0,0.0,0.0,0.030000000000000002,0.0,0.01,0.0,0.01,0.01,0.030000000000000002,0.0,0.0,0.0,0.02,0.0,0.060000000000000005,0.0,1,0,0.8333333333333334,0.0,3,0.0,0,0.0,0.0,0.5952,easy,8.734,0,0,0,0,0,0,0,0,0,0,0,0,0,0,0,0,0,1,0,0,0
88,44,3,5d482ea621c9be351f7629ad,2020-04-23 19:11:09.149000+00:00,this one could really go both ways,0.666666667,1,0.166666667,6,this one could really go both ways,1,7,34,1,-0.6611826942894591,-1.6378644899453145,0.01,0.0,0.0,0.0,0.0,0.01,0.0,0.0,0.01,0.0,0.0,0.0,0.0,0.0,0.0,0.0,0.0,0.0,0.0,0.01,0.0,0.0,0.0,0.01,0.0,0.0,0.02,0.0,0.0,0.0,0.0,0.01,0.0,0.0,0.0,0.0,0.0,0.0,0.0,0.0,0.01,0.02,0.0,0.0,0.01,0.01,0.030000000000000006,0.0,0.0,0.0,0.0,0.0,0.0,0.02,0.0,0,0,1.0,0.0,0,0.0,0,0.2,0.2,0.3472,easy,0.0,0,0,0,0,0,1,0,0,0,0,0,0,0,0,0,0,0,0,0,0,0
88,44,3,5d482ea621c9be351f762779,2020-04-23 19:11:10.543000+00:00,i think no one is the ass hole  i think this boils down to cultural differences  latinx families are very interwoven and tight knit and do everything and anything for each other,0.666666667,1,0.166666667,6,"i think no one is the ass hole.  i think this boils down to cultural differences.  latinx families are very interwoven and tight knit, and do everything and anything for each other.",2,32,177,1,1.5916280518562167,1.6277229141561798,0.0,0.0,0.01,0.03,0.01,0.04,0.02,0.0,0.01,0.0,0.0,0.01,0.01,0.0,0.0,0.0,0.01,0.01,0.0,0.02,0.0,0.02,0.0,0.05,0.0,0.0,0.01,0.01,0.01,0.0,0.03,0.04,0.0,0.0,0.0,0.0,0.0,0.02,0.01,0.01,0.0,0.05,0.0,0.01,0.04,0.03,0.1,0.03,0.0,0.01,0.0,0.0,0.02,0.17,0.0,0,0,0.875,0.0625,2,0.0,0,0.26992063492063495,-0.031825396825396826,1.5872,easy,1.394,0,0,1,0,1,0,0,0,0,0,1,1,0,0,0,0,0,0,0,0,0
88,44,3,5d482ea921c9be351f7637a0,2020-04-23 19:11:26.788000+00:00,the family established their dynamic long before this husband came around he knew what it was when he married in,0.666666667,1,0.166666667,6,"the family established their dynamic long before this husband came around, he knew what it was when he married in.",3,20,112,1,0.6121451187494011,0.20790230367726917,0.0,0.0,0.01,0.01,0.0,0.02,0.0,0.0,0.02,0.0,0.02,0.0,0.0,0.0,0.0,0.0,0.0,0.030000000000000002,0.0,0.0,0.01,0.01,0.0,0.0,0.0,0.030000000000000002,0.060000000000000005,0.0,0.0,0.0,0.060000000000000005,0.030000000000000002,0.0,0.0,0.0,0.0,0.0,0.0,0.0,0.0,0.0,0.030000000000000002,0.0,0.01,0.0,0.01,0.030000000000000002,0.030000000000000002,0.0,0.0,0.0,0.01,0.0,0.11000000000000001,0.0,0,0,0.95,0.0,2,0.0,0,0.2722222222222222,0.06666666666666667,0.992,easy,16.245,0,0,1,0,0,0,0,0,0,0,0,0,0,0,0,0,0,1,0,0,0
88,44,3,5ea1c742de5d74641b670c40,2020-04-23 19:11:29.882000+00:00,my initial impression is that it could go both ways i get both sides ,0.666666667,1,0.166666667,6,"my initial impression is that it could go both ways, i get both sides. ",4,14,69,1,-0.07349293442536971,-0.7859721236579682,0.01,0.0,0.0,0.0,0.0,0.02,0.0,0.0,0.0,0.0,0.0,0.0,0.0,0.0,0.0,0.0,0.0,0.0,0.0,0.02,0.01,0.0,0.0,0.029999999999999995,0.0,0.0,0.049999999999999996,0.0,0.0,0.0,0.0,0.02,0.0,0.0,0.0,0.0,0.0,0.02,0.0,0.0,0.0,0.04,0.0,0.0,0.0,0.02,0.029999999999999995,0.0,0.0,0.0,0.0,0.0,0.02,0.06999999999999999,0.0,0,0,0.9285714285714286,0.07142857142857142,1,0.0,0,0.0,0.0,0.6944,easy,3.094,0,0,0,0,0,0,0,0,0,0,1,1,0,0,0,0,0,0,0,0,0
88,44,3,5d482ea621c9be351f762779,2020-04-23 19:11:46.302000+00:00,so one husband who was raised in the culture and one who was not have differences of opinions in this and differences in how they were raised,0.666666667,1,0.166666667,6,"so one husband who was raised in the culture and one who was not, have differences of opinions in this and differences in how they were raised.",5,27,141,1,1.2977831719241721,1.2017767310125065,0.0,0.0,0.0,0.039999999999999994,0.0,0.019999999999999997,0.0,0.0,0.019999999999999997,0.0,0.0,0.009999999999999998,0.0,0.0,0.0,0.0,0.0,0.009999999999999998,0.0,0.019999999999999997,0.0,0.0,0.0,0.009999999999999998,0.0,0.03,0.03,0.0,0.0,0.0,0.05,0.03,0.0,0.0,0.0,0.009999999999999998,0.0,0.0,0.0,0.0,0.009999999999999998,0.039999999999999994,0.0,0.009999999999999998,0.03,0.039999999999999994,0.06,0.039999999999999994,0.0,0.0,0.0,0.0,0.0,0.17999999999999997,0.0,0,0,0.7037037037037037,0.0,0,0.0,0,0.0,0.0,1.3392,easy,16.42,0,0,0,0,0,0,0,0,0,0,0,0,0,0,0,0,1,0,0,0,0
88,44,3,5d482ea621c9be351f7629ad,2020-04-23 19:11:48.765000+00:00,i think she should understand that its not his responsibility and shouldnt expect him to do it that being said he knew what he was marrying in to,0.666666667,1,0.166666667,6,"i think she should understand that it's not his responsibility, and shouldn't expect him to do it. that being said he knew what he was marrying in to.",6,28,145,1,1.2977831719241721,1.2017767310125065,0.03,0.01,0.0,0.01,0.0,0.01,0.0,0.01,0.0,0.0,0.049999999999999996,0.02,0.0,0.0,0.0,0.0,0.0,0.0,0.0,0.0,0.0,0.03,0.0,0.03,0.02,0.03,0.01,0.0,0.01,0.0,0.06,0.049999999999999996,0.0,0.01,0.0,0.0,0.0,0.01,0.0,0.0,0.01,0.09,0.0,0.0,0.01,0.049999999999999996,0.09,0.03,0.0,0.01,0.0,0.0,0.01,0.19999999999999998,0.0,0,0,0.8928571428571429,0.03571428571428571,4,0.0,0,0.0,0.0,1.9527285714285716,easy,2.463,0,0,1,0,1,0,0,0,0,0,0,1,0,0,0,0,0,0,0,0,0
88,44,3,5d482ea621c9be351f7628db,2020-04-23 19:11:51.751000+00:00,this ones tough i in a way i feel like the husband and wife are both a in the wrong and both in the right in different ways,0.666666667,1,0.166666667,6,this one's tough; i in a way i feel like the husband and wife are both a in the wrong and both in the right in different ways.,7,28,123,1,1.1998348786134905,1.0597946699646155,0.0,0.0,0.0,0.02,0.0,0.04,0.0,0.0,0.0,0.0,0.0,0.0,0.0,0.0,0.0,0.0,0.0,0.02,0.01,0.03,0.01,0.01,0.0,0.02,0.0,0.0,0.08,0.0,0.0,0.0,0.02,0.01,0.0,0.0,0.0,0.0,0.0,0.02,0.01,0.0,0.0,0.02,0.0,0.049999999999999996,0.02,0.01,0.049999999999999996,0.04,0.0,0.01,0.0,0.049999999999999996,0.02,0.17,0.0,0,0,0.6785714285714286,0.07142857142857142,6,0.00031036623215394165,0,0.7172619047619048,-0.15079365079365079,1.3888,easy,2.986,0,0,1,0,1,0,0,0,0,0,1,0,0,0,0,0,0,1,1,0,0
89,45,0,5d482ea621c9be351f7627ba,2020-04-23 18:33:27.462000+00:00,i do not think this man is the asshole i think he is being taking advantage of in a situation where the mom and family could have helped themselves instead of relying on others around them ,0.5,0,0.0,6,i do not think this man is the asshole. i think he is being taking advantage of in a situation where the mom and family could have helped themselves instead of relying on others around them. ,1,36,189,1,1.983421225098943,1.3420276118952137,0.009999999999999998,0.0,0.009999999999999998,0.009999999999999998,0.0,0.019999999999999997,0.0,0.009999999999999998,0.029999999999999995,0.0,0.009999999999999998,0.009999999999999998,0.009999999999999998,0.0,0.0,0.0,0.0,0.019999999999999997,0.0,0.0,0.009999999999999998,0.019999999999999997,0.009999999999999998,0.06999999999999999,0.0,0.009999999999999998,0.039999999999999994,0.0,0.0,0.0,0.05999999999999999,0.019999999999999997,0.0,0.0,0.0,0.0,0.009999999999999998,0.019999999999999997,0.0,0.0,0.009999999999999998,0.09999999999999999,0.0,0.029999999999999995,0.009999999999999998,0.05999999999999999,0.05999999999999999,0.049999999999999996,0.0,0.0,0.0,0.029999999999999995,0.019999999999999997,0.20999999999999996,0.0,0,0,0.8611111111111112,0.05555555555555555,0,0.0,0,0.0,0.0,1.7855999999999999,easy,0.0,0,0,1,0,1,0,0,0,0,0,1,1,0,0,0,0,0,1,0,0,0
89,45,0,5e9f4f9e9dc0406f8987a4fe,2020-04-23 18:33:34.624000+00:00,i feel like there is a cultural component in play the fact that the mother in law was calling him actually seems like he is acceptedrespected in the family,0.5,0,0.0,6,i feel like there is a cultural component in play. the fact that the mother in law was calling him actually seems like he is accepted/respected in the family.,2,29,155,1,1.3957314652348536,0.8004660269180301,0.0,0.0,0.01,0.0,0.01,0.0,0.0,0.0,0.02,0.0,0.02,0.0,0.0,0.0,0.0,0.0,0.0,0.02,0.0,0.0,0.030000000000000002,0.02,0.0,0.04,0.0,0.01,0.030000000000000002,0.0,0.0,0.0,0.060000000000000005,0.01,0.0,0.0,0.0,0.0,0.0,0.01,0.01,0.01,0.0,0.05,0.0,0.04,0.01,0.030000000000000002,0.04,0.030000000000000002,0.0,0.01,0.0,0.030000000000000002,0.01,0.15,0.0,0,0,0.7931034482758621,0.034482758620689655,10,0.001973364934258789,0,0.1,0.05,1.9828827586206894,easy,7.162,0,0,1,0,1,1,0,0,0,0,0,1,0,0,0,0,0,1,0,0,0
89,45,0,5d482ea621c9be351f762a28,2020-04-23 18:33:55.477000+00:00,thought he was the asshole until i read the edit i think the racism trump supporter comments have nothing to do with anything probably be best to offer other ways to translate like their phone this would take the burden off him,0.5,0,0.0,6,"thought he was the asshole until i read the edit. i think the racism, trump supporter comments have nothing to do with anything. probably be best to offer other ways to translate like their phone. this would take the burden off him.",3,42,227,1,2.5711109849630325,1.8835891968723972,0.01,0.0,0.0,0.01,0.0,0.01,0.0,0.01,0.01,0.0,0.02,0.01,0.01,0.0,0.0,0.0,0.0,0.0,0.0,0.01,0.030000000000000002,0.02,0.0,0.04,0.01,0.02,0.02,0.0,0.0,0.0,0.060000000000000005,0.030000000000000002,0.0,0.02,0.0,0.0,0.01,0.02,0.0,0.02,0.0,0.08,0.0,0.04,0.0,0.05,0.060000000000000005,0.060000000000000005,0.0,0.0,0.0,0.04,0.02,0.21,0.01,0,0,0.8571428571428571,0.047619047619047616,8,0.00031036623215394165,1,0.3375,0.4375,2.0831999999999997,easy,20.853,0,0,1,0,1,0,0,0,0,0,1,0,0,0,0,0,0,1,1,0,0
89,45,0,5d482ea621c9be351f7628c8,2020-04-23 18:34:01.132000+00:00,i really consider this guy to be the asshole in this situation i understand that he has a good mind for learning languages and i understand that having to act like a translator may be uncomfortable but ultimately he could have expressed himself in a healthy way,0.5,0,0.0,6,"i really consider this guy to be the asshole in this situation. i understand that he has a good mind for learning languages and i understand that having to act like a translator may be uncomfortable, but ultimately he could have expressed himself in a healthy way",4,47,261,1,2.9629041582057587,2.244630253523853,0.009999999999999998,0.0,0.0,0.019999999999999997,0.0,0.009999999999999998,0.009999999999999998,0.0,0.009999999999999998,0.009999999999999998,0.03,0.0,0.009999999999999998,0.0,0.009999999999999998,0.0,0.0,0.0,0.0,0.0,0.019999999999999997,0.039999999999999994,0.009999999999999998,0.039999999999999994,0.009999999999999998,0.0,0.03,0.0,0.0,0.0,0.06,0.039999999999999994,0.0,0.009999999999999998,0.0,0.0,0.009999999999999998,0.03,0.0,0.009999999999999998,0.019999999999999997,0.09,0.0,0.039999999999999994,0.03,0.06999999999999999,0.09999999999999999,0.049999999999999996,0.0,0.0,0.0,0.06,0.03,0.25999999999999995,0.0,0,0,0.7659574468085106,0.06382978723404255,11,0.0007857542793868522,0,0.6599999999999999,0.18,2.6671574468085106,easy,5.655,0,0,1,0,0,1,0,0,0,0,1,1,0,0,0,0,0,1,1,0,0
89,45,0,5e9f4f9e9dc0406f8987a4fe,2020-04-23 18:34:20.117000+00:00,i think he could of handled it better,0.5,0,0.0,6,i think he could of handled it better.,5,8,37,1,-0.6611826942894591,-1.0949995205021124,0.01,0.0,0.0,0.0,0.0,0.0,0.0,0.01,0.0,0.0,0.01,0.0,0.0,0.0,0.0,0.0,0.0,0.0,0.0,0.0,0.01,0.01,0.0,0.01,0.0,0.0,0.0,0.0,0.0,0.0,0.01,0.01,0.0,0.0,0.0,0.0,0.0,0.01,0.0,0.0,0.0,0.02,0.0,0.0,0.0,0.01,0.02,0.01,0.0,0.0,0.0,0.01,0.01,0.04,0.0,0,0,1.0,0.125,2,0.00015518311607697082,0,0.5,0.5,0.3968,easy,18.985,0,0,1,0,1,0,0,0,0,0,0,1,0,0,0,0,0,1,0,0,0
89,45,0,5d482ea521c9be351f762719,2020-04-23 18:34:20.745000+00:00,i dont think this person is wrong for wanting to help his mother in law he made a strong case for why she needs to learn english i feel like the family jumped to conclusions  about his motives,0.5,0,0.0,6,i don't think this person is wrong for wanting to help his mother in law. he made a strong case for why she needs to learn english. i feel like the family jumped to conclusions  about his motives.,6,38,192,1,2.1793178117203063,1.5225481402209415,0.019999999999999997,0.0,0.009999999999999998,0.0,0.0,0.0,0.0,0.03,0.009999999999999998,0.0,0.039999999999999994,0.009999999999999998,0.0,0.0,0.0,0.0,0.0,0.019999999999999997,0.009999999999999998,0.0,0.019999999999999997,0.05,0.009999999999999998,0.05,0.0,0.009999999999999998,0.019999999999999997,0.0,0.0,0.0,0.07999999999999999,0.009999999999999998,0.0,0.019999999999999997,0.0,0.03,0.0,0.019999999999999997,0.009999999999999998,0.0,0.0,0.06,0.0,0.019999999999999997,0.0,0.019999999999999997,0.1,0.07,0.0,0.009999999999999998,0.0,0.03,0.019999999999999997,0.18,0.0,0,0,0.868421052631579,0.05263157894736842,1,0.0006587982879030706,0,0.5444444444444444,-0.022222222222222237,1.8848,easy,0.628,0,0,1,0,1,0,0,0,0,0,1,1,0,0,0,0,0,1,1,0,0
89,45,0,5d482ea721c9be351f76306b,2020-04-23 18:34:24.987000+00:00,this guy is an asshole his writing was very combative so even though he said he was polite when talking to her the way he described it came across as angry and mean,0.5,0,0.0,6,"this guy is an asshole. his writing was very combative, so even though he said he was polite when talking to her, the way he described it came across as angry and mean",7,33,164,1,1.8854729317882615,1.2517673477323497,0.0,0.01,0.0,0.049999999999999996,0.0,0.02,0.0,0.0,0.049999999999999996,0.0,0.049999999999999996,0.0,0.01,0.0,0.0,0.0,0.0,0.0,0.0,0.0,0.0,0.01,0.01,0.02,0.0,0.049999999999999996,0.04,0.0,0.0,0.0,0.09999999999999999,0.02,0.0,0.0,0.0,0.0,0.02,0.0,0.0,0.0,0.0,0.07,0.0,0.02,0.02,0.029999999999999995,0.04,0.029999999999999995,0.0,0.01,0.0,0.01,0.0,0.18,0.0,0,0,0.9090909090909091,0.0,8,0.0,0,0.6625,-0.2041666666666667,1.6368,easy,4.242,0,0,0,0,0,0,0,0,0,0,0,0,0,0,0,0,0,1,1,0,0
89,45,0,5e9f4f9e9dc0406f8987a4fe,2020-04-23 18:34:56.526000+00:00,i agree and honestly if he is busy then just dont pick up the phone,0.5,0,0.0,6,"i agree and honestly if he is busy, then just don't pick up the phone!",8,15,67,1,0.024455358885311848,-0.46317767136206495,0.01,0.0,0.0,0.03,0.0,0.01,0.0,0.0,0.01,0.0,0.01,0.01,0.0,0.0,0.0,0.0,0.0,0.0,0.0,0.0,0.02,0.0,0.0,0.02,0.0,0.0,0.03,0.0,0.0,0.0,0.02,0.0,0.0,0.01,0.0,0.01,0.0,0.01,0.0,0.01,0.02,0.02,0.0,0.01,0.02,0.02,0.04,0.01,0.0,0.0,0.0,0.0,0.01,0.09000000000000001,0.0,0,0,1.0,0.06666666666666667,4,0.0,0,0.3,0.1,0.744,easy,31.539,0,0,0,0,0,1,0,0,0,0,0,1,0,0,0,0,0,0,0,0,0
89,45,0,5d482ea621c9be351f762a28,2020-04-23 18:34:58.202000+00:00,well he is angry hes sick of being on call as a translator,0.5,0,0.0,6,"well he is angry, hes sick of being on call as a translator",9,13,58,1,-0.07349293442536971,-0.5534379355249288,0.0,0.0,0.0,0.009999999999999998,0.0,0.0,0.009999999999999998,0.0,0.009999999999999998,0.0,0.019999999999999997,0.0,0.0,0.0,0.009999999999999998,0.0,0.0,0.0,0.0,0.0,0.009999999999999998,0.0,0.0,0.019999999999999997,0.0,0.0,0.009999999999999998,0.0,0.0,0.0,0.03,0.0,0.0,0.0,0.0,0.0,0.009999999999999998,0.0,0.0,0.0,0.0,0.03,0.0,0.009999999999999998,0.009999999999999998,0.03,0.0,0.03,0.0,0.0,0.0,0.019999999999999997,0.0,0.06999999999999999,0.0,0,0,1.0,0.0,2,0.0,0,0.9285714285714286,-0.6071428571428572,0.6447999999999999,easy,1.676,0,0,0,0,0,0,0,0,0,0,0,0,0,0,0,0,0,1,1,0,0
89,45,0,5d482ea621c9be351f7627ba,2020-04-23 18:35:15.424000+00:00,i do not think he minds helping and translating but its the fact that it happens now several times a day and has become excessive,0.5,0,0.0,6,"i do not think he minds helping and translating, but it‚äôs the fact that it happens now several times a day and has become excessive",10,25,129,1,1.0039382919921274,0.4394249702665744,0.0,0.0,0.0,0.03,0.01,0.02,0.0,0.0,0.01,0.0,0.01,0.01,0.0,0.0,0.0,0.0,0.0,0.0,0.0,0.01,0.01,0.02,0.0,0.05,0.0,0.0,0.03,0.0,0.0,0.0,0.02,0.03,0.0,0.0,0.0,0.0,0.0,0.01,0.0,0.0,0.02,0.05,0.0,0.02,0.03,0.03,0.07,0.0,0.0,0.0,0.0,0.02,0.01,0.14,0.0,0,0,0.96,0.04,2,0.0,0,0.5,-0.125,1.24,easy,17.222,0,0,1,0,1,0,0,0,0,0,0,1,0,0,0,0,0,1,1,0,0
90,45,1,5d482ea621c9be351f762a28,2020-04-23 18:47:43.644000+00:00,its nice to volunteer your own time for other people not so much when you volunteer someone elses time for them without asking,0.571428571,1,0.142857143,7,"its nice to volunteer your own time for other people, not so much when you volunteer someone elses time for them without asking",1,23,126,1,0.9059899986814458,0.8217387113516565,0.0,0.0,0.0,0.02,0.0,0.0,0.0,0.0,0.02,0.0,0.0,0.02,0.0,0.0,0.0,0.0,0.0,0.0,0.0,0.02,0.01,0.0,0.01,0.0,0.0,0.0,0.03,0.0,0.0,0.0,0.06,0.03,0.0,0.0,0.0,0.0,0.0,0.0,0.0,0.01,0.02,0.0,0.0,0.0,0.01,0.0,0.03,0.04,0.0,0.0,0.02,0.01,0.0,0.12,0.0,0,0,0.8695652173913043,0.0,0,0.0,0,0.64375,0.31875,1.1408,easy,0.0,0,0,0,0,0,0,0,0,0,0,0,0,1,0,0,0,0,1,0,0,0
90,45,1,5d482ea621c9be351f7628c8,2020-04-23 18:47:53.267000+00:00,i think she should not have expected her husband to do it without asking but i dont think it is an entirely unreasonable thing to want ,0.571428571,1,0.142857143,7,"i think she should not have expected her husband to do it without asking, but i don‚äôt think it is an entirely unreasonable thing to want ",2,26,135,1,1.0039382919921274,0.9201158810205169,0.030000000000000002,0.0,0.0,0.01,0.01,0.0,0.0,0.0,0.0,0.0,0.02,0.030000000000000002,0.0,0.0,0.0,0.0,0.0,0.01,0.0,0.01,0.0,0.02,0.0,0.07,0.01,0.0,0.0,0.0,0.0,0.0,0.04,0.030000000000000002,0.0,0.0,0.0,0.0,0.0,0.02,0.0,0.0,0.030000000000000002,0.08,0.0,0.01,0.01,0.05,0.09000000000000001,0.030000000000000002,0.0,0.0,0.0,0.0,0.02,0.15,0.0,0,0,0.8461538461538461,0.07692307692307693,4,0.007633587786259542,0,0.5125,-0.05,1.8969076923076922,easy,9.623,0,0,1,0,1,0,0,0,0,0,1,1,0,0,0,0,0,0,1,0,0
90,45,1,5d482ea621c9be351f7629b7,2020-04-23 18:47:56.399000+00:00,i dont  think she should put this off on her hubby ,0.571428571,1,0.142857143,7,i don't  think she should put this off on her hubby ,3,11,51,1,-0.36733781435741436,-0.4571644943435272,0.01,0.0,0.0,0.0,0.0,0.0,0.0,0.0,0.0,0.0,0.02,0.01,0.0,0.0,0.0,0.0,0.0,0.01,0.0,0.0,0.0,0.01,0.0,0.02,0.01,0.0,0.03,0.0,0.0,0.0,0.03,0.01,0.0,0.0,0.0,0.0,0.0,0.01,0.0,0.0,0.0,0.03,0.0,0.0,0.0,0.02,0.02,0.02,0.0,0.0,0.0,0.0,0.01,0.07,0.0,0,0,1.0,0.09090909090909091,4,0.0005036151718260998,0,0.0,0.0,0.5456,easy,3.132,0,0,1,0,1,0,0,0,0,0,0,1,0,0,0,0,0,0,0,0,0
90,45,1,5d482ea621c9be351f7628c8,2020-04-23 18:48:08.389000+00:00,they need better communication between them,0.571428571,1,0.142857143,7,they need better communication between them,4,6,43,1,-0.7591309876001406,-0.8506731730189684,0.01,0.0,0.0,0.0,0.0,0.0,0.0,0.01,0.0,0.0,0.0,0.0,0.0,0.0,0.0,0.0,0.0,0.0,0.0,0.0,0.01,0.0,0.0,0.01,0.0,0.0,0.0,0.0,0.0,0.0,0.03,0.0,0.0,0.0,0.0,0.0,0.0,0.0,0.0,0.0,0.0,0.01,0.0,0.0,0.0,0.0,0.01,0.01,0.0,0.0,0.0,0.01,0.0,0.03,0.0,0,0,1.0,0.0,0,0.0,0,0.5,0.5,6.565766666666667,difficult,11.99,0,0,0,0,0,0,0,0,0,0,0,0,0,0,0,0,0,1,0,0,0
90,45,1,5e9f4f9e9dc0406f8987a4fe,2020-04-23 18:48:12.382000+00:00,grad school is hard and definitely can be tough on a spouse but i would hope the husband would be a little more supportive,0.571428571,1,0.142857143,7,"grad school is hard and definitely can be tough on a spouse... but, i would hope the husband would be a little more supportive",5,24,122,1,0.9059899986814458,0.8217387113516565,0.03,0.0,0.0,0.02,0.01,0.01,0.0,0.0,0.01,0.0,0.0,0.0,0.0,0.0,0.0,0.0,0.0,0.02,0.0,0.01,0.03,0.0,0.0,0.03,0.02,0.0,0.02,0.0,0.0,0.0,0.02,0.0,0.0,0.02,0.0,0.0,0.0,0.01,0.01,0.01,0.01,0.07,0.0,0.03,0.02,0.06,0.06,0.01,0.0,0.01,0.0,0.04,0.01,0.12,0.01,0,0,0.875,0.041666666666666664,0,0.0,1,0.6458333333333334,0.021990740740740738,1.1904,easy,3.993,0,0,0,0,0,0,0,0,0,0,1,0,0,0,0,0,0,1,1,0,0
90,45,1,5d482ea621c9be351f7627ba,2020-04-23 18:48:15.712000+00:00,im on the fence on this one this man married into this marriage knowing hed probably be translating ,0.571428571,1,0.142857143,7,i‚äôm on the fence on this one. this man married into this marriage knowing he‚äôd probably be translating ,6,18,100,1,0.4162485321280381,0.32985286300735517,0.0,0.0,0.0,0.0,0.0,0.01,0.0,0.0,0.01,0.0,0.01,0.0,0.0,0.0,0.0,0.0,0.0,0.01,0.0,0.0,0.0,0.01,0.01,0.0,0.0,0.0,0.03,0.0,0.01,0.0,0.04,0.03,0.0,0.0,0.0,0.0,0.0,0.0,0.0,0.01,0.0,0.02,0.0,0.01,0.0,0.02,0.04,0.03,0.0,0.0,0.0,0.0,0.0,0.08,0.01,0,0,0.8333333333333334,0.0,4,0.0,1,0.25,0.25,0.8927999999999999,easy,3.33,0,0,1,0,0,0,0,0,0,0,0,1,0,0,0,0,0,0,0,0,0
90,45,1,5d482ea621c9be351f7629b7,2020-04-23 18:48:32.197000+00:00,just like her time is precious im sure his is too,0.571428571,1,0.142857143,7,"just like her time is precious, i'm sure his is too",7,11,49,1,-0.2693895210467328,-0.3587873246746669,0.0,0.0,0.0,0.0,0.009999999999999998,0.0,0.0,0.0,0.019999999999999997,0.0,0.019999999999999997,0.0,0.0,0.0,0.0,0.0,0.0,0.0,0.0,0.0,0.03,0.0,0.0,0.019999999999999997,0.0,0.0,0.009999999999999998,0.0,0.0,0.0,0.019999999999999997,0.0,0.0,0.0,0.0,0.0,0.0,0.0,0.0,0.0,0.009999999999999998,0.019999999999999997,0.0,0.0,0.009999999999999998,0.019999999999999997,0.019999999999999997,0.0,0.0,0.0,0.0,0.019999999999999997,0.0,0.06,0.0,0,0,0.9090909090909091,0.0,0,0.003048780487804878,0,0.9444444444444444,0.5,0.5456,easy,16.485,0,0,0,0,0,0,0,0,0,0,1,0,0,0,0,0,0,1,0,0,0
90,45,1,5d482ea621c9be351f76297b,2020-04-23 18:48:34.299000+00:00,i dont think shes ta i think shes not really listening to him though and siding with her mother,0.571428571,1,0.142857143,7,i dont think shes ta. i think shes not really listening to him though and siding with her mother,8,19,95,1,0.31830023881735653,0.23147569333849485,0.0,0.009999999999999998,0.0,0.019999999999999997,0.0,0.019999999999999997,0.0,0.0,0.019999999999999997,0.0,0.039999999999999994,0.019999999999999997,0.0,0.0,0.0,0.0,0.0,0.009999999999999998,0.0,0.0,0.0,0.019999999999999997,0.0,0.049999999999999996,0.0,0.0,0.009999999999999998,0.0,0.0,0.0,0.06,0.0,0.0,0.0,0.0,0.0,0.0,0.019999999999999997,0.0,0.0,0.019999999999999997,0.049999999999999996,0.0,0.0,0.019999999999999997,0.03,0.06,0.019999999999999997,0.0,0.009999999999999998,0.0,0.0,0.019999999999999997,0.07999999999999999,0.0,0,0,0.8421052631578947,0.10526315789473684,1,0.0,0,0.2,-0.1,0.9424,easy,2.102,0,0,1,0,1,1,0,0,0,0,0,1,0,0,0,0,0,0,0,0,0
90,45,1,5d482ea621c9be351f7627ba,2020-04-23 18:48:44.969000+00:00,whats ta,0.571428571,1,0.142857143,7,what‚äôs ta?,9,2,8,1,-1.1509241608428669,-1.2441818516944094,0.0,0.0,0.0,0.0,0.0,0.0,0.0,0.0,0.0,0.0,0.0,0.0,0.0,0.0,0.0,0.0,0.0,0.0,0.0,0.0,0.0,0.0,0.0,0.01,0.0,0.0,0.0,0.0,0.0,0.0,0.0,0.01,0.0,0.0,0.0,0.0,0.0,0.0,0.0,0.0,0.0,0.01,0.0,0.0,0.0,0.01,0.0,0.0,0.0,0.0,0.0,0.0,0.0,0.0,0.0,1,0,1.0,0.0,0,0.010416666666666666,0,0.0,0.0,0.0992,easy,10.67,0,0,0,0,0,0,0,0,0,0,0,0,0,0,0,1,0,0,0,0,0
90,45,1,5e9f4f9e9dc0406f8987a4fe,2020-04-23 18:48:51.037000+00:00,im leaning not but seriously getting a masters degree can screw up a relationship,0.571428571,1,0.142857143,7,"i'm leaning ""not"", but seriously... getting a master's degree can screw up a relationship",10,14,81,1,0.024455358885311848,-0.06365581566808602,0.0,0.0,0.0,0.01,0.0,0.0,0.01,0.01,0.01,0.0,0.0,0.01,0.01,0.0,0.0,0.0,0.0,0.0,0.02,0.0,0.0,0.0,0.0,0.01,0.0,0.0,0.01,0.01,0.0,0.0,0.01,0.0,0.0,0.01,0.0,0.0,0.01,0.0,0.0,0.0,0.02,0.01,0.0,0.02,0.01,0.01,0.02,0.01,0.0,0.0,0.0,0.03,0.0,0.06,0.0,0,0,0.9285714285714286,0.0,0,0.0,0,0.6666666666666666,-0.3333333333333333,5.458757142857143,medium,6.068,0,0,0,0,0,0,0,0,0,0,0,1,0,0,0,0,0,1,0,0,0
90,45,1,5d482ea721c9be351f76306b,2020-04-23 18:48:51.336000+00:00,this man should be honored to have a family that welcomes him and he should be happy to help them in any way,0.571428571,1,0.142857143,7,this man should be honored to have a family that welcomes him and he should be happy to help them in any way,11,23,108,1,0.9059899986814458,0.8217387113516565,0.02,0.0,0.01,0.01,0.0,0.01,0.0,0.01,0.0,0.0,0.02,0.0,0.0,0.0,0.0,0.0,0.0,0.01,0.0,0.0,0.03,0.0,0.01,0.01,0.02,0.0,0.01,0.0,0.0,0.0,0.07,0.02,0.0,0.0,0.0,0.0,0.0,0.0,0.0,0.01,0.0,0.05,0.0,0.01,0.01,0.05,0.04,0.03,0.0,0.0,0.0,0.03,0.0,0.16,0.0,0,0,0.8695652173913043,0.0,1,0.0,0,1.0,0.8,1.1408,easy,0.299,0,0,1,0,0,0,0,0,0,0,0,0,0,0,0,0,0,1,0,0,0
90,45,1,5d482ea621c9be351f7628c8,2020-04-23 18:48:57.133000+00:00,ta  the asshole,0.571428571,1,0.142857143,7,ta = the asshole,12,3,15,1,-1.0529758675321852,-1.1458046820255492,0.0,0.0,0.0,0.0,0.0,0.0,0.0,0.0,0.0,0.0,0.0,0.0,0.01,0.0,0.0,0.0,0.0,0.0,0.0,0.0,0.0,0.0,0.0,0.0,0.0,0.0,0.0,0.0,0.0,0.0,0.0,0.0,0.0,0.0,0.0,0.0,0.01,0.0,0.0,0.0,0.0,0.0,0.0,0.01,0.0,0.0,0.0,0.0,0.0,0.0,0.0,0.0,0.0,0.01,0.0,0,0,1.0,0.0,0,0.0,0,0.0,0.0,0.1488,easy,5.797,0,0,0,0,0,0,0,0,0,0,0,0,0,0,0,0,0,0,0,0,0
90,45,1,5d482ea621c9be351f7627ba,2020-04-23 18:49:00.824000+00:00,thanks,0.571428571,1,0.142857143,7,thanks,13,1,6,1,-1.2488724541535483,-1.3425590213632699,0.0,0.0,0.0,0.0,0.0,0.0,0.0,0.0,0.0,0.0,0.0,0.0,0.0,0.0,0.0,0.0,0.0,0.0,0.0,0.0,0.009999999999999998,0.0,0.0,0.009999999999999998,0.0,0.0,0.0,0.0,0.0,0.0,0.0,0.0,0.0,0.0,0.0,0.0,0.0,0.0,0.0,0.0,0.0,0.009999999999999998,0.0,0.0,0.0,0.0,0.0,0.0,0.0,0.0,0.0,0.0,0.0,0.0,0.0,0,0,1.0,0.0,0,0.0,0,0.2,0.2,0.0496,easy,3.691,0,0,0,0,0,0,0,1,0,0,0,0,0,0,0,0,0,0,0,0,0
91,46,0,5d482ea621c9be351f762976,2020-04-23 18:38:13.755000+00:00,does anyone else think this person was the asshole,0.625,1,0.125,8,does anyone else think this person was the asshole?,1,9,50,1,-0.4652861076680959,-0.3997242787074703,0.0,0.0,0.0,0.0,0.0,0.0,0.0,0.0,0.0,0.0,0.0,0.0,0.01,0.0,0.0,0.0,0.0,0.0,0.0,0.01,0.0,0.01,0.01,0.02,0.0,0.01,0.0,0.0,0.0,0.0,0.02,0.02,0.0,0.0,0.0,0.0,0.01,0.0,0.0,0.01,0.0,0.03,0.0,0.01,0.0,0.02,0.02,0.0,0.0,0.0,0.0,0.0,0.0,0.04,0.0,1,0,1.0,0.0,0,0.0,0,0.0,0.0,0.44639999999999996,easy,0.0,0,0,1,0,1,0,0,0,0,0,0,0,0,0,0,0,0,0,0,0,0
91,46,0,5d482ea621c9be351f76273d,2020-04-23 18:38:20.200000+00:00,i think the fact that the poster mentioned they asked politely which is a factor so i dont think theyre an asshole,0.625,1,0.125,8,"i think the fact that the poster mentioned they asked politely which is a factor, so i don't think they're an asshole",2,22,114,1,0.6121451187494011,0.6892442002011987,0.0,0.0,0.0,0.009999999999999998,0.009999999999999998,0.0,0.0,0.0,0.009999999999999998,0.0,0.0,0.009999999999999998,0.009999999999999998,0.0,0.0,0.0,0.0,0.0,0.0,0.0,0.0,0.019999999999999997,0.0,0.049999999999999996,0.0,0.009999999999999998,0.0,0.0,0.0,0.0,0.039999999999999994,0.019999999999999997,0.0,0.0,0.0,0.0,0.009999999999999998,0.019999999999999997,0.0,0.0,0.0,0.05999999999999999,0.0,0.039999999999999994,0.009999999999999998,0.029999999999999995,0.029999999999999995,0.0,0.0,0.0,0.0,0.009999999999999998,0.019999999999999997,0.10999999999999999,0.0,0,0,0.8636363636363636,0.09090909090909091,2,0.0010170690426541977,0,0.0,0.0,1.0912,easy,6.445,0,0,1,0,1,0,0,0,0,0,1,1,0,0,0,0,0,0,0,0,0
91,46,0,5d482ea521c9be351f7625cb,2020-04-23 18:38:32.623000+00:00,yea this person is an asshole youre in america its freedom of speech whether you wanna speak english or not,0.625,1,0.125,8,"yea this person is an asshole. you're in america. it's freedom of speech, whether you wanna speak english or not.",3,20,107,1,0.6121451187494011,0.6892442002011987,0.01,0.02,0.0,0.02,0.0,0.0,0.0,0.0,0.0,0.0,0.0,0.01,0.01,0.0,0.0,0.0,0.0,0.0,0.0,0.0,0.01,0.0,0.01,0.02,0.0,0.0,0.01,0.0,0.0,0.0,0.04,0.02,0.0,0.0,0.0,0.0,0.01,0.0,0.0,0.01,0.030000000000000002,0.02,0.0,0.01,0.0,0.02,0.04,0.030000000000000002,0.0,0.02,0.02,0.01,0.0,0.09,0.0,0,0,1.0,0.0,2,0.0003202049311559398,0,0.0,0.0,0.992,easy,12.423,0,0,0,0,0,0,0,0,0,0,0,0,1,0,0,0,0,1,0,0,0
91,46,0,5d482ea621c9be351f762868,2020-04-23 18:38:45.415000+00:00,i thought the son in law was actually insensitive to her not understanding french,0.625,1,0.125,8,i thought the son in law was actually insensitive to her not understanding french,4,14,81,1,-0.07349293442536971,-0.0037357409224997654,0.0,0.0,0.0,0.0,0.0,0.0,0.0,0.0,0.01,0.0,0.01,0.01,0.0,0.0,0.0,0.0,0.0,0.01,0.0,0.0,0.0,0.02,0.0,0.0,0.0,0.02,0.01,0.0,0.0,0.0,0.02,0.0,0.0,0.0,0.0,0.0,0.0,0.01,0.0,0.0,0.01,0.02,0.0,0.01,0.01,0.01,0.04,0.02,0.0,0.0,0.0,0.0,0.01,0.07,0.0,0,0,1.0,0.07142857142857142,2,0.0,0,0.05,0.0,6.586614285714285,difficult,12.792,0,0,1,0,1,1,0,0,0,0,0,1,0,0,0,0,0,0,1,0,0
91,46,0,5d482ea621c9be351f76273d,2020-04-23 18:38:52.696000+00:00,agreed,0.625,1,0.125,8,agreed,5,1,6,1,-1.2488724541535483,-1.1917013542774113,0.0,0.0,0.0,0.0,0.0,0.0,0.0,0.0,0.0,0.0,0.0,0.0,0.0,0.0,0.0,0.0,0.0,0.0,0.0,0.0,0.009999999999999998,0.0,0.0,0.0,0.0,0.0,0.0,0.0,0.0,0.0,0.0,0.0,0.0,0.0,0.0,0.0,0.0,0.0,0.0,0.0,0.0,0.0,0.0,0.0,0.0,0.0,0.0,0.0,0.0,0.0,0.0,0.0,0.0,0.0,0.0,0,0,1.0,0.0,0,0.0,0,0.0,0.0,0.0496,easy,7.281,0,0,0,0,0,0,0,0,0,0,0,0,0,0,0,0,0,0,0,0,0
91,46,0,5d482ea621c9be351f762976,2020-04-23 18:38:58.679000+00:00,maybe but if they wanted to speak english and include her they could have not everyone has to be part of every conversation ,0.625,1,0.125,8,"maybe, but if they wanted to speak english and include her they could have. not everyone has to be part of every conversation. ",6,23,124,1,0.9059899986814458,0.9862356035399266,0.03,0.01,0.0,0.03,0.01,0.02,0.0,0.0,0.01,0.0,0.01,0.01,0.0,0.0,0.0,0.0,0.0,0.0,0.0,0.02,0.0,0.0,0.0,0.02,0.0,0.01,0.0,0.0,0.0,0.0,0.06,0.01,0.0,0.0,0.0,0.0,0.0,0.0,0.0,0.02,0.03,0.049999999999999996,0.0,0.0,0.02,0.04,0.09000000000000001,0.03,0.0,0.01,0.0,0.0,0.0,0.13,0.01,0,0,0.9130434782608695,0.0,0,0.0,1,0.0,0.0,1.8273217391304348,easy,5.983,0,0,1,0,0,0,0,0,0,0,0,0,0,0,0,0,0,0,0,0,0
91,46,0,5d482ea621c9be351f762881,2020-04-23 18:39:02.087000+00:00,i personally think the person is an asshole just because she doesnt understand doesnt mean she is entitled to know what they are talking about,0.625,1,0.125,8,"i personally think the person is an asshole, just because she doesn't understand doesn't mean she is entitled to know what they are talking about",7,25,142,1,1.0039382919921274,1.0852327379861693,0.0,0.0,0.0,0.01,0.0,0.0,0.0,0.0,0.02,0.0,0.02,0.02,0.01,0.0,0.0,0.0,0.0,0.0,0.0,0.0,0.0,0.04,0.01,0.09,0.0,0.0,0.0,0.0,0.0,0.0,0.05,0.01,0.0,0.0,0.0,0.01,0.01,0.01,0.0,0.0,0.01,0.09,0.0,0.02,0.02,0.05,0.06,0.02,0.0,0.0,0.0,0.0,0.01,0.13999999999999999,0.0,0,0,0.88,0.04,2,0.0,0,0.49375,-0.15625,1.24,easy,3.408,0,0,1,0,1,0,0,0,0,0,0,1,0,0,0,0,0,0,0,0,0
91,46,0,5d482ea621c9be351f76287b,2020-04-23 18:39:10.938000+00:00,they are free to speak what they want,0.625,1,0.125,8,they are free to speak what they want.,8,8,37,1,-0.5632344009787775,-0.49872141315371293,0.01,0.01,0.0,0.0,0.0,0.0,0.0,0.0,0.0,0.0,0.0,0.0,0.0,0.0,0.0,0.0,0.0,0.0,0.0,0.0,0.01,0.0,0.0,0.02,0.0,0.0,0.0,0.0,0.0,0.0,0.030000000000000002,0.01,0.0,0.0,0.01,0.0,0.0,0.0,0.0,0.0,0.0,0.02,0.0,0.0,0.0,0.01,0.01,0.01,0.0,0.01,0.0,0.01,0.0,0.05,0.0,0,0,0.875,0.0,5,0.0,0,0.8,0.4,0.3968,easy,8.851,0,0,0,0,0,0,0,0,0,0,0,0,0,0,0,0,0,1,0,0,0
91,46,0,5d482ea521c9be351f7625cb,2020-04-23 18:39:13.117000+00:00,the person probably feels most comfortable speaking french now they feel super uncomfortable for speaking what they know best,0.625,1,0.125,8,the person probably feels most comfortable speaking french. now they feel super uncomfortable for speaking what they know best.,9,19,125,1,0.5141968254387196,0.590247065754956,0.0,0.02,0.0,0.0,0.0,0.0,0.0,0.02,0.02,0.01,0.0,0.0,0.0,0.0,0.0,0.0,0.0,0.0,0.0,0.01,0.03,0.03,0.01,0.03,0.0,0.0,0.01,0.0,0.0,0.0,0.05,0.01,0.0,0.0,0.0,0.0,0.0,0.0,0.02,0.02,0.0,0.03,0.0,0.01,0.0,0.0,0.05,0.01,0.0,0.04,0.0,0.03,0.0,0.07,0.01,0,0,0.8947368421052632,0.0,3,0.0,1,0.5444444444444444,0.2888888888888889,5.409952631578947,medium,2.179,0,0,1,0,1,0,0,0,0,0,0,0,0,0,0,0,0,1,1,0,0
91,46,0,5d482ea621c9be351f76273d,2020-04-23 18:39:15.008000+00:00,i think because its a son it makes it ruder to speak a language the poster doesnt understand they can go to a private space to speak if they want to speak privately,0.625,1,0.125,8,i think because it's a son it makes it ruder to speak a language the poster doesn't understand. they can go to a private space to speak if they want to speak privately.,10,33,164,1,1.7875246384775798,1.8772098135561104,0.02,0.029999999999999995,0.0,0.02,0.0,0.0,0.0,0.0,0.0,0.0,0.0,0.01,0.0,0.0,0.0,0.0,0.0,0.01,0.01,0.0,0.0,0.02,0.0,0.07,0.0,0.0,0.02,0.0,0.0,0.0,0.08,0.029999999999999995,0.0,0.0,0.0,0.02,0.01,0.01,0.0,0.01,0.01,0.07,0.0,0.04,0.01,0.02,0.05999999999999999,0.04,0.0,0.029999999999999995,0.0,0.029999999999999995,0.01,0.16999999999999998,0.0,0,0,0.7272727272727273,0.030303030303030304,3,0.0,0,0.375,0.0,1.6368,easy,1.891,0,0,1,0,1,0,0,0,0,0,0,1,0,0,0,0,0,0,0,0,0
91,46,0,5d482ea621c9be351f762881,2020-04-23 18:39:36.658000+00:00,i speak to my wife and there are alot of things that i dont want my parents to know ,0.625,1,0.125,8,i speak to my wife and there are alot of things that i don't want my parents to know ,11,19,84,1,0.1224036521959934,0.1942585279699855,0.009999999999999998,0.009999999999999998,0.0,0.009999999999999998,0.0,0.009999999999999998,0.0,0.0,0.009999999999999998,0.0,0.0,0.009999999999999998,0.0,0.0,0.0,0.0,0.0,0.019999999999999997,0.0,0.0,0.0,0.009999999999999998,0.0,0.039999999999999994,0.0,0.0,0.0,0.0,0.0,0.0,0.03,0.019999999999999997,0.0,0.0,0.0,0.0,0.0,0.039999999999999994,0.0,0.009999999999999998,0.0,0.039999999999999994,0.0,0.009999999999999998,0.009999999999999998,0.019999999999999997,0.039999999999999994,0.03,0.0,0.009999999999999998,0.0,0.0,0.039999999999999994,0.11,0.0,0,0,0.8421052631578947,0.21052631578947367,2,0.00520778568405471,0,0.0,0.0,0.9424,easy,21.65,0,0,0,0,0,0,0,0,0,0,1,1,0,0,0,0,0,0,0,0,0
91,46,0,5d482ea621c9be351f76273d,2020-04-23 18:39:40.839000+00:00,true,0.625,1,0.125,8,true,12,1,4,1,-1.2488724541535483,-1.1917013542774113,0.0,0.0,0.0,0.0,0.01,0.0,0.0,0.0,0.0,0.0,0.0,0.0,0.0,0.0,0.0,0.0,0.0,0.0,0.0,0.0,0.0,0.0,0.0,0.0,0.0,0.0,0.0,0.0,0.0,0.0,0.0,0.0,0.0,0.0,0.0,0.0,0.0,0.0,0.0,0.0,0.0,0.0,0.0,0.0,0.0,0.0,0.01,0.0,0.0,0.0,0.0,0.0,0.0,0.0,0.0,0,0,1.0,0.0,0,0.0,0,0.65,0.35,0.0496,easy,4.181,0,0,0,0,0,0,0,0,0,0,0,0,0,0,0,0,0,0,0,0,0
91,46,0,5d482ea621c9be351f762868,2020-04-23 18:39:43.070000+00:00,if you are speaking in front of another person and in their home as guests its pretty much standard that you dont exclude your host,0.625,1,0.125,8,"if you are speaking in front of another person and in their home as guests, it‚äôs pretty much standard that you don‚äôt exclude your host.",13,25,131,1,1.101886585302809,1.1842298724324118,0.01,0.01,0.01,0.030000000000000002,0.0,0.01,0.0,0.0,0.0,0.0,0.0,0.01,0.0,0.0,0.0,0.0,0.0,0.0,0.0,0.01,0.01,0.0,0.01,0.02,0.0,0.0,0.030000000000000002,0.0,0.0,0.0,0.07,0.02,0.0,0.0,0.0,0.0,0.0,0.0,0.0,0.02,0.02,0.02,0.01,0.0,0.01,0.02,0.05,0.04,0.0,0.01,0.030000000000000002,0.01,0.0,0.13,0.0,0,0,0.92,0.0,0,0.0,0,0.5,0.125,1.24,easy,2.231,0,0,0,0,0,0,0,0,0,0,0,0,1,0,0,0,0,1,0,0,0
91,46,0,5d482ea621c9be351f762976,2020-04-23 18:39:55.584000+00:00,but what if they were there before and she sat down ,0.625,1,0.125,8,but what if they were there before and she sat down? ,14,11,52,1,-0.2693895210467328,-0.20173000981498504,0.01,0.0,0.0,0.030000000000000002,0.0,0.01,0.0,0.0,0.01,0.0,0.01,0.0,0.0,0.0,0.0,0.0,0.0,0.0,0.0,0.0,0.0,0.0,0.0,0.0,0.0,0.02,0.02,0.0,0.0,0.0,0.02,0.01,0.0,0.0,0.0,0.0,0.0,0.0,0.0,0.01,0.02,0.02,0.0,0.0,0.02,0.01,0.030000000000000002,0.02,0.0,0.0,0.0,0.0,0.0,0.1,0.0,1,0,1.0,0.0,2,0.0,0,0.2888888888888889,-0.15555555555555559,0.5456,easy,12.514,0,0,0,0,0,0,0,0,0,0,0,0,0,0,0,1,1,0,0,0,0
92,46,2,5d482ea621c9be351f76273d,2020-04-23 19:07:56.065000+00:00,i dont believe that the person is an asshole because she is just trying to be considerate to her husband,0.625,2,0.25,8,i don't believe that the person is an asshole because she is just trying to be considerate to her husband.,1,20,104,1,0.5141968254387196,0.6041538525753807,0.0,0.0,0.0,0.01,0.0,0.0,0.0,0.01,0.01,0.0,0.02,0.01,0.01,0.0,0.0,0.0,0.0,0.01,0.0,0.0,0.01,0.01,0.01,0.04,0.0,0.0,0.0,0.0,0.0,0.0,0.04,0.01,0.0,0.0,0.0,0.01,0.01,0.01,0.0,0.0,0.01,0.05,0.0,0.02,0.02,0.04,0.030000000000000002,0.02,0.0,0.0,0.0,0.01,0.01,0.13,0.0,0,0,0.9,0.05,0,0.0,0,0.0,0.0,1.7815,easy,0.0,0,0,0,0,0,0,0,0,0,0,0,1,0,0,0,0,0,1,0,0,0
92,46,2,5d482ea621c9be351f762881,2020-04-23 19:07:59.475000+00:00,i think the mom is the asshole and the guy isnt,0.625,2,0.25,8,i think the mom is the asshole and the guy isn't,2,11,47,1,-0.36733781435741436,-0.30207692628769034,0.0,0.0,0.0,0.009999999999999998,0.0,0.009999999999999998,0.0,0.0,0.0,0.0,0.0,0.009999999999999998,0.009999999999999998,0.0,0.0,0.0,0.0,0.009999999999999998,0.0,0.0,0.0,0.009999999999999998,0.009999999999999998,0.029999999999999995,0.0,0.0,0.0,0.0,0.0,0.0,0.019999999999999997,0.0,0.0,0.0,0.0,0.0,0.009999999999999998,0.009999999999999998,0.0,0.0,0.0,0.029999999999999995,0.0,0.029999999999999995,0.009999999999999998,0.019999999999999997,0.019999999999999997,0.0,0.0,0.0,0.0,0.0,0.009999999999999998,0.05999999999999999,0.0,0,0,0.8181818181818182,0.09090909090909091,4,0.0004753880472329106,0,0.0,0.0,0.5456,easy,3.41,0,0,1,0,1,0,0,0,0,0,0,1,0,0,0,0,0,0,0,0,0
92,46,2,5d482ea621c9be351f76273d,2020-04-23 19:08:03.152000+00:00,agreed,0.625,2,0.25,8,agreed.,3,1,6,1,-1.2488724541535483,-1.2083077051507614,0.0,0.0,0.0,0.0,0.0,0.0,0.0,0.0,0.0,0.0,0.0,0.0,0.0,0.0,0.0,0.0,0.0,0.0,0.0,0.0,0.009999999999999998,0.0,0.0,0.0,0.0,0.0,0.0,0.0,0.0,0.0,0.0,0.0,0.0,0.0,0.0,0.0,0.0,0.0,0.0,0.0,0.0,0.0,0.0,0.0,0.0,0.0,0.0,0.0,0.0,0.0,0.0,0.0,0.0,0.0,0.0,0,0,1.0,0.0,0,0.0,0,0.0,0.0,0.0496,easy,3.677,0,0,0,0,0,0,0,0,0,0,0,0,0,0,0,0,0,0,0,0,0
92,46,2,5d482ea621c9be351f762bbf,2020-04-23 19:08:08.691000+00:00,i think that this person is considering both sides but is siding with his husband in the end which is the right thing to do ,0.625,2,0.25,8,"i think that this person is considering both sides but is siding with his husband in the end, which is the right thing to do. ",4,25,124,1,1.0039382919921274,1.1076153963881978,0.0,0.0,0.0,0.01,0.0,0.02,0.0,0.0,0.0,0.0,0.01,0.0,0.0,0.0,0.0,0.0,0.0,0.01,0.0,0.01,0.0,0.02,0.01,0.049999999999999996,0.0,0.0,0.06,0.0,0.0,0.0,0.03,0.04,0.0,0.0,0.0,0.0,0.0,0.01,0.0,0.0,0.01,0.049999999999999996,0.0,0.02,0.01,0.04,0.049999999999999996,0.03,0.0,0.0,0.0,0.01,0.01,0.16,0.0,0,0,0.88,0.04,0,0.0,0,0.5357142857142857,0.2857142857142857,1.8716,easy,5.539,0,0,1,0,1,0,0,0,0,0,0,1,0,0,0,0,0,1,0,0,0
92,46,2,5d482ea621c9be351f76273d,2020-04-23 19:08:29.571000+00:00,i think because the husband doesnt comfortably speak the language that the person is just trying to make the best of being between a rock and a hard place,0.625,2,0.25,8,i think because the husband doesn't comfortably speak the language that the person is just trying to make the best of being between a rock and a hard place.,5,29,154,1,1.3957314652348536,1.5103846314384517,0.0,0.01,0.0,0.02,0.0,0.01,0.0,0.02,0.01,0.0,0.0,0.01,0.0,0.0,0.0,0.0,0.0,0.01,0.0,0.01,0.02,0.01,0.01,0.04,0.0,0.0,0.01,0.0,0.0,0.0,0.04,0.01,0.0,0.0,0.0,0.02,0.0,0.01,0.01,0.0,0.01,0.049999999999999996,0.0,0.06,0.03,0.03,0.049999999999999996,0.03,0.0,0.02,0.0,0.04,0.01,0.16,0.0,0,0,0.8620689655172413,0.034482758620689655,7,0.0032598147755947267,0,0.5472222222222222,0.3694444444444444,1.4384,easy,20.88,0,0,1,0,1,0,0,0,0,0,0,1,0,0,0,0,0,1,1,0,0
92,46,2,5d482ea621c9be351f7627ce,2020-04-23 19:08:32.310000+00:00,the writer created afalsechoice forhimself it wasnt either or,0.625,2,0.25,8,the writer created afalsechoice forhimself. it wasn't either or,6,9,61,1,-0.4652861076680959,-0.40276923505025375,0.0,0.0,0.0,0.01,0.0,0.0,0.0,0.01,0.0,0.0,0.0,0.01,0.0,0.0,0.0,0.0,0.0,0.0,0.0,0.01,0.01,0.0,0.0,0.0,0.0,0.01,0.0,0.0,0.0,0.0,0.0,0.01,0.0,0.0,0.0,0.01,0.0,0.0,0.0,0.01,0.02,0.01,0.0,0.01,0.0,0.01,0.03,0.0,0.0,0.0,0.0,0.0,0.0,0.03,0.0,0,0,1.0,0.0,1,0.0,0,0.0,0.0,0.44639999999999996,easy,2.739,0,0,0,0,0,0,0,0,0,0,0,0,0,0,0,0,0,0,0,0,0
92,46,2,5d482ea621c9be351f762868,2020-04-23 19:08:36.674000+00:00,     ,0.625,2,0.25,8,     ,7,0,5,1,-1.34682074746423,-1.3090000139133247,0.0,0.0,0.0,0.0,0.0,0.0,0.0,0.0,0.0,0.0,0.0,0.0,0.0,0.0,0.0,0.0,0.0,0.0,0.0,0.0,0.0,0.0,0.0,0.0,0.0,0.0,0.0,0.0,0.0,0.0,0.0,0.0,0.0,0.0,0.0,0.0,0.0,0.0,0.0,0.0,0.0,0.0,0.0,0.0,0.0,0.0,0.0,0.0,0.0,0.0,0.0,0.0,0.0,0.0,0.0,0,0,0.0,0.0,0,0.0,0,0.0,0.0,0.0,easy,4.364,0,0,0,0,0,0,0,0,0,0,0,0,0,0,0,0,0,0,0,0,0
92,46,2,5d482ea621c9be351f76287b,2020-04-23 19:08:38.490000+00:00,i think the person is an asshole they are visiting their mom not the boyfriend so she should be speaking english ,0.625,2,0.25,8,"i think the person is an asshole. they are visiting their mom, not the boyfriend so she should be speaking english. ",8,21,113,1,0.6121451187494011,0.7048461613379441,0.009999999999999998,0.009999999999999998,0.0,0.009999999999999998,0.0,0.0,0.0,0.0,0.009999999999999998,0.0,0.009999999999999998,0.009999999999999998,0.009999999999999998,0.0,0.0,0.0,0.0,0.009999999999999998,0.0,0.0,0.0,0.009999999999999998,0.009999999999999998,0.029999999999999995,0.009999999999999998,0.0,0.009999999999999998,0.0,0.0,0.0,0.07999999999999999,0.0,0.0,0.0,0.0,0.0,0.009999999999999998,0.009999999999999998,0.0,0.0,0.009999999999999998,0.049999999999999996,0.009999999999999998,0.029999999999999995,0.009999999999999998,0.039999999999999994,0.029999999999999995,0.0,0.0,0.009999999999999998,0.0,0.0,0.009999999999999998,0.12999999999999998,0.0,0,0,0.9523809523809523,0.047619047619047616,0,0.0,0,0.0,0.0,1.0415999999999999,easy,1.816,0,0,1,0,1,0,0,0,0,0,0,1,0,0,0,0,0,0,0,0,0
92,46,2,5d482ea621c9be351f762976,2020-04-23 19:08:46.279000+00:00,im not sure i think theres more to consider here she came to visit her mom and spend time with her mom seeing as she lives parttime in both places ,0.625,2,0.25,8,"i'm not sure, i think there's more to consider here. she came to visit her mom and spend time with her mom seeing as she lives part-time in both places. ",9,30,147,1,1.4936797585455353,1.611076940201015,0.0,0.0,0.0,0.02,0.01,0.04,0.0,0.0,0.02,0.0,0.04,0.01,0.0,0.0,0.0,0.01,0.0,0.02,0.0,0.02,0.01,0.02,0.0,0.02,0.0,0.01,0.05999999999999999,0.0,0.0,0.0,0.06999999999999999,0.0,0.0,0.0,0.01,0.0,0.0,0.01,0.0,0.0,0.01,0.029999999999999995,0.0,0.0,0.01,0.01,0.08,0.05,0.0,0.01,0.0,0.0,0.01,0.15,0.0,0,0,0.8666666666666667,0.03333333333333333,3,0.0033813130135527183,0,0.6944444444444444,0.125,1.488,easy,7.789,0,0,1,0,1,0,0,0,0,0,1,1,0,0,0,0,0,0,0,0,0
92,46,2,5d482ea621c9be351f762881,2020-04-23 19:08:47.082000+00:00,he is looking at both sides and think that the mom would be understanding and accomidating to her son in law,0.625,2,0.25,8,he is looking at both sides and think that the mom would be understanding and accomidating to her son in law,10,21,108,1,0.7100934120600827,0.8055384701005075,0.01,0.0,0.0,0.02,0.0,0.03,0.0,0.0,0.0,0.0,0.02,0.0,0.0,0.0,0.0,0.01,0.0,0.02,0.0,0.01,0.0,0.02,0.0,0.02,0.01,0.0,0.04,0.0,0.0,0.0,0.04,0.01,0.0,0.0,0.0,0.0,0.0,0.0,0.0,0.0,0.0,0.04,0.0,0.01,0.02,0.03,0.07,0.03,0.0,0.01,0.0,0.0,0.0,0.12,0.0,0,0,0.9523809523809523,0.0,5,0.003956478373575562,0,0.0,0.0,6.181909523809524,difficult,0.803,0,0,1,0,0,0,0,0,0,0,0,0,0,0,0,0,0,0,0,0,0
92,46,2,5d482ea621c9be351f762868,2020-04-23 19:08:59.185000+00:00,  agreed ,0.625,2,0.25,8,  agreed ,11,1,9,1,-1.2488724541535483,-1.2083077051507614,0.0,0.0,0.0,0.0,0.0,0.0,0.0,0.0,0.0,0.0,0.0,0.0,0.0,0.0,0.0,0.0,0.0,0.0,0.0,0.0,0.009999999999999998,0.0,0.0,0.0,0.0,0.0,0.0,0.0,0.0,0.0,0.0,0.0,0.0,0.0,0.0,0.0,0.0,0.0,0.0,0.0,0.0,0.0,0.0,0.0,0.0,0.0,0.0,0.0,0.0,0.0,0.0,0.0,0.0,0.0,0.0,0,0,1.0,0.0,0,0.0,0,0.0,0.0,0.0496,easy,12.103,0,0,0,0,0,0,0,0,0,0,0,0,0,0,0,0,0,0,0,0,0
92,46,2,5d482ea521c9be351f7625cb,2020-04-23 19:09:12.770000+00:00,i think shes an asshole because she is a guest  she should include her mom in the conversation cause she never gets to see her,0.625,2,0.25,8,i think she's an asshole because she is a guest.  she should include her mom in the conversation cause she never gets to see her.,12,25,126,1,1.0039382919921274,1.1076153963881978,0.01,0.0,0.0,0.01,0.01,0.01,0.0,0.0,0.0,0.0,0.06,0.01,0.01,0.0,0.0,0.01,0.0,0.01,0.0,0.0,0.0,0.01,0.0,0.049999999999999996,0.01,0.0,0.02,0.0,0.0,0.0,0.09,0.0,0.0,0.0,0.0,0.02,0.01,0.01,0.0,0.0,0.0,0.06,0.01,0.03,0.02,0.03,0.06,0.02,0.0,0.01,0.0,0.01,0.01,0.13999999999999999,0.0,0,0,0.88,0.04,0,0.0,0,0.0,0.0,1.8716,easy,13.585,0,0,1,0,1,0,0,0,0,0,0,1,0,0,0,0,0,0,0,0,0
92,46,2,5d482ea621c9be351f7627ce,2020-04-23 19:09:22.557000+00:00,hes the asshole fornot explaining  before hand tomom,0.625,2,0.25,8,he's the asshole fornot explaining  before hand tomom,13,8,52,1,-0.5632344009787775,-0.5034615438128172,0.0,0.0,0.0,0.0,0.0,0.0,0.01,0.0,0.0,0.0,0.01,0.0,0.01,0.0,0.0,0.0,0.01,0.0,0.0,0.0,0.0,0.01,0.0,0.01,0.0,0.0,0.01,0.0,0.0,0.0,0.02,0.0,0.0,0.0,0.0,0.0,0.01,0.0,0.01,0.0,0.0,0.01,0.0,0.01,0.0,0.01,0.01,0.01,0.0,0.01,0.0,0.0,0.0,0.02,0.0,0,0,1.0,0.0,1,0.0003202049311559398,0,0.0,0.0,0.3968,easy,9.787,0,0,0,0,0,0,0,0,0,0,0,0,0,0,0,0,0,0,0,0,0
92,46,2,5d482ea521c9be351f7625cb,2020-04-23 19:09:24.162000+00:00,her husband will understand obviously her mom doesnt but thats alright,0.625,2,0.25,8,her husband will understand. obviously her mom doesn't. but that's alright.,14,11,70,1,-0.2693895210467328,-0.20138461752512687,0.0,0.0,0.0,0.009999999999999998,0.009999999999999998,0.0,0.0,0.0,0.0,0.0,0.019999999999999997,0.009999999999999998,0.0,0.0,0.0,0.0,0.0,0.019999999999999997,0.0,0.0,0.009999999999999998,0.009999999999999998,0.0,0.03,0.009999999999999998,0.0,0.0,0.0,0.0,0.0,0.039999999999999994,0.009999999999999998,0.0,0.0,0.0,0.0,0.0,0.0,0.0,0.0,0.009999999999999998,0.039999999999999994,0.0,0.0,0.009999999999999998,0.03,0.03,0.0,0.0,0.0,0.0,0.0,0.0,0.039999999999999994,0.0,0,0,0.9090909090909091,0.0,0,0.0,0,0.5,0.0,0.5456,easy,1.605,0,0,0,0,0,0,0,0,0,0,0,0,0,0,0,0,0,0,0,0,0
93,47,1,5ea12e4ade5d74641b66be98,2020-04-23 18:57:25.559000+00:00,i think the person in question is an asshole  even though they are married the husband shouldnt have to tend to the mother in law every time she has a translation question ,1.0,0,0.0,5,"i think the person in question is an asshole.  even though they are married, the husband shouldn't have to tend to the mother in law every time she has a translation question. ",1,32,172,1,1.6895763451668984,0.7249895686307383,0.01,0.0,0.0,0.01,0.01,0.0,0.0,0.0,0.02,0.0,0.01,0.01,0.01,0.0,0.0,0.0,0.0,0.03,0.0,0.01,0.0,0.03,0.01,0.06,0.01,0.0,0.03,0.0,0.0,0.0,0.08,0.0,0.0,0.0,0.0,0.0,0.01,0.01,0.0,0.02,0.0,0.07,0.0,0.049999999999999996,0.0,0.049999999999999996,0.06,0.04,0.0,0.0,0.0,0.01,0.01,0.16,0.0,0,0,0.84375,0.03125,0,0.0,0,0.25,0.25,1.5872,easy,0.0,0,0,1,0,1,0,0,0,0,0,0,1,0,0,0,0,0,0,0,0,0
93,47,1,5d482ea721c9be351f762cb3,2020-04-23 18:57:33.172000+00:00,my initial reaction is the wife is dumping her parents off on her husband to solve their problems,1.0,0,0.0,5,my initial reaction is the wife is dumping her parents off on her husband to solve their problems.,2,18,97,1,0.4162485321280381,-0.271871088236527,0.01,0.0,0.0,0.0,0.0,0.0,0.0,0.01,0.0,0.0,0.02,0.0,0.0,0.0,0.0,0.0,0.0,0.03,0.01,0.0,0.0,0.01,0.0,0.02,0.0,0.0,0.03,0.0,0.0,0.0,0.06,0.0,0.0,0.0,0.0,0.02,0.01,0.01,0.0,0.0,0.0,0.02,0.0,0.01,0.0,0.02,0.03,0.03,0.0,0.0,0.0,0.0,0.01,0.09999999999999999,0.0,0,0,0.8888888888888888,0.0,4,0.000727802037845706,0,0.0,0.0,0.8927999999999999,easy,7.613,0,0,0,0,0,0,0,0,0,0,0,1,0,0,0,0,0,0,1,0,0
93,47,1,5d482ea621c9be351f762a97,2020-04-23 18:57:50.342000+00:00,i think its unreasonable for the person to ask her husband to help out all of the time i understand occasionally but constantly is too much ,1.0,0,0.0,5,i think it's unreasonable for the person to ask her husband to help out all of the time. i understand occasionally but constantly is too much. ,3,26,140,1,1.0039382919921274,0.18821844570221083,0.0,0.0,0.0,0.009999999999999998,0.009999999999999998,0.009999999999999998,0.0,0.0,0.019999999999999997,0.0,0.009999999999999998,0.0,0.0,0.0,0.0,0.0,0.0,0.009999999999999998,0.0,0.009999999999999998,0.0,0.019999999999999997,0.009999999999999998,0.039999999999999994,0.0,0.0,0.039999999999999994,0.0,0.0,0.0,0.049999999999999996,0.009999999999999998,0.0,0.0,0.0,0.0,0.0,0.019999999999999997,0.0,0.009999999999999998,0.009999999999999998,0.039999999999999994,0.0,0.019999999999999997,0.009999999999999998,0.009999999999999998,0.06,0.049999999999999996,0.0,0.0,0.0,0.0,0.019999999999999997,0.15,0.0,0,0,0.8846153846153846,0.07692307692307693,6,0.000727802037845706,0,0.21944444444444444,0.06666666666666667,6.140715384615384,difficult,17.17,0,0,1,0,1,0,0,0,0,0,1,1,0,0,0,0,0,0,1,0,0
93,47,1,5ea0d2929dc0406f89889f9f,2020-04-23 18:57:57.561000+00:00,i think that she is an asshole because she should be willing to help some of the time she should figure out something for her parents when they need help translating  she could have asked one of her siblings to step up and help,1.0,0,0.0,5,i think that she is an asshole because she should be willing to help some of the time. she should figure out something for her parents when they need help translating.  she could have asked one of her siblings to step up and help.,4,44,227,1,2.864955864895077,1.645168636508214,0.04,0.0,0.0,0.030000000000000002,0.0,0.02,0.0,0.0,0.01,0.0,0.060000000000000005,0.0,0.01,0.0,0.0,0.0,0.0,0.01,0.0,0.01,0.0,0.02,0.0,0.04,0.02,0.01,0.05,0.0,0.0,0.0,0.13,0.02,0.0,0.0,0.0,0.01,0.01,0.01,0.0,0.02,0.01,0.09000000000000001,0.0,0.02,0.02,0.060000000000000005,0.11,0.07,0.0,0.0,0.0,0.01,0.01,0.26999999999999996,0.0,0,0,0.7954545454545454,0.022727272727272728,10,0.005101594922609465,0,0.75,0.25,2.1824,easy,7.219,0,0,1,0,1,0,0,0,0,0,0,1,0,0,0,0,0,1,0,0,0
93,47,1,5ea12e4ade5d74641b66be98,2020-04-23 18:58:17.594000+00:00,i agree with the husband that the wifes parents should have learned english  yes you immigrated and its hard but the parents are assholes too for burdening the wife and now the husband,1.0,0,0.0,5,"i agree with the husband, that the wife's parents *should* have learned english.  yes, you immigrated, and it's hard, but the parents are assholes too for burdening the wife and now the husband.",5,33,184,1,1.7875246384775798,0.801671157620528,0.01,0.0,0.0,0.03,0.0,0.03,0.0,0.0,0.02,0.0,0.0,0.0,0.01,0.0,0.0,0.0,0.0,0.06,0.0,0.0,0.01,0.01,0.0,0.02,0.01,0.0,0.01,0.0,0.0,0.0,0.07,0.02,0.0,0.01,0.0,0.0,0.01,0.01,0.01,0.0,0.01,0.03,0.0,0.05,0.04,0.03,0.06,0.02,0.0,0.01,0.01,0.0,0.01,0.19,0.0,0,0,0.7878787878787878,0.030303030303030304,11,0.006234210471700071,0,0.2708333333333333,-0.14583333333333334,1.6368,easy,20.033,0,0,1,0,0,0,0,0,0,0,0,1,1,0,0,0,0,0,1,0,0
93,47,1,5d482ea621c9be351f7628ce,2020-04-23 18:58:26.717000+00:00,i was thinking since the wife is working full time and doing her masters she has her  hands full and asking the husband to help her parents isnt that big a deal since they are married,1.0,0,0.0,5,i was thinking since the wife is working full time and doing her masters she has her  hands full and asking the husband to help her parents isnt that big a deal since they are married,6,36,183,1,2.0813695184096246,1.0317159245898968,0.0,0.0,0.0,0.02,0.0,0.02,0.01,0.02,0.0,0.0,0.04,0.01,0.0,0.0,0.0,0.0,0.01,0.04,0.0,0.02,0.0,0.01,0.0,0.04,0.0,0.01,0.04,0.0,0.0,0.0,0.12000000000000001,0.01,0.0,0.02,0.0,0.02,0.0,0.01,0.01,0.0,0.0,0.060000000000000005,0.0,0.030000000000000002,0.02,0.060000000000000005,0.05,0.030000000000000002,0.0,0.01,0.0,0.02,0.01,0.18,0.0,0,0,0.8333333333333334,0.027777777777777776,6,0.007244757967946852,0,0.36250000000000004,0.2375,1.7855999999999999,easy,9.123,0,0,1,0,1,0,0,0,0,0,0,1,0,0,0,0,0,1,0,0,0
94,47,3,5ea12e4ade5d74641b66be98,2020-04-23 19:27:06.505000+00:00,the person in question is not an asshole  it is not his responsibility to act as a translator for the family,0.8,0,0.0,5,the person in question is not an asshole.  it is not his responsibility to act as a translator for the family.,1,21,108,1,0.7100934120600827,0.03291958423201565,0.0,0.0,0.01,0.01,0.0,0.0,0.0,0.01,0.0,0.0,0.01,0.02,0.01,0.0,0.0,0.0,0.0,0.01,0.0,0.0,0.0,0.01,0.01,0.02,0.0,0.0,0.02,0.0,0.01,0.0,0.04,0.01,0.0,0.01,0.0,0.0,0.01,0.0,0.0,0.01,0.02,0.02,0.0,0.04,0.0,0.02,0.04,0.04,0.0,0.0,0.0,0.01,0.0,0.14,0.0,0,0,0.8571428571428571,0.0,0,0.0,0,0.0,0.0,1.793504761904762,easy,0.0,0,0,0,0,0,0,0,0,0,0,0,0,0,0,0,0,0,0,0,0,0
94,47,3,5d482ea621c9be351f762a97,2020-04-23 19:27:18.964000+00:00,i dont think hes an asshole i think his feelings are completely valid and to the point where hes just being used and is their crutch,0.8,0,0.0,5,i don't think he's an asshole. i think his feelings are completely valid and to the point where hes just being used and is their crutch.,2,26,132,1,1.0039382919921274,0.3072494528321465,0.0,0.0,0.0,0.02,0.01,0.02,0.0,0.0,0.030000000000000002,0.0,0.030000000000000002,0.01,0.01,0.0,0.0,0.0,0.0,0.0,0.0,0.0,0.0,0.030000000000000002,0.0,0.07,0.0,0.01,0.02,0.0,0.0,0.0,0.04,0.0,0.0,0.0,0.0,0.01,0.01,0.02,0.01,0.0,0.01,0.09,0.0,0.02,0.030000000000000002,0.060000000000000005,0.08,0.01,0.0,0.01,0.0,0.0,0.02,0.14,0.0,0,0,0.8461538461538461,0.07692307692307693,5,0.0003202049311559398,0,0.4,0.1,1.2895999999999999,easy,12.459,0,0,1,0,1,1,0,0,0,0,1,1,0,0,0,0,0,0,0,0,0
94,47,3,5d482ea721c9be351f762cb3,2020-04-23 19:27:37.916000+00:00,my initial impression is the husband did a poor job of explaining why he didnt want to do this the way he said it makes him look like an asshole,0.8,0,0.0,5,my initial impression is the husband did a poor job of explaining why he didn't want to do this. the way he said it makes him look like an asshole.,3,30,144,1,1.5916280518562167,0.8559091900324082,0.009999999999999998,0.009999999999999998,0.0,0.0,0.0,0.0,0.0,0.0,0.0,0.0,0.03,0.009999999999999998,0.009999999999999998,0.0,0.0,0.009999999999999998,0.0,0.009999999999999998,0.0,0.0,0.019999999999999997,0.009999999999999998,0.0,0.05,0.0,0.03,0.019999999999999997,0.0,0.0,0.0,0.06,0.019999999999999997,0.0,0.009999999999999998,0.009999999999999998,0.019999999999999997,0.009999999999999998,0.009999999999999998,0.0,0.0,0.0,0.07999999999999999,0.0,0.039999999999999994,0.0,0.039999999999999994,0.039999999999999994,0.019999999999999997,0.0,0.019999999999999997,0.0,0.019999999999999997,0.009999999999999998,0.15999999999999998,0.0,0,0,0.9333333333333333,0.0,5,0.0003202049311559398,0,0.3,-0.2,1.488,easy,18.952,0,0,0,0,0,0,0,0,0,0,0,1,0,0,0,0,0,1,1,0,0
94,47,3,5ea12e4ade5d74641b66be98,2020-04-23 19:27:42.443000+00:00,in addition he provided a bunch of resources so that the parents could become independent,0.8,0,0.0,5,"in addition, he provided a bunch of resources so that the parents could become independent.",4,15,89,1,0.1224036521959934,-0.515740152968246,0.01,0.0,0.0,0.01,0.0,0.01,0.0,0.0,0.01,0.0,0.01,0.0,0.0,0.0,0.0,0.0,0.0,0.01,0.0,0.01,0.0,0.01,0.0,0.01,0.0,0.0,0.01,0.0,0.0,0.0,0.02,0.01,0.0,0.01,0.0,0.01,0.0,0.0,0.0,0.0,0.0,0.02,0.0,0.02,0.01,0.02,0.04,0.02,0.0,0.0,0.0,0.01,0.0,0.06999999999999999,0.0,0,0,1.0,0.0,4,0.0,0,0.125,0.0,5.433166666666667,medium,4.527,0,0,0,0,0,0,0,0,0,0,0,0,0,0,0,0,0,0,0,0,0
94,47,3,5d482ea621c9be351f7628ce,2020-04-23 19:28:00.387000+00:00,his attitudetone in the post was totally disrespectful toward her parents,0.8,0,0.0,5,his attitude/tone in the post was totally disrespectful toward her parents,5,11,73,1,-0.2693895210467328,-0.8815133111017538,0.0,0.0,0.0,0.0,0.009999999999999998,0.0,0.0,0.0,0.009999999999999998,0.0,0.019999999999999997,0.0,0.0,0.0,0.0,0.0,0.0,0.009999999999999998,0.0,0.0,0.0,0.0,0.0,0.0,0.0,0.009999999999999998,0.03,0.0,0.0,0.0,0.03,0.0,0.0,0.0,0.0,0.0,0.0,0.0,0.0,0.0,0.0,0.009999999999999998,0.0,0.009999999999999998,0.0,0.009999999999999998,0.009999999999999998,0.019999999999999997,0.0,0.0,0.0,0.0,0.0,0.049999999999999996,0.0,0,0,1.0,0.0,2,0.00303951367781155,0,0.75,0.0,5.617554545454546,medium,17.944,0,0,0,0,0,0,0,0,0,0,0,0,0,0,0,0,0,0,1,0,0
94,47,3,5d482ea621c9be351f762911,2020-04-23 19:28:12.915000+00:00,i dont think hes ta he cant be there all the time for them,0.8,0,0.0,5,i don't think he's ta. he can't be there all the time for them.,6,14,58,1,-0.07349293442536971,-0.6986267320349999,0.0,0.0,0.0,0.0,0.009999999999999998,0.0,0.0,0.0,0.009999999999999998,0.0,0.019999999999999997,0.019999999999999997,0.0,0.0,0.0,0.0,0.0,0.0,0.0,0.0,0.0,0.009999999999999998,0.0,0.039999999999999994,0.0,0.0,0.009999999999999998,0.0,0.0,0.0,0.03,0.0,0.0,0.0,0.0,0.0,0.0,0.009999999999999998,0.0,0.0,0.0,0.05,0.0,0.009999999999999998,0.0,0.039999999999999994,0.019999999999999997,0.009999999999999998,0.0,0.0,0.0,0.0,0.009999999999999998,0.07999999999999999,0.0,0,0,1.0,0.07142857142857142,1,0.0,0,0.0,0.0,0.6944,easy,12.528,0,0,1,0,1,0,0,0,0,0,0,1,0,0,0,0,0,0,0,0,0
94,47,3,5ea0d2929dc0406f89889f9f,2020-04-23 19:28:20.730000+00:00,i do not think he is an asshole it can get frustrating when someone asks you for help with the same thing over and over when the person could take it on themselves to at least try,0.8,0,0.0,5,"i do not think he is an asshole. it can get frustrating when someone asks you for help with the same thing over and over, when the person could take it on themselves to at least try.",7,37,179,1,2.1793178117203063,1.4045689272326698,0.01,0.0,0.0,0.03,0.0,0.02,0.0,0.01,0.02,0.0,0.01,0.01,0.01,0.0,0.0,0.0,0.0,0.0,0.0,0.02,0.0,0.01,0.01,0.08,0.0,0.0,0.06,0.0,0.0,0.0,0.07,0.04,0.0,0.0,0.0,0.0,0.02,0.01,0.0,0.01,0.01,0.09000000000000001,0.0,0.03,0.01,0.04,0.07,0.07,0.0,0.0,0.01,0.0,0.01,0.24,0.0,0,0,0.8918918918918919,0.02702702702702703,4,0.0005036151718260998,0,0.4749999999999999,-0.2333333333333333,1.8352,easy,7.815,0,0,1,0,1,0,0,0,0,0,0,1,1,0,0,0,0,0,1,0,0
95,48,0,5ea1d246de5d74641b67178a,2020-04-27 15:57:10.998000+00:00,i thought the original poster was the asshole here because she found it disrespectful for someone to use their native tongue ie the tongue they feel most comfortable with when in conversation that clearly wasnt directed at her,1.0,1,0.2,5,"i thought the original poster was the ""asshole"" here because she found it ""disrespectful"" for someone to use their native tongue, i.e., the tongue they feel most comfortable with, when in conversation that clearly wasn't directed at her.",1,38,226,1,2.2772661050309875,1.0476212929508368,0.0,0.0,0.0,0.019999999999999997,0.009999999999999998,0.009999999999999998,0.019999999999999997,0.0,0.029999999999999995,0.0,0.019999999999999997,0.009999999999999998,0.009999999999999998,0.0,0.0,0.0,0.019999999999999997,0.0,0.0,0.009999999999999998,0.019999999999999997,0.029999999999999995,0.0,0.019999999999999997,0.0,0.039999999999999994,0.029999999999999995,0.0,0.0,0.0,0.05999999999999999,0.029999999999999995,0.0,0.0,0.0,0.019999999999999997,0.009999999999999998,0.009999999999999998,0.009999999999999998,0.019999999999999997,0.0,0.05999999999999999,0.0,0.029999999999999995,0.009999999999999998,0.019999999999999997,0.09,0.049999999999999996,0.0,0.029999999999999995,0.0,0.019999999999999997,0.009999999999999998,0.19999999999999998,0.0,0,0,0.9210526315789473,0.02631578947368421,0,0.0,0,0.6083333333333333,0.34375,2.3003263157894738,easy,0.0,0,0,1,0,1,0,0,0,0,0,0,1,0,0,0,0,0,1,1,0,0
95,48,0,5ea6f884002f966295b20062,2020-04-27 15:57:39.543000+00:00,i think that if the husband feels more comfortable speaking in french then they should feel free to speak in that language i do not see how it is disrespectful ,1.0,1,0.2,5,i think that if the husband feels more comfortable speaking in french then they should feel free to speak in that language. i do not see how it is disrespectful. ,2,30,160,1,1.3957314652348536,0.432713142740563,0.020000000000000004,0.020000000000000004,0.0,0.03,0.0,0.0,0.0,0.0,0.010000000000000002,0.0,0.0,0.010000000000000002,0.0,0.0,0.0,0.010000000000000002,0.0,0.010000000000000002,0.0,0.010000000000000002,0.020000000000000004,0.03,0.0,0.06,0.010000000000000002,0.0,0.03,0.0,0.0,0.0,0.05,0.03,0.0,0.0,0.010000000000000002,0.010000000000000002,0.0,0.020000000000000004,0.020000000000000004,0.010000000000000002,0.020000000000000004,0.06999999999999999,0.0,0.010000000000000002,0.0,0.03,0.06999999999999999,0.03,0.0,0.05,0.0,0.020000000000000004,0.020000000000000004,0.18000000000000002,0.0,0,0,0.9,0.06666666666666667,8,0.011468092220098796,0,0.525,0.325,1.488,easy,28.545,0,0,1,0,1,0,0,0,0,0,1,1,0,0,0,0,0,1,1,0,0
95,48,0,5ea6f4d8002f966295b1fff4,2020-04-27 15:57:46.037000+00:00,i had the same initial impression it sounded like the guy just isnt that comfortable speaking english so i doubt theyre doing it to exclude anyone,1.0,1,0.2,5,"i had the same initial impression. it sounded like the guy just isn't that comfortable speaking english, so i doubt they're doing it to exclude anyone.",3,26,146,1,1.0039382919921274,0.15942063153599684,0.0,0.019999999999999997,0.0,0.009999999999999998,0.0,0.0,0.0,0.0,0.019999999999999997,0.009999999999999998,0.0,0.009999999999999998,0.0,0.0,0.0,0.0,0.0,0.0,0.009999999999999998,0.009999999999999998,0.03,0.0,0.009999999999999998,0.019999999999999997,0.0,0.009999999999999998,0.009999999999999998,0.0,0.0,0.0,0.039999999999999994,0.039999999999999994,0.0,0.0,0.0,0.0,0.0,0.019999999999999997,0.0,0.019999999999999997,0.019999999999999997,0.039999999999999994,0.0,0.019999999999999997,0.019999999999999997,0.039999999999999994,0.049999999999999996,0.009999999999999998,0.0,0.019999999999999997,0.0,0.019999999999999997,0.019999999999999997,0.12999999999999998,0.0,0,0,0.8846153846153846,0.07692307692307693,6,0.007172845316855249,0,0.23125,0.1,1.2895999999999999,easy,6.494,0,0,1,0,1,0,0,0,0,0,1,1,0,0,0,0,1,1,1,0,0
95,48,0,5ea6f6e0002f966295b20011,2020-04-27 15:57:51.700000+00:00,this person is completely an asshole what she said was nationalist and racist it was also very nosey she dont need to know everything that everyone is saying you dont own other peoples conversations and thoughts,1.0,1,0.2,5,this person is completely an asshole. what she said was nationalist and racist. it was also very nosey. she don't need to know everything that everyone is saying. you don't own other peoples conversations and thoughts,4,36,211,1,2.1793178117203063,0.9792981651496954,0.01,0.02,0.0,0.029999999999999995,0.02,0.02,0.01,0.0,0.029999999999999995,0.0,0.02,0.02,0.01,0.0,0.0,0.0,0.01,0.0,0.0,0.01,0.0,0.02,0.02,0.05999999999999999,0.0,0.029999999999999995,0.01,0.0,0.0,0.0,0.09999999999999999,0.07,0.0,0.0,0.0,0.0,0.01,0.0,0.0,0.0,0.0,0.09,0.0,0.01,0.02,0.05999999999999999,0.07,0.01,0.0,0.029999999999999995,0.01,0.0,0.0,0.18,0.0,1,0,0.8611111111111112,0.0,3,0.0,0,0.51875,0.19375,6.299322222222222,difficult,5.663,0,0,0,0,0,0,0,0,0,0,0,0,1,0,0,0,0,0,1,0,0
95,48,0,5ea1d246de5d74641b67178a,2020-04-27 15:58:02.426000+00:00,exactly she simply wanted to be eavesdropping 247,1.0,1,0.2,5,exactly. she simply wanted to be eavesdropping 24/7.,5,8,49,1,-0.5632344009787775,-0.9337494132822678,0.009999999999999998,0.0,0.0,0.0,0.009999999999999998,0.0,0.0,0.0,0.009999999999999998,0.0,0.009999999999999998,0.0,0.0,0.0,0.0,0.0,0.0,0.0,0.0,0.0,0.0,0.0,0.0,0.0,0.0,0.009999999999999998,0.0,0.0,0.0,0.0,0.009999999999999998,0.0,0.0,0.0,0.0,0.0,0.0,0.0,0.0,0.0,0.0,0.019999999999999997,0.0,0.0,0.0,0.009999999999999998,0.019999999999999997,0.009999999999999998,0.0,0.0,0.0,0.0,0.0,0.03,0.0,0,0,1.0,0.0,2,0.0,0,0.3035714285714286,0.125,0.3968,easy,10.726,0,0,0,0,0,0,0,0,0,0,0,0,0,0,0,0,0,0,0,0,0
95,48,0,5ea6f820002f966295b20060,2020-04-27 15:58:31.265000+00:00,if he was only able to say a few words in english i understand why french is the only language he can truly communicate with,1.0,1,0.2,5,"if he was only able to say a few words in english, i understand why french is the only language he can truly communicate with.",6,25,124,1,1.0039382919921274,0.15942063153599684,0.01,0.01,0.0,0.01,0.01,0.01,0.0,0.01,0.03,0.0,0.02,0.0,0.0,0.0,0.0,0.0,0.0,0.0,0.0,0.01,0.01,0.01,0.0,0.03,0.0,0.01,0.01,0.0,0.0,0.0,0.049999999999999996,0.0,0.0,0.0,0.0,0.01,0.0,0.01,0.0,0.01,0.01,0.04,0.0,0.02,0.0,0.03,0.049999999999999996,0.03,0.0,0.01,0.0,0.01,0.01,0.16,0.0,0,0,0.92,0.04,1,0.0,0,0.45416666666666666,0.049999999999999996,1.8716,easy,28.839,0,0,0,0,0,0,0,0,0,0,1,0,0,0,0,0,0,0,0,0,0
95,48,0,5ea1d61ade5d74641b671d85,2020-04-27 15:58:40.439000+00:00,i agree op is the asshole even when someone speaks a second language it can be mentally exhausting to switch all the timeand yes its quite jingoistic to insist that her son and his husband speak only english around her,1.0,1,0.2,5,"i agree, op is the asshole. even when someone speaks a second language, it can be mentally exhausting to switch all the time--and yes, it's quite jingoistic to insist that her son and his husband speak only english around her.",7,40,218,1,2.473162691652351,1.18426754855312,0.0,0.020000000000000004,0.0,0.020000000000000004,0.010000000000000002,0.020000000000000004,0.010000000000000002,0.0,0.04000000000000001,0.0,0.030000000000000002,0.0,0.010000000000000002,0.0,0.010000000000000002,0.0,0.0,0.020000000000000004,0.0,0.0,0.010000000000000002,0.0,0.0,0.020000000000000004,0.0,0.0,0.030000000000000002,0.0,0.0,0.0,0.09000000000000001,0.04000000000000001,0.0,0.0,0.0,0.0,0.010000000000000002,0.010000000000000002,0.0,0.020000000000000004,0.0,0.030000000000000002,0.0,0.030000000000000002,0.020000000000000004,0.030000000000000002,0.05000000000000001,0.030000000000000002,0.0,0.020000000000000004,0.0,0.010000000000000002,0.010000000000000002,0.19000000000000003,0.0,0,0,0.925,0.025,7,0.005246681848057787,0,0.375,-0.1,2.37875,easy,9.174,0,0,1,0,0,0,0,0,0,0,0,1,0,0,0,0,0,0,0,0,0
96,48,1,5ea6f884002f966295b20062,2020-04-27 16:11:57.959000+00:00,i do not think theyre an asshole they were trying to accommodate their husband,1.0,0,0.0,6,i do not think they're an asshole. they were trying to accommodate their husband.,1,14,78,1,-0.07349293442536971,-0.8053499267882396,0.0,0.0,0.0,0.0,0.0,0.0,0.0,0.01,0.0,0.0,0.0,0.01,0.01,0.0,0.0,0.0,0.0,0.01,0.0,0.0,0.0,0.01,0.0,0.030000000000000002,0.0,0.01,0.0,0.0,0.0,0.0,0.04,0.0,0.0,0.0,0.0,0.0,0.01,0.01,0.0,0.0,0.01,0.04,0.0,0.01,0.0,0.030000000000000002,0.02,0.01,0.0,0.0,0.0,0.0,0.01,0.08,0.0,0,0,1.0,0.07142857142857142,0,0.0,0,0.0,0.0,5.458757142857143,medium,0.0,0,0,1,0,1,0,0,0,0,0,0,1,0,0,0,0,0,0,0,0,0
96,48,1,5ea1d246de5d74641b67178a,2020-04-27 16:12:09.487000+00:00,i was torn on this one i voted that the son wasnt the asshole but i think he could have thought of better ways to include his mother,1.0,0,0.0,6,"i was torn on this one. i voted that the son wasn't the asshole, but i think he could have thought of better ways to include his mother.",2,28,132,1,1.101886585302809,0.05581633155958102,0.01,0.0,0.0,0.01,0.0,0.01,0.0,0.01,0.0,0.0,0.02,0.01,0.01,0.0,0.0,0.0,0.0,0.02,0.0,0.0,0.01,0.02,0.0,0.02,0.0,0.030000000000000002,0.01,0.0,0.0,0.0,0.04,0.02,0.0,0.0,0.0,0.0,0.01,0.030000000000000002,0.0,0.0,0.01,0.060000000000000005,0.0,0.02,0.01,0.04,0.05,0.030000000000000002,0.0,0.0,0.0,0.01,0.030000000000000002,0.15,0.0,0,0,0.8928571428571429,0.10714285714285714,1,0.0011341863351359812,0,0.5,0.5,1.3888,easy,11.528,0,0,1,0,1,0,0,0,0,0,1,1,0,0,0,0,1,1,0,0,0
96,48,1,5ea6f4d8002f966295b1fff4,2020-04-27 16:12:16.760000+00:00,i dont think this persons the asshole it sounds like their husband can barely communicate in english and it said they spoke mostly german which implies they had spoken in english a fair amount as well,1.0,0,0.0,6,"i don't think this person's the asshole. it sounds like their husband can barely communicate in english, and it said they spoke ""mostly german"", which implies they had spoken in english a fair amount as well.",3,36,200,1,2.0813695184096246,0.7734548801827648,0.0,0.04,0.0,0.02,0.0,0.01,0.0,0.0,0.02,0.0,0.0,0.01,0.01,0.0,0.0,0.0,0.0,0.01,0.0,0.0,0.02,0.01,0.01,0.03,0.0,0.04,0.02,0.0,0.0,0.0,0.09,0.04,0.0,0.0,0.0,0.01,0.01,0.01,0.0,0.02,0.0,0.07,0.0,0.02,0.02,0.03,0.05,0.03,0.0,0.04,0.0,0.04,0.01,0.16,0.0,0,0,0.8888888888888888,0.027777777777777776,2,0.0008238201029820396,0,0.2,0.15,2.224211111111111,easy,7.273,0,0,1,0,1,0,0,0,0,0,0,1,0,0,0,0,0,1,0,0,0
96,48,1,5ea6f820002f966295b20060,2020-04-27 16:13:00.996000+00:00,i think the son is the asshole as he should have included the mother since it was at her house they were staying at just an attempt to link both conversations through body language even drawing pictures may help ,1.0,0,0.0,6,"i think the son is the asshole, as he should have included the mother since it was at her house they were staying at. just an attempt to link both conversations, through body language. even drawing pictures may help. ",4,39,212,1,2.375214398341669,0.98874644476972,0.01,0.0,0.01,0.01,0.0,0.02,0.01,0.01,0.02,0.0,0.02,0.0,0.01,0.0,0.0,0.0,0.01,0.02,0.0,0.01,0.0,0.02,0.0,0.030000000000000002,0.02,0.02,0.04,0.0,0.0,0.0,0.08,0.01,0.0,0.0,0.0,0.01,0.01,0.01,0.0,0.01,0.01,0.07,0.0,0.04,0.01,0.060000000000000005,0.08,0.060000000000000005,0.0,0.0,0.0,0.0,0.01,0.21000000000000002,0.0,0,0,0.9230769230769231,0.02564102564102564,6,0.0008238201029820396,0,0.0,0.0,2.3392717948717947,easy,44.236,0,0,1,0,1,0,0,0,0,0,0,1,0,0,0,0,0,0,0,0,0
96,48,1,5ea1d61ade5d74641b671d85,2020-04-27 16:13:06.662000+00:00,i do not the op is the asshole but i dont quite think the mom is being the asshole either unless she actually called her own kid an asshole i think its just a toughawkward situation and the op is trying to make it work,1.0,0,0.0,6,"i do not the op is the asshole but i don't quite think the mom is being the asshole, either, unless she actually called her own kid an asshole. i think it's just a tough/awkward situation and the op is trying to make it work.",5,45,218,1,2.7670075715843954,1.2758018642189934,0.0,0.0,0.0,0.030000000000000002,0.0,0.010000000000000002,0.0,0.010000000000000002,0.020000000000000004,0.0,0.020000000000000004,0.020000000000000004,0.030000000000000002,0.0,0.0,0.0,0.0,0.010000000000000002,0.0,0.020000000000000004,0.0,0.020000000000000004,0.010000000000000002,0.08000000000000002,0.0,0.010000000000000002,0.0,0.0,0.0,0.0,0.05000000000000001,0.020000000000000004,0.0,0.0,0.0,0.010000000000000002,0.030000000000000002,0.030000000000000002,0.0,0.010000000000000002,0.05000000000000001,0.10000000000000002,0.0,0.07,0.04000000000000001,0.060000000000000005,0.10000000000000002,0.020000000000000004,0.0,0.0,0.0,0.020000000000000004,0.030000000000000002,0.25000000000000006,0.0,0,0,0.7333333333333333,0.06666666666666667,13,0.0021230282531969897,0,0.55,0.3,2.2319999999999998,easy,5.666,0,0,1,0,1,1,0,0,0,0,1,1,0,0,0,0,1,1,0,0,0
96,48,1,5ea1d246de5d74641b67178a,2020-04-27 16:13:10.252000+00:00,the mostly is a good catch i think the son could have also repeated important parts of the conversation in english after using german that would have been beneficial for his mom and for the the husband as well,1.0,0,0.0,6,"the ""mostly"" is a good catch. i think the son could have also repeated important parts of the conversation in english after using german. that would have been beneficial for his mom and for the the husband as well.",6,39,209,1,2.375214398341669,0.98874644476972,0.019999999999999997,0.0,0.0,0.03,0.0,0.009999999999999998,0.0,0.009999999999999998,0.03,0.0,0.009999999999999998,0.0,0.0,0.0,0.0,0.0,0.0,0.03,0.0,0.0,0.039999999999999994,0.009999999999999998,0.0,0.049999999999999996,0.009999999999999998,0.009999999999999998,0.039999999999999994,0.0,0.0,0.0,0.049999999999999996,0.009999999999999998,0.0,0.0,0.0,0.009999999999999998,0.0,0.009999999999999998,0.0,0.009999999999999998,0.0,0.07999999999999999,0.0,0.06,0.019999999999999997,0.06,0.06,0.06,0.0,0.0,0.0,0.049999999999999996,0.009999999999999998,0.19999999999999998,0.0,0,0,0.8461538461538461,0.02564102564102564,8,0.0019424640926894092,0,0.4,0.275,6.38064358974359,difficult,3.59,0,0,1,0,1,0,0,0,0,0,1,0,0,0,0,0,0,1,0,0,0
96,48,1,5ea6f884002f966295b20062,2020-04-27 16:13:27.146000+00:00,i think the poster was trying to think of both parties but found it difficult to find ways to incorporate his mom,1.0,0,0.0,6,i think the poster was trying to think of both parties but found it difficult to find ways to incorporate his mom.,7,22,113,1,0.7100934120600827,-0.2312390878896925,0.0,0.0,0.0,0.009999999999999998,0.0,0.009999999999999998,0.0,0.009999999999999998,0.0,0.0,0.009999999999999998,0.0,0.0,0.0,0.0,0.0,0.0,0.009999999999999998,0.009999999999999998,0.009999999999999998,0.009999999999999998,0.039999999999999994,0.0,0.019999999999999997,0.0,0.019999999999999997,0.009999999999999998,0.0,0.0,0.0,0.029999999999999995,0.009999999999999998,0.0,0.009999999999999998,0.0,0.0,0.0,0.009999999999999998,0.0,0.0,0.009999999999999998,0.039999999999999994,0.0,0.009999999999999998,0.009999999999999998,0.009999999999999998,0.05999999999999999,0.039999999999999994,0.0,0.0,0.0,0.0,0.009999999999999998,0.10999999999999999,0.0,0,0,0.8636363636363636,0.045454545454545456,3,0.002290896148438538,0,1.0,-0.5,1.808927272727273,easy,16.894,0,0,1,0,1,0,0,0,0,0,0,1,0,0,0,0,0,0,1,0,0
97,49,2,5ea6f7b2002f966295b2001f,2020-04-27 16:11:30.341000+00:00,i feel like no one is the asshole in this situation  the husband should make more of an effort to speak english to his mother while he lives int he house ,1.0,2,0.222222222,9,i feel like no one is the asshole in this situation.  the husband should make more of an effort to speak english to his mother while he lives int he house. ,1,31,154,1,1.5916280518562167,1.6563952803059838,0.01,0.01,0.01,0.01,0.0,0.0,0.0,0.01,0.0,0.0,0.03,0.01,0.01,0.0,0.0,0.0,0.0,0.02,0.0,0.01,0.01,0.01,0.0,0.03,0.01,0.0,0.02,0.0,0.0,0.0,0.06,0.01,0.0,0.0,0.0,0.01,0.01,0.01,0.01,0.0,0.0,0.04,0.0,0.03,0.01,0.02,0.03,0.04,0.0,0.02,0.0,0.01,0.01,0.16999999999999998,0.0,0,0,0.9032258064516129,0.03225806451612903,0,0.0,0,0.25,0.25,1.5375999999999999,easy,0.0,0,0,1,0,1,0,0,0,0,0,0,1,0,0,0,0,0,1,0,0,0
97,49,2,5d482eaa21c9be351f763d2b,2020-04-27 16:11:51.350000+00:00,if the mother is hosting the men she should be included in the conversation,1.0,2,0.222222222,9,"if the mother is hosting the men, she should be included in the conversation.",2,14,75,1,0.024455358885311848,-0.005372092800992309,0.02,0.0,0.0,0.01,0.0,0.01,0.0,0.0,0.0,0.0,0.01,0.0,0.0,0.0,0.0,0.0,0.0,0.01,0.0,0.0,0.0,0.0,0.01,0.01,0.01,0.0,0.01,0.0,0.0,0.0,0.04,0.0,0.0,0.0,0.0,0.0,0.0,0.0,0.0,0.01,0.01,0.03,0.0,0.03,0.0,0.03,0.03,0.01,0.0,0.0,0.0,0.0,0.0,0.09,0.0,0,0,0.8571428571428571,0.0,6,0.0008496176720475786,0,0.0,0.0,5.458757142857143,medium,21.009,0,0,1,0,0,0,0,0,0,0,0,0,0,0,0,0,0,0,0,0,0
97,49,2,5d482eaa21c9be351f763c05,2020-04-27 16:11:58.098000+00:00,disagree this guy is a total asshole,1.0,2,0.222222222,9,"disagree, this guy is a total asshole",3,7,36,1,-0.6611826942894591,-0.7323953185352944,0.0,0.0,0.0,0.0,0.009999999999999998,0.0,0.0,0.0,0.0,0.0,0.0,0.0,0.009999999999999998,0.0,0.0,0.0,0.0,0.0,0.009999999999999998,0.009999999999999998,0.0,0.0,0.009999999999999998,0.009999999999999998,0.0,0.0,0.0,0.0,0.0,0.0,0.009999999999999998,0.009999999999999998,0.0,0.0,0.0,0.0,0.009999999999999998,0.0,0.0,0.0,0.0,0.009999999999999998,0.0,0.009999999999999998,0.0,0.009999999999999998,0.009999999999999998,0.0,0.0,0.0,0.0,0.009999999999999998,0.0,0.03,0.0,0,0,1.0,0.0,1,0.0,0,0.75,0.0,0.3472,easy,6.748,0,0,0,0,0,0,0,0,0,0,0,0,0,0,0,0,0,0,1,0,0
97,49,2,5ea6f596002f966295b20001,2020-04-27 16:12:00.906000+00:00,if he only sees his mother and lives 6 months in another country he should use the time to focus on his mom and their relationship,1.0,2,0.222222222,9,"if he only sees his mother, and lives 6 months in another country, he should use the time to focus on his mom and their relationship",4,26,130,1,1.1998348786134905,1.2409534370292397,0.02,0.0,0.0,0.030000000000000002,0.0,0.02,0.0,0.0,0.01,0.0,0.04,0.0,0.0,0.0,0.0,0.01,0.0,0.02,0.0,0.0,0.0,0.0,0.0,0.02,0.01,0.0,0.05,0.0,0.0,0.0,0.08,0.0,0.0,0.0,0.0,0.01,0.0,0.0,0.0,0.01,0.01,0.030000000000000002,0.0,0.01,0.02,0.01,0.05,0.030000000000000002,0.0,0.01,0.0,0.0,0.0,0.14,0.0,0,0,0.8846153846153846,0.0,0,0.0,0,1.0,0.0,1.8969076923076922,easy,2.808,0,0,1,0,0,0,0,0,0,0,0,0,0,0,0,0,0,0,0,0,0
97,49,2,5ea6f550002f966295b1fffc,2020-04-27 16:12:12.658000+00:00,i think it should of been split half and half,1.0,2,0.222222222,9,i think it should of been split half and half,5,10,45,1,-0.4652861076680959,-0.5246743968969223,0.01,0.0,0.0,0.01,0.0,0.01,0.0,0.0,0.0,0.0,0.0,0.0,0.0,0.0,0.0,0.0,0.0,0.0,0.0,0.0,0.0,0.01,0.0,0.01,0.01,0.01,0.0,0.0,0.0,0.0,0.0,0.01,0.0,0.0,0.0,0.0,0.0,0.01,0.0,0.0,0.0,0.03,0.0,0.0,0.01,0.02,0.03,0.01,0.0,0.0,0.0,0.0,0.01,0.06,0.0,0,0,0.9,0.1,2,0.0,0,0.16666666666666666,-0.16666666666666666,0.496,easy,11.752,0,0,1,0,1,0,0,0,0,0,0,1,0,0,0,0,0,0,1,0,0
97,49,2,5ea0dd3c9dc0406f8988bd94,2020-04-27 16:12:13.417000+00:00,i believe that while the mother is hosting them at her house they should speak english,1.0,2,0.222222222,9,"i believe that while the mother is hosting them at her house, they should speak english.",6,16,86,1,0.1224036521959934,0.09848836801819369,0.01,0.01,0.01,0.01,0.0,0.0,0.0,0.0,0.0,0.0,0.01,0.0,0.0,0.0,0.0,0.0,0.0,0.01,0.0,0.0,0.0,0.01,0.0,0.02,0.01,0.0,0.02,0.0,0.0,0.0,0.049999999999999996,0.01,0.0,0.0,0.0,0.0,0.0,0.01,0.0,0.0,0.0,0.03,0.0,0.01,0.0,0.02,0.02,0.01,0.0,0.01,0.0,0.0,0.01,0.09999999999999999,0.0,0,0,1.0,0.0625,1,0.00015518311607697082,0,0.0,0.0,0.7936,easy,0.759,0,0,1,0,0,0,0,0,0,0,0,1,0,0,0,0,0,0,0,0,0
97,49,2,5d482eaa21c9be351f763c05,2020-04-27 16:12:14.061000+00:00,there,1.0,2,0.222222222,9,there',7,1,5,1,-1.2488724541535483,-1.3555580834504104,0.0,0.0,0.0,0.0,0.0,0.0,0.0,0.0,0.010000000000000002,0.0,0.0,0.0,0.0,0.0,0.0,0.0,0.0,0.0,0.0,0.0,0.0,0.0,0.0,0.0,0.0,0.0,0.0,0.0,0.0,0.0,0.0,0.0,0.0,0.0,0.0,0.0,0.0,0.0,0.0,0.0,0.0,0.0,0.0,0.0,0.0,0.0,0.0,0.0,0.0,0.0,0.0,0.0,0.0,0.010000000000000002,0.0,0,0,1.0,0.0,0,0.0,0,0.0,0.0,0.0496,easy,0.644,0,0,0,0,0,0,0,0,0,0,0,0,0,0,0,0,0,0,0,0,0
97,49,2,5ea6f7b2002f966295b2001f,2020-04-27 16:12:15.715000+00:00,she is gracious enough to host the couple so they should take her into consideration ,1.0,2,0.222222222,9,"she is gracious enough to host the couple, so they should take her into consideration. ",8,15,85,1,0.1224036521959934,0.09848836801819369,0.01,0.0,0.0,0.01,0.0,0.01,0.0,0.0,0.01,0.0,0.02,0.0,0.0,0.0,0.0,0.0,0.0,0.0,0.0,0.02,0.01,0.0,0.0,0.02,0.01,0.0,0.01,0.0,0.0,0.0,0.03,0.0,0.0,0.0,0.0,0.0,0.0,0.0,0.0,0.0,0.0,0.03,0.0,0.01,0.01,0.02,0.02,0.02,0.0,0.0,0.0,0.02,0.0,0.09,0.0,0,0,1.0,0.0,0,0.0,0,0.5,0.0,5.433166666666667,medium,1.654,0,0,1,0,0,0,0,0,0,0,0,0,0,0,0,0,0,1,0,0,0
97,49,2,5d482eaa21c9be351f763be9,2020-04-27 16:12:16.804000+00:00,think how you would feel if three people can speak one language and only two can speak the other language then it is a nobrainer speak the language that everyone can understand,1.0,2,0.222222222,9,"think how you would feel. if three people can speak one language, and only two can speak the other language, then it is a no-brainer. speak the language that everyone can understand.",9,32,176,1,1.7875246384775798,1.864116201944356,0.02,0.03,0.0,0.04,0.0,0.01,0.0,0.0,0.02,0.0,0.0,0.0,0.0,0.0,0.0,0.0,0.0,0.0,0.0,0.0,0.0,0.03,0.01,0.06999999999999999,0.01,0.0,0.01,0.0,0.0,0.0,0.09000000000000001,0.04,0.0,0.0,0.0,0.01,0.0,0.0,0.01,0.01,0.01,0.08,0.0,0.03,0.01,0.049999999999999996,0.06999999999999999,0.0,0.0,0.04,0.01,0.01,0.0,0.16,0.0,0,0,0.78125,0.0,3,0.0,0,0.6875,-0.0625,1.5872,easy,1.089,0,0,1,0,1,0,0,0,0,0,0,0,1,0,0,1,0,0,0,0,0
97,49,2,5ea6f596002f966295b20001,2020-04-27 16:12:25.458000+00:00,and he can speak english and his husband will still at least know whats being said,1.0,2,0.222222222,9,and he can speak english and his husband will still at least know whats being said,10,16,82,1,0.22035194550667497,0.2023488288373797,0.0,0.02,0.0,0.02,0.0,0.02,0.0,0.0,0.01,0.0,0.02,0.0,0.0,0.0,0.0,0.0,0.0,0.01,0.0,0.01,0.0,0.01,0.0,0.029999999999999995,0.01,0.01,0.02,0.0,0.0,0.0,0.049999999999999996,0.01,0.0,0.0,0.0,0.0,0.0,0.0,0.0,0.0,0.0,0.05999999999999999,0.0,0.0,0.02,0.04,0.029999999999999995,0.01,0.0,0.02,0.0,0.0,0.0,0.08,0.0,0,0,0.9375,0.0,3,0.0010214504596527069,0,0.2,-0.15,0.7936,easy,8.654,0,0,0,0,0,0,0,0,0,0,0,0,0,0,0,0,1,0,0,0,0
97,49,2,5ea6f550002f966295b1fffd,2020-04-27 16:12:32.368000+00:00,the son is the asshole his mother doesnt speak german the sons husband speaks english all 3 of them have a common language they could speak she is being excluded,1.0,2,0.222222222,9,the son is the asshole. his mother doesn't speak german. the son's husband speaks english. all 3 of them have a common language they could speak. she is being excluded,11,30,161,1,1.5916280518562167,1.6563952803059838,0.01,0.030000000000000002,0.0,0.0,0.01,0.0,0.0,0.0,0.0,0.0,0.02,0.01,0.01,0.0,0.0,0.0,0.0,0.04,0.0,0.0,0.0,0.0,0.0,0.04,0.0,0.0,0.01,0.0,0.0,0.0,0.12000000000000001,0.0,0.0,0.0,0.0,0.0,0.01,0.0,0.0,0.0,0.01,0.060000000000000005,0.0,0.04,0.0,0.060000000000000005,0.030000000000000002,0.01,0.0,0.030000000000000002,0.0,0.01,0.0,0.14,0.0,0,0,0.8666666666666667,0.0,2,0.0033868459023143976,0,0.16666666666666666,-0.09999999999999999,1.488,easy,6.91,0,0,0,0,0,0,0,0,0,0,0,0,0,0,0,0,0,0,0,0,0
97,49,2,5ea6f618002f966295b20008,2020-04-27 16:12:37.629000+00:00,well  they could always tell the mother what they just said thats what my family does,1.0,2,0.222222222,9,"well  they could always tell the mother what they just said, thats what my family does",12,16,85,1,0.1224036521959934,0.09848836801819369,0.01,0.01,0.01,0.0,0.01,0.0,0.0,0.0,0.02,0.0,0.0,0.0,0.0,0.0,0.0,0.0,0.0,0.02,0.0,0.0,0.01,0.0,0.0,0.02,0.0,0.01,0.01,0.0,0.0,0.0,0.06,0.03,0.0,0.0,0.0,0.0,0.0,0.01,0.0,0.0,0.01,0.04,0.0,0.01,0.02,0.03,0.03,0.0,0.0,0.01,0.0,0.01,0.01,0.08,0.0,0,0,0.875,0.0625,4,0.0008496176720475786,0,0.0,0.0,0.7936,easy,5.261,0,0,0,0,0,0,0,0,0,0,0,1,0,0,0,0,0,1,0,0,0
97,49,2,5d482eaa21c9be351f763be9,2020-04-27 16:12:39.939000+00:00,i get that the husband is shy about not knowing some words but this can help him too ,1.0,2,0.222222222,9,"i get that the husband is shy about not knowing some words, but this can help him too. ",13,18,85,1,0.31830023881735653,0.3062092896565657,0.0,0.0,0.0,0.01,0.0,0.0,0.0,0.0,0.02,0.01,0.01,0.01,0.0,0.0,0.0,0.0,0.0,0.01,0.01,0.01,0.0,0.01,0.0,0.03,0.0,0.0,0.0,0.0,0.0,0.0,0.03,0.02,0.0,0.0,0.0,0.0,0.0,0.01,0.0,0.01,0.02,0.03,0.0,0.01,0.01,0.02,0.04,0.01,0.0,0.0,0.0,0.0,0.01,0.12,0.0,0,0,1.0,0.05555555555555555,1,0.0,0,0.5,-0.5,0.8927999999999999,easy,2.31,0,0,0,0,0,0,0,0,0,0,0,1,0,0,0,0,0,0,0,0,0
97,49,2,5ea6f550002f966295b1fffc,2020-04-27 16:12:39.997000+00:00,if theyre alone in a room together german is fine but if theyre all together just talk in english so she can feel included,1.0,2,0.222222222,9,"if theyre alone in a room together german is fine, but if they're all together just talk in english so she can feel included",14,24,122,1,1.0039382919921274,1.0332325153908677,0.02,0.0,0.01,0.04,0.01,0.01,0.0,0.0,0.02,0.0,0.01,0.0,0.0,0.0,0.0,0.0,0.0,0.0,0.0,0.0,0.01,0.01,0.0,0.049999999999999996,0.0,0.0,0.049999999999999996,0.0,0.0,0.01,0.04,0.0,0.0,0.0,0.0,0.0,0.0,0.0,0.01,0.02,0.04,0.049999999999999996,0.0,0.01,0.03,0.04,0.07,0.02,0.0,0.01,0.0,0.02,0.0,0.12,0.0,0,0,0.8333333333333334,0.0,3,0.0,0,0.16666666666666666,0.1388888888888889,1.1904,easy,0.058,0,0,1,0,1,0,0,0,0,0,0,0,0,0,0,0,0,1,0,0,0
97,49,2,5d482eaa21c9be351f763c05,2020-04-27 16:12:43.813000+00:00,no discussion here when in romeso speak english while in moms house,1.0,2,0.222222222,9,"no discussion here, when in rome...so speak english while in mom's house",15,12,67,1,-0.17144122773605125,-0.21309301443936432,0.0,0.01,0.01,0.02,0.0,0.0,0.0,0.0,0.02,0.0,0.0,0.01,0.0,0.0,0.0,0.0,0.0,0.01,0.0,0.0,0.0,0.0,0.0,0.0,0.0,0.0,0.04,0.0,0.0,0.0,0.03,0.0,0.0,0.0,0.0,0.0,0.0,0.0,0.0,0.0,0.0,0.0,0.0,0.0,0.01,0.0,0.0,0.02,0.0,0.01,0.0,0.0,0.0,0.06,0.0,0,0,0.9166666666666666,0.0,2,0.0006161429451632779,0,0.0,0.0,0.5952,easy,3.816,0,0,0,0,0,0,0,0,0,0,0,0,0,0,0,0,0,0,0,0,0
98,49,3,5ea6f550002f966295b1fffd,2020-04-27 16:26:30.903000+00:00,not the asshole,1.0,1,0.111111111,9,not the asshole.,1,3,15,1,-1.0529758675321852,-0.8883158550683191,0.0,0.0,0.0,0.0,0.0,0.0,0.0,0.0,0.0,0.0,0.0,0.01,0.01,0.0,0.0,0.0,0.0,0.0,0.0,0.0,0.0,0.0,0.0,0.0,0.0,0.0,0.0,0.0,0.0,0.0,0.0,0.0,0.0,0.0,0.0,0.0,0.01,0.0,0.0,0.0,0.01,0.0,0.0,0.01,0.0,0.0,0.01,0.0,0.0,0.0,0.0,0.0,0.0,0.02,0.0,0,0,1.0,0.0,0,0.0,0,0.0,0.0,0.1488,easy,0.0,0,0,0,0,0,0,0,0,0,0,0,0,0,0,0,0,0,0,0,0,0
98,49,3,5ea6f7b2002f966295b2001f,2020-04-27 16:26:36.842000+00:00,not the asshole  she is right for asking them to speak english in her home,1.0,1,0.111111111,9,not the asshole.  she is right for asking them to speak english in her home,2,15,74,1,0.1224036521959934,0.6149878996626823,0.0,0.01,0.01,0.0,0.0,0.0,0.0,0.0,0.0,0.0,0.02,0.01,0.01,0.0,0.0,0.0,0.0,0.0,0.0,0.0,0.0,0.0,0.0,0.01,0.0,0.0,0.02,0.0,0.0,0.0,0.05,0.0,0.0,0.0,0.0,0.0,0.01,0.0,0.0,0.0,0.01,0.01,0.0,0.01,0.0,0.01,0.01,0.030000000000000002,0.0,0.01,0.0,0.01,0.0,0.09000000000000001,0.0,0,0,1.0,0.0,2,0.0003202049311559398,0,0.26785714285714285,0.14285714285714285,0.744,easy,5.939,0,0,0,0,0,0,0,0,0,0,0,0,0,0,0,0,0,1,0,0,0
98,49,3,5ea6f596002f966295b20001,2020-04-27 16:26:37.287000+00:00,oh def not,1.0,1,0.111111111,9,oh def not,3,3,10,1,-1.0529758675321852,-0.8883158550683191,0.0,0.0,0.0,0.0,0.0,0.0,0.0,0.0,0.0,0.0,0.0,0.010000000000000002,0.0,0.0,0.0,0.0,0.0,0.0,0.0,0.0,0.0,0.0,0.0,0.0,0.0,0.0,0.0,0.0,0.0,0.0,0.0,0.0,0.0,0.0,0.0,0.0,0.0,0.0,0.0,0.0,0.010000000000000002,0.0,0.0,0.0,0.010000000000000002,0.0,0.010000000000000002,0.0,0.0,0.0,0.0,0.0,0.0,0.010000000000000002,0.0,0,0,1.0,0.0,1,0.0,0,0.0,0.0,0.1488,easy,0.445,0,0,0,0,0,0,0,0,0,0,0,0,0,0,0,0,0,0,0,0,0
98,49,3,5d482eaa21c9be351f763c05,2020-04-27 16:26:38.258000+00:00,not the asshome,1.0,1,0.111111111,9,not the asshome,4,3,15,1,-1.0529758675321852,-0.8883158550683191,0.0,0.0,0.0,0.0,0.0,0.0,0.0,0.0,0.0,0.0,0.0,0.01,0.0,0.0,0.0,0.0,0.0,0.0,0.0,0.0,0.0,0.0,0.0,0.0,0.0,0.0,0.0,0.0,0.0,0.0,0.0,0.0,0.0,0.0,0.0,0.0,0.0,0.0,0.0,0.0,0.01,0.0,0.0,0.01,0.0,0.0,0.01,0.0,0.0,0.0,0.0,0.0,0.0,0.02,0.0,0,0,1.0,0.0,1,0.0,0,0.0,0.0,0.1488,easy,0.971,0,0,0,0,0,0,0,0,0,0,0,0,0,0,0,0,0,0,0,0,0
98,49,3,5ea0dd3c9dc0406f8988bd94,2020-04-27 16:26:41.960000+00:00,i agree  she is not the ashole,1.0,1,0.111111111,9,i agree.  she is not the ashole.,5,7,30,1,-0.7591309876001406,-0.5124899163855687,0.0,0.0,0.0,0.0,0.0,0.0,0.0,0.0,0.0,0.0,0.01,0.01,0.0,0.0,0.0,0.0,0.0,0.0,0.0,0.0,0.01,0.0,0.0,0.01,0.0,0.0,0.0,0.0,0.0,0.0,0.01,0.0,0.0,0.0,0.0,0.0,0.0,0.01,0.0,0.0,0.01,0.01,0.0,0.01,0.0,0.01,0.01,0.0,0.0,0.0,0.0,0.0,0.01,0.049999999999999996,0.0,0,0,1.0,0.14285714285714285,2,0.0,0,0.0,0.0,0.3472,easy,3.702,0,0,0,0,0,0,0,0,0,0,0,1,0,0,0,0,0,0,0,0,0
98,49,3,5d482eaa21c9be351f763d2b,2020-04-27 16:26:42.979000+00:00,they need to speak english when they are around the mom,1.0,1,0.111111111,9,they need to speak english when they are around the mom.,6,11,55,1,-0.2693895210467328,0.11388664808568183,0.01,0.01,0.0,0.01,0.0,0.01,0.0,0.0,0.02,0.0,0.0,0.0,0.0,0.0,0.0,0.0,0.0,0.01,0.0,0.0,0.0,0.0,0.0,0.02,0.0,0.0,0.02,0.0,0.0,0.0,0.04,0.0,0.0,0.0,0.0,0.0,0.0,0.0,0.0,0.0,0.0,0.02,0.0,0.01,0.0,0.01,0.02,0.02,0.0,0.01,0.0,0.0,0.0,0.060000000000000005,0.0,0,0,0.9090909090909091,0.0,1,0.0,0,0.0,0.0,0.5456,easy,1.019,0,0,1,0,0,0,0,0,0,0,0,0,0,0,0,0,0,0,0,0,0
98,49,3,5ea6f618002f966295b20008,2020-04-27 16:26:43.176000+00:00,i agree with that,1.0,1,0.111111111,9,i agree with that,7,4,17,1,-1.0529758675321852,-0.8883158550683191,0.0,0.0,0.0,0.0,0.0,0.01,0.0,0.0,0.0,0.0,0.0,0.0,0.0,0.0,0.0,0.0,0.0,0.0,0.0,0.0,0.01,0.0,0.0,0.0,0.0,0.0,0.0,0.0,0.0,0.0,0.0,0.01,0.0,0.0,0.0,0.0,0.0,0.01,0.0,0.0,0.0,0.0,0.0,0.0,0.0,0.0,0.01,0.01,0.0,0.0,0.0,0.0,0.01,0.030000000000000006,0.0,0,0,1.0,0.25,0,0.0,0,0.0,0.0,0.1984,easy,0.197,0,0,0,0,0,0,0,0,0,0,0,1,0,0,0,0,0,0,0,0,0
98,49,3,5d482eaa21c9be351f763d2b,2020-04-27 16:26:51.047000+00:00,she isnt the asshole,1.0,1,0.111111111,9,she isn't the asshole.,8,4,20,1,-0.9550275742215037,-0.763040542174069,0.0,0.0,0.0,0.0,0.0,0.0,0.0,0.0,0.0,0.0,0.010000000000000002,0.010000000000000002,0.010000000000000002,0.0,0.0,0.0,0.0,0.0,0.0,0.0,0.0,0.0,0.0,0.010000000000000002,0.0,0.0,0.0,0.0,0.0,0.0,0.010000000000000002,0.0,0.0,0.0,0.0,0.0,0.010000000000000002,0.0,0.0,0.0,0.0,0.010000000000000002,0.0,0.010000000000000002,0.0,0.010000000000000002,0.0,0.0,0.0,0.0,0.0,0.0,0.0,0.020000000000000004,0.0,0,0,1.0,0.0,0,0.0,0,0.0,0.0,0.1984,easy,7.871,0,0,0,0,0,0,0,0,0,0,0,0,0,0,0,0,0,0,0,0,0
98,49,3,5ea6f550002f966295b1fffc,2020-04-27 16:26:56.551000+00:00,agreed i think he husband overreacted,1.0,1,0.111111111,9,"agreed, i think he husband overreacted",9,6,37,1,-0.8570792809108222,-0.6377652292798189,0.0,0.0,0.0,0.0,0.0,0.0,0.0,0.0,0.0,0.0,0.01,0.0,0.0,0.0,0.0,0.0,0.0,0.01,0.0,0.0,0.01,0.01,0.0,0.01,0.0,0.0,0.0,0.0,0.0,0.0,0.02,0.0,0.0,0.0,0.0,0.0,0.0,0.01,0.0,0.0,0.0,0.01,0.0,0.0,0.0,0.0,0.01,0.0,0.0,0.0,0.0,0.0,0.01,0.02,0.0,0,0,1.0,0.16666666666666666,0,0.0,0,0.0,0.0,0.2976,easy,5.504,0,0,1,0,1,0,0,0,0,0,1,0,0,0,0,0,0,0,0,0,0
98,49,3,5ea6f596002f966295b20001,2020-04-27 16:26:58.909000+00:00,does anyone even have any reason why she would be the asshole this seems pretty straight forward,1.0,1,0.111111111,9,does anyone even have any reason why she would be the asshole? this seems pretty straight forward,10,17,96,1,0.31830023881735653,0.8655385254511826,0.009999999999999998,0.0,0.0,0.0,0.0,0.0,0.0,0.0,0.009999999999999998,0.0,0.009999999999999998,0.0,0.009999999999999998,0.0,0.0,0.0,0.0,0.0,0.0,0.0,0.009999999999999998,0.019999999999999997,0.0,0.03,0.009999999999999998,0.0,0.019999999999999997,0.0,0.0,0.0,0.019999999999999997,0.019999999999999997,0.0,0.0,0.0,0.019999999999999997,0.009999999999999998,0.0,0.0,0.039999999999999994,0.0,0.05,0.0,0.009999999999999998,0.0,0.039999999999999994,0.07,0.0,0.0,0.0,0.0,0.009999999999999998,0.0,0.07999999999999999,0.0,1,0,1.0,0.0,0,0.0,0,0.7,0.225,0.8432,easy,2.358,0,0,1,0,1,0,0,0,0,0,0,0,0,0,0,0,0,1,0,0,0
98,49,3,5ea6f550002f966295b1fffd,2020-04-27 16:27:06.097000+00:00,well that was a quick consensus lol,1.0,1,0.111111111,9,well.. that was a quick consensus lol,11,7,35,1,-0.6611826942894591,-0.38721460349131864,0.0,0.0,0.0,0.0,0.0,0.0,0.0,0.0,0.019999999999999997,0.0,0.0,0.0,0.0,0.0,0.0,0.0,0.0,0.0,0.0,0.0,0.009999999999999998,0.0,0.0,0.0,0.0,0.009999999999999998,0.009999999999999998,0.0,0.0,0.0,0.0,0.009999999999999998,0.0,0.0,0.0,0.0,0.0,0.0,0.0,0.0,0.0,0.009999999999999998,0.0,0.009999999999999998,0.009999999999999998,0.009999999999999998,0.0,0.0,0.0,0.0,0.0,0.019999999999999997,0.0,0.03,0.0,0,0,1.0,0.0,0,0.0,0,0.6,0.5666666666666667,0.3472,easy,7.188,0,0,0,0,0,0,0,0,0,0,0,0,0,0,0,0,0,1,0,0,0
98,49,3,5d482eaa21c9be351f763c05,2020-04-27 16:27:06.304000+00:00,i dont understand why is her son not translating,1.0,1,0.111111111,9,i don't understand why is her son not translating,12,9,48,1,-0.5632344009787775,-0.26193929059706855,0.0,0.0,0.0,0.0,0.0,0.0,0.0,0.0,0.0,0.0,0.009999999999999998,0.019999999999999997,0.0,0.0,0.0,0.0,0.0,0.009999999999999998,0.0,0.0,0.0,0.009999999999999998,0.0,0.03,0.0,0.0,0.0,0.0,0.0,0.0,0.019999999999999997,0.0,0.0,0.0,0.0,0.009999999999999998,0.0,0.009999999999999998,0.0,0.0,0.009999999999999998,0.03,0.0,0.0,0.0,0.019999999999999997,0.03,0.0,0.0,0.0,0.0,0.0,0.009999999999999998,0.05,0.0,0,0,1.0,0.1111111111111111,0,0.0,0,0.0,0.0,0.44639999999999996,easy,0.207,0,0,0,0,0,0,0,0,0,0,0,1,0,0,0,0,0,0,0,0,0
98,49,3,5ea6f618002f966295b20008,2020-04-27 16:27:10.146000+00:00,if the husband can speak fluent english he should do it around the mother  ,1.0,1,0.111111111,9,if the husband can speak fluent english he should do it around the mother  ,13,14,75,1,0.024455358885311848,0.4897125867684322,0.02,0.01,0.0,0.01,0.0,0.01,0.0,0.0,0.01,0.0,0.01,0.0,0.0,0.0,0.0,0.0,0.0,0.02,0.0,0.0,0.0,0.0,0.0,0.02,0.01,0.0,0.01,0.0,0.0,0.0,0.04,0.01,0.0,0.0,0.0,0.0,0.0,0.0,0.0,0.01,0.01,0.03,0.0,0.02,0.0,0.03,0.03,0.01,0.0,0.01,0.0,0.01,0.0,0.08,0.0,0,0,0.9285714285714286,0.0,0,0.0,0,0.0,0.0,0.6944,easy,3.842,0,0,1,0,0,0,0,0,0,0,0,0,0,0,0,0,0,1,0,0,0
98,49,3,5d482eaa21c9be351f763be9,2020-04-27 16:27:10.663000+00:00,the mom cannot speak the language so the other two should speak english in front of her,1.0,1,0.111111111,9,"the mom cannot speak the language, so the other two should speak english in front of her.",14,17,87,1,0.31830023881735653,0.8655385254511826,0.01,0.02,0.0,0.01,0.0,0.0,0.0,0.0,0.01,0.0,0.01,0.01,0.0,0.0,0.0,0.0,0.0,0.01,0.0,0.0,0.0,0.0,0.0,0.01,0.01,0.0,0.02,0.0,0.0,0.0,0.049999999999999996,0.01,0.0,0.0,0.0,0.0,0.0,0.0,0.0,0.0,0.0,0.02,0.0,0.03,0.01,0.02,0.01,0.02,0.0,0.02,0.0,0.0,0.0,0.09,0.0,0,0,0.8235294117647058,0.0,4,0.0026590438644686918,0,0.1875,-0.0625,0.8432,easy,0.517,0,0,1,0,0,0,0,0,0,0,0,0,0,0,0,0,0,0,0,0,0
98,49,3,5ea6f550002f966295b1fffc,2020-04-27 16:27:17.504000+00:00,i guess we can say that she made him feel upset or probably embarrassed him,1.0,1,0.111111111,9,i guess we can say that she made him feel upset or probably embarrassed him?,15,15,75,1,-0.07349293442536971,0.36443727387418207,0.0,0.01,0.0,0.01,0.0,0.01,0.0,0.0,0.01,0.02,0.03,0.0,0.0,0.0,0.0,0.0,0.0,0.0,0.02,0.0,0.0,0.01,0.0,0.03,0.0,0.01,0.0,0.0,0.0,0.0,0.05,0.01,0.0,0.0,0.0,0.01,0.0,0.01,0.01,0.03,0.01,0.04,0.0,0.0,0.0,0.01,0.06,0.0,0.01,0.02,0.0,0.0,0.02,0.08,0.01,1,0,0.9333333333333333,0.13333333333333333,0,0.0,1,0.0,0.0,0.744,easy,6.841,0,0,1,0,1,0,0,0,0,1,0,1,0,0,0,0,0,0,1,0,0
98,49,3,5ea0dd3c9dc0406f8988bd94,2020-04-27 16:27:20.103000+00:00,would it kill the dude to speak english while in the home of a nonfrench speaker  especially if its a mother in law,1.0,1,0.111111111,9,would it kill the dude to speak english while in the home of a non-french speaker?  especially if its a mother in law,16,23,115,1,0.9059899986814458,1.6171904028166832,0.02,0.02,0.01,0.02,0.0,0.0,0.0,0.0,0.01,0.0,0.0,0.0,0.0,0.01,0.0,0.0,0.0,0.01,0.01,0.0,0.0,0.0,0.0,0.0,0.01,0.0,0.029999999999999995,0.0,0.0,0.0,0.02,0.02,0.0,0.0,0.0,0.0,0.01,0.0,0.0,0.01,0.01,0.01,0.0,0.04,0.0,0.01,0.029999999999999995,0.04,0.0,0.02,0.0,0.02,0.0,0.11999999999999998,0.0,1,0,0.8695652173913043,0.0,0,0.0,0,0.5,0.0,1.1408,easy,2.599,0,0,0,0,0,0,0,0,0,0,0,0,0,0,0,0,0,0,1,0,0
98,49,3,5ea6f550002f966295b1fffc,2020-04-27 16:27:30.780000+00:00,but even then i still think its fair to say that they should speak in english,1.0,1,0.111111111,9,but even then i still think it's fair to say that they should speak in english,17,16,77,1,0.1224036521959934,0.6149878996626823,0.01,0.02,0.0,0.02,0.0,0.0,0.0,0.0,0.02,0.0,0.0,0.0,0.0,0.0,0.0,0.0,0.0,0.0,0.0,0.0,0.0,0.01,0.0,0.01,0.01,0.0,0.03,0.0,0.0,0.0,0.03,0.02,0.0,0.0,0.0,0.0,0.0,0.01,0.0,0.0,0.01,0.02,0.0,0.0,0.01,0.01,0.03,0.02,0.0,0.02,0.0,0.01,0.01,0.09,0.0,0,0,1.0,0.0625,3,0.0016375934048159847,0,0.45,0.35,0.7936,easy,10.677,0,0,1,0,1,0,0,0,0,0,1,0,0,0,0,0,1,1,0,0,0
99,50,2,5d482ea621c9be351f762a16,2020-04-27 19:27:48.805000+00:00,i believe he is the asshole why is he even there if he doesnt want to communicate with his mother  he needs to be the conduit between the two not shut one out in favor of the other i understand wanting to make his husband feel comfortable but he could just as easily go to a hotel then if he only wants to make his husband feel good,1.0,2,0.4,5,"i believe he is the asshole, why is he even there if he doesn't want to communicate with his mother.  he needs to be the conduit between the two, not shut one out in favor of the other. i understand wanting to make his husband feel comfortable, but he could just as easily go to a hotel then if he only wants to make his husband feel good.",1,68,332,1,5.117766611040753,2.6075237012881067,0.06999999999999999,0.0,0.0,0.049999999999999996,0.0,0.02,0.0,0.0,0.04,0.0,0.09,0.02,0.01,0.0,0.0,0.0,0.0,0.03,0.0,0.0,0.04,0.04,0.0,0.13,0.0,0.0,0.049999999999999996,0.0,0.0,0.0,0.13,0.01,0.0,0.0,0.0,0.03,0.01,0.02,0.02,0.02,0.049999999999999996,0.15,0.0,0.049999999999999996,0.02,0.049999999999999996,0.18999999999999997,0.11,0.0,0.02,0.0,0.04,0.02,0.39999999999999997,0.0,0,0,0.7058823529411765,0.029411764705882353,0,0.0,0,0.6180555555555556,0.26805555555555555,3.605005882352941,easy,0.0,0,0,1,0,1,0,0,0,0,0,1,1,0,0,0,0,0,1,0,0,0
99,50,2,5d482ea721c9be351f762c75,2020-04-27 19:29:01.049000+00:00,i think op is the asshole they already stated that they do in fact know how to speak english but are just shy  after all theyre in her house how disrespectful,1.0,2,0.4,5,"i think op is the asshole. they already stated that they do in fact know how to speak english but are just shy.  after all, they're in her house. how disrespectful.",2,31,158,1,1.5916280518562167,0.27788208787449886,0.0,0.01,0.01,0.030000000000000002,0.02,0.0,0.0,0.0,0.030000000000000002,0.01,0.01,0.0,0.01,0.0,0.0,0.0,0.0,0.0,0.01,0.0,0.0,0.02,0.0,0.060000000000000005,0.0,0.0,0.04,0.0,0.0,0.0,0.05,0.01,0.0,0.0,0.0,0.02,0.01,0.01,0.0,0.0,0.02,0.060000000000000005,0.0,0.01,0.02,0.04,0.08,0.04,0.0,0.01,0.0,0.0,0.01,0.18,0.0,1,0,0.9032258064516129,0.03225806451612903,7,0.0004753880472329106,0,0.25,-0.25,1.5375999999999999,easy,72.244,0,0,1,0,1,1,0,0,0,0,0,1,0,0,0,0,0,0,1,0,0
99,50,2,5d482ea621c9be351f762a16,2020-04-27 19:29:03.548000+00:00,totally his choice on how he wants to live his life but i really dont see his side at all in this since he is only with his mother for the weekend,1.0,2,0.4,5,"totally his choice on how he wants to live his life, but i really don't see his side at all in this since he is only with his mother for the weekend.",3,32,146,1,1.6895763451668984,0.3425943549137658,0.009999999999999998,0.0,0.0,0.019999999999999997,0.019999999999999997,0.009999999999999998,0.009999999999999998,0.0,0.039999999999999994,0.0,0.06,0.009999999999999998,0.0,0.0,0.009999999999999998,0.009999999999999998,0.0,0.009999999999999998,0.0,0.0,0.0,0.009999999999999998,0.0,0.039999999999999994,0.0,0.0,0.049999999999999996,0.0,0.0,0.0,0.06999999999999999,0.009999999999999998,0.0,0.0,0.0,0.019999999999999997,0.0,0.009999999999999998,0.0,0.0,0.019999999999999997,0.039999999999999994,0.0,0.009999999999999998,0.019999999999999997,0.019999999999999997,0.09,0.06999999999999999,0.0,0.009999999999999998,0.0,0.0,0.009999999999999998,0.19999999999999998,0.0,0,0,0.875,0.03125,6,0.002074568912622076,0,0.51,0.10727272727272727,1.5872,easy,2.499,0,0,0,0,0,1,0,0,0,0,1,0,0,0,0,0,0,0,0,0,0
99,50,2,5d482ea621c9be351f7629da,2020-04-27 19:29:15.314000+00:00,i think that hes the asshole as well ,1.0,2,0.4,5,i think that he's the asshole as well. ,4,8,37,1,-0.6611826942894591,-1.2105000540286392,0.0,0.0,0.0,0.01,0.0,0.0,0.0,0.0,0.01,0.0,0.01,0.0,0.01,0.0,0.0,0.0,0.0,0.0,0.0,0.0,0.01,0.01,0.0,0.02,0.0,0.0,0.0,0.0,0.0,0.0,0.01,0.01,0.0,0.0,0.0,0.0,0.01,0.01,0.0,0.0,0.0,0.02,0.0,0.01,0.01,0.01,0.01,0.01,0.0,0.0,0.0,0.01,0.01,0.04,0.0,0,0,1.0,0.125,1,0.00015518311607697082,0,0.0,0.0,0.3968,easy,11.766,0,0,1,0,1,0,0,0,0,0,0,1,0,0,0,0,0,1,0,0,0
99,50,2,5ea721c43ecdad55471ffa70,2020-04-27 19:29:25.221000+00:00,i dont believe they are the asshole it is very difficult to be in a different country as it is so making their husband more comfortable seems like a reasonable choice,1.0,2,0.4,5,"i don't believe they are the asshole. it is very difficult to be in a different country as it is, so making their husband more comfortable seems like a reasonable choice.",5,31,166,1,1.5916280518562167,0.27788208787449886,0.0,0.0,0.0,0.02,0.0,0.0,0.0,0.0,0.02,0.0,0.0,0.01,0.01,0.0,0.0,0.0,0.0,0.01,0.01,0.01,0.02,0.04,0.0,0.06,0.0,0.0,0.02,0.0,0.0,0.0,0.03,0.02,0.0,0.0,0.0,0.02,0.01,0.01,0.0,0.01,0.0,0.06999999999999999,0.0,0.03,0.01,0.049999999999999996,0.049999999999999996,0.03,0.0,0.0,0.0,0.049999999999999996,0.01,0.18,0.0,0,0,0.9032258064516129,0.03225806451612903,2,0.0004753880472329106,0,0.7000000000000001,0.09,1.5375999999999999,easy,9.907,0,0,1,0,0,0,0,0,0,0,0,1,0,0,0,0,0,1,1,0,0
100,50,3,5d482ea621c9be351f762a16,2020-04-27 19:42:38.985000+00:00,op is not the asshole opening up your home to new family members is stressful on both sides but the key is communication,1.0,0,0.0,5,"op is not the asshole, opening up your home to new family members is stressful on both sides, but the key is communication.",1,23,120,1,0.9059899986814458,0.2043572852379191,0.0,0.0,0.02,0.01,0.0,0.01,0.0,0.0,0.0,0.01,0.0,0.01,0.01,0.0,0.0,0.0,0.0,0.01,0.0,0.01,0.0,0.0,0.01,0.03,0.0,0.0,0.06,0.0,0.0,0.0,0.04,0.0,0.0,0.0,0.0,0.0,0.01,0.0,0.0,0.0,0.02,0.03,0.0,0.02,0.01,0.03,0.03,0.03,0.0,0.0,0.01,0.0,0.0,0.12,0.0,0,0,0.8695652173913043,0.0,0,0.0,0,0.7272727272727273,0.06818181818181818,1.8273217391304348,easy,0.0,0,0,0,0,0,0,0,0,0,0,0,0,1,0,0,0,0,0,1,0,0
100,50,3,5ea721c43ecdad55471ffa70,2020-04-27 19:42:53.618000+00:00,i dont believe this person his the asshole i think it was understandable to ask people to speak english in their home when they dont understand french,1.0,0,0.0,5,i don't believe this person his the asshole. i think it was understandable to ask people to speak english in their home when they don't understand french.,2,27,150,1,1.101886585302809,0.3937615983852587,0.0,0.01,0.01,0.01,0.0,0.0,0.0,0.0,0.01,0.0,0.01,0.02,0.01,0.0,0.0,0.0,0.0,0.0,0.0,0.0,0.0,0.04,0.02,0.06,0.0,0.01,0.02,0.0,0.0,0.0,0.07,0.02,0.0,0.0,0.0,0.0,0.01,0.02,0.0,0.0,0.0,0.07,0.0,0.01,0.0,0.03,0.04,0.03,0.0,0.01,0.0,0.01,0.02,0.13,0.0,0,0,0.8888888888888888,0.07407407407407407,3,0.005875760486711496,0,0.0,0.0,1.9240148148148148,easy,14.633,0,0,1,0,1,0,0,0,0,0,1,1,0,0,0,0,0,1,0,0,0
100,50,3,5d482ea621c9be351f7629f2,2020-04-27 19:43:07.448000+00:00,i also dont believe this person is an asshole,1.0,0,0.0,5,i also don't believe this person is an asshole,3,9,45,1,-0.5632344009787775,-1.2161750633671278,0.0,0.0,0.0,0.01,0.0,0.0,0.0,0.0,0.01,0.0,0.0,0.01,0.01,0.0,0.0,0.0,0.0,0.0,0.0,0.0,0.0,0.01,0.01,0.03,0.0,0.0,0.0,0.0,0.0,0.0,0.01,0.01,0.0,0.0,0.0,0.0,0.01,0.01,0.0,0.0,0.0,0.03,0.0,0.01,0.0,0.02,0.01,0.0,0.0,0.0,0.0,0.0,0.01,0.04,0.0,0,0,1.0,0.1111111111111111,2,0.007090941576458584,0,0.0,0.0,0.44639999999999996,easy,13.83,0,0,0,0,0,0,0,0,0,0,0,1,0,0,0,0,0,0,0,0,0
100,50,3,5d482ea621c9be351f762a16,2020-04-27 19:43:10.473000+00:00,even if the son felt his husband was too self conscious about it he should have acted as translator and included both people in the conversation,1.0,0,0.0,5,"even if the son felt his husband was too self conscious about it, he should have acted as translator and included both people in the conversation",4,26,144,1,1.1998348786134905,0.48846375495892846,0.019999999999999997,0.0,0.0,0.03,0.0,0.03,0.0,0.0,0.03,0.0,0.019999999999999997,0.0,0.0,0.0,0.0,0.0,0.0,0.019999999999999997,0.0,0.009999999999999998,0.0,0.019999999999999997,0.019999999999999997,0.009999999999999998,0.009999999999999998,0.019999999999999997,0.019999999999999997,0.0,0.0,0.0,0.06999999999999999,0.009999999999999998,0.0,0.0,0.0,0.0,0.0,0.0,0.009999999999999998,0.009999999999999998,0.009999999999999998,0.039999999999999994,0.0,0.019999999999999997,0.009999999999999998,0.03,0.06999999999999999,0.03,0.0,0.009999999999999998,0.0,0.0,0.0,0.15,0.0,0,0,0.9615384615384616,0.0,0,0.0,0,0.5,0.1,1.8969076923076922,easy,3.025,0,0,1,0,1,0,0,0,0,0,0,0,0,0,0,0,0,0,0,0,0
100,50,3,5d482ea721c9be351f762c75,2020-04-27 19:43:25.935000+00:00,this situation sounds pretty similar to the previous one and i still stand with the couple being the asshole it not right to exclude the mother from the conversation especially in their own home and then only speak french to each other,1.0,0,0.0,5,this situation sounds pretty similar to the previous one. and i still stand with the couple being the asshole. it' not right to exclude the mother from the conversation. especially in their own home and then only speak french to each other.,5,42,235,1,2.6690592782737137,1.9089961035639753,0.0,0.02,0.01,0.03,0.0,0.04,0.0,0.0,0.03,0.0,0.0,0.01,0.01,0.0,0.0,0.0,0.0,0.01,0.0,0.03,0.01,0.0,0.0,0.0,0.0,0.0,0.05,0.0,0.0,0.0,0.04,0.03,0.0,0.0,0.0,0.0,0.01,0.01,0.0,0.01,0.02,0.01,0.0,0.05,0.02,0.01,0.07,0.06,0.0,0.02,0.0,0.02,0.01,0.24,0.0,0,0,0.8333333333333334,0.023809523809523808,9,0.002564102564102564,0,0.6085978835978837,0.04616402116402116,2.4591523809523808,easy,15.462,0,0,0,0,0,0,0,0,0,0,1,0,0,0,0,0,0,1,0,0,0
101,51,0,5d482eab21c9be351f763df5,2020-04-27 19:09:57.566000+00:00,yes shes an asshole she should make them feel welcome the woman speaking french probably already feels awkward,0.571428571,2,0.285714286,7,"yes, she's an asshole. she should make them feel welcome. the woman speaking french probably already feels awkward.",1,18,110,1,0.4162485321280381,-0.10427327733856334,0.01,0.01,0.0,0.0,0.0,0.0,0.0,0.0,0.01,0.01,0.02,0.0,0.01,0.0,0.0,0.0,0.0,0.0,0.0,0.0,0.01,0.02,0.01,0.04,0.01,0.0,0.01,0.0,0.0,0.0,0.060000000000000005,0.0,0.0,0.0,0.0,0.01,0.01,0.0,0.02,0.01,0.0,0.05,0.0,0.02,0.01,0.02,0.05,0.0,0.0,0.030000000000000002,0.0,0.01,0.0,0.05,0.01,0,0,1.0,0.0,0,0.0,1,0.6333333333333333,0.0666666666666667,0.8927999999999999,easy,0.0,0,0,1,0,1,0,0,0,0,0,0,0,0,0,0,0,0,1,1,0,0
101,51,0,5d482ea521c9be351f762710,2020-04-27 19:10:04.917000+00:00,this story reminds me when i first traveled abroad,0.571428571,2,0.285714286,7,this story reminds me when i first traveled abroad,2,9,50,1,-0.6611826942894591,-1.1515396714780477,0.0,0.0,0.0,0.01,0.0,0.0,0.0,0.01,0.01,0.0,0.0,0.0,0.0,0.0,0.0,0.0,0.0,0.0,0.0,0.0,0.0,0.0,0.0,0.0,0.0,0.0,0.03,0.0,0.0,0.0,0.01,0.01,0.0,0.0,0.0,0.0,0.0,0.02,0.0,0.0,0.0,0.0,0.0,0.0,0.0,0.0,0.01,0.0,0.0,0.0,0.0,0.0,0.02,0.04,0.0,0,0,1.0,0.2222222222222222,0,0.0,0,0.3333333333333333,0.25,0.44639999999999996,easy,7.351,0,0,0,0,0,0,0,0,0,0,1,0,0,0,0,0,0,0,0,0,0
101,51,0,5d482ea521c9be351f76270e,2020-04-27 19:10:18.259000+00:00,was the sons partner not confident speaking english what were they discussing how long was the discussion going on for  ,0.571428571,2,0.285714286,7,was the son's partner not confident speaking english? what were they discussing? how long was the discussion going on for?  ,3,20,120,1,0.6121451187494011,0.08613879432316109,0.0,0.01,0.0,0.01,0.01,0.0,0.0,0.01,0.01,0.0,0.0,0.01,0.0,0.0,0.0,0.0,0.0,0.01,0.0,0.0,0.01,0.0,0.01,0.0,0.0,0.03,0.03,0.0,0.0,0.0,0.06,0.01,0.0,0.0,0.0,0.01,0.0,0.0,0.0,0.0,0.01,0.03,0.01,0.02,0.0,0.03,0.03,0.02,0.0,0.01,0.0,0.01,0.0,0.10999999999999999,0.0,3,0,0.9,0.0,0,0.0,0,0.41111111111111115,-0.09999999999999999,0.992,easy,13.342,0,0,0,0,0,0,0,0,0,0,0,0,0,0,0,0,0,1,0,0,0
101,51,0,5d482ea521c9be351f762519,2020-04-27 19:10:23.257000+00:00,from the parents side it is her home they are visitors and expluding her from most conversations on the side of the son and his partner she hasnt said how comfortable he is in english,0.571428571,2,0.285714286,7,"from the parents side, it is her home, they are visitors and expluding her from most conversations. on the side of the son and his partner, she hasn't said how comfortable he is in english",4,35,183,1,2.0813695184096246,1.5142293317860942,0.0,0.01,0.01,0.030000000000000002,0.0,0.02,0.0,0.0,0.01,0.0,0.05,0.01,0.0,0.0,0.0,0.0,0.0,0.02,0.0,0.01,0.01,0.0,0.01,0.04,0.0,0.01,0.05,0.0,0.0,0.0,0.12000000000000001,0.01,0.0,0.0,0.0,0.01,0.0,0.0,0.0,0.01,0.0,0.05,0.01,0.030000000000000002,0.02,0.04,0.04,0.05,0.0,0.01,0.0,0.01,0.0,0.22,0.0,0,0,0.8,0.0,5,0.0052827814889611305,0,0.43333333333333335,0.3,2.1871428571428573,easy,4.998,0,0,0,0,0,0,0,0,0,0,0,0,0,0,0,0,0,1,0,0,0
101,51,0,5d482ea521c9be351f762586,2020-04-27 19:10:31.922000+00:00,my initial reaction is yes this person is the asshole no need to make your guests feel unwanted at your house,0.571428571,2,0.285714286,7,"my initial reaction is yes, this person is the asshole. no need to make your guests feel unwanted at your house.",5,21,109,1,0.7100934120600827,0.1813448301540233,0.020000000000000004,0.0,0.010000000000000002,0.0,0.0,0.0,0.0,0.0,0.0,0.0,0.0,0.010000000000000002,0.010000000000000002,0.0,0.0,0.0,0.0,0.0,0.0,0.0,0.0,0.010000000000000002,0.010000000000000002,0.05000000000000001,0.0,0.0,0.020000000000000004,0.0,0.0,0.0,0.04000000000000001,0.010000000000000002,0.0,0.0,0.0,0.020000000000000004,0.010000000000000002,0.010000000000000002,0.010000000000000002,0.0,0.0,0.05000000000000001,0.010000000000000002,0.010000000000000002,0.020000000000000004,0.020000000000000004,0.05000000000000001,0.020000000000000004,0.0,0.010000000000000002,0.020000000000000004,0.0,0.010000000000000002,0.10000000000000002,0.0,0,0,0.9047619047619048,0.0,3,0.0,0,0.0,0.0,1.0415999999999999,easy,8.665,0,0,1,0,1,0,0,0,0,0,0,1,1,0,0,0,0,0,1,0,0
101,51,0,5d482ea621c9be351f762886,2020-04-27 19:10:37.513000+00:00,she could have taken her son aside and spoke to him about it and asked him to be more considerate ,0.571428571,2,0.285714286,7,she could have taken her son aside and spoke to him about it and asked him to be more considerate. ,6,20,98,1,0.6121451187494011,0.08613879432316109,0.009999999999999998,0.009999999999999998,0.0,0.019999999999999997,0.0,0.019999999999999997,0.0,0.0,0.009999999999999998,0.0,0.039999999999999994,0.0,0.0,0.0,0.0,0.0,0.0,0.009999999999999998,0.0,0.009999999999999998,0.009999999999999998,0.0,0.0,0.009999999999999998,0.0,0.03,0.0,0.0,0.0,0.0,0.06999999999999999,0.009999999999999998,0.0,0.0,0.0,0.0,0.0,0.0,0.0,0.0,0.0,0.06,0.0,0.0,0.019999999999999997,0.03,0.03,0.03,0.0,0.009999999999999998,0.0,0.009999999999999998,0.0,0.13,0.0,0,0,0.85,0.0,2,0.0,0,0.5,0.5,1.7815,easy,5.591,0,0,0,0,0,0,0,0,0,0,0,0,0,0,0,0,0,1,0,0,0
101,51,0,5d482ea521c9be351f762710,2020-04-27 19:10:43.285000+00:00,yes i totally agree she should have start a conversation with them,0.571428571,2,0.285714286,7,"yes, i totally agree. she should have start a conversation with them",7,12,66,1,-0.2693895210467328,-0.7707155281545989,0.01,0.0,0.0,0.0,0.01,0.01,0.0,0.0,0.01,0.0,0.01,0.0,0.0,0.0,0.0,0.0,0.0,0.0,0.0,0.0,0.01,0.0,0.0,0.02,0.01,0.0,0.01,0.0,0.0,0.0,0.030000000000000002,0.0,0.0,0.0,0.0,0.0,0.0,0.01,0.0,0.0,0.0,0.030000000000000002,0.0,0.01,0.01,0.02,0.030000000000000002,0.01,0.0,0.0,0.0,0.01,0.01,0.07,0.0,0,0,1.0,0.08333333333333333,2,0.0,0,0.75,0.0,5.547533333333333,medium,5.772,0,0,1,0,0,0,0,0,0,0,1,0,0,0,0,0,0,0,0,0,0
101,51,0,5d482ea521c9be351f762540,2020-04-27 19:10:50.889000+00:00,i disagree and do not believe this person is the asshole the son and especially his partner are guests in her house and as they are able to speak english i think they should be more considerate,0.571428571,2,0.285714286,7,i disagree and do not believe this person is the asshole. the son and especially his partner are guests in her house and as they are able to speak english i think they should be more considerate.,8,37,193,1,2.0813695184096246,1.5142293317860942,0.01,0.01,0.01,0.04,0.0,0.03,0.0,0.01,0.01,0.0,0.02,0.01,0.01,0.0,0.0,0.0,0.0,0.01,0.01,0.01,0.01,0.02,0.02,0.06,0.01,0.0,0.01,0.0,0.0,0.0,0.09,0.01,0.0,0.0,0.0,0.0,0.01,0.02,0.0,0.0,0.01,0.08,0.02,0.02,0.03,0.06,0.06999999999999999,0.03,0.0,0.01,0.0,0.01,0.02,0.22999999999999998,0.0,0,0,0.8378378378378378,0.05405405405405406,1,0.00031036623215394165,0,0.53125,0.25,2.261956756756757,easy,7.604,0,0,1,0,1,0,0,0,0,0,1,1,0,0,0,0,0,1,1,0,0
101,51,0,5d482ea521c9be351f76254b,2020-04-27 19:10:53.112000+00:00,im a little iffy on this because the languagecultural aspect makes it more of a sensitive topic however im still leaning heavily towards her not being an asshole if he can speak english and is in front of her he should ,0.571428571,2,0.285714286,7,"i'm a little iffy on this because the language/cultural aspect makes it more of a sensitive topic. however, i'm still leaning heavily towards her not being an asshole. if he can speak english and is in front of her, he should ",9,41,219,1,2.6690592782737137,2.0854655467712675,0.019999999999999997,0.009999999999999998,0.0,0.039999999999999994,0.0,0.009999999999999998,0.0,0.0,0.019999999999999997,0.0,0.039999999999999994,0.009999999999999998,0.009999999999999998,0.0,0.0,0.0,0.0,0.0,0.0,0.009999999999999998,0.0,0.0,0.0,0.03,0.009999999999999998,0.0,0.06,0.0,0.0,0.0,0.06,0.019999999999999997,0.0,0.0,0.0,0.019999999999999997,0.009999999999999998,0.0,0.0,0.009999999999999998,0.019999999999999997,0.049999999999999996,0.0,0.039999999999999994,0.019999999999999997,0.039999999999999994,0.06,0.049999999999999996,0.0,0.009999999999999998,0.0,0.03,0.0,0.22999999999999998,0.009999999999999998,0,0,0.8780487804878049,0.0,9,0.00334092420042559,1,0.48,0.042499999999999996,2.418721951219512,easy,2.223,0,0,1,0,1,0,0,0,0,0,1,1,0,0,0,0,0,1,0,0,0
101,51,0,5d482eab21c9be351f763df5,2020-04-27 19:10:56.305000+00:00,she should try to learn french,0.571428571,2,0.285714286,7,she should try to learn french.,10,6,30,1,-0.7591309876001406,-1.2467457073089099,0.01,0.0,0.0,0.0,0.0,0.0,0.0,0.01,0.0,0.0,0.01,0.0,0.0,0.0,0.0,0.0,0.0,0.0,0.0,0.0,0.0,0.01,0.0,0.01,0.01,0.0,0.0,0.0,0.0,0.0,0.01,0.0,0.0,0.01,0.0,0.0,0.0,0.0,0.0,0.0,0.0,0.02,0.0,0.0,0.0,0.01,0.02,0.01,0.0,0.0,0.0,0.0,0.0,0.03,0.0,0,0,1.0,0.0,1,0.0,0,0.0,0.0,0.2976,easy,3.193,0,0,1,0,0,0,0,0,0,0,0,0,0,0,0,0,0,0,0,0,0
101,51,0,5d482ea721c9be351f762fb7,2020-04-27 19:10:58.463000+00:00,i think its possible that she thinks they are talking in french about her in a mean way  ,0.571428571,2,0.285714286,7,i think its possible that she thinks they are talking in french about her in a mean way.  ,11,18,89,1,0.31830023881735653,-0.19947931316942555,0.0,0.0,0.0,0.0,0.0,0.0,0.0,0.0,0.01,0.0,0.02,0.0,0.0,0.0,0.0,0.0,0.0,0.0,0.0,0.0,0.0,0.03,0.0,0.04,0.0,0.0,0.02,0.0,0.0,0.0,0.04,0.02,0.0,0.0,0.0,0.0,0.0,0.01,0.0,0.01,0.0,0.04,0.0,0.01,0.0,0.01,0.04,0.03,0.0,0.0,0.0,0.01,0.01,0.11,0.0,0,0,0.9444444444444444,0.05555555555555555,1,0.00411522633744856,0,0.5625,-0.10416666666666667,0.8927999999999999,easy,2.158,0,0,1,0,1,0,0,0,0,0,0,1,0,0,0,0,0,0,0,0,0
102,51,3,5d482eab21c9be351f763df5,2020-04-27 19:54:25.945000+00:00,i believe she is not an asshole for wanting make her husband feel comfortable but there were things she could have done to help the situation,1.0,2,0.285714286,7,i believe she is not an asshole for wanting make her husband feel comfortable but there were things she could have done to help the situation.,1,26,141,1,1.101886585302809,0.8195703983881251,0.019999999999999997,0.0,0.0,0.009999999999999998,0.0,0.0,0.0,0.0,0.009999999999999998,0.0,0.03,0.009999999999999998,0.009999999999999998,0.0,0.0,0.0,0.0,0.009999999999999998,0.0,0.0,0.009999999999999998,0.019999999999999997,0.0,0.05,0.0,0.019999999999999997,0.0,0.0,0.0,0.0,0.05,0.009999999999999998,0.0,0.0,0.0,0.009999999999999998,0.009999999999999998,0.009999999999999998,0.009999999999999998,0.0,0.019999999999999997,0.07999999999999999,0.0,0.019999999999999997,0.009999999999999998,0.05,0.06999999999999999,0.019999999999999997,0.0,0.009999999999999998,0.0,0.009999999999999998,0.009999999999999998,0.13999999999999999,0.0,0,0,0.9615384615384616,0.038461538461538464,0,0.0,0,0.8,0.4,1.2895999999999999,easy,0.0,0,0,1,0,1,0,0,0,0,0,0,1,0,0,0,0,0,1,0,0,0
102,51,3,5d482ea521c9be351f762586,2020-04-27 19:54:30.444000+00:00,the mom asked that her daughter include her in conversations and the daughter refused refusing after the mom asked nicely is rude,1.0,2,0.285714286,7,"the mom asked that her daughter include her in conversations, and the daughter refused. refusing after the mom asked nicely is rude.",2,22,129,1,0.8080417053707643,0.5506488614170215,0.0,0.0,0.0,0.01,0.0,0.02,0.0,0.0,0.0,0.0,0.02,0.0,0.0,0.0,0.0,0.0,0.0,0.04,0.01,0.0,0.01,0.0,0.0,0.01,0.0,0.02,0.02,0.0,0.02,0.0,0.11,0.01,0.0,0.0,0.0,0.0,0.01,0.0,0.0,0.0,0.0,0.03,0.0,0.03,0.01,0.01,0.04,0.02,0.0,0.0,0.0,0.01,0.0,0.1,0.0,0,0,0.7272727272727273,0.0,6,0.0,0,0.6,-0.3,1.808927272727273,easy,4.499,0,0,0,0,0,0,0,0,0,0,0,0,0,0,0,0,0,1,1,0,0
102,51,3,5d482ea621c9be351f762886,2020-04-27 19:54:53.642000+00:00,the daughter should be respectful and include her mom at the very least translate,1.0,2,0.285714286,7,the daughter should be respectful and include her mom. at the very least translate.,3,14,81,1,0.024455358885311848,-0.16647523717258797,0.01,0.0,0.0,0.01,0.0,0.02,0.0,0.0,0.01,0.0,0.01,0.0,0.0,0.0,0.0,0.0,0.0,0.02,0.0,0.01,0.0,0.0,0.0,0.0,0.01,0.0,0.01,0.0,0.0,0.0,0.03,0.0,0.0,0.0,0.0,0.0,0.0,0.0,0.0,0.0,0.0,0.02,0.0,0.02,0.01,0.02,0.03,0.01,0.0,0.0,0.0,0.01,0.0,0.08,0.0,0,0,0.9285714285714286,0.0,4,0.01608626469822259,0,0.61,0.05499999999999999,0.6944,easy,23.198,0,0,1,0,0,0,0,0,0,0,0,0,0,0,0,0,0,1,0,0,0
102,51,3,5d482ea521c9be351f762519,2020-04-27 19:54:53.688000+00:00,i understand that the husband is shy about speaking english but this is her home and it sounds like she doesnt get to see them often not including her is rude,1.0,2,0.285714286,7,"i understand that the husband is shy about speaking english. but this is her home, and it sounds like she doesn't get to see them often. not including her is rude.",4,31,158,1,1.5916280518562167,1.267772960006631,0.0,0.02,0.01,0.02,0.0,0.02,0.0,0.0,0.02,0.01,0.030000000000000002,0.02,0.0,0.0,0.0,0.01,0.0,0.01,0.02,0.0,0.01,0.01,0.0,0.07,0.0,0.0,0.0,0.0,0.0,0.0,0.060000000000000005,0.030000000000000002,0.0,0.0,0.0,0.0,0.01,0.01,0.0,0.01,0.02,0.07,0.0,0.01,0.02,0.04,0.060000000000000005,0.02,0.0,0.030000000000000002,0.0,0.01,0.01,0.17,0.0,0,0,0.9032258064516129,0.03225806451612903,4,0.0,0,0.3666666666666667,-0.26666666666666666,1.5375999999999999,easy,0.046,0,0,1,0,0,0,0,0,0,0,0,1,0,0,0,0,0,1,1,0,0
102,51,3,5d482ea521c9be351f76254b,2020-04-27 19:54:59.078000+00:00,this one is difficult since he knows hes in a difficult spot so i dont think hes a complete asshole but since he is in his mothers house both him and his husband couldve worked to include his mother more,1.0,2,0.285714286,7,"this one is difficult since he knows he's in a difficult spot so i don't think he's a complete asshole but since he is in his mother's house, both him and his husband could've worked to include his mother more.",5,40,203,1,2.473162691652351,2.074537570919942,0.009999999999999998,0.0,0.009999999999999998,0.029999999999999995,0.009999999999999998,0.029999999999999995,0.0,0.009999999999999998,0.009999999999999998,0.0,0.07999999999999999,0.009999999999999998,0.009999999999999998,0.0,0.0,0.0,0.0,0.029999999999999995,0.019999999999999997,0.019999999999999997,0.0,0.019999999999999997,0.0,0.06999999999999999,0.009999999999999998,0.019999999999999997,0.029999999999999995,0.0,0.0,0.0,0.11,0.009999999999999998,0.0,0.009999999999999998,0.0,0.019999999999999997,0.009999999999999998,0.009999999999999998,0.0,0.0,0.009999999999999998,0.09,0.0,0.019999999999999997,0.029999999999999995,0.05999999999999999,0.09999999999999999,0.049999999999999996,0.0,0.0,0.0,0.029999999999999995,0.009999999999999998,0.19999999999999998,0.0,0,0,0.775,0.025,6,0.0008829851539226769,0,0.725,-0.1,1.984,easy,5.39,0,0,1,0,1,0,0,0,0,0,1,0,0,0,0,0,0,1,1,0,0
102,51,3,5d482eab21c9be351f763df5,2020-04-27 19:55:13.104000+00:00,she could have told her mom that she could help her learn the language or tell her what is going on in the conversations tell her she could get her a translator on her phone and it would be fun etc,1.0,2,0.285714286,7,"she could have told her mom that she could help her learn the language, or tell her what is going on in the conversations, tell her she could get her a translator on her phone and it would be fun, etc.",6,41,197,1,2.6690592782737137,2.253818595567344,0.039999999999999994,0.0,0.0,0.019999999999999997,0.0,0.009999999999999998,0.0,0.0,0.0,0.0,0.09,0.0,0.0,0.0,0.0,0.0,0.0,0.009999999999999998,0.0,0.009999999999999998,0.009999999999999998,0.009999999999999998,0.0,0.030000000000000002,0.009999999999999998,0.009999999999999998,0.039999999999999994,0.0,0.0,0.0,0.16999999999999998,0.030000000000000002,0.0,0.009999999999999998,0.0,0.0,0.0,0.0,0.0,0.009999999999999998,0.009999999999999998,0.09,0.0,0.030000000000000002,0.009999999999999998,0.07,0.07,0.030000000000000002,0.0,0.0,0.0,0.019999999999999997,0.0,0.23,0.0,0,0,0.7073170731707317,0.0,4,0.0,0,0.2,0.3,2.418721951219512,easy,14.026,0,0,0,0,0,0,0,0,0,0,0,0,0,0,0,0,0,1,0,0,0
102,51,3,5d482ea521c9be351f762710,2020-04-27 19:55:14.732000+00:00,i think she was not an asshole,1.0,2,0.285714286,7,i think she was not an asshole,7,7,30,1,-0.7591309876001406,-0.8835993357621974,0.0,0.0,0.0,0.0,0.0,0.0,0.0,0.0,0.0,0.0,0.01,0.01,0.01,0.0,0.0,0.0,0.0,0.0,0.0,0.0,0.0,0.01,0.0,0.01,0.0,0.01,0.0,0.0,0.0,0.0,0.01,0.0,0.0,0.0,0.0,0.0,0.01,0.01,0.0,0.0,0.01,0.02,0.0,0.01,0.0,0.01,0.02,0.0,0.0,0.0,0.0,0.0,0.01,0.049999999999999996,0.0,0,0,1.0,0.14285714285714285,1,0.0,0,0.0,0.0,0.3472,easy,1.628,0,0,1,0,1,0,0,0,0,0,0,1,0,0,0,0,0,0,0,0,0
102,51,3,5d482ea521c9be351f76270e,2020-04-27 19:55:15.849000+00:00,they should speak the language of the host they are visiting  ,1.0,2,0.285714286,7,they should speak the language of the host they are visiting.  ,8,11,62,1,-0.2693895210467328,-0.43539677414369155,0.01,0.01,0.0,0.0,0.0,0.0,0.0,0.0,0.0,0.0,0.0,0.0,0.0,0.0,0.0,0.0,0.0,0.0,0.0,0.0,0.0,0.0,0.0,0.01,0.01,0.0,0.01,0.0,0.0,0.0,0.049999999999999996,0.0,0.0,0.0,0.0,0.0,0.0,0.0,0.0,0.0,0.0,0.02,0.0,0.02,0.0,0.02,0.01,0.01,0.0,0.01,0.0,0.0,0.0,0.06999999999999999,0.0,0,0,0.8181818181818182,0.0,0,0.0,0,0.0,0.0,0.5456,easy,1.117,0,0,1,0,0,0,0,0,0,0,0,0,0,0,0,0,0,0,0,0,0
102,51,3,5d482ea521c9be351f762540,2020-04-27 19:55:21.145000+00:00,this is a tough one for me and personally i believe neither of them to be assholes the poster is not an asshole for wanting to make their husband feel comfortable the mother is not an asshole for wanting to be included in her own home,1.0,2,0.285714286,7,"this is a tough one for me, and personally i believe neither of them to be assholes. the poster is not an asshole for wanting to make their husband feel comfortable, the mother is not an asshole for wanting to be included in her own home.",9,46,234,1,2.9629041582057587,2.5227401325384475,0.02,0.0,0.01,0.01,0.0,0.02,0.0,0.0,0.0,0.0,0.01,0.029999999999999995,0.029999999999999995,0.0,0.0,0.0,0.0,0.02,0.0,0.02,0.01,0.02,0.0,0.05999999999999999,0.0,0.0,0.01,0.0,0.0,0.0,0.049999999999999996,0.01,0.0,0.0,0.0,0.01,0.029999999999999995,0.02,0.01,0.0,0.02,0.08,0.0,0.049999999999999996,0.01,0.049999999999999996,0.09,0.08,0.0,0.01,0.0,0.029999999999999995,0.02,0.27999999999999997,0.0,0,0,0.7391304347826086,0.043478260869565216,3,0.0,0,0.7333333333333334,0.1527777777777778,2.2816,easy,5.296,0,0,1,0,1,0,0,0,0,0,1,0,0,0,0,0,0,1,0,0,0
102,51,3,5d482ea621c9be351f762886,2020-04-27 19:55:28.385000+00:00,i understand the moms point of view she wants to get caught up and how can she do that if he keeps speaking in a foreign language,1.0,2,0.285714286,7,i understand the mom's point of view. she wants to get caught up and how can she do that if he keeps speaking in a foreign language?,10,27,129,1,1.1998348786134905,0.9092109107118262,0.02,0.01,0.0,0.03,0.0,0.01,0.0,0.0,0.01,0.0,0.03,0.0,0.0,0.0,0.0,0.01,0.0,0.01,0.0,0.0,0.0,0.01,0.0,0.06,0.0,0.01,0.04,0.0,0.01,0.0,0.06,0.01,0.0,0.0,0.0,0.01,0.0,0.01,0.0,0.01,0.01,0.07,0.0,0.02,0.01,0.02,0.06,0.04,0.0,0.02,0.0,0.01,0.01,0.16,0.0,1,0,0.9629629629629629,0.037037037037037035,6,0.00015518311607697082,0,0.1125,0.037500000000000006,1.3392,easy,7.24,0,0,0,0,0,0,0,0,0,0,0,1,0,0,0,0,0,0,0,0,0
102,51,3,5d482ea521c9be351f76270e,2020-04-27 19:55:40.362000+00:00,i agree fulfilledcamel,1.0,2,0.285714286,7,i agree fulfilledcamel,11,3,22,1,-1.1509241608428669,-1.2421613850570021,0.0,0.0,0.0,0.0,0.0,0.0,0.0,0.01,0.0,0.0,0.0,0.0,0.0,0.0,0.0,0.0,0.0,0.0,0.0,0.0,0.01,0.0,0.0,0.0,0.0,0.0,0.0,0.0,0.0,0.0,0.0,0.0,0.0,0.0,0.0,0.0,0.0,0.01,0.0,0.0,0.0,0.0,0.0,0.0,0.0,0.0,0.0,0.0,0.0,0.0,0.0,0.0,0.01,0.01,0.0,0,0,1.0,0.3333333333333333,0,0.00015518311607697082,0,0.0,0.0,0.1488,easy,11.977,0,0,0,0,0,0,0,0,0,0,0,1,0,0,0,0,0,0,0,0,0
102,51,3,5d482ea521c9be351f762710,2020-04-27 19:55:41.588000+00:00,i think she was trying to make her husnand comfortable,1.0,2,0.285714286,7,i think she was trying to make her husnand comfortable,12,10,54,1,-0.4652861076680959,-0.6146777987910939,0.0,0.0,0.0,0.0,0.0,0.0,0.0,0.01,0.0,0.0,0.02,0.0,0.0,0.0,0.0,0.0,0.0,0.0,0.0,0.0,0.01,0.01,0.0,0.02,0.0,0.01,0.0,0.0,0.0,0.0,0.02,0.0,0.0,0.0,0.0,0.01,0.0,0.01,0.0,0.0,0.0,0.03,0.0,0.0,0.0,0.01,0.02,0.01,0.0,0.0,0.0,0.01,0.01,0.05,0.0,0,0,1.0,0.1,0,0.00015518311607697082,0,0.8,0.4,0.496,easy,1.226,0,0,1,0,1,0,0,0,0,0,0,1,0,0,0,0,0,1,0,0,0
102,51,3,5d482eab21c9be351f763df5,2020-04-27 19:55:44.626000+00:00,however she was caught between a rock and a hard place because she wanted to please her husband and didnt want to make her mom mad,1.0,2,0.285714286,7,"however, she was caught between a rock and a hard place because she wanted to please her husband and didn't want to make her mom mad.",13,26,130,1,1.1998348786134905,0.9092109107118262,0.02,0.0,0.0,0.04,0.0,0.02,0.0,0.0,0.01,0.0,0.04,0.01,0.0,0.0,0.0,0.0,0.0,0.02,0.01,0.0,0.01,0.0,0.0,0.02,0.0,0.04,0.02,0.0,0.0,0.0,0.060000000000000005,0.0,0.0,0.0,0.0,0.02,0.01,0.0,0.01,0.0,0.0,0.060000000000000005,0.0,0.02,0.030000000000000002,0.02,0.060000000000000005,0.030000000000000002,0.0,0.01,0.0,0.02,0.0,0.13,0.0,0,0,0.8076923076923077,0.0,7,0.002127659574468085,0,0.7708333333333333,-0.45833333333333337,1.2895999999999999,easy,3.038,1,0,0,0,0,0,0,0,0,0,0,0,0,0,0,0,0,0,1,0,0
103,52,0,5ea724e43ecdad55471ffdce,2020-04-27 19:14:51.638000+00:00,i think theyre not really an asshole but they need to compromise,0.666666667,2,0.333333333,6,i think they're not really an asshole but they need to compromise,1,12,64,1,-0.2693895210467328,-0.6465751626666868,0.01,0.0,0.0,0.01,0.0,0.0,0.0,0.0,0.01,0.0,0.0,0.01,0.01,0.0,0.0,0.0,0.0,0.0,0.0,0.0,0.0,0.01,0.0,0.03,0.0,0.0,0.0,0.0,0.0,0.0,0.02,0.0,0.0,0.0,0.0,0.0,0.01,0.01,0.0,0.0,0.03,0.03,0.0,0.01,0.02,0.01,0.05,0.01,0.0,0.0,0.0,0.0,0.01,0.06,0.0,0,0,1.0,0.08333333333333333,0,0.0,0,0.2,-0.1,0.5952,easy,0.0,0,0,1,0,1,1,0,0,0,0,0,1,0,0,0,0,0,0,0,0,0
103,52,0,5d482ea521c9be351f7625cc,2020-04-27 19:15:10.182000+00:00,my initial impression is that this person is the asshole it seems as though what started off as help for her parents has become an assumption and a duty whilst her parents have made no progress in learning english,0.666666667,2,0.333333333,6,"my initial impression is that this person is the asshole. it seems as though what started off as help for her parents has become an assumption and a duty, whilst her parents have made no progress in learning english.",2,39,213,1,2.473162691652351,2.7418936042496402,0.0,0.0,0.0,0.04,0.0,0.01,0.0,0.01,0.01,0.0,0.02,0.01,0.01,0.0,0.0,0.0,0.0,0.02,0.0,0.0,0.01,0.04,0.01,0.06,0.0,0.02,0.049999999999999996,0.0,0.01,0.0,0.06,0.04,0.0,0.02,0.0,0.01,0.01,0.01,0.0,0.02,0.0,0.08,0.0,0.03,0.02,0.049999999999999996,0.07,0.049999999999999996,0.0,0.0,0.0,0.02,0.01,0.20999999999999996,0.0,0,0,0.8974358974358975,0.0,1,0.0003202049311559398,0,0.0,0.0,1.9344,easy,18.544,0,0,1,0,1,0,0,0,0,0,0,1,0,0,0,0,0,1,0,0,0
103,52,0,5d482ea521c9be351f7626f2,2020-04-27 19:15:12.896000+00:00,i think she is for pushing her parents off all the time on her husband  im sure he has things to do too,0.666666667,2,0.333333333,6,i think she is for pushing her parents off all the time on her husband.  i'm sure he has things to do too.,3,23,103,1,0.8080417053707643,0.6846089957647274,0.0,0.0,0.0,0.0,0.02,0.0,0.0,0.0,0.02,0.0,0.04,0.0,0.0,0.0,0.0,0.0,0.0,0.02,0.0,0.0,0.01,0.01,0.0,0.04,0.0,0.0,0.04,0.0,0.0,0.0,0.060000000000000005,0.01,0.0,0.0,0.0,0.0,0.0,0.01,0.0,0.0,0.0,0.04,0.0,0.01,0.0,0.030000000000000002,0.030000000000000002,0.04,0.0,0.0,0.0,0.0,0.01,0.15,0.0,0,0,0.9565217391304348,0.043478260869565216,6,0.004922752849186315,0,0.8888888888888888,0.5,1.1408,easy,2.714,0,0,1,0,1,0,0,0,0,0,1,1,0,0,0,0,0,0,0,0,0
103,52,0,5ea728b83ecdad55472000c2,2020-04-27 19:15:13.051000+00:00,i think they are not the asshole but yes they need to appriecate the spouse effort,0.666666667,2,0.333333333,6,i think they are not the asshole but yes they need to appriecate the spouse effort,4,16,82,1,0.1224036521959934,-0.1625081959643543,0.01,0.0,0.0,0.01,0.0,0.0,0.0,0.01,0.0,0.0,0.0,0.01,0.01,0.0,0.0,0.0,0.0,0.01,0.0,0.0,0.0,0.01,0.0,0.029999999999999995,0.0,0.0,0.0,0.0,0.0,0.0,0.029999999999999995,0.0,0.0,0.0,0.0,0.0,0.01,0.01,0.0,0.0,0.02,0.029999999999999995,0.0,0.02,0.02,0.01,0.04,0.01,0.0,0.0,0.0,0.0,0.01,0.09,0.0,0,0,0.875,0.0625,3,0.0005036151718260998,0,0.0,0.0,0.7936,easy,0.155,0,0,1,0,1,0,0,0,0,0,0,1,0,0,0,0,1,0,0,0,0
103,52,0,5d482ea521c9be351f7624c6,2020-04-27 19:15:13.787000+00:00,i feel if its only occasional then its perfectly fine,0.666666667,2,0.333333333,6,i feel if it's only occasional then it's perfectly fine,5,10,53,1,-0.4652861076680959,-0.8886086460178529,0.01,0.0,0.0,0.02,0.01,0.0,0.0,0.01,0.01,0.0,0.0,0.0,0.0,0.0,0.0,0.0,0.0,0.0,0.0,0.0,0.02,0.01,0.0,0.01,0.0,0.0,0.02,0.0,0.0,0.0,0.0,0.02,0.0,0.0,0.0,0.0,0.0,0.01,0.01,0.02,0.01,0.01,0.0,0.0,0.0,0.0,0.04,0.0,0.0,0.01,0.0,0.02,0.01,0.060000000000000005,0.0,0,0,0.9,0.1,0,0.00015518311607697082,0,0.5416666666666666,0.1388888888888889,5.7115,medium,0.736,0,0,1,0,1,0,0,0,0,0,0,1,0,0,0,0,0,1,0,0,0
103,52,0,5ea724e43ecdad55471ffdce,2020-04-27 19:15:35.147000+00:00,they could share the work of translating more evenly,0.666666667,2,0.333333333,6,they could share the work of translating more evenly,6,9,52,1,-0.4652861076680959,-0.8886086460178529,0.01,0.0,0.0,0.0,0.0,0.0,0.0,0.01,0.0,0.0,0.0,0.0,0.0,0.0,0.0,0.0,0.0,0.0,0.0,0.01,0.01,0.0,0.0,0.0,0.0,0.0,0.0,0.0,0.0,0.0,0.02,0.0,0.0,0.01,0.0,0.0,0.0,0.0,0.0,0.0,0.0,0.01,0.0,0.01,0.0,0.01,0.01,0.01,0.0,0.0,0.0,0.02,0.0,0.04,0.0,0,0,1.0,0.0,0,0.0,0,0.5,0.5,0.44639999999999996,easy,21.36,0,0,0,0,0,0,0,0,0,0,0,0,0,0,0,0,0,1,0,0,0
103,52,0,5ea728b83ecdad55472000c2,2020-04-27 19:15:52.762000+00:00,i mean in the end if the spouse has an issue with it they are the asshole for continuing to expect it,0.666666667,2,0.333333333,6,"i mean in the end, if the spouse has an issue with it, they are the asshole for continuing to expect it",7,22,101,1,0.7100934120600827,0.5635922540891444,0.02,0.0,0.0,0.01,0.0,0.01,0.0,0.0,0.0,0.0,0.0,0.0,0.01,0.0,0.0,0.0,0.0,0.01,0.0,0.0,0.0,0.01,0.0,0.03,0.0,0.0,0.03,0.0,0.0,0.0,0.02,0.02,0.0,0.0,0.0,0.0,0.01,0.01,0.0,0.01,0.01,0.03,0.0,0.04,0.0,0.02,0.05,0.04,0.0,0.0,0.0,0.0,0.01,0.15,0.0,0,0,0.8636363636363636,0.045454545454545456,4,0.0,0,0.6875,-0.3125,1.0912,easy,17.615,0,0,0,0,0,0,0,0,0,0,0,1,0,0,0,0,0,0,1,0,0
103,52,0,5d482ea821c9be351f763554,2020-04-27 19:15:59.377000+00:00,i think that neither one is an assholethats a rather strong term  he is complaining about a minor inconvenience though,0.666666667,2,0.333333333,6,i think that neither one is an asshole(that's a rather strong term).  he is complaining about a minor inconvenience though.,8,20,118,1,0.5141968254387196,0.3215587707379781,0.01,0.0,0.0,0.01,0.0,0.0,0.0,0.01,0.03,0.0,0.01,0.01,0.01,0.0,0.0,0.0,0.0,0.0,0.0,0.02,0.01,0.01,0.0,0.03,0.0,0.0,0.0,0.0,0.0,0.0,0.02,0.01,0.0,0.0,0.0,0.0,0.01,0.01,0.0,0.0,0.01,0.03,0.0,0.03,0.0,0.02,0.02,0.01,0.0,0.0,0.0,0.03,0.01,0.09,0.0,0,0,0.9,0.05,1,0.00015518311607697082,0,0.4666666666666667,0.19166666666666665,6.2075,difficult,6.615,0,0,1,0,1,0,0,0,0,0,0,1,0,0,0,0,0,1,1,0,0
103,52,0,5d482ea621c9be351f76295f,2020-04-27 19:16:11.467000+00:00,it is not a big deal when he spends his time helping his wifes family  her family is his family too  ,0.666666667,2,0.333333333,6,it is not a big deal when he spends his time helping his wife's family.  her family is his family too.  ,9,21,101,1,0.7100934120600827,0.5635922540891444,0.0,0.0,0.03,0.01,0.0,0.0,0.0,0.0,0.02,0.0,0.05,0.01,0.0,0.0,0.0,0.0,0.0,0.04,0.0,0.0,0.01,0.0,0.0,0.02,0.0,0.0,0.03,0.0,0.0,0.0,0.11,0.01,0.0,0.0,0.01,0.0,0.0,0.0,0.0,0.0,0.01,0.02,0.0,0.01,0.0,0.02,0.01,0.0,0.0,0.0,0.0,0.02,0.0,0.12,0.0,0,0,0.7619047619047619,0.0,4,0.0,0,0.1,0.0,1.0415999999999999,easy,12.09,0,0,0,0,0,0,0,0,0,0,0,0,0,0,0,0,0,1,0,0,0
104,52,2,5ea724e43ecdad55471ffdce,2020-04-27 19:44:36.216000+00:00,i think the op isnt telling the whole story when he says he was completely respectful,0.666666667,2,0.333333333,6,i think the op isn't telling the whole story when he says he was completely respectful,1,16,85,1,0.1224036521959934,-0.48802367914641714,0.0,0.01,0.0,0.01,0.01,0.0,0.0,0.0,0.02,0.0,0.02,0.01,0.0,0.0,0.0,0.0,0.0,0.0,0.0,0.01,0.0,0.01,0.0,0.02,0.0,0.01,0.01,0.0,0.0,0.0,0.049999999999999996,0.0,0.0,0.0,0.0,0.0,0.0,0.01,0.0,0.0,0.0,0.03,0.0,0.02,0.0,0.02,0.03,0.0,0.0,0.01,0.0,0.01,0.01,0.06999999999999999,0.0,0,0,0.875,0.0625,0,0.0,0,0.55,0.35,0.7936,easy,0.0,0,0,1,0,1,0,0,0,0,0,0,1,0,0,0,0,0,1,0,0,0
104,52,2,5d482ea621c9be351f76295f,2020-04-27 19:44:46.758000+00:00,it is frustrating when your daily activity is interrupted,0.666666667,2,0.333333333,6,it is frustrating when your daily activity is interrupted.,2,9,57,1,-0.4652861076680959,-1.1290962044156752,0.0,0.0,0.0,0.009999999999999998,0.0,0.0,0.0,0.0,0.009999999999999998,0.0,0.0,0.0,0.0,0.0,0.0,0.0,0.0,0.0,0.009999999999999998,0.0,0.0,0.0,0.0,0.019999999999999997,0.0,0.0,0.019999999999999997,0.0,0.0,0.0,0.019999999999999997,0.009999999999999998,0.0,0.0,0.0,0.0,0.019999999999999997,0.0,0.0,0.0,0.0,0.019999999999999997,0.0,0.0,0.0,0.019999999999999997,0.0,0.0,0.0,0.0,0.009999999999999998,0.0,0.0,0.049999999999999996,0.0,0,0,0.8888888888888888,0.0,1,0.0,0,0.45,-0.2,5.837344444444444,medium,10.542,0,0,0,0,0,0,0,0,0,0,0,0,1,0,0,0,0,0,1,0,0
104,52,2,5d482ea521c9be351f7626f2,2020-04-27 19:44:50.072000+00:00,i dont think hes being an asshole at all,0.666666667,2,0.333333333,6,i don't think he's being an asshole at all.,3,9,40,1,-0.5632344009787775,-1.2359416252938848,0.0,0.0,0.0,0.0,0.010000000000000002,0.0,0.0,0.0,0.0,0.0,0.010000000000000002,0.010000000000000002,0.010000000000000002,0.0,0.0,0.0,0.0,0.0,0.0,0.0,0.0,0.010000000000000002,0.0,0.03,0.0,0.0,0.010000000000000002,0.0,0.0,0.0,0.010000000000000002,0.0,0.0,0.0,0.0,0.0,0.010000000000000002,0.010000000000000002,0.0,0.0,0.0,0.04000000000000001,0.0,0.010000000000000002,0.0,0.03,0.020000000000000004,0.010000000000000002,0.0,0.0,0.0,0.0,0.010000000000000002,0.05,0.0,0,0,1.0,0.1111111111111111,0,0.0,0,0.0,0.0,0.44639999999999996,easy,3.314,0,0,1,0,1,0,0,0,0,0,0,1,0,0,0,0,0,0,0,0,0
104,52,2,5ea728b83ecdad55472000c2,2020-04-27 19:44:56.863000+00:00,i think that he is kind of the asshole because he was rude about it and very much expected the mother to learn english  i can see encouraging her but demanding is just making him the asshole,0.666666667,2,0.333333333,6,i think that he is kind of the asshole because he was rude about it and very much expected the mother to learn english.  i can see encouraging her but demanding is just making him the asshole,4,37,190,1,2.0813695184096246,1.648884738417776,0.009999999999999998,0.0,0.0,0.03,0.0,0.009999999999999998,0.0,0.0,0.03,0.0,0.039999999999999994,0.0,0.019999999999999997,0.0,0.0,0.009999999999999998,0.0,0.009999999999999998,0.009999999999999998,0.009999999999999998,0.019999999999999997,0.019999999999999997,0.0,0.049999999999999996,0.0,0.009999999999999998,0.0,0.0,0.0,0.0,0.06,0.019999999999999997,0.0,0.009999999999999998,0.0,0.019999999999999997,0.03,0.019999999999999997,0.0,0.009999999999999998,0.019999999999999997,0.06,0.0,0.03,0.039999999999999994,0.039999999999999994,0.09,0.03,0.0,0.009999999999999998,0.0,0.009999999999999998,0.019999999999999997,0.22999999999999998,0.009999999999999998,0,0,0.8378378378378378,0.05405405405405406,0,0.0012992081502149501,1,0.475,0.049999999999999996,1.8352,easy,6.791,0,0,1,0,1,0,0,0,0,0,1,1,0,0,0,0,0,1,1,0,0
104,52,2,5d482ea821c9be351f763554,2020-04-27 19:44:59.024000+00:00,he very well may be the asshole but i am taking his word for it that he was very polite,0.666666667,2,0.333333333,6,"he very well may be the asshole, but i am taking his word for it that he was very polite.",5,20,87,1,0.5141968254387196,-0.06064199563357855,0.0,0.0,0.0,0.01,0.0,0.0,0.0,0.0,0.03,0.0,0.03,0.0,0.01,0.0,0.0,0.0,0.0,0.0,0.0,0.0,0.01,0.0,0.0,0.02,0.01,0.01,0.0,0.0,0.0,0.0,0.03,0.02,0.0,0.0,0.0,0.0,0.01,0.01,0.0,0.01,0.01,0.049999999999999996,0.0,0.01,0.02,0.04,0.03,0.01,0.0,0.0,0.0,0.02,0.01,0.13999999999999999,0.0,0,0,0.9,0.05,9,0.0004753880472329106,0,0.3,0.2,0.992,easy,2.161,0,0,1,0,0,0,0,0,0,0,1,0,0,0,0,0,0,1,0,0,0
104,52,2,5d482ea521c9be351f7625cc,2020-04-27 19:45:11.322000+00:00,the verdict is based on if he is the asshole for telling her to learn english instead of just helping her,0.666666667,2,0.333333333,6,the verdict is based on if he is the asshole for telling her to learn english instead of just helping her.,6,21,105,1,0.7100934120600827,0.15304884612284075,0.010000000000000002,0.0,0.0,0.010000000000000002,0.0,0.0,0.0,0.0,0.020000000000000004,0.0,0.03,0.0,0.010000000000000002,0.0,0.0,0.0,0.0,0.0,0.0,0.0,0.010000000000000002,0.010000000000000002,0.0,0.020000000000000004,0.0,0.0,0.010000000000000002,0.0,0.0,0.0,0.05,0.0,0.0,0.010000000000000002,0.0,0.010000000000000002,0.010000000000000002,0.0,0.0,0.010000000000000002,0.020000000000000004,0.020000000000000004,0.0,0.020000000000000004,0.010000000000000002,0.020000000000000004,0.04000000000000001,0.04000000000000001,0.0,0.0,0.0,0.010000000000000002,0.0,0.13,0.0,0,0,0.8571428571428571,0.0,4,0.0003202049311559398,0,0.0,0.0,1.0415999999999999,easy,12.298,0,0,0,0,0,0,0,0,0,0,0,0,0,0,0,0,0,1,0,0,0
104,52,2,5d482ea521c9be351f7626f2,2020-04-27 19:45:12.013000+00:00,its frustrating when someone wont try to help themself  if they were trying then its easier to help them,0.666666667,2,0.333333333,6,it's frustrating when someone won't try to help themself.  if they were trying then it's easier to help them.,7,19,104,1,0.5141968254387196,-0.06064199563357855,0.01,0.0,0.0,0.030000000000000002,0.0,0.0,0.0,0.02,0.01,0.0,0.0,0.01,0.0,0.0,0.0,0.0,0.0,0.0,0.0,0.0,0.01,0.0,0.0,0.01,0.01,0.01,0.02,0.0,0.0,0.0,0.05,0.030000000000000002,0.0,0.0,0.0,0.0,0.01,0.0,0.0,0.02,0.01,0.030000000000000002,0.0,0.0,0.0,0.02,0.02,0.02,0.0,0.0,0.0,0.01,0.0,0.1,0.0,0,0,0.8421052631578947,0.0,3,0.0,0,0.9,-0.4,0.9424,easy,0.691,0,0,0,0,0,0,0,0,0,0,0,0,0,0,0,0,0,1,1,0,0
104,52,2,5d482ea521c9be351f7624c6,2020-04-27 19:45:12.200000+00:00,i feel that he is venting online but probably wasnt a total jerk when speaking to the family member,0.666666667,2,0.333333333,6,i feel that he is venting online but probably wasn't a total jerk when speaking to the family member.,8,19,99,1,0.4162485321280381,-0.1674874165117882,0.0,0.01,0.01,0.02,0.01,0.0,0.0,0.0,0.02,0.0,0.01,0.01,0.0,0.0,0.0,0.0,0.0,0.01,0.01,0.01,0.0,0.01,0.0,0.02,0.0,0.01,0.01,0.0,0.0,0.0,0.03,0.01,0.0,0.0,0.0,0.0,0.01,0.01,0.01,0.01,0.01,0.03,0.0,0.02,0.01,0.02,0.04,0.01,0.0,0.02,0.0,0.01,0.01,0.09,0.01,0,0,1.0,0.05263157894736842,2,0.0,1,0.75,0.0,0.9424,easy,0.187,0,0,1,0,1,0,0,0,0,0,0,1,0,0,0,0,0,0,1,0,0
104,52,2,5ea724e43ecdad55471ffdce,2020-04-27 19:45:27.086000+00:00,the whole family got upset at him so i think there may be a pattern of being less than respectful,0.666666667,2,0.333333333,6,"the whole family got upset at him, so i think there may be a pattern of being less than respectful",9,20,97,1,0.5141968254387196,-0.06064199563357855,0.0,0.0,0.01,0.01,0.0,0.0,0.0,0.0,0.02,0.01,0.01,0.0,0.0,0.0,0.0,0.0,0.0,0.01,0.01,0.02,0.0,0.01,0.0,0.01,0.01,0.01,0.01,0.0,0.0,0.0,0.02,0.0,0.0,0.0,0.0,0.0,0.0,0.01,0.0,0.01,0.0,0.049999999999999996,0.0,0.02,0.01,0.03,0.02,0.03,0.0,0.0,0.0,0.02,0.01,0.11,0.0,0,0,1.0,0.05,2,0.001973364934258789,0,0.38888888888888884,0.17777777777777778,0.992,easy,14.886,0,0,1,0,1,0,0,0,0,0,1,0,0,0,0,0,1,1,1,0,0
104,52,2,5d482ea521c9be351f7625cc,2020-04-27 19:45:30.032000+00:00,i feel like he isnt the asshole for wanting them to learn some english after 8 years but it does sound like he did it in a nasty way even if you take into account his version where he said it nicely his post clearly gives off the vibe that he is a bit of an asshole in general,0.666666667,2,0.333333333,6,"i feel like he isn't the asshole for wanting them to learn some english after 8 years, but it does sound like he did it in a nasty way. even if you take into account his version where he said it nicely, his post clearly gives off the vibe that he is a bit of an asshole in general.",10,59,276,1,4.3341802645553,4.106329418616599,0.02,0.02,0.0,0.02,0.01,0.01,0.0,0.0,0.029999999999999995,0.0,0.05999999999999999,0.01,0.02,0.0,0.0,0.0,0.0,0.0,0.0,0.029999999999999995,0.029999999999999995,0.02,0.0,0.05999999999999999,0.0,0.02,0.09,0.0,0.0,0.0,0.09999999999999999,0.04,0.0,0.01,0.01,0.0,0.029999999999999995,0.01,0.01,0.02,0.02,0.08,0.0,0.049999999999999996,0.01,0.04,0.09,0.08,0.0,0.029999999999999995,0.01,0.05999999999999999,0.01,0.32999999999999996,0.0,0,0,0.8135593220338984,0.01694915254237288,5,0.00015518311607697082,0,0.5472222222222222,0.025000000000000005,2.9264,easy,2.946,0,0,1,0,1,0,0,0,0,0,0,1,1,0,0,0,0,1,1,0,0
105,53,1,5d482ea521c9be351f7625fa,2020-04-27 19:45:18.854000+00:00,what do you all think,1.0,1,0.2,5,what do you all think?,1,5,21,1,-0.8570792809108222,-0.9577949358329612,0.0,0.0,0.0,0.0,0.009999999999999998,0.0,0.0,0.0,0.0,0.0,0.0,0.0,0.0,0.0,0.0,0.0,0.0,0.0,0.0,0.0,0.0,0.009999999999999998,0.0,0.019999999999999997,0.0,0.0,0.0,0.0,0.0,0.0,0.009999999999999998,0.009999999999999998,0.0,0.0,0.0,0.0,0.0,0.0,0.0,0.0,0.0,0.019999999999999997,0.0,0.0,0.0,0.009999999999999998,0.019999999999999997,0.0,0.0,0.0,0.009999999999999998,0.0,0.0,0.039999999999999994,0.0,1,0,1.0,0.0,0,0.0,0,0.0,0.0,0.248,easy,0.0,0,0,1,0,1,0,0,0,0,0,0,0,1,0,0,1,0,0,0,0,0
105,53,1,5ea721e23ecdad55471ffa74,2020-04-27 19:45:37.858000+00:00,she should have approached it more nicely the guy couldnt speak good english and theyre young,1.0,1,0.2,5,she should have approached it more nicely. the guy couldnt speak good english and theyre young,2,16,93,1,0.22035194550667497,-0.043014742627228826,0.020000000000000004,0.010000000000000002,0.0,0.010000000000000002,0.0,0.010000000000000002,0.0,0.0,0.0,0.0,0.010000000000000002,0.010000000000000002,0.0,0.0,0.0,0.0,0.0,0.0,0.0,0.010000000000000002,0.020000000000000004,0.0,0.010000000000000002,0.020000000000000004,0.010000000000000002,0.0,0.020000000000000004,0.0,0.0,0.0,0.04000000000000001,0.010000000000000002,0.0,0.0,0.0,0.0,0.0,0.0,0.0,0.0,0.0,0.04000000000000001,0.0,0.010000000000000002,0.010000000000000002,0.04000000000000001,0.030000000000000002,0.0,0.0,0.010000000000000002,0.0,0.020000000000000004,0.0,0.07,0.0,0,0,1.0,0.0,0,0.0,0,0.5,0.38,0.7936,easy,19.004,0,0,1,0,0,0,0,0,0,0,0,0,0,0,0,0,0,1,0,0,0
105,53,1,5d482ea721c9be351f762be2,2020-04-27 19:45:38.578000+00:00,i  think it  was  rude  of  the kids  to speak  french the whole time when they know english,1.0,1,0.2,5,i  think it  was  rude  of  the kids  to speak  french the whole time when they know english,3,18,92,1,0.31830023881735653,0.04014709311874684,0.0,0.01,0.0,0.01,0.0,0.0,0.0,0.0,0.01,0.0,0.0,0.0,0.0,0.0,0.0,0.0,0.0,0.0,0.01,0.01,0.0,0.02,0.01,0.02,0.0,0.01,0.02,0.0,0.0,0.0,0.03,0.01,0.0,0.0,0.0,0.0,0.01,0.01,0.0,0.0,0.0,0.03,0.0,0.02,0.0,0.01,0.02,0.02,0.0,0.01,0.0,0.0,0.01,0.09000000000000001,0.0,0,0,0.9444444444444444,0.05555555555555555,3,0.0016375934048159847,0,0.25,-0.024999999999999994,0.8927999999999999,easy,0.72,0,0,1,0,1,0,0,0,0,0,0,1,0,0,0,0,0,0,1,0,0
105,53,1,5ea1db9cde5d74641b672eca,2020-04-27 19:45:56.010000+00:00,honestly i understand why she is frustrated i do not know if disrespectful is the right word to use but everyone wants to feel included especially in their own home,1.0,1,0.2,5,"honestly, i understand why she is frustrated. i do not know if ""disrespectful"" is the right word to use, but everyone wants to feel included, especially in their own home.",4,30,164,1,1.3957314652348536,0.9549272863244792,0.02,0.0,0.01,0.02,0.0,0.01,0.0,0.0,0.01,0.0,0.01,0.01,0.0,0.0,0.0,0.0,0.0,0.0,0.0,0.01,0.01,0.029999999999999995,0.0,0.08,0.0,0.0,0.02,0.0,0.0,0.0,0.029999999999999995,0.01,0.0,0.0,0.0,0.02,0.01,0.02,0.01,0.01,0.029999999999999995,0.08,0.0,0.01,0.01,0.029999999999999995,0.11,0.029999999999999995,0.0,0.01,0.0,0.01,0.02,0.16,0.0,0,0,0.9,0.06666666666666667,3,0.003035161872480917,0,0.6226190476190476,0.16428571428571428,1.488,easy,17.432,0,0,1,0,0,1,0,0,0,0,1,1,0,0,0,0,0,1,1,0,0
105,53,1,5ea634947c882f6974ff30ff,2020-04-27 19:45:56.372000+00:00,i think while it doesnt really matter what language the son and husband speak the mother can assume some respect for the fact that she only speaks english,1.0,1,0.2,5,"i think while it doesn't really matter what language the son and husband speak, the mother can assume some respect for the fact that she only speaks english.",5,28,154,1,1.2977831719241721,0.8717654505785035,0.0,0.02,0.0,0.02,0.01,0.01,0.0,0.0,0.02,0.0,0.01,0.01,0.0,0.0,0.0,0.0,0.0,0.03,0.0,0.01,0.01,0.02,0.0,0.03,0.0,0.0,0.01,0.0,0.0,0.0,0.07,0.03,0.0,0.0,0.0,0.0,0.0,0.01,0.0,0.02,0.01,0.03,0.0,0.03,0.02,0.02,0.07,0.01,0.0,0.02,0.0,0.01,0.01,0.14,0.0,0,0,0.9285714285714286,0.03571428571428571,4,0.00015518311607697082,0,0.39999999999999997,0.06666666666666667,1.3888,easy,0.362,0,0,1,0,1,1,0,0,0,0,0,1,0,0,0,0,0,1,0,0,0
105,53,1,5d482ea521c9be351f7625fa,2020-04-27 19:45:57.937000+00:00,i feel like thats true but also they should include her in the conversation,1.0,1,0.2,5,"i feel like that's true, but also they should include her in the conversation",6,14,75,1,-0.07349293442536971,-0.2925002498651558,0.01,0.0,0.0,0.02,0.01,0.01,0.0,0.0,0.01,0.0,0.01,0.0,0.0,0.0,0.0,0.0,0.0,0.0,0.0,0.0,0.02,0.01,0.0,0.02,0.01,0.0,0.01,0.0,0.0,0.0,0.03,0.01,0.0,0.0,0.0,0.0,0.0,0.01,0.01,0.0,0.01,0.03,0.0,0.01,0.01,0.02,0.05,0.01,0.0,0.01,0.0,0.01,0.01,0.07,0.0,0,0,1.0,0.07142857142857142,1,0.00015518311607697082,0,0.65,0.35,5.458757142857143,medium,1.565,0,0,1,0,1,0,0,0,0,0,0,1,0,0,0,0,0,1,0,0,0
105,53,1,5ea721e23ecdad55471ffa74,2020-04-27 19:46:33.188000+00:00,she should have made them aware in an easier way but yes they were indulgent and unwittingly disrespectful,1.0,1,0.2,5,"she should have made them aware in an easier way, but yes, they were indulgent and unwittingly disrespectful",7,18,106,1,0.4162485321280381,0.12330892886472251,0.01,0.0,0.0,0.02,0.0,0.01,0.0,0.0,0.0,0.0,0.01,0.0,0.0,0.0,0.0,0.0,0.0,0.0,0.0,0.0,0.01,0.01,0.0,0.01,0.01,0.02,0.02,0.0,0.0,0.0,0.030000000000000002,0.0,0.0,0.0,0.0,0.01,0.0,0.0,0.0,0.0,0.01,0.04,0.0,0.01,0.030000000000000002,0.030000000000000002,0.05,0.01,0.0,0.0,0.0,0.02,0.0,0.1,0.0,0,0,1.0,0.0,4,0.0,0,0.25,0.25,0.8927999999999999,easy,35.251,0,0,1,0,0,0,0,0,0,0,0,0,0,0,0,0,1,1,1,0,0
105,53,1,5ea634947c882f6974ff30ff,2020-04-27 19:46:37.346000+00:00,i think she could have been nicer about it perhaps made a joke of it,1.0,1,0.2,5,"i think she could have been nicer about it, perhaps made a joke of it.",8,15,68,1,0.024455358885311848,-0.20933841411918017,0.01,0.0,0.0,0.0,0.0,0.0,0.0,0.0,0.02,0.0,0.01,0.0,0.0,0.0,0.0,0.0,0.0,0.0,0.0,0.0,0.02,0.01,0.0,0.02,0.0,0.02,0.0,0.0,0.0,0.0,0.01,0.02,0.0,0.0,0.0,0.01,0.0,0.01,0.0,0.01,0.0,0.05,0.0,0.01,0.0,0.030000000000000006,0.04,0.02,0.0,0.0,0.0,0.02,0.01,0.09000000000000001,0.0,0,0,0.9333333333333333,0.06666666666666667,2,0.005494505494505495,0,0.0,0.0,0.744,easy,4.158,0,0,1,0,1,0,0,0,0,0,0,1,0,0,0,0,0,1,1,0,0
106,53,3,5ea634947c882f6974ff30ff,2020-04-27 20:15:29.815000+00:00,i think that this person should respect that his mother wants to reconnect with him and that her only language is english,1.0,1,0.25,4,"i think that this person should respect that his mother wants to reconnect with him, and that her only language is english.",1,22,121,1,0.7100934120600827,0.6172899534486432,0.02,0.0,0.0,0.01,0.0,0.02,0.0,0.0,0.01,0.0,0.03,0.0,0.0,0.0,0.0,0.0,0.0,0.01,0.0,0.0,0.01,0.01,0.01,0.03,0.01,0.0,0.0,0.0,0.0,0.0,0.06,0.04,0.0,0.0,0.0,0.0,0.0,0.01,0.0,0.0,0.0,0.04,0.0,0.0,0.01,0.02,0.05,0.02,0.0,0.0,0.0,0.01,0.01,0.14,0.0,0,0,0.9090909090909091,0.045454545454545456,0,0.0,0,0.3666666666666667,0.06666666666666667,1.0912,easy,0.0,0,0,1,0,1,0,0,0,0,0,0,1,0,0,0,0,0,1,0,0,0
106,53,3,5d482ea721c9be351f762be2,2020-04-27 20:15:51.493000+00:00,i  believe it  was a  bit  unreasonable of  her  to exclude her  mom    she  could  have translated  everything,1.0,1,0.25,4,i  believe it  was a  bit  unreasonable of  her  to exclude her  mom    she  could  have translated  everything,2,18,111,1,0.31830023881735653,0.12860207363513398,0.01,0.0,0.0,0.0,0.01,0.0,0.0,0.0,0.0,0.0,0.030000000000000006,0.0,0.0,0.0,0.0,0.0,0.0,0.01,0.0,0.0,0.0,0.01,0.0,0.02,0.0,0.01,0.0,0.0,0.0,0.0,0.05,0.02,0.0,0.0,0.0,0.0,0.0,0.01,0.0,0.0,0.01,0.04,0.0,0.01,0.0,0.030000000000000006,0.04,0.02,0.0,0.0,0.0,0.01,0.01,0.1,0.0,0,0,0.9444444444444444,0.05555555555555555,3,0.00015518311607697082,0,0.0,0.0,5.406522222222222,medium,21.678,0,0,0,0,0,0,0,0,0,0,0,1,0,0,0,0,0,0,1,0,0
106,53,3,5ea634947c882f6974ff30ff,2020-04-27 20:16:03.307000+00:00,i think both of these people are men,1.0,1,0.25,4,i think both of these people are men,3,8,36,1,-0.6611826942894591,-1.093117625898639,0.0,0.0,0.0,0.0,0.0,0.009999999999999998,0.0,0.0,0.0,0.0,0.0,0.0,0.0,0.0,0.0,0.0,0.0,0.0,0.0,0.009999999999999998,0.0,0.009999999999999998,0.019999999999999997,0.019999999999999997,0.0,0.0,0.009999999999999998,0.0,0.0,0.0,0.019999999999999997,0.009999999999999998,0.0,0.0,0.0,0.0,0.0,0.009999999999999998,0.0,0.0,0.0,0.019999999999999997,0.0,0.0,0.0,0.009999999999999998,0.019999999999999997,0.009999999999999998,0.0,0.0,0.0,0.0,0.009999999999999998,0.05,0.0,0,0,1.0,0.125,1,0.00015518311607697082,0,0.0,0.0,0.3968,easy,11.814,0,0,1,0,1,0,0,0,0,0,0,1,0,0,0,0,0,0,0,0,0
106,53,3,5ea721e23ecdad55471ffa74,2020-04-27 20:16:30.119000+00:00,she has a right to try to catch up with her kid so the kid should listen to her frustrations i think men too,1.0,1,0.25,4,"she has a right to try to catch up with her kid, so the kid should listen to her frustrations i think men, too",4,24,108,1,0.9059899986814458,0.8616338933553979,0.01,0.01,0.0,0.01,0.0,0.01,0.0,0.01,0.02,0.0,0.03,0.0,0.0,0.0,0.0,0.0,0.0,0.0,0.0,0.0,0.0,0.01,0.03,0.04,0.01,0.0,0.03,0.0,0.0,0.0,0.07,0.0,0.0,0.0,0.0,0.0,0.01,0.01,0.0,0.0,0.0,0.05,0.0,0.02,0.01,0.02,0.03,0.05,0.0,0.01,0.0,0.02,0.01,0.15000000000000002,0.0,0,0,0.8333333333333334,0.041666666666666664,0,0.04398187604139132,0,0.5357142857142857,0.2857142857142857,1.1904,easy,26.812,0,0,1,0,1,0,0,0,0,0,1,0,0,0,0,0,0,1,1,0,0
106,53,3,5ea634947c882f6974ff30ff,2020-04-27 20:16:37.509000+00:00,i totally agree,1.0,1,0.25,4,i totally agree.,5,3,15,1,-1.1509241608428669,-1.7039774756655257,0.0,0.0,0.0,0.0,0.01,0.0,0.0,0.0,0.01,0.0,0.0,0.0,0.0,0.0,0.0,0.0,0.0,0.0,0.0,0.0,0.01,0.0,0.0,0.0,0.0,0.0,0.0,0.0,0.0,0.0,0.0,0.0,0.0,0.0,0.0,0.0,0.0,0.01,0.0,0.0,0.0,0.0,0.0,0.0,0.0,0.0,0.01,0.0,0.0,0.0,0.0,0.0,0.01,0.01,0.0,0,0,1.0,0.3333333333333333,0,0.00015518311607697082,0,0.75,0.0,0.1488,easy,7.39,0,0,0,0,0,0,0,0,0,0,0,1,0,0,0,0,0,0,0,0,0
107,54,0,5ea71f623ecdad55471ff9b1,2020-04-27 18:39:23.300000+00:00,hello deam,1.0,2,0.5,4,hello deam,1,2,10,1,-1.1509241608428669,-0.7579785909070068,0.0,0.0,0.0,0.0,0.0,0.0,0.0,0.0,0.0,0.0,0.0,0.0,0.0,0.0,0.0,0.0,0.0,0.0,0.0,0.0,0.0,0.0,0.0,0.0,0.0,0.0,0.0,0.0,0.0,0.0,0.010000000000000002,0.0,0.0,0.0,0.0,0.0,0.0,0.0,0.0,0.0,0.0,0.0,0.0,0.0,0.0,0.0,0.0,0.0,0.0,0.0,0.0,0.0,0.0,0.0,0.0,0,0,1.0,0.0,0,0.0,0,0.0,0.0,0.0992,easy,0.0,0,0,0,0,0,0,0,0,0,0,0,0,0,0,1,0,0,0,0,0,0
107,54,0,5d482ea921c9be351f76373a,2020-04-27 18:39:30.666000+00:00,hi,1.0,2,0.5,4,hi,2,1,2,1,-1.2488724541535483,-0.8581400475625756,0.0,0.0,0.0,0.0,0.0,0.0,0.0,0.0,0.0,0.0,0.0,0.0,0.0,0.0,0.0,0.0,0.0,0.0,0.0,0.0,0.0,0.0,0.0,0.0,0.0,0.0,0.0,0.0,0.0,0.0,0.01,0.0,0.0,0.0,0.0,0.0,0.0,0.0,0.0,0.0,0.0,0.0,0.0,0.0,0.0,0.0,0.0,0.0,0.0,0.0,0.0,0.0,0.0,0.0,0.0,0,0,1.0,0.0,0,0.0,0,0.0,0.0,0.0496,easy,7.366,0,0,0,0,0,0,0,0,0,0,0,0,0,0,1,0,0,0,0,0,0
107,54,0,5ea71f623ecdad55471ff9b1,2020-04-27 18:39:31.289000+00:00,hello team,1.0,2,0.5,4,hello team,3,2,10,1,-1.1509241608428669,-0.7579785909070068,0.0,0.0,0.0,0.0,0.0,0.0,0.0,0.010000000000000002,0.0,0.0,0.0,0.0,0.0,0.0,0.0,0.0,0.0,0.0,0.0,0.0,0.0,0.0,0.0,0.0,0.0,0.0,0.0,0.0,0.0,0.0,0.020000000000000004,0.0,0.0,0.010000000000000002,0.0,0.0,0.0,0.0,0.0,0.0,0.0,0.0,0.0,0.0,0.0,0.0,0.0,0.0,0.0,0.0,0.0,0.0,0.0,0.0,0.0,0,0,1.0,0.0,0,0.0,0,0.0,0.0,0.0992,easy,0.623,0,0,0,0,0,0,0,0,0,0,0,0,0,0,1,0,0,0,0,0,0
107,54,0,5ea71fee3ecdad55471ff9b9,2020-04-27 18:39:33.857000+00:00,hello,1.0,2,0.5,4,hello,4,1,5,1,-1.2488724541535483,-0.8581400475625756,0.0,0.0,0.0,0.0,0.0,0.0,0.0,0.0,0.0,0.0,0.0,0.0,0.0,0.0,0.0,0.0,0.0,0.0,0.0,0.0,0.0,0.0,0.0,0.0,0.0,0.0,0.0,0.0,0.0,0.0,0.010000000000000002,0.0,0.0,0.0,0.0,0.0,0.0,0.0,0.0,0.0,0.0,0.0,0.0,0.0,0.0,0.0,0.0,0.0,0.0,0.0,0.0,0.0,0.0,0.0,0.0,0,0,1.0,0.0,0,0.0070921985815602835,0,0.0,0.0,0.0496,easy,2.568,0,0,0,0,0,0,0,0,0,0,0,0,0,0,1,0,0,0,0,0,0
107,54,0,5d482eab21c9be351f7640eb,2020-04-27 18:39:41.686000+00:00,it must be difficult for your mother to have you living in another country for many months of the year,1.0,2,0.5,4,it must be difficult for your mother to have you living in another country for many months of the year.,5,20,102,1,0.6121451187494011,1.0449276288932305,0.01,0.0,0.0,0.0,0.01,0.0,0.01,0.0,0.0,0.0,0.0,0.0,0.0,0.0,0.01,0.0,0.0,0.01,0.01,0.01,0.0,0.0,0.0,0.01,0.01,0.0,0.03,0.0,0.0,0.0,0.03,0.01,0.0,0.0,0.0,0.0,0.0,0.0,0.0,0.0,0.0,0.03,0.0,0.01,0.0,0.03,0.01,0.05,0.0,0.0,0.02,0.0,0.0,0.11,0.0,0,0,0.95,0.0,0,0.0,0,0.75,0.0,0.992,easy,7.829,0,0,0,0,0,0,0,0,0,0,0,0,1,0,0,0,0,0,1,0,0
107,54,0,5ea71fee3ecdad55471ff9b9,2020-04-27 18:39:52.859000+00:00,i agree,1.0,2,0.5,4,i agree,6,2,7,1,-1.2488724541535483,-0.8581400475625756,0.0,0.0,0.0,0.0,0.0,0.0,0.0,0.0,0.0,0.0,0.0,0.0,0.0,0.0,0.0,0.0,0.0,0.0,0.0,0.0,0.01,0.0,0.0,0.0,0.0,0.0,0.0,0.0,0.0,0.0,0.0,0.0,0.0,0.0,0.0,0.0,0.0,0.01,0.0,0.0,0.0,0.0,0.0,0.0,0.0,0.0,0.0,0.0,0.0,0.0,0.0,0.0,0.01,0.01,0.0,0,0,1.0,0.5,0,0.0,0,0.0,0.0,0.0992,easy,11.173,0,0,0,0,0,0,0,0,0,0,0,1,0,0,0,0,0,0,0,0,0
107,54,0,5ea6f514002f966295b1fffb,2020-04-27 18:39:54.880000+00:00,openzebra i agree,1.0,2,0.5,4,openzebra i agree,7,3,17,1,-1.1509241608428669,-0.7579785909070068,0.0,0.0,0.0,0.0,0.0,0.0,0.0,0.0,0.0,0.0,0.0,0.0,0.0,0.0,0.0,0.0,0.0,0.0,0.0,0.0,0.01,0.0,0.0,0.0,0.0,0.0,0.0,0.0,0.0,0.0,0.0,0.0,0.0,0.0,0.0,0.0,0.0,0.01,0.0,0.0,0.0,0.0,0.0,0.0,0.0,0.0,0.0,0.0,0.0,0.0,0.0,0.0,0.01,0.01,0.0,0,0,1.0,0.3333333333333333,0,0.0009603360951429933,0,0.0,0.0,0.1488,easy,2.021,0,0,0,0,0,0,0,0,0,0,1,0,0,0,0,0,0,0,0,0,0
107,54,0,5ea71fee3ecdad55471ff9b9,2020-04-27 18:39:59.770000+00:00,i think the person should include the mother,1.0,2,0.5,4,i think the person should include the mother,8,8,44,1,-0.6611826942894591,-0.25717130762916307,0.01,0.0,0.0,0.0,0.0,0.01,0.0,0.0,0.0,0.0,0.0,0.0,0.0,0.0,0.0,0.0,0.0,0.01,0.0,0.0,0.0,0.01,0.01,0.01,0.01,0.0,0.0,0.0,0.0,0.0,0.02,0.0,0.0,0.0,0.0,0.0,0.0,0.01,0.0,0.0,0.0,0.02,0.0,0.02,0.0,0.01,0.03,0.0,0.0,0.0,0.0,0.0,0.01,0.04,0.0,0,0,0.875,0.125,0,0.00015518311607697082,0,0.0,0.0,0.3968,easy,4.89,0,0,1,0,1,0,0,0,0,0,0,1,0,0,0,0,0,0,0,0,0
107,54,0,5ea71f623ecdad55471ff9b1,2020-04-27 18:40:00.654000+00:00,yes,1.0,2,0.5,4,yes,9,1,3,1,-1.2488724541535483,-0.8581400475625756,0.0,0.0,0.0,0.0,0.0,0.0,0.0,0.0,0.0,0.0,0.0,0.0,0.0,0.0,0.0,0.0,0.0,0.0,0.0,0.0,0.0,0.0,0.0,0.0,0.0,0.0,0.0,0.0,0.0,0.0,0.0,0.0,0.0,0.0,0.0,0.0,0.0,0.0,0.0,0.0,0.0,0.0,0.0,0.0,0.009999999999999998,0.0,0.0,0.0,0.0,0.0,0.0,0.0,0.0,0.0,0.0,0,0,1.0,0.0,0,0.0,0,0.0,0.0,0.0496,easy,0.884,0,0,0,0,0,0,0,0,0,0,0,0,0,0,0,0,0,0,0,0,0
107,54,0,5ea6f514002f966295b1fffb,2020-04-27 18:40:07.312000+00:00,yeah,1.0,2,0.5,4,yeah,10,1,4,1,-1.2488724541535483,-0.8581400475625756,0.0,0.0,0.0,0.0,0.0,0.0,0.0,0.0,0.0,0.0,0.0,0.0,0.0,0.0,0.0,0.0,0.0,0.0,0.0,0.0,0.0,0.0,0.0,0.0,0.0,0.0,0.0,0.0,0.0,0.0,0.0,0.0,0.0,0.0,0.0,0.0,0.0,0.0,0.0,0.0,0.0,0.0,0.0,0.0,0.0,0.0,0.0,0.0,0.0,0.0,0.0,0.0,0.0,0.0,0.0,0,0,1.0,0.0,0,0.0,0,0.0,0.0,0.0496,easy,6.658,0,0,0,0,0,0,0,0,0,0,0,0,0,0,0,0,0,0,0,0,0
107,54,0,5d482eab21c9be351f7640eb,2020-04-27 18:40:09.681000+00:00,it would be difficult to not know what you are saying when you are feeding them and having them stay in your home,1.0,2,0.5,4,it would be difficult to not know what you are saying when you are feeding them and having them stay in your home,11,23,113,1,0.9059899986814458,1.345411998859937,0.009999999999999998,0.009999999999999998,0.009999999999999998,0.019999999999999997,0.0,0.009999999999999998,0.009999999999999998,0.0,0.009999999999999998,0.0,0.0,0.009999999999999998,0.0,0.0,0.0,0.0,0.0,0.0,0.009999999999999998,0.0,0.0,0.009999999999999998,0.0,0.029999999999999995,0.009999999999999998,0.0,0.029999999999999995,0.0,0.0,0.0,0.05999999999999999,0.019999999999999997,0.0,0.0,0.0,0.0,0.0,0.0,0.0,0.0,0.009999999999999998,0.05999999999999999,0.0,0.0,0.009999999999999998,0.049999999999999996,0.039999999999999994,0.019999999999999997,0.0,0.009999999999999998,0.029999999999999995,0.0,0.0,0.15999999999999998,0.0,0,0,0.8695652173913043,0.0,0,0.0,0,1.0,-0.5,1.1408,easy,2.369,0,0,0,0,0,0,0,0,0,0,0,0,1,0,0,0,0,0,1,0,0
107,54,0,5ea71f623ecdad55471ff9b1,2020-04-27 18:40:12.305000+00:00,i like my cuntry,1.0,2,0.5,4,i like my cuntry,12,4,16,1,-1.1509241608428669,-0.7579785909070068,0.0,0.0,0.0,0.0,0.0,0.0,0.0,0.0,0.0,0.0,0.0,0.0,0.01,0.0,0.0,0.0,0.0,0.0,0.0,0.0,0.01,0.0,0.0,0.0,0.0,0.0,0.0,0.0,0.0,0.0,0.0,0.0,0.0,0.0,0.0,0.0,0.01,0.02,0.0,0.0,0.0,0.0,0.0,0.0,0.0,0.0,0.0,0.0,0.0,0.0,0.0,0.01,0.02,0.02,0.0,0,0,1.0,0.5,0,0.0,0,0.0,0.0,0.1984,easy,2.624,0,0,0,0,0,0,0,0,0,0,1,1,0,0,0,0,0,1,0,0,0
107,54,0,5ea632967c882f6974ff2f5d,2020-04-27 18:40:39.641000+00:00,absolutely its only a weekend trip maybe if he were staying with the husband for longer and trying to acclimate him to english,1.0,2,0.5,4,absolutely! it's only a weekend trip! maybe if he were staying with the husband for longer and trying to acclimate him to english,13,23,126,1,0.9059899986814458,1.345411998859937,0.01,0.0,0.0,0.02,0.01,0.02,0.0,0.01,0.03,0.0,0.02,0.0,0.0,0.0,0.0,0.0,0.0,0.01,0.0,0.0,0.0,0.0,0.0,0.0,0.0,0.01,0.04,0.0,0.0,0.0,0.03,0.01,0.0,0.0,0.0,0.0,0.0,0.0,0.0,0.02,0.01,0.01,0.0,0.02,0.01,0.01,0.049999999999999996,0.04,0.0,0.0,0.0,0.01,0.0,0.13,0.01,0,0,0.9565217391304348,0.0,0,0.0,1,0.6333333333333333,0.06666666666666667,1.1408,easy,27.336,0,0,1,0,0,0,0,0,0,0,0,0,0,0,0,0,0,0,0,0,0
107,54,0,5d482ea921c9be351f76373a,2020-04-27 18:40:43.415000+00:00,i think that the mother should be included the husband can easily use their phone to look up the word theyre uncertain of of the son can help translate for the husband,1.0,2,0.5,4,"i think that the mother should be included. the husband can easily use their phone to look up the word they're uncertain of, of the son can help translate for the husband.",14,32,167,1,1.6895763451668984,2.146703652104487,0.01,0.0,0.0,0.0,0.0,0.01,0.0,0.0,0.0,0.01,0.0,0.0,0.0,0.0,0.0,0.01,0.0,0.04,0.0,0.0,0.01,0.01,0.0,0.06,0.01,0.0,0.01,0.0,0.0,0.0,0.08,0.01,0.0,0.0,0.0,0.01,0.0,0.01,0.0,0.01,0.0,0.08,0.0,0.049999999999999996,0.0,0.049999999999999996,0.06,0.049999999999999996,0.0,0.01,0.0,0.0,0.01,0.16999999999999998,0.0,0,0,0.78125,0.03125,7,0.001455604075691412,0,0.8333333333333334,0.43333333333333335,1.5872,easy,3.774,0,0,1,0,1,0,0,0,0,0,0,1,0,0,0,0,0,0,1,0,0
107,54,0,5d482eab21c9be351f7640eb,2020-04-27 18:40:43.580000+00:00,if mom was visiting them it would be different but being at moms house they should talk to mom,1.0,2,0.5,4,"if mom was visiting them it would be different but being at mom's house, they should talk to mom",15,19,94,1,0.5141968254387196,0.9447661722376619,0.029999999999999995,0.0,0.009999999999999998,0.019999999999999997,0.0,0.0,0.0,0.0,0.0,0.0,0.0,0.0,0.0,0.0,0.0,0.0,0.0,0.029999999999999995,0.0,0.0,0.0,0.0,0.0,0.0,0.019999999999999997,0.009999999999999998,0.019999999999999997,0.0,0.0,0.0,0.06999999999999999,0.009999999999999998,0.0,0.0,0.0,0.0,0.0,0.0,0.0,0.009999999999999998,0.019999999999999997,0.049999999999999996,0.0,0.0,0.009999999999999998,0.049999999999999996,0.039999999999999994,0.019999999999999997,0.0,0.0,0.0,0.0,0.0,0.11,0.0,0,0,0.9473684210526315,0.0,3,0.0,0,0.6,0.0,0.9424,easy,0.165,0,0,1,0,0,0,0,0,0,0,0,0,0,0,0,0,0,0,0,0,0
107,54,0,5ea6f910002f966295b2006a,2020-04-27 18:40:45.143000+00:00,hi team i dont think there are any assholes in this scenario but i do believe there should be some compromise it is ok for op to talk the language she wants but maybe not 100 of the time,1.0,2,0.5,4,hi team. i don't think there are any assholes in this scenario. but i do believe there should be some compromise. it is ok for op to talk the language she wants but maybe not 100% of the time.,16,39,186,1,2.1793178117203063,2.6475109353823307,0.020000000000000004,0.0,0.0,0.020000000000000004,0.0,0.0,0.0,0.010000000000000002,0.030000000000000002,0.0,0.010000000000000002,0.020000000000000004,0.010000000000000002,0.0,0.0,0.0,0.0,0.0,0.0,0.010000000000000002,0.010000000000000002,0.020000000000000004,0.0,0.07,0.010000000000000002,0.0,0.020000000000000004,0.0,0.0,0.0,0.05,0.020000000000000004,0.0,0.010000000000000002,0.0,0.0,0.010000000000000002,0.020000000000000004,0.0,0.030000000000000002,0.030000000000000002,0.09,0.0,0.020000000000000004,0.020000000000000004,0.060000000000000005,0.1,0.04000000000000001,0.0,0.0,0.0,0.0,0.020000000000000004,0.23,0.010000000000000002,0,0,0.8974358974358975,0.07692307692307693,6,0.004975124378109453,1,0.3,0.35,1.9344,easy,1.563,0,0,1,0,1,0,0,0,0,0,1,0,0,0,1,0,1,0,0,0,0
107,54,0,5d482ea721c9be351f762cc8,2020-04-27 18:40:49.421000+00:00,i feel like this person is not the asshole he chose this person to be with and he should make them feel comfortable on the other hand though the partner should learn to speak english better to include the mom in the near future,1.0,2,0.5,4,i feel like this person is not the asshole. he chose this person to be with and he should make them feel comfortable. on the other hand though the partner should learn to speak english better to include the mom in the near future,17,44,227,1,2.864955864895077,3.3486411319713123,0.02,0.01,0.0,0.02,0.0,0.030000000000000002,0.01,0.01,0.01,0.0,0.02,0.01,0.01,0.0,0.0,0.0,0.01,0.01,0.0,0.0,0.030000000000000002,0.030000000000000002,0.030000000000000002,0.04,0.02,0.0,0.04,0.0,0.0,0.0,0.08,0.030000000000000002,0.0,0.01,0.0,0.01,0.01,0.01,0.030000000000000002,0.0,0.01,0.07,0.01,0.05,0.01,0.04,0.1,0.07,0.0,0.04,0.0,0.030000000000000002,0.01,0.24000000000000002,0.0,0,0,0.75,0.022727272727272728,16,0.00015518311607697082,0,0.3666666666666667,0.14583333333333334,2.1824,easy,4.278,0,0,1,0,1,0,0,0,0,0,0,1,0,0,0,0,1,1,0,0,0
107,54,0,5ea71fee3ecdad55471ff9b9,2020-04-27 18:40:53.465000+00:00,brighthorse that has nothing to do with this ,1.0,2,0.5,4,brighthorse that has nothing to do with this ,18,8,45,1,-0.5632344009787775,-0.15700985097359435,0.0,0.0,0.0,0.0,0.0,0.01,0.0,0.0,0.0,0.0,0.0,0.01,0.0,0.0,0.0,0.01,0.0,0.0,0.0,0.0,0.01,0.0,0.0,0.02,0.0,0.0,0.0,0.0,0.0,0.0,0.0,0.02,0.0,0.0,0.0,0.0,0.0,0.0,0.0,0.0,0.0,0.02,0.0,0.0,0.0,0.02,0.01,0.02,0.0,0.01,0.0,0.0,0.0,0.06,0.0,0,0,1.0,0.0,3,0.0,0,0.0,0.0,0.3968,easy,4.044,0,0,0,0,0,0,0,0,0,0,0,0,0,0,0,0,0,0,0,0,0
107,54,0,5ea71f623ecdad55471ff9b1,2020-04-27 18:41:05.699000+00:00,yeah,1.0,2,0.5,4,yeah,19,1,4,1,-1.2488724541535483,-0.8581400475625756,0.0,0.0,0.0,0.0,0.0,0.0,0.0,0.0,0.0,0.0,0.0,0.0,0.0,0.0,0.0,0.0,0.0,0.0,0.0,0.0,0.0,0.0,0.0,0.0,0.0,0.0,0.0,0.0,0.0,0.0,0.0,0.0,0.0,0.0,0.0,0.0,0.0,0.0,0.0,0.0,0.0,0.0,0.0,0.0,0.0,0.0,0.0,0.0,0.0,0.0,0.0,0.0,0.0,0.0,0.0,0,0,1.0,0.0,0,0.0,0,0.0,0.0,0.0496,easy,12.234,0,0,0,0,0,0,0,0,0,0,0,0,0,0,0,0,0,0,0,0,0
108,54,2,5ea6f910002f966295b2006a,2020-04-27 19:08:47.956000+00:00,hi team,0.833333333,1,0.166666667,6,hi team!,1,2,7,1,-1.2488724541535483,-1.175363354027457,0.0,0.0,0.0,0.0,0.0,0.0,0.0,0.01,0.0,0.0,0.0,0.0,0.0,0.0,0.0,0.0,0.0,0.0,0.0,0.0,0.0,0.0,0.0,0.0,0.0,0.0,0.0,0.0,0.0,0.0,0.02,0.0,0.0,0.01,0.0,0.0,0.0,0.0,0.0,0.0,0.0,0.0,0.0,0.0,0.0,0.0,0.0,0.0,0.0,0.0,0.0,0.0,0.0,0.0,0.0,0,0,1.0,0.5,0,0.0,0,0.0,0.0,0.0992,easy,0.0,0,0,0,0,0,0,0,0,0,0,0,0,0,0,1,0,0,0,0,0,0
108,54,2,5d482ea921c9be351f76373a,2020-04-27 19:08:55.139000+00:00,hi team,0.833333333,1,0.166666667,6,hi team,2,2,7,1,-1.2488724541535483,-1.175363354027457,0.0,0.0,0.0,0.0,0.0,0.0,0.0,0.01,0.0,0.0,0.0,0.0,0.0,0.0,0.0,0.0,0.0,0.0,0.0,0.0,0.0,0.0,0.0,0.0,0.0,0.0,0.0,0.0,0.0,0.0,0.02,0.0,0.0,0.01,0.0,0.0,0.0,0.0,0.0,0.0,0.0,0.0,0.0,0.0,0.0,0.0,0.0,0.0,0.0,0.0,0.0,0.0,0.0,0.0,0.0,0,0,1.0,0.5,1,0.05263157894736842,0,0.0,0.0,0.0992,easy,7.183,0,0,0,0,0,0,0,0,0,0,0,0,0,0,1,0,0,0,0,0,0
108,54,2,5ea632967c882f6974ff2f5d,2020-04-27 19:08:56.134000+00:00,hi guys ,0.833333333,1,0.166666667,6,hi guys! ,3,2,8,1,-1.2488724541535483,-1.175363354027457,0.0,0.0,0.0,0.0,0.0,0.0,0.0,0.0,0.0,0.0,0.0,0.0,0.0,0.0,0.0,0.0,0.0,0.0,0.0,0.0,0.0,0.0,0.01,0.0,0.0,0.0,0.0,0.0,0.0,0.0,0.02,0.0,0.0,0.0,0.0,0.0,0.0,0.0,0.0,0.0,0.0,0.0,0.0,0.0,0.0,0.0,0.0,0.0,0.0,0.0,0.0,0.0,0.0,0.0,0.0,0,0,1.0,0.5,1,0.0,0,0.0,0.0,0.0992,easy,0.995,0,0,0,0,0,0,0,0,0,0,0,0,0,0,1,0,0,0,0,0,0
108,54,2,5ea71f623ecdad55471ff9b1,2020-04-27 19:08:56.434000+00:00,hello team,0.833333333,1,0.166666667,6,hello team,4,2,10,1,-1.1509241608428669,-1.0757839587556863,0.0,0.0,0.0,0.0,0.0,0.0,0.0,0.010000000000000002,0.0,0.0,0.0,0.0,0.0,0.0,0.0,0.0,0.0,0.0,0.0,0.0,0.0,0.0,0.0,0.0,0.0,0.0,0.0,0.0,0.0,0.0,0.020000000000000004,0.0,0.0,0.010000000000000002,0.0,0.0,0.0,0.0,0.0,0.0,0.0,0.0,0.0,0.0,0.0,0.0,0.0,0.0,0.0,0.0,0.0,0.0,0.0,0.0,0.0,0,0,1.0,0.0,0,0.0,0,0.0,0.0,0.0992,easy,0.3,0,0,0,0,0,0,0,0,0,0,0,0,0,0,1,0,0,0,0,0,0
108,54,2,5d482ea721c9be351f762cc8,2020-04-27 19:08:57.321000+00:00,hey,0.833333333,1,0.166666667,6,hey,5,1,3,1,-1.2488724541535483,-1.175363354027457,0.0,0.0,0.0,0.0,0.0,0.0,0.0,0.0,0.0,0.0,0.0,0.0,0.0,0.0,0.0,0.0,0.0,0.0,0.0,0.0,0.0,0.0,0.0,0.0,0.0,0.0,0.0,0.0,0.0,0.0,0.009999999999999998,0.0,0.0,0.0,0.0,0.0,0.0,0.0,0.0,0.0,0.0,0.0,0.0,0.0,0.0,0.0,0.0,0.0,0.0,0.0,0.0,0.0,0.0,0.0,0.0,0,0,1.0,0.0,0,0.0,0,0.0,0.0,0.0496,easy,0.887,0,0,0,0,0,0,0,0,0,0,0,0,0,0,1,0,0,0,0,0,0
108,54,2,5d482eab21c9be351f7640eb,2020-04-27 19:09:01.005000+00:00,hello,0.833333333,1,0.166666667,6,hello!,6,1,5,1,-1.2488724541535483,-1.175363354027457,0.0,0.0,0.0,0.0,0.0,0.0,0.0,0.0,0.0,0.0,0.0,0.0,0.0,0.0,0.0,0.0,0.0,0.0,0.0,0.0,0.0,0.0,0.0,0.0,0.0,0.0,0.0,0.0,0.0,0.0,0.010000000000000002,0.0,0.0,0.0,0.0,0.0,0.0,0.0,0.0,0.0,0.0,0.0,0.0,0.0,0.0,0.0,0.0,0.0,0.0,0.0,0.0,0.0,0.0,0.0,0.0,0,0,1.0,0.0,0,0.0,0,0.0,0.0,0.0496,easy,3.684,0,0,0,0,0,0,0,0,0,0,0,0,0,0,1,0,0,0,0,0,0
108,54,2,5ea71fee3ecdad55471ff9b9,2020-04-27 19:09:04.466000+00:00,my initial impression is that the writer ita however i think she is correct in wanting to speak at least some english with her son and his partner,0.833333333,1,0.166666667,6,"my initial impression is that the writer ita, however, i think she is correct in wanting to speak at least some english with her son and his partner.",7,28,146,1,1.2977831719241721,1.4137009230385802,0.009999999999999998,0.009999999999999998,0.0,0.019999999999999997,0.009999999999999998,0.019999999999999997,0.0,0.0,0.009999999999999998,0.0,0.03,0.0,0.0,0.0,0.0,0.0,0.0,0.009999999999999998,0.0,0.019999999999999997,0.009999999999999998,0.009999999999999998,0.009999999999999998,0.03,0.0,0.0,0.03,0.0,0.0,0.0,0.06,0.009999999999999998,0.0,0.0,0.0,0.0,0.0,0.019999999999999997,0.0,0.009999999999999998,0.0,0.03,0.009999999999999998,0.009999999999999998,0.009999999999999998,0.019999999999999997,0.06,0.039999999999999994,0.0,0.009999999999999998,0.0,0.009999999999999998,0.019999999999999997,0.15,0.0,0,0,0.9642857142857143,0.03571428571428571,0,0.0,0,0.13333333333333333,-0.09999999999999999,1.3888,easy,3.461,0,0,1,0,1,0,0,0,0,0,1,1,0,0,0,0,0,1,0,0,0
108,54,2,5ea71f623ecdad55471ff9b1,2020-04-27 19:09:12.714000+00:00,hello,0.833333333,1,0.166666667,6,hello,8,1,5,1,-1.2488724541535483,-1.175363354027457,0.0,0.0,0.0,0.0,0.0,0.0,0.0,0.0,0.0,0.0,0.0,0.0,0.0,0.0,0.0,0.0,0.0,0.0,0.0,0.0,0.0,0.0,0.0,0.0,0.0,0.0,0.0,0.0,0.0,0.0,0.010000000000000002,0.0,0.0,0.0,0.0,0.0,0.0,0.0,0.0,0.0,0.0,0.0,0.0,0.0,0.0,0.0,0.0,0.0,0.0,0.0,0.0,0.0,0.0,0.0,0.0,0,0,1.0,0.0,0,0.0,0,0.0,0.0,0.0496,easy,8.248,0,0,0,0,0,0,0,0,0,0,0,0,0,0,1,0,0,0,0,0,0
108,54,2,5d482ea721c9be351f762cc8,2020-04-27 19:09:12.961000+00:00,yes i agree,0.833333333,1,0.166666667,6,yes i agree,9,3,11,1,-1.1509241608428669,-1.0757839587556863,0.0,0.0,0.0,0.0,0.0,0.0,0.0,0.0,0.0,0.0,0.0,0.0,0.0,0.0,0.0,0.0,0.0,0.0,0.0,0.0,0.01,0.0,0.0,0.0,0.0,0.0,0.0,0.0,0.0,0.0,0.0,0.0,0.0,0.0,0.0,0.0,0.0,0.01,0.0,0.0,0.0,0.0,0.0,0.0,0.01,0.0,0.0,0.0,0.0,0.0,0.0,0.0,0.01,0.01,0.0,0,0,1.0,0.3333333333333333,0,0.0,0,0.0,0.0,0.1488,easy,0.247,0,0,0,0,0,0,0,0,0,0,1,0,0,0,0,0,0,0,0,0,0
108,54,2,5ea632967c882f6974ff2f5d,2020-04-27 19:09:17.914000+00:00,i totally agree good intentions terrible delivery,0.833333333,1,0.166666667,6,"i totally agree! good intentions, terrible delivery.",10,7,49,1,-0.7591309876001406,-0.6774663776686037,0.0,0.0,0.0,0.0,0.009999999999999998,0.0,0.0,0.0,0.009999999999999998,0.0,0.0,0.0,0.0,0.0,0.0,0.0,0.0,0.0,0.0,0.0,0.019999999999999997,0.0,0.0,0.0,0.0,0.0,0.009999999999999998,0.0,0.0,0.0,0.0,0.0,0.0,0.0,0.0,0.009999999999999998,0.0,0.009999999999999998,0.0,0.0,0.0,0.0,0.0,0.0,0.0,0.0,0.019999999999999997,0.0,0.0,0.0,0.0,0.009999999999999998,0.009999999999999998,0.009999999999999998,0.0,0,0,1.0,0.14285714285714285,0,0.0009603360951429933,0,0.7833333333333333,-0.10000000000000002,0.3472,easy,4.953,0,0,0,0,0,0,0,0,0,0,0,1,0,0,0,0,0,1,1,0,0
108,54,2,5ea71f623ecdad55471ff9b1,2020-04-27 19:09:37.194000+00:00,if the sons partner is french i should enjoy it,0.833333333,1,0.166666667,6,"if the son's partner is french, i should enjoy it",11,10,47,1,-0.4652861076680959,-0.37872819185329176,0.019999999999999997,0.0,0.0,0.009999999999999998,0.0,0.0,0.0,0.0,0.0,0.0,0.0,0.0,0.0,0.0,0.0,0.0,0.0,0.009999999999999998,0.0,0.0,0.009999999999999998,0.0,0.009999999999999998,0.009999999999999998,0.009999999999999998,0.0,0.0,0.0,0.0,0.0,0.019999999999999997,0.009999999999999998,0.0,0.0,0.0,0.0,0.0,0.009999999999999998,0.0,0.009999999999999998,0.009999999999999998,0.019999999999999997,0.009999999999999998,0.009999999999999998,0.0,0.019999999999999997,0.019999999999999997,0.0,0.0,0.0,0.0,0.009999999999999998,0.009999999999999998,0.05999999999999999,0.0,0,0,1.0,0.1,0,0.00015518311607697082,0,0.25,0.2,0.496,easy,19.28,0,0,1,0,0,0,0,0,0,0,1,0,0,0,0,0,0,1,0,0,0
108,54,2,5ea632967c882f6974ff2f5d,2020-04-27 19:09:40.414000+00:00,she should have pulled the son aside while the partner wasnt in the same room and asked him in private to consider her more when they were all together,0.833333333,1,0.166666667,6,she should have pulled the son aside while the partner wasn't in the same room and asked him in private to consider her more when they were all together.,12,29,151,1,1.4936797585455353,1.6128597135821212,0.01,0.0,0.01,0.030000000000000002,0.01,0.01,0.0,0.0,0.01,0.0,0.030000000000000002,0.01,0.0,0.0,0.0,0.0,0.0,0.01,0.0,0.02,0.0,0.01,0.01,0.01,0.01,0.030000000000000002,0.07,0.0,0.0,0.0,0.08,0.0,0.0,0.0,0.0,0.0,0.0,0.0,0.0,0.0,0.0,0.05,0.01,0.030000000000000002,0.01,0.04,0.05,0.030000000000000002,0.0,0.0,0.0,0.0,0.0,0.19,0.0,0,0,0.896551724137931,0.0,4,0.0027472527472527475,0,0.3333333333333333,0.16666666666666666,1.4384,easy,3.22,0,0,1,0,0,0,0,0,0,0,0,0,0,0,0,0,0,0,0,0,0
108,54,2,5d482eab21c9be351f7640eb,2020-04-27 19:09:44.476000+00:00,i think its common courtesy to speak the language most people in the house are speaking,0.833333333,1,0.166666667,6,i think it's common courtesy to speak the language most people in the house are speaking.,13,16,87,1,0.1224036521959934,0.2187481797773322,0.0,0.02,0.01,0.0,0.0,0.0,0.0,0.0,0.0,0.0,0.0,0.0,0.0,0.0,0.0,0.0,0.0,0.0,0.0,0.01,0.0,0.01,0.01,0.02,0.0,0.0,0.02,0.0,0.0,0.0,0.04,0.01,0.0,0.0,0.0,0.0,0.0,0.01,0.0,0.01,0.0,0.02,0.0,0.02,0.0,0.01,0.02,0.02,0.0,0.02,0.0,0.0,0.01,0.08,0.0,0,0,0.9375,0.0625,4,0.0,0,0.5,0.1,0.7936,easy,4.062,0,0,1,0,1,0,0,0,0,0,0,1,0,0,0,0,0,0,0,0,0
108,54,2,5d482ea721c9be351f762cc8,2020-04-27 19:09:48.928000+00:00,i believe the mom shouldnt have to be left out,0.833333333,1,0.166666667,6,i believe the mom shouldn't have to be left out,14,10,46,1,-0.4652861076680959,-0.37872819185329176,0.01,0.0,0.0,0.0,0.0,0.01,0.0,0.0,0.0,0.0,0.0,0.01,0.0,0.0,0.0,0.0,0.0,0.01,0.0,0.0,0.0,0.01,0.0,0.02,0.01,0.0,0.02,0.0,0.0,0.0,0.01,0.0,0.0,0.0,0.0,0.0,0.0,0.01,0.0,0.0,0.0,0.04,0.0,0.01,0.0,0.03,0.03,0.02,0.0,0.0,0.0,0.0,0.01,0.06,0.0,0,0,1.0,0.1,2,0.00015518311607697082,0,0.0,0.0,0.496,easy,4.452,0,0,1,0,0,0,0,0,0,0,0,1,0,0,0,0,0,0,0,0,0
108,54,2,5ea71fee3ecdad55471ff9b9,2020-04-27 19:09:54.102000+00:00,i think so too especially if they are staying at the moms house,0.833333333,1,0.166666667,6,"i think so too, especially if they are staying at the mom's house",15,13,63,1,-0.17144122773605125,-0.07999000603797977,0.01,0.0,0.01,0.02,0.0,0.0,0.0,0.0,0.03,0.0,0.0,0.0,0.0,0.0,0.0,0.0,0.0,0.01,0.0,0.0,0.0,0.01,0.0,0.02,0.0,0.0,0.02,0.0,0.0,0.0,0.02,0.0,0.0,0.0,0.0,0.0,0.0,0.01,0.0,0.01,0.01,0.02,0.0,0.01,0.01,0.01,0.02,0.01,0.0,0.0,0.0,0.0,0.01,0.08,0.0,0,0,1.0,0.07692307692307693,1,0.00015518311607697082,0,1.0,0.0,0.6447999999999999,easy,5.174,0,0,1,0,1,0,0,0,0,0,0,1,0,0,0,0,0,0,0,0,0
108,54,2,5d482ea921c9be351f76373a,2020-04-27 19:09:54.325000+00:00,i think that the poster isnt the asshole the post said that the partner knows english just fine just has an accent and barely spoke english the entire time,0.833333333,1,0.166666667,6,"i think that the poster isn't the asshole. the post said that the partner knows english just fine, just has an accent and barely spoke english the entire time",16,29,155,1,1.3957314652348536,1.5132803183103507,0.0,0.02,0.0,0.01,0.01,0.01,0.0,0.0,0.02,0.0,0.0,0.01,0.01,0.0,0.0,0.0,0.0,0.0,0.0,0.01,0.01,0.02,0.01,0.04,0.0,0.02,0.02,0.0,0.0,0.0,0.030000000000000002,0.02,0.0,0.0,0.0,0.0,0.01,0.01,0.0,0.01,0.02,0.060000000000000005,0.01,0.060000000000000005,0.030000000000000002,0.02,0.06999999999999999,0.0,0.0,0.02,0.0,0.01,0.01,0.13,0.0,0,0,0.7586206896551724,0.034482758620689655,5,0.0005036151718260998,0,0.24500000000000002,0.09333333333333334,1.4384,easy,0.223,0,0,1,0,1,0,0,0,0,0,0,1,0,0,0,0,0,1,0,0,0
109,55,0,5ea6f500002f966295b1fff8,2020-04-27 18:32:45.895000+00:00,hello i thing he may asshole,0.833333333,1,0.166666667,6,hello i thing he may asshole,1,6,28,1,-0.8570792809108222,-0.7154475422017934,0.0,0.0,0.0,0.0,0.0,0.0,0.0,0.0,0.0,0.0,0.01,0.0,0.01,0.0,0.0,0.0,0.0,0.0,0.0,0.0,0.0,0.0,0.0,0.0,0.01,0.0,0.0,0.0,0.0,0.0,0.02,0.01,0.0,0.0,0.0,0.0,0.01,0.01,0.0,0.01,0.0,0.01,0.0,0.0,0.0,0.01,0.01,0.0,0.0,0.0,0.0,0.0,0.01,0.02,0.0,0,0,1.0,0.16666666666666666,0,0.0,0,0.0,0.0,0.2976,easy,0.0,0,0,1,0,0,0,0,0,0,0,1,0,0,0,1,0,0,0,0,0,0
109,55,0,5ea63e627c882f6974ff3235,2020-04-27 18:33:17.695000+00:00,hello i do not believe this person is the asshole,0.833333333,1,0.166666667,6,hello i do not believe this person is the asshole,2,10,49,1,-0.4652861076680959,-0.35102482407653535,0.0,0.0,0.0,0.0,0.0,0.0,0.0,0.0,0.0,0.0,0.0,0.009999999999999998,0.009999999999999998,0.0,0.0,0.0,0.0,0.0,0.0,0.0,0.0,0.009999999999999998,0.009999999999999998,0.03,0.0,0.0,0.0,0.0,0.0,0.0,0.019999999999999997,0.009999999999999998,0.0,0.0,0.0,0.0,0.009999999999999998,0.009999999999999998,0.0,0.0,0.009999999999999998,0.03,0.0,0.009999999999999998,0.0,0.019999999999999997,0.019999999999999997,0.0,0.0,0.0,0.0,0.0,0.009999999999999998,0.06,0.0,0,0,1.0,0.1,0,0.007567586628793194,0,0.0,0.0,0.496,easy,31.8,0,0,0,0,0,0,0,0,0,0,1,0,0,0,1,0,0,0,0,0,0
109,55,0,5ea1e538de5d74641b67621a,2020-04-27 18:33:27.029000+00:00,hello i dont think this person is the asshole,0.833333333,1,0.166666667,6,"hello, i don't think this person is the asshole.",3,9,45,1,-0.5632344009787775,-0.44213050360784983,0.0,0.0,0.0,0.0,0.0,0.0,0.0,0.0,0.0,0.0,0.0,0.01,0.01,0.0,0.0,0.0,0.0,0.0,0.0,0.0,0.0,0.01,0.01,0.03,0.0,0.0,0.0,0.0,0.0,0.0,0.02,0.01,0.0,0.0,0.0,0.0,0.01,0.01,0.0,0.0,0.0,0.03,0.0,0.01,0.0,0.02,0.01,0.0,0.0,0.0,0.0,0.0,0.01,0.04,0.0,0,0,1.0,0.1111111111111111,3,0.009595984194716115,0,0.0,0.0,0.44639999999999996,easy,9.334,0,0,1,0,1,0,0,0,0,0,1,0,0,0,1,0,0,0,0,0,0
109,55,0,5ea71efe3ecdad55471ff9a6,2020-04-27 18:33:28.885000+00:00,i dont think you can call someone the asshole for this,0.833333333,1,0.166666667,6,i don't think you can call someone the asshole for this.,4,11,54,1,-0.36733781435741436,-0.25991914454522086,0.0,0.0,0.0,0.0,0.0,0.0,0.0,0.0,0.0,0.0,0.0,0.01,0.01,0.0,0.0,0.0,0.0,0.0,0.0,0.0,0.0,0.01,0.0,0.03,0.0,0.0,0.0,0.0,0.0,0.0,0.03,0.02,0.0,0.0,0.0,0.0,0.01,0.01,0.0,0.01,0.0,0.03,0.0,0.01,0.0,0.02,0.02,0.01,0.0,0.0,0.01,0.0,0.01,0.06,0.0,0,0,1.0,0.09090909090909091,3,0.0008238201029820396,0,0.0,0.0,0.5456,easy,1.856,0,0,1,0,1,0,0,0,0,0,0,1,1,0,0,0,0,0,0,0,0
109,55,0,5ea6f500002f966295b1fff8,2020-04-27 18:33:31.729000+00:00,he act more,0.833333333,1,0.166666667,6,he act more,5,3,11,1,-1.0529758675321852,-0.8976589012644224,0.0,0.0,0.0,0.0,0.0,0.0,0.0,0.0,0.0,0.0,0.01,0.0,0.0,0.0,0.0,0.0,0.0,0.0,0.0,0.01,0.0,0.0,0.0,0.0,0.0,0.0,0.01,0.0,0.0,0.0,0.01,0.0,0.0,0.0,0.0,0.0,0.0,0.0,0.0,0.0,0.0,0.0,0.0,0.0,0.0,0.0,0.0,0.0,0.0,0.0,0.0,0.0,0.0,0.02,0.0,0,0,1.0,0.0,0,0.0,0,0.5,0.5,0.1488,easy,2.844,0,0,0,0,0,0,0,0,0,0,0,0,0,0,0,0,0,0,0,0,0
109,55,0,5d482ea921c9be351f76368a,2020-04-27 18:33:46.629000+00:00,my initial thought is that his attitude makes him an asshole,0.833333333,1,0.166666667,6,my initial thought is that his attitude makes him an asshole,6,11,60,1,-0.2693895210467328,-0.16881346501390634,0.0,0.0,0.0,0.0,0.0,0.0,0.0,0.0,0.0,0.0,0.02,0.0,0.01,0.0,0.0,0.0,0.0,0.0,0.0,0.0,0.0,0.01,0.0,0.02,0.0,0.01,0.01,0.0,0.0,0.0,0.02,0.01,0.0,0.0,0.0,0.01,0.01,0.01,0.0,0.0,0.0,0.03,0.0,0.01,0.0,0.01,0.02,0.0,0.0,0.0,0.0,0.0,0.01,0.06,0.0,0,0,1.0,0.0,0,0.0,0,0.0,0.0,0.5456,easy,14.9,0,0,1,0,0,0,0,0,0,0,0,1,0,0,0,0,0,0,0,0,0
109,55,0,5ea6f500002f966295b1fff8,2020-04-27 18:33:52.451000+00:00,racist  ,0.833333333,1,0.166666667,6,racist  ,7,1,8,1,-1.2488724541535483,-1.0798702603270514,0.0,0.0,0.0,0.0,0.0,0.0,0.0,0.0,0.0,0.0,0.0,0.0,0.0,0.0,0.0,0.0,0.0,0.0,0.0,0.0,0.0,0.0,0.0,0.0,0.0,0.0,0.0,0.0,0.0,0.0,0.0,0.0,0.0,0.0,0.0,0.0,0.0,0.0,0.0,0.0,0.0,0.0,0.0,0.0,0.0,0.0,0.0,0.0,0.0,0.0,0.0,0.0,0.0,0.0,0.0,0,0,1.0,0.0,0,0.0,0,0.0,0.0,0.0496,easy,5.822,0,0,0,0,0,0,0,0,0,0,0,0,0,0,0,0,0,0,1,0,0
109,55,0,5ea63e627c882f6974ff3235,2020-04-27 18:33:56.616000+00:00,i do not think anyone should feel responsible for the wellbeing of another and in this case he does given that his mil needs him so much,0.833333333,1,0.166666667,6,"i do not think anyone should feel responsible for the well-being of another and in this case, he does given that his mil needs him so much",8,27,136,1,1.1998348786134905,1.1977717279558113,0.02,0.0,0.0,0.02,0.0,0.01,0.0,0.01,0.01,0.0,0.030000000000000006,0.01,0.0,0.0,0.0,0.0,0.0,0.0,0.0,0.01,0.01,0.02,0.0,0.05,0.01,0.01,0.01,0.0,0.01,0.0,0.04,0.030000000000000006,0.0,0.01,0.0,0.0,0.0,0.01,0.01,0.01,0.01,0.07,0.0,0.01,0.02,0.030000000000000006,0.08,0.030000000000000006,0.0,0.01,0.0,0.01,0.01,0.16,0.0,0,0,1.0,0.037037037037037035,0,0.0,0,0.375,0.2,1.3392,easy,4.165,0,0,1,0,1,0,0,0,0,0,0,1,0,0,0,0,0,1,0,0,0
109,55,0,5ea1e538de5d74641b67621a,2020-04-27 18:34:00.416000+00:00,i can understand how it gets annoying to have to continuously be the translator he is offering to help her learn and said it in a polite way,0.833333333,1,0.166666667,6,i can understand how it gets annoying to have to continuously be the translator. he is offering to help her learn and said it in a polite way.,9,28,140,1,1.2977831719241721,1.2888774074871259,0.0,0.009999999999999998,0.0,0.019999999999999997,0.0,0.009999999999999998,0.0,0.0,0.009999999999999998,0.0,0.019999999999999997,0.0,0.0,0.0,0.0,0.0,0.0,0.0,0.0,0.0,0.0,0.019999999999999997,0.0,0.049999999999999996,0.0,0.009999999999999998,0.019999999999999997,0.0,0.0,0.0,0.049999999999999996,0.019999999999999997,0.0,0.009999999999999998,0.0,0.009999999999999998,0.009999999999999998,0.009999999999999998,0.0,0.0,0.0,0.06999999999999999,0.0,0.019999999999999997,0.009999999999999998,0.039999999999999994,0.039999999999999994,0.039999999999999994,0.0,0.009999999999999998,0.0,0.019999999999999997,0.009999999999999998,0.16999999999999998,0.0,0,0,0.8928571428571429,0.03571428571428571,4,0.00015518311607697082,0,0.9,-0.8,1.3888,easy,3.8,0,0,0,0,0,0,0,0,0,0,0,1,0,0,0,0,0,1,1,0,0
110,55,3,5ea1e538de5d74641b67621a,2020-04-27 19:17:44.548000+00:00,hello,0.8,2,0.4,5,hello,1,1,5,1,-1.2488724541535483,-1.0031586074690377,0.0,0.0,0.0,0.0,0.0,0.0,0.0,0.0,0.0,0.0,0.0,0.0,0.0,0.0,0.0,0.0,0.0,0.0,0.0,0.0,0.0,0.0,0.0,0.0,0.0,0.0,0.0,0.0,0.0,0.0,0.010000000000000002,0.0,0.0,0.0,0.0,0.0,0.0,0.0,0.0,0.0,0.0,0.0,0.0,0.0,0.0,0.0,0.0,0.0,0.0,0.0,0.0,0.0,0.0,0.0,0.0,0,0,1.0,0.0,0,0.0,0,0.0,0.0,0.0496,easy,0.0,0,0,0,0,0,0,0,0,0,0,0,0,0,0,1,0,0,0,0,0,0
110,55,3,5ea6f500002f966295b1fff8,2020-04-27 19:17:51.042000+00:00,hello,0.8,2,0.4,5,hello,2,1,5,1,-1.2488724541535483,-1.0031586074690377,0.0,0.0,0.0,0.0,0.0,0.0,0.0,0.0,0.0,0.0,0.0,0.0,0.0,0.0,0.0,0.0,0.0,0.0,0.0,0.0,0.0,0.0,0.0,0.0,0.0,0.0,0.0,0.0,0.0,0.0,0.010000000000000002,0.0,0.0,0.0,0.0,0.0,0.0,0.0,0.0,0.0,0.0,0.0,0.0,0.0,0.0,0.0,0.0,0.0,0.0,0.0,0.0,0.0,0.0,0.0,0.0,0,0,1.0,0.0,0,0.0070921985815602835,0,0.0,0.0,0.0496,easy,6.494,0,0,0,0,0,0,0,0,0,0,0,0,0,0,1,0,0,0,0,0,0
110,55,3,5ea63e627c882f6974ff3235,2020-04-27 19:17:57.732000+00:00,this one was difficult but i do not think she is the asshole she has a lot on her plate and her husband can help out sometimes,0.8,2,0.4,5,this one was difficult but i do not think she is the asshole. she has a lot on her plate and her husband can help out sometimes.,3,27,126,1,1.1998348786134905,1.309086409746829,0.0,0.0,0.0,0.02,0.0,0.02,0.0,0.0,0.0,0.0,0.04,0.01,0.01,0.0,0.0,0.0,0.0,0.01,0.01,0.01,0.0,0.01,0.0,0.049999999999999996,0.0,0.01,0.03,0.0,0.0,0.0,0.06,0.01,0.0,0.0,0.0,0.0,0.01,0.01,0.0,0.02,0.02,0.06,0.0,0.02,0.02,0.049999999999999996,0.06999999999999999,0.02,0.0,0.0,0.0,0.01,0.01,0.18,0.0,0,0,0.9259259259259259,0.037037037037037035,0,0.0,0,1.0,-0.5,1.3392,easy,6.69,0,0,1,0,1,0,0,0,0,0,1,0,0,0,0,0,0,0,1,0,0
110,55,3,5ea6f500002f966295b1fff8,2020-04-27 19:18:02.434000+00:00,what you thingking agree she is asshole,0.8,2,0.4,5,what you thingking agree she is asshole,4,7,39,1,-0.6611826942894591,-0.4482198033372296,0.0,0.0,0.0,0.0,0.0,0.0,0.0,0.0,0.0,0.0,0.01,0.0,0.01,0.0,0.0,0.0,0.0,0.0,0.0,0.0,0.01,0.0,0.0,0.01,0.0,0.0,0.0,0.0,0.0,0.0,0.02,0.02,0.0,0.0,0.0,0.0,0.01,0.0,0.0,0.0,0.0,0.01,0.0,0.0,0.0,0.01,0.0,0.0,0.0,0.0,0.01,0.0,0.0,0.04,0.0,1,0,1.0,0.0,2,0.0003202049311559398,0,0.0,0.0,0.3472,easy,4.702,0,0,0,0,0,0,0,0,0,0,0,0,1,0,0,1,0,0,0,0,0
110,55,3,5ea1e538de5d74641b67621a,2020-04-27 19:18:28.929000+00:00,i can see what youre saying but its also a bit unreasonable to expect him to continuously help out ,0.8,2,0.4,5,i can see what you're saying but it's also a bit unreasonable to expect him to continuously help out. ,5,19,99,1,0.4162485321280381,0.5691680042377518,0.01,0.01,0.0,0.02,0.0,0.01,0.0,0.0,0.01,0.0,0.01,0.0,0.0,0.0,0.0,0.01,0.0,0.0,0.0,0.01,0.0,0.0,0.0,0.03,0.0,0.0,0.02,0.0,0.0,0.0,0.04,0.02,0.0,0.0,0.0,0.0,0.0,0.01,0.0,0.0,0.01,0.03,0.0,0.01,0.01,0.02,0.03,0.03,0.0,0.02,0.01,0.01,0.01,0.09999999999999999,0.0,0,0,0.9473684210526315,0.05263157894736842,1,0.0,0,0.0,0.0,5.409952631578947,medium,26.495,0,0,0,0,0,0,0,0,0,0,0,1,1,0,0,0,0,0,1,0,0
110,55,3,5ea6f500002f966295b1fff8,2020-04-27 19:18:41.986000+00:00,he is helpeing,0.8,2,0.4,5,he is helpeing,6,3,14,1,-1.0529758675321852,-0.8181790060917683,0.0,0.0,0.0,0.0,0.0,0.0,0.0,0.0,0.0,0.0,0.01,0.0,0.0,0.0,0.0,0.0,0.0,0.0,0.0,0.0,0.0,0.0,0.0,0.01,0.0,0.0,0.0,0.0,0.0,0.0,0.01,0.0,0.0,0.0,0.0,0.0,0.0,0.0,0.0,0.0,0.0,0.01,0.0,0.0,0.0,0.01,0.0,0.0,0.0,0.0,0.0,0.0,0.0,0.02,0.0,0,0,1.0,0.0,0,0.0,0,0.0,0.0,0.1488,easy,13.057,0,0,0,0,0,0,0,0,0,0,0,0,0,0,0,0,0,0,0,0,0
110,55,3,5ea71efe3ecdad55471ff9a6,2020-04-27 19:18:52.898000+00:00,she is ridiculous and sounds like a terrible person,0.8,2,0.4,5,she is ridiculous and sounds like a terrible person.,7,9,51,1,-0.4652861076680959,-0.2632402019599603,0.0,0.01,0.0,0.01,0.0,0.01,0.0,0.0,0.0,0.0,0.01,0.0,0.0,0.0,0.0,0.0,0.0,0.0,0.01,0.0,0.01,0.0,0.01,0.01,0.0,0.0,0.0,0.0,0.0,0.0,0.02,0.0,0.0,0.0,0.0,0.0,0.01,0.0,0.0,0.0,0.0,0.01,0.0,0.01,0.01,0.01,0.01,0.0,0.0,0.01,0.0,0.02,0.0,0.04,0.0,0,0,1.0,0.0,1,0.0,0,1.0,-0.6666666666666666,0.44639999999999996,easy,10.912,0,0,0,0,0,0,0,0,0,0,0,0,0,0,0,0,0,1,1,0,0
111,56,0,5ea63ba67c882f6974ff320d,2020-04-27 18:51:03.489000+00:00,im fairly flexible on my opinion but im of the belief the perosn is being the asshole by assuming there was negative intent when there probably was not what are your opinions,1.0,0,0.0,3,"i'm fairly flexible on my opinion, but i'm of the belief the perosn is being the asshole by assuming there was negative intent when there probably was not what are your opinions?",1,32,174,1,1.6895763451668984,1.5108659056860938,0.0,0.0,0.0,0.02,0.0,0.0,0.0,0.0,0.04,0.0,0.0,0.02,0.01,0.0,0.0,0.0,0.0,0.0,0.0,0.01,0.01,0.02,0.0,0.02,0.0,0.02,0.02,0.0,0.0,0.0,0.01,0.01,0.01,0.0,0.0,0.01,0.01,0.01,0.01,0.04,0.02,0.049999999999999996,0.0,0.03,0.01,0.049999999999999996,0.08,0.03,0.0,0.01,0.01,0.02,0.01,0.19,0.01,1,0,0.84375,0.03125,0,0.0,1,0.65,0.19999999999999998,1.5872,easy,0.0,0,0,1,0,0,0,0,0,0,0,1,1,1,0,0,0,0,1,1,0,0
111,56,0,5d482ea821c9be351f763208,2020-04-27 18:51:31.558000+00:00,i agree you cant assume they were talking about you and he may not be comfortable speaking english as a 2nd language,1.0,0,0.0,3,i agree. you can't assume they were talking about you and he may not be comfortable speaking english as a 2nd language,2,22,116,1,0.7100934120600827,0.5795102104001455,0.0,0.009999999999999998,0.0,0.019999999999999997,0.0,0.009999999999999998,0.0,0.0,0.009999999999999998,0.0,0.009999999999999998,0.019999999999999997,0.0,0.0,0.0,0.0,0.0,0.0,0.0,0.0,0.019999999999999997,0.009999999999999998,0.0,0.009999999999999998,0.009999999999999998,0.009999999999999998,0.0,0.0,0.0,0.0,0.06999999999999999,0.0,0.0,0.0,0.0,0.0,0.0,0.009999999999999998,0.0,0.019999999999999997,0.009999999999999998,0.039999999999999994,0.0,0.009999999999999998,0.009999999999999998,0.039999999999999994,0.039999999999999994,0.019999999999999997,0.0,0.009999999999999998,0.019999999999999997,0.019999999999999997,0.009999999999999998,0.12,0.0,0,0,0.9545454545454546,0.045454545454545456,1,0.0,0,0.26666666666666666,0.13333333333333333,1.0912,easy,28.069,0,0,1,0,1,0,0,0,0,0,0,1,1,0,0,0,0,1,0,0,0
111,56,0,5d482ea721c9be351f762d4f,2020-04-27 18:51:38.195000+00:00,i believe the person is the asshole because theyve invited a foreign person into their house and should expect a language barrier,1.0,0,0.0,3,i believe the person is the asshole because they've invited a foreign person into their house and should expect a language barrier.,3,22,129,1,0.7100934120600827,0.5795102104001455,0.02,0.0,0.01,0.02,0.0,0.02,0.0,0.0,0.0,0.0,0.0,0.0,0.01,0.0,0.0,0.0,0.0,0.0,0.0,0.0,0.0,0.01,0.02,0.03,0.01,0.0,0.01,0.0,0.0,0.0,0.05,0.0,0.0,0.0,0.0,0.01,0.01,0.01,0.0,0.0,0.0,0.04,0.0,0.04,0.02,0.03,0.07,0.01,0.0,0.0,0.0,0.02,0.01,0.11,0.0,0,0,0.8636363636363636,0.045454545454545456,3,0.0013732099126664958,0,0.125,-0.125,1.0912,easy,6.637,0,0,1,0,0,0,0,0,0,0,0,1,0,0,0,0,0,0,0,0,0
111,56,0,5d482ea821c9be351f7630ab,2020-04-27 18:51:50.045000+00:00,i dont think it is nice when people can speak your language but choose to speak another and leave you out its rude the son was an asshole for leaving his mother out of the conversation ,1.0,0,0.0,3,i don't think it is nice when people can speak your language but choose to speak another and leave you out it's rude. the son was an asshole for leaving his mother out of the conversation. ,4,36,185,1,2.0813695184096246,1.883408183800473,0.0,0.02,0.0,0.030000000000000002,0.0,0.030000000000000002,0.0,0.0,0.01,0.0,0.01,0.01,0.01,0.0,0.0,0.0,0.0,0.02,0.01,0.0,0.01,0.02,0.01,0.04,0.0,0.01,0.05,0.0,0.0,0.0,0.1,0.02,0.0,0.0,0.0,0.0,0.02,0.01,0.0,0.0,0.01,0.05,0.0,0.030000000000000002,0.02,0.04,0.060000000000000005,0.05,0.0,0.02,0.02,0.01,0.01,0.2,0.0,0,0,0.9166666666666666,0.027777777777777776,4,0.0016934148438224356,0,0.8,0.15,2.224211111111111,easy,11.85,0,0,1,0,1,0,0,0,0,0,0,1,1,0,0,0,0,1,1,0,0
111,56,0,5ea63ba67c882f6974ff320d,2020-04-27 18:52:18.134000+00:00,true but it does sound like the french person did have problems speaking in english,1.0,0,0.0,3,"true, but it does sound like the french person did have problems speaking in english",5,15,83,1,0.1224036521959934,0.020696793228576555,0.01,0.02,0.0,0.01,0.01,0.0,0.0,0.0,0.0,0.0,0.0,0.0,0.0,0.0,0.0,0.0,0.0,0.0,0.0,0.0,0.02,0.0,0.01,0.02,0.0,0.01,0.01,0.0,0.0,0.0,0.02,0.01,0.0,0.0,0.0,0.0,0.0,0.0,0.0,0.0,0.01,0.03,0.0,0.01,0.01,0.03,0.03,0.01,0.0,0.02,0.0,0.01,0.0,0.06999999999999999,0.0,0,0,1.0,0.0,3,0.0,0,0.2625,0.1875,0.744,easy,28.089,0,0,0,0,0,0,0,0,0,0,0,0,0,0,0,0,1,1,1,0,0
111,56,0,5d482ea821c9be351f763208,2020-04-27 18:52:35.416000+00:00,but would you expect them to speak english all the time even if it was a challenge,1.0,0,0.0,3,"but would you expect them to speak english all the time, even if it was a challenge?",6,17,82,1,0.31830023881735653,0.2069679322857662,0.029999999999999995,0.01,0.0,0.02,0.01,0.0,0.0,0.01,0.01,0.0,0.0,0.0,0.0,0.0,0.0,0.0,0.0,0.0,0.0,0.0,0.01,0.0,0.0,0.0,0.01,0.01,0.01,0.0,0.0,0.0,0.029999999999999995,0.01,0.0,0.01,0.0,0.0,0.0,0.0,0.0,0.01,0.02,0.02,0.0,0.02,0.01,0.02,0.049999999999999996,0.01,0.0,0.01,0.01,0.01,0.0,0.09999999999999999,0.0,1,0,1.0,0.0,3,0.0006161429451632779,0,0.0,0.0,0.8432,easy,17.282,0,0,0,0,0,0,0,0,0,0,0,0,1,0,0,0,1,0,0,1,0
111,56,0,5ea63ba67c882f6974ff320d,2020-04-27 18:52:52.010000+00:00,there is google translate that could be helpful i dont think it came off as malicious based on the context here,1.0,0,0.0,3,there is google translate that could be helpful i don't think it came off as malicious based on the context here,7,21,111,1,0.6121451187494011,0.4863746408715507,0.01,0.0,0.0,0.01,0.0,0.01,0.0,0.0,0.02,0.0,0.0,0.01,0.0,0.0,0.0,0.0,0.0,0.0,0.0,0.0,0.01,0.01,0.0,0.030000000000000006,0.0,0.01,0.030000000000000006,0.0,0.0,0.0,0.01,0.02,0.0,0.0,0.0,0.01,0.0,0.01,0.0,0.0,0.0,0.06000000000000001,0.0,0.01,0.0,0.04,0.04,0.030000000000000006,0.0,0.0,0.0,0.01,0.01,0.11000000000000001,0.0,0,0,1.0,0.047619047619047616,2,0.0,0,0.0,0.0,1.0415999999999999,easy,16.594,0,0,1,0,1,0,0,0,0,0,1,0,0,0,0,0,0,1,1,0,0
112,56,1,5d482ea721c9be351f762d4f,2020-04-27 19:05:42.337000+00:00,i think they are the asshole,0.8,1,0.2,5,i think they are the asshole,1,6,28,1,-0.8570792809108222,-0.776841346355856,0.0,0.0,0.0,0.0,0.0,0.0,0.0,0.0,0.0,0.0,0.0,0.0,0.01,0.0,0.0,0.0,0.0,0.0,0.0,0.0,0.0,0.01,0.0,0.02,0.0,0.0,0.0,0.0,0.0,0.0,0.01,0.0,0.0,0.0,0.0,0.0,0.01,0.01,0.0,0.0,0.0,0.02,0.0,0.01,0.0,0.01,0.01,0.0,0.0,0.0,0.0,0.0,0.01,0.04,0.0,0,0,1.0,0.16666666666666666,0,0.0,0,0.0,0.0,0.2976,easy,0.0,0,0,1,0,1,0,0,0,0,0,0,1,0,0,0,0,0,0,0,0,0
112,56,1,5d482ea821c9be351f7630ab,2020-04-27 19:06:01.045000+00:00,i think the sons husband is the asshole making him choose,0.8,1,0.2,5,i think the son's husband is the asshole making him choose.,2,11,57,1,-0.36733781435741436,-0.33943067836269386,0.0,0.0,0.0,0.0,0.0,0.0,0.0,0.0,0.0,0.0,0.009999999999999998,0.0,0.009999999999999998,0.0,0.0,0.0,0.0,0.019999999999999997,0.0,0.0,0.0,0.019999999999999997,0.0,0.019999999999999997,0.0,0.0,0.0,0.0,0.0,0.0,0.029999999999999995,0.0,0.0,0.0,0.0,0.009999999999999998,0.009999999999999998,0.009999999999999998,0.0,0.0,0.0,0.019999999999999997,0.0,0.019999999999999997,0.0,0.009999999999999998,0.029999999999999995,0.0,0.0,0.0,0.0,0.0,0.009999999999999998,0.049999999999999996,0.0,0,0,0.9090909090909091,0.09090909090909091,2,0.0008238201029820396,0,0.0,0.0,0.5456,easy,18.708,0,0,1,0,1,0,0,0,0,0,0,1,0,0,0,0,0,0,0,0,0
112,56,1,5d482ea721c9be351f762d4f,2020-04-27 19:06:18.891000+00:00,i agree,0.8,1,0.2,5,i agree,3,2,7,1,-1.2488724541535483,-1.1267698807503856,0.0,0.0,0.0,0.0,0.0,0.0,0.0,0.0,0.0,0.0,0.0,0.0,0.0,0.0,0.0,0.0,0.0,0.0,0.0,0.0,0.01,0.0,0.0,0.0,0.0,0.0,0.0,0.0,0.0,0.0,0.0,0.0,0.0,0.0,0.0,0.0,0.0,0.01,0.0,0.0,0.0,0.0,0.0,0.0,0.0,0.0,0.0,0.0,0.0,0.0,0.0,0.0,0.01,0.01,0.0,0,0,1.0,0.5,0,0.00015518311607697082,0,0.0,0.0,0.0992,easy,17.846,0,0,0,0,0,0,0,0,0,0,0,1,0,0,0,0,0,0,0,0,0
112,56,1,5d482ea821c9be351f7630ab,2020-04-27 19:06:22.510000+00:00,so what is the son in law never going to talk to his mother in law,0.8,1,0.2,5,so what is the son in law never going to talk to his mother in law?,4,16,66,1,0.22035194550667497,0.18546212322910066,0.0,0.0,0.0,0.01,0.01,0.0,0.0,0.0,0.01,0.0,0.01,0.01,0.0,0.0,0.0,0.0,0.0,0.02,0.0,0.0,0.0,0.0,0.0,0.01,0.0,0.0,0.04,0.0,0.0,0.0,0.04,0.01,0.0,0.0,0.0,0.0,0.0,0.0,0.0,0.0,0.0,0.01,0.0,0.01,0.01,0.01,0.030000000000000002,0.04,0.0,0.0,0.0,0.0,0.0,0.09,0.0,1,0,0.8125,0.0,0,0.0,0,0.0,0.0,0.7936,easy,3.619,0,0,0,0,0,0,0,0,0,0,0,0,0,0,0,1,1,0,0,0,0
112,56,1,5ea63ba67c882f6974ff320d,2020-04-27 19:06:31.885000+00:00,im conflicted im game with the majority opinion here but i think he needs to tell his mom that his husband doesnt feel comfortable speaking in english and then establish some rules,0.8,1,0.2,5,"i'm conflicted. i'm game with the majority opinion here, but i think he needs to tell his mom that his husband doesn't feel comfortable speaking in english and then establish some rules",5,32,180,1,1.6895763451668984,1.4976941272085869,0.01,0.01,0.0,0.03,0.0,0.02,0.0,0.0,0.01,0.0,0.03,0.01,0.0,0.0,0.0,0.0,0.0,0.02,0.0,0.02,0.01,0.02,0.0,0.04,0.0,0.0,0.02,0.0,0.01,0.0,0.08,0.01,0.0,0.0,0.0,0.0,0.0,0.01,0.01,0.02,0.01,0.04,0.0,0.01,0.02,0.01,0.09000000000000001,0.03,0.0,0.02,0.0,0.01,0.01,0.14,0.0,0,0,0.9375,0.03125,5,0.0,0,0.4000000000000001,0.0,1.5872,easy,9.375,0,0,1,0,1,0,0,0,0,0,1,1,0,0,0,0,1,1,1,0,0
112,56,1,5d482ea821c9be351f763208,2020-04-27 19:06:44.426000+00:00,i do not feel like this person is the asshole there is no reason they cant speak to each particpant in a way that makes them comfortable ,0.8,1,0.2,5,i do not feel like this person is the asshole. there is no reason they can't speak to each particpant in a way that makes them comfortable. ,6,27,137,1,1.1998348786134905,1.0602834592154249,0.0,0.01,0.0,0.0,0.0,0.01,0.0,0.0,0.01,0.0,0.0,0.030000000000000002,0.01,0.0,0.0,0.0,0.0,0.0,0.0,0.01,0.02,0.02,0.01,0.060000000000000005,0.0,0.0,0.02,0.0,0.0,0.0,0.04,0.02,0.0,0.0,0.0,0.02,0.01,0.01,0.01,0.0,0.01,0.060000000000000005,0.0,0.02,0.01,0.04,0.05,0.02,0.0,0.02,0.0,0.030000000000000002,0.01,0.16,0.0,0,0,0.9629629629629629,0.037037037037037035,4,0.005878126495326174,0,0.8,0.4,1.3392,easy,12.541,0,0,1,0,1,0,0,0,0,0,0,1,0,0,0,0,0,1,0,0,0
112,56,1,5d482ea821c9be351f76354a,2020-04-27 19:06:47.289000+00:00,i agree i dont think the son is the asshole but the husband is,0.8,1,0.2,5,"i agree. i don't think the son is the asshole, but the husband is",7,14,62,1,-0.17144122773605125,-0.16446641116542904,0.0,0.0,0.0,0.01,0.0,0.0,0.0,0.0,0.0,0.0,0.0,0.01,0.01,0.0,0.0,0.0,0.0,0.02,0.0,0.0,0.01,0.01,0.0,0.04,0.0,0.0,0.0,0.0,0.0,0.0,0.02,0.0,0.0,0.0,0.0,0.0,0.01,0.02,0.0,0.0,0.01,0.04,0.0,0.03,0.01,0.03,0.02,0.0,0.0,0.0,0.0,0.0,0.02,0.08,0.0,0,0,0.7142857142857143,0.14285714285714285,5,0.0006305711633098814,0,0.0,0.0,0.6944,easy,2.863,0,0,1,0,1,0,0,0,0,0,1,1,0,0,0,0,0,0,0,0,0
113,57,0,5d482eaa21c9be351f763c82,2020-04-27 18:43:46.275000+00:00,im wondering if maybe the 20yearold french speakermaybe its his first time out of the country with nonfrancophones,0.714285714,2,0.285714286,7,"i'm wondering if maybe the 20-year-old french speaker--maybe it's his first time out of the country, with non-francophones",1,18,114,1,0.4162485321280381,0.1493816956849274,0.009999999999999998,0.009999999999999998,0.0,0.009999999999999998,0.0,0.019999999999999997,0.0,0.009999999999999998,0.009999999999999998,0.0,0.009999999999999998,0.0,0.0,0.0,0.0,0.0,0.0,0.0,0.0,0.0,0.0,0.009999999999999998,0.0,0.0,0.0,0.0,0.039999999999999994,0.0,0.0,0.0,0.009999999999999998,0.009999999999999998,0.0,0.0,0.0,0.0,0.0,0.0,0.0,0.029999999999999995,0.009999999999999998,0.0,0.0,0.019999999999999997,0.0,0.0,0.049999999999999996,0.029999999999999995,0.0,0.009999999999999998,0.0,0.0,0.0,0.07999999999999999,0.009999999999999998,0,0,0.9444444444444444,0.0,0,0.0,1,0.16666666666666666,0.125,5.406522222222222,medium,0.0,0,0,1,0,0,0,0,0,0,0,0,1,0,0,0,0,0,0,0,0,0
113,57,0,5d482ea921c9be351f7635e8,2020-04-27 18:43:48.430000+00:00,im 5050 on whether this person is an asshole,0.714285714,2,0.285714286,7,i'm 50/50 on whether this person is an asshole.,2,9,44,1,-0.4652861076680959,-0.6236685794845717,0.0,0.0,0.0,0.01,0.0,0.0,0.0,0.0,0.0,0.0,0.0,0.0,0.01,0.0,0.0,0.0,0.0,0.0,0.0,0.0,0.0,0.0,0.01,0.01,0.0,0.0,0.01,0.0,0.0,0.0,0.01,0.01,0.0,0.0,0.0,0.0,0.01,0.0,0.0,0.0,0.01,0.01,0.0,0.01,0.0,0.01,0.01,0.01,0.0,0.0,0.0,0.0,0.0,0.04,0.0,0,0,1.0,0.0,0,0.003048780487804878,0,0.0,0.0,0.44639999999999996,easy,2.155,0,0,0,0,0,0,0,0,0,0,0,1,0,0,0,0,0,0,0,0,0
113,57,0,5ea1d192de5d74641b671760,2020-04-27 18:43:54.171000+00:00,i said this person was not the asshole,0.714285714,2,0.285714286,7,i said this person was not the asshole,3,8,38,1,-0.6611826942894591,-0.795457529522238,0.0,0.01,0.0,0.0,0.0,0.0,0.0,0.0,0.0,0.0,0.0,0.01,0.01,0.0,0.0,0.0,0.0,0.0,0.0,0.0,0.0,0.0,0.01,0.0,0.0,0.02,0.0,0.0,0.0,0.0,0.02,0.01,0.0,0.0,0.0,0.0,0.01,0.01,0.0,0.0,0.01,0.02,0.0,0.01,0.0,0.01,0.01,0.0,0.0,0.01,0.0,0.0,0.01,0.049999999999999996,0.0,0,0,1.0,0.125,1,0.0023486024970788607,0,0.0,0.0,0.3968,easy,5.741,0,0,0,0,0,0,0,0,0,0,0,1,0,0,0,0,0,0,0,0,0
113,57,0,5d482ea821c9be351f76344b,2020-04-27 18:44:06.949000+00:00,i dont feel that the mom in the scenario is in the wrong her son and his partner are guests in her home,0.714285714,2,0.285714286,7,i don't feel that the mom in the scenario is in the wrong. her son and his partner are guests in her home.,4,23,103,1,0.8080417053707643,0.49295959576026027,0.0,0.0,0.01,0.01,0.0,0.01,0.0,0.0,0.0,0.0,0.030000000000000002,0.01,0.0,0.0,0.0,0.0,0.0,0.02,0.01,0.0,0.0,0.01,0.01,0.04,0.0,0.0,0.030000000000000002,0.0,0.0,0.0,0.06999999999999999,0.01,0.0,0.0,0.0,0.0,0.0,0.01,0.01,0.0,0.0,0.04,0.02,0.030000000000000002,0.01,0.030000000000000002,0.02,0.030000000000000002,0.0,0.01,0.0,0.0,0.01,0.13999999999999999,0.0,0,0,0.782608695652174,0.043478260869565216,3,0.00015518311607697082,0,0.9,-0.5,1.1408,easy,12.778,0,0,1,0,1,0,0,0,0,0,0,1,0,0,0,0,0,0,1,0,0
113,57,0,5ea1d192de5d74641b671760,2020-04-27 18:44:28.553000+00:00,it seems reasonable to request your guest to speak your language if they are capable,0.714285714,2,0.285714286,7,it seems reasonable to request your guest to speak your language if they are capable,5,15,84,1,0.1224036521959934,-0.10830172937157227,0.009999999999999998,0.009999999999999998,0.0,0.009999999999999998,0.0,0.0,0.0,0.009999999999999998,0.0,0.0,0.0,0.0,0.0,0.0,0.0,0.0,0.0,0.0,0.0,0.0,0.0,0.019999999999999997,0.0,0.019999999999999997,0.0,0.0,0.0,0.0,0.0,0.0,0.06999999999999999,0.009999999999999998,0.0,0.0,0.0,0.009999999999999998,0.0,0.0,0.0,0.019999999999999997,0.009999999999999998,0.019999999999999997,0.009999999999999998,0.0,0.0,0.009999999999999998,0.03,0.019999999999999997,0.0,0.009999999999999998,0.019999999999999997,0.019999999999999997,0.0,0.07999999999999999,0.0,0,0,0.8666666666666667,0.0,1,0.0,0,0.5,0.2,0.744,easy,21.604,0,0,1,0,1,0,0,0,0,0,0,0,1,0,0,0,0,1,0,0,0
113,57,0,5d482ea921c9be351f7635e8,2020-04-27 18:44:29.810000+00:00,i put them as not the asshole but using the word disrespectful pushes me back towards them being an asshole,0.714285714,2,0.285714286,7,"i put them as not the asshole, but using the word disrespectful pushes me back towards them being an asshole.",6,20,107,1,0.4162485321280381,0.1493816956849274,0.0,0.0,0.0,0.02,0.0,0.0,0.0,0.0,0.02,0.0,0.0,0.01,0.02,0.0,0.0,0.0,0.0,0.0,0.0,0.0,0.0,0.0,0.0,0.01,0.0,0.0,0.04,0.0,0.0,0.0,0.02,0.0,0.0,0.0,0.0,0.01,0.02,0.02,0.0,0.0,0.02,0.02,0.0,0.030000000000000002,0.01,0.01,0.04,0.02,0.0,0.0,0.0,0.0,0.02,0.11,0.0,0,0,0.85,0.1,0,0.0,0,0.0,0.0,0.992,easy,1.257,0,0,0,0,0,0,0,0,0,0,0,1,0,0,0,0,0,0,1,0,0
113,57,0,5d482ea821c9be351f76344b,2020-04-27 18:44:40.519000+00:00,ex,0.714285714,2,0.285714286,7,ex,7,1,2,1,-1.2488724541535483,-1.3108243796352375,0.0,0.0,0.0,0.0,0.0,0.0,0.0,0.0,0.0,0.0,0.0,0.0,0.0,0.0,0.0,0.0,0.0,0.01,0.0,0.0,0.0,0.0,0.0,0.0,0.0,0.0,0.0,0.0,0.0,0.0,0.01,0.0,0.0,0.0,0.0,0.0,0.0,0.0,0.0,0.0,0.0,0.0,0.0,0.0,0.0,0.0,0.0,0.0,0.0,0.0,0.0,0.0,0.0,0.0,0.0,0,0,1.0,0.0,0,0.0,0,0.0,0.0,0.0496,easy,10.709,0,0,0,0,0,0,0,0,0,0,0,0,0,0,0,0,0,0,0,0,0
113,57,0,5d482ea721c9be351f762d44,2020-04-27 18:44:45.379000+00:00,i had a difficult time deciding with this one because i could understand both sides but how she approached it made her seem like an asshole if the partner didnt speak much english it would be hard for him to really communicate,0.714285714,2,0.285714286,7,"i had a difficult time deciding with this one because i could understand both sides, but how she approached it made her seem like an asshole. if the partner didn't speak much english it would be hard for him to really communicate.",8,42,226,1,2.5711109849630325,2.039060146099258,0.029999999999999995,0.009999999999999998,0.0,0.039999999999999994,0.0,0.019999999999999997,0.0,0.0,0.019999999999999997,0.0,0.029999999999999995,0.009999999999999998,0.009999999999999998,0.0,0.0,0.0,0.0,0.0,0.009999999999999998,0.019999999999999997,0.009999999999999998,0.029999999999999995,0.009999999999999998,0.019999999999999997,0.009999999999999998,0.029999999999999995,0.039999999999999994,0.0,0.0,0.0,0.05999999999999999,0.029999999999999995,0.0,0.0,0.0,0.029999999999999995,0.009999999999999998,0.019999999999999997,0.009999999999999998,0.019999999999999997,0.029999999999999995,0.07999999999999999,0.009999999999999998,0.029999999999999995,0.029999999999999995,0.049999999999999996,0.12999999999999998,0.029999999999999995,0.0,0.019999999999999997,0.0,0.019999999999999997,0.019999999999999997,0.21,0.0,0,0,0.9523809523809523,0.047619047619047616,0,0.0,0,0.4354166666666666,-0.1479166666666667,2.4591523809523808,easy,4.86,0,0,0,0,0,1,0,0,0,0,1,1,0,0,0,0,0,1,1,0,0
113,57,0,5d482eaa21c9be351f763c82,2020-04-27 18:44:57.584000+00:00,i agreedisrespectful is exactly what hung me up too i said she was not the asshole but i thought that the kid was being impolite more than disrespectful,0.714285714,2,0.285714286,7,"i agree--disrespectful is exactly what hung me up too. i said she was not the asshole, but i thought that the kid was being impolite more than disrespectful",9,28,152,1,1.0039382919921274,0.6647485457979267,0.0,0.01,0.0,0.01,0.01,0.0,0.0,0.0,0.01,0.0,0.01,0.01,0.01,0.0,0.0,0.0,0.0,0.0,0.01,0.01,0.0,0.01,0.01,0.01,0.0,0.04,0.01,0.0,0.0,0.0,0.03,0.02,0.0,0.0,0.0,0.0,0.01,0.04,0.0,0.0,0.02,0.06,0.0,0.02,0.01,0.04,0.04,0.02,0.0,0.01,0.0,0.0,0.04,0.19,0.0,0,0,0.8571428571428571,0.14285714285714285,4,0.0007857542793868522,0,0.375,0.375,1.9527285714285716,easy,12.205,0,0,1,0,1,0,0,0,0,0,1,1,0,0,0,0,1,0,1,0,0
113,57,0,5ea6f7b2002f966295b20020,2020-04-27 18:44:58.193000+00:00,i dont think the mom is an asshole she is having her son over with his husband if the mom asks them not to speak in french in front of her than what is the big deal the french husband already spoke in english so its not a language barr,0.714285714,2,0.285714286,7,"i dont think the mom is an asshole. she is having her son over with his husband. if the mom asks them not to speak in french in front of her, than what is the big deal? the french husband already spoke in english, so its not a language barr",10,50,235,1,3.4526456247591666,2.8121104212687573,0.01,0.02,0.0,0.02,0.0,0.01,0.0,0.0,0.01,0.0,0.04,0.03,0.01,0.0,0.0,0.0,0.0,0.05,0.0,0.0,0.0,0.01,0.0,0.06,0.0,0.01,0.07,0.0,0.0,0.0,0.15,0.02,0.0,0.0,0.0,0.0,0.01,0.01,0.0,0.01,0.03,0.08,0.0,0.06,0.01,0.05,0.05,0.08,0.0,0.02,0.0,0.01,0.01,0.3,0.0,1,0,0.76,0.02,12,0.0004753880472329106,0,0.025,0.0,2.48,easy,0.609,0,0,1,0,1,0,0,0,0,0,0,1,0,0,0,0,0,0,0,0,0
113,57,0,5d482eab21c9be351f763de7,2020-04-27 18:45:13.053000+00:00,i think the kids are being rude they are guests being kindly hosted for a week they shouldnt be excluding her from conversation in the common room of her own house they can have a private conversation in french or otherwise elsewhere,0.714285714,2,0.285714286,7,"i think the kids are being rude. they are guests, being kindly hosted for a week, they shouldn't be excluding her from conversation in the common room of her own house. they can have a private conversation, in french or otherwise, elsewhere",11,42,233,1,2.6690592782737137,2.1249546211180914,0.01,0.0,0.02,0.02,0.0,0.0,0.0,0.0,0.0,0.0,0.02,0.01,0.0,0.0,0.0,0.0,0.0,0.0,0.01,0.01,0.01,0.01,0.01,0.05,0.01,0.0,0.05,0.0,0.0,0.0,0.1,0.0,0.0,0.0,0.0,0.0,0.01,0.01,0.0,0.01,0.02,0.09000000000000001,0.01,0.04,0.0,0.08,0.04,0.05,0.0,0.0,0.0,0.030000000000000002,0.01,0.24000000000000002,0.0,0,0,0.7857142857142857,0.023809523809523808,9,0.00461884150927466,0,0.5625,0.09999999999999999,2.835104761904762,easy,14.86,0,0,1,0,1,0,0,0,0,0,0,1,0,0,0,0,0,1,1,0,0
113,57,0,5d482ea921c9be351f7638fe,2020-04-27 18:45:20.374000+00:00,i dont think they are assholes  a bit touchy but not assholes ,0.714285714,2,0.285714286,7,"i don't think they are assholes,  a bit touchy but not assholes. ",12,12,62,1,-0.2693895210467328,-0.4518796294469052,0.0,0.0,0.0,0.01,0.0,0.0,0.0,0.0,0.0,0.0,0.0,0.02,0.02,0.0,0.0,0.0,0.0,0.0,0.0,0.01,0.0,0.01,0.0,0.03,0.0,0.0,0.0,0.0,0.0,0.0,0.01,0.0,0.0,0.0,0.0,0.0,0.02,0.01,0.01,0.0,0.02,0.03,0.0,0.01,0.01,0.02,0.03,0.0,0.0,0.01,0.0,0.01,0.01,0.06,0.0,0,0,0.9166666666666666,0.08333333333333333,3,0.0005036151718260998,0,0.0,0.0,0.5952,easy,7.321,0,0,1,0,1,0,0,0,0,0,0,1,0,0,0,0,0,0,1,0,0
114,57,3,5d482ea921c9be351f7635e8,2020-04-27 19:28:04.956000+00:00,i dont think he is an asshole,0.75,3,0.375,8,i don't think he is an asshole.,1,7,29,1,-0.7591309876001406,-0.8193436675625285,0.0,0.0,0.0,0.0,0.0,0.0,0.0,0.0,0.0,0.0,0.009999999999999998,0.009999999999999998,0.009999999999999998,0.0,0.0,0.0,0.0,0.0,0.0,0.0,0.0,0.009999999999999998,0.0,0.03,0.0,0.0,0.0,0.0,0.0,0.0,0.009999999999999998,0.0,0.0,0.0,0.0,0.0,0.009999999999999998,0.009999999999999998,0.0,0.0,0.0,0.03,0.0,0.009999999999999998,0.0,0.019999999999999997,0.009999999999999998,0.0,0.0,0.0,0.0,0.0,0.009999999999999998,0.039999999999999994,0.0,0,0,1.0,0.14285714285714285,0,0.0,0,0.0,0.0,0.3472,easy,0.0,0,0,1,0,1,0,0,0,0,0,0,1,0,0,0,0,0,0,0,0,0
114,57,3,5ea6f7b2002f966295b20020,2020-04-27 19:28:21.136000+00:00,i think he is an asshole his parents raised him and for him to choose his husband over something minor i think thats an asshole move,0.75,3,0.375,8,"i think he is an asshole. his parents raised him, and for him to choose his husband over something minor, i think thats an asshole move",2,26,132,1,1.0039382919921274,0.9993788232152814,0.0,0.0,0.0,0.01,0.0,0.01,0.0,0.0,0.0,0.0,0.05,0.0,0.02,0.0,0.0,0.0,0.0,0.02,0.0,0.0,0.0,0.030000000000000002,0.0,0.04,0.0,0.0,0.02,0.0,0.0,0.0,0.07,0.02,0.0,0.0,0.0,0.0,0.02,0.02,0.0,0.01,0.01,0.04,0.0,0.02,0.01,0.02,0.05,0.030000000000000002,0.0,0.0,0.0,0.0,0.02,0.14,0.0,0,0,0.7692307692307693,0.07692307692307693,4,0.0016476402059640793,0,0.2,-0.05,1.2895999999999999,easy,16.18,0,0,1,0,1,0,0,0,0,0,1,1,0,0,0,0,0,0,0,0,0
114,57,3,5d482ea821c9be351f76344b,2020-04-27 19:28:26.332000+00:00,my initial thought is that the son is nta i agree that the mom should be able to be spoken to but i dont this this constitutes asshole status,0.75,3,0.375,8,"my initial thought is that the son is nta. i agree that the mom should be able to be spoken to, but i don't this this constitutes asshole status.",3,29,141,1,1.2977831719241721,1.3024992383449163,0.009999999999999998,0.009999999999999998,0.0,0.009999999999999998,0.0,0.0,0.0,0.009999999999999998,0.0,0.0,0.0,0.009999999999999998,0.009999999999999998,0.0,0.0,0.0,0.0,0.019999999999999997,0.0,0.0,0.009999999999999998,0.009999999999999998,0.0,0.03,0.009999999999999998,0.019999999999999997,0.009999999999999998,0.0,0.0,0.0,0.03,0.039999999999999994,0.0,0.0,0.0,0.0,0.009999999999999998,0.03,0.0,0.0,0.009999999999999998,0.07999999999999999,0.0,0.019999999999999997,0.009999999999999998,0.06,0.03,0.019999999999999997,0.0,0.009999999999999998,0.0,0.0,0.03,0.16999999999999998,0.0,0,0,0.7586206896551724,0.06896551724137931,4,0.0006305711633098814,0,0.3125,0.25,1.4384,easy,5.196,0,0,1,0,0,0,0,0,0,0,1,1,0,0,0,0,0,0,0,0,0
114,57,3,5d482ea721c9be351f762d44,2020-04-27 19:28:39.764000+00:00,i can understand the mothers point of view but i dont think hes an asshole especially if they speak german to each other generally and hes that uncomfortable with english,0.75,3,0.375,8,"i can understand the mother's point of view, but i don't think he's an asshole especially if they speak german to each other generally and he's that uncomfortable with english.",4,30,170,1,1.3957314652348536,1.4035393767214615,0.01,0.01,0.0,0.03,0.0,0.03,0.0,0.0,0.02,0.01,0.02,0.01,0.01,0.0,0.0,0.01,0.0,0.01,0.0,0.01,0.0,0.02,0.0,0.06,0.0,0.0,0.01,0.0,0.0,0.0,0.049999999999999996,0.02,0.0,0.0,0.0,0.0,0.01,0.02,0.0,0.02,0.02,0.06,0.0,0.02,0.02,0.04,0.08,0.03,0.0,0.02,0.0,0.0,0.02,0.15,0.0,0,0,0.9333333333333333,0.06666666666666667,5,0.0006305711633098814,0,0.4791666666666667,-0.09583333333333333,2.0143333333333335,easy,13.432,0,0,1,0,1,0,0,0,0,0,1,1,0,0,0,0,0,0,1,0,0
114,57,3,5d482eaa21c9be351f763908,2020-04-27 19:29:03.092000+00:00,i too dont think he is an asshole since  husband is new to the place just did that to make him comfortable,0.75,3,0.375,8,i too dont think he is an asshole since  husband is new to the place just did that to make him comfortable,5,22,106,1,0.7100934120600827,0.6962584080856464,0.0,0.0,0.0,0.0,0.0,0.0,0.0,0.0,0.02,0.0,0.02,0.01,0.01,0.0,0.0,0.0,0.0,0.01,0.0,0.0,0.01,0.01,0.0,0.05,0.0,0.01,0.02,0.0,0.0,0.0,0.030000000000000002,0.01,0.0,0.0,0.0,0.02,0.01,0.01,0.0,0.0,0.01,0.060000000000000005,0.0,0.02,0.01,0.04,0.04,0.030000000000000002,0.0,0.0,0.0,0.01,0.01,0.13,0.0,0,0,0.9090909090909091,0.045454545454545456,6,0.0008238201029820396,0,0.6272727272727273,0.2681818181818182,1.0912,easy,23.328,0,0,1,0,1,0,0,0,0,0,0,1,0,0,0,0,0,1,0,0,0
114,57,3,5d482ea821c9be351f76344b,2020-04-27 19:29:04.884000+00:00,inconsiderate yes asshole not quite in my opinion,0.75,3,0.375,8,"inconsiderate? yes. asshole? not quite, in my opinion.",6,8,49,1,-0.6611826942894591,-0.7183035291859836,0.0,0.0,0.0,0.0,0.0,0.0,0.0,0.0,0.0,0.0,0.0,0.009999999999999998,0.009999999999999998,0.0,0.0,0.0,0.0,0.0,0.0,0.0,0.0,0.0,0.0,0.0,0.0,0.0,0.009999999999999998,0.0,0.0,0.0,0.0,0.0,0.0,0.0,0.0,0.0,0.009999999999999998,0.009999999999999998,0.0,0.019999999999999997,0.009999999999999998,0.0,0.0,0.0,0.009999999999999998,0.0,0.03,0.009999999999999998,0.0,0.0,0.0,0.0,0.009999999999999998,0.03,0.0,2,0,1.0,0.125,0,0.0003202049311559398,0,0.0,0.0,6.00705,difficult,1.792,0,0,1,0,0,0,0,0,0,0,1,0,0,0,0,0,0,0,1,0,0
114,57,3,5d482ea921c9be351f7638fe,2020-04-27 19:29:18.226000+00:00,i think if they are visiting mother he can translate things his husband doesnt get,0.75,3,0.375,8,"i think if they are visiting mother he can translate things his husband doesn't ""get.""",7,15,82,1,0.024455358885311848,-0.011022560550168571,0.01,0.0,0.0,0.01,0.0,0.0,0.0,0.0,0.0,0.0,0.02,0.01,0.0,0.0,0.0,0.0,0.0,0.02,0.0,0.0,0.0,0.01,0.0,0.049999999999999996,0.0,0.0,0.01,0.0,0.0,0.0,0.05999999999999999,0.01,0.0,0.0,0.0,0.0,0.0,0.01,0.0,0.01,0.01,0.049999999999999996,0.0,0.0,0.0,0.029999999999999995,0.02,0.0,0.0,0.0,0.0,0.0,0.01,0.07,0.0,0,0,1.0,0.06666666666666667,0,0.0,0,0.0,0.0,0.744,easy,13.342,0,0,1,0,1,0,0,0,0,0,0,1,0,0,0,0,0,0,0,0,0
114,57,3,5ea1d192de5d74641b671760,2020-04-27 19:29:21.084000+00:00,i also think nta however he should communicate the situation to his mother and maybe encourage his husband to try speaking some english otherwise how will it ever improve,0.75,3,0.375,8,"i also think nta, however he should communicate the situation to his mother and maybe encourage his husband to try speaking some english, otherwise, how will it ever improve?",8,29,170,1,1.3957314652348536,1.4035393767214615,0.01,0.01,0.0,0.049999999999999996,0.01,0.01,0.0,0.02,0.049999999999999996,0.0,0.03,0.0,0.0,0.0,0.0,0.0,0.0,0.02,0.0,0.01,0.02,0.01,0.0,0.02,0.02,0.0,0.01,0.0,0.0,0.0,0.08,0.01,0.0,0.0,0.0,0.01,0.0,0.01,0.0,0.02,0.0,0.04,0.0,0.01,0.01,0.02,0.06999999999999999,0.02,0.0,0.01,0.0,0.02,0.01,0.13,0.01,1,0,0.9310344827586207,0.034482758620689655,3,0.0020810348817193844,1,0.0,0.0,1.9828827586206894,easy,2.858,0,0,1,0,1,0,0,0,0,0,0,1,0,0,0,0,0,1,0,0,0
114,57,3,5d482ea921c9be351f7635e8,2020-04-27 19:29:25.531000+00:00,agreed eagerelephant,0.75,3,0.375,8,agreed eagerelephant,9,2,20,1,-1.1509241608428669,-1.2235042210687086,0.0,0.0,0.0,0.0,0.0,0.0,0.0,0.0,0.0,0.0,0.0,0.0,0.0,0.0,0.0,0.0,0.0,0.0,0.0,0.0,0.020000000000000004,0.0,0.0,0.0,0.0,0.0,0.0,0.0,0.0,0.0,0.0,0.0,0.0,0.0,0.0,0.0,0.0,0.0,0.0,0.0,0.0,0.0,0.0,0.0,0.0,0.0,0.0,0.0,0.0,0.0,0.0,0.0,0.0,0.0,0.0,0,0,1.0,0.0,0,0.0,0,0.0,0.0,0.0992,easy,4.447,0,0,0,0,0,0,0,0,0,0,0,0,0,0,0,0,0,0,0,0,0
114,57,3,5d482eab21c9be351f763de7,2020-04-27 19:29:32.935000+00:00,they are only visiting for one weekend they should make more of an effort to include the mother and speak english,0.75,3,0.375,8,"they are only visiting for one weekend, they should make more of an effort to include the mother and speak english",10,21,113,1,0.7100934120600827,0.6962584080856464,0.009999999999999998,0.009999999999999998,0.0,0.009999999999999998,0.0,0.019999999999999997,0.0,0.009999999999999998,0.009999999999999998,0.0,0.0,0.0,0.0,0.0,0.0,0.0,0.0,0.009999999999999998,0.0,0.009999999999999998,0.0,0.0,0.0,0.019999999999999997,0.009999999999999998,0.0,0.019999999999999997,0.0,0.0,0.0,0.049999999999999996,0.0,0.0,0.0,0.0,0.009999999999999998,0.0,0.0,0.0,0.0,0.0,0.029999999999999995,0.0,0.019999999999999997,0.009999999999999998,0.019999999999999997,0.039999999999999994,0.029999999999999995,0.0,0.009999999999999998,0.0,0.0,0.0,0.11999999999999998,0.0,0,0,0.9523809523809523,0.0,0,0.0,0,0.5,0.16666666666666666,1.0415999999999999,easy,7.404,0,0,1,0,0,0,0,0,0,0,0,0,0,0,0,0,0,0,0,0,0
114,57,3,5d482eaa21c9be351f763c82,2020-04-27 19:29:35.283000+00:00,part of me agrees thats hes not the assholejust nothing really inappropriate but since hes asking i do think its rude to exclude your mother from conversation,0.75,3,0.375,8,"part of me agrees that's he's not the asshole--just nothing really inappropriate. but since he's asking, i do think it's rude to exclude your mother from conversation.",11,27,158,1,1.101886585302809,1.1004189615918265,0.0,0.0,0.0,0.01,0.0,0.0,0.0,0.0,0.01,0.0,0.02,0.02,0.01,0.0,0.0,0.0,0.0,0.01,0.01,0.01,0.01,0.01,0.0,0.05,0.0,0.0,0.0,0.0,0.0,0.0,0.060000000000000005,0.02,0.0,0.0,0.0,0.01,0.02,0.02,0.0,0.0,0.04,0.05,0.0,0.01,0.02,0.04,0.060000000000000005,0.04,0.0,0.0,0.01,0.0,0.02,0.11,0.0,0,0,0.9629629629629629,0.07407407407407407,3,0.0008496176720475786,0,0.4,-0.04999999999999999,6.14532962962963,difficult,2.348,0,0,1,0,1,1,0,0,0,0,1,0,1,0,0,0,1,0,1,0,0
114,57,3,5d482ea721c9be351f762d44,2020-04-27 19:29:39.059000+00:00,i dont know german but i can imagine its difficult to learn english after speaking german your whole life and the son didnt seem like he was intentionally being rude,0.75,3,0.375,8,i don't know german but i can imagine it's difficult to learn english after speaking german your whole life and the son didn't seem like he was intentionally being rude.,12,30,165,1,1.3957314652348536,1.4035393767214615,0.0,0.01,0.0,0.02,0.0,0.01,0.01,0.0,0.0,0.0,0.01,0.02,0.0,0.0,0.01,0.0,0.0,0.01,0.02,0.01,0.01,0.04,0.0,0.04,0.0,0.02,0.01,0.0,0.0,0.0,0.04,0.01,0.0,0.01,0.0,0.01,0.01,0.02,0.0,0.01,0.01,0.07,0.0,0.01,0.02,0.049999999999999996,0.07,0.02,0.0,0.01,0.01,0.01,0.02,0.12999999999999998,0.0,0,0,0.9333333333333333,0.06666666666666667,5,0.0029350381481644404,0,0.3333333333333333,-0.09999999999999999,2.0143333333333335,easy,3.776,0,0,0,0,0,0,0,0,0,0,1,1,1,0,0,0,1,1,1,0,0
114,57,3,5ea6f7b2002f966295b20020,2020-04-27 19:29:43.280000+00:00,i would think the mother wouldnt be upset if words were wrong ,0.75,3,0.375,8,i would think the mother wouldnt be upset if words were wrong. ,13,12,62,1,-0.2693895210467328,-0.3141429756798036,0.03,0.0,0.0,0.01,0.0,0.0,0.0,0.0,0.0,0.01,0.0,0.01,0.0,0.0,0.0,0.0,0.0,0.01,0.02,0.0,0.0,0.01,0.0,0.01,0.02,0.01,0.0,0.0,0.0,0.0,0.01,0.0,0.0,0.0,0.0,0.0,0.0,0.01,0.0,0.01,0.01,0.049999999999999996,0.0,0.01,0.0,0.04,0.04,0.0,0.0,0.0,0.0,0.0,0.01,0.049999999999999996,0.0,0,0,1.0,0.08333333333333333,1,0.00015518311607697082,0,0.9,-0.5,0.5952,easy,4.221,0,0,1,0,1,0,0,0,0,0,0,1,0,0,0,0,0,0,1,0,0
114,57,3,5d482eaa21c9be351f763908,2020-04-27 19:29:46.161000+00:00,agreed openhippo,0.75,3,0.375,8,agreed openhippo,14,2,16,1,-1.1509241608428669,-1.2235042210687086,0.0,0.0,0.0,0.0,0.0,0.0,0.0,0.0,0.0,0.0,0.0,0.0,0.0,0.0,0.0,0.0,0.0,0.0,0.0,0.0,0.01,0.0,0.0,0.0,0.0,0.0,0.0,0.0,0.0,0.0,0.0,0.0,0.0,0.0,0.0,0.0,0.0,0.0,0.0,0.0,0.0,0.0,0.0,0.0,0.0,0.0,0.0,0.0,0.0,0.0,0.0,0.0,0.0,0.0,0.0,0,0,1.0,0.0,0,0.0,0,0.0,0.0,0.0992,easy,2.881,0,0,0,0,0,0,0,0,0,0,0,0,0,0,0,0,0,0,0,0,0
115,58,0,5ea6fc58002f966295b20107,2020-04-27 20:26:55.656000+00:00,hi,0.857142857,1,0.142857143,7,hi,1,1,2,1,-1.2488724541535483,-1.423217286732941,0.0,0.0,0.0,0.0,0.0,0.0,0.0,0.0,0.0,0.0,0.0,0.0,0.0,0.0,0.0,0.0,0.0,0.0,0.0,0.0,0.0,0.0,0.0,0.0,0.0,0.0,0.0,0.0,0.0,0.0,0.01,0.0,0.0,0.0,0.0,0.0,0.0,0.0,0.0,0.0,0.0,0.0,0.0,0.0,0.0,0.0,0.0,0.0,0.0,0.0,0.0,0.0,0.0,0.0,0.0,0,0,1.0,0.0,0,0.0,0,0.0,0.0,0.0496,easy,0.0,0,0,0,0,0,0,0,0,0,0,0,0,0,0,1,0,0,0,0,0,0
115,58,0,5ea7338a3ecdad5547202357,2020-04-27 20:26:58.849000+00:00,im thinking this guy has very particular views about how the world is supposed to work and uses that as his basis for making others conform,0.857142857,1,0.142857143,7,i'm thinking this guy has very particular views about how the world is supposed to work and uses that as his basis for making others conform.,2,26,139,1,1.1998348786134905,0.9488115244886273,0.0,0.0,0.0,0.03,0.0,0.01,0.0,0.01,0.03,0.0,0.01,0.0,0.0,0.0,0.0,0.01,0.0,0.0,0.0,0.0,0.0,0.01,0.01,0.03,0.0,0.01,0.01,0.0,0.0,0.0,0.02,0.03,0.0,0.01,0.0,0.04,0.0,0.0,0.0,0.01,0.0,0.04,0.0,0.01,0.01,0.02,0.06999999999999999,0.04,0.0,0.01,0.0,0.01,0.0,0.13,0.0,0,0,1.0,0.0,0,0.0,0,0.43333333333333335,0.21666666666666667,1.8969076923076922,easy,3.193,0,0,1,0,1,0,0,0,0,0,0,1,0,0,0,0,0,1,0,0,0
115,58,0,5ea7381c3ecdad5547203134,2020-04-27 20:27:20.048000+00:00,i am thinking about the tone the writer used throughout ,0.857142857,1,0.142857143,7,i am thinking about the tone the writer used throughout ,3,10,56,1,-0.4652861076680959,-0.6641680671420391,0.0,0.0,0.0,0.0,0.0,0.0,0.0,0.0,0.01,0.0,0.0,0.0,0.0,0.0,0.0,0.0,0.0,0.0,0.0,0.0,0.0,0.01,0.0,0.01,0.0,0.01,0.0,0.0,0.0,0.0,0.0,0.0,0.0,0.0,0.0,0.01,0.0,0.01,0.0,0.0,0.0,0.02,0.0,0.02,0.0,0.01,0.02,0.02,0.0,0.0,0.0,0.0,0.01,0.05,0.0,0,0,0.9,0.1,3,0.01639344262295082,0,0.0,0.0,0.496,easy,21.199,0,0,1,0,1,0,0,0,0,0,0,1,0,0,0,0,0,0,0,0,0
115,58,0,5ea6fc58002f966295b20107,2020-04-27 20:27:33.906000+00:00, im thinking he probably wasnt as polite and respectful as he claims good point,0.857142857,1,0.142857143,7,", i'm thinking he probably wasn't as polite and respectful as he claims good point",4,14,79,1,0.024455358885311848,-0.18976230489772547,0.0,0.0,0.0,0.030000000000000002,0.0,0.01,0.0,0.0,0.01,0.0,0.02,0.01,0.0,0.0,0.0,0.0,0.0,0.0,0.0,0.0,0.01,0.01,0.0,0.0,0.0,0.01,0.01,0.0,0.0,0.0,0.02,0.0,0.0,0.0,0.0,0.0,0.0,0.0,0.0,0.01,0.0,0.01,0.0,0.0,0.01,0.01,0.030000000000000002,0.02,0.0,0.0,0.0,0.030000000000000002,0.0,0.05,0.01,0,0,0.8571428571428571,0.0,0,0.01639344262295082,1,0.65,0.6,0.6944,easy,13.858,0,0,1,0,1,0,0,0,0,0,0,1,0,0,0,0,0,1,0,0,0
115,58,0,5d482ea821c9be351f7631ba,2020-04-27 20:27:52.486000+00:00,so the writer had so many common responses that he had to write a follow on but the fact that he was sick of dealing with her bleep doesnt really bode for being respectful to her,0.857142857,1,0.142857143,7,"so, the writer had so many common responses that he had to write a follow on, but the fact that he 'was sick of dealing with her bleep' doesn't really bode for being respectful to her",5,36,178,1,2.1793178117203063,1.8976230489772545,0.0,0.0,0.0,0.03,0.01,0.01,0.01,0.0,0.03,0.0,0.04,0.01,0.0,0.0,0.01,0.0,0.0,0.0,0.0,0.01,0.0,0.0,0.0,0.02,0.0,0.03,0.03,0.0,0.0,0.0,0.05,0.02,0.0,0.0,0.0,0.0,0.0,0.0,0.0,0.0,0.02,0.06,0.0,0.03,0.04,0.05,0.05,0.06,0.0,0.0,0.0,0.02,0.0,0.22,0.0,0,0,0.8055555555555556,0.0,2,0.009009009009009009,0,0.5514285714285714,0.03714285714285716,1.7855999999999999,easy,18.58,0,0,0,0,0,1,0,0,0,0,0,0,0,0,0,0,1,1,1,0,0
115,58,0,5ea7338a3ecdad5547202357,2020-04-27 20:27:52.778000+00:00,after he was called out he had to go back and edit in that he was very courteous,0.857142857,1,0.142857143,7,after he was called out he had to go back and edit in that he was very courteous.,6,18,80,1,0.4162485321280381,0.18976230489772547,0.0,0.0,0.0,0.010000000000000002,0.0,0.020000000000000004,0.0,0.0,0.020000000000000004,0.0,0.03,0.0,0.0,0.0,0.0,0.0,0.0,0.0,0.0,0.0,0.0,0.0,0.0,0.010000000000000002,0.0,0.04000000000000001,0.05,0.0,0.0,0.0,0.04000000000000001,0.010000000000000002,0.0,0.010000000000000002,0.0,0.0,0.0,0.0,0.0,0.0,0.0,0.05,0.0,0.0,0.010000000000000002,0.03,0.020000000000000004,0.04000000000000001,0.0,0.0,0.0,0.010000000000000002,0.0,0.13,0.0,0,0,0.8333333333333334,0.0,8,0.0,0,0.5,0.39,0.8927999999999999,easy,0.292,0,0,0,0,0,0,0,0,0,0,0,0,0,0,0,0,0,1,0,0,0
115,58,0,5d482ea721c9be351f762f61,2020-04-27 20:27:59.663000+00:00,i dont think hes an asshole for what he said  it not about conforming its about being able to be independent the tone he used was not gentle so therefore he may have been received negatively ,0.857142857,1,0.142857143,7,i don‚äôt think he‚äôs an asshole for what he said . it not about conforming it‚äôs about being able to be independent. the tone he used was not gentle so therefore he may have been received negatively. ,7,36,191,1,2.0813695184096246,1.802741896528392,0.0,0.01,0.0,0.01,0.0,0.0,0.0,0.01,0.03,0.0,0.04,0.04,0.01,0.0,0.0,0.0,0.0,0.0,0.0,0.0,0.01,0.01,0.0,0.04,0.01,0.04,0.01,0.0,0.0,0.0,0.06,0.03,0.0,0.0,0.0,0.03,0.01,0.01,0.0,0.01,0.02,0.10999999999999999,0.0,0.02,0.01,0.08,0.06999999999999999,0.04,0.0,0.01,0.0,0.01,0.01,0.21,0.0,0,0,0.8888888888888888,0.027777777777777776,5,0.0,0,0.48750000000000004,0.02500000000000001,2.224211111111111,easy,6.885,0,0,1,0,1,0,0,0,0,0,0,1,0,0,0,0,0,1,0,0,0
115,58,0,5ea735f63ecdad5547202cb0,2020-04-27 20:28:08.816000+00:00,i think this person should have simply stated that heshe couldnt be the translator anymore and perhaps suggested an app rather than just say learn english he seems extremely disrespectful instead of helpful,0.857142857,1,0.142857143,7,"i think this person should have simply stated that he/she couldn't be the translator anymore and perhaps suggested an app, rather than just say ""learn english."" he seems extremely disrespectful instead of helpful.",8,33,206,1,1.7875246384775798,1.5180984391818038,0.030000000000000002,0.01,0.0,0.01,0.01,0.01,0.0,0.0,0.05,0.0,0.01,0.01,0.0,0.0,0.0,0.0,0.0,0.0,0.0,0.01,0.01,0.030000000000000002,0.01,0.030000000000000002,0.01,0.0,0.01,0.0,0.0,0.0,0.05,0.02,0.0,0.01,0.0,0.0,0.0,0.01,0.0,0.02,0.02,0.060000000000000005,0.0,0.02,0.02,0.04,0.1,0.02,0.0,0.01,0.0,0.01,0.01,0.13,0.0,0,0,1.0,0.030303030303030304,5,0.0005036151718260998,0,0.4523809523809524,-0.041666666666666664,1.6368,easy,9.153,0,0,1,0,1,0,0,0,0,0,0,1,0,0,0,0,0,1,1,0,0
115,58,0,5ea7338a3ecdad5547202357,2020-04-27 20:28:33.260000+00:00,it sounded more like an effort to get out of helping rather than a genuine regard for her independence,0.857142857,1,0.142857143,7,"it sounded more like an effort to get out of helping, rather than a genuine regard for her independence.",9,19,102,1,0.5141968254387196,0.2846434573465882,0.01,0.01,0.0,0.0,0.0,0.01,0.0,0.01,0.01,0.0,0.01,0.0,0.0,0.0,0.0,0.0,0.0,0.0,0.0,0.01,0.02,0.0,0.0,0.01,0.0,0.0,0.01,0.0,0.0,0.0,0.02,0.01,0.0,0.0,0.0,0.01,0.0,0.0,0.0,0.0,0.01,0.01,0.0,0.02,0.0,0.0,0.03,0.05,0.0,0.01,0.0,0.05,0.0,0.1,0.0,0,0,1.0,0.0,3,0.02127659574468085,0,0.5,0.45,5.409952631578947,medium,24.444,0,0,1,0,0,0,0,0,0,0,0,0,0,0,0,0,0,1,0,0,0
115,58,0,5ea6fc58002f966295b20107,2020-04-27 20:28:40.414000+00:00,yah i agree,0.857142857,1,0.142857143,7,yah i agree,10,3,11,1,-1.1509241608428669,-1.3283361342840783,0.0,0.0,0.0,0.0,0.0,0.0,0.0,0.0,0.0,0.0,0.0,0.0,0.0,0.0,0.0,0.0,0.0,0.0,0.0,0.0,0.01,0.0,0.0,0.0,0.0,0.0,0.0,0.0,0.0,0.0,0.0,0.0,0.0,0.0,0.0,0.0,0.0,0.01,0.0,0.0,0.0,0.0,0.0,0.0,0.0,0.0,0.0,0.0,0.0,0.0,0.0,0.0,0.01,0.01,0.0,0,0,1.0,0.3333333333333333,0,0.0,0,0.0,0.0,0.1488,easy,7.154,0,0,0,0,0,0,0,0,0,0,1,0,0,0,0,0,0,0,0,0,0
116,58,3,5d482ea821c9be351f7631ba,2020-04-27 21:11:28.975000+00:00,so its the first scenario from the other side,0.714285714,1,0.142857143,7,"so, it's the first scenario, from the other side...",1,9,45,1,-0.4652861076680959,-0.35992690553300555,0.0,0.0,0.0,0.01,0.0,0.0,0.0,0.01,0.01,0.0,0.0,0.0,0.0,0.0,0.0,0.0,0.0,0.0,0.0,0.0,0.0,0.0,0.0,0.0,0.0,0.0,0.02,0.0,0.0,0.0,0.0,0.02,0.0,0.0,0.0,0.0,0.0,0.0,0.0,0.0,0.0,0.0,0.0,0.02,0.01,0.0,0.0,0.01,0.0,0.0,0.0,0.0,0.0,0.06,0.0,0,0,0.8888888888888888,0.0,0,0.0,0,0.35416666666666663,0.0625,0.44639999999999996,easy,0.0,0,0,0,0,0,0,0,0,0,0,0,0,0,0,0,0,1,0,0,0,0
116,58,3,5ea6fc58002f966295b20107,2020-04-27 21:11:34.298000+00:00,i dont think she is being an asshole,0.714285714,1,0.142857143,7,i don't think she is being an asshole,2,8,36,1,-0.6611826942894591,-0.5861666747251805,0.0,0.0,0.0,0.0,0.0,0.0,0.0,0.0,0.0,0.0,0.009999999999999998,0.009999999999999998,0.009999999999999998,0.0,0.0,0.0,0.0,0.0,0.0,0.0,0.0,0.009999999999999998,0.0,0.03,0.0,0.0,0.0,0.0,0.0,0.0,0.009999999999999998,0.0,0.0,0.0,0.0,0.0,0.009999999999999998,0.009999999999999998,0.0,0.0,0.0,0.039999999999999994,0.0,0.009999999999999998,0.0,0.03,0.009999999999999998,0.0,0.0,0.0,0.0,0.0,0.009999999999999998,0.05,0.0,0,0,1.0,0.125,0,0.0,0,0.0,0.0,0.3968,easy,5.323,0,0,1,0,1,0,0,0,0,0,0,1,0,0,0,0,0,0,0,0,0
116,58,3,5d482ea721c9be351f762f61,2020-04-27 21:11:37.385000+00:00,the guy did not have to come at his wife like that ,0.714285714,1,0.142857143,7,the guy did not have to come at his wife like that. ,3,12,51,1,-0.17144122773605125,-0.020567251744743158,0.0,0.0,0.0,0.0,0.0,0.01,0.0,0.0,0.0,0.0,0.01,0.01,0.0,0.0,0.0,0.0,0.0,0.01,0.0,0.0,0.01,0.0,0.01,0.02,0.0,0.01,0.02,0.0,0.0,0.0,0.03,0.01,0.0,0.0,0.0,0.0,0.0,0.0,0.0,0.0,0.01,0.03,0.0,0.01,0.0,0.02,0.02,0.02,0.0,0.0,0.0,0.01,0.0,0.08,0.0,0,0,1.0,0.0,0,0.0,0,0.0,0.0,0.5952,easy,3.087,0,0,0,0,0,0,0,0,0,0,0,0,0,0,0,0,0,1,0,0,0
116,58,3,5ea6fb5e002f966295b2008c,2020-04-27 21:11:42.639000+00:00,hey guys my first impression is that the poster is not an asshole for expecting a little help from her husband every once in a while,0.714285714,1,0.142857143,7,hey guys. my first impression is that the poster is not an asshole for expecting a little help from her husband every once in a while.,4,26,132,1,1.101886585302809,1.449991248004394,0.01,0.0,0.0,0.01,0.01,0.0,0.0,0.01,0.0,0.0,0.01,0.01,0.01,0.0,0.0,0.0,0.0,0.01,0.0,0.01,0.01,0.0,0.01,0.02,0.0,0.0,0.05,0.0,0.0,0.0,0.05,0.01,0.0,0.0,0.0,0.0,0.01,0.01,0.0,0.0,0.01,0.02,0.0,0.04,0.0,0.02,0.030000000000000002,0.030000000000000002,0.0,0.0,0.0,0.02,0.01,0.15,0.01,0,0,0.9230769230769231,0.038461538461538464,3,0.0,1,0.41666666666666663,0.03125,1.2895999999999999,easy,5.254,0,0,0,0,0,0,0,0,0,0,1,0,0,0,1,0,0,0,0,0,0
116,58,3,5ea735f63ecdad5547202cb0,2020-04-27 21:11:42.735000+00:00,i dont think this person is that asshole  the,0.714285714,1,0.142857143,7,i don't think this person is that asshole.  the*,5,9,45,1,-0.5632344009787775,-0.473046790129093,0.0,0.0,0.0,0.0,0.0,0.0,0.0,0.0,0.0,0.0,0.0,0.01,0.01,0.0,0.0,0.0,0.0,0.0,0.0,0.0,0.0,0.01,0.01,0.03,0.0,0.0,0.0,0.0,0.0,0.0,0.01,0.02,0.0,0.0,0.0,0.0,0.01,0.01,0.0,0.0,0.0,0.03,0.0,0.01,0.0,0.02,0.01,0.0,0.0,0.0,0.0,0.0,0.01,0.049999999999999996,0.0,0,0,1.0,0.1111111111111111,3,0.0003202049311559398,0,0.0,0.0,0.44639999999999996,easy,0.096,0,0,1,0,1,0,0,0,0,0,0,1,0,0,0,0,0,0,0,0,0
116,58,3,5ea7381c3ecdad5547203134,2020-04-27 21:12:06.376000+00:00,im sorry but  i think she is an asshole,0.714285714,1,0.142857143,7,"i'm sorry, but  i think she is an asshole.",6,9,39,1,-0.5632344009787775,-0.473046790129093,0.0,0.0,0.0,0.01,0.0,0.0,0.0,0.0,0.0,0.0,0.01,0.0,0.01,0.0,0.0,0.0,0.0,0.0,0.0,0.0,0.0,0.01,0.0,0.02,0.0,0.0,0.0,0.0,0.0,0.0,0.01,0.0,0.0,0.0,0.0,0.0,0.01,0.01,0.0,0.0,0.01,0.02,0.0,0.01,0.01,0.01,0.02,0.0,0.0,0.0,0.0,0.0,0.01,0.049999999999999996,0.0,0,0,1.0,0.1111111111111111,1,0.0008238201029820396,0,1.0,-0.5,0.44639999999999996,easy,23.641,0,0,1,0,1,0,0,0,1,0,1,1,0,0,0,0,1,0,1,0,0
116,58,3,5ea6fc58002f966295b20107,2020-04-27 21:12:07.440000+00:00,i think he should be willing to help out his wife and her family,0.714285714,1,0.142857143,7,i think he should be willing to help out his wife and her family,7,14,64,1,-0.07349293442536971,0.09255263285134431,0.01,0.0,0.01,0.01,0.0,0.02,0.0,0.0,0.0,0.0,0.03,0.0,0.0,0.0,0.0,0.0,0.0,0.02,0.0,0.0,0.0,0.01,0.0,0.01,0.01,0.0,0.01,0.0,0.0,0.0,0.07,0.0,0.0,0.0,0.0,0.0,0.0,0.01,0.0,0.0,0.0,0.03,0.0,0.0,0.01,0.02,0.04,0.02,0.0,0.0,0.0,0.01,0.01,0.09,0.0,0,0,1.0,0.07142857142857142,0,0.0005036151718260998,0,0.75,0.25,0.6944,easy,1.064,0,0,1,0,1,0,0,0,0,0,0,1,0,0,0,0,0,1,0,0,0
116,58,3,5ea6fb5e002f966295b2008c,2020-04-27 21:12:16.097000+00:00,its a little difficult to judge since we arent given the frequency of the translation calls or how the husband would describe the situation horse why do you think so,0.714285714,1,0.142857143,7,"it's a little difficult to judge since we aren't given the frequency of the translation calls or how the husband would describe the situation. @horse, why do you think so?",8,30,165,1,1.4936797585455353,1.902470786388744,0.01,0.0,0.0,0.029999999999999995,0.0,0.01,0.0,0.0,0.02,0.0,0.0,0.01,0.0,0.0,0.0,0.0,0.0,0.01,0.01,0.0,0.0,0.01,0.0,0.04,0.01,0.01,0.01,0.0,0.0,0.0,0.049999999999999996,0.01,0.0,0.0,0.0,0.029999999999999995,0.0,0.0,0.0,0.01,0.01,0.05999999999999999,0.0,0.049999999999999996,0.01,0.029999999999999995,0.07,0.029999999999999995,0.01,0.0,0.01,0.01,0.01,0.15,0.01,0,0,0.9,0.03333333333333333,1,0.0003484320557491289,1,0.75,-0.34375,1.488,easy,8.657,0,0,1,0,1,0,0,0,0,1,0,0,1,0,0,0,0,0,1,0,0
116,58,3,5ea735f63ecdad5547202cb0,2020-04-27 21:12:26.125000+00:00,true brightcamel,0.714285714,1,0.142857143,7,true brightcamel,9,2,16,1,-1.1509241608428669,-1.1517660977056179,0.0,0.0,0.0,0.0,0.01,0.0,0.0,0.0,0.0,0.0,0.0,0.0,0.0,0.0,0.0,0.01,0.0,0.0,0.0,0.0,0.02,0.0,0.0,0.0,0.0,0.0,0.0,0.0,0.0,0.0,0.0,0.0,0.0,0.0,0.0,0.0,0.0,0.0,0.0,0.0,0.0,0.0,0.0,0.0,0.0,0.0,0.01,0.0,0.0,0.01,0.0,0.0,0.0,0.0,0.0,0,0,1.0,0.0,0,0.0,0,0.65,0.35,0.0992,easy,10.028,0,0,0,0,0,0,0,0,0,0,0,0,0,0,0,0,0,0,0,0,0
116,58,3,5ea6fb5e002f966295b2008c,2020-04-27 21:12:29.857000+00:00,other inquisitivehorse,0.714285714,1,0.142857143,7,*other inquisitivehorse,10,2,22,1,-1.1509241608428669,-1.1517660977056179,0.0,0.0,0.0,0.0,0.0,0.0,0.0,0.0,0.0,0.0,0.0,0.0,0.0,0.0,0.0,0.0,0.0,0.0,0.0,0.0,0.0,0.0,0.0,0.0,0.0,0.0,0.0,0.0,0.0,0.0,0.0,0.01,0.0,0.0,0.0,0.0,0.0,0.0,0.0,0.0,0.0,0.0,0.0,0.0,0.0,0.0,0.0,0.0,0.0,0.0,0.0,0.0,0.0,0.01,0.0,0,0,1.0,0.0,0,0.0,0,0.375,-0.125,11.630700000000001,difficult,3.732,0,0,0,0,0,0,0,0,0,0,0,0,0,0,0,0,0,0,0,0,0
116,58,3,5ea7338a3ecdad5547202357,2020-04-27 21:12:29.936000+00:00,i dont think she was being an asshole but she has different expectations of family interactions than him,0.714285714,1,0.142857143,7,"i don't think she was being an asshole, but she has different expectations of family interactions than him.",11,18,104,1,0.31830023881735653,0.5450321712356941,0.01,0.0,0.01,0.01,0.0,0.0,0.0,0.0,0.0,0.0,0.030000000000000002,0.01,0.01,0.0,0.0,0.0,0.0,0.01,0.0,0.0,0.0,0.01,0.0,0.030000000000000002,0.0,0.01,0.0,0.0,0.0,0.0,0.05,0.0,0.0,0.0,0.0,0.0,0.01,0.01,0.0,0.0,0.01,0.05,0.0,0.01,0.01,0.04,0.030000000000000002,0.02,0.0,0.0,0.0,0.0,0.01,0.11,0.0,0,0,0.9444444444444444,0.05555555555555555,0,0.0,0,0.6,0.0,6.283744444444444,difficult,0.079,0,0,1,0,1,0,0,0,0,0,0,1,0,0,0,0,0,0,0,0,0
116,58,3,5d482ea721c9be351f762f61,2020-04-27 21:12:32.395000+00:00,i do t know the frequency how much the mothers calls but if its that serious then he should sit with both and discuss it ,0.714285714,1,0.142857143,7,i do t know the frequency how much the mother‚äôs calls but if it‚äôs that serious then he should sit with both and discuss it .,12,25,121,1,1.0039382919921274,1.3368713634083065,0.02,0.0,0.0,0.05,0.0,0.03,0.0,0.0,0.01,0.0,0.01,0.0,0.0,0.0,0.0,0.0,0.0,0.01,0.01,0.02,0.0,0.01,0.0,0.02,0.01,0.0,0.03,0.0,0.0,0.0,0.04,0.03,0.0,0.0,0.0,0.01,0.0,0.01,0.0,0.01,0.02,0.03,0.0,0.02,0.02,0.02,0.08,0.01,0.0,0.0,0.0,0.0,0.01,0.17,0.0,0,0,0.96,0.04,1,0.00015518311607697082,0,0.43333333333333335,-0.06666666666666665,1.24,easy,2.459,0,0,1,0,0,0,0,0,0,0,0,1,0,0,0,0,0,0,0,0,0
116,58,3,5ea6fc58002f966295b20107,2020-04-27 21:12:37.845000+00:00,yah,0.714285714,1,0.142857143,7,yah,13,1,3,1,-1.2488724541535483,-1.2648859823017053,0.0,0.0,0.0,0.0,0.0,0.0,0.0,0.0,0.0,0.0,0.0,0.0,0.0,0.0,0.0,0.0,0.0,0.0,0.0,0.0,0.0,0.0,0.0,0.0,0.0,0.0,0.0,0.0,0.0,0.0,0.0,0.0,0.0,0.0,0.0,0.0,0.0,0.0,0.0,0.0,0.0,0.0,0.0,0.0,0.0,0.0,0.0,0.0,0.0,0.0,0.0,0.0,0.0,0.0,0.0,0,0,1.0,0.0,0,0.0,0,0.0,0.0,0.0496,easy,5.45,0,0,0,0,0,0,0,0,0,0,0,0,0,0,0,0,0,0,0,0,0
116,58,3,5ea7381c3ecdad5547203134,2020-04-27 21:12:37.896000+00:00,he should absolutely be willing to help out his wife but she should be willing to help out her family as well i come from an immigrant family,0.714285714,1,0.142857143,7,he should absolutely be willing to help out his wife! but she should be willing to help out her family as well i come from an immigrant family,14,28,141,1,1.2977831719241721,1.6762310171965689,0.019999999999999997,0.0,0.019999999999999997,0.019999999999999997,0.009999999999999998,0.03,0.0,0.0,0.019999999999999997,0.0,0.039999999999999994,0.0,0.0,0.0,0.0,0.0,0.0,0.03,0.0,0.0,0.009999999999999998,0.0,0.0,0.009999999999999998,0.019999999999999997,0.0,0.03,0.0,0.0,0.0,0.11,0.0,0.0,0.0,0.0,0.0,0.0,0.009999999999999998,0.0,0.0,0.009999999999999998,0.05,0.0,0.009999999999999998,0.019999999999999997,0.039999999999999994,0.06999999999999999,0.06,0.0,0.0,0.0,0.03,0.009999999999999998,0.16999999999999998,0.0,0,0,0.75,0.03571428571428571,0,0.0,0,0.75,0.25,1.3888,easy,0.051,0,0,1,0,0,0,0,0,0,0,1,0,0,0,0,0,0,1,0,0,0
117,59,0,5ea798e821028d2296a4ab67,2020-04-28 03:48:04.892000+00:00,i dont think she is the asshole she is working and going to school its the least he could do,1.0,1,0.142857143,7,i dont think she is the asshole. she is working and going to school? its the least he could do,1,20,92,1,0.5141968254387196,-0.22382110331722654,0.01,0.0,0.0,0.01,0.0,0.01,0.0,0.01,0.0,0.0,0.03,0.01,0.01,0.0,0.0,0.0,0.0,0.0,0.0,0.01,0.0,0.01,0.0,0.05,0.0,0.0,0.01,0.0,0.0,0.0,0.03,0.01,0.0,0.02,0.0,0.0,0.01,0.01,0.0,0.0,0.0,0.06,0.0,0.02,0.01,0.05,0.03,0.01,0.0,0.0,0.0,0.0,0.01,0.12,0.0,1,0,0.85,0.05,0,0.0,0,0.4,-0.3,0.992,easy,0.0,0,0,1,0,1,0,0,0,0,0,0,1,0,0,0,0,0,0,0,0,0
117,59,0,5d482ea721c9be351f762da7,2020-04-28 03:48:21.369000+00:00,for lack of a better description id label this person a weak asshole which sounds like something youd need to see a doctor about,1.0,1,0.142857143,7,"for lack of a better description, i'd label this person a ""weak asshole"", which sounds like something you'd need to see a doctor about.",2,24,128,1,1.0039382919921274,0.28207591102992957,0.02,0.01,0.0,0.0,0.0,0.0,0.02,0.01,0.01,0.0,0.0,0.0,0.01,0.0,0.02,0.01,0.0,0.0,0.01,0.01,0.02,0.0,0.01,0.02,0.0,0.0,0.0,0.0,0.0,0.0,0.02,0.03,0.0,0.01,0.0,0.0,0.01,0.0,0.0,0.01,0.01,0.03,0.0,0.03,0.0,0.01,0.03,0.04,0.0,0.02,0.01,0.05,0.0,0.09,0.0,0,0,0.9166666666666666,0.0,1,0.0003202049311559398,0,0.5625,0.0625,1.1904,easy,16.477,0,0,0,0,0,0,0,0,0,0,1,0,1,0,0,0,0,1,1,0,0
117,59,0,5d482ea621c9be351f762b21,2020-04-28 03:48:38.011000+00:00,i think she is the asshole shes pushing off what she doesnt want to do,1.0,1,0.142857143,7,i think she is the asshole... she's pushing off what she doesn't want to do,3,15,70,1,0.024455358885311848,-0.7297181176643827,0.009999999999999998,0.0,0.0,0.0,0.0,0.0,0.0,0.0,0.009999999999999998,0.0,0.03,0.009999999999999998,0.009999999999999998,0.0,0.0,0.0,0.0,0.0,0.0,0.0,0.0,0.009999999999999998,0.0,0.06,0.0,0.0,0.019999999999999997,0.0,0.0,0.0,0.03,0.009999999999999998,0.0,0.0,0.0,0.0,0.009999999999999998,0.009999999999999998,0.0,0.0,0.0,0.06,0.0,0.009999999999999998,0.0,0.039999999999999994,0.019999999999999997,0.019999999999999997,0.0,0.0,0.0,0.0,0.009999999999999998,0.08999999999999998,0.0,0,0,0.9333333333333333,0.06666666666666667,1,0.0003202049311559398,0,0.0,0.0,0.744,easy,16.642,0,0,1,0,1,0,0,0,0,0,0,1,0,0,0,0,0,0,0,0,0
117,59,0,5ea798e821028d2296a4ab67,2020-04-28 03:48:58.766000+00:00,lol yeah she should be more considerate maybe but how often are we talking about like every day every week,1.0,1,0.142857143,7,"lol yeah she should be more considerate maybe, but how often are we talking about? like every day, every week?",4,20,106,1,0.5141968254387196,-0.22382110331722654,0.01,0.0,0.0,0.02,0.02,0.01,0.0,0.0,0.04,0.0,0.01,0.0,0.0,0.0,0.0,0.0,0.0,0.0,0.0,0.030000000000000002,0.02,0.0,0.0,0.01,0.01,0.0,0.02,0.0,0.0,0.0,0.030000000000000002,0.0,0.0,0.0,0.0,0.01,0.0,0.0,0.0,0.02,0.01,0.030000000000000002,0.0,0.0,0.01,0.030000000000000002,0.08,0.01,0.01,0.0,0.0,0.02,0.01,0.09,0.01,2,0,0.95,0.05,1,0.0,1,0.6,0.65,1.7815,easy,20.755,0,0,1,0,0,0,0,0,0,1,0,0,0,0,0,0,0,1,0,0,0
117,59,0,5ea7a0ae21028d2296a4ccb3,2020-04-28 03:49:07.193000+00:00,as someone who does translation regularly it can be a tiring thing to do when youre not mentally prepared the husband may be able to help but it shouldnt be the default without her asking i think she is being an asshole to assume,1.0,1,0.142857143,7,"as someone who does translation regularly, it can be a tiring thing to do when you're not mentally prepared. the husband may be able to help but it shouldn't be the default without her asking. i think she is being an asshole to assume.",5,44,229,1,2.864955864895077,2.204484565549123,0.01,0.0,0.0,0.03,0.0,0.0,0.01,0.01,0.01,0.0,0.02,0.03,0.01,0.0,0.01,0.0,0.0,0.01,0.0,0.0,0.0,0.02,0.0,0.06,0.02,0.0,0.01,0.0,0.0,0.0,0.08,0.049999999999999996,0.0,0.0,0.0,0.0,0.01,0.01,0.0,0.03,0.03,0.12,0.0,0.04,0.01,0.11,0.08,0.049999999999999996,0.0,0.0,0.01,0.01,0.01,0.25,0.0,0,0,0.8636363636363636,0.022727272727272728,5,0.0,0,0.3006410256410256,0.18333333333333335,2.1824,easy,8.427,0,0,1,0,1,0,0,0,0,0,1,0,1,0,0,0,0,0,1,0,0
117,59,0,5d482ea721c9be351f762da7,2020-04-28 03:49:28.685000+00:00,it sounds like she could make more of an effort to help with translation duties but at the same time i can see where shes in school and busy and her husband speaks the language and has more free time   some sort of compromise should have been reached by now,1.0,1,0.142857143,7,"it sounds like she could make more of an effort to help with translation duties, but at the same time i can see where she's in school and busy, and her husband speaks the language and has more free time.   some sort of compromise should have been reached by now.",6,50,257,1,3.4526456247591666,2.81156098276571,0.02,0.02,0.0,0.04,0.0,0.04,0.0,0.01,0.02,0.0,0.03,0.0,0.0,0.0,0.0,0.01,0.0,0.01,0.0,0.04,0.02,0.0,0.0,0.06,0.01,0.01,0.06999999999999999,0.0,0.01,0.0,0.06999999999999999,0.01,0.0,0.03,0.01,0.01,0.0,0.01,0.0,0.02,0.01,0.09,0.0,0.03,0.04,0.06999999999999999,0.12,0.06999999999999999,0.0,0.03,0.0,0.02,0.01,0.29,0.01,0,0,0.88,0.02,9,0.013594315749301748,1,0.445,0.3,2.48,easy,21.492,0,0,1,0,0,0,0,0,0,0,1,0,0,0,0,0,0,1,0,0,0
117,59,0,5ea76026fd339b022f9cebba,2020-04-28 03:49:36.975000+00:00,well i think she is the asshole if its complex enough that google translate isnt working well enough then its a decent undertaking,1.0,1,0.142857143,7,"well. i think she is the asshole. if it's complex enough that google translate isn't working well enough, then it's a decent undertaking",7,23,130,1,0.8080417053707643,0.07971710529106714,0.01,0.0,0.0,0.02,0.0,0.0,0.0,0.01,0.02,0.0,0.01,0.01,0.01,0.0,0.0,0.0,0.0,0.0,0.0,0.02,0.02,0.02,0.0,0.030000000000000002,0.0,0.0,0.01,0.0,0.0,0.0,0.01,0.030000000000000002,0.0,0.01,0.0,0.0,0.01,0.01,0.0,0.01,0.01,0.030000000000000002,0.0,0.02,0.02,0.02,0.030000000000000002,0.0,0.0,0.0,0.0,0.060000000000000005,0.01,0.1,0.0,0,0,0.8695652173913043,0.043478260869565216,2,0.00015518311607697082,0,0.5166666666666666,-0.03333333333333333,1.8273217391304348,easy,8.29,0,0,1,0,1,0,0,0,0,0,1,0,0,0,0,0,0,1,1,0,0
117,59,0,5d482ea621c9be351f762b21,2020-04-28 03:49:37.264000+00:00,her parents should have learned english by now she could have even taught them its not her husbands job ,1.0,1,0.142857143,7,her parents should have learned english by now. she could have even taught them. it's not her husband's job. ,8,19,104,1,0.5141968254387196,-0.22382110331722654,0.02,0.0,0.0,0.0,0.0,0.0,0.0,0.0,0.02,0.0,0.030000000000000002,0.01,0.0,0.0,0.0,0.0,0.0,0.02,0.0,0.0,0.0,0.01,0.0,0.02,0.01,0.01,0.01,0.0,0.0,0.0,0.060000000000000005,0.01,0.0,0.030000000000000002,0.0,0.0,0.0,0.0,0.0,0.0,0.01,0.05,0.0,0.0,0.0,0.04,0.04,0.01,0.0,0.0,0.0,0.0,0.0,0.11,0.0,0,0,0.8947368421052632,0.0,2,0.0,0,0.0,0.0,0.9424,easy,0.289,0,0,1,0,0,0,0,0,0,0,0,0,0,0,0,0,0,0,0,0,0
117,59,0,5ea76026fd339b022f9cebba,2020-04-28 03:49:40.451000+00:00, i think he should be willing to do it every so often but if he started out fine with it and now has changed then it must be a decent amount of work,1.0,1,0.142857143,7,". i think he should be willing to do it every so often, but if he started out fine with it, and now has changed, then it must be a decent amount of work.",9,33,148,1,1.7875246384775798,1.0915111339853794,0.030000000000000002,0.0,0.0,0.05,0.02,0.030000000000000002,0.0,0.0,0.030000000000000002,0.0,0.02,0.0,0.0,0.0,0.0,0.0,0.0,0.0,0.0,0.01,0.01,0.01,0.0,0.030000000000000002,0.02,0.02,0.05,0.0,0.0,0.0,0.030000000000000002,0.030000000000000002,0.0,0.0,0.0,0.01,0.0,0.01,0.0,0.02,0.02,0.09000000000000001,0.0,0.01,0.030000000000000002,0.060000000000000005,0.11,0.04,0.0,0.0,0.0,0.05,0.01,0.22,0.0,0,0,0.8787878787878788,0.030303030303030304,1,0.006329113924050633,0,0.6388888888888888,0.2777777777777778,1.6368,easy,3.187,0,0,1,0,1,0,0,0,0,0,0,1,0,0,0,0,0,1,0,0,0
118,59,1,5ea798e821028d2296a4ab67,2020-04-28 04:02:43.089000+00:00,i think he is an asshole for not going to his wife first,0.857142857,0,0.0,7,i think he is an asshole for not going to his wife first,1,13,56,1,-0.17144122773605125,-0.5527918261347254,0.0,0.0,0.0,0.0,0.0,0.0,0.0,0.01,0.0,0.0,0.02,0.01,0.01,0.0,0.0,0.0,0.0,0.01,0.0,0.0,0.0,0.01,0.0,0.02,0.0,0.0,0.02,0.0,0.0,0.0,0.030000000000000002,0.0,0.0,0.0,0.0,0.0,0.01,0.01,0.0,0.0,0.01,0.02,0.0,0.01,0.0,0.01,0.02,0.02,0.0,0.0,0.0,0.0,0.01,0.08,0.0,0,0,1.0,0.07692307692307693,0,0.0,0,0.3333333333333333,0.25,0.6447999999999999,easy,0.0,0,0,1,0,1,0,0,0,0,0,0,1,0,0,0,0,0,0,0,0,0
118,59,1,5d482ea721c9be351f762ce8,2020-04-28 04:02:44.767000+00:00,this is an everyone is an asshole situation,0.857142857,0,0.0,7,this is an everyone is an asshole situation,2,8,43,1,-0.5632344009787775,-0.9494516097733835,0.0,0.0,0.0,0.0,0.0,0.0,0.0,0.0,0.0,0.0,0.0,0.0,0.01,0.0,0.0,0.0,0.0,0.0,0.0,0.0,0.0,0.0,0.0,0.02,0.0,0.0,0.0,0.0,0.0,0.0,0.01,0.02,0.0,0.0,0.0,0.0,0.01,0.0,0.0,0.0,0.0,0.02,0.0,0.02,0.0,0.02,0.0,0.0,0.0,0.0,0.0,0.0,0.0,0.049999999999999996,0.0,0,0,0.75,0.0,4,0.0003202049311559398,0,0.0,0.0,0.3968,easy,1.678,0,0,0,0,0,0,0,0,0,0,0,0,0,0,0,0,0,0,0,0,0
118,59,1,5ea76026fd339b022f9cebba,2020-04-28 04:02:46.961000+00:00,while i dont think hes trying to be one i think the way he comes off makes him the asshole  i think instead of pressuring her to learn english he could have started by saying that hes not going to be able to be as available as a translator,0.857142857,0,0.0,7,"while i don't think he's trying to be one, i think the way he comes off makes him the asshole.  i think instead of pressuring her to learn english, he could have started by saying that he's not going to be able to be as available as a translator",3,49,239,1,3.158800744827122,2.8188163347938677,0.01,0.01,0.0,0.030000000000000002,0.0,0.0,0.0,0.02,0.01,0.01,0.060000000000000005,0.02,0.01,0.0,0.0,0.0,0.0,0.0,0.0,0.0,0.0,0.04,0.0,0.09000000000000001,0.0,0.01,0.060000000000000005,0.0,0.0,0.0,0.07,0.01,0.0,0.01,0.0,0.01,0.01,0.030000000000000002,0.0,0.0,0.01,0.14,0.0,0.030000000000000002,0.0,0.08,0.07,0.09000000000000001,0.0,0.01,0.0,0.02,0.030000000000000002,0.26,0.0,0,0,0.7346938775510204,0.061224489795918366,0,0.0003202049311559398,0,0.3416666666666666,0.3,2.4304,easy,2.194,0,0,1,0,1,0,0,0,0,0,1,0,0,0,0,0,0,1,0,0,0
118,59,1,5d482ea721c9be351f762da7,2020-04-28 04:03:01.416000+00:00,i agree with inquisitivegorilla everyone here is an asshole,0.857142857,0,0.0,7,i agree with inquisitivegorilla everyone here is an asshole,4,9,59,1,-0.5632344009787775,-0.9494516097733835,0.0,0.0,0.0,0.0,0.0,0.01,0.0,0.0,0.01,0.0,0.0,0.0,0.01,0.0,0.0,0.0,0.0,0.0,0.0,0.0,0.01,0.0,0.0,0.01,0.0,0.0,0.0,0.0,0.0,0.0,0.01,0.01,0.0,0.0,0.0,0.0,0.01,0.01,0.0,0.0,0.0,0.01,0.0,0.01,0.0,0.01,0.01,0.01,0.0,0.0,0.0,0.0,0.01,0.049999999999999996,0.0,0,0,1.0,0.1111111111111111,0,0.0004753880472329106,0,0.0,0.0,5.837344444444444,medium,14.455,0,0,0,0,0,0,0,0,0,0,0,1,0,0,0,0,0,0,0,0,0
118,59,1,5ea7a0ae21028d2296a4ccb3,2020-04-28 04:03:07.074000+00:00,i feel that he is an asshole because when it comes time to express his opinions even if he is coming from a valid place he comes across as rude and irritable ,0.857142857,0,0.0,7,"i feel that he is an asshole because when it comes time to express his opinions, even if he is coming from a valid place he comes across as rude and irritable. ",5,32,158,1,1.6895763451668984,1.3313421461489003,0.01,0.0,0.0,0.05,0.0,0.01,0.0,0.0,0.02,0.01,0.04,0.0,0.01,0.0,0.0,0.0,0.0,0.0,0.02,0.0,0.0,0.01,0.0,0.05,0.0,0.0,0.07,0.0,0.0,0.0,0.05,0.02,0.0,0.0,0.0,0.01,0.02,0.01,0.01,0.01,0.01,0.05,0.0,0.02,0.02,0.02,0.04,0.04,0.0,0.01,0.0,0.01,0.01,0.18,0.0,0,0,0.875,0.03125,3,0.0004753880472329106,0,0.6,-0.3,1.5872,easy,5.658,0,0,1,0,1,0,0,0,0,0,0,1,0,0,0,0,0,0,1,0,0
118,59,1,5d482ea721c9be351f762da7,2020-04-28 04:03:13.032000+00:00,he definitely comes off as a jerk,0.857142857,0,0.0,7,he definitely comes off as a jerk.,6,7,33,1,-0.6611826942894591,-1.048616555683048,0.0,0.0,0.0,0.01,0.01,0.0,0.0,0.0,0.01,0.0,0.01,0.0,0.0,0.0,0.0,0.0,0.0,0.0,0.01,0.0,0.01,0.0,0.0,0.01,0.0,0.0,0.02,0.0,0.0,0.0,0.01,0.0,0.0,0.0,0.0,0.0,0.01,0.0,0.0,0.0,0.0,0.01,0.0,0.01,0.0,0.0,0.01,0.02,0.0,0.0,0.0,0.01,0.0,0.04,0.0,0,0,1.0,0.0,3,0.019230769230769232,0,0.5,0.0,0.3472,easy,5.958,0,0,0,0,0,0,0,0,0,0,0,0,0,0,0,0,0,0,1,0,0
118,59,1,5ea76026fd339b022f9cebba,2020-04-28 04:03:33.951000+00:00,that puts the power in the mother in law where she can decide what to do to solve the problem of not having her son in law as a translator,0.857142857,0,0.0,7,"that puts the power in the mother in law, where she can decide what to do to solve the problem of not having her son in law as a translator",7,30,138,1,1.5916280518562167,1.2321772002392357,0.01,0.0,0.0,0.01,0.0,0.0,0.0,0.02,0.01,0.0,0.02,0.01,0.0,0.0,0.0,0.0,0.0,0.02,0.0,0.0,0.0,0.02,0.0,0.02,0.0,0.0,0.049999999999999996,0.0,0.0,0.0,0.04,0.02,0.0,0.0,0.0,0.01,0.0,0.0,0.0,0.0,0.01,0.029999999999999995,0.0,0.04,0.0,0.029999999999999995,0.05999999999999999,0.06999999999999999,0.0,0.0,0.0,0.01,0.0,0.19999999999999998,0.0,0,0,0.8,0.0,2,0.0,0,0.0,0.0,1.488,easy,20.919,0,0,0,0,0,0,0,0,0,0,0,0,0,0,0,0,0,0,1,0,0
118,59,1,5ea798e821028d2296a4ab67,2020-04-28 04:03:38.308000+00:00,yeah 8 years is a bit much to still need help with simple things like is the family even trying,0.857142857,0,0.0,7,"yeah, 8 years is a bit much to still need help with simple things. like is the family even trying?",8,20,95,1,0.6121451187494011,0.24052774114259062,0.009999999999999998,0.0,0.009999999999999998,0.0,0.0,0.009999999999999998,0.0,0.009999999999999998,0.019999999999999997,0.0,0.0,0.0,0.0,0.0,0.0,0.0,0.0,0.009999999999999998,0.0,0.03,0.009999999999999998,0.0,0.0,0.03,0.0,0.0,0.019999999999999997,0.0,0.0,0.0,0.019999999999999997,0.009999999999999998,0.0,0.0,0.0,0.0,0.0,0.0,0.0,0.0,0.0,0.03,0.0,0.019999999999999997,0.0,0.019999999999999997,0.019999999999999997,0.019999999999999997,0.0,0.0,0.0,0.019999999999999997,0.0,0.06,0.0,1,0,0.95,0.0,3,0.0,0,0.2785714285714286,0.1,0.992,easy,4.357,0,0,0,0,0,0,0,0,0,0,0,0,0,0,0,0,0,1,0,0,0
118,59,1,5ea7a0ae21028d2296a4ccb3,2020-04-28 04:03:43.315000+00:00,he comes across as a jerk even in his online posts,0.857142857,0,0.0,7,he comes across as a jerk even in his online posts.,9,11,50,1,-0.2693895210467328,-0.65195677204439,0.0,0.0,0.0,0.01,0.0,0.0,0.0,0.0,0.01,0.0,0.02,0.0,0.0,0.0,0.0,0.0,0.0,0.0,0.01,0.0,0.0,0.0,0.0,0.01,0.0,0.0,0.03,0.0,0.0,0.0,0.02,0.0,0.0,0.0,0.0,0.0,0.01,0.0,0.0,0.0,0.0,0.01,0.0,0.01,0.0,0.0,0.0,0.03,0.0,0.0,0.0,0.01,0.0,0.05,0.0,0,0,1.0,0.0,1,0.0030581039755351682,0,0.0,0.0,0.5456,easy,5.007,0,0,0,0,0,0,0,0,0,0,0,0,0,0,0,0,0,0,1,0,0
118,59,1,5d482ea721c9be351f762ce8,2020-04-28 04:03:49.313000+00:00,the parants should not be putting the burden on the entire family the wife should not be pushing it on her husband and he should just not answer like the rest of the family probably does,0.857142857,0,0.0,7,the parants should not be putting the burden on the entire family. the wife should not be pushing it on her husband and he should just not answer like the rest of the family probably does,10,36,186,1,2.1793178117203063,1.8271668756972228,0.030000000000000002,0.0,0.020000000000000004,0.010000000000000002,0.010000000000000002,0.010000000000000002,0.0,0.0,0.030000000000000002,0.0,0.020000000000000004,0.030000000000000002,0.0,0.0,0.0,0.0,0.0,0.04000000000000001,0.0,0.020000000000000004,0.010000000000000002,0.010000000000000002,0.0,0.010000000000000002,0.030000000000000002,0.0,0.04000000000000001,0.0,0.0,0.0,0.060000000000000005,0.010000000000000002,0.0,0.0,0.0,0.0,0.0,0.0,0.0,0.010000000000000002,0.04000000000000001,0.060000000000000005,0.0,0.060000000000000005,0.020000000000000004,0.060000000000000005,0.11000000000000001,0.030000000000000002,0.0,0.0,0.0,0.010000000000000002,0.0,0.23,0.010000000000000002,0,0,0.6666666666666666,0.0,1,0.0,1,0.625,0.0,1.7855999999999999,easy,5.998,0,0,1,0,0,0,0,0,0,0,0,0,0,0,0,0,0,1,1,0,0
118,59,1,5d482ea721c9be351f762d34,2020-04-28 04:03:58.861000+00:00,i totally agree he is an asshole how can you be that harsh on an older lady mind you its much easier to learn especially another language when young,0.857142857,0,0.0,7,i totally agree he is an asshole. how can you be that harsh on an older lady. mind you it's much easier to learn especially another language when young,11,29,148,1,1.3957314652348536,1.0338473084199067,0.0,0.0,0.0,0.02,0.01,0.0,0.0,0.0,0.04,0.0,0.01,0.0,0.01,0.0,0.0,0.0,0.0,0.0,0.0,0.01,0.02,0.01,0.01,0.02,0.0,0.0,0.04,0.0,0.0,0.0,0.05,0.02,0.0,0.01,0.0,0.01,0.01,0.01,0.0,0.0,0.0,0.030000000000000002,0.0,0.02,0.0,0.030000000000000002,0.04,0.02,0.0,0.0,0.02,0.01,0.01,0.15,0.0,1,0,0.9310344827586207,0.034482758620689655,3,0.0,0,0.5638888888888889,0.044444444444444446,1.4384,easy,9.548,0,0,0,0,0,0,0,0,0,0,0,1,1,0,0,0,0,1,1,0,1
118,59,1,5ea76026fd339b022f9cebba,2020-04-28 04:03:59.491000+00:00,he shouldnt have to translate but he shouldnt force he parents to learn english,0.857142857,0,0.0,7,"he shouldn't have to translate, but he shouldn't force he parents to learn english",12,14,79,1,0.024455358885311848,-0.35446193431539647,0.02,0.0,0.0,0.01,0.0,0.0,0.0,0.0,0.0,0.0,0.030000000000000002,0.02,0.0,0.0,0.0,0.0,0.0,0.01,0.0,0.0,0.0,0.01,0.0,0.01,0.02,0.0,0.0,0.0,0.0,0.0,0.04,0.0,0.0,0.01,0.0,0.01,0.0,0.0,0.0,0.0,0.01,0.030000000000000002,0.0,0.0,0.01,0.030000000000000002,0.05,0.02,0.0,0.0,0.0,0.0,0.0,0.07,0.0,0,0,0.7142857142857143,0.0,5,0.0011723329425556857,0,0.0,0.0,0.6944,easy,0.63,0,0,1,0,0,0,0,0,0,0,0,0,0,0,0,0,0,0,0,0,0
119,60,0,5d482ea421c9be351f762215,2020-04-28 03:22:11.442000+00:00,hi i thought that i would be really  hurt by being scolded about being disrespectful,0.8,2,0.4,5,"hi, i thought that i would be really  hurt by being scolded about being disrespectful.",1,15,84,1,-0.17144122773605125,-0.7171536808485947,0.009999999999999998,0.0,0.0,0.0,0.0,0.0,0.0,0.0,0.019999999999999997,0.0,0.0,0.0,0.0,0.0,0.0,0.0,0.0,0.0,0.009999999999999998,0.0,0.0,0.009999999999999998,0.0,0.0,0.009999999999999998,0.009999999999999998,0.0,0.0,0.0,0.009999999999999998,0.009999999999999998,0.009999999999999998,0.0,0.0,0.0,0.0,0.0,0.019999999999999997,0.0,0.0,0.009999999999999998,0.049999999999999996,0.0,0.0,0.009999999999999998,0.039999999999999994,0.03,0.019999999999999997,0.0,0.0,0.0,0.0,0.019999999999999997,0.07999999999999999,0.0,0,0,0.8666666666666667,0.2,0,0.0,0,0.2,0.2,0.744,easy,0.0,0,0,1,0,1,1,0,0,0,0,1,0,0,0,1,0,0,0,1,0,0
119,60,0,5d482ea621c9be351f76287d,2020-04-28 03:22:36.714000+00:00,i dont think the person is an asshole,0.8,2,0.4,5,i dont think the person is an asshole.,2,8,37,1,-0.6611826942894591,-1.2394900231989492,0.0,0.0,0.0,0.0,0.0,0.0,0.0,0.0,0.0,0.0,0.0,0.01,0.01,0.0,0.0,0.0,0.0,0.0,0.0,0.0,0.0,0.01,0.01,0.030000000000000002,0.0,0.0,0.0,0.0,0.0,0.0,0.01,0.0,0.0,0.0,0.0,0.0,0.01,0.01,0.0,0.0,0.0,0.030000000000000002,0.0,0.02,0.0,0.02,0.01,0.0,0.0,0.0,0.0,0.0,0.01,0.04,0.0,0,0,1.0,0.125,0,0.00015518311607697082,0,0.0,0.0,0.3968,easy,25.272,0,0,1,0,1,0,0,0,0,0,0,1,0,0,0,0,0,0,0,0,0
119,60,0,5d482ea421c9be351f7622cd,2020-04-28 03:22:48.311000+00:00,i feel that if the couple went to spend time with the mother and then excluded her from a dinner conversation that would make the couples more the asshole than the mother,0.8,2,0.4,5,"i feel that if the couple went to spend time with the mother, and then excluded her from a dinner conversation that would make the couples more the asshole than the mother.",3,32,170,1,1.6895763451668984,1.2677244200827524,0.02,0.0,0.0,0.03,0.0,0.02,0.01,0.0,0.0,0.0,0.01,0.0,0.01,0.0,0.0,0.0,0.0,0.02,0.0,0.02,0.0,0.01,0.0,0.02,0.01,0.01,0.03,0.0,0.0,0.0,0.04,0.02,0.0,0.0,0.01,0.01,0.01,0.01,0.01,0.01,0.02,0.04,0.0,0.06,0.01,0.01,0.06999999999999999,0.04,0.0,0.01,0.0,0.01,0.01,0.18,0.0,0,0,0.8125,0.03125,5,0.0004753880472329106,0,0.5,0.5,2.0806375,easy,11.597,0,0,1,0,1,0,0,0,0,0,0,1,0,0,0,0,0,0,0,0,0
119,60,0,5d482ea421c9be351f762215,2020-04-28 03:22:55.344000+00:00,asshole is kind of a strong term but i thought she handled it wrong,0.8,2,0.4,5,"asshole is kind of a strong term, but i thought she handled it wrong.",4,14,67,1,-0.07349293442536971,-0.6126864123785237,0.0,0.0,0.0,0.01,0.0,0.0,0.0,0.01,0.0,0.0,0.01,0.0,0.01,0.0,0.0,0.0,0.0,0.0,0.01,0.01,0.02,0.01,0.0,0.01,0.0,0.01,0.01,0.0,0.0,0.0,0.01,0.01,0.0,0.0,0.0,0.0,0.01,0.01,0.0,0.01,0.01,0.02,0.0,0.01,0.01,0.01,0.03,0.01,0.0,0.0,0.0,0.02,0.01,0.07,0.01,0,0,1.0,0.07142857142857142,1,0.0004753880472329106,1,0.8444444444444444,0.17777777777777773,0.6944,easy,7.033,0,0,1,0,1,0,0,0,0,0,1,0,0,0,0,0,1,1,1,0,0
119,60,0,5ea790d221028d2296a49375,2020-04-28 03:22:55.606000+00:00,i dont think the woman was an asshole in the end since they are living in her house they should respect whatever rules that she has including what makes her uncomfortable,0.8,2,0.4,5,"i don't think the woman was an asshole in the end, since they are living in her house. they should respect whatever ""rules"" that she has, including what makes her uncomfortable",5,31,170,1,1.5916280518562167,1.1632571516126815,0.01,0.0,0.01,0.0,0.0,0.01,0.01,0.0,0.0,0.01,0.03,0.01,0.01,0.0,0.01,0.0,0.0,0.0,0.0,0.0,0.01,0.01,0.01,0.049999999999999996,0.01,0.01,0.03,0.0,0.0,0.0,0.06,0.03,0.0,0.0,0.0,0.02,0.01,0.01,0.0,0.0,0.0,0.06999999999999999,0.0,0.03,0.0,0.049999999999999996,0.049999999999999996,0.03,0.0,0.0,0.0,0.01,0.01,0.17,0.0,0,0,0.8709677419354839,0.03225806451612903,1,0.0004753880472329106,0,1.0,-0.5,2.046954838709677,easy,0.262,0,0,1,0,1,0,0,0,0,0,0,1,0,0,0,0,0,1,1,0,0
119,60,0,5d482ea621c9be351f76287d,2020-04-28 03:23:11.744000+00:00,i think they should have been more considerate that she does not speak the language,0.8,2,0.4,5,i think they should have been more considerate that she does not speak the language.,6,15,83,1,0.024455358885311848,-0.5082191439084529,0.01,0.01,0.0,0.0,0.0,0.0,0.0,0.0,0.0,0.0,0.01,0.01,0.0,0.0,0.0,0.0,0.0,0.0,0.0,0.01,0.01,0.01,0.0,0.03,0.01,0.01,0.0,0.0,0.0,0.0,0.04,0.01,0.0,0.0,0.0,0.0,0.0,0.01,0.0,0.0,0.01,0.049999999999999996,0.0,0.01,0.0,0.04,0.03,0.0,0.0,0.01,0.0,0.01,0.01,0.11,0.0,0,0,1.0,0.06666666666666667,5,0.0005036151718260998,0,0.5,0.5,5.433166666666667,medium,16.138,0,0,1,0,1,0,0,0,0,0,0,1,0,0,0,0,0,1,0,0,0
119,60,0,5ea76260fd339b022f9cebd6,2020-04-28 03:23:13.280000+00:00,i think the dad was being disrespectful and could just ask for them to speak in english more not an asshole,0.8,2,0.4,5,"i think the dad was being disrespectful and could just ask for them to speak in english more, not an asshole",7,21,107,1,0.6121451187494011,0.11858446691197255,0.01,0.01,0.0,0.01,0.0,0.01,0.0,0.0,0.01,0.0,0.0,0.01,0.01,0.0,0.0,0.0,0.0,0.01,0.0,0.01,0.0,0.01,0.0,0.02,0.0,0.01,0.01,0.0,0.0,0.0,0.04,0.0,0.0,0.0,0.0,0.0,0.01,0.01,0.0,0.0,0.02,0.05,0.0,0.02,0.02,0.030000000000000002,0.05,0.030000000000000002,0.0,0.01,0.0,0.0,0.01,0.13,0.0,0,0,1.0,0.047619047619047616,2,0.0029081914959324722,0,0.25,0.25,1.0415999999999999,easy,1.536,0,0,1,0,1,0,0,0,0,0,0,1,0,0,0,0,0,0,1,0,0
119,60,0,5d482ea421c9be351f7621db,2020-04-28 03:23:15.317000+00:00,i think shes feels left out because theyre speaking another language ,0.8,2,0.4,5,i think she's feels left out because they're speaking another language ,8,11,69,1,-0.36733781435741436,-0.9260882177887365,0.0,0.01,0.0,0.01,0.0,0.01,0.0,0.0,0.0,0.0,0.01,0.0,0.0,0.0,0.0,0.0,0.0,0.0,0.0,0.0,0.0,0.02,0.0,0.04,0.0,0.0,0.02,0.0,0.0,0.0,0.04,0.0,0.0,0.0,0.0,0.01,0.0,0.01,0.01,0.0,0.0,0.04,0.0,0.0,0.01,0.02,0.04,0.01,0.0,0.02,0.0,0.0,0.01,0.029999999999999995,0.0,0,0,1.0,0.09090909090909091,0,0.0005036151718260998,0,0.0,0.0,0.5456,easy,2.037,0,0,1,0,1,0,0,0,0,0,0,1,0,0,0,0,0,0,0,0,0
119,60,0,5d482ea621c9be351f76287d,2020-04-28 03:23:53.107000+00:00,i believe anytime people speak a different language around someone like that there talking crap,0.8,2,0.4,5,"i believe anytime people speak a different language around someone like that, there talking crap.",9,15,95,1,0.024455358885311848,-0.5082191439084529,0.0,0.009999999999999998,0.0,0.0,0.0,0.009999999999999998,0.009999999999999998,0.0,0.019999999999999997,0.0,0.0,0.0,0.009999999999999998,0.0,0.0,0.0,0.009999999999999998,0.0,0.0,0.0,0.009999999999999998,0.009999999999999998,0.009999999999999998,0.009999999999999998,0.0,0.0,0.019999999999999997,0.0,0.0,0.0,0.049999999999999996,0.019999999999999997,0.0,0.0,0.0,0.0,0.009999999999999998,0.009999999999999998,0.0,0.019999999999999997,0.0,0.009999999999999998,0.0,0.009999999999999998,0.0,0.0,0.039999999999999994,0.009999999999999998,0.0,0.009999999999999998,0.0,0.019999999999999997,0.009999999999999998,0.039999999999999994,0.0,0,0,1.0,0.06666666666666667,0,0.0013732099126664958,0,0.7,-0.4,0.744,easy,37.79,0,0,1,0,0,0,0,0,0,0,0,1,0,0,0,0,0,1,1,0,0
119,60,0,5d482eab21c9be351f763ec5,2020-04-28 03:23:55.530000+00:00,i see both sides of the situation one one hand it is the persons house and they came to visit and spend time with the mother they should be speaking and engaging with her if anyone is being awkward it is the partner for ,0.8,2,0.4,5,"i see both sides of the situation. one one hand, it is the person's house and they came to visit and spend time with the mother. they should be speaking and engaging with her. if anyone is being awkward it is the partner for ",10,44,220,1,2.864955864895077,2.5213316417236036,0.02,0.01,0.01,0.04,0.0,0.06999999999999999,0.01,0.0,0.0,0.01,0.01,0.0,0.0,0.0,0.0,0.01,0.01,0.01,0.0,0.01,0.01,0.0,0.02,0.04,0.01,0.01,0.05,0.0,0.0,0.0,0.09000000000000001,0.030000000000000002,0.0,0.0,0.01,0.0,0.0,0.01,0.01,0.02,0.01,0.08,0.01,0.04,0.030000000000000002,0.060000000000000005,0.1,0.05,0.0,0.030000000000000002,0.0,0.01,0.01,0.26,0.0,0,0,0.75,0.022727272727272728,0,0.00015518311607697082,0,0.85,-0.09999999999999998,2.1824,easy,2.423,0,0,1,0,0,0,0,0,0,0,0,1,0,0,0,0,0,1,1,0,0
120,60,2,5ea76260fd339b022f9cebd6,2020-04-28 03:51:28.183000+00:00,i think the son should have just spoken both to make both of them comfortable,1.0,0,0.0,7,i think the son should have just spoken both to make both of them comfortable,1,15,77,1,0.024455358885311848,-0.20360481134510997,0.01,0.01,0.0,0.0,0.0,0.02,0.0,0.0,0.01,0.0,0.0,0.0,0.0,0.0,0.0,0.0,0.0,0.01,0.0,0.02,0.01,0.01,0.0,0.03,0.01,0.01,0.02,0.0,0.0,0.0,0.03,0.0,0.0,0.0,0.0,0.01,0.0,0.01,0.0,0.0,0.01,0.049999999999999996,0.0,0.01,0.01,0.02,0.06,0.02,0.0,0.01,0.0,0.01,0.01,0.09999999999999999,0.0,0,0,0.9333333333333333,0.06666666666666667,0,0.0,0,0.8,0.4,0.744,easy,0.0,0,0,1,0,1,0,0,0,0,0,0,1,0,0,0,0,0,1,0,0,0
120,60,2,5d482ea421c9be351f762215,2020-04-28 03:51:40.333000+00:00,she rarely spoke english or translated to english for her husband to her mother,1.0,0,0.0,7,she rarely spoke english or translated to english for her husband to her mother?,2,14,79,1,0.024455358885311848,-0.20360481134510997,0.0,0.01,0.0,0.01,0.0,0.0,0.0,0.0,0.01,0.0,0.030000000000000002,0.0,0.0,0.0,0.0,0.0,0.0,0.02,0.0,0.0,0.0,0.0,0.0,0.0,0.0,0.01,0.0,0.0,0.0,0.0,0.060000000000000005,0.0,0.0,0.0,0.0,0.0,0.0,0.0,0.0,0.01,0.01,0.01,0.0,0.0,0.0,0.0,0.01,0.030000000000000002,0.0,0.01,0.0,0.0,0.0,0.07,0.0,1,0,0.7857142857142857,0.0,2,0.0,0,0.3,0.09999999999999999,0.6944,easy,12.15,0,0,0,0,0,0,0,0,0,0,0,0,0,0,0,0,0,0,0,0,0
120,60,2,5d482ea621c9be351f76287d,2020-04-28 03:51:54.140000+00:00,i think the son is being an asshole,1.0,0,0.0,7,i think the son is being an asshole.,3,8,35,1,-0.6611826942894591,-1.0457883491817015,0.0,0.0,0.0,0.0,0.0,0.0,0.0,0.0,0.0,0.0,0.0,0.0,0.009999999999999998,0.0,0.0,0.0,0.0,0.009999999999999998,0.0,0.0,0.0,0.009999999999999998,0.0,0.019999999999999997,0.0,0.0,0.0,0.0,0.0,0.0,0.009999999999999998,0.0,0.0,0.0,0.0,0.0,0.009999999999999998,0.009999999999999998,0.0,0.0,0.0,0.03,0.0,0.019999999999999997,0.0,0.019999999999999997,0.009999999999999998,0.0,0.0,0.0,0.0,0.0,0.009999999999999998,0.049999999999999996,0.0,0,0,1.0,0.125,0,0.0,0,0.0,0.0,0.3968,easy,13.807,0,0,1,0,1,0,0,0,0,0,0,1,0,0,0,0,0,0,0,0,0
120,60,2,5d482ea421c9be351f7622cd,2020-04-28 03:52:01.793000+00:00,i think he is kind of the asshole he could translate and help his partner learn english while teaching the mom some german,1.0,0,0.0,7,i think he is kind of the asshole. he could translate and help his partner learn english while teaching the mom some german.,4,23,122,1,0.8080417053707643,0.7588906604681376,0.01,0.0,0.0,0.02,0.0,0.01,0.0,0.0,0.0,0.0,0.03,0.0,0.01,0.0,0.0,0.0,0.0,0.01,0.0,0.01,0.01,0.02,0.01,0.02,0.0,0.0,0.01,0.0,0.0,0.0,0.06,0.0,0.0,0.02,0.0,0.0,0.01,0.01,0.0,0.02,0.0,0.03,0.01,0.02,0.01,0.02,0.06,0.01,0.0,0.0,0.0,0.0,0.01,0.11,0.01,0,0,0.9130434782608695,0.043478260869565216,3,0.0008238201029820396,1,0.3,0.19999999999999998,1.1408,easy,7.653,0,0,1,0,1,0,0,0,0,0,0,1,0,0,0,0,0,0,0,0,0
120,60,2,5d482ea421c9be351f7621db,2020-04-28 03:52:12.270000+00:00,i think he is the asshole,1.0,0,0.0,7,i think he is the asshole,5,6,25,1,-0.8570792809108222,-1.2864122171350134,0.0,0.0,0.0,0.0,0.0,0.0,0.0,0.0,0.0,0.0,0.01,0.0,0.01,0.0,0.0,0.0,0.0,0.0,0.0,0.0,0.0,0.01,0.0,0.02,0.0,0.0,0.0,0.0,0.0,0.0,0.01,0.0,0.0,0.0,0.0,0.0,0.01,0.01,0.0,0.0,0.0,0.02,0.0,0.01,0.0,0.01,0.01,0.0,0.0,0.0,0.0,0.0,0.01,0.04,0.0,0,0,1.0,0.16666666666666666,3,0.0008238201029820396,0,0.0,0.0,0.2976,easy,10.477,0,0,1,0,1,0,0,0,0,0,0,1,0,0,0,0,0,0,0,0,0
120,60,2,5d482ea421c9be351f762215,2020-04-28 03:52:16.491000+00:00,its embarassing because i have the opposite opinion from last time maybe everyone agrees then,1.0,0,0.0,7,it's embarassing because i have the opposite opinion from last time. maybe everyone agrees then.,6,15,93,1,0.024455358885311848,-0.20360481134510997,0.0,0.0,0.0,0.020000000000000004,0.0,0.0,0.0,0.0,0.010000000000000002,0.0,0.0,0.0,0.0,0.0,0.0,0.0,0.0,0.0,0.0,0.0,0.010000000000000002,0.0,0.0,0.010000000000000002,0.0,0.0,0.030000000000000002,0.0,0.010000000000000002,0.0,0.010000000000000002,0.020000000000000004,0.0,0.0,0.0,0.010000000000000002,0.0,0.010000000000000002,0.0,0.020000000000000004,0.0,0.010000000000000002,0.0,0.010000000000000002,0.010000000000000002,0.010000000000000002,0.04000000000000001,0.010000000000000002,0.0,0.0,0.0,0.0,0.010000000000000002,0.07,0.010000000000000002,0,0,1.0,0.06666666666666667,1,0.00015518311607697082,1,0.03333333333333333,0.0,0.744,easy,4.221,0,0,1,0,0,0,0,0,0,0,1,0,0,0,0,0,0,0,0,0,0
120,60,2,5d482ea621c9be351f76287d,2020-04-28 03:52:20.233000+00:00,i think there are ways to make them both feel comfortable,1.0,0,0.0,7,i think there are ways to make them both feel comfortable.,7,11,57,1,-0.36733781435741436,-0.6848525472517337,0.0,0.0,0.0,0.0,0.0,0.009999999999999998,0.0,0.0,0.009999999999999998,0.0,0.0,0.0,0.0,0.0,0.0,0.0,0.0,0.0,0.0,0.009999999999999998,0.009999999999999998,0.019999999999999997,0.0,0.039999999999999994,0.0,0.0,0.009999999999999998,0.0,0.0,0.0,0.009999999999999998,0.0,0.0,0.0,0.0,0.009999999999999998,0.0,0.009999999999999998,0.009999999999999998,0.0,0.0,0.039999999999999994,0.0,0.0,0.0,0.009999999999999998,0.039999999999999994,0.009999999999999998,0.0,0.009999999999999998,0.0,0.009999999999999998,0.009999999999999998,0.05999999999999999,0.0,0,0,1.0,0.09090909090909091,0,0.00015518311607697082,0,0.8,0.4,0.5456,easy,3.742,0,0,1,0,1,0,0,0,0,0,0,1,0,0,0,0,0,1,0,0,0
120,60,2,5ea76260fd339b022f9cebd6,2020-04-28 03:52:22.455000+00:00,the sons bf should have been okay with being uncomfortable for just a little ,1.0,0,0.0,7,the sons bf should have been okay with being uncomfortable for just a little ,8,14,77,1,0.024455358885311848,-0.20360481134510997,0.01,0.0,0.0,0.0,0.0,0.01,0.0,0.0,0.01,0.01,0.0,0.0,0.0,0.0,0.0,0.0,0.0,0.01,0.0,0.0,0.01,0.0,0.0,0.01,0.01,0.01,0.01,0.0,0.0,0.0,0.02,0.0,0.0,0.0,0.0,0.0,0.0,0.0,0.0,0.0,0.01,0.04,0.01,0.02,0.01,0.04,0.03,0.02,0.0,0.0,0.0,0.01,0.0,0.09,0.01,0,0,1.0,0.0,0,0.0,1,0.6666666666666666,-0.0625,5.458757142857143,medium,2.222,0,0,1,0,0,0,0,0,0,0,0,0,0,0,0,0,0,0,1,0,0
120,60,2,5d482eab21c9be351f763ec5,2020-04-28 03:52:25.770000+00:00,theyre the assholes  right kid could have translated if the husband felt uncomfortable speaking english but the other side is they live there half the year and he doesnt feel comfortable speaking english,1.0,0,0.0,7,"they're the assholes. ^ right? kid could have translated if the husband felt uncomfortable speaking english, but the other side is, they live there half the year and he doesn't feel comfortable speaking english?!",9,33,203,1,1.8854729317882615,2.0823219342113526,0.019999999999999997,0.019999999999999997,0.0,0.029999999999999995,0.0,0.009999999999999998,0.0,0.0,0.009999999999999998,0.009999999999999998,0.009999999999999998,0.009999999999999998,0.009999999999999998,0.0,0.0,0.0,0.0,0.009999999999999998,0.0,0.0,0.009999999999999998,0.019999999999999997,0.009999999999999998,0.049999999999999996,0.0,0.009999999999999998,0.029999999999999995,0.0,0.0,0.0,0.06999999999999999,0.009999999999999998,0.0,0.0,0.0,0.0,0.009999999999999998,0.0,0.019999999999999997,0.009999999999999998,0.019999999999999997,0.06999999999999999,0.0,0.039999999999999994,0.019999999999999997,0.049999999999999996,0.05999999999999999,0.0,0.0,0.039999999999999994,0.0,0.019999999999999997,0.0,0.13,0.0,1,0,0.8484848484848485,0.0,5,0.006578947368421052,0,0.42217261904761905,0.0038014069264069306,2.1152848484848485,easy,3.315,0,0,1,0,1,0,0,0,0,0,0,0,0,0,0,0,0,1,1,0,0
120,60,2,5d482ea421c9be351f762215,2020-04-28 03:52:32.699000+00:00,i thought it was a daughter this is confusing ok i misread it,1.0,0,0.0,7,"i thought it was a daughter, this is confusing. ok, i misread it.",10,13,61,1,-0.2693895210467328,-0.5645406132750778,0.0,0.0,0.0,0.0,0.0,0.0,0.0,0.0,0.0,0.01,0.0,0.0,0.0,0.0,0.0,0.0,0.0,0.01,0.0,0.0,0.01,0.01,0.0,0.01,0.0,0.02,0.0,0.0,0.0,0.0,0.01,0.03,0.0,0.0,0.0,0.0,0.0,0.02,0.0,0.01,0.0,0.03,0.0,0.01,0.0,0.02,0.02,0.0,0.0,0.0,0.0,0.01,0.02,0.08,0.0,0,0,0.8461538461538461,0.15384615384615385,1,0.0,0,0.45,0.1,0.6447999999999999,easy,6.929,0,0,1,0,1,0,0,0,0,0,0,1,0,0,0,0,0,0,1,0,0
121,61,0,5ea6330e7c882f6974ff30f2,2020-04-28 03:07:32.799000+00:00,hello,1.0,1,0.2,5,hello,1,1,5,1,-1.2488724541535483,-1.7091650406519467,0.0,0.0,0.0,0.0,0.0,0.0,0.0,0.0,0.0,0.0,0.0,0.0,0.0,0.0,0.0,0.0,0.0,0.0,0.0,0.0,0.0,0.0,0.0,0.0,0.0,0.0,0.0,0.0,0.0,0.0,0.010000000000000002,0.0,0.0,0.0,0.0,0.0,0.0,0.0,0.0,0.0,0.0,0.0,0.0,0.0,0.0,0.0,0.0,0.0,0.0,0.0,0.0,0.0,0.0,0.0,0.0,0,0,1.0,0.0,0,0.0,0,0.0,0.0,0.0496,easy,0.0,0,0,0,0,0,0,0,0,0,0,0,0,0,0,1,0,0,0,0,0,0
121,61,0,5d482ea321c9be351f76216e,2020-04-28 03:07:36.208000+00:00,hello everyone,1.0,1,0.2,5,hello everyone,2,2,14,1,-1.1509241608428669,-1.5906462969571038,0.0,0.0,0.0,0.0,0.0,0.0,0.0,0.0,0.0,0.0,0.0,0.0,0.0,0.0,0.0,0.0,0.0,0.0,0.0,0.0,0.0,0.0,0.0,0.0,0.0,0.0,0.0,0.0,0.0,0.0,0.02,0.01,0.0,0.0,0.0,0.0,0.0,0.0,0.0,0.0,0.0,0.0,0.0,0.0,0.0,0.0,0.0,0.0,0.0,0.0,0.0,0.0,0.0,0.0,0.0,0,0,1.0,0.0,0,0.0070921985815602835,0,0.0,0.0,0.0992,easy,3.409,0,0,0,0,0,0,0,0,0,0,0,0,0,0,1,0,0,0,0,0,0
121,61,0,5d482ea421c9be351f76232f,2020-04-28 03:07:39.965000+00:00,hello guys,1.0,1,0.2,5,hello guys,3,2,10,1,-1.1509241608428669,-1.5906462969571038,0.0,0.0,0.0,0.0,0.0,0.0,0.0,0.0,0.0,0.0,0.0,0.0,0.0,0.0,0.0,0.0,0.0,0.0,0.0,0.0,0.0,0.0,0.010000000000000002,0.0,0.0,0.0,0.0,0.0,0.0,0.0,0.020000000000000004,0.0,0.0,0.0,0.0,0.0,0.0,0.0,0.0,0.0,0.0,0.0,0.0,0.0,0.0,0.0,0.0,0.0,0.0,0.0,0.0,0.0,0.0,0.0,0.0,0,0,1.0,0.0,0,0.0070921985815602835,0,0.0,0.0,0.0992,easy,3.757,0,0,0,0,0,0,0,0,0,0,0,0,0,0,1,0,0,0,0,0,0
121,61,0,5d482ea321c9be351f76216e,2020-04-28 03:07:41.637000+00:00,what is everyone considering so far,1.0,1,0.2,5,what is everyone considering so far,4,6,35,1,-0.7591309876001406,-1.1165713221777316,0.0,0.0,0.0,0.009999999999999998,0.0,0.0,0.0,0.0,0.009999999999999998,0.0,0.0,0.0,0.0,0.0,0.0,0.0,0.0,0.0,0.0,0.0,0.0,0.009999999999999998,0.0,0.009999999999999998,0.0,0.0,0.009999999999999998,0.0,0.0,0.0,0.009999999999999998,0.019999999999999997,0.0,0.0,0.0,0.0,0.0,0.0,0.0,0.0,0.0,0.009999999999999998,0.0,0.0,0.009999999999999998,0.009999999999999998,0.009999999999999998,0.0,0.0,0.0,0.0,0.0,0.0,0.03,0.0,1,0,1.0,0.0,0,0.0,0,1.0,0.1,6.565766666666667,difficult,1.672,0,0,0,0,0,0,0,0,0,0,0,0,0,0,0,1,0,0,0,0,0
121,61,0,5d482eab21c9be351f764223,2020-04-28 03:07:45.739000+00:00,hello ,1.0,1,0.2,5,hello! ,5,1,6,1,-1.2488724541535483,-1.7091650406519467,0.0,0.0,0.0,0.0,0.0,0.0,0.0,0.0,0.0,0.0,0.0,0.0,0.0,0.0,0.0,0.0,0.0,0.0,0.0,0.0,0.0,0.0,0.0,0.0,0.0,0.0,0.0,0.0,0.0,0.0,0.009999999999999998,0.0,0.0,0.0,0.0,0.0,0.0,0.0,0.0,0.0,0.0,0.0,0.0,0.0,0.0,0.0,0.0,0.0,0.0,0.0,0.0,0.0,0.0,0.0,0.0,0,0,1.0,0.0,0,0.0,0,0.0,0.0,0.0496,easy,4.102,0,0,0,0,0,0,0,0,0,0,0,0,0,0,1,0,0,0,0,0,0
121,61,0,5d482ea421c9be351f76232f,2020-04-28 03:07:56.650000+00:00,well so far it definitely seems like the husband is being very rude anybody else thinking the same,1.0,1,0.2,5,well so far it definitely seems like the husband is being very rude. anybody else thinking the same?,6,18,98,1,0.4162485321280381,0.30565360216038473,0.0,0.0,0.0,0.009999999999999998,0.009999999999999998,0.0,0.0,0.0,0.039999999999999994,0.0,0.0,0.0,0.0,0.0,0.0,0.0,0.0,0.009999999999999998,0.009999999999999998,0.019999999999999997,0.03,0.019999999999999997,0.0,0.019999999999999997,0.0,0.0,0.009999999999999998,0.0,0.0,0.0,0.019999999999999997,0.019999999999999997,0.0,0.0,0.0,0.0,0.009999999999999998,0.0,0.0,0.019999999999999997,0.0,0.03,0.0,0.019999999999999997,0.019999999999999997,0.019999999999999997,0.05,0.0,0.0,0.0,0.0,0.019999999999999997,0.0,0.07999999999999999,0.0,1,0,0.9444444444444444,0.0,0,0.0,0,0.6012500000000001,-0.07250000000000001,0.8927999999999999,easy,10.911,0,0,1,0,1,0,0,0,0,0,0,0,0,0,0,0,0,1,1,0,0
121,61,0,5d482ea321c9be351f76216e,2020-04-28 03:08:15.031000+00:00,yeah i think the husband has some valid points but his attitude is very poor,1.0,1,0.2,5,yeah i think the husband has some valid points but his attitude is very poor,7,15,76,1,0.024455358885311848,-0.1684213726189874,0.0,0.0,0.0,0.01,0.0,0.0,0.0,0.0,0.01,0.0,0.01,0.0,0.0,0.0,0.0,0.0,0.0,0.01,0.0,0.01,0.0,0.01,0.0,0.03,0.0,0.0,0.0,0.0,0.0,0.0,0.02,0.0,0.0,0.0,0.01,0.0,0.0,0.01,0.0,0.01,0.01,0.03,0.0,0.01,0.01,0.02,0.03,0.0,0.0,0.0,0.0,0.0,0.01,0.08,0.0,0,0,1.0,0.06666666666666667,3,0.000727802037845706,0,0.78,-0.52,0.744,easy,18.381,0,0,1,0,1,0,0,0,0,0,1,0,0,0,0,0,0,0,1,0,0
121,61,0,5d482ea521c9be351f762423,2020-04-28 03:08:22.443000+00:00,i think she is the asshole because she isnt considering the husbands perspective,1.0,1,0.2,5,i think she is the asshole because she isn't considering the husband's perspective.,8,13,80,1,-0.17144122773605125,-0.4054588600086735,0.0,0.0,0.0,0.010000000000000002,0.0,0.0,0.0,0.0,0.0,0.0,0.020000000000000004,0.010000000000000002,0.010000000000000002,0.0,0.0,0.0,0.0,0.010000000000000002,0.0,0.0,0.0,0.020000000000000004,0.0,0.03,0.0,0.0,0.0,0.0,0.0,0.0,0.03,0.0,0.0,0.0,0.0,0.010000000000000002,0.010000000000000002,0.010000000000000002,0.0,0.0,0.0,0.03,0.0,0.020000000000000004,0.010000000000000002,0.020000000000000004,0.03,0.0,0.0,0.0,0.0,0.0,0.010000000000000002,0.06999999999999999,0.0,0,0,0.8461538461538461,0.07692307692307693,3,0.0005036151718260998,0,0.0,0.0,5.495915384615385,medium,7.412,0,0,1,0,1,0,0,0,0,0,0,1,0,0,0,0,0,0,0,0,0
121,61,0,5ea6330e7c882f6974ff30f2,2020-04-28 03:08:37.399000+00:00,i think she is the asshole because she has pretty much put her parents off on her husband and giving him more responsibility than he signed up for but i agree with his attitude about it being very poor,1.0,1,0.2,5,"i think she is the asshole because she has pretty much put her parents off on her husband and giving him more responsibility than he signed up for, but i agree with his attitude about it being very poor",9,39,201,1,2.2772661050309875,2.5575097323624023,0.0,0.0,0.0,0.029999999999999995,0.0,0.019999999999999997,0.0,0.009999999999999998,0.019999999999999997,0.0,0.06999999999999999,0.0,0.009999999999999998,0.0,0.0,0.0,0.0,0.019999999999999997,0.0,0.019999999999999997,0.029999999999999995,0.009999999999999998,0.0,0.029999999999999995,0.0,0.0,0.039999999999999994,0.0,0.009999999999999998,0.0,0.09999999999999999,0.009999999999999998,0.0,0.009999999999999998,0.009999999999999998,0.009999999999999998,0.009999999999999998,0.019999999999999997,0.0,0.009999999999999998,0.009999999999999998,0.039999999999999994,0.0,0.009999999999999998,0.029999999999999995,0.029999999999999995,0.06999999999999999,0.06999999999999999,0.0,0.0,0.0,0.009999999999999998,0.019999999999999997,0.25999999999999995,0.0,0,0,0.9230769230769231,0.05128205128205128,5,0.0009790032190590103,0,0.62,0.10749999999999998,2.3392717948717947,easy,14.956,0,0,1,0,1,0,0,0,0,0,1,1,0,0,0,0,1,1,1,0,0
121,61,0,5d482ea521c9be351f762423,2020-04-28 03:08:37.435000+00:00,the husband didnt grow up having to translate for family members,1.0,1,0.2,5,the husband didn't grow up having to translate for family members.,10,11,64,1,-0.2693895210467328,-0.5239776037035165,0.0,0.0,0.01,0.0,0.0,0.0,0.0,0.0,0.0,0.0,0.0,0.01,0.0,0.0,0.0,0.0,0.0,0.02,0.0,0.0,0.0,0.0,0.01,0.0,0.0,0.01,0.02,0.0,0.0,0.0,0.03,0.0,0.0,0.0,0.0,0.0,0.0,0.0,0.0,0.0,0.0,0.02,0.0,0.01,0.0,0.02,0.0,0.03,0.0,0.0,0.0,0.0,0.0,0.05,0.0,0,0,1.0,0.0,3,0.000727802037845706,0,0.0,0.0,0.5456,easy,0.036,0,0,0,0,0,0,0,0,0,0,0,0,0,0,0,0,0,0,0,0,0
122,61,1,5d482ea321c9be351f76216e,2020-04-28 03:22:02.939000+00:00,hello again,0.666666667,1,0.333333333,3,hello again,1,2,11,1,-1.1509241608428669,-1.4200331727317643,0.0,0.0,0.0,0.0,0.0,0.0,0.0,0.0,0.01,0.0,0.0,0.0,0.0,0.0,0.0,0.0,0.0,0.0,0.0,0.0,0.0,0.0,0.0,0.0,0.0,0.0,0.01,0.0,0.0,0.0,0.01,0.0,0.0,0.0,0.0,0.0,0.0,0.0,0.0,0.0,0.0,0.0,0.0,0.0,0.0,0.0,0.0,0.0,0.0,0.0,0.0,0.0,0.0,0.01,0.0,0,0,1.0,0.0,0,0.0,0,0.0,0.0,0.0992,easy,0.0,0,0,0,0,0,0,0,0,0,0,0,0,0,0,1,0,0,0,0,0,0
122,61,1,5d482ea821c9be351f76344f,2020-04-28 03:22:07.996000+00:00,not the asshole,0.666666667,1,0.333333333,3,not the asshole,2,3,15,1,-1.0529758675321852,-1.3206892882196657,0.0,0.0,0.0,0.0,0.0,0.0,0.0,0.0,0.0,0.0,0.0,0.01,0.01,0.0,0.0,0.0,0.0,0.0,0.0,0.0,0.0,0.0,0.0,0.0,0.0,0.0,0.0,0.0,0.0,0.0,0.0,0.0,0.0,0.0,0.0,0.0,0.01,0.0,0.0,0.0,0.01,0.0,0.0,0.01,0.0,0.0,0.01,0.0,0.0,0.0,0.0,0.0,0.0,0.02,0.0,0,0,1.0,0.0,0,0.0,0,0.0,0.0,0.1488,easy,5.057,0,0,0,0,0,0,0,0,0,0,0,0,0,0,0,0,0,0,0,0,0
122,61,1,5d482eab21c9be351f764223,2020-04-28 03:22:10.051000+00:00,hello,0.666666667,1,0.333333333,3,hello,3,1,5,1,-1.2488724541535483,-1.5193770572438632,0.0,0.0,0.0,0.0,0.0,0.0,0.0,0.0,0.0,0.0,0.0,0.0,0.0,0.0,0.0,0.0,0.0,0.0,0.0,0.0,0.0,0.0,0.0,0.0,0.0,0.0,0.0,0.0,0.0,0.0,0.010000000000000002,0.0,0.0,0.0,0.0,0.0,0.0,0.0,0.0,0.0,0.0,0.0,0.0,0.0,0.0,0.0,0.0,0.0,0.0,0.0,0.0,0.0,0.0,0.0,0.0,0,0,1.0,0.0,0,0.0,0,0.0,0.0,0.0496,easy,2.055,0,0,0,0,0,0,0,0,0,0,0,0,0,0,1,0,0,0,0,0,0
122,61,1,5ea6330e7c882f6974ff30f2,2020-04-28 03:22:10.914000+00:00,i dont think hes the asshole,0.666666667,1,0.333333333,3,i don't think he's the asshole,4,6,28,1,-0.8570792809108222,-1.1220015191954682,0.0,0.0,0.0,0.0,0.0,0.0,0.0,0.0,0.0,0.0,0.01,0.01,0.01,0.0,0.0,0.0,0.0,0.0,0.0,0.0,0.0,0.01,0.0,0.030000000000000002,0.0,0.0,0.0,0.0,0.0,0.0,0.01,0.0,0.0,0.0,0.0,0.0,0.01,0.01,0.0,0.0,0.0,0.030000000000000002,0.0,0.01,0.0,0.02,0.01,0.0,0.0,0.0,0.0,0.0,0.01,0.02,0.0,0,0,1.0,0.16666666666666666,0,0.0,0,0.0,0.0,0.2976,easy,0.863,0,0,1,0,1,0,0,0,0,0,0,1,0,0,0,0,0,0,0,0,0
122,61,1,5d482eab21c9be351f764223,2020-04-28 03:22:23.323000+00:00,not the asshole in this highly familiar story lol ,0.666666667,1,0.333333333,3,not the asshole in this highly familiar story lol ,5,9,50,1,-0.4652861076680959,-0.7246259811470731,0.0,0.0,0.0,0.0,0.0,0.0,0.0,0.0,0.0,0.0,0.0,0.01,0.01,0.0,0.0,0.0,0.0,0.0,0.0,0.01,0.0,0.0,0.0,0.0,0.0,0.0,0.01,0.0,0.0,0.0,0.01,0.01,0.0,0.0,0.0,0.0,0.01,0.0,0.0,0.0,0.01,0.0,0.0,0.01,0.0,0.0,0.02,0.01,0.0,0.0,0.0,0.0,0.0,0.04,0.0,0,0,1.0,0.0,1,0.0003202049311559398,0,0.6,0.5875,5.837344444444444,medium,12.409,0,0,0,0,0,0,0,0,0,0,0,0,0,0,0,0,0,0,0,0,0
122,61,1,5ea6330e7c882f6974ff30f2,2020-04-28 03:22:25.829000+00:00,he is just incredibly frustrated with being a translator,0.666666667,1,0.333333333,3,he is just incredibly frustrated with being a translator,6,9,56,1,-0.4652861076680959,-0.7246259811470731,0.0,0.0,0.0,0.0,0.0,0.01,0.0,0.0,0.01,0.0,0.01,0.0,0.0,0.0,0.0,0.0,0.0,0.0,0.0,0.0,0.0,0.0,0.0,0.01,0.0,0.0,0.0,0.0,0.0,0.0,0.01,0.0,0.0,0.0,0.0,0.0,0.01,0.0,0.0,0.0,0.01,0.02,0.0,0.01,0.01,0.02,0.02,0.01,0.0,0.0,0.0,0.02,0.0,0.060000000000000005,0.0,0,0,1.0,0.0,0,0.0,0,0.2,-0.7,0.44639999999999996,easy,2.506,0,0,0,0,0,0,0,0,0,0,0,0,0,0,0,0,0,1,1,0,0
122,61,1,5d482eab21c9be351f764223,2020-04-28 03:22:52.253000+00:00,i agree i dont blame him ,0.666666667,1,0.333333333,3,i agree. i don‚äôt blame him. ,7,6,25,1,-0.9550275742215037,-1.2213454037075668,0.0,0.0,0.0,0.0,0.0,0.0,0.0,0.0,0.0,0.0,0.01,0.01,0.0,0.0,0.0,0.0,0.0,0.0,0.0,0.0,0.01,0.0,0.0,0.01,0.0,0.0,0.0,0.0,0.0,0.0,0.02,0.0,0.0,0.0,0.0,0.0,0.01,0.02,0.0,0.0,0.0,0.01,0.0,0.0,0.0,0.01,0.0,0.0,0.0,0.0,0.0,0.0,0.02,0.03,0.0,0,0,0.8333333333333334,0.3333333333333333,0,0.0,0,0.0,0.0,0.2976,easy,26.424,0,0,0,0,0,0,0,0,0,0,1,1,0,0,0,0,0,0,1,0,0
122,61,1,5d482ea421c9be351f76232f,2020-04-28 03:23:01.386000+00:00,i dont think he is either just frustrated,0.666666667,1,0.333333333,3,"i don't think he is either, just frustrated.",8,8,41,1,-0.6611826942894591,-0.9233137501712706,0.0,0.0,0.0,0.0,0.0,0.0,0.0,0.0,0.01,0.0,0.01,0.01,0.0,0.0,0.0,0.0,0.0,0.0,0.0,0.01,0.0,0.01,0.0,0.029999999999999995,0.0,0.0,0.0,0.0,0.0,0.0,0.01,0.0,0.0,0.0,0.0,0.0,0.01,0.01,0.0,0.0,0.02,0.029999999999999995,0.0,0.0,0.01,0.02,0.029999999999999995,0.0,0.0,0.0,0.0,0.0,0.01,0.04,0.0,0,0,1.0,0.125,1,0.00015518311607697082,0,0.2,-0.7,0.3968,easy,9.133,0,0,1,0,1,0,0,0,0,0,0,1,0,0,0,0,0,0,1,0,0
122,61,1,5d482ea321c9be351f762191,2020-04-28 03:23:01.666000+00:00,i can understand his frustration but he handled the situation horribly i think he is definitley the asshole ,0.666666667,1,0.333333333,3,i can understand his frustration but he handled the situation horribly. i think he is definitley the asshole. ,9,18,108,1,0.22035194550667497,-0.029218789562381883,0.0,0.0,0.0,0.01,0.0,0.0,0.0,0.0,0.0,0.01,0.03,0.0,0.01,0.0,0.0,0.0,0.0,0.0,0.0,0.0,0.0,0.02,0.0,0.04,0.0,0.0,0.0,0.0,0.0,0.0,0.03,0.0,0.0,0.0,0.0,0.0,0.02,0.02,0.0,0.0,0.01,0.04,0.0,0.02,0.01,0.02,0.03,0.0,0.0,0.0,0.0,0.0,0.02,0.1,0.0,0,0,0.8333333333333334,0.1111111111111111,3,0.0006587982879030706,0,1.0,-1.0,0.8927999999999999,easy,0.28,0,0,1,0,1,0,0,0,0,0,1,1,0,0,0,0,0,0,1,0,0
123,62,0,5ea6382c7c882f6974ff31e4,2020-04-28 02:47:38.859000+00:00,we discuss here i will start by saying i do not think this person is an asshole,0.8,2,0.4,5,we discuss here i will start by saying i do not think this person is an asshole.,1,17,79,1,0.1224036521959934,-0.295914488257542,0.0,0.01,0.0,0.0,0.0,0.01,0.0,0.0,0.01,0.0,0.0,0.01,0.01,0.0,0.0,0.0,0.0,0.0,0.0,0.0,0.0,0.01,0.01,0.04,0.01,0.0,0.01,0.0,0.0,0.0,0.04,0.01,0.0,0.0,0.0,0.0,0.01,0.02,0.0,0.0,0.01,0.05,0.0,0.01,0.0,0.030000000000000002,0.030000000000000002,0.01,0.01,0.01,0.0,0.0,0.030000000000000002,0.11,0.0,0,0,0.9411764705882353,0.11764705882352941,0,0.0,0,0.0,0.0,0.8432,easy,0.0,0,0,1,0,1,0,0,0,0,1,1,0,0,0,0,0,0,0,0,0,0
123,62,0,5d482ea821c9be351f763507,2020-04-28 02:48:02.705000+00:00,considering the sons partner is capable of speaking english i think its inconsiderate to only speak french knowing their mother in law cannot understand ,0.8,2,0.4,5,"considering the son's partner is capable of speaking english, i think it's inconsiderate to only speak french knowing their mother in law cannot understand. ",2,24,153,1,0.9059899986814458,0.4245729614129953,0.0,0.02,0.0,0.0,0.0,0.0,0.0,0.01,0.01,0.0,0.0,0.01,0.0,0.0,0.0,0.0,0.0,0.02,0.0,0.0,0.0,0.04,0.01,0.04,0.0,0.0,0.01,0.0,0.0,0.0,0.06,0.01,0.0,0.0,0.0,0.0,0.0,0.01,0.0,0.0,0.0,0.04,0.01,0.01,0.0,0.02,0.05,0.03,0.0,0.02,0.0,0.01,0.01,0.09,0.0,0,0,1.0,0.041666666666666664,1,0.0005036151718260998,0,0.35,0.05,6.142733333333333,difficult,23.846,0,0,1,0,1,0,0,0,0,0,1,0,0,0,0,0,0,1,1,0,0
123,62,0,5ea6382c7c882f6974ff31e4,2020-04-28 02:48:08.928000+00:00,exactly i agree,0.8,2,0.4,5,exactly. i agree,3,3,15,1,-1.1509241608428669,-1.466706593972165,0.0,0.0,0.0,0.0,0.01,0.0,0.0,0.0,0.0,0.0,0.0,0.0,0.0,0.0,0.0,0.0,0.0,0.0,0.0,0.0,0.01,0.0,0.0,0.0,0.0,0.0,0.0,0.0,0.0,0.0,0.0,0.0,0.0,0.0,0.0,0.0,0.0,0.01,0.0,0.0,0.0,0.0,0.0,0.0,0.0,0.0,0.01,0.0,0.0,0.0,0.0,0.0,0.01,0.01,0.0,0,0,1.0,0.3333333333333333,0,0.00015518311607697082,0,0.25,0.25,0.1488,easy,6.223,0,0,0,0,0,0,0,0,0,0,1,0,0,0,0,0,0,0,0,0,0
123,62,0,5d482ea521c9be351f762441,2020-04-28 02:48:21.656000+00:00,couldnt she have just asked them to speak english,0.8,2,0.4,5,couldn't she have just asked them to speak english?,4,9,49,1,-0.4652861076680959,-0.8362800755104449,0.009999999999999998,0.009999999999999998,0.0,0.0,0.0,0.0,0.0,0.0,0.009999999999999998,0.0,0.009999999999999998,0.009999999999999998,0.0,0.0,0.0,0.0,0.0,0.0,0.0,0.0,0.0,0.0,0.0,0.009999999999999998,0.0,0.009999999999999998,0.0,0.0,0.0,0.0,0.039999999999999994,0.0,0.0,0.0,0.0,0.0,0.0,0.0,0.0,0.0,0.009999999999999998,0.03,0.0,0.0,0.009999999999999998,0.019999999999999997,0.019999999999999997,0.009999999999999998,0.0,0.009999999999999998,0.0,0.0,0.0,0.05,0.0,1,0,1.0,0.0,0,0.0,0,0.0,0.0,0.44639999999999996,easy,12.728,0,0,0,0,0,0,0,0,0,0,0,0,0,0,0,0,0,0,0,0,0
123,62,0,5ea6382c7c882f6974ff31e4,2020-04-28 02:48:30.566000+00:00,they might not have realized it was rude but i think the fact that he stormed off after she asked them to speak english is an overreaction she did,0.8,2,0.4,5,"they might not have realized it was rude, but i think the fact that he stormed off after she asked them to speak english is an overreaction she did",5,29,146,1,1.3957314652348536,0.874877617457081,0.0,0.009999999999999998,0.0,0.009999999999999998,0.009999999999999998,0.0,0.0,0.0,0.0,0.0,0.03,0.009999999999999998,0.0,0.0,0.0,0.0,0.0,0.0,0.009999999999999998,0.0,0.0,0.019999999999999997,0.0,0.03,0.009999999999999998,0.03,0.019999999999999997,0.0,0.0,0.0,0.06999999999999999,0.019999999999999997,0.0,0.0,0.0,0.0,0.009999999999999998,0.009999999999999998,0.0,0.009999999999999998,0.019999999999999997,0.06999999999999999,0.0,0.019999999999999997,0.009999999999999998,0.049999999999999996,0.06,0.03,0.0,0.009999999999999998,0.0,0.0,0.009999999999999998,0.18999999999999997,0.0,0,0,0.9655172413793104,0.034482758620689655,5,0.009100279971980164,0,0.3,-0.15,1.9828827586206894,easy,8.91,0,0,1,0,1,0,0,0,0,0,1,0,0,0,0,0,0,0,1,0,0
123,62,0,5d482ea521c9be351f76263c,2020-04-28 02:49:09.083000+00:00,this could be written by his father too,0.8,2,0.4,5,this could be written by his father too,6,8,39,1,-0.5632344009787775,-0.9263410067192621,0.01,0.0,0.0,0.0,0.0,0.0,0.0,0.0,0.01,0.0,0.01,0.0,0.0,0.0,0.0,0.0,0.0,0.01,0.0,0.0,0.0,0.0,0.0,0.0,0.0,0.01,0.0,0.0,0.0,0.0,0.02,0.01,0.0,0.0,0.0,0.0,0.0,0.0,0.0,0.0,0.0,0.030000000000000002,0.0,0.0,0.0,0.02,0.01,0.01,0.0,0.0,0.0,0.0,0.0,0.049999999999999996,0.0,0,0,1.0,0.0,0,0.0,0,0.0,0.0,0.3968,easy,38.517,0,0,0,0,0,0,0,0,0,0,0,0,0,0,0,0,0,0,0,0,0
123,62,0,5d482ea521c9be351f76272d,2020-04-28 02:49:14.131000+00:00,i think the mom is being an asshole  if they wanted to include her in the conversation then they would speak in english clearly they didnt want her in the conversation at that time  ,0.8,2,0.4,5,"i think the mom is being an asshole.  if they wanted to include her in the conversation then they would speak in english, clearly they didnt want her in the conversation at that time.  ",7,34,182,1,1.8854729317882615,1.325182273501167,0.04000000000000001,0.010000000000000002,0.0,0.020000000000000004,0.010000000000000002,0.010000000000000002,0.0,0.0,0.010000000000000002,0.0,0.020000000000000004,0.010000000000000002,0.010000000000000002,0.0,0.0,0.0,0.0,0.010000000000000002,0.0,0.0,0.0,0.010000000000000002,0.0,0.030000000000000002,0.010000000000000002,0.020000000000000004,0.060000000000000005,0.0,0.0,0.0,0.09,0.010000000000000002,0.0,0.0,0.0,0.0,0.010000000000000002,0.010000000000000002,0.0,0.010000000000000002,0.010000000000000002,0.07,0.0,0.04000000000000001,0.0,0.04000000000000001,0.07,0.05,0.0,0.010000000000000002,0.0,0.010000000000000002,0.010000000000000002,0.2,0.0,0,0,0.7647058823529411,0.029411764705882353,0,0.0,0,0.19166666666666665,0.05000000000000001,6.251723529411764,difficult,5.048,0,0,1,0,1,0,0,0,0,0,0,1,0,0,0,0,0,1,0,0,0
123,62,0,5d482ea521c9be351f762441,2020-04-28 02:49:23.253000+00:00,he just left the room that isnt exactly storming off i think they were just talking naturally and didnt realize it would bother her,0.8,2,0.4,5,he just left the room. that isn't exactly storming off. i think they were just talking naturally and didn't realize it would bother her.,8,24,131,1,0.9059899986814458,0.4245729614129953,0.01,0.0,0.01,0.01,0.01,0.01,0.0,0.0,0.02,0.0,0.02,0.02,0.0,0.0,0.0,0.0,0.0,0.0,0.0,0.0,0.0,0.02,0.0,0.02,0.01,0.02,0.030000000000000002,0.0,0.0,0.0,0.04,0.02,0.0,0.0,0.0,0.0,0.01,0.01,0.0,0.0,0.02,0.05,0.0,0.01,0.030000000000000002,0.04,0.07,0.01,0.0,0.0,0.0,0.0,0.01,0.12000000000000001,0.0,0,0,0.9583333333333334,0.041666666666666664,6,0.0005036151718260998,0,0.21666666666666667,0.11666666666666665,1.1904,easy,9.122,0,0,1,0,1,0,0,0,0,0,1,0,0,0,0,0,0,0,1,0,0
123,62,0,5d482ea721c9be351f76300d,2020-04-28 02:49:45.721000+00:00,it is definitely a rude gesture but i dont think that he is an asshole ,0.8,2,0.4,5,"it is definitely a rude gesture, but i don't think that he is an asshole. ",9,15,71,1,0.024455358885311848,-0.38597541946635916,0.0,0.0,0.0,0.01,0.01,0.0,0.0,0.0,0.01,0.0,0.01,0.01,0.01,0.0,0.0,0.0,0.0,0.0,0.01,0.0,0.01,0.01,0.0,0.04,0.0,0.0,0.0,0.0,0.0,0.0,0.01,0.02,0.0,0.0,0.0,0.0,0.02,0.01,0.0,0.0,0.01,0.04,0.0,0.02,0.01,0.03,0.03,0.0,0.0,0.0,0.0,0.01,0.01,0.09,0.0,0,0,0.9333333333333333,0.06666666666666667,3,0.0005036151718260998,0,0.6,-0.3,0.744,easy,22.468,0,0,1,0,1,0,0,0,0,0,1,0,0,0,0,0,1,0,1,0,0
124,62,1,5ea6382c7c882f6974ff31e4,2020-04-28 03:02:20.580000+00:00,how hard is it to warn your mother that your partner is selfconscious about his accent etc,0.75,1,0.25,4,"how hard is it to warn your mother that your partner is self-conscious about his accent, etc?",1,17,90,1,0.31830023881735653,0.30288074347151167,0.0,0.0,0.0,0.01,0.0,0.0,0.0,0.0,0.02,0.0,0.01,0.0,0.0,0.0,0.0,0.0,0.0,0.01,0.0,0.01,0.0,0.0,0.01,0.02,0.0,0.0,0.0,0.0,0.0,0.0,0.049999999999999996,0.02,0.0,0.0,0.0,0.01,0.0,0.0,0.01,0.0,0.0,0.02,0.01,0.0,0.0,0.02,0.01,0.02,0.0,0.01,0.02,0.0,0.0,0.09999999999999999,0.0,1,0,0.8823529411764706,0.0,0,0.0,0,0.5416666666666666,-0.2916666666666667,0.8432,easy,0.0,0,0,0,0,0,0,0,0,0,0,0,0,1,0,0,1,0,0,1,0,0
124,62,1,5d482ea521c9be351f76272d,2020-04-28 03:02:25.724000+00:00,i do not this she is being an asshole,0.75,1,0.25,4,i do not this she is being an asshole,2,9,37,1,-0.5632344009787775,-0.7345988181212039,0.0,0.0,0.0,0.0,0.0,0.0,0.0,0.0,0.0,0.0,0.01,0.01,0.01,0.0,0.0,0.0,0.0,0.0,0.0,0.0,0.0,0.0,0.0,0.02,0.0,0.0,0.0,0.0,0.0,0.0,0.01,0.01,0.0,0.0,0.0,0.0,0.01,0.01,0.0,0.0,0.01,0.030000000000000002,0.0,0.01,0.0,0.030000000000000002,0.01,0.0,0.0,0.0,0.0,0.0,0.01,0.08,0.0,0,0,1.0,0.1111111111111111,1,0.0,0,0.0,0.0,0.44639999999999996,easy,5.144,0,0,0,0,0,0,0,0,0,0,0,1,0,0,0,0,0,0,0,0,0
124,62,1,5ea6382c7c882f6974ff31e4,2020-04-28 03:02:40.326000+00:00,i think theyre all assholes,0.75,1,0.25,4,i think they're all assholes.,3,5,27,1,-0.9550275742215037,-1.195700845495744,0.0,0.0,0.0,0.0,0.01,0.0,0.0,0.0,0.0,0.0,0.0,0.0,0.01,0.0,0.0,0.0,0.0,0.0,0.0,0.0,0.0,0.01,0.0,0.02,0.0,0.0,0.0,0.0,0.0,0.0,0.01,0.0,0.0,0.0,0.0,0.0,0.01,0.01,0.0,0.0,0.0,0.02,0.0,0.0,0.0,0.01,0.02,0.0,0.0,0.0,0.0,0.0,0.01,0.02,0.0,0,0,1.0,0.2,0,0.00015518311607697082,0,0.0,0.0,0.248,easy,14.602,0,0,1,0,1,0,0,0,0,0,0,1,0,0,0,0,0,0,0,0,0
124,62,1,5d482ea521c9be351f762441,2020-04-28 03:02:41.795000+00:00,i think he should explain how his boyfriend feels to his mother i am sure she could reassure him that they wouldnt judge him,0.75,1,0.25,4,i think he should explain how his boyfriend feels to his mother. i am sure she could reassure him that they wouldn't judge him.,4,24,124,1,0.8080417053707643,0.879258277689687,0.03,0.0,0.0,0.01,0.01,0.0,0.0,0.0,0.01,0.0,0.06,0.01,0.0,0.0,0.0,0.0,0.0,0.01,0.0,0.0,0.02,0.03,0.0,0.04,0.02,0.0,0.0,0.0,0.0,0.0,0.11,0.01,0.0,0.0,0.0,0.01,0.0,0.02,0.01,0.0,0.0,0.06999999999999999,0.01,0.0,0.0,0.04,0.08,0.01,0.0,0.01,0.0,0.01,0.02,0.13999999999999999,0.0,0,0,0.875,0.08333333333333333,0,0.0006587982879030706,0,0.8888888888888888,0.5,1.1904,easy,1.469,0,0,1,0,1,0,0,0,0,0,1,1,0,0,0,0,0,1,0,0,0
124,62,1,5d482ea721c9be351f76300d,2020-04-28 03:02:45.592000+00:00,i do not think that the son is being an asshole but they should have discussed this beforehand,0.75,1,0.25,4,i do not think that the son is being an asshole but they should have discussed this beforehand.,5,18,94,1,0.31830023881735653,0.30288074347151167,0.009999999999999998,0.0,0.0,0.009999999999999998,0.0,0.0,0.0,0.0,0.0,0.0,0.0,0.009999999999999998,0.009999999999999998,0.0,0.0,0.0,0.0,0.009999999999999998,0.0,0.0,0.0,0.009999999999999998,0.0,0.039999999999999994,0.009999999999999998,0.0,0.0,0.0,0.0,0.0,0.029999999999999995,0.019999999999999997,0.0,0.0,0.0,0.0,0.009999999999999998,0.009999999999999998,0.0,0.0,0.019999999999999997,0.05999999999999999,0.0,0.019999999999999997,0.009999999999999998,0.049999999999999996,0.039999999999999994,0.0,0.0,0.0,0.0,0.0,0.009999999999999998,0.13,0.0,0,0,1.0,0.05555555555555555,3,0.0005036151718260998,0,0.0,0.0,0.8927999999999999,easy,3.797,0,0,1,0,1,0,0,0,0,0,0,1,0,0,0,0,0,0,0,0,0
124,62,1,5d482ea521c9be351f76272d,2020-04-28 03:03:01.144000+00:00,she is doing what is best for her and her partner and that is not being an asshole  she can catch her mother up at any time in english,0.75,1,0.25,4,"she is doing what is best for her and her partner, and that is not being an asshole.  she can catch her mother up at any time in english.",6,29,134,1,1.4936797585455353,1.6861868255951324,0.0,0.0,0.0,0.02,0.0,0.02,0.0,0.01,0.0,0.0,0.049999999999999996,0.01,0.01,0.0,0.0,0.0,0.0,0.01,0.0,0.01,0.01,0.0,0.01,0.04,0.0,0.0,0.049999999999999996,0.0,0.0,0.0,0.07,0.02,0.0,0.0,0.0,0.0,0.01,0.0,0.0,0.01,0.01,0.06,0.01,0.01,0.02,0.06,0.04,0.04,0.0,0.0,0.0,0.01,0.0,0.22000000000000003,0.0,0,0,0.7931034482758621,0.0,7,0.0003202049311559398,0,0.15,0.5,1.4384,easy,15.552,0,0,0,0,0,0,0,0,0,0,0,0,0,0,0,0,0,1,0,0,0
124,62,1,5d482ea521c9be351f76263c,2020-04-28 03:03:02.400000+00:00,exactly the scenario does not say he told his mother about his husbands discomfort,0.75,1,0.25,4,"exactly, the scenario does not say he told his mother about his husband's discomfort.",7,14,82,1,0.024455358885311848,-0.04294577705939351,0.0,0.01,0.0,0.0,0.01,0.0,0.0,0.0,0.01,0.01,0.029999999999999995,0.01,0.0,0.0,0.0,0.0,0.0,0.02,0.01,0.0,0.0,0.0,0.0,0.01,0.0,0.01,0.0,0.0,0.0,0.0,0.07,0.0,0.0,0.0,0.0,0.0,0.0,0.0,0.0,0.0,0.01,0.02,0.0,0.01,0.0,0.01,0.02,0.01,0.0,0.01,0.0,0.0,0.0,0.07,0.0,0,0,0.9285714285714286,0.0,1,0.0008496176720475786,0,0.25,0.25,0.6944,easy,1.256,0,0,0,0,0,0,0,0,0,0,0,0,0,0,0,0,0,0,1,0,0
124,62,1,5ea6382c7c882f6974ff31e4,2020-04-28 03:03:06.333000+00:00,yeah it just doesnt seem like something that should have been an issue considering it was a previouslyaddressed issue,0.75,1,0.25,4,"yeah, it just doesn't seem like something that should have been an issue, considering it was a previously-addressed issue.",8,19,117,1,0.5141968254387196,0.5334317571587818,0.01,0.0,0.0,0.0,0.0,0.0,0.0,0.0,0.01,0.0,0.0,0.01,0.0,0.0,0.0,0.0,0.0,0.0,0.0,0.0,0.01,0.02,0.0,0.029999999999999995,0.01,0.02,0.0,0.0,0.0,0.0,0.0,0.04,0.0,0.0,0.0,0.0,0.0,0.0,0.0,0.02,0.02,0.05999999999999999,0.0,0.02,0.01,0.049999999999999996,0.06999999999999999,0.0,0.0,0.0,0.0,0.02,0.0,0.09999999999999999,0.0,0,0,0.8947368421052632,0.0,0,0.0,0,0.0,0.0,6.241005263157895,difficult,3.933,0,0,1,0,0,0,0,0,0,0,0,0,0,0,0,0,0,1,1,0,0
124,62,1,5d482ea521c9be351f76272d,2020-04-28 03:03:12.776000+00:00,or she can translate while they are talking so her mother feels included,0.75,1,0.25,4,or she can translate while they are talking so her mother feels included.,9,13,72,1,-0.07349293442536971,-0.15822128390302856,0.0,0.0,0.0,0.03,0.0,0.009999999999999998,0.0,0.0,0.009999999999999998,0.0,0.019999999999999997,0.0,0.0,0.0,0.0,0.0,0.0,0.009999999999999998,0.0,0.0,0.0,0.009999999999999998,0.0,0.03,0.0,0.0,0.009999999999999998,0.0,0.0,0.0,0.05,0.0,0.0,0.0,0.0,0.0,0.0,0.0,0.009999999999999998,0.009999999999999998,0.009999999999999998,0.03,0.0,0.0,0.009999999999999998,0.019999999999999997,0.03,0.0,0.0,0.009999999999999998,0.0,0.0,0.0,0.07999999999999999,0.0,0,0,1.0,0.0,0,0.0,0,0.0,0.0,0.6447999999999999,easy,6.443,0,0,1,0,0,0,0,0,0,0,0,0,0,0,0,0,1,0,0,0,0
124,62,1,5d482ea521c9be351f76263c,2020-04-28 03:03:28.832000+00:00,if he explained to his mother and she still insists it is a different matter  but it doesnt say he did,0.75,1,0.25,4,if he explained to his mother and she still insists it is a different matter.  but it doesnt say he did.,10,21,102,1,0.7100934120600827,0.7639827708460519,0.01,0.01,0.0,0.03,0.0,0.01,0.0,0.0,0.01,0.0,0.04,0.01,0.0,0.0,0.0,0.0,0.0,0.01,0.0,0.0,0.0,0.01,0.0,0.02,0.0,0.02,0.01,0.0,0.0,0.0,0.07,0.02,0.0,0.0,0.0,0.0,0.0,0.0,0.0,0.01,0.02,0.04,0.0,0.01,0.02,0.03,0.05,0.01,0.0,0.01,0.0,0.01,0.0,0.13,0.0,0,0,0.9047619047619048,0.0,1,0.0008496176720475786,0,0.6,0.0,1.0415999999999999,easy,16.056,0,0,0,0,0,0,0,0,0,0,0,0,0,0,0,0,0,0,0,0,0
124,62,1,5d482ea821c9be351f763507,2020-04-28 03:03:30.140000+00:00,although i think the child has no ill will towards the mother in this situation i think they should have just told the mother about the husband being uncomfortable ,0.75,1,0.25,4,"although i think the child has no ill will towards the mother in this situation, i think they should have just told the mother about the husband being uncomfortable. ",11,29,164,1,1.2977831719241721,1.4556358119078623,0.01,0.0,0.0,0.01,0.0,0.0,0.01,0.0,0.02,0.01,0.0,0.01,0.0,0.0,0.01,0.0,0.0,0.029999999999999995,0.0,0.0,0.0,0.02,0.01,0.04,0.02,0.01,0.02,0.0,0.0,0.0,0.05999999999999999,0.01,0.0,0.0,0.0,0.0,0.0,0.029999999999999995,0.0,0.0,0.01,0.08,0.0,0.04,0.02,0.049999999999999996,0.04,0.029999999999999995,0.0,0.0,0.0,0.0,0.02,0.16999999999999998,0.0,0,0,0.7931034482758621,0.06896551724137931,0,0.0016992353440951572,0,1.0,-0.125,1.9828827586206894,easy,1.308,0,0,1,0,1,0,0,0,0,0,1,0,0,0,0,0,0,0,1,0,0
124,62,1,5ea6382c7c882f6974ff31e4,2020-04-28 03:03:42.531000+00:00,yes communication is key,0.75,1,0.25,4,yes. communication is key.,12,4,24,1,-0.9550275742215037,-1.195700845495744,0.0,0.0,0.0,0.0,0.0,0.0,0.0,0.0,0.0,0.0,0.0,0.0,0.0,0.0,0.0,0.0,0.0,0.0,0.0,0.0,0.0,0.0,0.0,0.009999999999999998,0.0,0.0,0.0,0.0,0.0,0.0,0.009999999999999998,0.0,0.0,0.0,0.0,0.0,0.0,0.0,0.0,0.0,0.0,0.009999999999999998,0.0,0.0,0.009999999999999998,0.009999999999999998,0.0,0.0,0.0,0.0,0.0,0.0,0.0,0.009999999999999998,0.0,0,0,1.0,0.0,0,0.0,0,1.0,0.0,7.7824,difficult,12.391,0,0,0,0,0,0,0,0,0,0,0,0,0,0,0,0,0,0,0,0,0
124,62,1,5d482ea721c9be351f76300d,2020-04-28 03:03:50.883000+00:00,i understand wanting your partner feeling comfortable being in your parents house so if they all would have discussed this this would not be an issue at all,0.75,1,0.25,4,i understand wanting your partner feeling comfortable being in your parent's house so if they all would have discussed this this would not be an issue at all.,13,28,156,1,1.2977831719241721,1.4556358119078623,0.04,0.0,0.01,0.02,0.02,0.0,0.0,0.0,0.01,0.0,0.0,0.01,0.0,0.0,0.0,0.0,0.0,0.01,0.0,0.0,0.01,0.02,0.01,0.02,0.02,0.0,0.02,0.0,0.0,0.0,0.060000000000000005,0.02,0.0,0.0,0.0,0.0,0.0,0.01,0.01,0.01,0.02,0.060000000000000005,0.01,0.01,0.01,0.049999999999999996,0.09999999999999999,0.02,0.0,0.01,0.02,0.01,0.01,0.17,0.0,0,0,0.8571428571428571,0.03571428571428571,0,0.0,0,0.8,0.4,1.3888,easy,8.352,0,0,0,0,0,0,0,0,0,0,0,1,1,0,0,0,1,1,1,0,0
125,63,0,5d482ea521c9be351f76242c,2020-04-28 02:39:59.361000+00:00,while i think its okay to help the parents with translation it would get annoying to always be doing it,0.714285714,1,0.142857143,7,"while i think its okay to help the parents with translation, it would get annoying to always be doing it",1,20,103,1,0.5141968254387196,0.33102379149598316,0.01,0.0,0.0,0.01,0.01,0.01,0.0,0.0,0.0,0.0,0.0,0.0,0.0,0.0,0.0,0.0,0.0,0.01,0.0,0.0,0.01,0.01,0.0,0.02,0.01,0.0,0.02,0.0,0.0,0.0,0.02,0.030000000000000002,0.0,0.0,0.0,0.0,0.01,0.01,0.0,0.0,0.0,0.05,0.0,0.01,0.0,0.030000000000000002,0.04,0.030000000000000002,0.0,0.0,0.0,0.0,0.01,0.11,0.0,0,0,0.9,0.05,0,0.0,0,0.7,-0.15000000000000002,0.992,easy,0.0,0,0,1,0,1,0,0,0,0,0,1,0,0,0,0,0,0,0,1,0,0
125,63,0,5ea78bbe21028d2296a48d8c,2020-04-28 02:40:07.296000+00:00,i am wondering how many times per week she calls,0.714285714,1,0.142857143,7,i am wondering how many times per week she calls,2,10,48,1,-0.4652861076680959,-0.7515697404405652,0.0,0.0,0.0,0.009999999999999998,0.0,0.0,0.0,0.0,0.009999999999999998,0.0,0.009999999999999998,0.0,0.0,0.0,0.0,0.0,0.0,0.0,0.0,0.009999999999999998,0.0,0.009999999999999998,0.0,0.009999999999999998,0.0,0.0,0.019999999999999997,0.0,0.0,0.0,0.019999999999999997,0.0,0.0,0.0,0.0,0.009999999999999998,0.0,0.009999999999999998,0.0,0.009999999999999998,0.0,0.009999999999999998,0.0,0.0,0.0,0.009999999999999998,0.019999999999999997,0.0,0.0,0.0,0.0,0.0,0.009999999999999998,0.039999999999999994,0.0,0,0,1.0,0.1,0,0.00015518311607697082,0,0.5,0.5,0.496,easy,7.935,0,0,0,0,0,0,0,0,0,0,0,1,0,0,0,0,0,0,0,0,0
125,63,0,5d482ea421c9be351f762324,2020-04-28 02:40:16.991000+00:00,it would probably be annoying but he knew the situation when he got with her,0.714285714,1,0.142857143,7,it would probably be annoying but he knew the situation when he got with her.,3,15,76,1,0.1224036521959934,-0.10201362127863621,0.01,0.0,0.0,0.02,0.0,0.01,0.0,0.0,0.02,0.0,0.03,0.0,0.0,0.0,0.0,0.0,0.0,0.0,0.0,0.0,0.0,0.01,0.0,0.0,0.01,0.02,0.01,0.0,0.0,0.0,0.03,0.01,0.0,0.0,0.0,0.0,0.01,0.0,0.0,0.01,0.01,0.04,0.0,0.01,0.01,0.02,0.049999999999999996,0.01,0.0,0.0,0.0,0.0,0.0,0.09,0.01,0,0,0.9333333333333333,0.0,0,0.0,1,0.9,-0.8,0.744,easy,9.695,0,0,1,0,0,0,0,0,0,0,0,0,0,0,0,0,0,0,1,0,0
125,63,0,5d482ea521c9be351f76242c,2020-04-28 02:40:21.993000+00:00,right,0.714285714,1,0.142857143,7,right,4,1,5,1,-1.2488724541535483,-1.617644565989804,0.0,0.0,0.0,0.0,0.0,0.0,0.0,0.0,0.0,0.0,0.0,0.0,0.0,0.0,0.0,0.0,0.0,0.0,0.0,0.0,0.0,0.0,0.0,0.0,0.0,0.0,0.010000000000000002,0.0,0.0,0.0,0.0,0.0,0.0,0.0,0.0,0.0,0.0,0.0,0.0,0.0,0.0,0.0,0.0,0.0,0.0,0.0,0.0,0.0,0.0,0.0,0.0,0.010000000000000002,0.0,0.0,0.0,0,0,1.0,0.0,0,0.0,0,0.5357142857142857,0.2857142857142857,0.0496,easy,5.002,0,0,0,0,0,0,0,0,0,0,0,0,0,0,0,0,0,1,0,0,0
125,63,0,5ea78bbe21028d2296a48d8c,2020-04-28 02:40:24.870000+00:00,if its not many times i dont see it as an issue,0.714285714,1,0.142857143,7,"if it's not many times, i don't see it as an issue.",5,12,47,1,-0.2693895210467328,-0.5350510340532556,0.009999999999999998,0.0,0.0,0.019999999999999997,0.0,0.0,0.0,0.0,0.0,0.0,0.0,0.019999999999999997,0.0,0.0,0.0,0.009999999999999998,0.0,0.0,0.0,0.009999999999999998,0.0,0.0,0.0,0.019999999999999997,0.0,0.0,0.009999999999999998,0.0,0.0,0.0,0.0,0.019999999999999997,0.0,0.0,0.0,0.0,0.0,0.009999999999999998,0.0,0.009999999999999998,0.019999999999999997,0.019999999999999997,0.0,0.009999999999999998,0.0,0.009999999999999998,0.029999999999999995,0.009999999999999998,0.0,0.009999999999999998,0.0,0.0,0.009999999999999998,0.06999999999999999,0.0,0,0,1.0,0.08333333333333333,0,0.0,0,0.5,-0.25,0.5952,easy,2.877,0,0,0,0,0,0,0,0,0,0,1,0,0,0,0,0,0,0,1,0,0
125,63,0,5d482ea721c9be351f762d8e,2020-04-28 02:40:33.366000+00:00,i believe it is ok to help the parents but he should not be expected to do all the work so yes i believe she is an asshole,0.714285714,1,0.142857143,7,"i believe it is ok to help the parents but he should not be expected to do all the work, so yes i believe she is an asshole.",6,28,122,1,1.1998348786134905,1.088839263851567,0.02,0.0,0.0,0.02,0.01,0.0,0.0,0.01,0.01,0.0,0.02,0.01,0.01,0.0,0.0,0.0,0.0,0.01,0.0,0.0,0.01,0.02,0.0,0.049999999999999996,0.01,0.0,0.0,0.0,0.0,0.0,0.04,0.01,0.0,0.01,0.0,0.0,0.01,0.02,0.0,0.0,0.02,0.07,0.0,0.03,0.03,0.049999999999999996,0.07,0.02,0.0,0.0,0.0,0.01,0.02,0.19,0.0,0,0,0.8214285714285714,0.07142857142857142,3,0.00031036623215394165,0,0.45,0.2,1.3888,easy,8.496,0,0,1,0,0,0,0,0,0,0,1,1,0,0,0,0,1,1,0,0,0
125,63,0,5d482ea621c9be351f762bac,2020-04-28 02:40:35.681000+00:00,she works and is working on her masters what does he do,0.714285714,1,0.142857143,7,she works and is working on her master's. what does he do?,7,12,55,1,-0.17144122773605125,-0.42679168085960073,0.0,0.0,0.0,0.01,0.0,0.01,0.0,0.030000000000000002,0.0,0.0,0.030000000000000002,0.0,0.0,0.0,0.0,0.0,0.0,0.0,0.0,0.0,0.0,0.0,0.0,0.030000000000000002,0.0,0.0,0.01,0.0,0.0,0.0,0.030000000000000002,0.01,0.0,0.030000000000000002,0.0,0.0,0.0,0.0,0.0,0.0,0.0,0.030000000000000002,0.0,0.0,0.01,0.030000000000000002,0.01,0.01,0.0,0.0,0.0,0.02,0.0,0.09000000000000001,0.0,1,0,1.0,0.0,4,0.0,0,0.0,0.0,0.5952,easy,2.315,0,0,0,0,0,0,0,0,0,0,0,0,0,0,0,0,0,1,0,0,0
125,63,0,5d482ea521c9be351f76242c,2020-04-28 02:40:45.531000+00:00,while they are married he probably cant relate to what they went through to get to where they are,0.714285714,1,0.142857143,7,while they are married he probably cant relate to what they went through to get to where they are,8,19,97,1,0.5141968254387196,0.33102379149598316,0.0,0.0,0.0,0.01,0.0,0.0,0.0,0.0,0.02,0.0,0.01,0.01,0.0,0.0,0.0,0.0,0.0,0.01,0.0,0.0,0.0,0.01,0.0,0.04,0.0,0.01,0.03,0.0,0.0,0.0,0.049999999999999996,0.01,0.0,0.0,0.0,0.0,0.0,0.0,0.0,0.01,0.0,0.049999999999999996,0.0,0.0,0.0,0.03,0.02,0.04,0.0,0.0,0.0,0.0,0.0,0.13,0.01,0,0,0.7368421052631579,0.0,2,0.0,1,0.25,0.25,0.9424,easy,9.85,0,0,1,0,0,0,0,0,0,0,0,0,0,0,0,0,0,0,0,0,0
125,63,0,5d482ea521c9be351f76242d,2020-04-28 02:40:46.420000+00:00,it would be annoying but she has a lot on her plate as is i dont think its that big of an inconvenience to help out i mean you married this girl help her out by helping out her parents,0.714285714,1,0.142857143,7,"it would be annoying, but she has a lot on her plate as is. i don't think it's that big of an inconvenience to help out. i mean you married this girl, help her out by helping out her parents.",9,40,184,1,2.375214398341669,2.387951502175425,0.01,0.0,0.0,0.02,0.0,0.03,0.0,0.0,0.0,0.0,0.04,0.01,0.0,0.0,0.0,0.0,0.0,0.02,0.0,0.01,0.01,0.02,0.01,0.05,0.01,0.0,0.05,0.0,0.0,0.0,0.11000000000000001,0.04,0.0,0.0,0.0,0.0,0.01,0.02,0.0,0.01,0.01,0.07,0.0,0.02,0.01,0.05,0.08,0.08,0.0,0.0,0.01,0.02,0.02,0.25,0.0,0,0,0.85,0.05,1,0.006944444444444444,0,0.484375,-0.215625,2.37875,easy,0.889,0,0,1,0,1,0,0,0,0,0,1,0,1,0,0,0,0,1,1,0,0
125,63,0,5d482ea421c9be351f76238f,2020-04-28 02:40:54.378000+00:00,i dont think she is an asshole just for asking her husband for help however if it is becoming every time she calls she expects him to drop what he is doing and translate that could get very annoying,0.714285714,1,0.142857143,7,"i don't think she is an asshole just for asking her husband for help, however if it is becoming every time she calls she expects him to drop what he is doing and translate that could get very annoying.",10,39,198,1,2.375214398341669,2.387951502175425,0.03,0.0,0.0,0.03,0.01,0.01,0.0,0.0,0.03,0.0,0.06,0.01,0.01,0.0,0.0,0.0,0.0,0.01,0.0,0.01,0.0,0.02,0.0,0.06,0.0,0.0,0.02,0.0,0.0,0.0,0.09999999999999999,0.03,0.0,0.0,0.0,0.0,0.02,0.01,0.0,0.01,0.02,0.09,0.0,0.01,0.02,0.06999999999999999,0.08,0.03,0.0,0.0,0.0,0.0,0.01,0.21999999999999997,0.0,0,0,0.8717948717948718,0.02564102564102564,12,0.020454963318762873,0,0.925,-0.275,1.9344,easy,7.958,0,0,1,0,1,0,0,0,0,0,0,1,0,0,0,0,0,0,1,0,0
125,63,0,5d482ea721c9be351f762d8e,2020-04-28 02:40:55.710000+00:00,the burden should not be solely non him unless he has agreed to take on that burden,0.714285714,1,0.142857143,7,the burden should not be solely non him unless he has agreed to take on that burden.,11,17,83,1,0.31830023881735653,0.11450508510867347,0.01,0.0,0.0,0.01,0.0,0.0,0.0,0.0,0.0,0.0,0.02,0.01,0.0,0.0,0.0,0.0,0.0,0.0,0.0,0.0,0.01,0.0,0.0,0.02,0.01,0.0,0.01,0.0,0.0,0.0,0.02,0.01,0.0,0.0,0.0,0.0,0.0,0.0,0.0,0.0,0.02,0.04,0.0,0.01,0.0,0.03,0.03,0.03,0.0,0.0,0.0,0.0,0.0,0.09999999999999999,0.0,0,0,0.9411764705882353,0.0,4,0.0,0,0.0,0.0,0.8432,easy,1.332,0,0,1,0,0,0,0,0,0,0,0,0,0,0,0,0,0,0,1,0,0
125,63,0,5ea78bbe21028d2296a48d8c,2020-04-28 02:41:09.710000+00:00,she wont be working on her masters forever maybe they can make a compromise that after she isnt as busy she can pick up some of the phone calls,0.714285714,1,0.142857143,7,"she won't be working on her master's forever, maybe they can make a compromise that after she isn't as busy, she can pick up some of the phone calls",12,29,143,1,1.4936797585455353,1.4136173234325315,0.0,0.0,0.0,0.01,0.01,0.0,0.0,0.02,0.01,0.0,0.04,0.02,0.0,0.0,0.0,0.0,0.0,0.0,0.0,0.01,0.0,0.0,0.0,0.04,0.01,0.0,0.05,0.0,0.0,0.0,0.06999999999999999,0.01,0.0,0.03,0.0,0.02,0.0,0.0,0.0,0.02,0.0,0.06,0.0,0.02,0.0,0.05,0.05,0.05,0.0,0.0,0.0,0.02,0.0,0.16999999999999998,0.01,0,0,0.896551724137931,0.0,4,0.0,1,0.3,0.1,1.4384,easy,14.0,0,0,1,0,0,0,0,0,0,0,0,0,0,0,0,0,0,1,0,0,0
125,63,0,5d482ea621c9be351f762bac,2020-04-28 02:41:12.358000+00:00,marriage partners are a team he should help out if she os overwhelmed,0.714285714,1,0.142857143,7,marriage partners are a team. he should help out if she os overwhelmed\,13,13,69,1,-0.07349293442536971,-0.3185323276659459,0.02,0.0,0.0,0.01,0.0,0.01,0.0,0.01,0.0,0.01,0.02,0.0,0.0,0.0,0.0,0.0,0.0,0.0,0.0,0.0,0.0,0.0,0.01,0.01,0.01,0.0,0.01,0.0,0.0,0.01,0.05999999999999999,0.0,0.0,0.01,0.0,0.0,0.0,0.0,0.0,0.01,0.01,0.02,0.01,0.01,0.0,0.02,0.029999999999999995,0.01,0.0,0.0,0.0,0.01,0.0,0.06999999999999999,0.0,0,0,1.0,0.0,2,0.0,0,0.0,0.0,0.6447999999999999,easy,2.648,0,0,1,0,0,0,0,0,0,0,0,0,0,0,0,0,0,0,1,0,0
126,63,1,5ea78bbe21028d2296a48d8c,2020-04-28 02:54:48.308000+00:00,i think he is the asshole but i also think we,1.0,2,0.285714286,7,"i think he is the asshole, but i also think we",1,11,45,1,-0.4652861076680959,-0.6729404445427396,0.0,0.0,0.0,0.02,0.0,0.01,0.0,0.0,0.01,0.0,0.01,0.0,0.01,0.0,0.0,0.0,0.0,0.0,0.0,0.0,0.0,0.02,0.0,0.03,0.0,0.0,0.0,0.0,0.0,0.0,0.02,0.0,0.0,0.0,0.0,0.0,0.01,0.02,0.0,0.0,0.01,0.03,0.0,0.01,0.01,0.01,0.04,0.0,0.01,0.0,0.0,0.0,0.03,0.07,0.0,0,0,0.8181818181818182,0.18181818181818182,0,0.0,0,0.0,0.0,0.5456,easy,0.0,0,0,1,0,1,0,0,0,0,1,1,1,0,0,0,0,0,0,0,0,0
126,63,1,5d482ea721c9be351f762d8e,2020-04-28 02:54:51.298000+00:00,i dont think he is an asshole i think he is frustrated that her mom was passed on to him for handling,1.0,2,0.285714286,7,i don't think he is an asshole i think he is frustrated that her mom was passed on to him for handling.,2,22,101,1,0.6121451187494011,0.7191423258098529,0.0,0.0,0.0,0.0,0.0,0.0,0.0,0.0,0.0,0.0,0.04,0.01,0.01,0.0,0.0,0.0,0.0,0.01,0.0,0.0,0.0,0.02,0.0,0.05,0.0,0.01,0.02,0.0,0.0,0.0,0.05,0.01,0.0,0.0,0.0,0.0,0.02,0.02,0.0,0.0,0.0,0.06,0.0,0.01,0.0,0.04,0.02,0.03,0.0,0.0,0.0,0.0,0.02,0.14,0.0,0,0,0.8181818181818182,0.09090909090909091,4,0.0013274352748081394,0,0.2,-0.7,1.0912,easy,2.99,0,0,1,0,1,0,0,0,0,0,1,1,0,0,0,0,0,0,1,0,0
126,63,1,5ea78bbe21028d2296a48d8c,2020-04-28 02:54:52.842000+00:00,are missing info,1.0,2,0.285714286,7,are missing info,3,3,16,1,-1.0529758675321852,-1.4322583192805174,0.0,0.0,0.0,0.0,0.0,0.0,0.0,0.0,0.0,0.0,0.0,0.0,0.0,0.0,0.0,0.0,0.0,0.0,0.0,0.0,0.0,0.01,0.0,0.01,0.0,0.0,0.0,0.0,0.0,0.01,0.0,0.0,0.0,0.0,0.0,0.0,0.0,0.0,0.0,0.0,0.0,0.01,0.0,0.0,0.0,0.01,0.01,0.0,0.0,0.0,0.0,0.0,0.0,0.01,0.0,1,0,1.0,0.0,0,0.0,0,0.05,-0.2,0.1488,easy,1.544,0,0,0,0,0,0,0,0,0,0,0,0,0,0,0,0,0,0,0,0,0
126,63,1,5d482ea521c9be351f76242c,2020-04-28 02:54:54.076000+00:00,i think he is too his tone of voice in the writing just reads asshole,1.0,2,0.285714286,7,i think he is too his tone of voice in the writing just reads asshole,4,15,69,1,0.024455358885311848,-0.04017554892792483,0.0,0.01,0.0,0.0,0.0,0.0,0.0,0.0,0.02,0.0,0.02,0.0,0.01,0.0,0.0,0.0,0.0,0.0,0.0,0.0,0.0,0.01,0.0,0.02,0.0,0.0,0.01,0.0,0.0,0.0,0.029999999999999995,0.0,0.0,0.0,0.0,0.0,0.01,0.01,0.0,0.0,0.01,0.02,0.0,0.01,0.01,0.01,0.029999999999999995,0.02,0.0,0.01,0.0,0.0,0.01,0.09,0.0,0,0,1.0,0.06666666666666667,0,0.0,0,0.0,0.0,0.744,easy,1.234,0,0,1,0,1,0,0,0,0,0,0,1,0,0,0,0,0,0,0,0,0
126,63,1,5d482ea621c9be351f762bac,2020-04-28 02:55:12.791000+00:00,his side of the story is a bit different he wants her to learn which is reasonable but he also needs to cut her some slack,1.0,2,0.285714286,7,"his side of the story is a bit different. he wants her to learn, which is reasonable, but he also needs to cut her some slack.",5,26,122,1,1.1998348786134905,1.4784602005476306,0.02,0.0,0.0,0.02,0.0,0.0,0.0,0.0,0.01,0.0,0.049999999999999996,0.0,0.0,0.0,0.0,0.0,0.0,0.0,0.0,0.02,0.0,0.02,0.0,0.04,0.0,0.0,0.01,0.0,0.0,0.0,0.06,0.01,0.0,0.01,0.0,0.01,0.01,0.0,0.0,0.01,0.01,0.04,0.0,0.02,0.01,0.02,0.07,0.03,0.0,0.0,0.0,0.02,0.0,0.15,0.0,0,0,0.8461538461538461,0.0,7,0.0,0,0.4333333333333333,0.13333333333333333,1.2895999999999999,easy,18.715,0,0,0,0,0,0,0,0,0,0,0,0,0,0,0,0,0,1,1,0,0
126,63,1,5ea78bbe21028d2296a48d8c,2020-04-28 02:55:19.391000+00:00,sometimes older people dont like to move from tradition and she may not feel comfortable using an app,1.0,2,0.285714286,7,"sometimes older people don't like to move from tradition, and she may not feel comfortable using an app",6,18,101,1,0.4162485321280381,0.466036367563927,0.0,0.0,0.0,0.01,0.0,0.01,0.0,0.0,0.0,0.0,0.01,0.02,0.0,0.0,0.0,0.0,0.0,0.0,0.0,0.0,0.02,0.01,0.01,0.03,0.01,0.0,0.03,0.0,0.0,0.0,0.02,0.0,0.0,0.0,0.0,0.01,0.0,0.0,0.01,0.02,0.01,0.04,0.0,0.01,0.01,0.02,0.06,0.02,0.0,0.01,0.0,0.02,0.0,0.06,0.0,0,0,1.0,0.0,1,0.0,0,0.5666666666666667,0.2833333333333333,0.8927999999999999,easy,6.6,0,0,1,0,1,0,0,0,0,0,0,0,0,0,0,0,0,1,0,0,0
126,63,1,5d482ea721c9be351f762d8e,2020-04-28 02:55:22.122000+00:00,his tone is an asshole but i can see he is more frustrated,1.0,2,0.285714286,7,his tone is an asshole but i can see he is more frustrated,7,13,58,1,-0.17144122773605125,-0.29328150717385076,0.0,0.0,0.0,0.009999999999999998,0.0,0.0,0.0,0.0,0.0,0.0,0.019999999999999997,0.0,0.009999999999999998,0.0,0.0,0.009999999999999998,0.0,0.0,0.0,0.009999999999999998,0.0,0.0,0.0,0.039999999999999994,0.0,0.0,0.0,0.0,0.0,0.0,0.019999999999999997,0.0,0.0,0.0,0.0,0.0,0.019999999999999997,0.009999999999999998,0.0,0.0,0.009999999999999998,0.039999999999999994,0.0,0.009999999999999998,0.009999999999999998,0.03,0.009999999999999998,0.0,0.0,0.009999999999999998,0.0,0.0,0.009999999999999998,0.09,0.0,0,0,0.9230769230769231,0.07692307692307693,1,0.0,0,0.35,-0.09999999999999998,0.6447999999999999,easy,2.731,0,0,0,0,0,0,0,0,0,0,1,0,0,0,0,0,0,0,1,0,0
126,63,1,5d482ea521c9be351f76242c,2020-04-28 02:55:25.213000+00:00,and he does seem privileged and elitist,1.0,2,0.285714286,7,and he does seem privileged and elitist,8,7,39,1,-0.6611826942894591,-0.9260464027886656,0.0,0.0,0.0,0.02,0.0,0.02,0.0,0.01,0.0,0.0,0.01,0.0,0.0,0.0,0.0,0.0,0.0,0.0,0.0,0.0,0.01,0.01,0.0,0.02,0.0,0.0,0.0,0.0,0.0,0.0,0.01,0.0,0.0,0.0,0.0,0.0,0.0,0.0,0.0,0.01,0.0,0.02,0.0,0.0,0.02,0.01,0.030000000000000002,0.0,0.0,0.0,0.0,0.01,0.0,0.04,0.0,0,0,0.8571428571428571,0.0,1,0.0,0,0.0,0.0,0.3472,easy,3.091,0,0,0,0,0,0,0,0,0,0,0,0,0,0,0,0,1,1,0,0,0
126,63,1,5d482ea421c9be351f76238f,2020-04-28 02:55:27.240000+00:00,i think he is the asshole it does not seem like he has discussed his frustrations with his wife before getting angry with her mother,1.0,2,0.285714286,7,"i think he is the asshole, it does not seem like he has discussed his frustrations with his wife before getting angry with her mother",9,25,132,1,1.0039382919921274,1.2253542423017048,0.0,0.0,0.0,0.0,0.0,0.02,0.0,0.0,0.0,0.0,0.05,0.01,0.01,0.0,0.0,0.0,0.0,0.02,0.0,0.0,0.01,0.02,0.0,0.05,0.0,0.0,0.01,0.0,0.0,0.0,0.08,0.01,0.0,0.0,0.0,0.0,0.030000000000000002,0.01,0.0,0.01,0.01,0.05,0.0,0.01,0.0,0.030000000000000002,0.05,0.030000000000000002,0.0,0.0,0.0,0.01,0.01,0.15,0.0,0,0,0.88,0.04,2,0.013937793427230047,0,1.0,-0.5,1.24,easy,2.027,0,0,1,0,1,0,0,0,0,0,0,1,0,0,0,0,0,1,1,0,0
126,63,1,5d482ea521c9be351f76242c,2020-04-28 02:55:39.812000+00:00,cant of like if i can do it you should be able to also,1.0,2,0.285714286,7,"cant of like, if i can do it, you should be able to also",10,14,54,1,-0.07349293442536971,-0.16672852805088778,0.02,0.0,0.0,0.02,0.0,0.0,0.0,0.01,0.01,0.0,0.0,0.01,0.0,0.0,0.0,0.0,0.0,0.0,0.0,0.0,0.01,0.0,0.0,0.03,0.01,0.0,0.0,0.0,0.0,0.0,0.01,0.01,0.0,0.0,0.0,0.0,0.0,0.01,0.0,0.01,0.01,0.05,0.0,0.0,0.0,0.05,0.02,0.02,0.0,0.0,0.01,0.01,0.01,0.1,0.0,0,0,1.0,0.07142857142857142,2,0.00015518311607697082,0,0.625,0.5,0.6944,easy,12.572,0,0,1,0,0,0,0,0,0,0,1,0,1,0,0,0,0,1,0,0,0
126,63,1,5d482ea621c9be351f762bac,2020-04-28 02:55:43.067000+00:00,he expects her to be fluent in 8 years but she is older,1.0,2,0.285714286,7,"he expects her to be fluent in 8 years, but she is older",11,13,55,1,-0.07349293442536971,-0.16672852805088778,0.01,0.0,0.0,0.01,0.0,0.0,0.0,0.0,0.0,0.0,0.030000000000000002,0.0,0.0,0.0,0.0,0.0,0.0,0.0,0.0,0.0,0.0,0.0,0.0,0.01,0.0,0.0,0.030000000000000002,0.0,0.0,0.0,0.030000000000000002,0.0,0.0,0.0,0.0,0.0,0.0,0.0,0.0,0.0,0.01,0.02,0.0,0.0,0.01,0.02,0.02,0.02,0.0,0.0,0.0,0.01,0.0,0.08,0.0,0,0,1.0,0.0,2,0.0,0,0.3333333333333333,0.16666666666666666,0.6447999999999999,easy,3.255,0,0,0,0,0,0,0,0,0,0,0,0,0,0,0,0,0,1,0,0,0
126,63,1,5d482ea421c9be351f762324,2020-04-28 02:55:44.242000+00:00,i think hes the asshole it wasnt his place to tell her to learn english it should have come from the wife since he doesnt understand how it is to be an immigrant,1.0,2,0.285714286,7,"i think he's the asshole. it wasn't his place to tell her to learn english, it should have come from the wife since he doesn't understand how it is to be an immigrant.",12,33,161,1,1.7875246384775798,2.2377780752854086,0.01,0.0,0.0,0.01,0.0,0.01,0.0,0.0,0.01,0.0,0.04,0.02,0.01,0.0,0.0,0.0,0.0,0.01,0.0,0.0,0.0,0.030000000000000002,0.0,0.07,0.01,0.01,0.02,0.0,0.0,0.0,0.060000000000000005,0.030000000000000002,0.0,0.01,0.0,0.02,0.01,0.01,0.0,0.0,0.0,0.1,0.0,0.030000000000000002,0.0,0.07,0.07,0.05,0.0,0.0,0.0,0.0,0.01,0.19,0.0,0,0,0.8484848484848485,0.030303030303030304,7,0.0,0,0.0,0.0,1.6368,easy,1.175,0,0,1,0,1,0,0,0,0,0,0,1,0,0,0,0,0,0,0,0,0
126,63,1,5d482ea521c9be351f76242c,2020-04-28 02:55:50.447000+00:00,although the mother in law is a bit lazy,1.0,2,0.285714286,7,although the mother in law is a bit lazy,13,9,40,1,-0.4652861076680959,-0.6729404445427396,0.0,0.0,0.0,0.010000000000000002,0.0,0.0,0.0,0.010000000000000002,0.0,0.0,0.0,0.0,0.0,0.0,0.0,0.0,0.0,0.010000000000000002,0.010000000000000002,0.010000000000000002,0.0,0.0,0.0,0.010000000000000002,0.0,0.0,0.010000000000000002,0.0,0.0,0.0,0.010000000000000002,0.0,0.0,0.0,0.0,0.0,0.0,0.0,0.0,0.0,0.0,0.010000000000000002,0.0,0.020000000000000004,0.0,0.010000000000000002,0.010000000000000002,0.010000000000000002,0.0,0.0,0.0,0.010000000000000002,0.0,0.04000000000000001,0.0,0,0,1.0,0.0,2,0.0,0,1.0,-0.25,0.44639999999999996,easy,6.205,0,0,0,0,0,0,0,0,0,0,0,0,0,0,0,0,0,0,1,0,0
126,63,1,5d482ea721c9be351f762d8e,2020-04-28 02:55:51.609000+00:00,he needs to discuss with his wife and come to some agreement,1.0,2,0.285714286,7,he needs to discuss with his wife and come to some agreement.,14,12,60,1,-0.17144122773605125,-0.29328150717385076,0.01,0.0,0.0,0.01,0.0,0.03,0.0,0.0,0.0,0.0,0.02,0.0,0.0,0.0,0.0,0.0,0.0,0.01,0.0,0.01,0.01,0.0,0.0,0.02,0.0,0.0,0.01,0.0,0.0,0.0,0.04,0.0,0.0,0.0,0.0,0.0,0.0,0.0,0.0,0.01,0.0,0.02,0.0,0.0,0.01,0.0,0.049999999999999996,0.03,0.0,0.0,0.0,0.0,0.0,0.06999999999999999,0.0,0,0,0.9166666666666666,0.0,0,0.0,0,0.0,0.0,0.5952,easy,1.162,0,0,0,0,0,0,0,0,0,0,0,0,0,0,0,0,0,0,0,0,0
126,63,1,5d482ea421c9be351f762324,2020-04-28 02:56:04.153000+00:00,also english is a hard language to learn from what i understand its one of the hardest,1.0,2,0.285714286,7,"also, english is a hard language to learn. from what i understand it's one of the hardest.",15,17,86,1,0.22035194550667497,0.21293040931800108,0.0,0.0,0.0,0.01,0.0,0.0,0.0,0.0,0.01,0.0,0.0,0.0,0.0,0.0,0.0,0.0,0.0,0.0,0.0,0.0,0.0,0.02,0.0,0.02,0.0,0.0,0.0,0.0,0.0,0.0,0.01,0.02,0.0,0.01,0.0,0.0,0.0,0.01,0.02,0.0,0.0,0.02,0.0,0.02,0.0,0.01,0.02,0.03,0.0,0.02,0.0,0.01,0.01,0.09,0.0,0,0,1.0,0.058823529411764705,1,0.0,0,0.2708333333333333,-0.14583333333333334,0.8432,easy,12.544,0,0,0,0,0,0,0,0,0,0,1,0,0,0,0,0,0,0,1,0,0
126,63,1,5d482ea721c9be351f762d8e,2020-04-28 02:56:07.293000+00:00,i agree he shouldnt be telling her to learn english,1.0,2,0.285714286,7,i agree he shouldn't be telling her to learn english.,16,10,51,1,-0.4652861076680959,-0.6729404445427396,0.01,0.0,0.0,0.0,0.0,0.0,0.0,0.0,0.0,0.0,0.02,0.01,0.0,0.0,0.0,0.0,0.0,0.0,0.0,0.0,0.01,0.01,0.0,0.0,0.01,0.0,0.0,0.0,0.0,0.0,0.03,0.0,0.0,0.01,0.0,0.0,0.0,0.01,0.0,0.0,0.0,0.02,0.0,0.0,0.0,0.02,0.02,0.01,0.0,0.0,0.0,0.0,0.01,0.05,0.0,0,0,1.0,0.1,1,0.0019436590037959344,0,0.0,0.0,0.496,easy,3.14,0,0,1,0,0,0,0,0,0,0,0,1,0,0,0,0,0,0,0,0,0
127,64,1,5d482ea521c9be351f762725,2020-04-28 02:50:14.448000+00:00,hello what did you guys think of this case,0.75,0,0.0,4,hello what did you guys think of this case?,1,9,42,1,-0.4652861076680959,-0.683330942128767,0.0,0.0,0.0,0.0,0.0,0.0,0.0,0.0,0.0,0.0,0.0,0.0,0.0,0.0,0.0,0.0,0.0,0.0,0.0,0.0,0.0,0.009999999999999998,0.009999999999999998,0.009999999999999998,0.0,0.009999999999999998,0.0,0.0,0.0,0.0,0.03,0.019999999999999997,0.0,0.0,0.0,0.0,0.0,0.0,0.0,0.0,0.0,0.019999999999999997,0.0,0.0,0.0,0.009999999999999998,0.009999999999999998,0.009999999999999998,0.0,0.0,0.009999999999999998,0.0,0.0,0.049999999999999996,0.0,1,0,1.0,0.0,0,0.0,0,0.0,0.0,0.44639999999999996,easy,0.0,0,0,1,0,1,0,0,0,0,0,0,0,1,0,1,1,0,0,0,0,0
127,64,1,5d482ea821c9be351f763292,2020-04-28 02:50:40.865000+00:00,hey im siding with nta considering situation and intent translating on demand can be tiresome and its reasonable to seek a solution to get rid of it,0.75,0,0.0,4,"hey, i'm siding with nta considering situation and intent. translating on demand can be tiresome and it's reasonable to seek a solution to get rid of it",2,27,148,1,1.2977831719241721,1.1226151192115459,0.0,0.0,0.0,0.02,0.0,0.030000000000000002,0.01,0.01,0.0,0.0,0.0,0.0,0.0,0.0,0.01,0.0,0.0,0.0,0.0,0.0,0.0,0.030000000000000002,0.0,0.02,0.0,0.0,0.02,0.0,0.0,0.0,0.01,0.02,0.0,0.0,0.0,0.030000000000000002,0.0,0.0,0.0,0.0,0.0,0.030000000000000002,0.0,0.01,0.02,0.02,0.07,0.05,0.0,0.0,0.0,0.02,0.0,0.12000000000000001,0.0,0,0,0.9259259259259259,0.0,1,0.0,0,0.8,-0.15,1.9240148148148148,easy,26.417,0,0,0,0,0,0,0,0,0,0,1,0,0,0,1,0,0,1,1,0,0
127,64,1,5d482ea721c9be351f76300a,2020-04-28 02:50:41.547000+00:00,i think that he should not have blown up at his mother in law like that he could have said it in a nicer way and been easier on her shes an old woman and its harder for her to understand and learn english than it is for him ,0.75,0,0.0,4,i think that he should not have blown up at his mother in law like that. he could have said it in a nicer way and been easier on her. she's an old woman and it's harder for her to understand and learn english than it is for him. ,3,49,224,1,3.354697331448485,3.2295521907752445,0.02,0.01,0.0,0.030000000000000002,0.0,0.030000000000000002,0.0,0.0,0.0,0.0,0.07,0.01,0.0,0.0,0.0,0.0,0.0,0.01,0.0,0.0,0.030000000000000002,0.030000000000000002,0.01,0.060000000000000005,0.01,0.02,0.07,0.0,0.0,0.0,0.1,0.05,0.0,0.01,0.0,0.0,0.0,0.01,0.01,0.0,0.01,0.1,0.0,0.02,0.030000000000000002,0.07,0.1,0.09000000000000001,0.0,0.02,0.0,0.04,0.01,0.32,0.0,0,0,0.8163265306122449,0.02040816326530612,9,0.0,0,0.06666666666666667,0.0,2.4304,easy,0.682,0,0,1,0,1,0,0,0,0,0,0,1,0,0,0,0,0,1,0,0,0
127,64,1,5d482ea621c9be351f76290a,2020-04-28 02:50:44.762000+00:00,i believe he is being an asshole ,0.75,0,0.0,4,i believe he is being an asshole. ,4,7,33,1,-0.7591309876001406,-0.9843219523521525,0.0,0.0,0.0,0.0,0.0,0.0,0.0,0.0,0.0,0.0,0.01,0.0,0.01,0.0,0.0,0.0,0.0,0.0,0.0,0.0,0.0,0.01,0.0,0.02,0.0,0.0,0.0,0.0,0.0,0.0,0.01,0.0,0.0,0.0,0.0,0.0,0.01,0.01,0.0,0.0,0.0,0.030000000000000002,0.0,0.01,0.0,0.02,0.01,0.0,0.0,0.0,0.0,0.0,0.01,0.05,0.0,0,0,1.0,0.14285714285714285,3,0.00015518311607697082,0,0.0,0.0,0.3472,easy,3.215,0,0,0,0,0,0,0,0,0,0,0,1,0,0,0,0,0,0,0,0,0
127,64,1,5d482ea621c9be351f762a5e,2020-04-28 02:50:48.292000+00:00,i first thought while reading this that i am on the original posters side because she has been living here for 8 years so she should make an effort,0.75,0,0.0,4,i first thought while reading this that i am on the original poster's side because she has been living here for 8 years so she should make an effort.,5,29,147,1,1.2977831719241721,1.1226151192115459,0.01,0.0,0.0,0.029999999999999995,0.0,0.0,0.01,0.02,0.02,0.0,0.02,0.0,0.0,0.0,0.01,0.0,0.0,0.0,0.0,0.0,0.01,0.01,0.0,0.029999999999999995,0.01,0.02,0.05,0.0,0.0,0.0,0.02,0.02,0.0,0.0,0.0,0.02,0.0,0.02,0.0,0.0,0.0,0.05999999999999999,0.0,0.02,0.02,0.04,0.04,0.02,0.0,0.0,0.0,0.0,0.02,0.18,0.0,0,0,0.9310344827586207,0.06896551724137931,1,0.00031036623215394165,0,0.5416666666666666,0.3125,1.4384,easy,3.53,0,0,1,0,1,0,0,0,0,0,1,1,0,0,0,0,0,0,0,0,0
127,64,1,5d482ea521c9be351f762725,2020-04-28 02:51:02.256000+00:00,yes i am leaning that he is an asshole as well,0.75,0,0.0,4,yes i am leaning that he is an asshole as well,6,11,46,1,-0.36733781435741436,-0.5830006053876385,0.0,0.0,0.0,0.01,0.0,0.0,0.0,0.0,0.01,0.0,0.01,0.0,0.01,0.0,0.0,0.0,0.0,0.0,0.0,0.0,0.01,0.0,0.0,0.02,0.0,0.0,0.0,0.0,0.0,0.0,0.01,0.01,0.0,0.0,0.0,0.0,0.01,0.01,0.0,0.0,0.0,0.02,0.0,0.01,0.02,0.02,0.0,0.01,0.0,0.0,0.0,0.01,0.01,0.07,0.0,0,0,1.0,0.09090909090909091,3,0.00015518311607697082,0,0.0,0.0,0.5456,easy,13.964,0,0,0,0,0,0,0,0,0,0,1,0,0,0,0,0,0,1,0,0,0
127,64,1,5d482ea821c9be351f763292,2020-04-28 02:51:06.398000+00:00,theres not much evidence that op lashed out to the mom it seems like hes venting why is op is asshole,0.75,0,0.0,4,there's not much evidence that op lashed out to the mom it seems like he's venting why is op is asshole?,7,21,101,1,0.7100934120600827,0.5206330987647749,0.0,0.0,0.0,0.0,0.0,0.01,0.0,0.0,0.01,0.0,0.01,0.01,0.01,0.0,0.0,0.0,0.0,0.01,0.0,0.01,0.01,0.01,0.0,0.05,0.0,0.0,0.01,0.0,0.0,0.0,0.02,0.02,0.0,0.0,0.0,0.01,0.01,0.0,0.0,0.01,0.01,0.05,0.0,0.01,0.0,0.04,0.04,0.02,0.0,0.0,0.0,0.01,0.0,0.09,0.0,1,0,0.9047619047619048,0.0,3,0.0003202049311559398,0,0.2,-0.1,1.0415999999999999,easy,4.142,0,0,1,0,1,0,0,0,0,0,0,0,0,0,0,0,0,1,0,0,0
127,64,1,5ea75f18fd339b022f9cebb0,2020-04-28 02:51:17.317000+00:00,he is disrespectful and should be happy to help his mother in law ive heard english is the hardest to learn,0.75,0,0.0,4,he is disrespectful and should be happy to help his mother in law. i've heard english is the hardest to learn.,8,21,107,1,0.7100934120600827,0.5206330987647749,0.01,0.01,0.0,0.01,0.0,0.01,0.0,0.0,0.0,0.0,0.02,0.0,0.0,0.0,0.0,0.0,0.0,0.01,0.0,0.0,0.01,0.01,0.0,0.030000000000000002,0.01,0.01,0.01,0.0,0.0,0.0,0.05,0.0,0.0,0.01,0.0,0.0,0.0,0.01,0.01,0.0,0.0,0.060000000000000005,0.0,0.01,0.01,0.05,0.04,0.030000000000000002,0.0,0.02,0.0,0.01,0.0,0.11,0.0,0,0,0.9047619047619048,0.0,5,0.0,0,0.5,0.4,1.0415999999999999,easy,10.919,0,0,1,0,0,0,0,0,0,0,1,0,0,0,0,0,0,1,1,0,0
127,64,1,5d482ea821c9be351f763292,2020-04-28 02:51:47.770000+00:00,is it unreasonable to seek to minimize on demand calls for translation,0.75,0,0.0,4,is it unreasonable to seek to minimize on demand calls for translation?,9,12,70,1,-0.17144122773605125,-0.3823399319053815,0.0,0.0,0.0,0.0,0.0,0.0,0.0,0.0,0.0,0.0,0.0,0.0,0.0,0.0,0.0,0.0,0.0,0.0,0.0,0.0,0.0,0.0,0.0,0.009999999999999998,0.0,0.0,0.009999999999999998,0.0,0.0,0.0,0.009999999999999998,0.009999999999999998,0.0,0.0,0.0,0.0,0.0,0.0,0.0,0.0,0.0,0.009999999999999998,0.0,0.0,0.0,0.009999999999999998,0.0,0.039999999999999994,0.0,0.0,0.0,0.0,0.0,0.06,0.0,1,0,0.9166666666666666,0.0,3,0.0,0,0.0,0.0,5.547533333333333,medium,30.453,0,0,0,0,0,0,0,0,0,0,0,0,0,0,0,0,0,0,1,0,0
127,64,1,5d482ea621c9be351f762a5e,2020-04-28 02:51:54.346000+00:00,i can see that it would be difficult for her to learn english for sure,0.75,0,0.0,4,i can see that it would be difficult for her to learn english for sure.,10,15,70,1,0.024455358885311848,-0.18167925842312455,0.009999999999999998,0.0,0.0,0.0,0.009999999999999998,0.0,0.0,0.0,0.0,0.0,0.009999999999999998,0.0,0.0,0.0,0.0,0.009999999999999998,0.0,0.0,0.009999999999999998,0.0,0.009999999999999998,0.009999999999999998,0.0,0.019999999999999997,0.009999999999999998,0.0,0.0,0.0,0.0,0.0,0.009999999999999998,0.019999999999999997,0.0,0.009999999999999998,0.0,0.0,0.0,0.009999999999999998,0.0,0.0,0.0,0.039999999999999994,0.0,0.0,0.0,0.03,0.03,0.03,0.0,0.009999999999999998,0.0,0.0,0.009999999999999998,0.08999999999999998,0.0,0,0,0.9333333333333333,0.06666666666666667,4,0.0,0,0.6296296296296297,0.0,0.744,easy,6.576,0,0,0,0,0,0,0,0,0,0,0,1,0,0,0,0,0,0,1,0,0
128,64,3,5d482ea721c9be351f76300a,2020-04-28 03:20:06.386000+00:00,hes being disrecptful to her mother shes an older woman and cant learn aseasy as someone younger might it doenst take much out of your day to help her out for 10 minutes,0.6,1,0.2,5,he's being disrecptful to her mother. she's an older woman and can't learn as.easy as someone younger might. it doens't take much out of your day to help her out for 10 minutes.,1,33,169,1,1.8854729317882615,1.6539769729687153,0.0,0.0,0.0,0.02,0.0,0.03,0.0,0.0,0.0,0.0,0.04,0.01,0.0,0.0,0.0,0.0,0.0,0.01,0.0,0.01,0.0,0.01,0.01,0.04,0.01,0.0,0.06,0.0,0.0,0.0,0.09,0.02,0.0,0.01,0.0,0.0,0.0,0.0,0.0,0.02,0.0,0.06,0.0,0.01,0.01,0.049999999999999996,0.06,0.07,0.0,0.0,0.01,0.0,0.0,0.14,0.0,0,0,0.9090909090909091,0.0,0,0.0,0,0.17777777777777778,0.12222222222222223,1.6368,easy,0.0,0,0,1,0,0,0,0,0,0,0,0,0,1,0,0,0,0,0,0,0,0
128,64,3,5d482ea821c9be351f763292,2020-04-28 03:20:11.724000+00:00,i said the husbands perspective was nta but i also see the wifes situation is nta as well it is reasonable to see both perspectives as nta,0.6,1,0.2,5,"i said the husband's perspective was nta, but i also see the wife's situation is nta as well it is reasonable to see both perspectives as nta",2,27,138,1,1.101886585302809,0.9817724278049594,0.0,0.01,0.0,0.04,0.0,0.01,0.0,0.0,0.02,0.0,0.0,0.0,0.0,0.0,0.0,0.02,0.0,0.02,0.0,0.01,0.01,0.01,0.0,0.04,0.0,0.02,0.01,0.0,0.0,0.0,0.029999999999999995,0.01,0.0,0.0,0.0,0.01,0.0,0.02,0.0,0.0,0.01,0.05999999999999999,0.0,0.02,0.02,0.029999999999999995,0.029999999999999995,0.029999999999999995,0.0,0.029999999999999995,0.0,0.02,0.02,0.13,0.0,0,0,0.7407407407407407,0.07407407407407407,4,0.0,0,0.6,0.2,1.3392,easy,5.338,0,0,0,0,0,0,0,0,0,0,1,1,0,0,0,0,1,1,0,0,0
128,64,3,5d482ea521c9be351f762725,2020-04-28 03:20:33.759000+00:00,its tough,0.6,1,0.2,5,it's tough,3,2,9,1,-1.1509241608428669,-0.9508156395408391,0.0,0.0,0.0,0.0,0.0,0.0,0.0,0.0,0.0,0.0,0.0,0.0,0.0,0.0,0.0,0.0,0.0,0.0,0.0,0.0,0.0,0.0,0.0,0.0,0.0,0.0,0.0,0.0,0.0,0.0,0.0,0.009999999999999998,0.0,0.0,0.0,0.0,0.0,0.0,0.0,0.0,0.0,0.0,0.0,0.0,0.0,0.0,0.0,0.0,0.0,0.0,0.0,0.009999999999999998,0.0,0.009999999999999998,0.0,0,0,1.0,0.0,0,0.0,0,0.8333333333333334,-0.3888888888888889,0.0992,easy,22.035,0,0,0,0,0,0,0,0,0,0,0,0,0,0,0,0,0,1,0,0,0
128,64,3,5d482ea621c9be351f762a5e,2020-04-28 03:20:33.821000+00:00,i think the original poster is being unreasonable forcing him to translate but i can see both sides,0.6,1,0.2,5,i think the original poster is being unreasonable forcing him to translate but i can see both sides.,4,18,99,1,0.22035194550667497,0.22554231449573392,0.0,0.0,0.0,0.01,0.0,0.01,0.0,0.0,0.0,0.0,0.01,0.0,0.0,0.0,0.0,0.01,0.0,0.0,0.0,0.01,0.01,0.01,0.0,0.04,0.0,0.0,0.02,0.0,0.0,0.0,0.01,0.0,0.0,0.0,0.0,0.0,0.0,0.02,0.0,0.0,0.01,0.049999999999999996,0.0,0.01,0.01,0.03,0.03,0.01,0.0,0.01,0.0,0.0,0.02,0.09999999999999999,0.0,0,0,0.9444444444444444,0.1111111111111111,0,0.0,0,0.75,0.375,5.406522222222222,medium,0.062,0,0,1,0,1,0,0,0,0,0,1,1,0,0,0,0,0,0,1,0,0
128,64,3,5d482ea821c9be351f763292,2020-04-28 03:20:50.618000+00:00,openzebra whats tough,0.6,1,0.2,5,openzebra what's tough,5,3,21,1,-1.0529758675321852,-0.8667900713953696,0.0,0.0,0.0,0.0,0.0,0.0,0.0,0.0,0.0,0.0,0.0,0.0,0.0,0.0,0.0,0.0,0.0,0.0,0.0,0.0,0.0,0.0,0.0,0.009999999999999998,0.0,0.0,0.0,0.0,0.0,0.0,0.0,0.009999999999999998,0.0,0.0,0.0,0.0,0.0,0.0,0.0,0.0,0.0,0.009999999999999998,0.0,0.0,0.0,0.009999999999999998,0.0,0.0,0.0,0.0,0.0,0.009999999999999998,0.0,0.0,0.0,0,0,1.0,0.0,0,0.0,0,0.8333333333333334,-0.3888888888888889,0.1488,easy,16.797,0,0,0,0,0,0,0,0,0,0,0,0,0,0,0,1,0,1,0,0,0
128,64,3,5d482ea521c9be351f7626d5,2020-04-28 03:20:50.907000+00:00,i agree with the husband to a certain extend that it is not his responsibility for being a translatorfor his mother in law ,0.6,1,0.2,5,i agree with the husband to a certain extend that it is not his responsibility for being a translator¬†for his mother in law. ,6,23,123,1,0.8080417053707643,0.7296957233685509,0.0,0.0,0.0,0.0,0.01,0.01,0.0,0.01,0.0,0.0,0.02,0.01,0.0,0.0,0.0,0.0,0.0,0.02,0.0,0.0,0.02,0.0,0.0,0.01,0.0,0.0,0.01,0.0,0.01,0.0,0.04,0.02,0.0,0.01,0.0,0.0,0.0,0.01,0.0,0.0,0.01,0.02,0.0,0.03,0.0,0.02,0.049999999999999996,0.04,0.0,0.0,0.0,0.02,0.01,0.15,0.0,0,0,0.9130434782608695,0.043478260869565216,0,0.0,0,0.5714285714285714,0.21428571428571427,6.1503434782608695,difficult,0.289,0,0,0,0,0,0,0,0,0,0,0,1,0,0,0,0,0,0,0,0,0
128,64,3,5ea75f18fd339b022f9cebb0,2020-04-28 03:20:51.977000+00:00,well she should have asked her husband before making him the family translator but i understand she doesnt have time ,0.6,1,0.2,5,well she should have asked her husband before making him the family translator but i understand she doesnt have time. ,7,20,117,1,0.5141968254387196,0.4776190189321424,0.01,0.0,0.01,0.01,0.0,0.0,0.0,0.0,0.01,0.0,0.04,0.01,0.0,0.0,0.0,0.0,0.0,0.02,0.0,0.0,0.01,0.01,0.0,0.04,0.01,0.01,0.02,0.0,0.0,0.0,0.06999999999999999,0.0,0.0,0.0,0.0,0.01,0.0,0.01,0.0,0.0,0.01,0.05999999999999999,0.0,0.01,0.02,0.04,0.04,0.01,0.0,0.0,0.0,0.01,0.01,0.10999999999999999,0.0,0,0,0.9,0.05,1,0.0008829851539226769,0,0.0,0.0,0.992,easy,1.07,0,0,1,0,0,0,0,0,0,0,1,0,0,0,0,0,1,1,0,0,0
128,64,3,5d482ea521c9be351f7626d5,2020-04-28 03:20:58.306000+00:00,and the familybeing in the us for so long should have learn some ,0.6,1,0.2,5,and the family¬†being in the us for so long should have learn some ,8,13,65,1,-0.07349293442536971,-0.02653438994067459,0.01,0.0,0.0,0.02,0.0,0.01,0.0,0.0,0.01,0.0,0.0,0.0,0.0,0.0,0.0,0.0,0.0,0.0,0.0,0.01,0.0,0.01,0.0,0.01,0.01,0.0,0.02,0.0,0.0,0.0,0.01,0.0,0.0,0.01,0.0,0.0,0.0,0.0,0.0,0.01,0.0,0.02,0.0,0.02,0.02,0.02,0.04,0.02,0.01,0.0,0.0,0.0,0.0,0.09000000000000001,0.0,0,0,0.9230769230769231,0.0,4,0.0,0,0.4,-0.05,5.495915384615385,medium,6.329,0,0,1,0,0,0,0,0,0,1,0,0,0,0,0,0,1,0,0,0,0
128,64,3,5d482ea521c9be351f762725,2020-04-28 03:21:02.223000+00:00,i meant the issue is tough because i can see both sides,0.6,1,0.2,5,i meant the issue is tough because i can see both sides,9,12,55,1,-0.36733781435741436,-0.2786110943770831,0.0,0.0,0.0,0.01,0.0,0.01,0.0,0.0,0.0,0.0,0.0,0.0,0.0,0.0,0.0,0.01,0.0,0.0,0.0,0.01,0.0,0.01,0.0,0.030000000000000002,0.0,0.01,0.02,0.0,0.0,0.0,0.0,0.0,0.0,0.0,0.0,0.01,0.0,0.02,0.0,0.0,0.0,0.04,0.0,0.01,0.01,0.02,0.04,0.0,0.0,0.01,0.0,0.01,0.02,0.06999999999999999,0.0,0,0,0.9166666666666666,0.16666666666666666,1,0.0,0,0.8333333333333334,-0.3888888888888889,0.5952,easy,3.917,0,0,0,0,0,0,0,0,0,0,1,1,0,0,0,0,0,1,1,0,0
128,64,3,5d482ea621c9be351f762a5e,2020-04-28 03:21:11.381000+00:00,i think he should not have a problem with translating especially if he has more time ,0.6,1,0.2,5,i think he should not have a problem with translating especially if he has more time. ,10,16,85,1,0.1224036521959934,0.14151674635026443,0.03,0.0,0.0,0.01,0.0,0.01,0.0,0.0,0.01,0.0,0.02,0.01,0.0,0.0,0.0,0.0,0.0,0.0,0.0,0.01,0.0,0.01,0.0,0.03,0.01,0.0,0.01,0.0,0.0,0.0,0.02,0.0,0.0,0.0,0.0,0.0,0.0,0.01,0.0,0.01,0.02,0.04,0.0,0.01,0.0,0.03,0.06,0.01,0.0,0.0,0.0,0.01,0.01,0.11,0.0,0,0,0.9375,0.0625,0,0.00015518311607697082,0,0.75,0.25,0.7936,easy,9.158,0,0,1,0,1,0,0,0,0,0,0,1,0,0,0,0,0,0,1,0,0
129,65,1,5d482ea621c9be351f762852,2020-04-28 02:45:57.779000+00:00,initially i thought he was nta because he has chosen to put his spouse above his mother which is how things should be ordered ,0.6,0,0.0,5,"initially i thought he was nta because he has chosen to put his spouse above his mother, which is how things should be ordered. ",1,24,126,1,0.9059899986814458,0.0,0.01,0.0,0.0,0.02,0.0,0.0,0.0,0.0,0.01,0.0,0.04,0.0,0.0,0.0,0.0,0.0,0.0,0.02,0.0,0.0,0.0,0.01,0.0,0.02,0.01,0.02,0.03,0.0,0.0,0.0,0.06,0.02,0.0,0.0,0.0,0.02,0.0,0.01,0.0,0.0,0.0,0.06,0.0,0.0,0.01,0.049999999999999996,0.04,0.02,0.0,0.0,0.0,0.0,0.01,0.15,0.0,0,0,0.9166666666666666,0.041666666666666664,0,0.0,0,0.05,0.0,1.1904,easy,0.0,0,0,1,0,1,0,0,0,0,0,1,0,0,0,0,0,0,0,0,0,0
129,65,1,5d482ea621c9be351f762b47,2020-04-28 02:46:16.949000+00:00,it seems to me that the mother is doing a lot to make her son and his husband comfortable so they should reciprocrate and make her comfortable too especially since the husband can speak english,0.6,0,0.0,5,"it seems to me that the mother is doing a lot to make her son and his husband comfortable, so they should reciprocrate and make her comfortable too, especially since the husband can speak english.",2,35,193,1,1.983421225098943,1.4109781118697422,0.01,0.01,0.0,0.03,0.0,0.02,0.0,0.0,0.03,0.0,0.03,0.0,0.0,0.0,0.0,0.0,0.0,0.04,0.0,0.01,0.02,0.01,0.0,0.049999999999999996,0.01,0.0,0.0,0.0,0.0,0.0,0.09,0.02,0.0,0.0,0.0,0.03,0.0,0.01,0.0,0.02,0.0,0.06999999999999999,0.0,0.03,0.03,0.04,0.08,0.03,0.0,0.01,0.0,0.03,0.01,0.19999999999999998,0.0,0,0,0.8,0.02857142857142857,5,0.0008496176720475786,0,0.65,0.2,1.736,easy,19.17,0,0,1,0,1,0,0,0,0,0,0,0,0,0,0,0,0,1,0,0,0
129,65,1,5d482ea621c9be351f76278b,2020-04-28 02:46:34.557000+00:00,it is definitely rude to stay at your parents house and not speak their language most of the time the husband knows some english and it sounds like the mom knows no german at all,0.6,0,0.0,5,it is definitely rude to stay at your parents house and not speak their language most of the time. the husband knows some english and it sounds like the mom knows no german at all.,3,35,178,1,2.0813695184096246,1.539248849312446,0.0,0.02,0.01,0.02,0.02,0.02,0.0,0.0,0.01,0.0,0.0,0.02,0.0,0.0,0.0,0.0,0.0,0.03,0.01,0.02,0.02,0.02,0.0,0.03,0.0,0.0,0.04,0.0,0.0,0.0,0.06999999999999999,0.02,0.0,0.0,0.0,0.0,0.01,0.0,0.0,0.02,0.01,0.03,0.0,0.03,0.03,0.01,0.09,0.04,0.0,0.02,0.01,0.01,0.0,0.19,0.0,0,0,0.8285714285714286,0.0,9,0.002365395442661691,0,0.275,0.05,1.736,easy,17.608,0,0,0,0,0,0,0,0,0,0,0,0,1,0,0,0,0,1,1,0,0
129,65,1,5d482ea621c9be351f762852,2020-04-28 02:46:50.701000+00:00,however they are staying in her home so they could be more respectful and try to accomodate her wishes ,0.6,0,0.0,5,"however, they are staying in her home, so they could be more respectful and try to accomodate her wishes. ",4,19,103,1,0.5141968254387196,-0.5130829497708154,0.02,0.0,0.01,0.030000000000000002,0.0,0.01,0.0,0.01,0.02,0.0,0.02,0.0,0.0,0.0,0.0,0.0,0.0,0.0,0.0,0.01,0.0,0.0,0.0,0.030000000000000002,0.0,0.0,0.02,0.0,0.0,0.0,0.04,0.0,0.0,0.0,0.0,0.0,0.0,0.0,0.0,0.0,0.0,0.05,0.0,0.0,0.02,0.030000000000000002,0.030000000000000002,0.02,0.0,0.0,0.0,0.01,0.0,0.11,0.0,0,0,0.8947368421052632,0.0,2,0.0,0,0.6,0.5,5.409952631578947,medium,16.144,0,0,0,0,0,0,0,0,0,0,0,0,0,0,0,0,0,1,0,0,0
129,65,1,5ea733123ecdad55472021a0,2020-04-28 02:46:56.043000+00:00,idk both sides should just work it out i think that the husband should speak you also cant be a asshole in this type of situation,0.6,0,0.0,5,"idk both sides should just work it out. i think that the husband should speak. you also can't be a ""asshole"" in this type of situation.",5,26,129,1,1.101886585302809,0.2565414748854077,0.02,0.01,0.0,0.01,0.0,0.02,0.0,0.01,0.02,0.0,0.0,0.01,0.01,0.0,0.0,0.0,0.0,0.01,0.0,0.01,0.0,0.01,0.0,0.02,0.02,0.0,0.04,0.0,0.0,0.0,0.03,0.03,0.0,0.02,0.0,0.0,0.01,0.01,0.0,0.0,0.01,0.05,0.0,0.02,0.01,0.04,0.06,0.03,0.0,0.01,0.01,0.02,0.01,0.15,0.0,0,0,0.9615384615384616,0.038461538461538464,2,0.0,0,0.0,0.0,1.2895999999999999,easy,5.342,0,0,1,0,1,0,0,0,0,0,0,1,1,0,0,0,0,1,0,0,0
130,65,3,5ea731503ecdad5547201baf,2020-04-28 03:15:33.110000+00:00,she sounds reasonable the daughter can simply say no id rather not,1.0,0,0.0,4,"she sounds reasonable, the daughter can simply say no, i'd rather not.",1,12,66,1,-0.17144122773605125,-1.0828208079831914,0.01,0.02,0.0,0.0,0.0,0.0,0.0,0.0,0.02,0.0,0.01,0.02,0.0,0.0,0.0,0.0,0.0,0.01,0.0,0.0,0.0,0.01,0.0,0.01,0.0,0.0,0.0,0.0,0.0,0.0,0.030000000000000002,0.0,0.0,0.0,0.0,0.01,0.0,0.0,0.0,0.0,0.02,0.01,0.0,0.01,0.01,0.01,0.030000000000000002,0.0,0.0,0.02,0.0,0.01,0.0,0.05,0.0,0,0,1.0,0.0,0,0.0,0,0.47857142857142854,0.1,0.5952,easy,0.0,0,0,1,0,0,0,0,0,0,0,1,0,0,0,0,0,0,1,0,0,0
130,65,3,5d482ea621c9be351f762852,2020-04-28 03:16:01.249000+00:00,are we asking if the mom is the asshole or the son,1.0,0,0.0,4,are we asking if the mom is the asshole or the son?,2,12,50,1,-0.2693895210467328,-1.2157988019460395,0.01,0.0,0.0,0.02,0.0,0.01,0.0,0.0,0.0,0.0,0.0,0.0,0.01,0.0,0.0,0.0,0.0,0.02,0.0,0.0,0.0,0.0,0.0,0.02,0.0,0.0,0.0,0.0,0.0,0.0,0.04,0.0,0.0,0.0,0.0,0.0,0.01,0.0,0.0,0.02,0.02,0.02,0.0,0.03,0.0,0.02,0.03,0.0,0.01,0.0,0.0,0.0,0.01,0.08,0.0,1,0,0.8333333333333334,0.08333333333333333,3,0.0,0,0.0,0.0,0.5952,easy,28.139,0,0,0,0,0,0,0,0,0,1,0,0,0,0,0,0,0,0,0,0,0
130,65,3,5d482ea621c9be351f762b47,2020-04-28 03:16:04.664000+00:00,it does seem to me if everyone can speak english but the mother cant speak french if they are all together they should speak english the mom,1.0,0,0.0,4,"it does seem to me if everyone can speak english, but the mother can't speak french, if they are all together they should speak english the mom",3,27,140,1,1.1998348786134905,0.7788711074966816,0.03,0.03,0.0,0.03,0.009999999999999998,0.0,0.0,0.0,0.0,0.0,0.0,0.009999999999999998,0.0,0.0,0.0,0.0,0.0,0.019999999999999997,0.0,0.0,0.0,0.009999999999999998,0.0,0.049999999999999996,0.009999999999999998,0.0,0.009999999999999998,0.0,0.0,0.0,0.07999999999999999,0.019999999999999997,0.0,0.0,0.0,0.0,0.0,0.009999999999999998,0.0,0.03,0.03,0.06,0.0,0.019999999999999997,0.009999999999999998,0.049999999999999996,0.06,0.009999999999999998,0.0,0.03,0.0,0.0,0.009999999999999998,0.15,0.0,0,0,0.7777777777777778,0.037037037037037035,5,0.0014388489208633094,0,0.0,0.0,1.3392,easy,3.415,0,0,1,0,0,0,0,0,0,0,0,0,0,0,0,0,0,0,0,0,0
130,65,3,5d482ea621c9be351f76278b,2020-04-28 03:16:08.960000+00:00,yeah this one seems pretty simple i dont see anything assholeish about asking your guests to speak your language in front of you if theyre able to,1.0,0,0.0,4,"yeah this one seems pretty simple, i don't see anything asshole-ish about asking your guests to speak your language in front of you if they're able to.",4,27,146,1,1.1998348786134905,0.7788711074966816,0.009999999999999998,0.009999999999999998,0.0,0.009999999999999998,0.0,0.0,0.0,0.009999999999999998,0.009999999999999998,0.0,0.0,0.009999999999999998,0.009999999999999998,0.0,0.0,0.009999999999999998,0.0,0.0,0.0,0.009999999999999998,0.009999999999999998,0.009999999999999998,0.0,0.039999999999999994,0.0,0.0,0.019999999999999997,0.0,0.0,0.0,0.07999999999999999,0.019999999999999997,0.0,0.0,0.0,0.0,0.009999999999999998,0.009999999999999998,0.0,0.039999999999999994,0.009999999999999998,0.039999999999999994,0.009999999999999998,0.0,0.0,0.019999999999999997,0.039999999999999994,0.049999999999999996,0.0,0.019999999999999997,0.03,0.009999999999999998,0.009999999999999998,0.10999999999999999,0.0,0,0,0.9259259259259259,0.037037037037037035,3,0.0010214504596527069,0,0.6607142857142857,0.25,1.3392,easy,4.296,0,0,1,0,1,0,0,0,0,0,1,0,1,0,0,0,0,1,0,0,0
131,66,2,5d482ea821c9be351f763229,2020-04-28 02:55:10.057000+00:00,im thinking that op probably isnt speaking german 100 of the time it sounds like shes asking him not to speak it at all which seems kinda mean,1.0,2,0.333333333,6,"i'm thinking that op probably isn't speaking german 100% of the time, it sounds like she's asking him not to speak it at all which seems kinda mean",1,28,142,1,1.3957314652348536,1.1473706735864584,0.0,0.03,0.0,0.0,0.01,0.0,0.0,0.0,0.01,0.0,0.02,0.02,0.0,0.0,0.0,0.0,0.0,0.0,0.0,0.0,0.01,0.03,0.0,0.04,0.0,0.0,0.02,0.0,0.0,0.0,0.05,0.04,0.0,0.0,0.0,0.0,0.0,0.0,0.0,0.03,0.01,0.04,0.0,0.01,0.0,0.02,0.06999999999999999,0.03,0.0,0.03,0.0,0.01,0.0,0.10999999999999999,0.01,0,0,0.9642857142857143,0.0,0,0.0,1,0.34375,-0.15625,1.3888,easy,0.0,0,0,1,0,1,0,0,0,0,0,0,1,0,0,0,0,0,1,0,0,0
131,66,2,5d482ea921c9be351f76366e,2020-04-28 02:55:13.650000+00:00,i think shes not an asshole but she could have been more helpful to her husband and to her mom,1.0,2,0.333333333,6,"i think she's not an asshole, but she could have been more helpful to her husband and to her mom.",2,20,94,1,0.5141968254387196,0.2409838091858705,0.009999999999999998,0.0,0.0,0.019999999999999997,0.0,0.009999999999999998,0.0,0.0,0.0,0.0,0.039999999999999994,0.009999999999999998,0.009999999999999998,0.0,0.0,0.0,0.0,0.019999999999999997,0.0,0.009999999999999998,0.009999999999999998,0.009999999999999998,0.0,0.029999999999999995,0.0,0.009999999999999998,0.0,0.0,0.0,0.0,0.06999999999999999,0.0,0.0,0.0,0.0,0.0,0.009999999999999998,0.009999999999999998,0.0,0.0,0.019999999999999997,0.049999999999999996,0.0,0.009999999999999998,0.019999999999999997,0.039999999999999994,0.049999999999999996,0.019999999999999997,0.0,0.0,0.0,0.009999999999999998,0.009999999999999998,0.13,0.0,0,0,0.9,0.05,4,0.0,0,0.5,0.5,0.992,easy,3.593,0,0,1,0,1,0,0,0,0,0,0,1,0,0,0,0,0,1,0,0,0
131,66,2,5d482ea821c9be351f7631bd,2020-04-28 02:55:28.502000+00:00,i dont think the guy is an asshole he is being rude though by excluding his mother but that doesnt necessarily make him an asshole as hes doing it to make his husband more comfortable,1.0,2,0.333333333,6,"i don't think the guy is an asshole, he is being rude though by excluding his mother. but that doesn't necessarily make him an asshole as he's doing it to make his husband more comfortable",3,35,183,1,1.983421225098943,1.75162858318685,0.0,0.0,0.0,0.030000000000000002,0.01,0.0,0.0,0.0,0.01,0.0,0.05,0.02,0.02,0.0,0.0,0.0,0.0,0.02,0.01,0.01,0.01,0.01,0.01,0.08,0.0,0.0,0.0,0.0,0.0,0.0,0.08,0.02,0.0,0.0,0.0,0.02,0.030000000000000002,0.01,0.0,0.0,0.02,0.1,0.0,0.030000000000000002,0.01,0.07,0.060000000000000005,0.030000000000000002,0.0,0.0,0.0,0.01,0.01,0.19,0.0,0,0,0.8571428571428571,0.02857142857142857,4,0.0032549529364373506,0,0.7250000000000001,0.15000000000000002,2.1871428571428573,easy,14.852,0,0,1,0,1,0,0,0,0,0,0,1,0,0,0,0,0,1,1,0,0
131,66,2,5d482ea821c9be351f7630b3,2020-04-28 02:55:34.046000+00:00,this guys not an asshole by any stretch of the imagination he just got married and his mothers expecting his partner to have picked up english to a conversational level,1.0,2,0.333333333,6,this guy's not an asshole by any stretch of the imagination: he just got married and his mother's expecting his partner to have picked up english to a conversational level,4,30,168,1,1.5916280518562167,1.348789976786589,0.009999999999999998,0.0,0.0,0.009999999999999998,0.0,0.009999999999999998,0.0,0.0,0.009999999999999998,0.0,0.03,0.009999999999999998,0.009999999999999998,0.0,0.0,0.0,0.0,0.019999999999999997,0.0,0.0,0.0,0.009999999999999998,0.019999999999999997,0.009999999999999998,0.0,0.009999999999999998,0.03,0.0,0.0,0.0,0.07999999999999999,0.009999999999999998,0.0,0.0,0.0,0.0,0.009999999999999998,0.0,0.0,0.009999999999999998,0.019999999999999997,0.019999999999999997,0.009999999999999998,0.03,0.019999999999999997,0.009999999999999998,0.06,0.049999999999999996,0.0,0.0,0.0,0.009999999999999998,0.0,0.16999999999999998,0.0,0,0,0.9333333333333333,0.0,8,0.0003202049311559398,0,0.125,0.125,6.1771666666666665,difficult,5.544,0,0,0,0,0,0,0,0,0,0,0,0,0,0,0,0,0,0,0,0,0
131,66,2,5d482ea821c9be351f7634a7,2020-04-28 02:55:55.463000+00:00,it seems unfair of the writer to choose to speak german when his mom can understand none of the conversation but his spouse could understand at least some of the conversation if they were speaking english,1.0,2,0.333333333,6,it seems unfair of the writer to choose to speak german when his mom can understand none of the conversation but his spouse could understand at least some of the conversation if they were speaking english,5,36,204,1,2.1793178117203063,1.953047886386981,0.02,0.02,0.0,0.03,0.0,0.0,0.0,0.0,0.01,0.0,0.02,0.01,0.0,0.0,0.0,0.0,0.0,0.02,0.0,0.03,0.0,0.04,0.0,0.04,0.0,0.01,0.02,0.0,0.0,0.0,0.09000000000000001,0.01,0.0,0.0,0.0,0.0,0.0,0.0,0.0,0.03,0.02,0.06,0.0,0.03,0.01,0.03,0.08,0.06,0.0,0.02,0.0,0.0,0.0,0.19,0.0,0,0,0.7777777777777778,0.0,10,0.0006161429451632779,0,0.35,-0.2,6.299322222222222,difficult,21.417,0,0,1,0,1,0,0,0,0,0,0,0,0,0,0,0,0,0,0,0,0
131,66,2,5d482ea721c9be351f762f97,2020-04-28 02:56:07.917000+00:00,its the mothers home and she is being excluded the husband can speak english but gets nervous the mother cant speak german at all though ,1.0,2,0.333333333,6,it's the mother's home and she is being excluded. the husband can speak english but gets nervous. the mother can't speak german at all though. ,6,25,137,1,1.101886585302809,0.8452417187862624,0.0,0.02,0.01,0.030000000000000002,0.01,0.01,0.0,0.0,0.01,0.01,0.01,0.01,0.0,0.0,0.0,0.0,0.0,0.030000000000000002,0.0,0.0,0.0,0.0,0.0,0.04,0.0,0.0,0.01,0.0,0.0,0.0,0.060000000000000005,0.01,0.0,0.0,0.0,0.0,0.0,0.0,0.0,0.0,0.02,0.05,0.0,0.030000000000000002,0.02,0.04,0.04,0.01,0.0,0.02,0.0,0.0,0.0,0.12000000000000001,0.0,0,0,0.88,0.0,6,0.005600220335056927,0,0.0,0.0,1.24,easy,12.454,0,0,0,0,0,0,0,0,0,0,0,0,0,0,0,0,1,0,1,0,0
131,66,2,5d482ea821c9be351f7634a7,2020-04-28 02:56:13.062000+00:00,plus his mom is graciously hosting them it seems rude to be to exclude her ,1.0,2,0.333333333,6,"plus, his mom is graciously hosting them. it seems rude to be to exclude her. ",7,15,75,1,0.1224036521959934,-0.16185479721439072,0.0,0.0,0.0,0.01,0.0,0.01,0.0,0.0,0.0,0.0,0.02,0.0,0.0,0.0,0.0,0.0,0.0,0.01,0.01,0.0,0.01,0.01,0.0,0.02,0.0,0.0,0.0,0.0,0.0,0.0,0.04,0.01,0.0,0.0,0.0,0.0,0.01,0.0,0.0,0.01,0.01,0.03,0.0,0.0,0.0,0.02,0.03,0.03,0.0,0.0,0.0,0.01,0.0,0.08,0.0,0,0,0.9333333333333333,0.0,1,0.0,0,0.6,-0.3,0.744,easy,5.145,0,0,1,0,1,0,0,0,0,0,0,0,0,0,0,0,0,1,1,0,0
132,66,3,5d482ea821c9be351f7630b3,2020-04-28 03:09:53.847000+00:00,this aita feels like it was written by a narcissist,0.6,0,0.0,5,this aita feels like it was written by a narcissist,1,10,51,1,-0.36733781435741436,-0.763150456659477,0.0,0.0,0.0,0.0,0.0,0.0,0.0,0.0,0.0,0.0,0.0,0.0,0.0,0.0,0.0,0.0,0.0,0.0,0.0,0.0,0.01,0.01,0.0,0.01,0.0,0.02,0.0,0.0,0.0,0.0,0.0,0.02,0.0,0.0,0.0,0.0,0.0,0.0,0.01,0.0,0.0,0.03,0.0,0.01,0.0,0.01,0.01,0.01,0.0,0.01,0.0,0.02,0.0,0.05,0.0,0,0,1.0,0.0,0,0.0,0,0.0,0.0,0.496,easy,0.0,0,0,1,0,1,0,0,0,0,0,0,0,0,0,0,0,0,1,0,0,0
132,66,3,5d482ea921c9be351f76366e,2020-04-28 03:10:00.958000+00:00,its her house and his husband speaks english ,0.6,0,0.0,5,it's her house and his husband speaks english. ,2,8,45,1,-0.5632344009787775,-1.0005750431757587,0.0,0.01,0.01,0.01,0.0,0.01,0.0,0.0,0.0,0.0,0.02,0.0,0.0,0.0,0.0,0.0,0.0,0.01,0.0,0.0,0.0,0.0,0.0,0.0,0.0,0.0,0.0,0.0,0.0,0.0,0.04,0.01,0.0,0.0,0.0,0.0,0.0,0.0,0.0,0.0,0.0,0.0,0.0,0.0,0.01,0.0,0.01,0.0,0.0,0.01,0.0,0.0,0.0,0.04,0.0,0,0,1.0,0.0,0,0.0,0,0.0,0.0,0.3968,easy,7.111,0,0,0,0,0,0,0,0,0,0,0,0,0,0,0,0,0,0,0,0,0
132,66,3,5d482ea821c9be351f7634a7,2020-04-28 03:10:15.680000+00:00,i feel like mainly she was just super rude,0.6,0,0.0,5,i feel like mainly she was just super rude,3,9,42,1,-0.5632344009787775,-1.0005750431757587,0.0,0.0,0.0,0.0,0.0,0.0,0.0,0.009999999999999998,0.009999999999999998,0.0,0.009999999999999998,0.0,0.0,0.0,0.0,0.0,0.0,0.0,0.009999999999999998,0.0,0.019999999999999997,0.009999999999999998,0.0,0.009999999999999998,0.0,0.009999999999999998,0.0,0.0,0.0,0.0,0.009999999999999998,0.0,0.0,0.0,0.0,0.0,0.009999999999999998,0.009999999999999998,0.009999999999999998,0.009999999999999998,0.009999999999999998,0.019999999999999997,0.0,0.0,0.009999999999999998,0.009999999999999998,0.03,0.0,0.0,0.009999999999999998,0.0,0.019999999999999997,0.009999999999999998,0.039999999999999994,0.0,0,0,1.0,0.1111111111111111,0,0.0,0,0.5333333333333333,0.06666666666666667,0.44639999999999996,easy,14.722,0,0,1,0,1,0,0,0,0,0,0,1,0,0,0,0,0,1,1,0,0
132,66,3,5d482ea821c9be351f7631bd,2020-04-28 03:10:18.482000+00:00,i think the mother had a normal reaction as far as being excluded from the conversation she could have engaged the soninlaw in english conversation instead of being rude though,0.6,0,0.0,5,i think the mother had a normal reaction as far as being excluded from the conversation. she could have engaged the son-in-law in english conversation instead of being rude though,4,30,176,1,1.4936797585455353,1.4923831152452,0.02,0.0,0.0,0.03,0.0,0.0,0.0,0.0,0.02,0.0,0.01,0.0,0.0,0.0,0.0,0.0,0.0,0.01,0.01,0.0,0.01,0.01,0.0,0.02,0.0,0.01,0.02,0.0,0.0,0.0,0.04,0.0,0.0,0.0,0.0,0.01,0.01,0.01,0.0,0.0,0.01,0.06,0.0,0.04,0.0,0.049999999999999996,0.049999999999999996,0.049999999999999996,0.0,0.0,0.0,0.01,0.01,0.15,0.0,0,0,0.8333333333333334,0.03333333333333333,1,0.0027798550320874693,0,0.5625,-0.012499999999999997,6.1771666666666665,difficult,2.802,0,0,1,0,1,0,0,0,0,0,0,1,0,0,0,0,0,0,1,0,0
132,66,3,5d482ea821c9be351f763229,2020-04-28 03:10:24.589000+00:00, might be a bit too much to ask someone whos clearly not comfortable speaking english to speak it cant she just chill for a week,0.6,0,0.0,5, might be a bit too much to ask someone who's clearly not comfortable speaking english to speak it. can't she just chill for a week?,5,25,128,1,1.101886585302809,1.0175339422126364,0.0,0.02,0.0,0.0,0.01,0.0,0.0,0.0,0.03,0.0,0.01,0.02,0.0,0.0,0.0,0.0,0.0,0.0,0.0,0.02,0.01,0.0,0.0,0.03,0.01,0.0,0.01,0.0,0.0,0.0,0.06,0.02,0.0,0.0,0.0,0.0,0.0,0.0,0.0,0.02,0.02,0.05,0.0,0.02,0.01,0.03,0.05,0.03,0.0,0.02,0.0,0.04,0.0,0.11,0.0,1,0,0.92,0.0,3,0.0006161429451632779,0,0.3333333333333333,0.0,1.24,easy,6.107,0,0,1,0,0,0,0,0,0,0,0,0,0,0,0,0,0,1,1,0,0
132,66,3,5d482ea921c9be351f76366e,2020-04-28 03:10:54.619000+00:00,i think the son in law was the rude one he can speak english but chose not to with her in the room,0.6,0,0.0,5,"i think the son in law was the rude one. he can speak english, but chose not to with her in the room.",6,23,98,1,0.8080417053707643,0.6613970624382137,0.0,0.009999999999999998,0.009999999999999998,0.009999999999999998,0.0,0.009999999999999998,0.0,0.0,0.0,0.0,0.019999999999999997,0.009999999999999998,0.0,0.0,0.0,0.0,0.0,0.009999999999999998,0.009999999999999998,0.0,0.0,0.009999999999999998,0.0,0.019999999999999997,0.0,0.009999999999999998,0.03,0.0,0.0,0.0,0.039999999999999994,0.0,0.0,0.0,0.0,0.0,0.009999999999999998,0.009999999999999998,0.0,0.0,0.019999999999999997,0.03,0.0,0.03,0.009999999999999998,0.019999999999999997,0.05,0.039999999999999994,0.0,0.009999999999999998,0.0,0.0,0.009999999999999998,0.13999999999999999,0.0,0,0,0.8695652173913043,0.043478260869565216,2,0.0016375934048159847,0,0.3,-0.15,1.1408,easy,30.03,0,0,1,0,1,0,0,0,0,0,0,1,0,0,0,0,0,0,1,0,0
132,66,3,5d482ea721c9be351f762f97,2020-04-28 03:10:56.357000+00:00,she could have just said something to the son without the partner present ,0.6,0,0.0,5,she could have just said something to the son without the partner present. ,7,13,74,1,-0.07349293442536971,-0.4070135768850543,0.01,0.01,0.0,0.0,0.0,0.0,0.0,0.0,0.01,0.0,0.01,0.01,0.0,0.0,0.0,0.0,0.0,0.01,0.0,0.0,0.0,0.0,0.01,0.01,0.0,0.01,0.01,0.0,0.0,0.0,0.04,0.01,0.0,0.0,0.0,0.0,0.0,0.0,0.0,0.01,0.030000000000000002,0.030000000000000002,0.01,0.02,0.01,0.02,0.04,0.02,0.0,0.01,0.0,0.0,0.0,0.060000000000000005,0.0,0,0,0.9230769230769231,0.0,3,0.0016051364365971107,0,0.0,0.0,0.6447999999999999,easy,1.738,0,0,0,0,0,0,0,0,0,0,0,0,0,0,0,0,0,0,0,0,0
133,67,0,5ea73b643ecdad5547203840,2020-04-28 02:16:56.205000+00:00,should her mother have to learn english,0.5,3,0.5,6,should her mother have to learn english?,1,7,39,1,-0.6611826942894591,-0.6611437874079797,0.01,0.0,0.0,0.0,0.0,0.0,0.0,0.0,0.0,0.0,0.01,0.0,0.0,0.0,0.0,0.0,0.0,0.01,0.0,0.0,0.0,0.01,0.0,0.01,0.01,0.0,0.0,0.0,0.0,0.0,0.02,0.0,0.0,0.01,0.0,0.0,0.0,0.0,0.0,0.0,0.0,0.02,0.0,0.0,0.0,0.02,0.02,0.01,0.0,0.0,0.0,0.0,0.0,0.04,0.0,1,0,1.0,0.0,0,0.0,0,0.0,0.0,0.3472,easy,0.0,0,0,1,0,0,0,0,0,0,0,0,0,0,0,0,0,0,0,0,0,0
133,67,0,5d482ea821c9be351f7633c1,2020-04-28 02:17:17.071000+00:00,possibly but maybe he should have had his wife talk to mother in law,0.5,3,0.5,6,"possibly, but maybe he should have had his wife talk to mother in law",2,14,68,1,0.024455358885311848,0.3365103109561573,0.01,0.0,0.0,0.01,0.0,0.0,0.0,0.0,0.01,0.0,0.02,0.0,0.0,0.0,0.0,0.0,0.0,0.02,0.0,0.0,0.0,0.0,0.0,0.01,0.01,0.01,0.01,0.0,0.0,0.0,0.05,0.0,0.0,0.0,0.0,0.0,0.0,0.0,0.0,0.02,0.01,0.030000000000000006,0.0,0.0,0.01,0.030000000000000006,0.05,0.02,0.0,0.0,0.0,0.0,0.0,0.08,0.02,0,0,1.0,0.0,3,0.0008496176720475786,1,1.0,0.0,0.6944,easy,20.866,0,0,1,0,0,0,0,0,0,0,0,0,0,0,0,0,0,0,0,0,0
133,67,0,5ea788e421028d2296a48cb8,2020-04-28 02:17:32.327000+00:00,i think the point is hes just tired of being translator ,0.5,3,0.5,6,i think the point is he's just tired of being translator. ,3,11,56,1,-0.36733781435741436,-0.23357774525192104,0.0,0.0,0.0,0.0,0.0,0.0,0.01,0.0,0.01,0.0,0.01,0.0,0.0,0.0,0.01,0.0,0.0,0.0,0.0,0.0,0.0,0.01,0.0,0.030000000000000002,0.0,0.0,0.01,0.0,0.0,0.0,0.01,0.0,0.0,0.0,0.0,0.0,0.0,0.01,0.0,0.0,0.01,0.04,0.0,0.01,0.01,0.030000000000000002,0.02,0.01,0.0,0.0,0.0,0.0,0.01,0.060000000000000005,0.0,0,0,1.0,0.09090909090909091,0,0.0,0,0.7,-0.4,0.5456,easy,15.256,0,0,1,0,1,1,0,0,0,0,0,1,0,0,0,0,0,0,1,0,0
133,67,0,5d482ea821c9be351f763358,2020-04-28 02:17:32.957000+00:00,i agree he should not be the translator,0.5,3,0.5,6,i agree he should not be the translator,4,8,39,1,-0.6611826942894591,-0.6611437874079797,0.01,0.0,0.0,0.0,0.0,0.0,0.0,0.0,0.0,0.0,0.01,0.01,0.0,0.0,0.0,0.0,0.0,0.0,0.0,0.0,0.01,0.0,0.0,0.0,0.01,0.0,0.0,0.0,0.0,0.0,0.01,0.0,0.0,0.0,0.0,0.0,0.0,0.01,0.0,0.0,0.01,0.02,0.0,0.01,0.0,0.02,0.02,0.0,0.0,0.0,0.0,0.0,0.01,0.060000000000000005,0.0,0,0,1.0,0.125,1,0.00815518311607697,0,0.0,0.0,0.3968,easy,0.63,0,0,1,0,0,0,0,0,0,0,0,1,0,0,0,0,0,0,0,0,0
133,67,0,5ea19fe2de5d74641b66c67a,2020-04-28 02:17:48.684000+00:00,i can understand his frustration and i dont translate for people,0.5,3,0.5,6,i can understand his frustration and i dont translate for people,5,11,64,1,-0.4652861076680959,-0.37609975930394063,0.0,0.0,0.0,0.01,0.0,0.01,0.0,0.0,0.0,0.0,0.01,0.01,0.0,0.0,0.0,0.0,0.0,0.0,0.0,0.0,0.0,0.01,0.01,0.03,0.0,0.0,0.0,0.0,0.0,0.0,0.02,0.0,0.0,0.0,0.0,0.0,0.01,0.02,0.0,0.0,0.0,0.03,0.0,0.0,0.01,0.02,0.02,0.01,0.0,0.0,0.0,0.0,0.02,0.06,0.0,0,0,0.9090909090909091,0.18181818181818182,0,0.00031036623215394165,0,0.0,0.0,0.5456,easy,15.727,0,0,0,0,0,0,0,0,0,0,1,1,0,0,0,0,0,0,1,0,0
133,67,0,5ea75dc4fd339b022f9ceb9c,2020-04-28 02:17:52.219000+00:00,i understand his frustration but dont think he should be the one to tell his mother in law that she needs to learn english,0.5,3,0.5,6,i understand his frustration but don't think he should be the one to tell his mother in law that she needs to learn english.,6,24,122,1,0.9059899986814458,1.6192084374243336,0.02,0.0,0.0,0.01,0.0,0.0,0.0,0.0,0.0,0.0,0.04,0.01,0.0,0.0,0.0,0.0,0.0,0.01,0.0,0.0,0.0,0.03,0.0,0.04,0.01,0.0,0.01,0.0,0.0,0.0,0.06,0.01,0.0,0.01,0.0,0.0,0.01,0.01,0.0,0.0,0.01,0.06,0.0,0.01,0.01,0.03,0.07,0.03,0.0,0.0,0.0,0.0,0.01,0.12999999999999998,0.0,0,0,0.9166666666666666,0.041666666666666664,3,0.019115427764395013,0,0.0,0.0,1.1904,easy,3.535,0,0,1,0,0,0,0,0,0,0,0,1,0,0,0,0,0,0,1,0,0
133,67,0,5d482ea821c9be351f7633c1,2020-04-28 02:17:55.691000+00:00,or possibly said i may not be available all the time when you need me so i will help you learn english instead of saying its frustrating,0.5,3,0.5,6,"or possibly said i may not be available all the time when you need me so i will help you learn english, instead of saying it's frustrating",7,27,136,1,1.0039382919921274,1.7617304514763532,0.01,0.02,0.0,0.030000000000000006,0.01,0.0,0.0,0.0,0.030000000000000006,0.0,0.0,0.01,0.0,0.0,0.0,0.0,0.0,0.0,0.0,0.0,0.0,0.01,0.0,0.01,0.02,0.01,0.02,0.0,0.0,0.0,0.05,0.01,0.0,0.01,0.0,0.0,0.01,0.030000000000000006,0.0,0.030000000000000006,0.02,0.05,0.0,0.01,0.01,0.030000000000000006,0.07,0.01,0.0,0.02,0.02,0.01,0.030000000000000006,0.15,0.01,0,0,0.9259259259259259,0.1111111111111111,2,0.0020988421198729055,1,0.575,0.0,1.3392,easy,3.472,0,0,1,0,0,0,0,0,0,0,1,0,1,0,0,0,1,1,1,0,0
133,67,0,5d482eab21c9be351f763eff,2020-04-28 02:17:56.006000+00:00,i think that what he did was realistic and respectful but its not an approach thats likely to be interpreted well in the current climate,0.5,3,0.5,6,"i think that what he did was realistic and respectful, but it's not an approach that's likely to be interpreted well in the current climate.",8,25,136,1,1.0039382919921274,1.7617304514763532,0.0,0.0,0.0,0.02,0.0,0.01,0.0,0.0,0.01,0.0,0.01,0.01,0.0,0.0,0.0,0.0,0.0,0.0,0.0,0.0,0.01,0.02,0.0,0.02,0.0,0.02,0.030000000000000006,0.0,0.0,0.0,0.01,0.04,0.0,0.0,0.0,0.0,0.0,0.01,0.0,0.01,0.02,0.05,0.0,0.02,0.030000000000000006,0.04,0.06000000000000001,0.02,0.0,0.0,0.0,0.030000000000000006,0.01,0.15,0.0,0,0,1.0,0.04,4,0.00015518311607697082,0,0.6083333333333333,0.16666666666666666,1.24,easy,0.315,0,0,1,0,1,0,0,0,0,0,0,1,0,0,0,0,0,1,0,0,0
133,67,0,5ea788e421028d2296a48cb8,2020-04-28 02:18:05.699000+00:00,english is one of the hardest languages to learn so i have sympathy for the mother in law ,0.5,3,0.5,6,"english is one of the hardest languages to learn, so i have sympathy for the mother in law. ",9,18,90,1,0.31830023881735653,0.764076353112216,0.0,0.0,0.0,0.01,0.0,0.0,0.0,0.0,0.01,0.0,0.0,0.0,0.0,0.0,0.0,0.0,0.0,0.01,0.0,0.0,0.0,0.01,0.0,0.02,0.0,0.0,0.01,0.0,0.0,0.0,0.02,0.0,0.0,0.01,0.0,0.0,0.0,0.01,0.01,0.0,0.0,0.02,0.0,0.02,0.01,0.02,0.02,0.04,0.0,0.01,0.0,0.0,0.01,0.09999999999999999,0.0,0,0,0.9444444444444444,0.05555555555555555,4,0.00015518311607697082,0,0.0,0.0,0.8927999999999999,easy,9.693,0,0,0,0,0,0,0,0,0,0,1,0,0,0,0,0,0,0,0,0,0
133,67,0,5d482ea821c9be351f7633c1,2020-04-28 02:18:08.759000+00:00,exactly,0.5,3,0.5,6,exactly,10,1,7,1,-1.2488724541535483,-1.5162758717200973,0.0,0.0,0.0,0.0,0.01,0.0,0.0,0.0,0.0,0.0,0.0,0.0,0.0,0.0,0.0,0.0,0.0,0.0,0.0,0.0,0.0,0.0,0.0,0.0,0.0,0.0,0.0,0.0,0.0,0.0,0.0,0.0,0.0,0.0,0.0,0.0,0.0,0.0,0.0,0.0,0.0,0.0,0.0,0.0,0.0,0.0,0.01,0.0,0.0,0.0,0.0,0.0,0.0,0.0,0.0,0,0,1.0,0.0,0,0.0,0,0.25,0.25,0.0496,easy,3.06,0,0,0,0,0,0,0,0,0,0,0,0,0,0,0,0,0,0,0,0,0
133,67,0,5d482ea521c9be351f762645,2020-04-28 02:18:13.832000+00:00,have to learn english is extreme but be encouraged to learn perhaps,0.5,3,0.5,6,"""have"" to learn english is extreme but be encouraged to learn, perhaps?",11,12,67,1,-0.17144122773605125,0.05146628285211813,0.0,0.0,0.0,0.01,0.0,0.0,0.0,0.0,0.01,0.0,0.0,0.0,0.0,0.0,0.0,0.0,0.0,0.0,0.0,0.0,0.01,0.02,0.0,0.02,0.0,0.0,0.0,0.0,0.0,0.0,0.01,0.0,0.0,0.02,0.0,0.0,0.0,0.0,0.0,0.01,0.01,0.03,0.0,0.0,0.01,0.03,0.04,0.02,0.0,0.0,0.0,0.0,0.0,0.06,0.0,0,0,0.8333333333333334,0.0,0,0.0,0,0.5,-0.0625,0.5952,easy,5.073,0,0,1,0,0,0,0,0,0,0,0,0,0,0,0,0,0,0,0,0,0
133,67,0,5d482ea821c9be351f7633c1,2020-04-28 02:18:21.131000+00:00,i think he,0.5,3,0.5,6,i think he,12,3,10,1,-1.1509241608428669,-1.3737538576680777,0.0,0.0,0.0,0.0,0.0,0.0,0.0,0.0,0.0,0.0,0.010000000000000002,0.0,0.0,0.0,0.0,0.0,0.0,0.0,0.0,0.0,0.0,0.010000000000000002,0.0,0.010000000000000002,0.0,0.0,0.0,0.0,0.0,0.0,0.010000000000000002,0.0,0.0,0.0,0.0,0.0,0.0,0.010000000000000002,0.0,0.0,0.0,0.010000000000000002,0.0,0.0,0.0,0.0,0.010000000000000002,0.0,0.0,0.0,0.0,0.0,0.010000000000000002,0.020000000000000004,0.0,0,0,1.0,0.3333333333333333,0,0.0,0,0.0,0.0,0.1488,easy,7.299,0,0,1,0,1,0,0,0,0,0,0,1,0,0,0,0,0,0,0,0,0
133,67,0,5ea19fe2de5d74641b66c67a,2020-04-28 02:18:24.904000+00:00,how did he tell her that if she cant speak englis,0.5,3,0.5,6,how did he tell her that if she cant speak englis,13,11,49,1,-0.2693895210467328,-0.09105573119990146,0.009999999999999998,0.009999999999999998,0.0,0.019999999999999997,0.0,0.0,0.0,0.0,0.009999999999999998,0.0,0.03,0.009999999999999998,0.0,0.0,0.0,0.0,0.0,0.0,0.0,0.0,0.0,0.0,0.0,0.009999999999999998,0.0,0.009999999999999998,0.0,0.0,0.0,0.0,0.05,0.009999999999999998,0.0,0.0,0.0,0.009999999999999998,0.0,0.0,0.0,0.009999999999999998,0.009999999999999998,0.019999999999999997,0.0,0.0,0.0,0.019999999999999997,0.019999999999999997,0.0,0.0,0.009999999999999998,0.0,0.0,0.0,0.06999999999999999,0.0,1,0,1.0,0.0,1,0.0,0,0.0,0.0,0.5456,easy,3.773,0,0,0,0,0,0,0,0,0,0,0,0,0,0,0,1,0,0,0,0,0
133,67,0,5d482eab21c9be351f763eff,2020-04-28 02:18:30.844000+00:00,i think since he knew her for 8 years and loves her and the family and has the respect to speak spanish she could be encouraged that he would help her with english,0.5,3,0.5,6,"i think since he knew her for 8 years, and loves her, and the family, and has the respect to speak spanish, she could be encouraged that he would help her with english.",14,33,163,1,1.7875246384775798,2.90190656389251,0.02,0.01,0.01,0.03,0.0,0.04,0.01,0.0,0.0,0.0,0.06,0.0,0.0,0.0,0.0,0.0,0.0,0.01,0.0,0.0,0.03,0.02,0.0,0.03,0.01,0.01,0.01,0.01,0.0,0.0,0.10999999999999999,0.01,0.0,0.0,0.0,0.01,0.0,0.01,0.0,0.0,0.0,0.06999999999999999,0.0,0.02,0.03,0.04,0.09,0.04,0.0,0.01,0.0,0.02,0.01,0.18,0.0,0,0,0.8181818181818182,0.030303030303030304,7,0.0010214504596527069,0,0.0,0.0,1.6368,easy,5.94,0,0,1,0,1,0,0,0,0,0,0,1,0,0,0,0,0,1,0,0,0
133,67,0,5d482ea521c9be351f762645,2020-04-28 02:18:37.757000+00:00,hes bilingual,0.5,3,0.5,6,he's bilingual.,15,2,13,1,-1.1509241608428669,-1.3737538576680777,0.0,0.0,0.0,0.0,0.0,0.0,0.0,0.0,0.0,0.0,0.01,0.0,0.0,0.0,0.0,0.0,0.0,0.0,0.0,0.0,0.0,0.0,0.0,0.01,0.0,0.0,0.0,0.0,0.0,0.0,0.01,0.0,0.0,0.0,0.0,0.0,0.0,0.0,0.0,0.0,0.0,0.01,0.0,0.0,0.0,0.01,0.0,0.0,0.0,0.0,0.0,0.0,0.0,0.0,0.0,0,0,1.0,0.0,0,0.0,0,0.0,0.0,0.0992,easy,6.913,0,0,0,0,0,0,0,0,0,0,0,0,0,0,0,0,0,0,0,0,0
133,67,0,5d482ea821c9be351f7633c1,2020-04-28 02:18:39.746000+00:00,he is right he just went up about it wrong,0.5,3,0.5,6,"he is right, he just went up about it wrong",16,10,42,1,-0.36733781435741436,-0.23357774525192104,0.0,0.0,0.0,0.0,0.0,0.0,0.0,0.0,0.019999999999999997,0.0,0.019999999999999997,0.0,0.0,0.0,0.0,0.0,0.0,0.0,0.009999999999999998,0.0,0.0,0.0,0.0,0.009999999999999998,0.0,0.009999999999999998,0.03,0.0,0.0,0.0,0.019999999999999997,0.009999999999999998,0.0,0.0,0.0,0.0,0.0,0.0,0.0,0.0,0.009999999999999998,0.019999999999999997,0.0,0.0,0.009999999999999998,0.009999999999999998,0.009999999999999998,0.019999999999999997,0.0,0.0,0.0,0.009999999999999998,0.0,0.06999999999999999,0.0,0,0,0.9,0.0,0,0.0,0,0.7178571428571429,-0.10714285714285715,0.496,easy,1.989,0,0,0,0,0,0,0,0,0,0,0,0,0,0,0,0,0,1,1,0,0
133,67,0,5d482eab21c9be351f763eff,2020-04-28 02:18:41.501000+00:00,open opengiraffe he speaks fluent spanish,0.5,3,0.5,6,open opengiraffe he speaks fluent spanish.,17,6,41,1,-0.7591309876001406,-0.8036658014599993,0.0,0.01,0.0,0.0,0.0,0.01,0.0,0.0,0.0,0.0,0.01,0.0,0.0,0.0,0.0,0.0,0.0,0.0,0.0,0.0,0.0,0.0,0.0,0.0,0.0,0.0,0.01,0.0,0.0,0.0,0.02,0.0,0.0,0.0,0.0,0.0,0.0,0.0,0.0,0.0,0.0,0.0,0.0,0.0,0.0,0.0,0.01,0.0,0.0,0.01,0.0,0.01,0.0,0.01,0.0,0,0,1.0,0.0,1,0.0,0,0.25,0.0,0.2976,easy,1.755,0,0,0,0,0,0,0,0,0,0,0,0,0,0,0,0,0,1,0,0,0
133,67,0,5ea75dc4fd339b022f9ceb9c,2020-04-28 02:18:43.032000+00:00,he does seem a little braggadocios though language does not come easy for everyone and english is particularly hard,0.5,3,0.5,6,"he does seem a little 'braggadocios' though, language does not come easy for everyone and english is particularly hard",18,19,115,1,0.5141968254387196,1.0491203812162553,0.0,0.0,0.0,0.02,0.0,0.02,0.0,0.0,0.01,0.0,0.01,0.01,0.0,0.0,0.0,0.0,0.0,0.0,0.0,0.0,0.01,0.01,0.0,0.049999999999999996,0.0,0.0,0.02,0.0,0.0,0.0,0.029999999999999995,0.01,0.0,0.0,0.0,0.0,0.0,0.0,0.01,0.01,0.01,0.049999999999999996,0.0,0.01,0.01,0.029999999999999995,0.04,0.01,0.0,0.01,0.0,0.02,0.0,0.08,0.01,0,0,0.9473684210526315,0.0,1,0.0,1,0.46875,-0.011458333333333334,5.409952631578947,medium,1.531,0,0,0,0,0,0,0,0,0,0,0,0,0,0,0,0,0,1,1,0,0
134,67,1,5ea788e421028d2296a48cb8,2020-04-28 02:31:49.658000+00:00,so now the wifes complaining on reddit lol ,0.833333333,3,0.5,6,so now the wife's complaining on reddit? lol ,1,8,43,1,-0.5632344009787775,-0.3598223851195382,0.0,0.0,0.0,0.01,0.0,0.0,0.0,0.0,0.02,0.0,0.0,0.0,0.0,0.0,0.0,0.0,0.0,0.01,0.0,0.0,0.0,0.0,0.0,0.0,0.0,0.0,0.02,0.0,0.0,0.0,0.02,0.0,0.0,0.0,0.0,0.0,0.0,0.0,0.0,0.0,0.0,0.0,0.0,0.01,0.01,0.0,0.0,0.01,0.0,0.0,0.0,0.0,0.0,0.04,0.0,1,0,1.0,0.0,0,0.0,0,0.7,0.8,0.3968,easy,0.0,0,0,0,0,0,0,0,0,0,0,0,0,0,0,0,0,1,0,1,0,0
134,67,1,5ea73b643ecdad5547203840,2020-04-28 02:32:00.110000+00:00,i am thinking that these factors are that spanish is her first language,0.833333333,3,0.5,6,i am thinking that these factors are that spanish is her first language,2,13,71,1,-0.17144122773605125,0.22628005662156508,0.0,0.0,0.0,0.0,0.0,0.0,0.0,0.01,0.0,0.0,0.01,0.0,0.0,0.0,0.0,0.0,0.0,0.0,0.0,0.0,0.0,0.01,0.0,0.03,0.0,0.0,0.01,0.0,0.0,0.0,0.02,0.03,0.0,0.0,0.0,0.0,0.0,0.01,0.0,0.0,0.0,0.03,0.0,0.0,0.0,0.03,0.01,0.0,0.0,0.0,0.0,0.0,0.01,0.08,0.0,0,0,0.9230769230769231,0.07692307692307693,0,0.0,0,0.16666666666666666,0.125,0.6447999999999999,easy,10.452,0,0,1,0,1,0,0,0,0,0,0,1,0,0,0,0,0,0,0,0,0
134,67,1,5ea75dc4fd339b022f9ceb9c,2020-04-28 02:32:00.295000+00:00,yes its her side of the story,0.833333333,3,0.5,6,"yes, it's her side of the story.",3,7,29,1,-0.6611826942894591,-0.506347995554814,0.0,0.0,0.0,0.0,0.0,0.0,0.0,0.0,0.0,0.0,0.009999999999999998,0.0,0.0,0.0,0.0,0.0,0.0,0.0,0.0,0.0,0.0,0.0,0.0,0.0,0.0,0.0,0.009999999999999998,0.0,0.0,0.0,0.019999999999999997,0.009999999999999998,0.0,0.0,0.0,0.0,0.0,0.0,0.0,0.0,0.0,0.0,0.0,0.009999999999999998,0.009999999999999998,0.0,0.009999999999999998,0.009999999999999998,0.0,0.0,0.0,0.0,0.0,0.039999999999999994,0.0,0,0,1.0,0.0,1,0.0,0,0.0,0.0,0.3472,easy,0.185,0,0,0,0,0,0,0,0,0,0,0,0,0,0,0,0,0,0,0,0,0
134,67,1,5d482ea821c9be351f7633c1,2020-04-28 02:32:03.358000+00:00,so what do you guys think,0.833333333,3,0.5,6,so what do you guys think?,4,6,25,1,-0.7591309876001406,-0.6528736059900898,0.0,0.0,0.0,0.01,0.0,0.0,0.0,0.0,0.01,0.0,0.0,0.0,0.0,0.0,0.0,0.0,0.0,0.0,0.0,0.0,0.0,0.01,0.01,0.02,0.0,0.0,0.0,0.0,0.0,0.0,0.02,0.01,0.0,0.0,0.0,0.0,0.0,0.0,0.0,0.0,0.0,0.02,0.0,0.0,0.01,0.01,0.01,0.0,0.0,0.0,0.01,0.0,0.0,0.04,0.0,1,0,1.0,0.0,0,0.0,0,0.0,0.0,0.2976,easy,3.063,0,0,1,0,1,0,0,0,0,0,0,0,1,0,0,1,1,0,0,0,0
134,67,1,5d482eab21c9be351f763eff,2020-04-28 02:32:08.688000+00:00,yes  it gives more perspective though,0.833333333,3,0.5,6,yes.  it gives more perspective though.,5,6,37,1,-0.7591309876001406,-0.6528736059900898,0.0,0.0,0.0,0.01,0.0,0.0,0.0,0.0,0.01,0.0,0.0,0.0,0.0,0.0,0.0,0.0,0.0,0.0,0.0,0.01,0.0,0.0,0.0,0.01,0.0,0.0,0.0,0.0,0.0,0.0,0.01,0.01,0.0,0.0,0.0,0.0,0.0,0.0,0.0,0.0,0.0,0.01,0.0,0.0,0.01,0.0,0.0,0.0,0.0,0.0,0.0,0.0,0.0,0.02,0.0,0,0,1.0,0.0,0,0.0,0,0.5,0.5,0.2976,easy,5.33,0,0,0,0,0,0,0,0,0,0,0,0,0,0,0,0,0,0,0,0,0
134,67,1,5ea73b643ecdad5547203840,2020-04-28 02:32:14.025000+00:00,i also think it is her mother,0.833333333,3,0.5,6,i also think it is her mother,6,7,29,1,-0.7591309876001406,-0.6528736059900898,0.0,0.0,0.0,0.009999999999999998,0.0,0.0,0.0,0.0,0.009999999999999998,0.0,0.009999999999999998,0.0,0.0,0.0,0.0,0.0,0.0,0.009999999999999998,0.0,0.0,0.0,0.009999999999999998,0.0,0.019999999999999997,0.0,0.0,0.0,0.0,0.0,0.0,0.019999999999999997,0.009999999999999998,0.0,0.0,0.0,0.0,0.0,0.009999999999999998,0.0,0.0,0.0,0.019999999999999997,0.0,0.0,0.0,0.009999999999999998,0.009999999999999998,0.0,0.0,0.0,0.0,0.0,0.009999999999999998,0.039999999999999994,0.0,0,0,1.0,0.14285714285714285,1,0.0,0,0.0,0.0,0.3472,easy,5.337,0,0,1,0,1,0,0,0,0,0,0,1,0,0,0,0,0,0,0,0,0
134,67,1,5d482ea821c9be351f763358,2020-04-28 02:32:19.581000+00:00,i dont think the husband should have to take every call and translate,0.833333333,3,0.5,6,i dont think the husband should have to take every call and translate,7,13,69,1,-0.17144122773605125,0.22628005662156508,0.01,0.0,0.0,0.01,0.01,0.01,0.0,0.0,0.0,0.0,0.0,0.01,0.0,0.0,0.0,0.0,0.0,0.01,0.0,0.01,0.0,0.01,0.0,0.04,0.01,0.0,0.0,0.0,0.0,0.0,0.02,0.0,0.0,0.0,0.0,0.0,0.0,0.01,0.0,0.0,0.0,0.049999999999999996,0.0,0.01,0.01,0.029999999999999995,0.04,0.01,0.0,0.0,0.0,0.0,0.01,0.05999999999999999,0.0,0,0,1.0,0.07692307692307693,0,0.0005036151718260998,0,0.0,0.0,0.6447999999999999,easy,5.556,0,0,1,0,1,0,0,0,0,0,0,1,0,0,0,0,0,0,0,0,0
134,67,1,5d482eab21c9be351f763eff,2020-04-28 02:32:20.849000+00:00,if shes going to school and he has free time thats different,0.833333333,3,0.5,6,"if she's going to school and he has free time, that's different.",8,12,60,1,-0.17144122773605125,0.22628005662156508,0.01,0.0,0.0,0.02,0.0,0.01,0.0,0.0,0.0,0.0,0.02,0.0,0.0,0.0,0.0,0.0,0.0,0.0,0.0,0.0,0.01,0.0,0.0,0.03,0.0,0.0,0.02,0.0,0.0,0.0,0.02,0.01,0.0,0.01,0.01,0.0,0.0,0.0,0.0,0.01,0.01,0.03,0.0,0.0,0.01,0.03,0.02,0.01,0.0,0.0,0.0,0.01,0.0,0.049999999999999996,0.0,0,0,1.0,0.0,2,0.0,0,0.7,0.2,0.5952,easy,1.268,0,0,0,0,0,0,0,0,0,0,0,0,0,0,0,0,0,1,0,0,0
134,67,1,5d482ea821c9be351f7633c1,2020-04-28 02:32:27.015000+00:00,agreed,0.833333333,3,0.5,6,agreed,9,1,6,1,-1.2488724541535483,-1.3855016581664688,0.0,0.0,0.0,0.0,0.0,0.0,0.0,0.0,0.0,0.0,0.0,0.0,0.0,0.0,0.0,0.0,0.0,0.0,0.0,0.0,0.009999999999999998,0.0,0.0,0.0,0.0,0.0,0.0,0.0,0.0,0.0,0.0,0.0,0.0,0.0,0.0,0.0,0.0,0.0,0.0,0.0,0.0,0.0,0.0,0.0,0.0,0.0,0.0,0.0,0.0,0.0,0.0,0.0,0.0,0.0,0.0,0,0,1.0,0.0,0,0.0,0,0.0,0.0,0.0496,easy,6.166,0,0,0,0,0,0,0,0,0,0,0,0,0,0,0,0,0,0,0,0,0
134,67,1,5d482eab21c9be351f763eff,2020-04-28 02:32:27.032000+00:00,if her mom is older thats different,0.833333333,3,0.5,6,"if her mom is older, that's different.",10,7,35,1,-0.6611826942894591,-0.506347995554814,0.009999999999999998,0.0,0.0,0.009999999999999998,0.0,0.0,0.0,0.0,0.0,0.0,0.009999999999999998,0.0,0.0,0.0,0.0,0.0,0.0,0.009999999999999998,0.0,0.0,0.0,0.0,0.0,0.019999999999999997,0.0,0.0,0.009999999999999998,0.0,0.0,0.0,0.019999999999999997,0.009999999999999998,0.0,0.0,0.0,0.0,0.0,0.0,0.0,0.009999999999999998,0.009999999999999998,0.019999999999999997,0.0,0.0,0.0,0.019999999999999997,0.009999999999999998,0.0,0.0,0.0,0.0,0.0,0.0,0.03,0.0,0,0,1.0,0.0,0,0.0,0,0.4666666666666667,0.08333333333333333,0.3472,easy,0.017,0,0,0,0,0,0,0,0,0,0,0,0,0,0,0,0,0,0,0,0,0
134,67,1,5ea73b643ecdad5547203840,2020-04-28 02:32:28.961000+00:00,i then am considering that the husband is the head of the household,0.833333333,3,0.5,6,i then am considering that the husband is the head of the household,11,13,67,1,-0.17144122773605125,0.22628005662156508,0.0,0.0,0.01,0.01,0.0,0.0,0.01,0.0,0.0,0.0,0.0,0.0,0.0,0.0,0.0,0.0,0.01,0.01,0.0,0.0,0.0,0.01,0.0,0.02,0.0,0.0,0.01,0.0,0.0,0.0,0.01,0.01,0.0,0.0,0.0,0.0,0.0,0.01,0.0,0.0,0.0,0.02,0.0,0.03,0.0,0.02,0.01,0.01,0.0,0.0,0.0,0.0,0.01,0.09000000000000001,0.0,0,0,0.8461538461538461,0.07692307692307693,1,0.0,0,0.0,0.0,5.495915384615385,medium,1.929,0,0,0,0,0,0,0,0,0,0,0,1,0,0,0,0,0,0,0,0,0
134,67,1,5d482ea821c9be351f763358,2020-04-28 02:32:29.345000+00:00,i understand she is busy but it is her mom,0.833333333,3,0.5,6,i understand she is busy but it is her mom,12,10,42,1,-0.4652861076680959,-0.21329677468426236,0.0,0.0,0.0,0.009999999999999998,0.0,0.0,0.0,0.0,0.0,0.0,0.019999999999999997,0.0,0.0,0.0,0.0,0.0,0.0,0.009999999999999998,0.0,0.0,0.0,0.009999999999999998,0.0,0.03,0.0,0.0,0.009999999999999998,0.0,0.0,0.0,0.03,0.009999999999999998,0.0,0.009999999999999998,0.0,0.0,0.0,0.009999999999999998,0.0,0.0,0.009999999999999998,0.03,0.0,0.0,0.009999999999999998,0.019999999999999997,0.019999999999999997,0.0,0.0,0.0,0.0,0.0,0.009999999999999998,0.06999999999999999,0.0,0,0,0.9,0.1,2,0.00015518311607697082,0,0.3,0.1,0.496,easy,0.384,0,0,0,0,0,0,0,0,0,0,0,1,0,0,0,0,0,0,0,0,0
134,67,1,5d482eab21c9be351f763eff,2020-04-28 02:32:30.030000+00:00,so now i dont know,0.833333333,3,0.5,6,so now i don't know.,13,5,18,1,-0.9550275742215037,-0.9459248268606414,0.0,0.0,0.0,0.009999999999999998,0.0,0.0,0.0,0.0,0.019999999999999997,0.0,0.0,0.009999999999999998,0.0,0.0,0.0,0.0,0.0,0.0,0.0,0.0,0.0,0.009999999999999998,0.0,0.019999999999999997,0.0,0.0,0.009999999999999998,0.0,0.0,0.0,0.0,0.0,0.0,0.0,0.0,0.0,0.0,0.009999999999999998,0.0,0.0,0.0,0.019999999999999997,0.0,0.0,0.009999999999999998,0.009999999999999998,0.009999999999999998,0.0,0.0,0.0,0.0,0.0,0.009999999999999998,0.03,0.0,0,0,1.0,0.2,0,0.00015518311607697082,0,0.0,0.0,0.248,easy,0.685,0,0,0,0,0,0,0,0,0,0,1,0,0,0,0,0,1,0,0,0,0
134,67,1,5ea75dc4fd339b022f9ceb9c,2020-04-28 02:32:31.223000+00:00,again i dont think shes an asshole but definitely shouldnt expect her husband to answer every time her mom calls,0.833333333,3,0.5,6,"again, i don't think she's an asshole, but definitely shouldn't expect her husband to answer every time her mom calls",14,20,112,1,0.5141968254387196,1.2519593296684959,0.02,0.0,0.0,0.01,0.02,0.0,0.0,0.0,0.02,0.0,0.030000000000000002,0.02,0.01,0.0,0.0,0.0,0.0,0.02,0.0,0.01,0.01,0.02,0.0,0.030000000000000002,0.01,0.0,0.02,0.0,0.0,0.0,0.060000000000000005,0.0,0.0,0.0,0.0,0.0,0.01,0.01,0.0,0.0,0.01,0.04,0.0,0.01,0.01,0.030000000000000002,0.07,0.01,0.0,0.0,0.0,0.0,0.01,0.07,0.0,0,0,0.95,0.05,1,0.00015518311607697082,0,0.5,0.0,0.992,easy,1.193,0,0,1,0,1,0,0,0,0,0,1,0,0,0,0,0,0,0,0,0,0
134,67,1,5ea73b643ecdad5547203840,2020-04-28 02:32:35.216000+00:00,so she must be the aita,0.833333333,3,0.5,6,so she must be the aita,15,6,23,1,-0.7591309876001406,-0.6528736059900898,0.01,0.0,0.0,0.01,0.01,0.0,0.0,0.0,0.01,0.0,0.01,0.0,0.0,0.0,0.0,0.0,0.0,0.0,0.0,0.0,0.0,0.0,0.0,0.0,0.01,0.0,0.0,0.0,0.0,0.0,0.01,0.0,0.0,0.0,0.0,0.0,0.0,0.0,0.0,0.0,0.0,0.02,0.0,0.01,0.01,0.02,0.01,0.0,0.0,0.0,0.0,0.0,0.0,0.04,0.0,0,0,1.0,0.0,0,0.0,0,0.0,0.0,0.2976,easy,3.993,0,0,0,0,0,0,0,0,0,0,0,0,0,0,0,0,1,0,0,0,0
134,67,1,5d482ea521c9be351f762645,2020-04-28 02:32:40.807000+00:00,it sounds more like a chore for him than a request,0.833333333,3,0.5,6,it sounds more like a chore for him than a request,16,11,50,1,-0.2693895210467328,0.07975444618628927,0.0,0.01,0.01,0.0,0.0,0.0,0.0,0.0,0.0,0.0,0.01,0.0,0.0,0.0,0.0,0.0,0.0,0.0,0.0,0.01,0.01,0.0,0.0,0.0,0.0,0.0,0.0,0.0,0.0,0.0,0.02,0.01,0.0,0.0,0.0,0.0,0.0,0.0,0.0,0.0,0.0,0.0,0.0,0.02,0.0,0.0,0.0,0.02,0.0,0.01,0.0,0.03,0.0,0.07,0.0,0,0,0.9090909090909091,0.0,0,0.0,0,0.5,0.5,0.5456,easy,5.591,0,0,0,0,0,0,0,0,0,0,0,0,0,0,0,0,0,1,1,0,0
134,67,1,5ea73b643ecdad5547203840,2020-04-28 02:32:50.660000+00:00,i am just kidding i hate getting into other peoples fights even in a survey,0.833333333,3,0.5,6,i am just kidding i hate getting into other peoples fights even in a survey,17,15,75,1,-0.07349293442536971,0.3728056670568409,0.0,0.0,0.0,0.0,0.0,0.01,0.0,0.0,0.02,0.0,0.0,0.0,0.0,0.0,0.0,0.0,0.0,0.0,0.0,0.0,0.01,0.0,0.01,0.02,0.0,0.0,0.02,0.0,0.0,0.0,0.03,0.01,0.0,0.0,0.0,0.0,0.02,0.02,0.0,0.0,0.01,0.02,0.0,0.01,0.01,0.01,0.02,0.02,0.0,0.0,0.0,0.01,0.02,0.08,0.0,0,0,0.9333333333333333,0.13333333333333333,1,0.0,0,0.6375,-0.4625,0.744,easy,9.853,0,0,0,0,0,0,0,0,0,0,1,1,0,0,0,0,0,0,1,0,0
134,67,1,5ea788e421028d2296a48cb8,2020-04-28 02:32:51.511000+00:00,if he has the free time though ,0.833333333,3,0.5,6,"if he has the free time, though ",18,7,31,1,-0.6611826942894591,-0.506347995554814,0.01,0.0,0.0,0.02,0.0,0.0,0.0,0.0,0.01,0.0,0.01,0.0,0.0,0.0,0.0,0.0,0.0,0.0,0.0,0.0,0.01,0.0,0.0,0.01,0.0,0.0,0.01,0.0,0.0,0.0,0.01,0.0,0.0,0.0,0.01,0.0,0.0,0.0,0.0,0.01,0.01,0.01,0.0,0.01,0.0,0.01,0.01,0.0,0.0,0.0,0.0,0.01,0.0,0.04,0.0,0,0,1.0,0.0,0,0.0,0,0.8,0.4,0.3472,easy,0.851,0,0,0,0,0,0,0,0,0,0,0,0,0,0,0,0,0,1,0,0,0
134,67,1,5d482ea821c9be351f7633c1,2020-04-28 02:32:51.650000+00:00,they do say its a lot harder to learn new languages the older you are,0.833333333,3,0.5,6,they do say it's a lot harder to learn new languages the older you are,19,15,69,1,0.1224036521959934,0.6658568879273925,0.0,0.01,0.0,0.0,0.0,0.0,0.0,0.0,0.0,0.0,0.0,0.0,0.0,0.0,0.0,0.0,0.0,0.0,0.0,0.01,0.0,0.01,0.0,0.02,0.0,0.0,0.02,0.0,0.0,0.0,0.04,0.01,0.0,0.01,0.0,0.0,0.0,0.0,0.01,0.01,0.0,0.02,0.0,0.02,0.0,0.02,0.02,0.01,0.0,0.02,0.01,0.01,0.0,0.08,0.0,0,0,1.0,0.0,1,0.0,0,0.2626262626262626,0.06767676767676767,0.744,easy,0.139,0,0,0,0,0,0,0,0,0,0,0,0,1,0,0,0,0,0,0,0,0
134,67,1,5d482eab21c9be351f763eff,2020-04-28 02:32:51.733000+00:00,true she needs to respect his view on it also,0.833333333,3,0.5,6,true. she needs to respect his view on it also.,20,10,45,1,-0.36733781435741436,-0.06677116424898655,0.01,0.0,0.0,0.01,0.01,0.0,0.0,0.0,0.01,0.0,0.02,0.0,0.0,0.0,0.0,0.01,0.0,0.0,0.0,0.0,0.02,0.0,0.0,0.01,0.0,0.0,0.01,0.0,0.0,0.0,0.02,0.01,0.0,0.0,0.0,0.0,0.0,0.0,0.0,0.0,0.0,0.01,0.0,0.0,0.0,0.0,0.02,0.02,0.0,0.01,0.0,0.01,0.0,0.049999999999999996,0.0,0,0,1.0,0.0,1,0.0,0,0.65,0.35,0.496,easy,0.083,0,0,0,0,0,0,0,0,0,0,0,0,0,0,0,0,0,1,0,0,0
135,68,0,5d482ea921c9be351f763891,2020-04-28 02:07:45.531000+00:00,it,1.0,1,0.25,4,it,1,1,2,1,-1.2488724541535483,-1.13353602644883,0.0,0.0,0.0,0.0,0.0,0.0,0.0,0.0,0.0,0.0,0.0,0.0,0.0,0.0,0.0,0.0,0.0,0.0,0.0,0.0,0.0,0.0,0.0,0.0,0.0,0.0,0.0,0.0,0.0,0.0,0.0,0.01,0.0,0.0,0.0,0.0,0.0,0.0,0.0,0.0,0.0,0.0,0.0,0.0,0.0,0.0,0.0,0.0,0.0,0.0,0.0,0.0,0.0,0.01,0.0,0,0,1.0,0.0,0,0.0,0,0.0,0.0,0.0496,easy,0.0,0,0,0,0,0,0,0,0,0,0,0,0,0,0,0,0,0,0,0,0,0
135,68,0,5d482eaa21c9be351f763bfe,2020-04-28 02:08:15.437000+00:00,what did you guys end up going with i think they are somewhat justified in their decision as they feel left out and just want to probably get to know their sons partner better ,1.0,1,0.25,4,what did you guys end up going with? i think they are somewhat justified in their decision as they feel left out and just want to probably get to know their son's partner better. ,2,34,176,1,1.8854729317882615,1.482316342279239,0.01,0.0,0.0,0.02,0.0,0.03,0.0,0.01,0.02,0.0,0.0,0.0,0.0,0.0,0.0,0.0,0.0,0.01,0.0,0.01,0.01,0.049999999999999996,0.02,0.06,0.0,0.01,0.06,0.0,0.0,0.0,0.08,0.01,0.0,0.0,0.0,0.01,0.0,0.01,0.01,0.02,0.01,0.06999999999999999,0.01,0.0,0.02,0.02,0.12,0.06999999999999999,0.0,0.01,0.01,0.01,0.01,0.18000000000000002,0.01,1,0,0.9117647058823529,0.029411764705882353,0,0.0,1,0.4666666666666666,0.3,1.6864,easy,29.906,0,0,1,0,1,0,0,0,0,0,1,0,1,0,0,1,0,1,0,0,0
135,68,0,5d482ea821c9be351f7634eb,2020-04-28 02:08:26.040000+00:00,i dont think the author made an unreasonable request ,1.0,1,0.25,4,i don't think the author made an unreasonable request. ,3,9,53,1,-0.5632344009787775,-0.5613183207895648,0.0,0.0,0.0,0.0,0.0,0.0,0.0,0.0,0.0,0.0,0.0,0.01,0.0,0.0,0.0,0.0,0.0,0.0,0.0,0.0,0.0,0.01,0.0,0.02,0.0,0.01,0.0,0.0,0.0,0.0,0.01,0.0,0.0,0.0,0.0,0.01,0.0,0.01,0.0,0.0,0.0,0.030000000000000002,0.0,0.02,0.0,0.01,0.02,0.0,0.0,0.0,0.0,0.0,0.01,0.030000000000000002,0.0,0,0,1.0,0.1111111111111111,0,0.0005036151718260998,0,0.0,0.0,5.837344444444444,medium,10.603,0,0,1,0,1,0,0,0,0,0,0,1,0,0,0,0,0,0,1,0,0
135,68,0,5d482ea921c9be351f763891,2020-04-28 02:08:32.411000+00:00,its just rude to speak a foreign language in the presence of nonspeakers when you know the local language,1.0,1,0.25,4,it's just rude to speak a foreign language in the presence of nonspeakers when you know the local language.,4,19,105,1,0.5141968254387196,0.33788093096070887,0.0,0.010000000000000002,0.0,0.010000000000000002,0.0,0.0,0.0,0.0,0.020000000000000004,0.0,0.0,0.0,0.0,0.0,0.0,0.0,0.0,0.0,0.010000000000000002,0.0,0.0,0.010000000000000002,0.0,0.010000000000000002,0.0,0.0,0.03,0.0,0.0,0.0,0.04000000000000001,0.010000000000000002,0.0,0.0,0.0,0.0,0.010000000000000002,0.0,0.0,0.0,0.010000000000000002,0.010000000000000002,0.0,0.03,0.020000000000000004,0.0,0.020000000000000004,0.03,0.0,0.010000000000000002,0.010000000000000002,0.010000000000000002,0.0,0.1,0.0,0,0,0.8947368421052632,0.0,2,0.0,0,0.24166666666666667,-0.14166666666666666,0.9424,easy,6.371,0,0,0,0,0,0,0,0,0,0,0,0,1,0,0,0,0,0,1,0,0
135,68,0,5ea736e63ecdad5547202f44,2020-04-28 02:08:37.002000+00:00,my initial impression is that since the dad does not speak french and his son and partner know this they should speak english to be polite it would be nice to include him in the conversation,1.0,1,0.25,4,"my initial impression is that since the dad does not speak french and his son and partner know this, they should speak english to be polite. it would be nice to include him in the conversation.",5,36,190,1,2.1793178117203063,1.7275525018474953,0.019999999999999997,0.019999999999999997,0.0,0.019999999999999997,0.0,0.03,0.0,0.0,0.0,0.0,0.019999999999999997,0.009999999999999998,0.0,0.0,0.0,0.0,0.0,0.019999999999999997,0.0,0.0,0.019999999999999997,0.009999999999999998,0.009999999999999998,0.03,0.019999999999999997,0.0,0.019999999999999997,0.0,0.0,0.0,0.09,0.03,0.0,0.0,0.0,0.009999999999999998,0.0,0.009999999999999998,0.0,0.0,0.009999999999999998,0.06999999999999999,0.009999999999999998,0.019999999999999997,0.019999999999999997,0.06,0.07999999999999999,0.039999999999999994,0.0,0.019999999999999997,0.0,0.019999999999999997,0.009999999999999998,0.19999999999999998,0.0,0,0,0.8611111111111112,0.0,5,0.004767696559632389,0,0.25,0.15,2.224211111111111,easy,4.591,0,0,1,0,0,0,0,0,0,0,0,1,0,0,0,0,0,1,0,0,0
135,68,0,5ea720023ecdad55471ff9bc,2020-04-28 02:08:38.217000+00:00,well i believe that the son and his partner maybe should of spoke english instead of french the reason why is because i feel like that does make someone one feel uncomfortable ,1.0,1,0.25,4,well i believe that the son and his partner maybe should of spoke english instead of french. the reason why is because i feel like that does make someone one feel uncomfortable. ,6,32,176,1,1.5916280518562167,1.2370801827109825,0.01,0.01,0.0,0.02,0.0,0.01,0.0,0.0,0.03,0.01,0.01,0.0,0.0,0.0,0.0,0.0,0.0,0.01,0.0,0.0,0.02,0.04,0.01,0.06,0.01,0.01,0.0,0.0,0.0,0.0,0.049999999999999996,0.03,0.0,0.0,0.0,0.04,0.0,0.02,0.02,0.02,0.0,0.08,0.01,0.02,0.03,0.03,0.11,0.02,0.0,0.03,0.0,0.02,0.02,0.15,0.01,0,0,0.84375,0.0625,8,0.012604885227025077,1,0.3333333333333333,-0.16666666666666666,2.0806375,easy,1.215,0,0,1,0,1,0,0,0,0,0,1,0,0,0,0,0,0,1,1,0,0
135,68,0,5d482eaa21c9be351f763bfe,2020-04-28 02:09:23.535000+00:00,i agree they were all in the same room so i think as long as the dad asked nicely it was a reasonable request,1.0,1,0.25,4,"i agree. they were all in the same room so i think as long as the dad asked nicely, it was a reasonable request.",7,24,109,1,0.8080417053707643,0.5831170905289653,0.0,0.0,0.010000000000000002,0.030000000000000002,0.010000000000000002,0.0,0.0,0.0,0.010000000000000002,0.0,0.0,0.0,0.0,0.0,0.0,0.0,0.0,0.010000000000000002,0.0,0.010000000000000002,0.020000000000000004,0.020000000000000004,0.0,0.010000000000000002,0.0,0.030000000000000002,0.030000000000000002,0.0,0.0,0.0,0.04000000000000001,0.010000000000000002,0.0,0.0,0.0,0.010000000000000002,0.0,0.020000000000000004,0.0,0.0,0.0,0.04000000000000001,0.0,0.030000000000000002,0.010000000000000002,0.020000000000000004,0.04000000000000001,0.030000000000000002,0.0,0.0,0.0,0.030000000000000002,0.020000000000000004,0.15000000000000002,0.0,0,0,0.875,0.08333333333333333,2,0.00031036623215394165,0,0.53125,0.1875,1.1904,easy,45.318,0,0,1,0,1,0,0,0,0,0,1,1,0,0,0,0,1,1,0,0,0
135,68,0,5d482ea821c9be351f7634eb,2020-04-28 02:09:26.251000+00:00,sounds like most of us are in agreement,1.0,1,0.25,4,sounds like most of us are in agreement.,8,8,39,1,-0.5632344009787775,-0.5613183207895648,0.0,0.01,0.0,0.0,0.0,0.0,0.0,0.0,0.0,0.0,0.0,0.0,0.0,0.0,0.0,0.0,0.0,0.0,0.0,0.01,0.02,0.0,0.0,0.01,0.0,0.0,0.01,0.0,0.0,0.0,0.01,0.0,0.0,0.0,0.0,0.0,0.0,0.0,0.0,0.01,0.0,0.01,0.0,0.0,0.0,0.01,0.01,0.02,0.01,0.01,0.0,0.01,0.0,0.04,0.0,0,0,1.0,0.0,1,0.0,0,0.5,0.5,0.3968,easy,2.716,0,0,0,0,0,0,0,0,0,1,0,0,0,0,0,0,0,1,0,0,0
136,68,1,5d482ea921c9be351f763891,2020-04-28 02:22:51.040000+00:00,most germans learn english from an early age so it should not be a big leap to speak it in from of american inlaws,0.75,1,0.25,4,"most germans learn english from an early age, so it should not be a big leap to speak it in from of american in-laws.",1,24,114,1,1.0039382919921274,0.9025241398732161,0.009999999999999998,0.009999999999999998,0.0,0.009999999999999998,0.0,0.0,0.0,0.0,0.009999999999999998,0.0,0.0,0.009999999999999998,0.0,0.0,0.0,0.0,0.0,0.0,0.0,0.009999999999999998,0.0,0.009999999999999998,0.0,0.0,0.009999999999999998,0.0,0.039999999999999994,0.0,0.0,0.0,0.009999999999999998,0.019999999999999997,0.0,0.009999999999999998,0.0,0.0,0.0,0.0,0.0,0.009999999999999998,0.009999999999999998,0.019999999999999997,0.0,0.019999999999999997,0.009999999999999998,0.019999999999999997,0.039999999999999994,0.049999999999999996,0.0,0.009999999999999998,0.0,0.009999999999999998,0.0,0.13999999999999999,0.0,0,0,0.9166666666666666,0.0,0,0.0,0,0.18,0.12,1.1904,easy,0.0,0,0,1,0,0,0,0,0,0,0,0,0,0,0,0,0,0,0,0,0,0
136,68,1,5ea736e63ecdad5547202f44,2020-04-28 02:23:07.717000+00:00,im considering the fact that the husband specifically said he feels uncomfortable speaking english,0.75,1,0.25,4,i'm considering the fact that the husband specifically said he feels uncomfortable speaking english.,2,14,98,1,0.024455358885311848,0.0024326796222997093,0.0,0.019999999999999997,0.0,0.0,0.009999999999999998,0.0,0.0,0.0,0.0,0.009999999999999998,0.009999999999999998,0.0,0.0,0.0,0.0,0.0,0.0,0.009999999999999998,0.0,0.0,0.0,0.019999999999999997,0.0,0.009999999999999998,0.0,0.009999999999999998,0.0,0.0,0.0,0.0,0.039999999999999994,0.009999999999999998,0.0,0.0,0.0,0.0,0.0,0.0,0.009999999999999998,0.0,0.0,0.019999999999999997,0.0,0.019999999999999997,0.0,0.0,0.03,0.0,0.0,0.03,0.0,0.0,0.0,0.039999999999999994,0.0,0,0,0.9285714285714286,0.0,0,0.0006161429451632779,0,0.5,-0.25,6.586614285714285,difficult,16.677,0,0,1,0,1,0,0,0,0,0,0,1,0,0,0,0,0,0,1,0,0
136,68,1,5ea720023ecdad55471ff9bc,2020-04-28 02:23:08.490000+00:00,i think that the son is an asshole because his mom invited him and his partner to her home its only right to speak english in front of his mkm mom,0.75,1,0.25,4,i think that the son is an asshole because his mom invited him and his partner to her home it‚äôs only right to speak english in front of his mkm mom,3,31,146,1,1.5916280518562167,1.4425790160237657,0.0,0.009999999999999998,0.009999999999999998,0.019999999999999997,0.0,0.009999999999999998,0.0,0.0,0.009999999999999998,0.0,0.049999999999999996,0.0,0.009999999999999998,0.0,0.0,0.0,0.0,0.03,0.0,0.0,0.0,0.009999999999999998,0.009999999999999998,0.019999999999999997,0.0,0.0,0.03,0.0,0.0,0.0,0.09999999999999999,0.019999999999999997,0.0,0.0,0.0,0.009999999999999998,0.009999999999999998,0.009999999999999998,0.0,0.0,0.0,0.019999999999999997,0.009999999999999998,0.019999999999999997,0.019999999999999997,0.009999999999999998,0.03,0.039999999999999994,0.0,0.009999999999999998,0.0,0.009999999999999998,0.009999999999999998,0.18,0.0,0,0,0.8709677419354839,0.03225806451612903,2,0.0006161429451632779,0,0.5119047619047619,0.09523809523809523,1.5375999999999999,easy,0.773,0,0,1,0,1,0,0,0,0,0,0,1,0,0,0,0,0,1,0,0,0
136,68,1,5d482ea821c9be351f7634eb,2020-04-28 02:23:13.854000+00:00,i think that not speaking the language your host understands while spending a weekend with them is wrong son is an asshole,0.75,1,0.25,4,i think that not speaking the language your host understands while spending a weekend with them is wrong. son is an asshole.,4,22,122,1,0.7100934120600827,0.6324967017979412,0.0,0.01,0.0,0.01,0.0,0.01,0.0,0.0,0.0,0.0,0.0,0.01,0.01,0.0,0.0,0.0,0.0,0.01,0.01,0.0,0.0,0.02,0.0,0.04,0.0,0.0,0.02,0.0,0.0,0.0,0.049999999999999996,0.01,0.0,0.0,0.01,0.0,0.01,0.01,0.0,0.0,0.01,0.04,0.0,0.03,0.0,0.02,0.04,0.01,0.0,0.01,0.01,0.01,0.01,0.12,0.0,0,0,0.9545454545454546,0.045454545454545456,5,0.0024289565395791504,0,0.9,-0.5,1.0912,easy,5.364,0,0,1,0,1,0,0,0,0,0,0,1,1,0,0,0,0,0,1,0,0
136,68,1,5ea720023ecdad55471ff9bc,2020-04-28 02:23:39.458000+00:00,yes so true ,0.75,1,0.25,4,yes so true ,5,3,12,1,-1.0529758675321852,-0.9876679266537084,0.0,0.0,0.0,0.009999999999999998,0.009999999999999998,0.0,0.0,0.0,0.009999999999999998,0.0,0.0,0.0,0.0,0.0,0.0,0.0,0.0,0.0,0.0,0.0,0.0,0.0,0.0,0.0,0.0,0.0,0.0,0.0,0.0,0.0,0.0,0.0,0.0,0.0,0.0,0.0,0.0,0.0,0.0,0.0,0.0,0.0,0.0,0.0,0.019999999999999997,0.0,0.009999999999999998,0.0,0.0,0.0,0.0,0.0,0.0,0.009999999999999998,0.0,0,0,1.0,0.0,0,0.0,0,0.65,0.35,0.1488,easy,25.604,0,0,0,0,0,0,0,0,0,0,0,0,0,0,0,0,0,0,0,0,0
136,68,1,5d482eaa21c9be351f763c80,2020-04-28 02:23:47.807000+00:00,inviting the person to a conversation is their own choise,0.75,1,0.25,4,inviting the person to a conversation is their own choise,6,10,57,1,-0.36733781435741436,-0.35760390447806684,0.0,0.0,0.0,0.0,0.0,0.0,0.0,0.0,0.0,0.0,0.0,0.0,0.0,0.0,0.0,0.0,0.0,0.0,0.0,0.009999999999999998,0.0,0.0,0.009999999999999998,0.009999999999999998,0.0,0.0,0.0,0.0,0.0,0.0,0.029999999999999995,0.0,0.0,0.0,0.0,0.0,0.0,0.0,0.0,0.0,0.0,0.009999999999999998,0.0,0.019999999999999997,0.0,0.009999999999999998,0.0,0.009999999999999998,0.0,0.0,0.0,0.009999999999999998,0.0,0.05999999999999999,0.0,0,0,1.0,0.0,0,0.0,0,1.0,0.6,5.7115,medium,8.349,0,0,0,0,0,0,0,0,0,0,0,0,0,0,0,0,0,0,0,0,0
136,68,1,5d482eaa21c9be351f763bfe,2020-04-28 02:23:49.200000+00:00,i do kinda agree because while his partner can understand english his mom cant understand german,0.75,1,0.25,4,"i do kinda agree because while his partner can understand english, his mom can't understand german.",7,16,96,1,0.1224036521959934,0.09244182564739135,0.0,0.0,0.0,0.019999999999999997,0.0,0.0,0.0,0.0,0.0,0.0,0.019999999999999997,0.009999999999999998,0.0,0.0,0.0,0.0,0.0,0.009999999999999998,0.0,0.0,0.009999999999999998,0.019999999999999997,0.009999999999999998,0.05,0.0,0.0,0.009999999999999998,0.0,0.0,0.0,0.039999999999999994,0.0,0.0,0.0,0.0,0.009999999999999998,0.0,0.009999999999999998,0.0,0.009999999999999998,0.0,0.05,0.009999999999999998,0.0,0.009999999999999998,0.03,0.039999999999999994,0.0,0.0,0.0,0.0,0.0,0.009999999999999998,0.07,0.0,0,0,0.875,0.0625,0,0.0,0,0.0,0.0,0.7936,easy,1.393,0,0,0,0,0,0,0,0,0,0,0,1,0,0,0,0,0,0,0,0,0
136,68,1,5d482ea921c9be351f763891,2020-04-28 02:23:56.161000+00:00,it is so wrong when he knows english uncomfortable is pretty much the rule with inlaws,0.75,1,0.25,4,"it is so wrong, when he knows english. uncomfortable is pretty much the rule with inlaws.",8,16,86,1,0.22035194550667497,0.182450971672483,0.0,0.0,0.0,0.02,0.0,0.01,0.0,0.0,0.02,0.01,0.01,0.0,0.0,0.0,0.0,0.0,0.0,0.0,0.01,0.01,0.01,0.01,0.0,0.03,0.0,0.0,0.01,0.0,0.0,0.0,0.01,0.01,0.0,0.0,0.0,0.0,0.0,0.0,0.0,0.01,0.0,0.03,0.0,0.01,0.01,0.02,0.03,0.01,0.0,0.0,0.0,0.01,0.0,0.08,0.0,0,0,0.9375,0.0,0,0.0006161429451632779,0,0.62,-0.11000000000000001,5.416975,medium,6.961,0,0,0,0,0,0,0,0,0,0,0,0,0,0,0,0,0,1,1,0,0
136,68,1,5ea736e63ecdad5547202f44,2020-04-28 02:23:58.325000+00:00,on the other hand i dont think it is unreasonable to make an effort to speak a language that you are familiar with its not like its a completely unfamiliar language to him,0.75,1,0.25,4,"on the other hand, i don't think it is unreasonable to make an effort to speak a language that you are familiar with. it's not like its a completely unfamiliar language to him.",9,33,171,1,1.7875246384775798,1.622597308073949,0.0,0.009999999999999998,0.0,0.0,0.009999999999999998,0.009999999999999998,0.009999999999999998,0.009999999999999998,0.009999999999999998,0.0,0.009999999999999998,0.019999999999999997,0.0,0.0,0.0,0.0,0.009999999999999998,0.0,0.0,0.0,0.009999999999999998,0.009999999999999998,0.0,0.049999999999999996,0.0,0.0,0.009999999999999998,0.0,0.0,0.0,0.049999999999999996,0.049999999999999996,0.0,0.0,0.0,0.009999999999999998,0.0,0.009999999999999998,0.009999999999999998,0.0,0.009999999999999998,0.049999999999999996,0.0,0.039999999999999994,0.0,0.03,0.049999999999999996,0.049999999999999996,0.0,0.019999999999999997,0.009999999999999998,0.03,0.009999999999999998,0.19999999999999998,0.0,0,0,0.8484848484848485,0.030303030303030304,4,0.0,0,0.425,0.11666666666666665,6.708754545454545,difficult,2.164,0,0,1,0,1,0,0,0,0,0,1,0,1,0,0,0,0,1,1,0,0
136,68,1,5d482ea921c9be351f763891,2020-04-28 02:24:35.120000+00:00,mom is always right,0.75,1,0.25,4,mom is always right.,10,4,19,1,-0.9550275742215037,-0.8976587806286167,0.0,0.0,0.0,0.0,0.01,0.0,0.0,0.0,0.0,0.0,0.0,0.0,0.0,0.0,0.0,0.0,0.0,0.01,0.0,0.0,0.0,0.0,0.0,0.01,0.0,0.0,0.02,0.0,0.0,0.0,0.01,0.0,0.0,0.0,0.0,0.0,0.0,0.0,0.0,0.0,0.0,0.01,0.0,0.0,0.0,0.01,0.01,0.0,0.0,0.0,0.0,0.01,0.0,0.01,0.0,0,0,1.0,0.0,1,0.0,0,0.5357142857142857,0.2857142857142857,0.1984,easy,36.795,0,0,0,0,0,0,0,0,0,0,0,0,0,0,0,0,0,1,0,0,0
137,69,0,5ea6fc76002f966295b2010a,2020-04-28 01:47:25.223000+00:00,here the mother was not the asshole,1.0,3,0.428571429,7,"here, the mother was not the asshole",1,7,35,1,-0.6611826942894591,-0.924255020454829,0.0,0.0,0.0,0.0,0.0,0.0,0.0,0.0,0.009999999999999998,0.0,0.0,0.009999999999999998,0.009999999999999998,0.0,0.0,0.0,0.0,0.009999999999999998,0.0,0.0,0.0,0.0,0.0,0.0,0.0,0.009999999999999998,0.0,0.0,0.0,0.0,0.009999999999999998,0.0,0.0,0.0,0.0,0.0,0.009999999999999998,0.0,0.0,0.0,0.009999999999999998,0.009999999999999998,0.0,0.019999999999999997,0.0,0.009999999999999998,0.009999999999999998,0.0,0.0,0.0,0.0,0.0,0.0,0.049999999999999996,0.0,0,0,0.8571428571428571,0.0,0,0.0,0,0.0,0.0,0.3472,easy,0.0,0,0,0,0,0,0,0,0,0,0,0,0,0,0,0,0,0,0,0,0,0
137,69,0,5ea63e087c882f6974ff3233,2020-04-28 01:47:35.927000+00:00,definitely,1.0,3,0.428571429,7,definitely,2,1,10,1,-1.2488724541535483,-1.5019144082390972,0.0,0.0,0.0,0.0,0.010000000000000002,0.0,0.0,0.0,0.010000000000000002,0.0,0.0,0.0,0.0,0.0,0.0,0.0,0.0,0.0,0.0,0.0,0.010000000000000002,0.0,0.0,0.0,0.0,0.0,0.0,0.0,0.0,0.0,0.0,0.0,0.0,0.0,0.0,0.0,0.0,0.0,0.0,0.0,0.0,0.0,0.0,0.0,0.0,0.0,0.010000000000000002,0.0,0.0,0.0,0.0,0.0,0.0,0.0,0.0,0,0,1.0,0.0,0,0.0,0,0.5,0.0,0.0496,easy,10.704,0,0,0,0,0,0,0,0,0,0,0,0,0,0,0,0,0,0,0,0,0
137,69,0,5d482ea521c9be351f7625ef,2020-04-28 01:47:38.663000+00:00,i dont think she was either,1.0,3,0.428571429,7,i don't think she was either,3,6,27,1,-0.8570792809108222,-1.1168081497162516,0.0,0.0,0.0,0.0,0.0,0.0,0.0,0.0,0.0,0.0,0.01,0.01,0.0,0.0,0.0,0.0,0.0,0.0,0.0,0.01,0.0,0.01,0.0,0.02,0.0,0.01,0.0,0.0,0.0,0.0,0.01,0.0,0.0,0.0,0.0,0.0,0.0,0.01,0.0,0.0,0.01,0.03,0.0,0.0,0.0,0.02,0.02,0.0,0.0,0.0,0.0,0.0,0.01,0.03,0.0,0,0,1.0,0.16666666666666666,0,0.0,0,0.0,0.0,0.2976,easy,2.736,0,0,1,0,1,0,0,0,0,0,0,1,0,0,0,0,0,0,0,0,0
137,69,0,5ea75d88fd339b022f9ceb96,2020-04-28 01:47:39.351000+00:00,i feel like the women should have told her son her concerns by himself and let him tell his partner later on so his partner would take it better from him,1.0,3,0.428571429,7,i feel like the women should have told her son her concerns by himself and let him tell his partner later on so his partner would take it better from him,4,31,153,1,1.5916280518562167,1.290105966051532,0.02,0.0,0.0,0.02,0.0,0.01,0.0,0.01,0.01,0.0,0.06999999999999999,0.0,0.0,0.0,0.0,0.0,0.0,0.01,0.0,0.0,0.02,0.01,0.03,0.03,0.02,0.01,0.02,0.0,0.0,0.0,0.13,0.01,0.0,0.0,0.0,0.0,0.0,0.01,0.01,0.0,0.0,0.06999999999999999,0.02,0.01,0.02,0.04,0.04,0.03,0.0,0.01,0.0,0.02,0.01,0.16999999999999998,0.0,0,0,0.8709677419354839,0.03225806451612903,0,0.00015518311607697082,0,0.25,0.25,1.5375999999999999,easy,0.688,0,0,1,0,1,0,0,0,0,0,0,1,0,0,0,0,0,1,1,0,0
137,69,0,5ea6fc76002f966295b2010a,2020-04-28 01:47:53.533000+00:00,she felt distressful about their language spoken,1.0,3,0.428571429,7,she felt distressful about their language spoken,5,7,48,1,-0.6611826942894591,-0.924255020454829,0.0,0.009999999999999998,0.0,0.0,0.0,0.0,0.0,0.0,0.009999999999999998,0.009999999999999998,0.009999999999999998,0.0,0.0,0.0,0.0,0.0,0.0,0.0,0.009999999999999998,0.0,0.0,0.009999999999999998,0.0,0.0,0.0,0.019999999999999997,0.0,0.0,0.0,0.0,0.039999999999999994,0.0,0.0,0.0,0.0,0.0,0.0,0.0,0.009999999999999998,0.0,0.0,0.019999999999999997,0.0,0.0,0.0,0.0,0.009999999999999998,0.009999999999999998,0.0,0.019999999999999997,0.0,0.0,0.0,0.03,0.0,0,0,1.0,0.0,0,0.0,0,0.0,0.0,0.3472,easy,14.182,0,0,1,0,1,0,0,0,0,0,0,0,0,0,0,0,0,0,0,0,0
137,69,0,5d482eab21c9be351f764173,2020-04-28 01:48:04.777000+00:00,i believe the mother was the asshole i thinki she could have told her son in private about her concerns before embarrassing the partner,1.0,3,0.428571429,7,i believe the mother was the asshole. i thinki she could have told her son in private about her concerns before embarrassing the partner,6,24,135,1,0.7100934120600827,0.4236168843751298,0.01,0.0,0.0,0.0,0.0,0.0,0.0,0.0,0.01,0.01,0.030000000000000002,0.0,0.01,0.0,0.0,0.0,0.0,0.02,0.01,0.0,0.0,0.01,0.01,0.02,0.0,0.02,0.02,0.0,0.0,0.0,0.08,0.0,0.0,0.0,0.0,0.0,0.01,0.02,0.0,0.0,0.0,0.05,0.01,0.030000000000000002,0.0,0.030000000000000002,0.02,0.030000000000000002,0.0,0.0,0.0,0.0,0.02,0.13,0.0,0,0,0.8333333333333334,0.125,2,0.0,0,0.375,0.0,1.8483166666666664,easy,11.244,0,0,0,0,0,0,0,0,0,0,1,1,0,0,0,0,0,0,1,0,0
137,69,0,5ea63e087c882f6974ff3233,2020-04-28 01:48:16.936000+00:00,she claims that she was being excluded because they were talking in another language but youre not included in all conversations where you do understand the language being spoken,1.0,3,0.428571429,7,she claims that she was being excluded because they were talking in another language. but you're not included in all conversations where you do understand the language being spoken!,7,29,178,1,1.4936797585455353,1.1938294014208206,0.0,0.01,0.0,0.02,0.01,0.01,0.0,0.0,0.01,0.0,0.02,0.01,0.0,0.0,0.0,0.0,0.0,0.0,0.0,0.0,0.0,0.01,0.0,0.03,0.0,0.03,0.03,0.0,0.0,0.0,0.1,0.01,0.0,0.0,0.0,0.01,0.0,0.0,0.0,0.0,0.03,0.08,0.0,0.01,0.02,0.06,0.06999999999999999,0.02,0.0,0.01,0.02,0.0,0.0,0.18,0.0,0,0,0.8620689655172413,0.0,6,0.0,0,0.0,0.0,1.9828827586206894,easy,12.159,0,0,1,0,1,0,0,0,0,0,0,0,1,0,0,0,0,0,0,0,0
137,69,0,5d482ea521c9be351f7625ef,2020-04-28 01:48:18.896000+00:00,the sons should not have spoke a different language if they were invited into the mothers home,1.0,3,0.428571429,7,the son's should not have spoke a different language if they were invited into the mothers home,8,17,94,1,0.31830023881735653,0.0385106258522844,0.019999999999999997,0.009999999999999998,0.009999999999999998,0.009999999999999998,0.0,0.009999999999999998,0.0,0.0,0.0,0.0,0.0,0.009999999999999998,0.0,0.0,0.0,0.0,0.0,0.019999999999999997,0.0,0.0,0.0,0.0,0.0,0.009999999999999998,0.009999999999999998,0.019999999999999997,0.009999999999999998,0.0,0.0,0.0,0.049999999999999996,0.0,0.0,0.0,0.0,0.0,0.0,0.0,0.0,0.009999999999999998,0.019999999999999997,0.039999999999999994,0.0,0.029999999999999995,0.0,0.029999999999999995,0.039999999999999994,0.009999999999999998,0.0,0.009999999999999998,0.0,0.009999999999999998,0.0,0.09999999999999999,0.0,0,0,0.9411764705882353,0.0,5,0.001218026796589525,0,0.6,0.0,0.8432,easy,1.96,0,0,1,0,0,0,0,0,0,0,0,0,0,0,0,0,0,0,0,0,0
137,69,0,5ea75d88fd339b022f9ceb96,2020-04-28 01:48:21.444000+00:00,i dont think she was a a hole completly i think she could have handled it better ,1.0,3,0.428571429,7,i dont think she was a a hole completly i think she could have handled it better ,9,17,81,1,0.1224036521959934,-0.15404250340913828,0.01,0.0,0.0,0.0,0.0,0.0,0.0,0.01,0.0,0.0,0.02,0.01,0.0,0.0,0.0,0.0,0.0,0.0,0.0,0.0,0.01,0.02,0.0,0.04,0.0,0.01,0.0,0.0,0.0,0.0,0.02,0.01,0.0,0.0,0.0,0.0,0.0,0.02,0.0,0.0,0.0,0.06,0.0,0.02,0.0,0.04,0.03,0.0,0.0,0.0,0.0,0.03,0.02,0.09,0.0,0,0,0.7647058823529411,0.11764705882352941,3,0.0,0,0.5,0.5,0.8432,easy,2.548,0,0,1,0,1,0,0,0,0,0,1,1,0,0,0,0,0,1,0,0,0
137,69,0,5ea73a743ecdad554720364b,2020-04-28 01:48:28.450000+00:00,i agree with fulfilledelephant she shouldve brought it up privately before making it a public issue,1.0,3,0.428571429,7,i agree with fulfilledelephant she should've brought it up privately before making it a public issue,10,16,99,1,0.1224036521959934,-0.15404250340913828,0.01,0.0,0.0,0.0,0.0,0.01,0.0,0.01,0.0,0.0,0.01,0.0,0.0,0.0,0.0,0.0,0.0,0.0,0.0,0.0,0.01,0.0,0.0,0.0,0.01,0.02,0.03,0.0,0.0,0.0,0.02,0.02,0.0,0.0,0.0,0.01,0.0,0.01,0.0,0.0,0.0,0.02,0.0,0.01,0.0,0.01,0.04,0.03,0.0,0.0,0.0,0.01,0.01,0.08,0.0,0,0,0.9375,0.0625,4,0.00015518311607697082,0,0.22083333333333333,0.0,0.7936,easy,7.006,0,0,1,0,0,0,0,0,0,0,0,1,0,0,0,0,0,0,1,0,0
137,69,0,5ea63e087c882f6974ff3233,2020-04-28 01:48:32.584000+00:00,a married couple should be able to have a conversation by themselves whatever the language,1.0,3,0.428571429,7,"a married couple should be able to have a conversation by themselves, whatever the language.",11,15,90,1,0.1224036521959934,-0.15404250340913828,0.01,0.0,0.0,0.0,0.0,0.0,0.0,0.01,0.0,0.0,0.0,0.0,0.0,0.0,0.0,0.0,0.0,0.01,0.0,0.01,0.0,0.0,0.0,0.01,0.01,0.0,0.0,0.0,0.0,0.0,0.04,0.01,0.0,0.0,0.0,0.0,0.0,0.0,0.0,0.0,0.0,0.03,0.0,0.03,0.0,0.03,0.01,0.02,0.0,0.0,0.0,0.02,0.0,0.09000000000000001,0.0,0,0,0.9333333333333333,0.0,2,0.0,0,0.4375,0.375,5.433166666666667,medium,4.134,0,0,1,0,0,0,0,0,0,0,0,0,0,0,0,0,0,0,0,0,0
137,69,0,5ea6fc76002f966295b2010a,2020-04-28 01:48:47.243000+00:00,from the mother side we could tell that she also has equal rights so mother couldnt be an asshole,1.0,3,0.428571429,7,from the mother side we could tell that she also has equal rights so mother couldn't be an asshole,12,19,97,1,0.4162485321280381,0.13478719048299576,0.02,0.0,0.0,0.02,0.0,0.01,0.0,0.0,0.02,0.0,0.01,0.01,0.01,0.0,0.0,0.0,0.0,0.02,0.0,0.01,0.0,0.0,0.0,0.01,0.0,0.0,0.01,0.0,0.0,0.0,0.049999999999999996,0.01,0.0,0.0,0.0,0.0,0.01,0.0,0.0,0.0,0.0,0.04,0.0,0.02,0.01,0.04,0.03,0.01,0.01,0.0,0.0,0.0,0.01,0.09,0.0,0,0,0.9473684210526315,0.05263157894736842,2,0.0,0,0.25,0.0,0.9424,easy,14.659,0,0,0,0,0,0,0,0,0,1,0,0,0,0,0,0,0,0,0,0,0
138,69,1,5d482eab21c9be351f764173,2020-04-28 02:02:05.265000+00:00,soim thinking the daughter might be the asshole here but just barely i can see both sides of this,1.0,5,0.833333333,6,so...i'm thinking the daughter might be the asshole here but just barely. i can see both sides of this.,1,19,97,1,0.4162485321280381,0.16437632252448092,0.0,0.0,0.0,0.01,0.0,0.01,0.0,0.0,0.02,0.0,0.0,0.0,0.01,0.0,0.0,0.01,0.0,0.01,0.0,0.01,0.0,0.01,0.0,0.02,0.01,0.0,0.02,0.0,0.0,0.0,0.01,0.01,0.0,0.0,0.0,0.0,0.01,0.01,0.0,0.02,0.02,0.04,0.0,0.02,0.02,0.03,0.06,0.01,0.0,0.01,0.0,0.0,0.01,0.11,0.0,0,0,0.9473684210526315,0.05263157894736842,0,0.0,0,0.1,0.05,0.9424,easy,0.0,0,0,1,0,0,0,0,0,0,0,1,0,0,0,0,0,0,0,0,0,0
138,69,1,5ea63e087c882f6974ff3233,2020-04-28 02:02:16.980000+00:00,my initial impression is that this poster is caught in the middle she isnt trying to disrespect her mom but she kind of it,1.0,5,0.833333333,6,my initial impression is that this poster is caught in the middle. she isn't trying to disrespect her mom but she kind of it.,2,24,122,1,1.0039382919921274,0.75143461725477,0.0,0.0,0.0,0.01,0.0,0.0,0.0,0.01,0.0,0.0,0.03,0.01,0.0,0.0,0.0,0.0,0.0,0.01,0.0,0.0,0.02,0.0,0.0,0.03,0.0,0.01,0.04,0.0,0.0,0.0,0.04,0.03,0.0,0.0,0.0,0.0,0.0,0.01,0.0,0.01,0.01,0.04,0.0,0.01,0.01,0.03,0.02,0.03,0.0,0.0,0.0,0.0,0.01,0.14,0.01,0,0,0.9166666666666666,0.0,4,0.0,1,0.3,0.19999999999999998,1.1904,easy,11.715,0,0,0,0,0,0,0,0,0,0,0,1,0,0,0,0,1,0,1,0,0
138,69,1,5ea75d88fd339b022f9ceb96,2020-04-28 02:02:24.628000+00:00,i dont think this person is an a hole because his reasonings werent for selfish intentions he wasnt purposely trying to keep the mother out of the conversation ,1.0,5,0.833333333,6,i don‚äôt think this person is an a hole because his reasonings weren‚äôt for selfish intentions he wasn‚äôt purposely trying to keep the mother out of the conversation. ,3,28,160,1,1.2977831719241721,1.0449637646199146,0.0,0.0,0.0,0.010000000000000002,0.0,0.010000000000000002,0.0,0.020000000000000004,0.0,0.0,0.020000000000000004,0.020000000000000004,0.0,0.0,0.0,0.0,0.0,0.010000000000000002,0.010000000000000002,0.0,0.0,0.020000000000000004,0.010000000000000002,0.04000000000000001,0.0,0.010000000000000002,0.010000000000000002,0.0,0.010000000000000002,0.0,0.05,0.010000000000000002,0.0,0.0,0.0,0.04000000000000001,0.0,0.010000000000000002,0.0,0.0,0.0,0.05,0.0,0.04000000000000001,0.010000000000000002,0.03,0.06999999999999999,0.04000000000000001,0.0,0.0,0.0,0.010000000000000002,0.010000000000000002,0.13999999999999999,0.0,0,0,0.9642857142857143,0.03571428571428571,6,0.005,0,1.0,-0.5,1.9527285714285716,easy,7.648,0,0,1,0,1,0,0,0,0,0,0,1,0,0,0,0,0,0,1,0,0
138,69,1,5ea63e087c882f6974ff3233,2020-04-28 02:02:29.267000+00:00,only because she should be also spending quality one on one time with her mom,1.0,5,0.833333333,6,only because she should be also spending quality one on one time with her mom,4,15,77,1,0.1224036521959934,-0.12915282484066365,0.01,0.0,0.0,0.02,0.0,0.01,0.0,0.0,0.02,0.0,0.02,0.0,0.0,0.0,0.0,0.0,0.0,0.01,0.0,0.0,0.0,0.0,0.0,0.0,0.01,0.0,0.02,0.0,0.0,0.0,0.03,0.0,0.0,0.0,0.01,0.01,0.0,0.0,0.0,0.0,0.0,0.02,0.0,0.0,0.01,0.02,0.03,0.02,0.0,0.0,0.0,0.0,0.0,0.08,0.0,0,0,0.9333333333333333,0.0,1,0.0,0,1.0,0.0,0.744,easy,4.639,0,0,1,0,0,0,0,0,0,0,0,0,0,0,0,0,0,0,0,0,0
138,69,1,5ea6fc76002f966295b2010a,2020-04-28 02:02:33.791000+00:00,she might not be an asshole,1.0,5,0.833333333,6,she might not be an asshole,5,6,27,1,-0.7591309876001406,-1.0097402669360973,0.0,0.0,0.0,0.0,0.0,0.0,0.0,0.0,0.0,0.0,0.01,0.01,0.01,0.0,0.0,0.0,0.0,0.0,0.0,0.0,0.0,0.0,0.0,0.0,0.01,0.0,0.0,0.0,0.0,0.0,0.01,0.0,0.0,0.0,0.0,0.0,0.01,0.0,0.0,0.01,0.01,0.02,0.0,0.01,0.0,0.02,0.02,0.0,0.0,0.0,0.0,0.0,0.0,0.04,0.0,0,0,1.0,0.0,2,0.0,0,0.0,0.0,0.2976,easy,4.524,0,0,1,0,0,0,0,0,0,0,0,0,0,0,0,0,0,0,0,0,0
138,69,1,5d482ea521c9be351f7625ef,2020-04-28 02:02:43.100000+00:00,i dont think he is an asshole,1.0,5,0.833333333,6,i dont think he is an asshole,6,7,29,1,-0.7591309876001406,-1.0097402669360973,0.0,0.0,0.0,0.0,0.0,0.0,0.0,0.0,0.0,0.0,0.009999999999999998,0.009999999999999998,0.009999999999999998,0.0,0.0,0.0,0.0,0.0,0.0,0.0,0.0,0.009999999999999998,0.0,0.03,0.0,0.0,0.0,0.0,0.0,0.0,0.009999999999999998,0.0,0.0,0.0,0.0,0.0,0.009999999999999998,0.009999999999999998,0.0,0.0,0.0,0.03,0.0,0.009999999999999998,0.0,0.019999999999999997,0.009999999999999998,0.0,0.0,0.0,0.0,0.0,0.009999999999999998,0.039999999999999994,0.0,0,0,1.0,0.14285714285714285,1,0.0003202049311559398,0,0.0,0.0,0.3472,easy,9.309,0,0,1,0,1,0,0,0,0,0,0,1,0,0,0,0,0,0,0,0,0
138,69,1,5d482eab21c9be351f764173,2020-04-28 02:02:50.290000+00:00,i think it would have been a better choice to speak german when the mother isnt around like if theyre by themselves they can speak it but in front of the mother try for english,1.0,5,0.833333333,6,i think it would have been a better choice to speak german when the mother isn't around like if they're by themselves they can speak it but in front of the mother try for english,7,35,176,1,1.983421225098943,1.7298651084719185,0.02,0.02,0.0,0.03,0.0,0.01,0.0,0.02,0.02,0.0,0.0,0.01,0.0,0.0,0.0,0.0,0.0,0.02,0.0,0.0,0.02,0.02,0.0,0.06,0.01,0.01,0.04,0.0,0.0,0.0,0.06999999999999999,0.02,0.0,0.0,0.0,0.0,0.0,0.01,0.0,0.01,0.02,0.08,0.0,0.03,0.01,0.06,0.06,0.06,0.0,0.02,0.0,0.03,0.01,0.19,0.0,0,0,0.8857142857142857,0.02857142857142857,0,0.0005036151718260998,0,0.16666666666666666,0.16666666666666666,1.736,easy,7.19,0,0,1,0,1,0,0,0,0,0,0,1,0,0,0,0,0,1,0,0,0
138,69,1,5ea63e087c882f6974ff3233,2020-04-28 02:03:07.735000+00:00,the daughter can do a better job of making the mother feel more kept up to date with her life,1.0,5,0.833333333,6,the daughter can do a better job of making the mother feel more kept up to date with her life,8,20,93,1,0.6121451187494011,0.3600624207679106,0.0,0.0,0.0,0.0,0.0,0.010000000000000002,0.010000000000000002,0.010000000000000002,0.0,0.0,0.010000000000000002,0.0,0.0,0.0,0.010000000000000002,0.0,0.0,0.020000000000000004,0.0,0.010000000000000002,0.010000000000000002,0.010000000000000002,0.0,0.030000000000000002,0.0,0.010000000000000002,0.020000000000000004,0.0,0.010000000000000002,0.0,0.030000000000000002,0.0,0.0,0.010000000000000002,0.0,0.010000000000000002,0.0,0.0,0.010000000000000002,0.0,0.0,0.04000000000000001,0.0,0.030000000000000002,0.0,0.020000000000000004,0.04000000000000001,0.04000000000000001,0.0,0.010000000000000002,0.0,0.020000000000000004,0.0,0.11000000000000001,0.0,0,0,0.95,0.0,6,0.004623202577707956,0,0.5,0.5,0.992,easy,17.445,0,0,1,0,1,0,0,0,0,0,0,0,0,0,0,0,0,1,0,0,0
138,69,1,5d482ea521c9be351f7625ef,2020-04-28 02:03:08.858000+00:00,but i do think they should be more considerate considering they are at his moms,1.0,5,0.833333333,6,but i do think they should be more considerate considering they are at his moms,9,15,79,1,0.024455358885311848,-0.2269958739623785,0.01,0.0,0.0,0.01,0.0,0.0,0.0,0.0,0.0,0.0,0.01,0.0,0.0,0.0,0.0,0.0,0.0,0.01,0.0,0.01,0.01,0.02,0.0,0.030000000000000002,0.01,0.0,0.01,0.0,0.0,0.0,0.04,0.0,0.0,0.0,0.0,0.0,0.0,0.01,0.0,0.0,0.01,0.05,0.0,0.0,0.01,0.04,0.04,0.01,0.0,0.0,0.0,0.01,0.01,0.11,0.0,0,0,0.9333333333333333,0.06666666666666667,1,0.0013831258644536654,0,0.5,0.5,6.485833333333334,difficult,1.123,0,0,1,0,1,0,0,0,0,0,1,0,0,0,0,0,1,1,0,0,0
138,69,1,5ea63e087c882f6974ff3233,2020-04-28 02:03:15.276000+00:00,speak to the mother separately in english,1.0,5,0.833333333,6,speak to the mother separately in english!,10,7,41,1,-0.6611826942894591,-0.9118972178143825,0.0,0.01,0.0,0.0,0.0,0.0,0.0,0.0,0.0,0.0,0.0,0.0,0.0,0.0,0.0,0.0,0.0,0.01,0.0,0.0,0.0,0.0,0.0,0.0,0.0,0.0,0.02,0.0,0.0,0.0,0.02,0.0,0.0,0.0,0.0,0.0,0.0,0.0,0.0,0.0,0.0,0.0,0.0,0.01,0.0,0.0,0.0,0.02,0.0,0.01,0.0,0.0,0.0,0.029999999999999995,0.0,0,0,1.0,0.0,0,0.0,0,0.0,0.0,0.3472,easy,6.418,0,0,0,0,0,0,0,0,0,0,0,0,0,0,0,0,0,0,0,0,0
138,69,1,5ea6fc76002f966295b2010a,2020-04-28 02:03:18.978000+00:00,the person in the paragraph clearly said that the partner was not comfortable in speaking english,1.0,5,0.833333333,6,the person in the paragraph clearly said that the partner was not comfortable in speaking english,11,16,97,1,0.22035194550667497,-0.03130977571894878,0.0,0.02,0.0,0.0,0.01,0.0,0.0,0.0,0.01,0.0,0.0,0.01,0.0,0.0,0.0,0.0,0.0,0.0,0.0,0.0,0.01,0.0,0.02,0.0,0.0,0.02,0.02,0.0,0.0,0.0,0.04,0.01,0.0,0.0,0.0,0.0,0.0,0.0,0.0,0.0,0.01,0.02,0.01,0.03,0.0,0.01,0.02,0.02,0.0,0.02,0.0,0.02,0.0,0.08,0.0,0,0,0.8125,0.0,5,0.0006161429451632779,0,0.39444444444444443,-0.03333333333333333,0.7936,easy,3.702,0,0,0,0,0,0,0,0,0,0,0,0,0,0,0,0,0,1,0,0,0
138,69,1,5ea63e087c882f6974ff3233,2020-04-28 02:03:26.884000+00:00,the husband should definitely also be trying a little bit to speak in english to the motherinlaw even just a few words im sure it would mean a lot to her,1.0,5,0.833333333,6,"the husband should definitely also be trying a little bit to speak in english to the mother-in-law. even just a few words, i'm sure it would mean a lot to her",12,31,153,1,1.6895763451668984,1.436335961106774,0.02,0.01,0.0,0.01,0.02,0.0,0.0,0.01,0.04,0.0,0.01,0.0,0.0,0.0,0.0,0.0,0.0,0.01,0.0,0.03,0.02,0.01,0.0,0.01,0.02,0.0,0.02,0.0,0.0,0.0,0.03,0.01,0.0,0.0,0.0,0.0,0.0,0.0,0.0,0.01,0.01,0.04,0.0,0.05,0.01,0.03,0.06999999999999999,0.04,0.0,0.01,0.0,0.03,0.0,0.15,0.01,0,0,0.8387096774193549,0.0,3,0.0006161429451632779,1,0.4460648148148148,-0.03333333333333333,1.5375999999999999,easy,7.906,0,0,1,0,0,0,0,0,0,0,1,0,0,0,0,0,0,0,0,0,0
138,69,1,5ea73a743ecdad554720364b,2020-04-28 02:03:40.644000+00:00,i think the op is an asshole honestly they could play both sides and agree to talk to their mother in english more but theyre being super allornothing and only going with their so,1.0,5,0.833333333,6,"i think the op is an asshole, honestly. they could play both sides and agree to talk to their mother in english more, but they're being super all-or-nothing and only going with their so.",13,34,179,1,1.8854729317882615,1.6320220593502037,0.01,0.0,0.0,0.04,0.0,0.04,0.0,0.01,0.02,0.0,0.0,0.0,0.01,0.0,0.0,0.0,0.0,0.01,0.0,0.02,0.04,0.01,0.0,0.03,0.0,0.0,0.04,0.0,0.0,0.0,0.06,0.0,0.0,0.0,0.0,0.0,0.01,0.01,0.0,0.0,0.01,0.049999999999999996,0.0,0.02,0.04,0.04,0.07,0.04,0.0,0.0,0.0,0.01,0.01,0.19,0.0,0,0,0.9117647058823529,0.029411764705882353,4,0.0006161429451632779,0,0.6133333333333333,0.2866666666666667,1.6864,easy,13.76,0,0,1,0,1,1,0,0,0,0,0,1,0,0,0,0,0,1,0,0,0
139,70,0,5d482ea821c9be351f763134,2020-04-28 20:15:02.351000+00:00,i dont think the man is an asshole and hes definitely in a tough situation,1.0,1,0.25,4,"i don't think the man is an asshole, and he's definitely in a tough situation.",1,15,74,1,0.024455358885311848,-0.13224043746696776,0.0,0.0,0.0,0.01,0.01,0.01,0.0,0.0,0.01,0.0,0.01,0.01,0.01,0.0,0.0,0.0,0.0,0.0,0.0,0.0,0.01,0.01,0.01,0.04,0.0,0.0,0.01,0.0,0.0,0.0,0.02,0.0,0.0,0.0,0.0,0.0,0.01,0.01,0.0,0.0,0.0,0.04,0.0,0.030000000000000002,0.01,0.030000000000000002,0.030000000000000002,0.01,0.0,0.0,0.0,0.02,0.01,0.07,0.0,0,0,1.0,0.06666666666666667,0,0.0,0,0.8333333333333334,-0.3888888888888889,0.744,easy,0.0,0,0,1,0,1,0,0,0,0,0,0,1,0,0,0,0,0,1,0,0,0
139,70,0,5d482ea821c9be351f7632bd,2020-04-28 20:15:10.194000+00:00,i am thinking the author is not the asshole  if he has a job  the mother is calling him while he is working to get translation assistance his job could be at risk,1.0,1,0.25,4,i am thinking the author is not the asshole.  if he has a job & the mother is calling him while he is working to get translation assistance his job could be at risk.,2,33,162,1,1.7875246384775798,2.099316944788114,0.02,0.0,0.0,0.02,0.0,0.0,0.0,0.01,0.0,0.01,0.04,0.01,0.01,0.0,0.0,0.0,0.0,0.01,0.01,0.0,0.0,0.01,0.0,0.06,0.0,0.0,0.02,0.0,0.0,0.0,0.06,0.0,0.0,0.04,0.0,0.0,0.01,0.01,0.0,0.01,0.02,0.08,0.0,0.04,0.0,0.07,0.04,0.02,0.0,0.0,0.0,0.01,0.01,0.2,0.0,0,0,0.8181818181818182,0.030303030303030304,7,0.0004753880472329106,0,0.0,0.0,1.6368,easy,7.843,0,0,1,0,1,0,0,0,0,0,0,1,0,0,0,0,0,0,1,0,0
139,70,0,5d482ea821c9be351f763134,2020-04-28 20:15:27.518000+00:00,he has created the expectation that hell be available whenever his mil needs him,1.0,1,0.25,4,he has created the expectation that he'll be available whenever his mil needs him.,3,14,80,1,0.024455358885311848,-0.13224043746696776,0.020000000000000004,0.0,0.0,0.010000000000000002,0.0,0.0,0.0,0.010000000000000002,0.010000000000000002,0.0,0.03,0.0,0.010000000000000002,0.0,0.0,0.0,0.0,0.0,0.0,0.0,0.010000000000000002,0.0,0.0,0.020000000000000004,0.0,0.0,0.010000000000000002,0.0,0.0,0.0,0.03,0.010000000000000002,0.010000000000000002,0.0,0.0,0.010000000000000002,0.010000000000000002,0.0,0.0,0.0,0.0,0.03,0.0,0.010000000000000002,0.0,0.020000000000000004,0.03,0.0,0.0,0.0,0.0,0.010000000000000002,0.0,0.06999999999999999,0.0,0,0,1.0,0.0,5,0.0018832391713747645,0,0.4,0.4,5.458757142857143,medium,17.324,0,0,0,0,0,0,0,0,0,0,0,0,0,0,0,0,0,1,1,0,0
139,70,0,5d482ea821c9be351f763398,2020-04-28 20:15:43.586000+00:00,i think the same he is not an ahole it can be tough to be the designated translator,1.0,1,0.25,4,"i think the same, he is not an a-hole. it can be tough to be the designated translator.",4,18,83,1,0.31830023881735653,0.23968579290887915,0.0,0.0,0.0,0.0,0.0,0.0,0.0,0.0,0.0,0.0,0.01,0.01,0.0,0.0,0.0,0.0,0.0,0.0,0.0,0.01,0.0,0.01,0.0,0.03,0.0,0.0,0.0,0.0,0.0,0.0,0.01,0.01,0.0,0.0,0.0,0.0,0.0,0.01,0.0,0.0,0.01,0.049999999999999996,0.0,0.03,0.0,0.04,0.03,0.01,0.0,0.0,0.0,0.01,0.01,0.13,0.0,0,0,0.8888888888888888,0.05555555555555555,5,0.0,0,0.4791666666666667,-0.19444444444444445,0.8927999999999999,easy,16.068,0,0,1,0,1,0,0,0,0,0,0,1,0,0,0,0,0,1,0,0,0
139,70,0,5d482ea721c9be351f762df0,2020-04-28 20:15:50.609000+00:00,but old people needs more time learn things they have many difficulties with their health  feelings too,1.0,1,0.25,4,"but old people needs more time learn things. they have many difficulties with their health , feelings too",5,17,103,1,0.31830023881735653,0.23968579290887915,0.01,0.0,0.0,0.01,0.0,0.01,0.01,0.0,0.01,0.0,0.0,0.0,0.0,0.0,0.01,0.0,0.0,0.0,0.01,0.02,0.0,0.02,0.01,0.02,0.0,0.0,0.02,0.0,0.0,0.0,0.030000000000000002,0.01,0.0,0.01,0.0,0.0,0.0,0.0,0.01,0.0,0.01,0.02,0.0,0.0,0.01,0.01,0.05,0.01,0.0,0.01,0.0,0.0,0.0,0.06999999999999999,0.0,0,0,1.0,0.0,0,0.0,0,0.39999999999999997,0.3666666666666667,0.8432,easy,7.023,0,0,0,0,0,0,0,0,0,0,0,0,0,0,0,0,1,0,1,0,0
139,70,0,5d482ea821c9be351f7632bd,2020-04-28 20:15:59.274000+00:00,i also considered that she has been here 8 years  i dont think i could go 8 years where i would need someone to translate for me all of the time  i would not like to be that dependent upon others,1.0,1,0.25,4,i also considered that she has been here 8 years.  i don't think i could go 8 years where i would need someone to translate for me all of the time.  i would not like to be that dependent upon others.,6,41,195,1,2.0813695184096246,2.4712431751639605,0.04,0.0,0.0,0.01,0.01,0.0,0.0,0.0,0.030000000000000002,0.0,0.01,0.02,0.0,0.0,0.0,0.0,0.0,0.0,0.0,0.0,0.01,0.02,0.0,0.049999999999999996,0.02,0.01,0.060000000000000005,0.0,0.0,0.0,0.02,0.04,0.0,0.0,0.0,0.0,0.0,0.060000000000000005,0.0,0.01,0.01,0.09999999999999999,0.0,0.01,0.0,0.06999999999999999,0.09,0.049999999999999996,0.0,0.0,0.0,0.01,0.060000000000000005,0.21000000000000002,0.0,0,0,0.7804878048780488,0.14634146341463414,0,0.0013477088948787063,0,0.0,0.0,2.0336,easy,8.665,0,0,1,0,1,0,0,0,0,0,1,1,0,0,0,0,0,1,0,0,0
139,70,0,5ea888a27d50722703c540f0,2020-04-28 20:16:06.192000+00:00,its also different when youre coming from one country to another,1.0,1,0.25,4,it's also different when you're coming from one country to another,7,11,64,1,-0.2693895210467328,-0.5041666678428147,0.0,0.0,0.0,0.02,0.0,0.0,0.0,0.0,0.02,0.0,0.0,0.0,0.0,0.0,0.0,0.0,0.0,0.0,0.0,0.0,0.0,0.0,0.0,0.01,0.0,0.0,0.03,0.0,0.0,0.0,0.01,0.01,0.0,0.0,0.0,0.0,0.0,0.0,0.0,0.0,0.0,0.01,0.0,0.0,0.0,0.01,0.0,0.02,0.0,0.0,0.01,0.0,0.0,0.04,0.0,0,0,1.0,0.0,1,0.00199203187250996,0,0.6,0.0,0.5456,easy,6.918,0,0,0,0,0,0,0,0,0,0,0,0,1,0,0,0,0,0,0,0,0
139,70,0,5d482ea821c9be351f763134,2020-04-28 20:16:06.222000+00:00,he has every right to change that expectation but he cant dictate what his mil does,1.0,1,0.25,4,"he has every right to change that expectation, but he can't dictate what his mil does.",8,16,83,1,0.22035194550667497,0.11571038278359684,0.01,0.0,0.0,0.01,0.01,0.0,0.0,0.0,0.0,0.0,0.03,0.01,0.0,0.0,0.0,0.0,0.0,0.0,0.0,0.01,0.0,0.0,0.0,0.03,0.0,0.0,0.02,0.0,0.0,0.0,0.03,0.02,0.0,0.0,0.0,0.01,0.0,0.0,0.0,0.0,0.01,0.03,0.0,0.0,0.01,0.03,0.04,0.01,0.0,0.0,0.0,0.01,0.0,0.09,0.0,0,0,0.9375,0.0,1,0.0,0,0.5357142857142857,0.2857142857142857,5.416975,medium,0.03,0,0,0,0,0,0,0,0,0,0,0,0,0,0,0,0,0,1,0,0,0
140,70,2,5d482ea821c9be351f7632bd,2020-04-28 20:44:15.903000+00:00,my initial impression is that the the author is the asshole,0.75,1,0.25,4,my initial impression is that the the author is the asshole.,1,11,59,1,-0.2693895210467328,-0.6824388630407676,0.0,0.0,0.0,0.0,0.0,0.0,0.0,0.0,0.0,0.0,0.0,0.0,0.01,0.0,0.0,0.0,0.0,0.0,0.0,0.0,0.01,0.0,0.0,0.02,0.0,0.0,0.01,0.0,0.0,0.0,0.0,0.01,0.0,0.0,0.0,0.0,0.01,0.01,0.0,0.0,0.0,0.02,0.0,0.03,0.0,0.02,0.0,0.0,0.0,0.0,0.0,0.0,0.01,0.06999999999999999,0.0,0,0,0.7272727272727273,0.0,0,0.0,0,0.0,0.0,0.5456,easy,0.0,0,0,0,0,0,0,0,0,0,0,0,1,0,0,0,0,0,0,0,0,0
140,70,2,5d482ea821c9be351f763134,2020-04-28 20:44:33.554000+00:00,the woman summarized her post by asking aita for making my husband translate stuff for my mom i think she answered her own question,0.75,1,0.25,4,"the woman summarized her post by asking, ""aita for making my husband translate stuff for my mom?"" i think she answered her own question.",2,24,131,1,0.7100934120600827,0.6824388630407676,0.0,0.0,0.0,0.0,0.0,0.0,0.0,0.0,0.0,0.0,0.030000000000000002,0.0,0.0,0.0,0.0,0.0,0.0,0.02,0.0,0.01,0.0,0.030000000000000002,0.01,0.01,0.0,0.0,0.01,0.0,0.0,0.0,0.08,0.01,0.0,0.0,0.0,0.01,0.0,0.030000000000000002,0.0,0.01,0.0,0.01,0.0,0.01,0.0,0.0,0.04,0.030000000000000002,0.0,0.0,0.0,0.0,0.030000000000000002,0.11,0.0,0,0,0.875,0.125,3,0.0,0,1.0,0.6,1.1904,easy,17.651,0,0,1,0,1,0,0,0,0,0,1,0,0,0,0,0,0,0,0,0,0
140,70,2,5d482ea821c9be351f763398,2020-04-28 20:44:55.373000+00:00,while technically she is the ahole in the situation i think its more about expectations and assumptions,0.75,1,0.25,4,"while technically she is the a-hole in the situation, i think it's more about expectations and assumptions.",3,17,103,1,0.22035194550667497,0.0,0.01,0.0,0.0,0.02,0.0,0.01,0.0,0.0,0.01,0.0,0.01,0.0,0.0,0.0,0.0,0.0,0.0,0.0,0.0,0.01,0.0,0.02,0.0,0.02,0.0,0.0,0.02,0.0,0.0,0.0,0.01,0.01,0.0,0.0,0.0,0.0,0.0,0.01,0.0,0.01,0.0,0.02,0.0,0.02,0.01,0.01,0.04,0.02,0.0,0.0,0.0,0.0,0.01,0.11,0.0,0,0,0.9411764705882353,0.058823529411764705,3,0.0005036151718260998,0,0.3,0.25,5.408523529411765,medium,21.819,0,0,1,0,1,0,0,0,0,0,1,0,0,0,0,0,0,0,0,0,0
140,70,2,5d482ea821c9be351f763134,2020-04-28 20:45:09.097000+00:00,she is not an asshole for wanting her husbands help but is she for assuming hes willing to keep giving it,0.75,1,0.25,4,"she is not an asshole for wanting her husband's help, but is she for assuming he's willing to keep giving it.",4,21,105,1,0.7100934120600827,0.6824388630407676,0.010000000000000002,0.0,0.0,0.010000000000000002,0.0,0.0,0.0,0.0,0.0,0.0,0.04000000000000001,0.010000000000000002,0.010000000000000002,0.0,0.0,0.0,0.0,0.010000000000000002,0.0,0.0,0.010000000000000002,0.010000000000000002,0.0,0.04000000000000001,0.0,0.0,0.0,0.0,0.010000000000000002,0.0,0.08000000000000002,0.010000000000000002,0.0,0.0,0.0,0.0,0.010000000000000002,0.0,0.0,0.010000000000000002,0.020000000000000004,0.04000000000000001,0.0,0.010000000000000002,0.010000000000000002,0.03,0.05,0.03,0.0,0.0,0.0,0.010000000000000002,0.0,0.12,0.0,0,0,0.8571428571428571,0.0,4,0.0,0,0.75,0.25,1.0415999999999999,easy,13.724,0,0,0,0,0,0,0,0,0,0,0,0,0,0,0,0,0,1,0,0,0
140,70,2,5d482ea821c9be351f7632bd,2020-04-28 20:45:09.729000+00:00,i base this on her expecting her husband to be available whenever her mother needs a translation  also for her being mad that he suggested her parents learn english,0.75,1,0.25,4,"i base this on her expecting her husband to be available whenever her mother needs a translation.  also, for her being mad that he suggested her parents learn english.",5,29,164,1,1.3957314652348536,1.6378532712978422,0.02,0.0,0.0,0.02,0.0,0.0,0.0,0.0,0.02,0.0,0.05999999999999999,0.0,0.0,0.0,0.0,0.0,0.0,0.029999999999999995,0.01,0.0,0.0,0.01,0.0,0.01,0.0,0.0,0.02,0.0,0.0,0.0,0.09999999999999999,0.02,0.0,0.01,0.0,0.0,0.01,0.01,0.0,0.0,0.0,0.029999999999999995,0.0,0.01,0.0,0.02,0.029999999999999995,0.029999999999999995,0.0,0.0,0.0,0.02,0.01,0.15,0.0,0,0,0.8620689655172413,0.034482758620689655,7,0.0,0,0.6,-0.25625,1.4384,easy,0.632,0,0,1,0,1,0,0,0,0,0,0,1,0,0,0,0,0,1,1,0,0
140,70,2,5d482ea721c9be351f762df0,2020-04-28 20:45:20.624000+00:00,the woman should know their limits  she is distrubing lot,0.75,1,0.25,4,"the woman should know their limits , she is distrubing lot",6,10,57,1,-0.36733781435741436,-0.8189266356489211,0.009999999999999998,0.0,0.0,0.0,0.0,0.0,0.0,0.009999999999999998,0.0,0.0,0.009999999999999998,0.0,0.0,0.0,0.0,0.0,0.0,0.0,0.0,0.009999999999999998,0.0,0.009999999999999998,0.009999999999999998,0.019999999999999997,0.009999999999999998,0.0,0.0,0.0,0.009999999999999998,0.0,0.029999999999999995,0.0,0.0,0.0,0.0,0.0,0.0,0.0,0.0,0.009999999999999998,0.0,0.029999999999999995,0.0,0.009999999999999998,0.0,0.019999999999999997,0.039999999999999994,0.0,0.0,0.0,0.0,0.0,0.0,0.049999999999999996,0.0,0,0,1.0,0.0,0,0.0,0,0.0,0.0,0.496,easy,10.895,0,0,1,0,0,0,0,0,0,0,0,0,0,0,0,0,0,0,1,0,0
140,70,2,5ea888a27d50722703c540f0,2020-04-28 20:45:31.131000+00:00,she did mention that he does have more free time than her ,0.75,1,0.25,4,she did mention that he does have more free time than her ,7,12,58,1,-0.17144122773605125,-0.5459510904326141,0.0,0.0,0.0,0.0,0.0,0.0,0.0,0.0,0.0,0.0,0.03,0.0,0.0,0.0,0.0,0.0,0.0,0.0,0.0,0.009999999999999998,0.009999999999999998,0.0,0.0,0.019999999999999997,0.0,0.009999999999999998,0.009999999999999998,0.0,0.0,0.0,0.039999999999999994,0.009999999999999998,0.0,0.0,0.009999999999999998,0.0,0.0,0.0,0.0,0.0,0.0,0.03,0.0,0.0,0.0,0.03,0.0,0.009999999999999998,0.0,0.0,0.0,0.009999999999999998,0.0,0.09,0.0,0,0,1.0,0.0,1,0.0,0,0.65,0.45,0.5952,easy,10.507,0,0,0,0,0,0,0,0,0,0,0,0,0,0,0,0,0,1,0,0,0
141,71,0,5ea8823a7d50722703c539e8,2020-04-28 19:59:53.731000+00:00,so what did you all think,0.5,2,0.25,8,"so, what did you all think?",1,6,25,1,-0.7591309876001406,-0.822236275380827,0.0,0.0,0.0,0.01,0.01,0.0,0.0,0.0,0.01,0.0,0.0,0.0,0.0,0.0,0.0,0.0,0.0,0.0,0.0,0.0,0.0,0.01,0.0,0.01,0.0,0.01,0.0,0.0,0.0,0.0,0.01,0.01,0.0,0.0,0.0,0.0,0.0,0.0,0.0,0.0,0.0,0.02,0.0,0.0,0.01,0.01,0.02,0.0,0.0,0.0,0.01,0.0,0.0,0.05,0.0,1,0,1.0,0.0,0,0.0,0,0.0,0.0,0.2976,easy,0.0,0,0,1,0,1,0,0,0,0,0,0,0,1,0,0,1,1,0,0,0,0
141,71,0,5ea869c67d50722703c4fd3d,2020-04-28 20:00:09.733000+00:00,my initial impression is that this persons an asshole or at least being a bit unreasonable,0.5,2,0.25,8,my initial impression is that this person's an asshole. or at least being a bit unreasonable,2,16,90,1,0.22035194550667497,0.2696221932820598,0.0,0.0,0.0,0.01,0.0,0.0,0.0,0.0,0.0,0.0,0.0,0.0,0.01,0.0,0.0,0.0,0.0,0.0,0.0,0.02,0.01,0.0,0.01,0.01,0.0,0.0,0.02,0.0,0.0,0.0,0.01,0.02,0.0,0.0,0.0,0.0,0.01,0.01,0.0,0.01,0.01,0.02,0.0,0.02,0.0,0.02,0.01,0.01,0.0,0.0,0.0,0.01,0.01,0.09000000000000001,0.0,0,0,1.0,0.0,0,0.0,0,0.2,-0.15,5.416975,medium,16.002,0,0,0,0,0,0,0,0,0,0,0,1,0,0,0,0,0,0,1,0,0
141,71,0,5ea8823a7d50722703c539e8,2020-04-28 20:00:13.467000+00:00,i dont really know how to side on this one,0.5,2,0.25,8,i don't really know how to side on this one.,3,10,42,1,-0.4652861076680959,-0.494678734781961,0.0,0.0,0.0,0.009999999999999998,0.0,0.0,0.0,0.0,0.019999999999999997,0.0,0.0,0.009999999999999998,0.0,0.0,0.0,0.0,0.0,0.0,0.0,0.0,0.0,0.009999999999999998,0.0,0.019999999999999997,0.0,0.0,0.019999999999999997,0.0,0.0,0.0,0.0,0.009999999999999998,0.0,0.0,0.0,0.009999999999999998,0.0,0.009999999999999998,0.0,0.0,0.009999999999999998,0.019999999999999997,0.0,0.0,0.009999999999999998,0.009999999999999998,0.03,0.019999999999999997,0.0,0.0,0.0,0.0,0.009999999999999998,0.049999999999999996,0.0,0,0,1.0,0.1,1,0.0,0,0.2,0.2,0.496,easy,3.734,0,0,0,0,0,1,0,0,0,0,0,1,0,0,0,0,0,0,0,0,0
141,71,0,5ea877b87d50722703c52da7,2020-04-28 20:00:25.833000+00:00,i think shes right it is rude toexclude someone,0.5,2,0.25,8,i think she's right it is rude toexclude someone,4,9,47,1,-0.5632344009787775,-0.6038645816482496,0.0,0.0,0.0,0.0,0.0,0.0,0.0,0.0,0.0,0.0,0.009999999999999998,0.0,0.0,0.0,0.0,0.0,0.0,0.0,0.009999999999999998,0.0,0.0,0.009999999999999998,0.0,0.029999999999999995,0.0,0.0,0.009999999999999998,0.0,0.0,0.0,0.019999999999999997,0.019999999999999997,0.0,0.0,0.0,0.0,0.009999999999999998,0.009999999999999998,0.0,0.009999999999999998,0.0,0.029999999999999995,0.0,0.0,0.0,0.019999999999999997,0.019999999999999997,0.0,0.0,0.0,0.0,0.009999999999999998,0.009999999999999998,0.029999999999999995,0.0,0,0,1.0,0.1111111111111111,0,0.00015518311607697082,0,0.5678571428571428,-0.007142857142857145,0.44639999999999996,easy,12.366,0,0,1,0,1,0,0,0,0,0,0,1,0,0,0,0,0,1,1,0,0
141,71,0,5d482ea621c9be351f76280f,2020-04-28 20:00:29.004000+00:00,yes i thought they were being very unreasonable although more information wouldve been nice,0.5,2,0.25,8,"yes, i thought they were being very unreasonable although more information would've been nice",5,14,91,1,-0.07349293442536971,-0.05793534731680626,0.010000000000000002,0.0,0.0,0.010000000000000002,0.0,0.0,0.0,0.0,0.010000000000000002,0.0,0.0,0.0,0.0,0.0,0.0,0.0,0.0,0.0,0.0,0.010000000000000002,0.010000000000000002,0.020000000000000004,0.0,0.0,0.010000000000000002,0.04000000000000001,0.0,0.0,0.0,0.0,0.010000000000000002,0.0,0.0,0.0,0.0,0.0,0.0,0.010000000000000002,0.0,0.0,0.0,0.05,0.0,0.0,0.010000000000000002,0.04000000000000001,0.030000000000000002,0.0,0.0,0.0,0.0,0.010000000000000002,0.010000000000000002,0.07,0.0,0,0,1.0,0.07142857142857142,0,0.00015518311607697082,0,0.6,0.4333333333333333,6.586614285714285,difficult,3.171,0,0,1,0,1,0,0,0,0,0,1,0,0,0,0,0,0,1,1,0,0
141,71,0,5ea873447d50722703c5242f,2020-04-28 20:00:44.053000+00:00,she could have been much more reasonable and sat down to engage in a conversation,0.5,2,0.25,8,"she could have been much more reasonable, and sat down to engage in a conversation.",6,15,81,1,0.1224036521959934,0.16043634641577112,0.01,0.0,0.0,0.01,0.0,0.01,0.0,0.0,0.0,0.0,0.01,0.0,0.0,0.0,0.0,0.0,0.0,0.0,0.0,0.02,0.01,0.01,0.0,0.01,0.0,0.02,0.02,0.0,0.0,0.0,0.02,0.0,0.0,0.0,0.0,0.01,0.0,0.0,0.0,0.0,0.0,0.04,0.0,0.01,0.01,0.03,0.03,0.03,0.0,0.0,0.0,0.02,0.0,0.09,0.0,0,0,1.0,0.0,1,0.0013831258644536654,0,0.462962962962963,0.18148148148148147,5.433166666666667,medium,15.049,0,0,0,0,0,0,0,0,0,0,0,0,0,0,0,0,0,1,0,0,0
141,71,0,5ea869c67d50722703c4fd3d,2020-04-28 20:00:44.462000+00:00,he might speak english but it might make him uncomfortable or he may not be very good at it its just a week,0.5,2,0.25,8,"he might speak english, but it might make him uncomfortable, or he may not be very good at it it's just a week",7,23,107,1,0.9059899986814458,1.0339231213460807,0.0,0.01,0.0,0.02,0.0,0.0,0.0,0.0,0.02,0.01,0.030000000000000002,0.01,0.0,0.0,0.0,0.0,0.0,0.0,0.0,0.0,0.01,0.0,0.0,0.01,0.030000000000000002,0.0,0.02,0.0,0.0,0.0,0.04,0.030000000000000002,0.0,0.0,0.0,0.01,0.0,0.0,0.0,0.04,0.04,0.05,0.0,0.01,0.02,0.04,0.08,0.01,0.0,0.01,0.0,0.02,0.0,0.13999999999999999,0.0,0,0,0.8695652173913043,0.0,1,0.0,0,0.5933333333333334,0.13666666666666663,1.8273217391304348,easy,0.409,0,0,1,0,0,0,0,0,0,0,0,0,0,0,0,0,0,1,1,0,0
141,71,0,5d482ea721c9be351f762ca2,2020-04-28 20:01:03.161000+00:00,i am thinking that the person is an asshole the other party does not know much english so she probably made him uncomfortable,0.5,2,0.25,8,i am thinking that the person is an asshole. the other party does not know much english so she probably made him uncomfortable.,8,23,125,1,0.8080417053707643,0.9247372744797919,0.0,0.0,0.0,0.01,0.0,0.0,0.0,0.0,0.02,0.01,0.02,0.01,0.01,0.0,0.0,0.0,0.0,0.0,0.0,0.01,0.01,0.02,0.01,0.04,0.0,0.01,0.0,0.0,0.0,0.0,0.04,0.02,0.0,0.0,0.0,0.01,0.01,0.01,0.0,0.01,0.01,0.05,0.0,0.03,0.01,0.03,0.05,0.0,0.0,0.0,0.0,0.0,0.01,0.13,0.01,0,0,0.9565217391304348,0.043478260869565216,2,0.00719509031358433,1,0.4583333333333333,-0.20833333333333334,1.8273217391304348,easy,18.699,0,0,1,0,1,0,0,0,0,0,0,1,0,0,0,0,1,0,1,0,0
141,71,0,5ea877b87d50722703c52da7,2020-04-28 20:01:11.645000+00:00,ive been in this situation myself you feel like wallpaper,0.5,2,0.25,8,"i've been in this situation myself, you feel like wallpaper",9,10,57,1,-0.4652861076680959,-0.494678734781961,0.0,0.0,0.0,0.0,0.0,0.0,0.0,0.0,0.0,0.0,0.0,0.0,0.0,0.0,0.0,0.0,0.0,0.0,0.0,0.0,0.009999999999999998,0.009999999999999998,0.0,0.019999999999999997,0.0,0.009999999999999998,0.009999999999999998,0.0,0.0,0.0,0.009999999999999998,0.009999999999999998,0.0,0.0,0.0,0.0,0.0,0.019999999999999997,0.009999999999999998,0.0,0.0,0.029999999999999995,0.0,0.0,0.0,0.019999999999999997,0.009999999999999998,0.009999999999999998,0.0,0.009999999999999998,0.009999999999999998,0.009999999999999998,0.009999999999999998,0.049999999999999996,0.0,0,0,1.0,0.1,0,0.0,0,0.0,0.0,0.496,easy,8.484,0,0,1,0,1,0,0,0,0,0,1,1,1,0,0,0,0,1,0,0,0
141,71,0,5ea869c67d50722703c4fd3d,2020-04-28 20:01:26.373000+00:00,where you were the french person so to speak,0.5,2,0.25,8,"where you were the french person, so to speak?",10,9,44,1,-0.4652861076680959,-0.494678734781961,0.0,0.01,0.0,0.01,0.0,0.0,0.0,0.0,0.02,0.0,0.0,0.0,0.0,0.0,0.0,0.0,0.0,0.0,0.0,0.0,0.0,0.0,0.01,0.0,0.0,0.01,0.01,0.0,0.0,0.0,0.03,0.0,0.0,0.0,0.0,0.0,0.0,0.0,0.0,0.0,0.0,0.01,0.0,0.01,0.01,0.01,0.0,0.01,0.0,0.01,0.01,0.0,0.0,0.06,0.0,1,0,1.0,0.0,1,0.0,0,0.0,0.0,0.44639999999999996,easy,14.728,0,0,0,0,0,0,0,0,0,0,0,0,1,0,0,0,0,0,0,0,0
141,71,0,5d482ea621c9be351f76280f,2020-04-28 20:01:26.668000+00:00,i took it that it was just some conversation between the couple and it was easier to be spoken in french,0.5,2,0.25,8,i took it that it was just some conversation between the couple and it was easier to be spoken in french,11,21,104,1,0.6121451187494011,0.7063655807472146,0.0,0.01,0.0,0.01,0.0,0.01,0.0,0.0,0.01,0.0,0.0,0.0,0.0,0.0,0.0,0.0,0.0,0.0,0.0,0.02,0.01,0.0,0.0,0.0,0.0,0.04,0.02,0.0,0.0,0.0,0.02,0.04,0.0,0.0,0.0,0.0,0.0,0.01,0.0,0.01,0.01,0.05,0.0,0.01,0.02,0.030000000000000002,0.030000000000000002,0.030000000000000002,0.0,0.01,0.0,0.01,0.01,0.15,0.0,0,0,0.8571428571428571,0.047619047619047616,2,0.00411522633744856,0,0.0,0.0,1.793504761904762,easy,0.295,0,0,0,0,0,0,0,0,0,0,0,1,0,0,0,0,0,1,0,0,0
141,71,0,5d482ea721c9be351f762ca2,2020-04-28 20:01:55.648000+00:00,i am sure that the other person feels the same way when they are speaking in english ,0.5,2,0.25,8,i am sure that the other person feels the same way when they are speaking in english. ,12,17,85,1,0.22035194550667497,0.2696221932820598,0.0,0.01,0.0,0.01,0.01,0.0,0.0,0.0,0.01,0.0,0.0,0.0,0.0,0.0,0.0,0.0,0.0,0.0,0.0,0.01,0.01,0.01,0.01,0.03,0.0,0.0,0.03,0.0,0.0,0.0,0.03,0.02,0.0,0.0,0.0,0.0,0.0,0.01,0.01,0.0,0.0,0.03,0.0,0.02,0.0,0.02,0.03,0.01,0.0,0.02,0.0,0.0,0.01,0.11,0.0,0,0,0.9411764705882353,0.058823529411764705,4,0.00015518311607697082,0,0.3472222222222222,0.09375,0.8432,easy,28.98,0,0,1,0,1,0,0,0,0,0,0,1,0,0,0,0,0,0,0,0,0
141,71,0,5ea877b87d50722703c52da7,2020-04-28 20:01:57.828000+00:00,no i was the american,0.5,2,0.25,8,no i was the american,13,5,21,1,-0.9550275742215037,-1.0406079691134045,0.0,0.0,0.0,0.0,0.0,0.0,0.0,0.0,0.0,0.0,0.0,0.009999999999999998,0.0,0.0,0.0,0.0,0.0,0.0,0.0,0.0,0.0,0.0,0.0,0.0,0.0,0.009999999999999998,0.0,0.0,0.0,0.0,0.0,0.0,0.0,0.0,0.0,0.0,0.0,0.009999999999999998,0.0,0.0,0.0,0.009999999999999998,0.0,0.009999999999999998,0.009999999999999998,0.009999999999999998,0.0,0.0,0.0,0.0,0.0,0.0,0.009999999999999998,0.039999999999999994,0.0,0,0,1.0,0.2,1,0.00015518311607697082,0,0.0,0.0,0.248,easy,2.18,0,0,0,0,0,0,0,0,0,0,1,0,0,0,0,0,0,0,0,0,0
142,71,3,5ea8823a7d50722703c539e8,2020-04-28 20:44:41.403000+00:00,i thought op was the asshole thoughts,1.0,3,0.375,8,i thought op was the asshole. thoughts?,1,7,37,1,-0.7591309876001406,-0.7577640288661669,0.0,0.0,0.0,0.0,0.0,0.0,0.0,0.0,0.0,0.0,0.0,0.0,0.01,0.0,0.0,0.0,0.0,0.0,0.0,0.0,0.0,0.02,0.0,0.0,0.0,0.02,0.0,0.0,0.0,0.0,0.0,0.0,0.0,0.0,0.0,0.0,0.01,0.01,0.0,0.0,0.0,0.02,0.0,0.01,0.0,0.01,0.02,0.0,0.0,0.0,0.0,0.0,0.01,0.030000000000000002,0.0,1,0,1.0,0.14285714285714285,0,0.0,0,0.0,0.0,0.3472,easy,0.0,0,0,1,0,1,0,0,0,0,0,0,1,0,0,0,0,0,0,0,0,0
142,71,3,5ea869c67d50722703c4fd3d,2020-04-28 20:44:51.299000+00:00,same but also not same,1.0,3,0.375,8,same but also not same,2,5,22,1,-0.8570792809108222,-0.8584194011215726,0.0,0.0,0.0,0.02,0.0,0.0,0.0,0.0,0.01,0.0,0.0,0.01,0.0,0.0,0.0,0.0,0.0,0.0,0.0,0.02,0.0,0.0,0.0,0.0,0.0,0.0,0.0,0.0,0.0,0.0,0.0,0.0,0.0,0.0,0.0,0.0,0.0,0.0,0.0,0.0,0.02,0.0,0.0,0.0,0.01,0.0,0.04,0.0,0.0,0.0,0.0,0.0,0.0,0.04,0.0,0,0,0.8,0.0,0,0.0,0,0.125,0.0,0.248,easy,9.896,0,0,0,0,0,0,0,0,0,0,0,0,0,0,0,0,0,0,0,0,0
142,71,3,5d482ea921c9be351f7636c4,2020-04-28 20:44:51.673000+00:00,yes i agree ,1.0,3,0.375,8,yes i agree ,3,3,12,1,-1.1509241608428669,-1.1603855178877893,0.0,0.0,0.0,0.0,0.0,0.0,0.0,0.0,0.0,0.0,0.0,0.0,0.0,0.0,0.0,0.0,0.0,0.0,0.0,0.0,0.009999999999999998,0.0,0.0,0.0,0.0,0.0,0.0,0.0,0.0,0.0,0.0,0.0,0.0,0.0,0.0,0.0,0.0,0.009999999999999998,0.0,0.0,0.0,0.0,0.0,0.0,0.009999999999999998,0.0,0.0,0.0,0.0,0.0,0.0,0.0,0.009999999999999998,0.009999999999999998,0.0,0,0,1.0,0.3333333333333333,0,0.0,0,0.0,0.0,0.1488,easy,0.374,0,0,0,0,0,0,0,0,0,0,1,0,0,0,0,0,0,0,0,0,0
142,71,3,5d482ea621c9be351f76280f,2020-04-28 20:44:55.245000+00:00,i feel she was a bit of an asshole here because she couldve offered to translate for her mother,1.0,3,0.375,8,i feel she was a bit of an asshole here because she could've offered to translate for her mother.,4,19,95,1,0.4162485321280381,0.45010043819870055,0.009999999999999998,0.0,0.0,0.009999999999999998,0.0,0.0,0.0,0.0,0.009999999999999998,0.0,0.03,0.0,0.009999999999999998,0.0,0.0,0.0,0.0,0.009999999999999998,0.0,0.009999999999999998,0.0,0.009999999999999998,0.0,0.009999999999999998,0.009999999999999998,0.019999999999999997,0.0,0.0,0.0,0.0,0.049999999999999996,0.0,0.0,0.0,0.0,0.009999999999999998,0.009999999999999998,0.009999999999999998,0.009999999999999998,0.0,0.0,0.03,0.0,0.019999999999999997,0.009999999999999998,0.019999999999999997,0.03,0.03,0.0,0.009999999999999998,0.0,0.009999999999999998,0.009999999999999998,0.12,0.0,0,0,0.9473684210526315,0.05263157894736842,0,0.00015518311607697082,0,0.0,0.0,0.9424,easy,3.572,0,0,1,0,1,0,0,0,0,0,0,1,0,0,0,0,0,0,0,0,0
142,71,3,5ea869c67d50722703c4fd3d,2020-04-28 20:45:11.828000+00:00,i think he should have done more to try and encourage his so to participate in english instead of german,1.0,3,0.375,8,i think he should have done more to try and encourage his so to participate in english instead of german,5,20,104,1,0.5141968254387196,0.5507558104541062,0.01,0.0,0.0,0.02,0.0,0.01,0.0,0.01,0.02,0.0,0.02,0.0,0.0,0.0,0.0,0.0,0.0,0.0,0.0,0.01,0.01,0.01,0.0,0.030000000000000002,0.01,0.01,0.01,0.0,0.0,0.0,0.04,0.0,0.0,0.0,0.0,0.0,0.0,0.01,0.0,0.0,0.0,0.05,0.0,0.0,0.02,0.030000000000000002,0.030000000000000002,0.04,0.0,0.0,0.0,0.01,0.01,0.12000000000000001,0.0,0,0,0.95,0.05,3,0.00015518311607697082,0,0.16666666666666666,0.16666666666666666,1.7815,easy,16.583,0,0,1,0,1,0,0,0,0,0,0,1,0,0,0,0,0,1,0,0,0
142,71,3,5d482ea921c9be351f7638ea,2020-04-28 20:45:26.879000+00:00,i think the person in this story was the asshole,1.0,3,0.375,8,i think the person in this story was the asshole.,6,10,48,1,-0.4652861076680959,-0.4557979120999501,0.0,0.0,0.0,0.0,0.0,0.0,0.0,0.0,0.0,0.0,0.0,0.0,0.009999999999999998,0.0,0.0,0.0,0.0,0.0,0.0,0.0,0.0,0.009999999999999998,0.009999999999999998,0.009999999999999998,0.0,0.009999999999999998,0.009999999999999998,0.0,0.0,0.0,0.019999999999999997,0.009999999999999998,0.0,0.0,0.0,0.0,0.009999999999999998,0.009999999999999998,0.0,0.0,0.0,0.019999999999999997,0.0,0.019999999999999997,0.0,0.009999999999999998,0.019999999999999997,0.009999999999999998,0.0,0.0,0.0,0.0,0.009999999999999998,0.06,0.0,0,0,0.9,0.1,1,0.0005036151718260998,0,0.0,0.0,0.496,easy,15.051,0,0,1,0,1,0,0,0,0,0,0,1,0,0,0,0,0,0,0,0,0
142,71,3,5ea877b87d50722703c52da7,2020-04-28 20:45:28.788000+00:00,this one is not that clear cut to me shes kind of an ahole but not completely,1.0,3,0.375,8,this one is not that clear cut to me. she's kind of an ahole but not completely,7,17,77,1,0.22035194550667497,0.24878969368788928,0.0,0.0,0.0,0.01,0.02,0.0,0.0,0.0,0.01,0.0,0.01,0.02,0.0,0.0,0.0,0.0,0.0,0.0,0.0,0.0,0.01,0.0,0.0,0.02,0.0,0.0,0.0,0.0,0.0,0.0,0.01,0.02,0.0,0.0,0.0,0.0,0.01,0.01,0.0,0.01,0.03,0.02,0.0,0.01,0.01,0.02,0.06,0.02,0.0,0.0,0.0,0.01,0.01,0.09999999999999999,0.01,0,0,0.9411764705882353,0.058823529411764705,1,0.0,1,0.561111111111111,0.21666666666666665,0.8432,easy,1.909,0,0,0,0,0,0,0,0,0,0,0,0,0,0,0,0,0,1,0,0,0
142,71,3,5ea8823a7d50722703c539e8,2020-04-28 20:45:35.947000+00:00,i understand the german partner was uncomfortable with english but they couldve put in a bit more effort into practicing,1.0,3,0.375,8,"i understand the german partner was uncomfortable with english, but they could've put in a bit more effort into practicing.",8,20,120,1,0.5141968254387196,0.5507558104541062,0.01,0.0,0.0,0.01,0.0,0.02,0.0,0.01,0.0,0.01,0.0,0.0,0.0,0.0,0.0,0.0,0.0,0.0,0.0,0.02,0.0,0.01,0.01,0.01,0.01,0.02,0.03,0.0,0.0,0.0,0.02,0.0,0.0,0.0,0.0,0.0,0.0,0.01,0.0,0.0,0.01,0.03,0.01,0.02,0.01,0.02,0.049999999999999996,0.03,0.0,0.0,0.0,0.01,0.01,0.09999999999999999,0.0,0,0,1.0,0.05,1,0.0,0,0.375,0.0,1.7815,easy,7.159,0,0,0,0,0,0,0,0,0,0,0,1,0,0,0,0,0,0,1,0,0
142,71,3,5ea869c67d50722703c4fd3d,2020-04-28 20:45:43.717000+00:00,yeah i think kind of an asshole is fair,1.0,3,0.375,8,yeah i think kind of an asshole is fair,9,9,39,1,-0.5632344009787775,-0.5564532843553557,0.0,0.0,0.0,0.0,0.0,0.0,0.0,0.0,0.0,0.0,0.0,0.0,0.01,0.0,0.0,0.0,0.0,0.0,0.0,0.0,0.01,0.01,0.0,0.02,0.0,0.0,0.0,0.0,0.0,0.0,0.0,0.0,0.0,0.0,0.0,0.0,0.01,0.01,0.0,0.01,0.0,0.02,0.0,0.01,0.0,0.01,0.02,0.01,0.0,0.0,0.0,0.01,0.01,0.04,0.01,0,0,1.0,0.1111111111111111,0,0.00015518311607697082,1,0.9,0.6499999999999999,0.44639999999999996,easy,7.77,0,0,1,0,1,0,0,0,0,0,1,0,0,0,0,0,0,1,0,0,0
142,71,3,5d482ea621c9be351f76280f,2020-04-28 20:45:48.923000+00:00,she couldve done things to make both her husband and her mother feel more at ease,1.0,3,0.375,8,\she could've done things to make both her husband and her mother feel more at ease.,10,16,81,1,0.22035194550667497,0.24878969368788928,0.01,0.0,0.0,0.01,0.0,0.02,0.0,0.0,0.0,0.0,0.03,0.0,0.0,0.0,0.0,0.0,0.0,0.02,0.0,0.02,0.01,0.01,0.0,0.02,0.01,0.02,0.02,0.0,0.0,0.0,0.05,0.01,0.0,0.0,0.0,0.01,0.0,0.0,0.01,0.0,0.0,0.04,0.0,0.0,0.01,0.02,0.05,0.02,0.0,0.01,0.0,0.01,0.0,0.08,0.0,0,0,0.9375,0.0,0,0.0,0,0.5,0.5,0.7936,easy,5.206,0,0,1,0,1,0,0,0,0,0,0,0,0,0,0,0,0,1,0,0,0
142,71,3,5ea873447d50722703c5242f,2020-04-28 20:45:51.117000+00:00,there is a middle ground between including mom and making husband comfortable ,1.0,3,0.375,8,there is a middle ground between including mom and making husband comfortable. ,11,12,78,1,-0.17144122773605125,-0.1538317953337332,0.0,0.0,0.0,0.01,0.0,0.02,0.0,0.0,0.01,0.0,0.0,0.0,0.0,0.0,0.0,0.0,0.0,0.02,0.0,0.0,0.01,0.0,0.0,0.01,0.0,0.0,0.02,0.0,0.0,0.0,0.02,0.0,0.0,0.0,0.0,0.01,0.0,0.0,0.0,0.0,0.0,0.01,0.0,0.01,0.01,0.01,0.030000000000000002,0.01,0.0,0.0,0.0,0.02,0.0,0.049999999999999996,0.0,0,0,1.0,0.0,1,0.000727802037845706,0,0.4,0.2,0.5952,easy,2.194,0,0,0,0,0,0,0,0,0,0,0,0,0,0,0,0,0,1,0,0,0
142,71,3,5ea883c07d50722703c53b68,2020-04-28 20:45:57.082000+00:00,i also feel like she was the asshole she was only staying there for one weekend she could have afforded to make the husband uncomfortable for one weekend,1.0,3,0.375,8,"i also feel like she was the asshole. she was only staying there for one weekend, she could have afforded to make the husband uncomfortable for one weekend",12,28,153,1,1.2977831719241721,1.355998788497351,0.01,0.0,0.0,0.01,0.0,0.0,0.0,0.0,0.03,0.01,0.03,0.0,0.01,0.0,0.0,0.0,0.0,0.01,0.0,0.0,0.01,0.01,0.0,0.03,0.0,0.02,0.03,0.0,0.0,0.0,0.04,0.0,0.0,0.0,0.0,0.01,0.01,0.01,0.01,0.0,0.0,0.06,0.0,0.02,0.0,0.04,0.03,0.03,0.0,0.01,0.0,0.01,0.01,0.13999999999999999,0.0,0,0,0.75,0.03571428571428571,0,0.0028154847100795265,0,1.0,-0.25,1.9527285714285716,easy,5.965,0,0,1,0,1,0,0,0,0,0,0,1,0,0,0,0,0,1,1,0,0
142,71,3,5ea869c67d50722703c4fd3d,2020-04-28 20:46:05.776000+00:00,its tough to definitively say anyone is a cut and dry asshole,1.0,3,0.375,8,it's tough to definitively say anyone is a cut and dry asshole,13,12,61,1,-0.17144122773605125,-0.1538317953337332,0.0,0.01,0.0,0.01,0.01,0.01,0.0,0.0,0.0,0.0,0.0,0.0,0.01,0.0,0.0,0.0,0.0,0.0,0.0,0.0,0.0,0.0,0.0,0.01,0.0,0.0,0.0,0.0,0.0,0.0,0.02,0.02,0.0,0.0,0.0,0.0,0.02,0.0,0.01,0.01,0.0,0.01,0.0,0.01,0.01,0.01,0.03,0.01,0.0,0.02,0.0,0.02,0.0,0.049999999999999996,0.0,0,0,1.0,0.0,1,0.0003202049311559398,0,0.7166666666666667,-0.22777777777777777,0.5952,easy,8.694,0,0,0,0,0,0,0,0,0,0,0,0,0,0,0,0,0,1,0,0,0
142,71,3,5ea8823a7d50722703c539e8,2020-04-28 20:46:11.219000+00:00,heck even with broken english i think the mother wouldve still been appreciative,1.0,3,0.375,8,"heck, even with broken english, i think the mother would've still been appreciative.",14,13,80,1,-0.17144122773605125,-0.1538317953337332,0.010000000000000002,0.0,0.0,0.0,0.0,0.010000000000000002,0.0,0.0,0.020000000000000004,0.0,0.0,0.0,0.010000000000000002,0.0,0.0,0.0,0.0,0.010000000000000002,0.0,0.0,0.010000000000000002,0.020000000000000004,0.0,0.010000000000000002,0.010000000000000002,0.020000000000000004,0.010000000000000002,0.0,0.0,0.0,0.010000000000000002,0.0,0.0,0.0,0.0,0.0,0.0,0.010000000000000002,0.0,0.0,0.0,0.03,0.0,0.010000000000000002,0.0,0.020000000000000004,0.04000000000000001,0.010000000000000002,0.0,0.0,0.0,0.010000000000000002,0.010000000000000002,0.04000000000000001,0.0,0,0,1.0,0.07692307692307693,0,0.0,0,0.43333333333333335,0.06666666666666665,5.495915384615385,medium,5.443,0,0,1,0,1,0,0,0,0,0,1,0,0,0,0,0,0,1,1,0,0
143,72,0,5ea7a4e621028d2296a4dba0,2020-04-28 19:34:55.455000+00:00,i dont think the woman is the asshole it sounds like there may be some cultural clash though as long as the husband has a fair amount of free time and the wife is still helping with the calls every once in a while i dont see the issue,0.857142857,2,0.285714286,7,i don't think the woman is the asshole. it sounds like there may be some cultural clash though. as long as the husband has a fair amount of free time and the wife is still helping with the calls every once in a while i don't see the issue.,1,49,234,1,3.2567490381378037,1.3136148743496783,0.0,0.01,0.0,0.049999999999999996,0.01,0.02,0.0,0.0,0.029999999999999995,0.0,0.0,0.02,0.01,0.0,0.0,0.01,0.0,0.02,0.0,0.02,0.029999999999999995,0.01,0.01,0.06999999999999999,0.01,0.0,0.05999999999999999,0.0,0.0,0.0,0.05999999999999999,0.01,0.0,0.0,0.01,0.0,0.01,0.02,0.0,0.02,0.0,0.09,0.0,0.08,0.01,0.06999999999999999,0.06999999999999999,0.049999999999999996,0.0,0.02,0.0,0.05999999999999999,0.02,0.24999999999999997,0.0,0,0,0.7959183673469388,0.04081632653061224,0,0.0,0,0.55,0.2875,2.4304,easy,0.0,0,0,1,0,1,0,0,0,0,0,1,1,0,0,0,0,0,1,1,0,0
143,72,0,5d482ea821c9be351f7634d3,2020-04-28 19:35:26.848000+00:00,i think it would be frustrating as the husband to be translating a lot of material for the wifes family though if theyre calling every day i can see why he would want the wife to handle the calls and translating,0.857142857,2,0.285714286,7,i think it would be frustrating as the husband to be translating a lot of material for the wife's family though. if they're calling every day i can see why he would want the wife to handle the calls and translating.,2,41,211,1,2.473162691652351,0.7152422625462661,0.04,0.0,0.01,0.04,0.01,0.01,0.0,0.0,0.01,0.0,0.01,0.0,0.0,0.0,0.0,0.01,0.0,0.04,0.0,0.02,0.0,0.01,0.0,0.049999999999999996,0.02,0.0,0.01,0.0,0.0,0.0,0.08,0.01,0.0,0.0,0.0,0.01,0.01,0.02,0.0,0.02,0.01,0.09,0.0,0.049999999999999996,0.01,0.05999999999999999,0.09,0.049999999999999996,0.0,0.01,0.0,0.01,0.02,0.19999999999999998,0.0,0,0,0.8048780487804879,0.04878048780487805,12,0.02313972187694129,0,0.9,-0.4,2.418721951219512,easy,31.393,0,0,1,0,1,0,0,0,0,0,1,1,0,0,0,0,0,0,1,0,0
143,72,0,5ea8684a7d50722703c4f614,2020-04-28 19:35:55.023000+00:00,currently im working fulltime while also going back to school for my masters so when my mom calls for translationrelated stuff i pass it onto my husband since he also speaks spanish and currently has more free time ,0.857142857,2,0.285714286,7,"currently i'm working full-time while also going back to school for my master's. so when my mom calls for translation-related stuff, i pass it onto my husband, since he also speaks spanish and currently has more free time. ",3,38,215,1,1.983421225098943,0.3412593801691335,0.0,0.01,0.0,0.06,0.0,0.01,0.0,0.02,0.049999999999999996,0.0,0.01,0.0,0.0,0.0,0.0,0.0,0.0,0.02,0.0,0.02,0.01,0.0,0.0,0.01,0.0,0.0,0.09999999999999999,0.0,0.0,0.0,0.049999999999999996,0.02,0.0,0.03,0.01,0.01,0.0,0.04,0.0,0.0,0.0,0.01,0.0,0.0,0.02,0.01,0.02,0.049999999999999996,0.0,0.01,0.0,0.02,0.04,0.15,0.0,0,0,0.868421052631579,0.10526315789473684,6,0.01224662151755904,0,0.35000000000000003,0.15,2.3003263157894738,easy,28.175,0,0,0,0,0,0,0,0,0,0,1,0,0,0,0,0,0,1,0,0,0
143,72,0,5ea7a4e621028d2296a4dba0,2020-04-28 19:36:15.714000+00:00,its kind of messed up the way he framed his view saying that they should just learn english though,0.857142857,2,0.285714286,7,"it's kind of messed up the way he framed his view saying that they should ""just learn english"" though.",4,19,98,1,0.5141968254387196,-0.7806892669622643,0.009999999999999998,0.009999999999999998,0.0,0.009999999999999998,0.0,0.0,0.0,0.0,0.019999999999999997,0.0,0.019999999999999997,0.0,0.0,0.0,0.0,0.009999999999999998,0.0,0.0,0.0,0.0,0.009999999999999998,0.009999999999999998,0.0,0.0,0.009999999999999998,0.0,0.019999999999999997,0.0,0.0,0.0,0.039999999999999994,0.019999999999999997,0.0,0.009999999999999998,0.0,0.0,0.0,0.0,0.0,0.009999999999999998,0.009999999999999998,0.009999999999999998,0.0,0.009999999999999998,0.009999999999999998,0.009999999999999998,0.039999999999999994,0.019999999999999997,0.0,0.019999999999999997,0.0,0.0,0.0,0.1,0.009999999999999998,0,0,1.0,0.0,1,0.0,1,0.45,0.3,0.9424,easy,20.691,0,0,1,0,0,0,0,0,0,0,0,0,0,0,0,0,0,0,1,0,0
144,72,3,5d482ea621c9be351f7627d8,2020-04-28 20:19:14.482000+00:00,i think when he spoke to his mother in law he was polite,1.0,2,0.25,8,i think when he spoke to his mother in law he was polite.,1,13,56,1,-0.17144122773605125,-0.438953548020299,0.0,0.01,0.0,0.01,0.0,0.0,0.0,0.0,0.01,0.0,0.030000000000000002,0.0,0.0,0.0,0.0,0.0,0.0,0.01,0.0,0.0,0.0,0.01,0.0,0.01,0.0,0.02,0.02,0.0,0.0,0.0,0.05,0.0,0.0,0.0,0.0,0.0,0.0,0.01,0.0,0.0,0.0,0.030000000000000002,0.0,0.0,0.0,0.01,0.02,0.02,0.0,0.01,0.0,0.01,0.01,0.08,0.0,0,0,0.9230769230769231,0.07692307692307693,0,0.0,0,0.0,0.0,0.6447999999999999,easy,0.0,0,0,1,0,1,0,0,0,0,0,0,1,0,0,0,0,0,1,0,0,0
144,72,3,5d482ea721c9be351f762d10,2020-04-28 20:19:35.071000+00:00,i didnt feel like this person was being an asshole the mom been in the usa for over 8 years learning english would help her a lot i would be frustrated just like the man,1.0,2,0.25,8,i didn't feel like this person was being an asshole. the mom been in the usa for over 8 years. learning english would help her a lot. i would be frustrated just like the man.,2,35,169,1,1.8854729317882615,1.4788904772227531,0.02,0.0,0.0,0.0,0.0,0.0,0.0,0.0,0.01,0.0,0.01,0.01,0.01,0.0,0.0,0.0,0.0,0.01,0.0,0.01,0.02,0.02,0.02,0.01,0.02,0.03,0.03,0.0,0.0,0.0,0.049999999999999996,0.01,0.0,0.01,0.0,0.0,0.02,0.02,0.01,0.01,0.01,0.08,0.0,0.049999999999999996,0.01,0.07,0.06,0.03,0.0,0.01,0.0,0.03,0.02,0.16999999999999998,0.0,0,0,0.8571428571428571,0.05714285714285714,2,0.00031036623215394165,0,0.1,-0.35,1.736,easy,20.589,0,0,1,0,1,0,0,0,0,0,1,1,0,0,0,0,0,1,1,0,0
144,72,3,5d482ea821c9be351f7631fe,2020-04-28 20:19:36.641000+00:00,at first i thought he is the real asshole for coming off so rude to the mother in law by calling what she had been doing shit,1.0,2,0.25,8,at first i thought he is the real asshole for coming off so rude to the mother in law by calling what she had been doing shit.,3,27,125,1,1.1998348786134905,0.8396091354750691,0.0,0.0,0.0,0.01,0.0,0.0,0.01,0.01,0.01,0.0,0.02,0.0,0.02,0.0,0.0,0.0,0.01,0.01,0.02,0.0,0.0,0.01,0.0,0.01,0.0,0.03,0.05,0.0,0.0,0.0,0.04,0.01,0.0,0.0,0.0,0.0,0.03,0.01,0.0,0.0,0.0,0.05,0.0,0.02,0.01,0.04,0.03,0.06,0.0,0.0,0.0,0.0,0.01,0.17,0.0,0,0,0.9629629629629629,0.037037037037037035,5,0.0004753880472329106,0,0.5083333333333333,-0.012499999999999997,1.3392,easy,1.57,0,0,1,0,1,0,0,0,0,0,1,0,0,0,0,0,0,0,1,0,0
144,72,3,5ea7a4e621028d2296a4dba0,2020-04-28 20:19:45.977000+00:00,honestly its a little hard for me to decide because he has a point but if itt only sometimes and shes old i dont think he should necessarily expect her to learn english,1.0,2,0.25,8,"honestly it's a little hard for me to decide because he has a point, but if it't only sometimes and she's old i don't think he should necessarily expect her to learn english.",4,33,168,1,1.6895763451668984,1.2962386652948434,0.03,0.0,0.0,0.039999999999999994,0.009999999999999998,0.009999999999999998,0.0,0.0,0.009999999999999998,0.0,0.039999999999999994,0.009999999999999998,0.0,0.0,0.0,0.0,0.0,0.0,0.0,0.0,0.009999999999999998,0.03,0.0,0.039999999999999994,0.009999999999999998,0.0,0.039999999999999994,0.0,0.0,0.0,0.039999999999999994,0.009999999999999998,0.0,0.009999999999999998,0.0,0.009999999999999998,0.0,0.019999999999999997,0.009999999999999998,0.019999999999999997,0.019999999999999997,0.049999999999999996,0.0,0.019999999999999997,0.03,0.039999999999999994,0.11,0.03,0.0,0.009999999999999998,0.0,0.019999999999999997,0.019999999999999997,0.18,0.009999999999999998,0,0,0.9090909090909091,0.06060606060606061,5,0.00015518311607697082,1,0.5916666666666667,0.03154761904761904,2.1152848484848485,easy,9.336,0,0,1,0,1,1,0,0,0,0,1,0,0,0,0,0,0,0,1,0,0
144,72,3,5d482ea821c9be351f7634d3,2020-04-28 20:19:54.845000+00:00,i think its reasonable that he is frustrated with his mother in law shes calling him a lot for fairly simple questions ,1.0,2,0.25,8,i think it's reasonable that he is frustrated with his mother in law. she's calling him a lot for fairly simple questions. ,5,22,119,1,0.7100934120600827,0.38297960565529476,0.0,0.0,0.0,0.0,0.0,0.009999999999999998,0.0,0.0,0.0,0.0,0.039999999999999994,0.0,0.0,0.0,0.0,0.0,0.0,0.009999999999999998,0.0,0.03,0.0,0.03,0.0,0.03,0.0,0.0,0.009999999999999998,0.0,0.0,0.0,0.06999999999999999,0.019999999999999997,0.0,0.0,0.0,0.009999999999999998,0.009999999999999998,0.009999999999999998,0.0,0.03,0.0,0.03,0.0,0.009999999999999998,0.0,0.019999999999999997,0.06999999999999999,0.03,0.0,0.0,0.0,0.03,0.009999999999999998,0.11,0.0,0,0,1.0,0.045454545454545456,5,0.0005036151718260998,0,0.38571428571428573,-0.16666666666666666,1.0912,easy,8.868,0,0,1,0,1,0,0,0,0,0,0,1,0,0,0,0,0,1,1,0,0
144,72,3,5d482ea621c9be351f7627d8,2020-04-28 20:19:55.339000+00:00,i think he got tired to being interrupted constantly i see his point of view,1.0,2,0.25,8,i think he got tired to being interrupted constantly. i see his point of view.,6,15,76,1,-0.07349293442536971,-0.34762764205634417,0.0,0.0,0.0,0.0,0.0,0.0,0.01,0.0,0.01,0.0,0.02,0.0,0.0,0.0,0.01,0.02,0.0,0.0,0.01,0.0,0.0,0.01,0.0,0.02,0.0,0.01,0.02,0.0,0.0,0.0,0.03,0.0,0.0,0.0,0.0,0.0,0.01,0.02,0.0,0.0,0.0,0.04,0.0,0.0,0.0,0.01,0.01,0.02,0.0,0.02,0.0,0.0,0.02,0.06999999999999999,0.0,0,0,0.9333333333333333,0.13333333333333333,2,0.0006587982879030706,0,0.5166666666666666,-0.2,5.433166666666667,medium,0.494,0,0,1,0,1,0,0,0,0,0,1,1,0,0,0,0,0,0,1,0,0
144,72,3,5d482ea721c9be351f762d10,2020-04-28 20:20:17.901000+00:00,she would be wise to learn english for herself ,1.0,2,0.25,8,she would be wise to learn english for herself. ,7,9,47,1,-0.4652861076680959,-0.7129312659121636,0.009999999999999998,0.0,0.0,0.0,0.0,0.0,0.0,0.0,0.0,0.0,0.019999999999999997,0.0,0.0,0.0,0.0,0.0,0.0,0.0,0.0,0.0,0.009999999999999998,0.009999999999999998,0.0,0.0,0.009999999999999998,0.0,0.0,0.0,0.0,0.0,0.019999999999999997,0.0,0.0,0.009999999999999998,0.0,0.0,0.0,0.0,0.0,0.0,0.0,0.019999999999999997,0.0,0.0,0.0,0.019999999999999997,0.019999999999999997,0.019999999999999997,0.0,0.0,0.0,0.009999999999999998,0.0,0.049999999999999996,0.0,0,0,1.0,0.0,1,0.0,0,0.45,0.35,0.44639999999999996,easy,22.562,0,0,0,0,0,0,0,0,0,0,0,0,0,0,0,0,0,1,0,0,0
144,72,3,5d482ea821c9be351f7631fe,2020-04-28 20:20:23.834000+00:00,then with the help of the edit i realized that he spoke to the mother kindly ,1.0,2,0.25,8,"then with the help of the ""edit"", i realized that he spoke to the mother kindly. ",8,16,77,1,0.1224036521959934,-0.16497583012843445,0.0,0.01,0.0,0.01,0.0,0.01,0.0,0.0,0.0,0.0,0.01,0.0,0.0,0.0,0.0,0.0,0.0,0.01,0.0,0.0,0.01,0.01,0.0,0.0,0.0,0.01,0.01,0.0,0.0,0.0,0.04,0.01,0.0,0.01,0.0,0.0,0.0,0.01,0.0,0.0,0.0,0.01,0.0,0.03,0.0,0.0,0.02,0.03,0.0,0.01,0.0,0.01,0.01,0.09999999999999999,0.0,0,0,0.875,0.0625,1,0.0,0,0.9,0.6,0.7936,easy,5.933,0,0,0,0,0,0,0,0,0,0,1,0,0,0,0,0,1,1,0,0,0
145,73,0,5d482ea421c9be351f76239d,2020-04-28 19:10:54.471000+00:00,yes this person should have been more respectful and could have offered to teach those weho d idnt know english welll,1.0,0,0.0,3,"yes, this person should have been more respectful and could have offered to teach those weho d idn't know english well.l",1,21,117,1,0.7100934120600827,0.19554140653559293,0.02,0.0,0.0,0.01,0.0,0.01,0.0,0.0,0.0,0.0,0.0,0.0,0.0,0.0,0.0,0.0,0.0,0.0,0.0,0.01,0.01,0.01,0.01,0.029999999999999995,0.01,0.01,0.0,0.0,0.0,0.0,0.02,0.02,0.0,0.01,0.0,0.0,0.0,0.0,0.0,0.0,0.0,0.05999999999999999,0.0,0.0,0.02,0.049999999999999996,0.04,0.01,0.0,0.0,0.0,0.01,0.0,0.09999999999999999,0.0,0,0,0.9523809523809523,0.0,0,0.0,0,0.39999999999999997,0.3333333333333333,1.0415999999999999,easy,0.0,0,0,1,0,0,0,0,0,0,0,0,0,0,0,0,0,0,1,0,0,0
145,73,0,5d482eab21c9be351f763e48,2020-04-28 19:11:39.305000+00:00,i dont think the guys being an asshole because hes over having to help her with everything i think any person would get angryannoyed with having to do that over and over again he even offered to help her learn english,1.0,0,0.0,3,i don't think the guys being an asshole because he's over having to help her with everything. i think any person would get angry/annoyed with having to do that over and over again. he even offered to help her learn english.,2,41,217,1,2.473162691652351,1.7040036855244536,0.01,0.0,0.0,0.02,0.01,0.030000000000000002,0.0,0.0,0.02,0.0,0.04,0.01,0.01,0.0,0.0,0.0,0.0,0.0,0.0,0.0,0.0,0.030000000000000002,0.02,0.060000000000000005,0.01,0.0,0.04,0.0,0.0,0.0,0.1,0.02,0.0,0.01,0.0,0.01,0.02,0.02,0.0,0.01,0.0,0.1,0.0,0.02,0.02,0.06999999999999999,0.1,0.08,0.0,0.0,0.0,0.0,0.02,0.24000000000000002,0.0,0,0,0.7560975609756098,0.04878048780487805,4,0.01672904755333972,0,0.0,0.0,2.0336,easy,44.834,0,0,1,0,1,0,0,0,0,0,1,1,0,0,0,0,0,0,0,0,0
145,73,0,5d482ea721c9be351f762cd9,2020-04-28 19:11:51.082000+00:00,he could have been more respectful but he is not a total asshole,1.0,0,0.0,3,"he could have been more respectful, but he is not a total asshole",3,13,64,1,-0.07349293442536971,-0.47488627301501174,0.01,0.0,0.0,0.01,0.01,0.0,0.0,0.0,0.0,0.0,0.02,0.01,0.01,0.0,0.0,0.0,0.0,0.0,0.0,0.02,0.0,0.0,0.0,0.02,0.0,0.01,0.0,0.0,0.0,0.0,0.02,0.0,0.0,0.0,0.0,0.0,0.01,0.0,0.0,0.0,0.02,0.04,0.0,0.01,0.01,0.04,0.04,0.0,0.0,0.0,0.0,0.02,0.0,0.09,0.0,0,0,0.9230769230769231,0.0,2,0.0003202049311559398,0,0.65,0.3333333333333333,0.6447999999999999,easy,11.777,0,0,0,0,0,0,0,0,0,0,0,0,0,0,0,0,0,1,0,0,0
146,73,1,5d482ea821c9be351f7633ec,2020-04-28 19:24:33.538000+00:00,english can be hard to learn but again after 8 years she should have a better knowledge,0.5,0,0.0,2,"english can be hard to learn but, again after 8 years she should have a better knowledge",1,17,87,1,0.31830023881735653,0.02722352440586493,0.01,0.0,0.0,0.01,0.0,0.0,0.0,0.01,0.01,0.0,0.01,0.0,0.0,0.0,0.0,0.0,0.0,0.0,0.0,0.0,0.01,0.02,0.0,0.02,0.01,0.0,0.03,0.0,0.0,0.0,0.01,0.0,0.0,0.01,0.0,0.0,0.0,0.0,0.01,0.0,0.01,0.04,0.0,0.01,0.01,0.04,0.04,0.02,0.0,0.01,0.0,0.02,0.0,0.09999999999999999,0.0,0,0,1.0,0.0,0,0.0,0,0.34722222222222215,0.06944444444444443,0.8432,easy,0.0,0,0,1,0,0,0,0,0,0,0,0,0,0,0,0,0,0,1,1,0,0
146,73,1,5d482ea421c9be351f76239d,2020-04-28 19:24:55.784000+00:00,i dont think she is a asshol becasue she is working full time and going to school and just needs some help from her husband to help her parents translate,0.5,0,0.0,2,"i don't think she is a asshol, becasue she is working full time and going to school and just needs some help from her husband to help her parents translate.",2,30,153,1,1.4936797585455353,1.297654663346233,0.01,0.0,0.0,0.02,0.0,0.02,0.0,0.01,0.01,0.0,0.04,0.01,0.0,0.0,0.0,0.0,0.0,0.02,0.0,0.02,0.0,0.01,0.0,0.05,0.0,0.0,0.03,0.0,0.0,0.0,0.08,0.0,0.0,0.02,0.0,0.0,0.0,0.01,0.0,0.01,0.01,0.05,0.0,0.01,0.03,0.03,0.06,0.03,0.0,0.0,0.0,0.01,0.01,0.15,0.0,0,0,0.8,0.03333333333333333,5,0.0,0,0.55,0.35,1.488,easy,22.246,0,0,1,0,1,0,0,0,0,0,0,1,0,0,0,0,0,0,0,0,0
146,73,1,5d482ea721c9be351f762cd9,2020-04-28 19:24:56.464000+00:00,i dont think the person is an asshole for expecting help from their husband,0.5,0,0.0,2,i don't think the person is an asshole for expecting help from their husband,3,14,75,1,-0.07349293442536971,-0.39625352190759106,0.01,0.0,0.0,0.0,0.0,0.0,0.0,0.0,0.0,0.0,0.0,0.01,0.01,0.0,0.0,0.0,0.0,0.01,0.0,0.0,0.0,0.01,0.01,0.03,0.0,0.0,0.0,0.0,0.0,0.0,0.04,0.0,0.0,0.0,0.0,0.0,0.01,0.01,0.0,0.0,0.0,0.03,0.0,0.02,0.0,0.02,0.02,0.02,0.0,0.0,0.0,0.0,0.01,0.07,0.0,0,0,1.0,0.07142857142857142,3,0.0023148408283066918,0,0.0,0.0,0.6944,easy,0.68,0,0,1,0,1,0,0,0,0,0,0,1,0,0,0,0,0,0,0,0,0
146,73,1,5d482ea621c9be351f762773,2020-04-28 19:25:35.887000+00:00,it is not the mans fault the parents dont now english he helps but his patience has been triee it is no use bringing up all the sacrifices your parents have made in this country,0.5,0,0.0,2,it is not the man's fault the parents don't now english. he helps but his patience has been triee/ it is no use bringing up all the sacrifices your parents have made in this country.,4,35,177,1,2.0813695184096246,1.932870232816417,0.0,0.0,0.0,0.01,0.01,0.0,0.0,0.0,0.01,0.0,0.02,0.03,0.0,0.0,0.0,0.0,0.0,0.02,0.0,0.0,0.01,0.0,0.0,0.07,0.0,0.02,0.05,0.0,0.0,0.0,0.06,0.03,0.01,0.0,0.0,0.02,0.0,0.0,0.0,0.0,0.02,0.09000000000000001,0.0,0.03,0.02,0.06,0.05,0.02,0.0,0.0,0.01,0.01,0.0,0.21000000000000002,0.0,0,0,0.8571428571428571,0.0,6,0.0,0,0.0,0.0,1.736,easy,39.423,0,0,0,0,0,0,0,0,0,0,0,0,1,0,0,0,0,1,1,0,0
146,73,1,5d482eab21c9be351f763e48,2020-04-28 19:25:39.673000+00:00,but she shouldnt expect her husband to constantly help just because shes busy doesnt mean it gets pushed to him,0.5,0,0.0,2,but she shouldn't expect her husband to constantly help. just because she's busy doesn't mean it gets pushed to him,5,20,111,1,0.6121451187494011,0.34483130914095694,0.02,0.0,0.0,0.02,0.0,0.0,0.0,0.0,0.030000000000000006,0.0,0.04,0.02,0.0,0.0,0.0,0.0,0.0,0.01,0.0,0.0,0.0,0.01,0.0,0.04,0.01,0.0,0.030000000000000006,0.0,0.0,0.0,0.06000000000000001,0.01,0.0,0.01,0.0,0.01,0.0,0.0,0.0,0.0,0.02,0.05,0.0,0.0,0.030000000000000006,0.030000000000000006,0.06000000000000001,0.02,0.0,0.0,0.0,0.0,0.0,0.09000000000000001,0.0,0,0,0.95,0.0,2,0.0,0,0.44027777777777777,-0.07083333333333333,0.992,easy,3.786,0,0,1,0,0,0,0,0,0,0,0,0,0,0,0,0,1,0,0,0,0
146,73,1,5d482ea821c9be351f7633ec,2020-04-28 19:25:45.274000+00:00,it is unfair to always have the husband answer her questions you should be able to take calls as well,0.5,0,0.0,2,"it is unfair to always have the husband answer her questions, you should be able to take calls as well",6,20,101,1,0.6121451187494011,0.34483130914095694,0.01,0.0,0.0,0.01,0.01,0.0,0.0,0.01,0.01,0.0,0.01,0.0,0.0,0.0,0.0,0.0,0.0,0.01,0.0,0.0,0.01,0.02,0.0,0.03,0.01,0.0,0.01,0.0,0.0,0.0,0.05,0.01,0.0,0.0,0.0,0.0,0.0,0.0,0.0,0.01,0.0,0.05,0.0,0.01,0.01,0.04,0.04,0.03,0.0,0.0,0.01,0.01,0.0,0.11,0.0,0,0,0.95,0.0,4,0.000727802037845706,0,0.8125,0.0,0.992,easy,5.601,0,0,1,0,0,0,0,0,0,0,0,0,1,0,0,0,0,1,0,0,0
146,73,1,5d482ea421c9be351f76239d,2020-04-28 19:25:52.560000+00:00,it sometimes is harder for older people to learn languages and he could help out his wife,0.5,0,0.0,2,it sometimes is harder for older people to learn languages and he could help out his wife.,7,17,89,1,0.31830023881735653,0.02722352440586493,0.01,0.0,0.0,0.01,0.0,0.02,0.0,0.0,0.0,0.0,0.02,0.0,0.0,0.0,0.0,0.0,0.0,0.01,0.0,0.0,0.0,0.01,0.01,0.01,0.0,0.0,0.03,0.0,0.0,0.0,0.06,0.01,0.0,0.01,0.0,0.0,0.0,0.0,0.01,0.01,0.0,0.02,0.0,0.0,0.01,0.02,0.05,0.03,0.0,0.01,0.0,0.0,0.0,0.08,0.0,0,0,1.0,0.0,3,0.0,0,0.16666666666666666,0.033333333333333326,0.8432,easy,7.286,0,0,1,0,0,0,0,0,0,0,0,0,0,0,0,0,0,0,0,0,0
146,73,1,5d482eab21c9be351f763e48,2020-04-28 19:26:15.419000+00:00,you can only help someone so much before you start getting annoyed even if it is your spouse ,0.5,0,0.0,2,"you can only help someone so much before you start getting annoyed, even if it is your spouse ",8,18,93,1,0.4162485321280381,0.13309278598422894,0.010000000000000002,0.0,0.0,0.020000000000000004,0.0,0.0,0.0,0.0,0.030000000000000002,0.0,0.0,0.0,0.0,0.0,0.0,0.0,0.0,0.010000000000000002,0.0,0.010000000000000002,0.0,0.0,0.0,0.030000000000000002,0.0,0.0,0.020000000000000004,0.0,0.0,0.0,0.060000000000000005,0.020000000000000004,0.0,0.0,0.0,0.0,0.010000000000000002,0.0,0.0,0.020000000000000004,0.010000000000000002,0.030000000000000002,0.0,0.0,0.010000000000000002,0.020000000000000004,0.020000000000000004,0.010000000000000002,0.0,0.0,0.030000000000000002,0.0,0.0,0.1,0.0,0,0,0.9444444444444444,0.0,2,0.0010834236186348862,0,0.6666666666666666,-0.06666666666666667,0.8927999999999999,easy,22.859,0,0,0,0,0,0,0,0,0,0,0,0,1,1,0,0,0,0,1,0,0
146,73,1,5d482ea621c9be351f762773,2020-04-28 19:26:16.732000+00:00,the parents should tey to take some courses which might be ome fun for them and get into acquaintances with others they can enjoy as they learn ,0.5,0,0.0,2,the parents should tey to take some courses which might be ome fun for them and get into acquaintances with others they can enjoy as they learn. ,9,27,144,1,1.2977831719241721,1.085916140189505,0.009999999999999998,0.0,0.0,0.019999999999999997,0.0,0.03,0.0,0.0,0.0,0.0,0.0,0.0,0.0,0.0,0.0,0.0,0.0,0.009999999999999998,0.0,0.009999999999999998,0.019999999999999997,0.009999999999999998,0.0,0.03,0.019999999999999997,0.0,0.009999999999999998,0.0,0.0,0.0,0.05,0.019999999999999997,0.0,0.019999999999999997,0.0,0.0,0.0,0.0,0.0,0.019999999999999997,0.0,0.06,0.009999999999999998,0.009999999999999998,0.009999999999999998,0.039999999999999994,0.06999999999999999,0.05,0.0,0.0,0.0,0.019999999999999997,0.0,0.15,0.0,0,0,0.9629629629629629,0.0,1,0.0,0,0.35,0.35,1.3392,easy,1.313,0,0,1,0,0,0,0,0,0,0,0,0,0,0,0,0,0,1,0,0,0
147,74,1,5d482ea621c9be351f7629ec,2020-04-28 18:51:41.663000+00:00,im a bit torn on this one  i can see both sides,0.833333333,0,0.0,6,im a bit torn on this one . i can see both sides.,1,12,47,1,-0.2693895210467328,0.19042267297586915,0.0,0.0,0.0,0.0,0.0,0.009999999999999998,0.0,0.0,0.0,0.0,0.0,0.0,0.0,0.0,0.0,0.009999999999999998,0.0,0.0,0.0,0.019999999999999997,0.0,0.0,0.0,0.019999999999999997,0.0,0.0,0.029999999999999995,0.0,0.0,0.0,0.0,0.009999999999999998,0.0,0.0,0.0,0.0,0.0,0.009999999999999998,0.0,0.0,0.0,0.019999999999999997,0.0,0.009999999999999998,0.0,0.009999999999999998,0.009999999999999998,0.009999999999999998,0.0,0.009999999999999998,0.0,0.009999999999999998,0.009999999999999998,0.05999999999999999,0.0,0,0,1.0,0.08333333333333333,0,0.0,0,0.0,0.0,0.5952,easy,0.0,0,0,0,0,0,0,0,0,0,0,1,1,0,0,0,0,0,0,0,0,0
147,74,1,5d482ea421c9be351f762239,2020-04-28 18:51:50.929000+00:00,is she not a little bit the ass hole for not wanting to help her mother,0.833333333,0,0.0,6,is she not a little bit the ass hole for not wanting to help her mother?,2,16,71,1,0.22035194550667497,0.8359232593347478,0.01,0.0,0.0,0.0,0.0,0.0,0.01,0.0,0.0,0.0,0.02,0.02,0.01,0.0,0.0,0.0,0.01,0.01,0.0,0.01,0.0,0.0,0.0,0.01,0.0,0.0,0.01,0.01,0.0,0.0,0.04,0.0,0.0,0.0,0.0,0.0,0.0,0.0,0.0,0.0,0.02,0.01,0.0,0.02,0.0,0.01,0.03,0.02,0.0,0.0,0.0,0.01,0.0,0.09,0.01,1,0,0.9375,0.0,1,0.0058823529411764705,1,0.5,0.09375,0.7936,easy,9.266,0,0,0,0,0,0,0,0,0,0,0,0,0,0,0,0,0,0,0,0,0
147,74,1,5ea8542c7d50722703c4cbff,2020-04-28 18:51:51.639000+00:00,hi,0.833333333,0,0.0,6,hi,3,1,2,1,-1.2488724541535483,-1.1005784997418881,0.0,0.0,0.0,0.0,0.0,0.0,0.0,0.0,0.0,0.0,0.0,0.0,0.0,0.0,0.0,0.0,0.0,0.0,0.0,0.0,0.0,0.0,0.0,0.0,0.0,0.0,0.0,0.0,0.0,0.0,0.01,0.0,0.0,0.0,0.0,0.0,0.0,0.0,0.0,0.0,0.0,0.0,0.0,0.0,0.0,0.0,0.0,0.0,0.0,0.0,0.0,0.0,0.0,0.0,0.0,0,0,1.0,0.0,0,0.0,0,0.0,0.0,0.0496,easy,0.71,0,0,0,0,0,0,0,0,0,0,0,0,0,0,1,0,0,0,0,0,0
147,74,1,5ea8628c7d50722703c4e085,2020-04-28 18:51:54.820000+00:00,hi,0.833333333,0,0.0,6,hi,4,1,2,1,-1.2488724541535483,-1.1005784997418881,0.0,0.0,0.0,0.0,0.0,0.0,0.0,0.0,0.0,0.0,0.0,0.0,0.0,0.0,0.0,0.0,0.0,0.0,0.0,0.0,0.0,0.0,0.0,0.0,0.0,0.0,0.0,0.0,0.0,0.0,0.01,0.0,0.0,0.0,0.0,0.0,0.0,0.0,0.0,0.0,0.0,0.0,0.0,0.0,0.0,0.0,0.0,0.0,0.0,0.0,0.0,0.0,0.0,0.0,0.0,0,0,1.0,0.0,1,0.0,0,0.0,0.0,0.0496,easy,3.181,0,0,0,0,0,0,0,0,0,0,0,0,0,0,1,0,0,0,0,0,0
147,74,1,5d482ea721c9be351f762d1d,2020-04-28 18:51:58.822000+00:00,hello,0.833333333,0,0.0,6,hello,5,1,5,1,-1.2488724541535483,-1.1005784997418881,0.0,0.0,0.0,0.0,0.0,0.0,0.0,0.0,0.0,0.0,0.0,0.0,0.0,0.0,0.0,0.0,0.0,0.0,0.0,0.0,0.0,0.0,0.0,0.0,0.0,0.0,0.0,0.0,0.0,0.0,0.010000000000000002,0.0,0.0,0.0,0.0,0.0,0.0,0.0,0.0,0.0,0.0,0.0,0.0,0.0,0.0,0.0,0.0,0.0,0.0,0.0,0.0,0.0,0.0,0.0,0.0,0,0,1.0,0.0,0,0.0,0,0.0,0.0,0.0496,easy,4.002,0,0,0,0,0,0,0,0,0,0,0,0,0,0,1,0,0,0,0,0,0
147,74,1,5ea868047d50722703c4f4ad,2020-04-28 18:52:03.667000+00:00,hi,0.833333333,0,0.0,6,hi,6,1,2,1,-1.2488724541535483,-1.1005784997418881,0.0,0.0,0.0,0.0,0.0,0.0,0.0,0.0,0.0,0.0,0.0,0.0,0.0,0.0,0.0,0.0,0.0,0.0,0.0,0.0,0.0,0.0,0.0,0.0,0.0,0.0,0.0,0.0,0.0,0.0,0.01,0.0,0.0,0.0,0.0,0.0,0.0,0.0,0.0,0.0,0.0,0.0,0.0,0.0,0.0,0.0,0.0,0.0,0.0,0.0,0.0,0.0,0.0,0.0,0.0,0,0,1.0,0.0,0,0.0,0,0.0,0.0,0.0496,easy,4.845,0,0,0,0,0,0,0,0,0,0,0,0,0,0,1,0,0,0,0,0,0
147,74,1,5ea86c327d50722703c5064e,2020-04-28 18:52:07.779000+00:00,i can also see both sides but im going to go with no they arent the asshole,0.833333333,0,0.0,6,"i can also see both sides, but i'm going to go with no, they aren't the asshole.",7,17,75,1,0.22035194550667497,0.8359232593347478,0.0,0.0,0.0,0.02,0.0,0.02,0.0,0.0,0.01,0.0,0.0,0.02,0.01,0.0,0.0,0.01,0.0,0.0,0.0,0.01,0.0,0.0,0.0,0.04,0.0,0.0,0.04,0.0,0.0,0.0,0.01,0.0,0.0,0.0,0.0,0.0,0.01,0.01,0.0,0.0,0.01,0.04,0.0,0.01,0.02,0.02,0.03,0.02,0.0,0.01,0.0,0.0,0.01,0.09,0.0,0,0,1.0,0.058823529411764705,0,0.0,0,0.0,0.0,0.8432,easy,4.112,0,0,0,0,0,0,0,0,0,0,1,1,0,0,0,0,0,0,0,0,0
147,74,1,5ea8628c7d50722703c4e085,2020-04-28 18:52:08.786000+00:00,hello,0.833333333,0,0.0,6,hello,8,1,5,1,-1.2488724541535483,-1.1005784997418881,0.0,0.0,0.0,0.0,0.0,0.0,0.0,0.0,0.0,0.0,0.0,0.0,0.0,0.0,0.0,0.0,0.0,0.0,0.0,0.0,0.0,0.0,0.0,0.0,0.0,0.0,0.0,0.0,0.0,0.0,0.010000000000000002,0.0,0.0,0.0,0.0,0.0,0.0,0.0,0.0,0.0,0.0,0.0,0.0,0.0,0.0,0.0,0.0,0.0,0.0,0.0,0.0,0.0,0.0,0.0,0.0,0,0,1.0,0.0,0,0.0,0,0.0,0.0,0.0496,easy,1.007,0,0,0,0,0,0,0,0,0,0,0,0,0,0,1,0,0,0,0,0,0
147,74,1,5d482ea521c9be351f76254e,2020-04-28 18:52:18.140000+00:00,i see both sides as well but think some compromising could have been made,0.833333333,0,0.0,6,i see both sides as well but think some compromising could have been made,9,14,73,1,-0.07349293442536971,0.4486229075194206,0.009999999999999998,0.0,0.0,0.019999999999999997,0.0,0.009999999999999998,0.0,0.0,0.009999999999999998,0.0,0.0,0.0,0.0,0.0,0.0,0.009999999999999998,0.0,0.0,0.0,0.019999999999999997,0.009999999999999998,0.009999999999999998,0.0,0.03,0.0,0.019999999999999997,0.019999999999999997,0.0,0.0,0.0,0.0,0.0,0.0,0.0,0.0,0.009999999999999998,0.0,0.009999999999999998,0.0,0.009999999999999998,0.009999999999999998,0.06,0.0,0.0,0.019999999999999997,0.03,0.06,0.009999999999999998,0.0,0.009999999999999998,0.0,0.009999999999999998,0.009999999999999998,0.06999999999999999,0.0,0,0,1.0,0.07142857142857142,0,0.0,0,0.0,0.0,0.6944,easy,9.354,0,0,1,0,0,0,0,0,0,0,0,1,0,0,0,0,0,1,0,0,0
147,74,1,5ea8628c7d50722703c4e085,2020-04-28 18:52:21.849000+00:00,i can also see both sides but im going to go with no they arent the asshole,0.833333333,0,0.0,6,"i can also see both sides, but i'm going to go with no, they aren't the asshole.",10,17,75,1,0.22035194550667497,0.8359232593347478,0.0,0.0,0.0,0.02,0.0,0.02,0.0,0.0,0.01,0.0,0.0,0.02,0.01,0.0,0.0,0.01,0.0,0.0,0.0,0.01,0.0,0.0,0.0,0.04,0.0,0.0,0.04,0.0,0.0,0.0,0.01,0.0,0.0,0.0,0.0,0.0,0.01,0.01,0.0,0.0,0.01,0.04,0.0,0.01,0.02,0.02,0.03,0.02,0.0,0.01,0.0,0.0,0.01,0.09,0.0,0,0,1.0,0.058823529411764705,1,0.012056687397827077,0,0.0,0.0,0.8432,easy,3.709,0,0,0,0,0,0,0,0,0,0,1,1,0,0,0,0,0,0,0,0,0
147,74,1,5ea868047d50722703c4f4ad,2020-04-28 18:52:23.763000+00:00,i can also available,0.833333333,0,0.0,6,i can also available,11,4,20,1,-1.0529758675321852,-0.8423782651983366,0.0,0.0,0.0,0.010000000000000002,0.0,0.0,0.0,0.0,0.010000000000000002,0.0,0.0,0.0,0.0,0.0,0.0,0.0,0.0,0.0,0.0,0.0,0.0,0.0,0.0,0.010000000000000002,0.0,0.0,0.0,0.0,0.0,0.0,0.0,0.0,0.0,0.0,0.0,0.0,0.0,0.010000000000000002,0.0,0.0,0.0,0.010000000000000002,0.0,0.0,0.0,0.010000000000000002,0.0,0.0,0.0,0.0,0.0,0.010000000000000002,0.010000000000000002,0.020000000000000004,0.0,0,0,1.0,0.25,1,0.002147214988586931,0,0.4,0.4,0.1984,easy,1.914,0,0,0,0,0,0,0,0,0,0,0,1,0,0,0,0,0,1,0,0,0
147,74,1,5ea8657a7d50722703c4eaac,2020-04-28 18:52:32.224000+00:00,i think she is an asshole for passing it off on her husband instead of maybe teaching them ,0.833333333,0,0.0,6,i think she is an asshole for passing it off on her husband instead of maybe teaching them. ,12,18,91,1,0.31830023881735653,0.9650233766065235,0.0,0.0,0.0,0.0,0.0,0.0,0.0,0.0,0.020000000000000004,0.0,0.020000000000000004,0.0,0.010000000000000002,0.0,0.0,0.0,0.0,0.010000000000000002,0.0,0.0,0.0,0.010000000000000002,0.0,0.020000000000000004,0.0,0.0,0.030000000000000002,0.0,0.0,0.0,0.04000000000000001,0.010000000000000002,0.0,0.010000000000000002,0.0,0.0,0.010000000000000002,0.010000000000000002,0.0,0.010000000000000002,0.0,0.020000000000000004,0.0,0.010000000000000002,0.0,0.010000000000000002,0.020000000000000004,0.04000000000000001,0.0,0.0,0.0,0.0,0.010000000000000002,0.11,0.010000000000000002,0,0,1.0,0.05555555555555555,0,0.00015518311607697082,1,0.0,0.0,0.8927999999999999,easy,8.461,0,0,1,0,1,0,0,0,0,0,0,1,0,0,0,0,0,0,0,0,0
147,74,1,5d482ea421c9be351f762239,2020-04-28 18:52:38.139000+00:00,agreed ultimately they are not the asshole,0.833333333,0,0.0,6,"agreed, ultimately they are not the asshole.",13,7,42,1,-0.6611826942894591,-0.32597779611123373,0.0,0.0,0.0,0.0,0.0,0.0,0.0,0.0,0.0,0.0,0.0,0.009999999999999998,0.009999999999999998,0.0,0.0,0.0,0.0,0.0,0.0,0.0,0.009999999999999998,0.0,0.0,0.009999999999999998,0.0,0.0,0.0,0.0,0.0,0.0,0.009999999999999998,0.0,0.0,0.0,0.0,0.0,0.009999999999999998,0.0,0.0,0.0,0.009999999999999998,0.009999999999999998,0.0,0.009999999999999998,0.0,0.009999999999999998,0.009999999999999998,0.0,0.0,0.0,0.0,0.0,0.0,0.039999999999999994,0.0,0,0,1.0,0.0,0,0.0003202049311559398,0,1.0,0.0,0.3472,easy,5.915,0,0,0,0,0,0,0,0,0,0,0,0,0,0,0,0,0,0,0,0,0
147,74,1,5ea86c327d50722703c5064e,2020-04-28 18:52:38.712000+00:00,i assume that at some point the mother asked the husband if it was ok to call him directly and he agreed to it otherwise why would she just start doing that,0.833333333,0,0.0,6,"i assume that at some point the mother asked the husband if it was ok to call him directly, and he agreed to it. otherwise why would she just start doing that.",14,32,156,1,1.6895763451668984,2.7724250184113837,0.02,0.0,0.0,0.030000000000000002,0.01,0.01,0.0,0.0,0.01,0.0,0.030000000000000002,0.0,0.0,0.0,0.0,0.0,0.0,0.02,0.0,0.01,0.02,0.01,0.0,0.01,0.01,0.02,0.030000000000000002,0.0,0.0,0.0,0.07,0.04,0.0,0.0,0.0,0.01,0.0,0.01,0.0,0.030000000000000002,0.02,0.049999999999999996,0.0,0.02,0.02,0.030000000000000002,0.08,0.030000000000000002,0.0,0.0,0.0,0.0,0.01,0.19999999999999998,0.0,0,0,0.875,0.03125,2,0.00392156862745098,0,0.45,0.3,1.5872,easy,0.573,0,0,1,0,1,0,0,0,0,0,0,1,0,0,0,0,0,0,0,0,0
147,74,1,5d482ea621c9be351f7629ec,2020-04-28 18:52:41.153000+00:00,yeah i feel like she might be a little bit the asshole   but he is more of one in a way  this one has me lost and confused  i am thinking yes for passing it to huband ,0.833333333,0,0.0,6,yeah i feel like she might be a little bit the asshole   but he is more of one in a way . this one has me lost and confused . i am thinking yes for passing it to huband ,15,37,167,1,1.983421225098943,3.159725370226711,0.0,0.0,0.0,0.02,0.0,0.01,0.0,0.01,0.0,0.01,0.02,0.0,0.01,0.0,0.0,0.0,0.0,0.0,0.01,0.02,0.01,0.02,0.0,0.04,0.01,0.01,0.03,0.0,0.0,0.01,0.02,0.02,0.0,0.0,0.0,0.0,0.01,0.03,0.01,0.02,0.01,0.06999999999999999,0.0,0.03,0.03,0.049999999999999996,0.06,0.04,0.0,0.01,0.0,0.03,0.03,0.20999999999999996,0.01,0,0,0.918918918918919,0.08108108108108109,6,0.00031036623215394165,1,0.5666666666666667,-0.029166666666666674,1.8352,easy,2.441,0,0,1,0,1,0,0,0,0,0,1,0,0,0,0,0,0,1,1,0,0
147,74,1,5d482ea721c9be351f762d1d,2020-04-28 18:52:45.198000+00:00,i see one sided he should help her regardless,0.833333333,0,0.0,6,i see one sided. he should help her regardless.,16,9,45,1,-0.5632344009787775,-0.19687767883945803,0.02,0.0,0.0,0.0,0.0,0.0,0.0,0.0,0.0,0.0,0.02,0.0,0.0,0.0,0.0,0.01,0.0,0.0,0.0,0.0,0.0,0.0,0.0,0.01,0.01,0.0,0.0,0.0,0.0,0.0,0.03,0.0,0.0,0.0,0.0,0.0,0.0,0.01,0.0,0.0,0.0,0.02,0.0,0.0,0.0,0.01,0.02,0.0,0.0,0.01,0.0,0.0,0.01,0.04,0.0,0,0,1.0,0.1111111111111111,2,0.00015518311607697082,0,0.0,0.0,0.44639999999999996,easy,4.045,0,0,1,0,0,0,0,0,0,0,0,1,0,0,0,0,0,0,0,0,0
147,74,1,5ea8628c7d50722703c4e085,2020-04-28 18:52:50.330000+00:00,i assume that at some point the mother asked the husband if it was ok to call him directly and he agreed to it otherwise why would she just start doing that,0.833333333,0,0.0,6,"i assume that at some point the mother asked the husband if it was ok to call him directly, and he agreed to it. otherwise why would she just start doing that.",17,32,156,1,1.6895763451668984,2.7724250184113837,0.02,0.0,0.0,0.030000000000000002,0.01,0.01,0.0,0.0,0.01,0.0,0.030000000000000002,0.0,0.0,0.0,0.0,0.0,0.0,0.02,0.0,0.01,0.02,0.01,0.0,0.01,0.01,0.02,0.030000000000000002,0.0,0.0,0.0,0.07,0.04,0.0,0.0,0.0,0.01,0.0,0.01,0.0,0.030000000000000002,0.02,0.049999999999999996,0.0,0.02,0.02,0.030000000000000002,0.08,0.030000000000000002,0.0,0.0,0.0,0.0,0.01,0.19999999999999998,0.0,0,0,0.875,0.03125,1,0.00015518311607697082,0,0.45,0.3,1.5872,easy,5.132,0,0,1,0,1,0,0,0,0,0,0,1,0,0,0,0,0,0,0,0,0
147,74,1,5ea8542c7d50722703c4cbff,2020-04-28 18:52:59.994000+00:00,the parent should try to understand that he is married to their daughter not to them   ,0.833333333,0,0.0,6,the parent should try to understand that he is married to their daughter not to them   ,18,16,87,1,0.22035194550667497,0.8359232593347478,0.01,0.0,0.0,0.0,0.0,0.0,0.0,0.01,0.0,0.0,0.01,0.01,0.0,0.0,0.0,0.0,0.0,0.03,0.0,0.0,0.0,0.01,0.0,0.03,0.01,0.0,0.0,0.0,0.0,0.0,0.06,0.01,0.0,0.0,0.0,0.0,0.0,0.0,0.0,0.0,0.01,0.04,0.0,0.01,0.0,0.02,0.03,0.03,0.0,0.0,0.0,0.0,0.0,0.11000000000000001,0.0,0,0,0.875,0.0,6,0.0,0,0.25,0.25,0.7936,easy,9.664,0,0,1,0,0,0,0,0,0,0,0,0,0,0,0,0,0,0,0,0,0
147,74,1,5ea8628c7d50722703c4e085,2020-04-28 18:53:01.025000+00:00,i see one sided he should help her regardless,0.833333333,0,0.0,6,i see one sided. he should help her regardless.,19,9,45,1,-0.5632344009787775,-0.19687767883945803,0.02,0.0,0.0,0.0,0.0,0.0,0.0,0.0,0.0,0.0,0.02,0.0,0.0,0.0,0.0,0.01,0.0,0.0,0.0,0.0,0.0,0.0,0.0,0.01,0.01,0.0,0.0,0.0,0.0,0.0,0.03,0.0,0.0,0.0,0.0,0.0,0.0,0.01,0.0,0.0,0.0,0.02,0.0,0.0,0.0,0.01,0.02,0.0,0.0,0.01,0.0,0.0,0.01,0.04,0.0,0,0,1.0,0.1111111111111111,2,0.0,0,0.0,0.0,0.44639999999999996,easy,1.031,0,0,1,0,0,0,0,0,0,0,0,1,0,0,0,0,0,0,0,0,0
147,74,1,5d482ea521c9be351f76254e,2020-04-28 18:53:01.744000+00:00,i agree he is not the asshole thats not his responsibility,0.833333333,0,0.0,6,i agree he is not the asshole. that's not his responsibility.,20,11,58,1,-0.36733781435741436,0.06132255570409342,0.0,0.0,0.0,0.0,0.0,0.0,0.0,0.009999999999999998,0.0,0.0,0.019999999999999997,0.019999999999999997,0.009999999999999998,0.0,0.0,0.0,0.0,0.0,0.0,0.0,0.009999999999999998,0.0,0.0,0.019999999999999997,0.0,0.0,0.0,0.0,0.009999999999999998,0.0,0.019999999999999997,0.009999999999999998,0.0,0.009999999999999998,0.0,0.0,0.009999999999999998,0.009999999999999998,0.0,0.0,0.019999999999999997,0.019999999999999997,0.0,0.009999999999999998,0.0,0.019999999999999997,0.03,0.0,0.0,0.0,0.0,0.0,0.009999999999999998,0.06999999999999999,0.0,0,0,0.9090909090909091,0.09090909090909091,1,0.00015518311607697082,0,0.0,0.0,5.617554545454546,medium,0.719,0,0,0,0,0,0,0,0,0,0,0,1,0,0,0,0,0,0,0,0,0
148,74,3,5ea86c327d50722703c5064e,2020-04-28 19:21:39.608000+00:00,100 hes an asshole,1.0,1,0.166666667,6,100% he's an asshole,1,4,18,1,-0.9550275742215037,-0.341552435456863,0.0,0.0,0.0,0.0,0.0,0.0,0.0,0.0,0.0,0.0,0.009999999999999998,0.0,0.009999999999999998,0.0,0.0,0.0,0.0,0.0,0.0,0.0,0.0,0.0,0.0,0.009999999999999998,0.0,0.0,0.0,0.0,0.0,0.0,0.009999999999999998,0.0,0.0,0.0,0.0,0.0,0.009999999999999998,0.0,0.0,0.0,0.0,0.009999999999999998,0.0,0.009999999999999998,0.0,0.009999999999999998,0.0,0.0,0.0,0.0,0.0,0.0,0.0,0.009999999999999998,0.0,0,0,1.0,0.0,0,0.0,0,0.0,0.0,0.1984,easy,0.0,0,0,0,0,0,0,0,0,0,0,0,0,0,0,0,0,0,0,0,0,0
148,74,3,5ea8542c7d50722703c4cbff,2020-04-28 19:21:39.725000+00:00,hello,1.0,1,0.166666667,6,hello,2,1,5,1,-1.2488724541535483,-0.5776691190987813,0.0,0.0,0.0,0.0,0.0,0.0,0.0,0.0,0.0,0.0,0.0,0.0,0.0,0.0,0.0,0.0,0.0,0.0,0.0,0.0,0.0,0.0,0.0,0.0,0.0,0.0,0.0,0.0,0.0,0.0,0.010000000000000002,0.0,0.0,0.0,0.0,0.0,0.0,0.0,0.0,0.0,0.0,0.0,0.0,0.0,0.0,0.0,0.0,0.0,0.0,0.0,0.0,0.0,0.0,0.0,0.0,0,0,1.0,0.0,0,0.0,0,0.0,0.0,0.0496,easy,0.117,0,0,0,0,0,0,0,0,0,0,0,0,0,0,1,0,0,0,0,0,0
148,74,3,5d482ea721c9be351f762d1d,2020-04-28 19:21:41.667000+00:00,i think he is pretty asshole,1.0,1,0.166666667,6,i think he is pretty asshole,3,6,28,1,-0.8570792809108222,-0.2628468742428902,0.0,0.0,0.0,0.0,0.0,0.0,0.0,0.0,0.0,0.0,0.01,0.0,0.01,0.0,0.0,0.0,0.0,0.0,0.0,0.0,0.01,0.01,0.0,0.02,0.0,0.0,0.0,0.0,0.0,0.0,0.01,0.0,0.0,0.0,0.0,0.0,0.01,0.01,0.0,0.01,0.0,0.02,0.0,0.0,0.0,0.01,0.02,0.0,0.0,0.0,0.0,0.01,0.01,0.030000000000000002,0.0,0,0,1.0,0.16666666666666666,0,0.0,0,1.0,0.25,0.2976,easy,1.942,0,0,1,0,1,0,0,0,0,0,0,1,0,0,0,0,0,1,0,0,0
148,74,3,5d482ea421c9be351f762239,2020-04-28 19:21:45.839000+00:00,he is the asshold for sure,1.0,1,0.166666667,6,he is the asshold for sure,4,6,26,1,-0.7591309876001406,-0.18414131302891745,0.0,0.0,0.0,0.0,0.01,0.0,0.0,0.0,0.0,0.0,0.01,0.0,0.0,0.0,0.0,0.0,0.0,0.0,0.0,0.0,0.01,0.0,0.0,0.01,0.0,0.0,0.0,0.0,0.0,0.0,0.01,0.0,0.0,0.0,0.0,0.0,0.0,0.0,0.0,0.0,0.0,0.01,0.0,0.01,0.0,0.01,0.01,0.01,0.0,0.0,0.0,0.0,0.0,0.04,0.0,0,0,1.0,0.0,2,0.0,0,0.8888888888888888,0.5,0.2976,easy,4.172,0,0,0,0,0,0,0,0,0,0,0,0,0,0,0,0,0,0,0,0,0
148,74,3,5ea868047d50722703c4f4ad,2020-04-28 19:21:46.682000+00:00,hi,1.0,1,0.166666667,6,hi,5,1,2,1,-1.2488724541535483,-0.5776691190987813,0.0,0.0,0.0,0.0,0.0,0.0,0.0,0.0,0.0,0.0,0.0,0.0,0.0,0.0,0.0,0.0,0.0,0.0,0.0,0.0,0.0,0.0,0.0,0.0,0.0,0.0,0.0,0.0,0.0,0.0,0.01,0.0,0.0,0.0,0.0,0.0,0.0,0.0,0.0,0.0,0.0,0.0,0.0,0.0,0.0,0.0,0.0,0.0,0.0,0.0,0.0,0.0,0.0,0.0,0.0,0,0,1.0,0.0,0,0.0,0,0.0,0.0,0.0496,easy,0.843,0,0,0,0,0,0,0,0,0,0,0,0,0,0,1,0,0,0,0,0,0
148,74,3,5ea8628c7d50722703c4e085,2020-04-28 19:21:46.724000+00:00,hi,1.0,1,0.166666667,6,hi,6,1,2,1,-1.2488724541535483,-0.5776691190987813,0.0,0.0,0.0,0.0,0.0,0.0,0.0,0.0,0.0,0.0,0.0,0.0,0.0,0.0,0.0,0.0,0.0,0.0,0.0,0.0,0.0,0.0,0.0,0.0,0.0,0.0,0.0,0.0,0.0,0.0,0.01,0.0,0.0,0.0,0.0,0.0,0.0,0.0,0.0,0.0,0.0,0.0,0.0,0.0,0.0,0.0,0.0,0.0,0.0,0.0,0.0,0.0,0.0,0.0,0.0,0,0,1.0,0.0,1,0.0,0,0.0,0.0,0.0496,easy,0.042,0,0,0,0,0,0,0,0,0,0,0,0,0,0,1,0,0,0,0,0,0
148,74,3,5d482ea621c9be351f7629ec,2020-04-28 19:21:50.255000+00:00,hi,1.0,1,0.166666667,6,hi,7,1,2,1,-1.2488724541535483,-0.5776691190987813,0.0,0.0,0.0,0.0,0.0,0.0,0.0,0.0,0.0,0.0,0.0,0.0,0.0,0.0,0.0,0.0,0.0,0.0,0.0,0.0,0.0,0.0,0.0,0.0,0.0,0.0,0.0,0.0,0.0,0.0,0.01,0.0,0.0,0.0,0.0,0.0,0.0,0.0,0.0,0.0,0.0,0.0,0.0,0.0,0.0,0.0,0.0,0.0,0.0,0.0,0.0,0.0,0.0,0.0,0.0,0,0,1.0,0.0,1,0.0,0,0.0,0.0,0.0496,easy,3.531,0,0,0,0,0,0,0,0,0,0,0,0,0,0,1,0,0,0,0,0,0
148,74,3,5ea868047d50722703c4f4ad,2020-04-28 19:21:51.340000+00:00,hello,1.0,1,0.166666667,6,hello,8,1,5,1,-1.2488724541535483,-0.5776691190987813,0.0,0.0,0.0,0.0,0.0,0.0,0.0,0.0,0.0,0.0,0.0,0.0,0.0,0.0,0.0,0.0,0.0,0.0,0.0,0.0,0.0,0.0,0.0,0.0,0.0,0.0,0.0,0.0,0.0,0.0,0.010000000000000002,0.0,0.0,0.0,0.0,0.0,0.0,0.0,0.0,0.0,0.0,0.0,0.0,0.0,0.0,0.0,0.0,0.0,0.0,0.0,0.0,0.0,0.0,0.0,0.0,0,0,1.0,0.0,0,0.0,0,0.0,0.0,0.0496,easy,1.085,0,0,0,0,0,0,0,0,0,0,0,0,0,0,1,0,0,0,0,0,0
148,74,3,5ea8542c7d50722703c4cbff,2020-04-28 19:21:52.070000+00:00,he is the asshold for sure,1.0,1,0.166666667,6,he is the asshold for sure,9,6,26,1,-0.7591309876001406,-0.18414131302891745,0.0,0.0,0.0,0.0,0.01,0.0,0.0,0.0,0.0,0.0,0.01,0.0,0.0,0.0,0.0,0.0,0.0,0.0,0.0,0.0,0.01,0.0,0.0,0.01,0.0,0.0,0.0,0.0,0.0,0.0,0.01,0.0,0.0,0.0,0.0,0.0,0.0,0.0,0.0,0.0,0.0,0.01,0.0,0.01,0.0,0.01,0.01,0.01,0.0,0.0,0.0,0.0,0.0,0.04,0.0,0,0,1.0,0.0,0,0.0,0,0.8888888888888888,0.5,0.2976,easy,0.73,0,0,0,0,0,0,0,0,0,0,0,0,0,0,0,0,0,0,0,0,0
148,74,3,5d482ea621c9be351f7629ec,2020-04-28 19:22:00.129000+00:00,hes the asshole ,1.0,1,0.166666667,6,hes the asshole ,10,3,16,1,-1.0529758675321852,-0.42025799667083574,0.0,0.0,0.0,0.0,0.0,0.0,0.0,0.0,0.0,0.0,0.01,0.0,0.01,0.0,0.0,0.0,0.0,0.0,0.0,0.0,0.0,0.0,0.0,0.01,0.0,0.0,0.0,0.0,0.0,0.0,0.01,0.0,0.0,0.0,0.0,0.0,0.01,0.0,0.0,0.0,0.0,0.01,0.0,0.01,0.0,0.01,0.0,0.0,0.0,0.0,0.0,0.0,0.0,0.01,0.0,0,0,1.0,0.0,1,0.0,0,0.0,0.0,0.1488,easy,8.059,0,0,0,0,0,0,0,0,0,0,0,0,0,0,0,0,0,0,0,0,0
148,74,3,5d482ea721c9be351f762d1d,2020-04-28 19:22:10.849000+00:00,so we all think he the asshole,1.0,1,0.166666667,6,so we all think he the asshole,11,7,30,1,-0.7591309876001406,-0.18414131302891745,0.0,0.0,0.0,0.01,0.01,0.01,0.0,0.0,0.01,0.0,0.01,0.0,0.01,0.0,0.0,0.0,0.0,0.0,0.0,0.0,0.0,0.01,0.0,0.01,0.0,0.0,0.0,0.0,0.0,0.0,0.02,0.0,0.0,0.0,0.0,0.0,0.01,0.0,0.0,0.0,0.0,0.01,0.0,0.01,0.01,0.0,0.03,0.0,0.01,0.0,0.0,0.0,0.01,0.049999999999999996,0.0,0,0,1.0,0.14285714285714285,1,0.0003202049311559398,0,0.0,0.0,0.3472,easy,10.72,0,0,1,0,1,0,0,0,0,1,0,0,0,0,0,0,1,0,0,0,0
148,74,3,5ea868047d50722703c4f4ad,2020-04-28 19:22:12.426000+00:00,he is asshole,1.0,1,0.166666667,6,he is asshole.,12,3,13,1,-1.0529758675321852,-0.42025799667083574,0.0,0.0,0.0,0.0,0.0,0.0,0.0,0.0,0.0,0.0,0.01,0.0,0.01,0.0,0.0,0.0,0.0,0.0,0.0,0.0,0.0,0.0,0.0,0.01,0.0,0.0,0.0,0.0,0.0,0.0,0.01,0.0,0.0,0.0,0.0,0.0,0.01,0.0,0.0,0.0,0.0,0.01,0.0,0.0,0.0,0.01,0.0,0.0,0.0,0.0,0.0,0.0,0.0,0.02,0.0,0,0,1.0,0.0,1,0.0003202049311559398,0,0.0,0.0,0.1488,easy,1.577,0,0,0,0,0,0,0,0,0,0,0,0,0,0,0,0,0,0,0,0,0
148,74,3,5ea8628c7d50722703c4e085,2020-04-28 19:22:12.846000+00:00,yeshes the asshole,1.0,1,0.166666667,6,"yes,hes the asshole",13,3,18,1,-1.0529758675321852,-0.42025799667083574,0.0,0.0,0.0,0.0,0.0,0.0,0.0,0.0,0.0,0.0,0.0,0.0,0.009999999999999998,0.0,0.0,0.0,0.0,0.0,0.0,0.0,0.0,0.0,0.0,0.0,0.0,0.0,0.0,0.0,0.0,0.0,0.0,0.0,0.0,0.0,0.0,0.0,0.009999999999999998,0.0,0.0,0.0,0.0,0.0,0.0,0.009999999999999998,0.0,0.0,0.0,0.0,0.0,0.0,0.0,0.0,0.0,0.009999999999999998,0.0,0,0,1.0,0.0,0,0.0003202049311559398,0,0.0,0.0,0.1488,easy,0.42,0,0,0,0,0,0,0,0,0,0,0,0,0,0,0,0,0,0,0,0,0
148,74,3,5d482ea521c9be351f76254e,2020-04-28 19:22:13.947000+00:00,i see how the husband feels but he couldve went about it in another way,1.0,1,0.166666667,6,"i see how the husband feels, but he could've went about it in another way.",14,15,71,1,0.024455358885311848,0.4455031766828647,0.01,0.0,0.0,0.02,0.0,0.0,0.0,0.0,0.02,0.0,0.01,0.0,0.0,0.0,0.0,0.01,0.0,0.01,0.0,0.0,0.0,0.01,0.0,0.02,0.01,0.02,0.02,0.0,0.0,0.0,0.02,0.01,0.0,0.0,0.0,0.01,0.0,0.01,0.01,0.0,0.01,0.04,0.0,0.01,0.01,0.01,0.04,0.02,0.0,0.02,0.0,0.0,0.01,0.08,0.0,0,0,1.0,0.06666666666666667,1,0.0,0,0.0,0.0,0.744,easy,1.101,0,0,1,0,1,0,0,0,0,0,0,1,0,0,0,0,0,0,0,0,0
149,75,2,5e821b0450f6e364321d5460,2020-04-28 18:26:25.695000+00:00,this reminds me a little of getting my nails done at my local salon and the staff speaking vietnamese,1.0,1,0.2,5,"this reminds me a little of getting my nails done at my local salon, and the staff speaking vietnamese.",1,19,101,1,0.22035194550667497,-0.1709443048933519,0.0,0.01,0.0,0.01,0.0,0.01,0.0,0.0,0.0,0.0,0.0,0.0,0.0,0.0,0.0,0.0,0.0,0.0,0.0,0.0,0.0,0.0,0.0,0.0,0.0,0.01,0.03,0.0,0.0,0.0,0.01,0.01,0.0,0.01,0.0,0.0,0.0,0.03,0.0,0.0,0.0,0.01,0.0,0.02,0.01,0.01,0.01,0.02,0.0,0.01,0.0,0.01,0.03,0.09,0.01,0,0,0.9473684210526315,0.15789473684210525,0,0.0,1,0.25,-0.09375,0.9424,easy,0.0,0,0,0,0,0,0,0,0,0,0,1,0,0,0,0,0,0,0,0,0,0
149,75,2,5d482ea521c9be351f7625d2,2020-04-28 18:26:31.624000+00:00,i would feel uncomfortable to if two people started talking another language when you are hanging out in the room  yes novel me too you cant help to think they are talking about you,1.0,1,0.2,5,"i would feel uncomfortable to if two people started talking another language when you are hanging out in the room  yes, novel, me too, you cant help to think they are talking about you",2,34,181,1,1.7875246384775798,1.5281384831375402,0.02,0.0,0.01,0.02,0.0,0.01,0.0,0.0,0.03,0.01,0.0,0.01,0.0,0.0,0.0,0.0,0.0,0.0,0.0,0.0,0.0,0.02,0.01,0.05,0.01,0.01,0.05,0.0,0.0,0.0,0.09,0.0,0.0,0.0,0.0,0.0,0.0,0.02,0.01,0.01,0.01,0.06999999999999999,0.0,0.01,0.01,0.04,0.05,0.05,0.0,0.01,0.03,0.0,0.02,0.16999999999999998,0.0,0,0,0.8529411764705882,0.058823529411764705,2,0.0,0,1.0,-0.5,2.150811764705882,easy,5.929,0,0,1,0,1,0,0,0,0,0,0,1,1,0,0,0,0,0,1,0,0
149,75,2,5ea63b6a7c882f6974ff320c,2020-04-28 18:26:51.842000+00:00,mother felt left out of conversation sons husband could speak english so he should speak it if needed  i compare it to whispering,1.0,1,0.2,5,mother felt left out of conversation. son's husband could speak english so he should speak it if needed.  i compare it to whispering.,3,23,129,1,0.8080417053707643,0.4662117406182326,0.04,0.03,0.0,0.02,0.0,0.01,0.0,0.0,0.01,0.0,0.01,0.0,0.0,0.0,0.0,0.0,0.0,0.03,0.0,0.0,0.0,0.01,0.0,0.0,0.01,0.02,0.02,0.0,0.0,0.0,0.07,0.02,0.0,0.0,0.0,0.0,0.0,0.01,0.01,0.01,0.01,0.04,0.0,0.0,0.01,0.02,0.06,0.03,0.0,0.04,0.0,0.0,0.01,0.1,0.0,0,0,0.9130434782608695,0.043478260869565216,3,0.00015518311607697082,0,0.0,0.0,1.8273217391304348,easy,20.218,0,0,1,0,1,0,0,0,0,0,1,0,0,0,0,0,0,0,0,0,0
149,75,2,5d482ea621c9be351f762987,2020-04-28 18:26:53.727000+00:00,my initial impression is that the woman didnt feel included and couldnt speak to her sons partner because she doesnt know french  her sons partner knows english and should be polite and inlcude her in conversation ,1.0,1,0.2,5,my initial impression is that the woman didn't feel included and couldn't speak to her son's partner because she doesn't know french.  her son's partner knows english and should be polite and inlcude her in conversation. ,4,36,214,1,2.1793178117203063,1.9529091801452632,0.02,0.01,0.0,0.04,0.0,0.04,0.0,0.0,0.0,0.0,0.04,0.030000000000000002,0.0,0.0,0.0,0.0,0.0,0.02,0.0,0.0,0.01,0.030000000000000002,0.030000000000000002,0.05,0.01,0.01,0.02,0.0,0.0,0.0,0.11,0.01,0.0,0.0,0.0,0.01,0.0,0.01,0.01,0.0,0.0,0.09,0.02,0.01,0.04,0.060000000000000005,0.1,0.02,0.0,0.02,0.0,0.01,0.01,0.16,0.0,0,0,0.8333333333333334,0.0,2,0.02221971398693657,0,0.0,0.0,2.224211111111111,easy,1.885,0,0,1,0,1,0,0,0,0,0,0,1,0,0,0,0,0,1,0,0,0
149,75,2,5d482ea521c9be351f7625d2,2020-04-28 18:27:05.279000+00:00,it would be one thing if she walked in on them already talking i dont think shes the asshole,1.0,1,0.2,5,it would be one thing if she walked in on them already talking. i dont think shes the asshole,5,19,92,1,0.4162485321280381,0.0414410436105096,0.02,0.0,0.0,0.01,0.0,0.0,0.0,0.0,0.0,0.0,0.02,0.01,0.01,0.0,0.0,0.0,0.0,0.0,0.0,0.0,0.0,0.01,0.0,0.03,0.01,0.01,0.04,0.0,0.0,0.0,0.04,0.02,0.0,0.0,0.0,0.0,0.01,0.01,0.0,0.01,0.01,0.06,0.0,0.01,0.0,0.04,0.03,0.02,0.0,0.0,0.0,0.0,0.01,0.09000000000000001,0.0,0,0,1.0,0.05263157894736842,4,0.0,0,0.0,0.0,0.9424,easy,11.552,0,0,1,0,1,0,0,0,0,0,1,0,0,0,0,0,0,0,0,0,0
149,75,2,5d482ea421c9be351f762375,2020-04-28 18:27:19.567000+00:00,i feel very uncomfortable when i am out somewhere and excluded from a conversation because two people are speaking a different language,1.0,1,0.2,5,i feel very uncomfortable when i am out somewhere and excluded from a conversation because two people are speaking a different language,6,22,135,1,0.6121451187494011,0.25382639211437114,0.0,0.01,0.0,0.030000000000000002,0.0,0.02,0.0,0.0,0.02,0.01,0.0,0.0,0.0,0.0,0.0,0.0,0.0,0.0,0.0,0.0,0.0,0.01,0.01,0.030000000000000002,0.0,0.0,0.030000000000000002,0.0,0.0,0.0,0.04,0.01,0.0,0.0,0.0,0.01,0.0,0.02,0.01,0.0,0.01,0.030000000000000002,0.0,0.02,0.02,0.02,0.060000000000000005,0.02,0.0,0.02,0.0,0.02,0.02,0.12000000000000001,0.0,0,0,0.9090909090909091,0.09090909090909091,0,0.00031036623215394165,0,0.8,-0.325,6.163154545454546,difficult,14.288,0,0,1,0,1,0,0,0,0,0,1,1,0,0,0,0,0,0,1,0,0
149,75,2,5ea868d67d50722703c4f7a7,2020-04-28 18:27:24.039000+00:00,my initial impression is that the woman didnt feel included and couldnt speak to her sons partner because she doesnt know french her sons partner knows english and should be polite and include her in conversation,1.0,1,0.2,5,my initial impression is that the woman didn't feel included and couldn't speak to her son's partner because she doesn't know french. her son's partner knows english and should be polite and include her in conversation,7,36,212,1,2.1793178117203063,1.9529091801452632,0.02,0.01,0.0,0.04,0.0,0.05,0.0,0.0,0.0,0.0,0.04,0.030000000000000002,0.0,0.0,0.0,0.0,0.0,0.02,0.0,0.0,0.01,0.030000000000000002,0.030000000000000002,0.05,0.01,0.01,0.02,0.0,0.0,0.0,0.11000000000000001,0.01,0.0,0.0,0.0,0.01,0.0,0.01,0.01,0.0,0.0,0.09,0.02,0.01,0.04,0.060000000000000005,0.11000000000000001,0.02,0.0,0.02,0.0,0.01,0.01,0.16,0.0,0,0,0.8333333333333334,0.0,4,0.004171819605903207,0,0.0,0.0,2.224211111111111,easy,4.472,0,0,1,0,1,0,0,0,0,0,0,1,0,0,0,0,0,1,0,0,0
149,75,2,5d482ea621c9be351f762987,2020-04-28 18:27:41.448000+00:00,i think she was polite and right to speak up and tell them how she is feeling ,1.0,1,0.2,5,i think she was polite and right to speak up and tell them how she is feeling. ,8,17,78,1,0.22035194550667497,-0.1709443048933519,0.0,0.01,0.0,0.030000000000000002,0.0,0.02,0.0,0.0,0.01,0.0,0.02,0.0,0.0,0.0,0.0,0.0,0.0,0.0,0.0,0.0,0.0,0.02,0.0,0.02,0.0,0.01,0.02,0.0,0.0,0.0,0.049999999999999996,0.0,0.0,0.0,0.0,0.01,0.0,0.01,0.01,0.0,0.0,0.030000000000000002,0.0,0.0,0.02,0.02,0.049999999999999996,0.02,0.0,0.02,0.0,0.02,0.01,0.11,0.0,0,0,0.8823529411764706,0.058823529411764705,6,0.007918002183790638,0,0.5357142857142857,0.2857142857142857,0.8432,easy,17.409,0,0,1,0,1,0,0,0,0,0,0,1,0,0,0,0,0,1,0,0,0
149,75,2,5e821b0450f6e364321d5460,2020-04-28 18:27:45.783000+00:00,i am not so sure to be honest i mean they may have been discussing something completely innocuous but it was easier to discuss in the husbands native language,1.0,1,0.2,5,"i am not so sure, to be honest. i mean, they may have been discussing something completely innocuous, but it was easier to discuss in the husband's native language",9,29,158,1,1.2977831719241721,0.9971751118778864,0.0,0.0,0.0,0.02,0.02,0.0,0.0,0.0,0.02,0.0,0.0,0.01,0.0,0.0,0.0,0.0,0.0,0.01,0.0,0.0,0.030000000000000002,0.01,0.0,0.030000000000000002,0.01,0.02,0.01,0.0,0.0,0.0,0.05,0.02,0.0,0.0,0.0,0.0,0.0,0.02,0.0,0.02,0.030000000000000002,0.07,0.0,0.01,0.02,0.060000000000000005,0.07,0.030000000000000002,0.0,0.0,0.0,0.030000000000000002,0.02,0.16,0.0,0,0,0.9310344827586207,0.06896551724137931,3,0.00031036623215394165,0,0.7190972222222222,0.22187500000000002,1.9828827586206894,easy,4.335,0,0,1,0,0,0,0,0,0,0,1,1,0,0,0,0,0,1,0,0,0
149,75,2,5d482ea421c9be351f762375,2020-04-28 18:27:59.024000+00:00,i do not feel like she is being an asshole but asking them to speak english in her home while they are visiting,1.0,1,0.2,5,i do not feel like she is being an asshole but asking them to speak english in her home while they are visiting.,10,23,111,1,0.8080417053707643,0.4662117406182326,0.0,0.01,0.01,0.02,0.0,0.0,0.0,0.0,0.0,0.0,0.02,0.01,0.01,0.0,0.0,0.0,0.0,0.0,0.0,0.0,0.01,0.01,0.0,0.04,0.0,0.0,0.030000000000000006,0.0,0.0,0.0,0.07,0.0,0.0,0.0,0.0,0.0,0.01,0.01,0.01,0.0,0.02,0.05,0.0,0.01,0.01,0.04,0.030000000000000006,0.02,0.0,0.02,0.0,0.01,0.01,0.15000000000000002,0.0,0,0,1.0,0.043478260869565216,5,0.00015518311607697082,0,0.0,0.0,1.1408,easy,13.241,0,0,1,0,1,0,0,0,0,0,0,1,0,0,0,0,0,1,0,0,0
149,75,2,5ea868d67d50722703c4f7a7,2020-04-28 18:28:02.154000+00:00,i think she was calm and right to speak up and tell them how she is feeling,1.0,1,0.2,5,i think she was calm and right to speak up and tell them how she is feeling,11,17,75,1,0.22035194550667497,-0.1709443048933519,0.0,0.01,0.0,0.03,0.0,0.02,0.0,0.0,0.01,0.0,0.02,0.0,0.0,0.0,0.0,0.0,0.0,0.0,0.0,0.0,0.01,0.02,0.0,0.02,0.0,0.01,0.02,0.0,0.0,0.0,0.05,0.0,0.0,0.0,0.0,0.01,0.0,0.01,0.01,0.0,0.0,0.03,0.0,0.0,0.02,0.02,0.05,0.02,0.0,0.02,0.0,0.02,0.01,0.11,0.0,0,0,0.8823529411764706,0.058823529411764705,5,0.0011766335757296778,0,0.6428571428571428,0.29285714285714287,0.8432,easy,3.13,0,0,1,0,1,0,0,0,0,0,0,1,0,0,0,0,0,1,0,0,0
150,75,3,5d482ea621c9be351f762987,2020-04-28 18:41:08.920000+00:00,my initial impression is this young woman isnt an asshole she is trying to make her husband feel comfortable ,0.6,1,0.2,5,"my initial impression is this young woman isn't an asshole, she is trying to make her husband feel comfortable. ",1,19,109,1,0.5141968254387196,0.09549519875852487,0.0,0.0,0.0,0.0,0.0,0.0,0.0,0.010000000000000002,0.0,0.0,0.020000000000000004,0.010000000000000002,0.010000000000000002,0.0,0.0,0.0,0.0,0.010000000000000002,0.0,0.0,0.020000000000000004,0.010000000000000002,0.010000000000000002,0.05000000000000001,0.0,0.0,0.020000000000000004,0.0,0.0,0.0,0.04000000000000001,0.010000000000000002,0.0,0.0,0.0,0.010000000000000002,0.010000000000000002,0.010000000000000002,0.010000000000000002,0.0,0.0,0.05000000000000001,0.0,0.010000000000000002,0.0,0.030000000000000002,0.020000000000000004,0.010000000000000002,0.0,0.010000000000000002,0.0,0.010000000000000002,0.010000000000000002,0.08000000000000002,0.0,0,0,0.9473684210526315,0.0,0,0.0,0,0.4000000000000001,0.16666666666666666,0.9424,easy,0.0,0,0,1,0,1,0,0,0,0,0,0,1,0,0,0,0,0,1,0,0,0
150,75,3,5ea63b6a7c882f6974ff320c,2020-04-28 18:41:31.495000+00:00,i think it was only for the weekend they could speak english  lets be honest its usually uncomfortable at the inlaws lol,0.6,1,0.2,5,"i think it was only for the weekend, they could speak english.  let's be honest, it's usually uncomfortable at the in-laws. lol",2,22,120,1,0.6121451187494011,0.19099039751704974,0.01,0.01,0.0,0.0,0.0,0.0,0.0,0.0,0.02,0.01,0.0,0.0,0.0,0.0,0.0,0.0,0.0,0.0,0.0,0.0,0.01,0.01,0.0,0.02,0.0,0.01,0.03,0.0,0.0,0.0,0.03,0.02,0.0,0.0,0.0,0.0,0.0,0.01,0.0,0.01,0.0,0.049999999999999996,0.0,0.02,0.0,0.03,0.03,0.02,0.01,0.01,0.0,0.01,0.02,0.10999999999999999,0.0,0,0,0.9545454545454546,0.09090909090909091,0,0.0,0,0.72,0.18,1.808927272727273,easy,22.575,0,0,1,0,1,0,0,0,0,0,0,1,0,0,0,0,0,1,1,0,0
150,75,3,5d482ea521c9be351f7625d2,2020-04-28 18:41:43.418000+00:00,in my point of view i dont think eother one of them are assholes they just need to try to understand the others opinion,0.6,1,0.2,5,"in my point of view, i don't think eother one of them are assholes, they just need to try to understand the others opinion",3,24,119,1,0.8080417053707643,0.3819807950340995,0.009999999999999998,0.0,0.0,0.0,0.0,0.0,0.0,0.009999999999999998,0.009999999999999998,0.0,0.0,0.009999999999999998,0.009999999999999998,0.0,0.0,0.009999999999999998,0.0,0.0,0.0,0.0,0.0,0.019999999999999997,0.0,0.06,0.0,0.0,0.019999999999999997,0.0,0.0,0.0,0.019999999999999997,0.009999999999999998,0.0,0.0,0.0,0.0,0.009999999999999998,0.019999999999999997,0.0,0.009999999999999998,0.009999999999999998,0.06,0.0,0.009999999999999998,0.009999999999999998,0.019999999999999997,0.05,0.05,0.0,0.009999999999999998,0.0,0.0,0.019999999999999997,0.12,0.0,0,0,0.9166666666666666,0.08333333333333333,2,0.0005036151718260998,0,0.0,0.0,1.1904,easy,11.923,0,0,1,0,1,0,0,0,0,0,1,0,0,0,0,0,0,0,0,0,0
150,75,3,5e821b0450f6e364321d5460,2020-04-28 18:41:56.591000+00:00,true but she is also aware that she is excluding her mother from conversation,0.6,1,0.2,5,"true, but she is also aware that she is excluding her mother from conversation.",4,14,77,1,0.024455358885311848,-0.3819807950340995,0.0,0.0,0.0,0.02,0.01,0.0,0.0,0.0,0.01,0.0,0.03,0.0,0.0,0.0,0.0,0.0,0.0,0.01,0.0,0.0,0.01,0.01,0.0,0.02,0.0,0.0,0.0,0.0,0.0,0.0,0.049999999999999996,0.01,0.0,0.0,0.0,0.0,0.0,0.0,0.0,0.0,0.02,0.02,0.0,0.0,0.01,0.02,0.04,0.01,0.0,0.0,0.0,0.0,0.0,0.08,0.0,0,0,0.8571428571428571,0.0,0,0.0,0,0.45,0.3,5.458757142857143,medium,13.173,0,0,0,0,0,0,0,0,0,0,0,0,0,0,0,0,1,0,0,0,0
150,75,3,5d482ea521c9be351f7625d2,2020-04-28 18:42:04.913000+00:00,i dont feel it is his intention to be rude to his mother if any maybe the boyfriend is an asshole for expecting that,0.6,1,0.2,5,"i dont feel it is his intention to be rude to his mother, if any maybe the boyfriend is an asshole for expecting that",5,24,116,1,0.9059899986814458,0.4774759937926244,0.019999999999999997,0.0,0.0,0.009999999999999998,0.0,0.0,0.0,0.0,0.009999999999999998,0.0,0.019999999999999997,0.009999999999999998,0.009999999999999998,0.0,0.0,0.0,0.0,0.009999999999999998,0.009999999999999998,0.0,0.0,0.009999999999999998,0.0,0.039999999999999994,0.0,0.0,0.0,0.0,0.0,0.0,0.039999999999999994,0.019999999999999997,0.0,0.0,0.0,0.009999999999999998,0.019999999999999997,0.009999999999999998,0.009999999999999998,0.03,0.009999999999999998,0.05,0.009999999999999998,0.019999999999999997,0.0,0.039999999999999994,0.06,0.03,0.0,0.009999999999999998,0.0,0.0,0.009999999999999998,0.15,0.009999999999999998,0,0,0.875,0.041666666666666664,3,0.0008496176720475786,1,0.6,-0.3,1.1904,easy,8.322,0,0,1,0,1,0,0,0,0,0,0,1,0,0,0,0,0,0,1,0,0
150,75,3,5d482ea421c9be351f762375,2020-04-28 18:42:09.162000+00:00,my first impression is that the young man and his husband are being assholes as they are being disrespectful in this situation,0.6,1,0.2,5,my first impression is that the young man and his husband are being assholes as they are being disrespectful in this situation.,6,22,126,1,0.8080417053707643,0.3819807950340995,0.0,0.0,0.0,0.02,0.0,0.01,0.0,0.01,0.0,0.0,0.01,0.0,0.01,0.0,0.0,0.0,0.0,0.01,0.0,0.0,0.01,0.0,0.01,0.03,0.0,0.0,0.03,0.0,0.0,0.0,0.04,0.02,0.0,0.0,0.0,0.0,0.01,0.01,0.0,0.0,0.0,0.049999999999999996,0.0,0.01,0.01,0.049999999999999996,0.01,0.02,0.0,0.0,0.0,0.0,0.01,0.13999999999999999,0.0,0,0,0.9090909090909091,0.0,4,0.0,0,0.3666666666666667,0.175,1.0912,easy,4.249,0,0,0,0,0,0,0,0,0,0,0,1,0,0,0,0,0,0,1,0,0
150,75,3,5d482ea621c9be351f762987,2020-04-28 18:42:09.435000+00:00,i think the womans husband doesnt feel comfortable speaking english and he may be nervous around his mother in law in general  ,0.6,1,0.2,5,i think the woman's husband doesn't feel comfortable speaking english and he may be nervous around his mother in law in general.  ,7,22,127,1,0.7100934120600827,0.2864855962755746,0.0,0.01,0.0,0.01,0.0,0.02,0.0,0.0,0.01,0.01,0.02,0.01,0.0,0.0,0.0,0.0,0.0,0.02,0.0,0.0,0.01,0.02,0.0,0.03,0.01,0.0,0.03,0.0,0.0,0.0,0.05,0.0,0.0,0.0,0.0,0.0,0.0,0.01,0.01,0.01,0.0,0.05,0.0,0.01,0.01,0.03,0.07,0.03,0.0,0.02,0.0,0.01,0.01,0.08,0.0,0,0,0.9545454545454546,0.045454545454545456,5,0.000727802037845706,0,0.43333333333333335,0.15000000000000002,1.0912,easy,0.273,0,0,1,0,1,0,0,0,0,0,0,1,0,0,0,0,0,1,1,0,0
150,75,3,5ea868d67d50722703c4f7a7,2020-04-28 18:42:21.895000+00:00,i impressed this young woman isnt an asshole she is trying to make her husband feel comfortable,0.6,1,0.2,5,"i impressed this young woman isn't an asshole, she is trying to make her husband feel comfortable.",8,17,95,1,0.22035194550667497,-0.19099039751704974,0.0,0.0,0.0,0.0,0.0,0.0,0.0,0.009999999999999998,0.0,0.0,0.019999999999999997,0.009999999999999998,0.009999999999999998,0.0,0.0,0.0,0.0,0.009999999999999998,0.0,0.0,0.019999999999999997,0.009999999999999998,0.009999999999999998,0.039999999999999994,0.0,0.0,0.009999999999999998,0.0,0.0,0.0,0.039999999999999994,0.009999999999999998,0.0,0.0,0.0,0.009999999999999998,0.009999999999999998,0.009999999999999998,0.009999999999999998,0.0,0.0,0.039999999999999994,0.0,0.009999999999999998,0.0,0.019999999999999997,0.019999999999999997,0.009999999999999998,0.0,0.009999999999999998,0.0,0.019999999999999997,0.009999999999999998,0.06999999999999999,0.0,0,0,1.0,0.058823529411764705,0,0.00660592853317188,0,0.7333333333333334,0.5,0.8432,easy,12.46,0,0,1,0,1,0,0,0,0,0,0,1,0,0,0,0,0,1,0,0,0
150,75,3,5ea63b6a7c882f6974ff320c,2020-04-28 18:42:52.442000+00:00,uncomfortable or not if the husband is having trouble finding the words he could translate and include the mother in the conversation,0.6,1,0.2,5,"uncomfortable or not, if the husband is having trouble finding the words, he could translate and include the mother in the conversation.",9,22,133,1,0.8080417053707643,0.3819807950340995,0.02,0.0,0.0,0.03,0.0,0.02,0.0,0.0,0.0,0.01,0.01,0.01,0.0,0.0,0.0,0.0,0.0,0.02,0.0,0.0,0.0,0.01,0.0,0.01,0.0,0.0,0.01,0.0,0.0,0.0,0.04,0.0,0.0,0.0,0.0,0.0,0.0,0.0,0.0,0.02,0.03,0.03,0.0,0.04,0.01,0.03,0.07,0.01,0.0,0.0,0.0,0.0,0.0,0.12,0.0,0,0,0.8636363636363636,0.0,1,0.000727802037845706,0,0.6,-0.35,6.163154545454546,difficult,30.547,0,0,0,0,0,0,0,0,0,0,0,0,0,0,0,0,0,0,1,0,0
151,76,0,5d482ea521c9be351f762435,2020-04-28 17:40:45.736000+00:00,so my initial impression is that he is indeed an asshole  the fact that he was able to learn all of those languages doesnt speak to his motherinlaws ability  in all reality id see it as a sign of trustrespect to be consulted,1.0,1,0.333333333,3,"so my initial impression is that he is indeed an asshole.  the fact that he was able to learn all of those languages doesnt speak to his mother-in-law's ability.  in all reality, i'd see it as a sign of trust/respect to be consulted.",1,43,224,1,2.7670075715843954,1.0593754903181942,0.0,0.01,0.0,0.02,0.04,0.0,0.0,0.02,0.01,0.0,0.030000000000000002,0.01,0.01,0.0,0.0,0.01,0.0,0.0,0.0,0.0,0.02,0.01,0.0,0.04,0.0,0.01,0.02,0.0,0.0,0.0,0.060000000000000005,0.04,0.0,0.02,0.0,0.0,0.01,0.01,0.0,0.0,0.0,0.060000000000000005,0.0,0.030000000000000002,0.01,0.05,0.07,0.07,0.0,0.02,0.0,0.01,0.01,0.25000000000000006,0.0,0,0,0.8372093023255814,0.023255813953488372,0,0.0,0,0.3125,0.25,2.1328,easy,0.0,0,0,0,0,0,0,0,0,0,0,1,0,0,0,0,0,1,0,0,0,0
151,76,0,5ea0d8969dc0406f8988aeb0,2020-04-28 17:40:51.829000+00:00,my first though is this guy is not the asshole for felling this way but he was a little insensitive and could have handled it in a different way,1.0,1,0.333333333,3,"my first though is this guy is not the asshole for felling this way, but he was a little insensitive and could have handled it in a different way.",2,29,144,1,1.4936797585455353,0.05456011108934914,0.009999999999999998,0.0,0.0,0.03,0.0,0.009999999999999998,0.0,0.009999999999999998,0.009999999999999998,0.0,0.009999999999999998,0.009999999999999998,0.009999999999999998,0.0,0.0,0.0,0.0,0.0,0.0,0.0,0.0,0.0,0.009999999999999998,0.03,0.0,0.009999999999999998,0.039999999999999994,0.0,0.0,0.0,0.019999999999999997,0.03,0.0,0.0,0.0,0.0,0.009999999999999998,0.009999999999999998,0.0,0.0,0.019999999999999997,0.05,0.0,0.03,0.019999999999999997,0.05,0.039999999999999994,0.019999999999999997,0.0,0.0,0.0,0.019999999999999997,0.009999999999999998,0.16999999999999998,0.009999999999999998,0,0,0.8620689655172413,0.0,10,0.0003202049311559398,1,0.4777777777777777,0.020833333333333332,1.9828827586206894,easy,6.093,0,0,0,0,0,0,0,0,0,0,0,1,0,0,0,0,1,0,1,0,0
151,76,0,5d482ea521c9be351f762435,2020-04-28 17:42:05.269000+00:00,this is the sort of thing that is signed up for when getting married  there will be what one perceives to be inconvienances  nobody asked him to learn their languages he doesnt get to hold that over their heads,1.0,1,0.333333333,3,"this is the sort of thing that is signed up for when getting married.  there will be what one perceives to be 'inconvienances'.  nobody asked him to learn their languages, he doesnt get to hold that over their heads.",3,39,210,1,2.473162691652351,0.8274950181884608,0.0,0.0,0.0,0.010000000000000002,0.0,0.0,0.010000000000000002,0.0,0.020000000000000004,0.0,0.020000000000000004,0.020000000000000004,0.0,0.0,0.0,0.0,0.010000000000000002,0.010000000000000002,0.0,0.0,0.0,0.020000000000000004,0.0,0.04000000000000001,0.010000000000000002,0.010000000000000002,0.03,0.0,0.010000000000000002,0.0,0.07,0.06,0.0,0.010000000000000002,0.0,0.0,0.0,0.0,0.0,0.010000000000000002,0.0,0.08000000000000002,0.0,0.010000000000000002,0.0,0.06,0.04000000000000001,0.07,0.0,0.0,0.0,0.0,0.0,0.23,0.010000000000000002,0,0,0.8461538461538461,0.0,6,0.0,1,0.25,0.25,2.3392717948717947,easy,73.44,0,0,0,0,0,0,0,0,0,0,0,0,0,0,0,0,0,0,0,0,0
151,76,0,5d482ea721c9be351f762bdf,2020-04-28 17:42:16.091000+00:00,i dont think the guy was the asshole he clearly has been doing this for a long while and its to the point where its disrupting his life i think his attitude would be different if others in the family were also helping out,1.0,1,0.333333333,3,"i don't think the guy was the asshole. he clearly has been doing this for a long while, and it's to the point where it's disrupting his life. i think his attitude would be different if others in the family were also helping out.",4,44,221,1,2.7670075715843954,1.0593754903181942,0.02,0.0,0.01,0.04,0.01,0.02,0.01,0.0,0.03,0.0,0.03,0.01,0.01,0.0,0.01,0.0,0.0,0.01,0.0,0.0,0.01,0.02,0.01,0.04,0.01,0.03,0.06,0.0,0.0,0.0,0.06,0.04,0.0,0.0,0.0,0.0,0.01,0.02,0.0,0.01,0.01,0.09999999999999999,0.0,0.049999999999999996,0.01,0.08,0.06999999999999999,0.04,0.0,0.0,0.0,0.03,0.02,0.26999999999999996,0.0,0,0,0.8409090909090909,0.045454545454545456,9,0.0,0,0.4611111111111111,0.016666666666666673,2.1824,easy,10.822,0,0,1,0,1,1,0,0,0,0,1,1,0,0,0,0,0,1,0,0,0
151,76,0,5d482ea621c9be351f762814,2020-04-28 17:43:24.844000+00:00,having to pick yes or no without any more details i would say yes hes an asshole just because he could teach himself different languages doesnt have any bearing on his mil he came across as disrespectful,1.0,1,0.333333333,3,"having to pick yes or no without any more details, i would say yes, he's an asshole. just because he could teach himself different languages, doesn't have any bearing on his mil. he came across as disrespectful.",5,37,203,1,2.1793178117203063,0.5956145460587273,0.019999999999999997,0.009999999999999998,0.0,0.029999999999999995,0.0,0.009999999999999998,0.0,0.0,0.009999999999999998,0.0,0.049999999999999996,0.029999999999999995,0.009999999999999998,0.0,0.0,0.0,0.0,0.0,0.0,0.009999999999999998,0.0,0.0,0.0,0.029999999999999995,0.009999999999999998,0.009999999999999998,0.029999999999999995,0.0,0.0,0.0,0.06999999999999999,0.0,0.0,0.009999999999999998,0.0,0.019999999999999997,0.009999999999999998,0.009999999999999998,0.0,0.029999999999999995,0.029999999999999995,0.06999999999999999,0.0,0.009999999999999998,0.049999999999999996,0.05999999999999999,0.09999999999999999,0.049999999999999996,0.0,0.009999999999999998,0.0,0.0,0.009999999999999998,0.18,0.0,0,0,0.918918918918919,0.02702702702702703,5,0.007186797443206065,0,0.55,0.25,1.8352,easy,68.753,0,0,0,0,0,0,0,0,0,0,1,0,0,0,0,0,0,0,1,0,0
152,76,3,5d482ea721c9be351f762bdf,2020-04-28 18:25:02.146000+00:00,i can sort of understand both sides of this one,1.0,1,0.25,4,i can sort of understand both sides of this one.,1,10,47,1,-0.4652861076680959,-0.3162234636860551,0.0,0.0,0.0,0.0,0.0,0.009999999999999998,0.0,0.0,0.0,0.0,0.0,0.0,0.0,0.0,0.0,0.0,0.0,0.0,0.0,0.009999999999999998,0.0,0.009999999999999998,0.0,0.019999999999999997,0.0,0.0,0.019999999999999997,0.0,0.0,0.0,0.0,0.009999999999999998,0.0,0.0,0.0,0.0,0.0,0.009999999999999998,0.0,0.009999999999999998,0.0,0.019999999999999997,0.0,0.0,0.0,0.009999999999999998,0.029999999999999995,0.019999999999999997,0.0,0.0,0.0,0.0,0.009999999999999998,0.05999999999999999,0.009999999999999998,0,0,0.9,0.1,0,0.0,1,0.0,0.0,0.496,easy,0.0,0,0,0,0,0,0,0,0,0,0,0,1,0,0,0,0,0,0,0,0,0
152,76,3,5ea0d8969dc0406f8988aeb0,2020-04-28 18:25:23.819000+00:00,tough one but i feel like she should speak to her mother about not abusing her husbands time too much,1.0,1,0.25,4,"tough one, but i feel like she should speak to her mother about not abusing her husband's time too much.",2,20,101,1,0.5141968254387196,0.7077382282497425,0.01,0.01,0.0,0.01,0.0,0.0,0.0,0.0,0.02,0.0,0.03,0.01,0.0,0.0,0.0,0.0,0.0,0.02,0.0,0.01,0.01,0.01,0.0,0.01,0.01,0.0,0.01,0.0,0.0,0.0,0.06,0.0,0.0,0.0,0.0,0.0,0.01,0.01,0.01,0.0,0.02,0.02,0.0,0.0,0.01,0.01,0.04,0.02,0.0,0.02,0.0,0.02,0.01,0.1,0.0,0,0,0.95,0.05,1,0.00015518311607697082,0,0.5166666666666667,-0.09444444444444444,0.992,easy,21.673,0,0,1,0,1,0,0,0,0,0,1,0,0,0,0,0,1,1,0,0,0
152,76,3,5d482ea921c9be351f763594,2020-04-28 18:25:29.025000+00:00,putting someone who is unwilling up to a task and then obligate them is plain wrong,1.0,1,0.25,4,putting someone who is unwilling up to a task and then obligate them is plain wrong,3,16,83,1,0.22035194550667497,0.40054972066900324,0.0,0.0,0.0,0.02,0.0,0.01,0.0,0.0,0.0,0.0,0.0,0.0,0.0,0.0,0.0,0.0,0.0,0.0,0.01,0.0,0.0,0.0,0.0,0.02,0.0,0.0,0.03,0.0,0.0,0.0,0.03,0.02,0.0,0.0,0.0,0.0,0.0,0.0,0.0,0.01,0.0,0.02,0.0,0.01,0.01,0.02,0.02,0.02,0.0,0.0,0.0,0.01,0.0,0.09,0.0,0,0,0.9375,0.0,1,0.0,0,0.6285714285714286,-0.35714285714285715,0.7936,easy,5.206,0,0,0,0,0,0,0,0,0,0,0,0,0,0,0,0,0,0,1,0,0
152,76,3,5d482ea621c9be351f762814,2020-04-28 18:25:33.200000+00:00,there are some details missing here but it sounds like she thinks her time is more valuable than her husbands does he work too they are her parents after all,1.0,1,0.25,4,"there are some details missing here, but it sounds like she thinks her time is more valuable than her husband's? does he work too? they are her parents after all.",4,30,157,1,1.5916280518562167,1.83409608937912,0.0,0.01,0.0,0.01,0.01,0.0,0.0,0.01,0.03,0.0,0.05,0.0,0.0,0.0,0.0,0.0,0.0,0.02,0.0,0.02,0.02,0.01,0.0,0.05,0.0,0.0,0.02,0.0,0.0,0.01,0.08,0.01,0.0,0.01,0.0,0.0,0.0,0.0,0.0,0.01,0.01,0.05,0.0,0.0,0.01,0.04,0.04,0.02,0.0,0.01,0.0,0.03,0.0,0.2,0.0,2,0,0.9,0.0,1,0.0,0,0.275,0.15,1.488,easy,4.175,0,0,0,0,0,0,0,0,0,0,0,0,0,0,0,0,0,1,0,0,0
152,76,3,5ea0d8969dc0406f8988aeb0,2020-04-28 18:25:37.953000+00:00,same here fulfilledhorse,1.0,1,0.25,4,same here fulfilledhorse,5,3,24,1,-1.0529758675321852,-0.9306004788475337,0.0,0.0,0.0,0.0,0.0,0.0,0.0,0.009999999999999998,0.009999999999999998,0.0,0.0,0.0,0.0,0.0,0.0,0.0,0.0,0.0,0.0,0.009999999999999998,0.0,0.0,0.0,0.0,0.0,0.0,0.0,0.0,0.0,0.0,0.0,0.0,0.0,0.0,0.0,0.0,0.0,0.0,0.0,0.0,0.0,0.0,0.0,0.0,0.0,0.0,0.009999999999999998,0.0,0.0,0.0,0.0,0.0,0.0,0.019999999999999997,0.0,0,0,1.0,0.0,0,0.0033222591362126247,0,0.125,0.0,0.1488,easy,4.753,0,0,0,0,0,0,0,0,0,0,0,0,0,0,0,0,0,0,0,0,0
152,76,3,5d482ea821c9be351f763100,2020-04-28 18:26:02.446000+00:00,shes the asshole  in her words  its her mother and she makes her husband handle a situation been forced to deal with,1.0,1,0.25,4,she‚äôs the asshole - in her words / it‚äôs her mother and she makes her husband handle a situation been forced to deal with,6,22,116,1,0.8080417053707643,1.0149267358304819,0.0,0.0,0.0,0.009999999999999998,0.0,0.019999999999999997,0.0,0.0,0.0,0.0,0.05,0.0,0.009999999999999998,0.0,0.0,0.0,0.0,0.019999999999999997,0.0,0.0,0.0,0.0,0.0,0.019999999999999997,0.0,0.009999999999999998,0.009999999999999998,0.0,0.0,0.0,0.07999999999999999,0.009999999999999998,0.0,0.0,0.0,0.019999999999999997,0.009999999999999998,0.0,0.0,0.0,0.0,0.03,0.0,0.019999999999999997,0.009999999999999998,0.019999999999999997,0.039999999999999994,0.03,0.0,0.0,0.0,0.009999999999999998,0.0,0.12,0.0,0,0,0.9090909090909091,0.0,0,0.0,0,0.2,-0.30000000000000004,1.0912,easy,24.493,0,0,0,0,0,0,0,0,0,0,0,0,0,0,0,0,1,0,0,0,0
152,76,3,5ea0d8969dc0406f8988aeb0,2020-04-28 18:26:04.375000+00:00,agreed inspiredcamel,1.0,1,0.25,4,agreed inspiredcamel,7,2,20,1,-1.1509241608428669,-1.0329966480411135,0.0,0.0,0.0,0.0,0.0,0.0,0.0,0.0,0.0,0.0,0.0,0.0,0.0,0.0,0.0,0.0,0.0,0.0,0.0,0.0,0.020000000000000004,0.010000000000000002,0.0,0.0,0.0,0.0,0.0,0.0,0.0,0.0,0.0,0.0,0.0,0.0,0.0,0.0,0.0,0.0,0.0,0.0,0.0,0.0,0.0,0.0,0.0,0.0,0.010000000000000002,0.0,0.0,0.0,0.0,0.0,0.0,0.0,0.0,0,0,1.0,0.0,0,0.0,0,0.0,0.0,0.0992,easy,1.929,0,0,0,0,0,0,0,0,0,0,0,0,0,0,0,0,0,0,0,0,0
152,76,3,5d482ea521c9be351f762435,2020-04-28 18:26:05.190000+00:00,i dont think the wife is an asshole  while assuming that this is something he should do may not be totally fair the way she frames it seems to be,1.0,1,0.25,4,"i dont think the wife is an asshole.  while *assuming* that this is something he should do may not be totally fair, the way she frames it seems to be.",8,30,145,1,1.4936797585455353,1.7316999201855403,0.01,0.0,0.0,0.01,0.01,0.0,0.0,0.0,0.01,0.0,0.02,0.02,0.01,0.0,0.0,0.0,0.0,0.01,0.0,0.0,0.0,0.03,0.0,0.06,0.02,0.0,0.02,0.0,0.0,0.0,0.03,0.04,0.0,0.0,0.0,0.0,0.01,0.01,0.0,0.04,0.02,0.09999999999999999,0.0,0.03,0.0,0.08,0.08,0.01,0.0,0.0,0.0,0.01,0.01,0.18,0.0,0,0,0.9,0.03333333333333333,0,0.0,0,0.9,0.7,1.488,easy,0.815,0,0,1,0,1,0,0,0,0,0,0,1,0,0,0,0,0,1,0,0,0
152,76,3,5d482ea721c9be351f762bdf,2020-04-28 18:26:14.507000+00:00,when she mentioned the part about him marrying her it seemed like a manipulation to me,1.0,1,0.25,4,"when she mentioned the part about him marrying her, it seemed like a manipulation to me.",9,16,86,1,0.22035194550667497,0.40054972066900324,0.0,0.0,0.0,0.01,0.0,0.0,0.0,0.0,0.02,0.0,0.03,0.0,0.0,0.0,0.0,0.0,0.0,0.0,0.0,0.01,0.01,0.01,0.0,0.0,0.0,0.01,0.01,0.0,0.0,0.0,0.04,0.01,0.0,0.0,0.0,0.01,0.0,0.01,0.0,0.01,0.0,0.01,0.0,0.02,0.0,0.0,0.02,0.02,0.0,0.0,0.0,0.02,0.01,0.09999999999999999,0.0,1,0,1.0,0.0,4,0.0,0,0.0,0.0,5.416975,medium,9.317,0,0,0,0,0,0,0,0,0,0,0,0,0,0,0,0,0,1,1,0,0
153,77,1,5d482ea621c9be351f7627ca,2020-04-28 17:44:57.025000+00:00,honestly im torn,0.75,1,0.25,4,"honestly, i'm torn.",1,3,16,1,-1.0529758675321852,-1.3083559845472885,0.0,0.0,0.0,0.0,0.0,0.0,0.0,0.0,0.0,0.0,0.0,0.0,0.0,0.0,0.0,0.0,0.0,0.0,0.0,0.0,0.01,0.0,0.0,0.0,0.0,0.0,0.0,0.0,0.0,0.0,0.0,0.0,0.0,0.0,0.0,0.0,0.0,0.0,0.0,0.0,0.0,0.0,0.0,0.0,0.0,0.0,0.0,0.0,0.0,0.0,0.0,0.0,0.0,0.0,0.0,0,0,1.0,0.0,0,0.0,0,0.9,0.6,0.1488,easy,0.0,0,0,0,0,0,1,0,0,0,0,1,0,0,0,0,0,0,0,0,0,0
153,77,1,5d482ea921c9be351f7636f9,2020-04-28 17:45:14.850000+00:00,im leaning one way but im curious as to why youre torn,0.75,1,0.25,4,"i'm leaning one way, but i'm curious as to why you're torn?",2,12,54,1,-0.17144122773605125,-0.09753810681715,0.0,0.0,0.0,0.02,0.0,0.0,0.0,0.0,0.0,0.0,0.0,0.0,0.0,0.0,0.0,0.0,0.0,0.0,0.0,0.0,0.0,0.01,0.0,0.01,0.0,0.0,0.01,0.0,0.0,0.0,0.01,0.0,0.0,0.0,0.0,0.01,0.0,0.0,0.0,0.0,0.01,0.01,0.0,0.0,0.01,0.01,0.03,0.02,0.0,0.0,0.01,0.0,0.0,0.04,0.0,1,0,0.9166666666666666,0.0,0,0.07752613240418119,0,1.0,-0.1,0.5952,easy,17.825,0,0,0,0,0,0,0,0,0,0,1,1,1,0,0,0,0,0,0,0,0
153,77,1,5ea85db47d50722703c4d40b,2020-04-28 17:45:31.546000+00:00,i understand this posters frustration but i think he is being an asshole towards his mil,0.75,1,0.25,4,"i understand this poster's frustration, but i think he is being an asshole towards his mil.",3,16,88,1,0.024455358885311848,0.17153253267843632,0.0,0.0,0.0,0.01,0.0,0.0,0.0,0.0,0.0,0.0,0.02,0.0,0.01,0.0,0.0,0.0,0.0,0.0,0.0,0.0,0.0,0.02,0.0,0.03,0.0,0.0,0.01,0.0,0.0,0.0,0.02,0.01,0.0,0.0,0.0,0.0,0.02,0.02,0.0,0.0,0.01,0.04,0.0,0.01,0.01,0.02,0.03,0.01,0.0,0.0,0.0,0.0,0.02,0.09000000000000001,0.0,0,0,0.9375,0.125,1,0.0,0,0.0,0.0,0.7936,easy,16.696,0,0,1,0,1,0,0,0,0,0,1,1,0,0,0,0,1,0,1,0,0
153,77,1,5d482ea621c9be351f7627ca,2020-04-28 17:45:39.080000+00:00,i dont think that it made him the asshole to tell her to learn english,0.75,1,0.25,4,"i don't think that it made him the ""asshole"" to tell her to learn english.",4,15,70,1,0.024455358885311848,0.17153253267843632,0.0,0.0,0.0,0.0,0.0,0.0,0.0,0.0,0.0,0.0,0.019999999999999997,0.009999999999999998,0.009999999999999998,0.0,0.0,0.0,0.0,0.0,0.0,0.0,0.0,0.019999999999999997,0.0,0.019999999999999997,0.0,0.009999999999999998,0.0,0.0,0.0,0.0,0.03,0.019999999999999997,0.0,0.009999999999999998,0.0,0.009999999999999998,0.009999999999999998,0.009999999999999998,0.0,0.0,0.0,0.03,0.0,0.009999999999999998,0.0,0.009999999999999998,0.03,0.019999999999999997,0.0,0.0,0.0,0.0,0.009999999999999998,0.07999999999999999,0.0,0,0,0.9333333333333333,0.06666666666666667,0,0.0008238201029820396,0,0.0,0.0,0.744,easy,7.534,0,0,1,0,1,0,0,0,0,0,0,1,0,0,0,0,0,0,0,0,0
153,77,1,5d482ea921c9be351f763877,2020-04-28 17:45:44.309000+00:00,i think this person is not the asshole,0.75,1,0.25,4,i think this person is not the asshole.,5,8,38,1,-0.6611826942894591,-0.7702147055561158,0.0,0.0,0.0,0.0,0.0,0.0,0.0,0.0,0.0,0.0,0.0,0.01,0.01,0.0,0.0,0.0,0.0,0.0,0.0,0.0,0.0,0.01,0.01,0.02,0.0,0.0,0.0,0.0,0.0,0.0,0.01,0.01,0.0,0.0,0.0,0.0,0.01,0.01,0.0,0.0,0.01,0.02,0.0,0.01,0.0,0.01,0.02,0.0,0.0,0.0,0.0,0.0,0.01,0.049999999999999996,0.0,0,0,1.0,0.125,1,0.0008238201029820396,0,0.0,0.0,0.3968,easy,5.229,0,0,1,0,1,0,0,0,0,0,0,1,0,0,0,0,0,0,0,0,0
153,77,1,5ea861c47d50722703c4dd0d,2020-04-28 17:45:51.712000+00:00,i would agree with being torn  in the initial writing he was an asshole by the way he told his mil to learn english but in the edit is is acceptable,0.75,1,0.25,4,"i would agree with being torn.  in the initial writing he was an asshole by the way he told his mil to learn english, but in the edit is is acceptable",6,31,148,1,1.5916280518562167,2.324097648643127,0.01,0.0,0.0,0.01,0.0,0.01,0.0,0.0,0.0,0.0,0.030000000000000002,0.0,0.01,0.0,0.0,0.0,0.0,0.0,0.0,0.0,0.02,0.02,0.0,0.02,0.01,0.02,0.04,0.0,0.0,0.0,0.05,0.0,0.0,0.02,0.0,0.0,0.01,0.01,0.0,0.0,0.01,0.060000000000000005,0.0,0.04,0.01,0.05,0.060000000000000005,0.05,0.0,0.0,0.0,0.0,0.01,0.18000000000000002,0.0,0,0,0.8387096774193549,0.03225806451612903,5,0.0004753880472329106,0,0.0,0.0,1.5375999999999999,easy,7.403,0,0,0,0,0,0,0,0,0,0,0,1,0,0,0,0,0,0,0,0,0
153,77,1,5d482ea921c9be351f763877,2020-04-28 17:46:04.476000+00:00,he makes a good point saying he learned so many languages by himself without even living there,0.75,1,0.25,4,he makes a good point saying he learned so many languages by himself without even living there,7,17,94,1,0.31830023881735653,0.5751384919218158,0.0,0.009999999999999998,0.0,0.009999999999999998,0.0,0.0,0.009999999999999998,0.0,0.029999999999999995,0.0,0.029999999999999995,0.009999999999999998,0.0,0.0,0.009999999999999998,0.0,0.0,0.0,0.0,0.009999999999999998,0.009999999999999998,0.009999999999999998,0.0,0.009999999999999998,0.0,0.0,0.009999999999999998,0.0,0.0,0.0,0.049999999999999996,0.0,0.0,0.009999999999999998,0.0,0.009999999999999998,0.0,0.0,0.0,0.0,0.009999999999999998,0.009999999999999998,0.0,0.009999999999999998,0.009999999999999998,0.0,0.029999999999999995,0.019999999999999997,0.0,0.009999999999999998,0.0,0.019999999999999997,0.0,0.06999999999999999,0.0,0,0,0.9411764705882353,0.0,3,0.0,0,0.55,0.6,0.8432,easy,12.764,0,0,0,0,0,0,0,0,0,0,0,0,0,0,0,0,0,1,0,0,0
153,77,1,5d482ea621c9be351f7627ca,2020-04-28 17:46:10.254000+00:00,i think it made him an ass for saying i did this why cant you,0.75,1,0.25,4,"i think it made him an ass for saying ""i did this. why can't you?""",8,15,61,1,-0.07349293442536971,0.03699721293064317,0.0,0.01,0.0,0.0,0.0,0.0,0.01,0.0,0.0,0.0,0.01,0.01,0.01,0.0,0.0,0.0,0.01,0.0,0.0,0.0,0.0,0.01,0.0,0.02,0.0,0.02,0.0,0.01,0.0,0.0,0.03,0.02,0.0,0.0,0.0,0.02,0.0,0.02,0.0,0.0,0.0,0.04,0.0,0.01,0.0,0.02,0.03,0.01,0.0,0.01,0.01,0.0,0.02,0.09999999999999999,0.0,1,0,0.9333333333333333,0.13333333333333333,0,0.006711409395973154,0,0.0,0.0,0.744,easy,5.778,0,0,1,0,1,0,0,0,0,0,1,1,1,0,0,0,0,0,0,0,0
153,77,1,5d482ea921c9be351f7636f9,2020-04-28 17:46:28.949000+00:00,okay sure but thats not the whole story,0.75,1,0.25,4,"okay sure, but that's not the whole story",9,8,39,1,-0.5632344009787775,-0.6356793858083226,0.0,0.0,0.0,0.01,0.01,0.0,0.0,0.0,0.0,0.0,0.0,0.01,0.0,0.0,0.0,0.0,0.0,0.0,0.0,0.01,0.02,0.0,0.0,0.01,0.0,0.0,0.0,0.0,0.0,0.0,0.01,0.01,0.0,0.0,0.0,0.0,0.0,0.0,0.0,0.0,0.02,0.01,0.0,0.01,0.01,0.01,0.04,0.0,0.0,0.0,0.0,0.0,0.0,0.030000000000000002,0.0,0,0,1.0,0.0,0,0.0,0,0.5962962962962962,0.39999999999999997,0.3968,easy,18.695,0,0,0,0,0,0,0,0,0,0,0,0,0,0,0,0,0,0,0,0,0
153,77,1,5ea85db47d50722703c4d40b,2020-04-28 17:46:33.098000+00:00,she may not have had as much education as him and may not understand how to learn a new language no one likes to be dependent on someone else for translations,0.75,1,0.25,4,"she may not have had as much education as him, and may not understand how to learn a new language. no one likes to be dependent on someone else for translations.",10,31,158,1,1.6895763451668984,2.45863296839092,0.0,0.0,0.0,0.04,0.0,0.01,0.0,0.0,0.01,0.0,0.02,0.030000000000000002,0.0,0.0,0.0,0.0,0.0,0.0,0.0,0.02,0.01,0.02,0.0,0.02,0.02,0.01,0.02,0.0,0.0,0.0,0.04,0.01,0.0,0.02,0.0,0.01,0.0,0.0,0.0,0.030000000000000002,0.02,0.060000000000000005,0.0,0.01,0.02,0.05,0.09,0.060000000000000005,0.0,0.0,0.0,0.02,0.0,0.17,0.0,0,0,0.8709677419354839,0.0,2,0.0,0,0.32727272727272727,0.16818181818181818,1.5375999999999999,easy,4.149,0,0,1,0,0,0,0,0,0,0,0,0,0,0,0,0,0,1,0,0,0
154,77,2,5d482ea921c9be351f7636f9,2020-04-28 18:00:02.950000+00:00,i think its unfair to force a spouse to do anything or tell them its their responsibility because youre married,1.0,1,0.25,4,i think it's unfair to force a spouse to do anything or tell them it's their responsibility because you're married,1,20,111,1,0.5141968254387196,0.08634360581361467,0.0,0.0,0.0,0.02,0.0,0.0,0.0,0.01,0.0,0.0,0.0,0.0,0.0,0.0,0.0,0.0,0.0,0.02,0.0,0.0,0.0,0.01,0.0,0.030000000000000006,0.0,0.0,0.0,0.0,0.01,0.0,0.06000000000000001,0.030000000000000006,0.0,0.01,0.0,0.02,0.0,0.01,0.0,0.02,0.01,0.030000000000000006,0.0,0.01,0.01,0.02,0.06000000000000001,0.02,0.0,0.0,0.01,0.01,0.01,0.11000000000000001,0.0,0,0,0.9,0.05,0,0.0,0,0.625,-0.125,1.7815,easy,0.0,0,0,1,0,1,0,0,0,0,0,0,1,1,0,0,0,0,0,0,0,0
154,77,2,5ea861c47d50722703c4dd0d,2020-04-28 18:00:30.415000+00:00,is it unfair to ask though  i know i help my in laws,1.0,1,0.25,4,is it unfair to ask though?  i know i help my in laws,2,13,52,1,-0.36733781435741436,-0.5152763572747967,0.0,0.0,0.0,0.01,0.0,0.0,0.0,0.0,0.01,0.0,0.0,0.0,0.0,0.0,0.0,0.0,0.0,0.0,0.0,0.0,0.0,0.01,0.0,0.030000000000000002,0.0,0.0,0.01,0.0,0.0,0.0,0.02,0.01,0.0,0.0,0.0,0.0,0.0,0.030000000000000002,0.0,0.0,0.0,0.030000000000000002,0.0,0.0,0.0,0.01,0.01,0.02,0.0,0.0,0.0,0.0,0.030000000000000002,0.06999999999999999,0.0,1,0,0.9230769230769231,0.23076923076923078,1,0.033643699565487274,0,1.0,-0.5,0.6447999999999999,easy,27.465,0,0,0,0,0,0,0,0,0,0,1,1,0,0,0,0,0,0,0,0,0
154,77,2,5ea85db47d50722703c4d40b,2020-04-28 18:00:36.991000+00:00,so im torn here but leaning towards her being an asshole seriously youre going to push off helping your mom for 10 minutes each time to your husband because youre busy with school and you blame your husband for being irritated,1.0,1,0.25,4,"so i'm torn here, but leaning towards her being an asshole. seriously, you're going to push off helping your mom ""for 10 minutes each time"" to your husband, because you're ""busy with school,"" and you blame your husband for being irritated?",3,41,226,1,2.6690592782737137,1.5569701822519535,0.0,0.0,0.0,0.039999999999999994,0.0,0.029999999999999995,0.0,0.0,0.039999999999999994,0.009999999999999998,0.009999999999999998,0.0,0.009999999999999998,0.0,0.0,0.0,0.0,0.029999999999999995,0.019999999999999997,0.009999999999999998,0.009999999999999998,0.0,0.0,0.019999999999999997,0.0,0.0,0.06999999999999999,0.0,0.0,0.0,0.11999999999999998,0.0,0.0,0.019999999999999997,0.0,0.009999999999999998,0.019999999999999997,0.0,0.0,0.0,0.009999999999999998,0.039999999999999994,0.0,0.009999999999999998,0.039999999999999994,0.039999999999999994,0.049999999999999996,0.06999999999999999,0.0,0.0,0.05999999999999999,0.009999999999999998,0.0,0.19999999999999998,0.0,1,0,0.8292682926829268,0.0,2,0.0,0,0.4833333333333333,-0.11666666666666665,2.0336,easy,6.576,0,0,0,0,0,0,0,0,0,0,1,0,1,0,0,0,1,1,1,0,0
154,77,2,5ea861c47d50722703c4dd0d,2020-04-28 18:01:07.127000+00:00,thats a good point  ,1.0,1,0.25,4,that's a good point.  ,4,4,20,1,-0.9550275742215037,-0.916356332667071,0.0,0.0,0.0,0.0,0.0,0.0,0.0,0.0,0.0,0.0,0.0,0.0,0.0,0.0,0.0,0.0,0.0,0.0,0.0,0.0,0.010000000000000002,0.0,0.0,0.010000000000000002,0.0,0.0,0.010000000000000002,0.0,0.0,0.0,0.0,0.010000000000000002,0.0,0.0,0.0,0.0,0.0,0.0,0.0,0.0,0.0,0.010000000000000002,0.0,0.010000000000000002,0.0,0.010000000000000002,0.0,0.0,0.0,0.0,0.0,0.020000000000000004,0.0,0.010000000000000002,0.0,0,0,1.0,0.0,0,0.0,0,0.6000000000000001,0.7,0.1984,easy,30.136,0,0,0,0,0,0,0,0,0,0,0,0,0,0,0,0,0,1,0,0,0
154,77,2,5d482ea921c9be351f7636f9,2020-04-28 18:01:09.266000+00:00,its for sure inconvenient i also believe that learning english can enrich the lives of people who come here from other countries  thats been my experience while living abroad ,1.0,1,0.25,4,it's for sure inconvenient. i also believe that learning english can enrich the lives of people who come here from other countries.  that's been my experience while living abroad ,5,29,175,1,1.2977831719241721,0.621116906336647,0.0,0.0,0.0,0.02,0.01,0.01,0.01,0.0,0.02,0.0,0.0,0.0,0.0,0.0,0.01,0.0,0.0,0.0,0.0,0.0,0.01,0.02,0.01,0.04,0.0,0.01,0.030000000000000002,0.0,0.0,0.0,0.02,0.049999999999999996,0.0,0.01,0.0,0.0,0.0,0.02,0.0,0.0,0.0,0.049999999999999996,0.0,0.01,0.0,0.030000000000000002,0.04,0.030000000000000002,0.0,0.01,0.0,0.01,0.02,0.14,0.0,0,0,1.0,0.06896551724137931,1,0.0,0,0.5659722222222222,-0.056249999999999994,6.163865517241379,difficult,2.139,0,0,0,0,0,0,0,0,0,0,1,0,0,0,0,0,0,1,0,0,0
154,77,2,5ea85db47d50722703c4d40b,2020-04-28 18:01:26.307000+00:00,im not married but my friends help their inlaws but not on an oncall basis,1.0,1,0.25,4,"i'm not married, but my friends help their inlaws, but not on an on-call basis.",6,15,74,1,0.024455358885311848,-0.24788970701328053,0.0,0.0,0.0,0.02,0.0,0.0,0.0,0.0,0.0,0.0,0.0,0.02,0.0,0.0,0.0,0.0,0.0,0.01,0.0,0.0,0.01,0.0,0.0,0.0,0.0,0.0,0.01,0.0,0.0,0.0,0.04,0.0,0.0,0.0,0.0,0.01,0.0,0.01,0.0,0.0,0.04,0.0,0.01,0.01,0.02,0.0,0.05,0.01,0.0,0.0,0.0,0.0,0.01,0.08,0.0,0,0,0.8666666666666667,0.06666666666666667,1,0.0,0,0.25,-0.125,0.744,easy,17.041,0,0,0,0,0,0,0,0,0,0,1,1,0,0,0,0,0,0,0,0,0
155,78,1,5d482ea521c9be351f76251c,2020-04-28 17:40:32.903000+00:00,hello my first impression is the wife is not being very considerate of her husbands time shes talking about how her parents dont have time so shes only considering their time,1.0,1,0.166666667,6,"hello. my first impression is the wife is not being very considerate of her husband's time. she's talking about how her parents don't have time, so she's only considering their time.",1,31,174,1,1.5916280518562167,1.2299660918907116,0.0,0.0,0.0,0.02,0.0,0.0,0.0,0.01,0.049999999999999996,0.0,0.04,0.02,0.0,0.0,0.0,0.0,0.0,0.03,0.0,0.0,0.02,0.01,0.0,0.06,0.0,0.0,0.04,0.0,0.0,0.0,0.09999999999999999,0.0,0.0,0.0,0.0,0.01,0.0,0.01,0.0,0.0,0.01,0.06999999999999999,0.0,0.01,0.01,0.06999999999999999,0.03,0.02,0.0,0.0,0.0,0.01,0.01,0.16,0.0,0,0,0.8387096774193549,0.03225806451612903,0,0.0,0,0.5444444444444444,0.15,6.192809677419355,difficult,0.0,0,0,0,0,0,0,0,0,0,0,1,0,0,0,1,0,0,1,0,0,0
155,78,1,5d482ea521c9be351f7623ba,2020-04-28 17:40:50.811000+00:00,so my take on this is it could go either way but i lean more to her being an ahole because no where does it say that she discussed the translations needs with her husband,1.0,1,0.166666667,6,"so my take on this is it could go either way. but i lean more to her being an a-hole, because no where does it say that she discussed the translations needs with her husband.",2,35,170,1,1.8854729317882615,1.5245967526858248,0.02,0.01,0.0,0.03,0.0,0.01,0.0,0.0,0.02,0.0,0.03,0.01,0.0,0.0,0.0,0.0,0.0,0.01,0.0,0.02,0.0,0.0,0.0,0.049999999999999996,0.0,0.0,0.04,0.0,0.0,0.0,0.06,0.04,0.0,0.0,0.0,0.01,0.0,0.02,0.0,0.0,0.02,0.06999999999999999,0.0,0.02,0.04,0.04,0.06,0.03,0.0,0.01,0.0,0.01,0.02,0.22999999999999998,0.0,0,0,0.9428571428571428,0.05714285714285714,7,0.0,0,0.5,0.5,1.736,easy,17.908,0,0,0,0,0,0,0,0,0,0,1,0,0,0,0,0,1,1,0,0,0
155,78,1,5d482ea921c9be351f763718,2020-04-28 17:40:56.623000+00:00,i am considering that the wife is ta because she is not setting boundries of her mom asking her husband she should consider her husbands time,1.0,1,0.166666667,6,i am considering that the wife is ta because she is not setting boundries of her mom asking her husband. she should consider her husband's time.,3,26,141,1,1.101886585302809,0.7389149905655226,0.009999999999999998,0.0,0.0,0.009999999999999998,0.0,0.0,0.0,0.0,0.0,0.0,0.05,0.009999999999999998,0.0,0.0,0.0,0.0,0.0,0.039999999999999994,0.0,0.0,0.0,0.019999999999999997,0.0,0.03,0.009999999999999998,0.0,0.009999999999999998,0.0,0.009999999999999998,0.0,0.1,0.009999999999999998,0.0,0.0,0.0,0.009999999999999998,0.0,0.009999999999999998,0.0,0.0,0.009999999999999998,0.039999999999999994,0.0,0.009999999999999998,0.009999999999999998,0.039999999999999994,0.06,0.009999999999999998,0.0,0.0,0.0,0.0,0.009999999999999998,0.15,0.0,0,0,0.8461538461538461,0.038461538461538464,10,0.0008829851539226769,0,0.0,0.0,1.8969076923076922,easy,5.812,0,0,1,0,0,0,0,0,0,0,0,1,0,0,0,0,0,0,0,0,0
155,78,1,5d482ea521c9be351f76251c,2020-04-28 17:40:57.940000+00:00,therefore i think shes being a jerk and it shows when she says she made fun of her husband for being white to begin with,1.0,1,0.166666667,6,"therefore, i think she's being a jerk, and it shows when she says she made fun of her husband for being white to begin with.",4,25,120,1,1.0039382919921274,0.6407047703004848,0.0,0.01,0.0,0.02,0.0,0.02,0.0,0.0,0.01,0.0,0.04,0.0,0.0,0.0,0.0,0.01,0.0,0.01,0.01,0.0,0.01,0.01,0.0,0.03,0.0,0.01,0.02,0.0,0.0,0.0,0.06,0.01,0.0,0.0,0.0,0.02,0.01,0.01,0.0,0.0,0.0,0.06,0.0,0.01,0.01,0.03,0.049999999999999996,0.04,0.0,0.02,0.0,0.02,0.01,0.13999999999999999,0.0,0,0,0.92,0.04,4,0.0008829851539226769,0,0.1,0.15,1.24,easy,1.317,0,0,1,0,1,0,0,0,0,0,1,0,0,0,0,0,0,1,1,0,0
155,78,1,5d482ea621c9be351f762a0f,2020-04-28 17:41:08.159000+00:00,the husband has spare time i think he should help,1.0,1,0.166666667,6,"the husband has spare time, i think he should help",5,10,49,1,-0.4652861076680959,-0.8324485336750821,0.009999999999999998,0.0,0.0,0.0,0.0,0.0,0.0,0.0,0.0,0.0,0.009999999999999998,0.0,0.0,0.0,0.0,0.0,0.0,0.009999999999999998,0.0,0.0,0.0,0.009999999999999998,0.0,0.019999999999999997,0.009999999999999998,0.0,0.009999999999999998,0.0,0.0,0.0,0.03,0.0,0.0,0.0,0.0,0.0,0.0,0.009999999999999998,0.0,0.0,0.0,0.03,0.0,0.009999999999999998,0.0,0.019999999999999997,0.019999999999999997,0.0,0.0,0.0,0.0,0.0,0.009999999999999998,0.05,0.0,0,0,1.0,0.1,0,0.0012314172096718058,0,0.0,0.0,0.496,easy,10.219,0,0,1,0,1,0,0,0,0,0,1,0,0,0,0,0,0,0,0,0,0
155,78,1,5ea0d3aa9dc0406f8988a14d,2020-04-28 17:41:16.818000+00:00,i agree even though she is in school which is a big accomplishment it is still her parents ,1.0,1,0.166666667,6,"i agree, even though she is in school which is a big accomplishment it is still her parents. ",6,18,91,1,0.31830023881735653,-0.046766771554779735,0.0,0.0,0.0,0.010000000000000002,0.0,0.0,0.0,0.010000000000000002,0.030000000000000002,0.0,0.020000000000000004,0.0,0.0,0.0,0.0,0.0,0.0,0.010000000000000002,0.0,0.0,0.010000000000000002,0.0,0.0,0.030000000000000002,0.0,0.0,0.030000000000000002,0.0,0.0,0.0,0.030000000000000002,0.020000000000000004,0.0,0.020000000000000004,0.0,0.0,0.0,0.010000000000000002,0.0,0.0,0.0,0.030000000000000002,0.0,0.010000000000000002,0.0,0.030000000000000002,0.0,0.010000000000000002,0.0,0.0,0.0,0.020000000000000004,0.010000000000000002,0.1,0.0,0,0,0.8888888888888888,0.05555555555555555,0,0.00015518311607697082,0,0.1,0.0,5.406522222222222,medium,8.659,0,0,0,0,0,0,0,0,0,0,0,1,0,0,0,0,0,1,0,0,0
155,78,1,5d482ea521c9be351f76251c,2020-04-28 17:41:17.450000+00:00,he says he doesnt have spare time hes being interupted,1.0,1,0.166666667,6,"he says he doesn't have spare time, he's being interupted.",7,10,54,1,-0.36733781435741436,-0.7342383134100443,0.0,0.01,0.0,0.0,0.0,0.0,0.0,0.0,0.0,0.0,0.03,0.01,0.0,0.0,0.0,0.0,0.0,0.0,0.0,0.0,0.0,0.0,0.0,0.03,0.0,0.0,0.01,0.0,0.0,0.0,0.04,0.0,0.0,0.0,0.0,0.0,0.0,0.0,0.0,0.0,0.0,0.04,0.0,0.0,0.0,0.04,0.0,0.0,0.0,0.01,0.0,0.0,0.0,0.04,0.0,0,0,0.9,0.0,0,0.0,0,0.0,0.0,0.496,easy,0.632,0,0,0,0,0,0,0,0,0,0,0,0,0,0,0,0,0,0,0,0,0
155,78,1,5ea7a48c21028d2296a4dae0,2020-04-28 17:41:20.288000+00:00,my first impression is also that the wife is ta how often is once in a while,1.0,1,0.166666667,6,my first impression is also that the wife is ta. how often is once in a while?,8,17,76,1,0.31830023881735653,-0.046766771554779735,0.0,0.0,0.0,0.03,0.0,0.0,0.0,0.01,0.03,0.0,0.0,0.0,0.0,0.0,0.0,0.0,0.0,0.01,0.0,0.0,0.01,0.0,0.0,0.03,0.0,0.0,0.04,0.0,0.0,0.0,0.01,0.01,0.0,0.0,0.0,0.01,0.0,0.01,0.0,0.01,0.0,0.03,0.0,0.02,0.0,0.03,0.02,0.01,0.0,0.0,0.0,0.01,0.01,0.11,0.0,1,0,0.8823529411764706,0.0,0,0.0,0,0.3333333333333333,0.25,0.8432,easy,2.838,0,0,1,0,0,0,0,0,0,0,0,1,0,0,0,0,0,0,0,0,0
155,78,1,5d482ea521c9be351f7623ba,2020-04-28 17:41:32.069000+00:00,she assumed that her husband would be okay with it and if you assume something it well it makes an ass out of u and me,1.0,1,0.166666667,6,she assumed that her husband would be okay with it. and if you assume something it well it makes an ass out of u and me.,9,26,118,1,1.1998348786134905,0.8371252108305604,0.02,0.0,0.0,0.03,0.0,0.04,0.01,0.0,0.01,0.0,0.02,0.0,0.01,0.0,0.0,0.0,0.01,0.01,0.0,0.0,0.02,0.02,0.0,0.01,0.01,0.0,0.01,0.01,0.0,0.0,0.04,0.049999999999999996,0.0,0.0,0.0,0.01,0.0,0.01,0.0,0.04,0.02,0.03,0.0,0.01,0.03,0.02,0.09999999999999999,0.03,0.0,0.0,0.02,0.01,0.01,0.16,0.0,0,0,0.8846153846153846,0.0,1,0.0,0,0.5,0.5,1.2895999999999999,easy,11.781,0,0,1,0,1,0,0,0,0,0,0,0,1,0,0,0,0,1,0,0,0
155,78,1,5d482ea921c9be351f763718,2020-04-28 17:41:39.130000+00:00,even if he has spare time the wife should ask before assuming and letting her mom just bothering the husband,1.0,1,0.166666667,6,"even if he has spare time, the wife should ask before assuming and letting her mom just bothering the husband.",10,20,108,1,0.6121451187494011,0.24786388924033365,0.02,0.0,0.0,0.02,0.0,0.01,0.0,0.0,0.02,0.0,0.02,0.0,0.0,0.0,0.0,0.0,0.0,0.03,0.0,0.0,0.0,0.01,0.0,0.02,0.01,0.0,0.02,0.0,0.0,0.0,0.06,0.0,0.0,0.0,0.0,0.0,0.01,0.0,0.0,0.02,0.02,0.03,0.0,0.02,0.02,0.02,0.05,0.01,0.0,0.0,0.0,0.0,0.0,0.1,0.0,0,0,0.95,0.0,3,0.000727802037845706,0,0.0,0.0,0.992,easy,7.061,0,0,1,0,0,0,0,0,0,0,0,0,0,0,0,0,0,0,1,0,0
155,78,1,5d482ea521c9be351f76251c,2020-04-28 17:41:48.798000+00:00,theres no reason shes not translating herself for her own mother,1.0,1,0.166666667,6,"there's no reason she's not translating herself, for her own mother.",11,11,64,1,-0.2693895210467328,-0.6360280931450065,0.0,0.0,0.0,0.0,0.0,0.0,0.0,0.0,0.01,0.0,0.03,0.02,0.0,0.0,0.0,0.0,0.0,0.01,0.0,0.01,0.0,0.01,0.0,0.02,0.0,0.0,0.0,0.0,0.0,0.0,0.04,0.0,0.0,0.0,0.0,0.01,0.0,0.0,0.0,0.0,0.01,0.02,0.0,0.0,0.01,0.02,0.02,0.01,0.0,0.0,0.0,0.0,0.0,0.06,0.0,0,0,1.0,0.0,1,0.0,0,1.0,0.6,0.5456,easy,9.668,0,0,0,0,0,0,0,0,0,0,0,0,0,0,0,0,0,0,0,0,0
156,78,2,5d482ea621c9be351f762a0f,2020-04-28 17:55:34.975000+00:00,no this person is not being an asshole,1.0,1,0.166666667,6,no this person is not being an asshole,1,8,38,1,-0.5632344009787775,-0.7774607489663804,0.0,0.0,0.0,0.0,0.0,0.0,0.0,0.0,0.0,0.0,0.0,0.02,0.01,0.0,0.0,0.0,0.0,0.0,0.0,0.0,0.0,0.0,0.01,0.01,0.0,0.0,0.0,0.0,0.0,0.0,0.01,0.01,0.0,0.0,0.0,0.0,0.01,0.0,0.0,0.0,0.01,0.02,0.0,0.01,0.01,0.02,0.01,0.0,0.0,0.0,0.0,0.0,0.0,0.06,0.0,0,0,1.0,0.0,0,0.0,0,0.0,0.0,0.3968,easy,0.0,0,0,0,0,0,0,0,0,0,0,0,0,0,0,0,0,0,0,0,0,0
156,78,2,5d482ea521c9be351f7623ba,2020-04-28 17:55:37.302000+00:00,okay so while the guy is not wrong in what he is suggesting he is absolutely wrong with the way he reacted to the situation,1.0,1,0.166666667,6,"okay so while the guy is not wrong in what he is suggesting, he is absolutely wrong with the way he reacted to the situation.",2,25,123,1,1.101886585302809,1.0146521639052761,0.0,0.0,0.0,0.02,0.01,0.01,0.0,0.0,0.02,0.0,0.03,0.01,0.0,0.0,0.0,0.0,0.0,0.0,0.02,0.0,0.01,0.0,0.01,0.03,0.0,0.0,0.03,0.0,0.0,0.0,0.049999999999999996,0.01,0.0,0.0,0.0,0.01,0.0,0.0,0.0,0.0,0.01,0.03,0.0,0.03,0.01,0.03,0.04,0.03,0.0,0.0,0.0,0.0,0.0,0.16,0.0,0,0,0.72,0.0,4,0.0,0,0.7666666666666666,0.08333333333333333,1.24,easy,2.327,0,0,0,0,0,0,0,0,0,0,0,0,0,0,0,0,0,0,1,0,0
156,78,2,5d482ea521c9be351f76251c,2020-04-28 17:55:39.048000+00:00,well this one is complicated really hes trying to get her the resources she needs but the family calling white privileged isnt helpful most people in the world speak more than one language and they are not white,1.0,1,0.166666667,6,"well this one is complicated, really. he's trying to get her the resources she needs, but the family calling white privileged isn't helpful. most people in the world speak more than one language and they are not white.",3,38,211,1,2.375214398341669,2.385091450218896,0.01,0.01,0.01,0.02,0.0,0.01,0.0,0.01,0.02,0.0,0.029999999999999995,0.02,0.0,0.0,0.0,0.02,0.0,0.01,0.0,0.02,0.029999999999999995,0.01,0.01,0.05999999999999999,0.0,0.0,0.02,0.0,0.0,0.0,0.09999999999999999,0.01,0.0,0.01,0.0,0.0,0.0,0.0,0.0,0.01,0.029999999999999995,0.05999999999999999,0.0,0.029999999999999995,0.04,0.04,0.07,0.029999999999999995,0.0,0.029999999999999995,0.0,0.029999999999999995,0.0,0.16999999999999998,0.0,0,0,0.8947368421052632,0.0,7,0.0,0,0.3666666666666667,0.11666666666666665,1.8848,easy,1.746,0,0,0,0,0,1,0,0,0,0,0,0,0,0,0,0,1,1,1,0,0
156,78,2,5ea0d3aa9dc0406f8988a14d,2020-04-28 17:55:52.414000+00:00,i dont feel like he is being an asshole ,1.0,1,0.166666667,6,i don't feel like he is being an asshole ,4,9,40,1,-0.5632344009787775,-0.7774607489663804,0.0,0.0,0.0,0.0,0.0,0.0,0.0,0.0,0.0,0.0,0.010000000000000002,0.010000000000000002,0.010000000000000002,0.0,0.0,0.0,0.0,0.0,0.0,0.0,0.010000000000000002,0.010000000000000002,0.0,0.03,0.0,0.0,0.0,0.0,0.0,0.0,0.010000000000000002,0.0,0.0,0.0,0.0,0.0,0.010000000000000002,0.010000000000000002,0.010000000000000002,0.0,0.0,0.04000000000000001,0.0,0.010000000000000002,0.0,0.03,0.010000000000000002,0.0,0.0,0.010000000000000002,0.0,0.010000000000000002,0.010000000000000002,0.05,0.0,0,0,1.0,0.1111111111111111,1,0.0,0,0.0,0.0,0.44639999999999996,easy,13.366,0,0,1,0,1,0,0,0,0,0,0,1,0,0,0,0,0,1,0,0,0
156,78,2,5d482ea521c9be351f76251c,2020-04-28 17:55:55.161000+00:00,hes not,1.0,1,0.166666667,6,he's not.,5,2,7,1,-1.1509241608428669,-1.4099711888034356,0.0,0.0,0.0,0.0,0.0,0.0,0.0,0.0,0.0,0.0,0.01,0.01,0.0,0.0,0.0,0.0,0.0,0.0,0.0,0.0,0.0,0.0,0.0,0.01,0.0,0.0,0.0,0.0,0.0,0.0,0.01,0.0,0.0,0.0,0.0,0.0,0.0,0.0,0.0,0.0,0.01,0.01,0.0,0.0,0.0,0.01,0.01,0.0,0.0,0.0,0.0,0.0,0.0,0.01,0.0,0,0,1.0,0.0,0,0.0,0,0.0,0.0,0.0992,easy,2.747,0,0,0,0,0,0,0,0,0,0,0,0,0,0,0,0,0,0,0,0,0
156,78,2,5d482ea621c9be351f76286d,2020-04-28 17:55:55.812000+00:00,i think the family shouldnt be so upset with him but he needs to exercise patience,1.0,1,0.166666667,6,i think the family shouldn‚äôt be so upset with him but he needs to exercise patience.,6,16,82,1,0.1224036521959934,-0.03953190248981595,0.02,0.0,0.01,0.02,0.0,0.01,0.01,0.0,0.01,0.01,0.02,0.01,0.0,0.0,0.01,0.0,0.0,0.01,0.01,0.0,0.0,0.01,0.0,0.02,0.01,0.0,0.0,0.0,0.0,0.0,0.029999999999999995,0.0,0.0,0.0,0.0,0.0,0.0,0.01,0.0,0.0,0.01,0.04,0.0,0.01,0.02,0.02,0.049999999999999996,0.02,0.0,0.0,0.0,0.01,0.01,0.09,0.0,0,0,1.0,0.0625,0,0.0,0,0.0,0.0,0.7936,easy,0.651,0,0,1,0,1,0,0,0,0,0,0,1,0,0,0,0,0,1,1,0,0
156,78,2,5d482ea521c9be351f76251c,2020-04-28 17:56:09.176000+00:00,its hard to have patience when people are not considerate of your time,1.0,1,0.166666667,6,it's hard to have patience when people are not considerate of your time.,7,13,70,1,-0.07349293442536971,-0.25036871576883435,0.0,0.0,0.0,0.009999999999999998,0.0,0.0,0.0,0.0,0.009999999999999998,0.0,0.0,0.009999999999999998,0.0,0.0,0.0,0.0,0.0,0.0,0.0,0.0,0.009999999999999998,0.0,0.009999999999999998,0.019999999999999997,0.0,0.0,0.019999999999999997,0.0,0.0,0.0,0.019999999999999997,0.009999999999999998,0.0,0.0,0.0,0.0,0.0,0.0,0.009999999999999998,0.0,0.009999999999999998,0.019999999999999997,0.0,0.0,0.0,0.019999999999999997,0.009999999999999998,0.019999999999999997,0.0,0.009999999999999998,0.009999999999999998,0.019999999999999997,0.0,0.07999999999999999,0.0,0,0,1.0,0.0,1,0.09090909090909091,0,0.5416666666666666,-0.2916666666666667,5.495915384615385,medium,13.364,0,0,0,0,0,0,0,0,0,0,0,0,1,0,0,0,0,1,1,0,0
156,78,2,5d482ea621c9be351f762a0f,2020-04-28 17:56:09.640000+00:00,it seems unreasonable to ask to translate that much,1.0,1,0.166666667,6,it seems unreasonable to ask to translate that much,8,9,51,1,-0.4652861076680959,-0.6720423423268712,0.0,0.0,0.0,0.0,0.0,0.0,0.0,0.0,0.0,0.0,0.0,0.0,0.0,0.0,0.0,0.0,0.0,0.0,0.0,0.01,0.0,0.01,0.0,0.02,0.0,0.0,0.0,0.0,0.0,0.0,0.01,0.02,0.0,0.0,0.0,0.0,0.0,0.0,0.0,0.01,0.0,0.02,0.0,0.0,0.0,0.0,0.01,0.02,0.0,0.0,0.0,0.0,0.0,0.04,0.0,0,0,0.8888888888888888,0.0,2,0.0,0,0.2,0.2,5.837344444444444,medium,0.464,0,0,1,0,1,0,0,0,0,0,0,0,0,0,0,0,0,0,1,0,0
156,78,2,5d482ea521c9be351f7623ba,2020-04-28 17:56:13.372000+00:00,there is a way to speak kindly and gently with a person without acting like an ahole,1.0,1,0.166666667,6,there is a way to speak kindly and gently with a person without acting like an a-hole.,9,17,84,1,0.31830023881735653,0.17130491078920246,0.0,0.009999999999999998,0.0,0.009999999999999998,0.0,0.019999999999999997,0.0,0.0,0.009999999999999998,0.0,0.0,0.009999999999999998,0.0,0.0,0.0,0.0,0.0,0.0,0.0,0.0,0.03,0.0,0.009999999999999998,0.009999999999999998,0.0,0.0,0.009999999999999998,0.0,0.0,0.0,0.019999999999999997,0.0,0.0,0.0,0.0,0.0,0.0,0.0,0.0,0.0,0.009999999999999998,0.009999999999999998,0.0,0.03,0.009999999999999998,0.009999999999999998,0.03,0.03,0.0,0.009999999999999998,0.0,0.039999999999999994,0.0,0.07999999999999999,0.0,0,0,0.9411764705882353,0.0,1,0.0,0,0.5666666666666668,0.26666666666666666,0.8432,easy,3.732,0,0,0,0,0,0,0,0,0,0,0,0,0,0,0,0,0,1,0,0,0
156,78,2,5ea0d3aa9dc0406f8988a14d,2020-04-28 17:56:24.499000+00:00,i can see how by reading the article it can sound like he is being an asshole ,1.0,1,0.166666667,6,i can see how by reading the article it can sound like he is being an asshole ,10,17,78,1,0.22035194550667497,0.06588650414969326,0.0,0.01,0.0,0.01,0.0,0.0,0.0,0.0,0.01,0.0,0.01,0.0,0.01,0.0,0.0,0.01,0.0,0.0,0.0,0.0,0.01,0.0,0.0,0.04,0.0,0.0,0.0,0.0,0.0,0.0,0.01,0.01,0.0,0.0,0.0,0.01,0.01,0.01,0.0,0.0,0.0,0.049999999999999996,0.0,0.02,0.0,0.04,0.01,0.01,0.0,0.02,0.0,0.01,0.01,0.11,0.0,0,0,0.9411764705882353,0.058823529411764705,3,0.0,0,0.4,0.4,0.8432,easy,11.127,0,0,0,0,0,0,0,0,0,0,0,1,0,0,0,0,0,1,0,0,0
157,79,2,5d482ea721c9be351f763076,2020-04-28 17:45:40.145000+00:00,i dont feel like she is being an asshole ,0.875,3,0.375,8,i don't feel like she is being an asshole. ,1,9,41,1,-0.5632344009787775,-0.553504195209198,0.0,0.0,0.0,0.0,0.0,0.0,0.0,0.0,0.0,0.0,0.01,0.01,0.01,0.0,0.0,0.0,0.0,0.0,0.0,0.0,0.01,0.01,0.0,0.029999999999999995,0.0,0.0,0.0,0.0,0.0,0.0,0.01,0.0,0.0,0.0,0.0,0.0,0.01,0.01,0.01,0.0,0.0,0.04,0.0,0.01,0.0,0.029999999999999995,0.01,0.0,0.0,0.01,0.0,0.01,0.01,0.049999999999999996,0.0,0,0,1.0,0.1111111111111111,0,0.0,0,0.0,0.0,0.44639999999999996,easy,0.0,0,0,1,0,1,0,0,0,0,0,0,1,0,0,0,0,0,1,0,0,0
157,79,2,5ea85e047d50722703c4d435,2020-04-28 17:45:46.473000+00:00,i think shesthe asshole for expecting her husband to do something that she can make time to do,0.875,3,0.375,8,i think shesthe asshole for expecting her husband to do something that she can make time to do,2,18,94,1,0.31830023881735653,0.20318508431730048,0.009999999999999998,0.0,0.0,0.0,0.0,0.0,0.0,0.0,0.0,0.0,0.019999999999999997,0.0,0.009999999999999998,0.0,0.0,0.0,0.0,0.009999999999999998,0.0,0.0,0.0,0.009999999999999998,0.0,0.049999999999999996,0.0,0.0,0.009999999999999998,0.0,0.0,0.0,0.029999999999999995,0.019999999999999997,0.0,0.0,0.0,0.009999999999999998,0.009999999999999998,0.009999999999999998,0.0,0.009999999999999998,0.009999999999999998,0.049999999999999996,0.0,0.0,0.0,0.029999999999999995,0.039999999999999994,0.029999999999999995,0.0,0.0,0.0,0.0,0.009999999999999998,0.09999999999999999,0.0,0,0,0.8888888888888888,0.05555555555555555,1,0.0004753880472329106,0,0.0,0.0,0.8927999999999999,easy,6.328,0,0,1,0,1,0,0,0,0,0,0,1,0,0,0,0,0,0,0,0,0
157,79,2,5ea85ae47d50722703c4cee5,2020-04-28 17:45:47.972000+00:00,i dont think either is being an asshole,0.875,3,0.375,8,i don't think either is being an asshole.,3,8,39,1,-0.6611826942894591,-0.6375807818232535,0.0,0.0,0.0,0.0,0.0,0.0,0.0,0.0,0.0,0.0,0.0,0.01,0.01,0.0,0.0,0.0,0.0,0.0,0.0,0.01,0.0,0.01,0.0,0.030000000000000002,0.0,0.0,0.0,0.0,0.0,0.0,0.0,0.0,0.0,0.0,0.0,0.0,0.01,0.01,0.0,0.0,0.01,0.04,0.0,0.01,0.0,0.030000000000000002,0.02,0.0,0.0,0.0,0.0,0.0,0.01,0.04,0.0,0,0,1.0,0.125,0,0.0008238201029820396,0,0.0,0.0,0.3968,easy,1.499,0,0,1,0,1,0,0,0,0,0,0,1,0,0,0,0,0,0,0,0,0
157,79,2,5d482ea621c9be351f7629fe,2020-04-28 17:46:00.194000+00:00,i dont think the girl it wrong  i think that when you marry someone you should be willing to help their family  i do understand the guys point that the parents should learn english though,0.875,3,0.375,8,"i don't think the girl it wrong.  i think that when you marry someone, you should be willing to help their family.  i do understand the guy's point that the parents should learn english though.",4,35,187,1,1.7875246384775798,1.4643338835281312,0.02,0.0,0.01,0.02,0.0,0.0,0.0,0.0,0.02,0.0,0.0,0.01,0.0,0.0,0.0,0.0,0.0,0.02,0.01,0.0,0.0,0.04,0.02,0.05,0.02,0.0,0.02,0.0,0.0,0.0,0.1,0.04,0.0,0.01,0.0,0.0,0.0,0.030000000000000006,0.0,0.01,0.0,0.08,0.0,0.030000000000000006,0.0,0.05,0.06999999999999999,0.01,0.0,0.0,0.02,0.01,0.030000000000000006,0.18,0.0,0,0,0.7714285714285715,0.08571428571428572,1,0.0011624134597291703,0,0.5499999999999999,-0.08333333333333333,1.736,easy,12.222,0,0,1,0,1,0,0,0,0,0,1,1,1,0,0,0,0,1,1,0,0
157,79,2,5d482eaa21c9be351f763dc0,2020-04-28 17:46:01.807000+00:00,i think shes the asshole,0.875,3,0.375,8,i think she's the asshole.,5,5,24,1,-0.9550275742215037,-0.8898105416654196,0.0,0.0,0.0,0.0,0.0,0.0,0.0,0.0,0.0,0.0,0.009999999999999998,0.0,0.009999999999999998,0.0,0.0,0.0,0.0,0.0,0.0,0.0,0.0,0.009999999999999998,0.0,0.019999999999999997,0.0,0.0,0.0,0.0,0.0,0.0,0.009999999999999998,0.0,0.0,0.0,0.0,0.0,0.009999999999999998,0.009999999999999998,0.0,0.0,0.0,0.019999999999999997,0.0,0.009999999999999998,0.0,0.009999999999999998,0.009999999999999998,0.0,0.0,0.0,0.0,0.0,0.009999999999999998,0.019999999999999997,0.0,0,0,1.0,0.2,1,0.0005036151718260998,0,0.0,0.0,0.248,easy,1.613,0,0,1,0,1,0,0,0,0,0,0,1,0,0,0,0,0,0,0,0,0
157,79,2,5ea85e047d50722703c4d435,2020-04-28 17:46:20.198000+00:00,i think he should be expected to help out once in awhile but they shouldnt be calling just him,0.875,3,0.375,8,i think he should be expected to help out once in awhile but they shouldnt be calling just him,6,19,94,1,0.4162485321280381,0.2872616709313559,0.029999999999999995,0.0,0.0,0.009999999999999998,0.0,0.009999999999999998,0.0,0.0,0.009999999999999998,0.0,0.019999999999999997,0.009999999999999998,0.0,0.0,0.0,0.0,0.0,0.0,0.0,0.0,0.0,0.009999999999999998,0.0,0.009999999999999998,0.019999999999999997,0.0,0.039999999999999994,0.0,0.0,0.0,0.049999999999999996,0.0,0.0,0.0,0.0,0.0,0.0,0.009999999999999998,0.0,0.0,0.019999999999999997,0.049999999999999996,0.0,0.0,0.019999999999999997,0.039999999999999994,0.06999999999999999,0.029999999999999995,0.0,0.0,0.0,0.0,0.009999999999999998,0.13,0.0,0,0,0.9473684210526315,0.05263157894736842,0,0.0005036151718260998,0,0.4,-0.1,0.9424,easy,18.391,0,0,1,0,1,0,0,0,0,0,0,1,0,0,0,0,1,0,0,0,0
157,79,2,5ea85a267d50722703c4ce61,2020-04-28 17:46:27.693000+00:00,                  ,0.875,3,0.375,8,                  ,7,0,18,1,-1.34682074746423,-1.2261168881216413,0.0,0.0,0.0,0.0,0.0,0.0,0.0,0.0,0.0,0.0,0.0,0.0,0.0,0.0,0.0,0.0,0.0,0.0,0.0,0.0,0.0,0.0,0.0,0.0,0.0,0.0,0.0,0.0,0.0,0.0,0.0,0.0,0.0,0.0,0.0,0.0,0.0,0.0,0.0,0.0,0.0,0.0,0.0,0.0,0.0,0.0,0.0,0.0,0.0,0.0,0.0,0.0,0.0,0.0,0.0,0,0,0.0,0.0,0,0.0,0,0.0,0.0,0.0,easy,7.495,0,0,0,0,0,0,0,0,0,0,0,0,0,0,0,0,0,0,0,0,0
157,79,2,5d482ea521c9be351f7624e8,2020-04-28 17:46:28.282000+00:00,i think she should take time for her own family and not make her husband do it maybe occasionally if shes busy but it seems like she has him doing it enough to make him annoyed ,0.875,3,0.375,8,"i think she should take time for her own family and not make her husband do it. maybe occasionally if she's busy, but it seems like she has him doing it enough to make him annoyed. ",8,36,177,1,2.0813695184096246,1.7165636433702975,0.02,0.0,0.01,0.03,0.0,0.01,0.0,0.0,0.01,0.0,0.07,0.01,0.0,0.0,0.0,0.0,0.0,0.02,0.0,0.02,0.01,0.02,0.0,0.08,0.01,0.0,0.03,0.0,0.0,0.0,0.09000000000000001,0.03,0.0,0.01,0.0,0.02,0.01,0.01,0.0,0.04,0.03,0.1,0.0,0.0,0.02,0.05,0.11,0.02,0.0,0.0,0.0,0.02,0.01,0.21000000000000002,0.01,0,0,0.8333333333333334,0.027777777777777776,0,0.0,1,0.545,0.059999999999999984,2.224211111111111,easy,0.589,0,0,1,0,1,0,0,0,0,0,0,1,0,0,0,0,0,1,1,0,0
157,79,2,5ea85ae47d50722703c4cee5,2020-04-28 17:46:29.223000+00:00,i agree they should try to learn english too it not only saves the husband time but them as well,0.875,3,0.375,8,"i agree they should try to learn english too. it not only saves the husband time, but them as well.",9,20,96,1,0.5141968254387196,0.3713382575454113,0.009999999999999998,0.0,0.0,0.019999999999999997,0.0,0.0,0.0,0.009999999999999998,0.03,0.0,0.0,0.009999999999999998,0.0,0.0,0.0,0.0,0.0,0.009999999999999998,0.0,0.0,0.019999999999999997,0.009999999999999998,0.0,0.009999999999999998,0.009999999999999998,0.0,0.009999999999999998,0.0,0.0,0.0,0.03,0.009999999999999998,0.0,0.009999999999999998,0.0,0.0,0.0,0.009999999999999998,0.0,0.0,0.019999999999999997,0.019999999999999997,0.0,0.009999999999999998,0.019999999999999997,0.009999999999999998,0.039999999999999994,0.019999999999999997,0.0,0.0,0.0,0.009999999999999998,0.009999999999999998,0.12,0.0,0,0,1.0,0.05,5,0.002230694048801383,0,0.5,0.0,0.992,easy,0.941,0,0,1,0,0,0,0,0,0,0,0,1,0,0,0,0,0,1,0,0,0
158,79,3,5ea85e047d50722703c4d435,2020-04-28 18:00:21.784000+00:00,i think hes the asshole,0.75,0,0.0,8,i think hes the asshole,1,5,23,1,-0.9550275742215037,-0.7306856833234314,0.0,0.0,0.0,0.0,0.0,0.0,0.0,0.0,0.0,0.0,0.01,0.0,0.01,0.0,0.0,0.0,0.0,0.0,0.0,0.0,0.0,0.01,0.0,0.02,0.0,0.0,0.0,0.0,0.0,0.0,0.01,0.0,0.0,0.0,0.0,0.0,0.01,0.01,0.0,0.0,0.0,0.02,0.0,0.01,0.0,0.01,0.01,0.0,0.0,0.0,0.0,0.0,0.01,0.02,0.0,0,0,1.0,0.2,0,0.0,0,0.0,0.0,0.248,easy,0.0,0,0,1,0,1,0,0,0,0,0,0,1,0,0,0,0,0,0,0,0,0
158,79,3,5d482ea721c9be351f763076,2020-04-28 18:00:26.529000+00:00,i agree,0.75,0,0.0,8,i agree,2,2,7,1,-1.2488724541535483,-1.0195614185908346,0.0,0.0,0.0,0.0,0.0,0.0,0.0,0.0,0.0,0.0,0.0,0.0,0.0,0.0,0.0,0.0,0.0,0.0,0.0,0.0,0.01,0.0,0.0,0.0,0.0,0.0,0.0,0.0,0.0,0.0,0.0,0.0,0.0,0.0,0.0,0.0,0.0,0.01,0.0,0.0,0.0,0.0,0.0,0.0,0.0,0.0,0.0,0.0,0.0,0.0,0.0,0.0,0.01,0.01,0.0,0,0,1.0,0.5,0,0.00015518311607697082,0,0.0,0.0,0.0992,easy,4.745,0,0,0,0,0,0,0,0,0,0,0,1,0,0,0,0,0,0,0,0,0
158,79,3,5ea85a267d50722703c4ce61,2020-04-28 18:00:27.350000+00:00,  ,0.75,0,0.0,8,  ,3,0,2,1,-1.34682074746423,-1.1158533303466356,0.0,0.0,0.0,0.0,0.0,0.0,0.0,0.0,0.0,0.0,0.0,0.0,0.0,0.0,0.0,0.0,0.0,0.0,0.0,0.0,0.0,0.0,0.0,0.0,0.0,0.0,0.0,0.0,0.0,0.0,0.0,0.0,0.0,0.0,0.0,0.0,0.0,0.0,0.0,0.0,0.0,0.0,0.0,0.0,0.0,0.0,0.0,0.0,0.0,0.0,0.0,0.0,0.0,0.0,0.0,0,0,0.0,0.0,0,0.0,0,0.0,0.0,0.0,easy,0.821,0,0,0,0,0,0,0,0,0,0,0,0,0,0,0,0,0,0,0,0,0
158,79,3,5d482eaa21c9be351f763dc0,2020-04-28 18:00:31.830000+00:00,i dont think hes the asshole,0.75,0,0.0,8,i don't think he's the asshole.,4,6,28,1,-0.8570792809108222,-0.6343937715676304,0.0,0.0,0.0,0.0,0.0,0.0,0.0,0.0,0.0,0.0,0.01,0.01,0.01,0.0,0.0,0.0,0.0,0.0,0.0,0.0,0.0,0.01,0.0,0.030000000000000002,0.0,0.0,0.0,0.0,0.0,0.0,0.01,0.0,0.0,0.0,0.0,0.0,0.01,0.01,0.0,0.0,0.0,0.030000000000000002,0.0,0.01,0.0,0.02,0.01,0.0,0.0,0.0,0.0,0.0,0.01,0.02,0.0,0,0,1.0,0.16666666666666666,0,0.0,0,0.0,0.0,0.2976,easy,4.48,0,0,1,0,1,0,0,0,0,0,0,1,0,0,0,0,0,0,0,0,0
158,79,3,5ea85ae47d50722703c4cee5,2020-04-28 18:00:31.959000+00:00,i do not think he is the asshole,0.75,0,0.0,8,i do not think he is the asshole.,5,8,32,1,-0.6611826942894591,-0.4418099480560283,0.0,0.0,0.0,0.0,0.0,0.0,0.0,0.0,0.0,0.0,0.01,0.01,0.01,0.0,0.0,0.0,0.0,0.0,0.0,0.0,0.0,0.01,0.0,0.03,0.0,0.0,0.0,0.0,0.0,0.0,0.01,0.0,0.0,0.0,0.0,0.0,0.01,0.01,0.0,0.0,0.01,0.03,0.0,0.01,0.0,0.02,0.02,0.0,0.0,0.0,0.0,0.0,0.01,0.06,0.0,0,0,1.0,0.125,1,0.0008238201029820396,0,0.0,0.0,0.3968,easy,0.129,0,0,1,0,1,0,0,0,0,0,0,1,0,0,0,0,0,0,0,0,0
158,79,3,5d482ea621c9be351f7629fe,2020-04-28 18:00:36.723000+00:00,i think this person was wrong because of the way he said she was bothering him and he was tired of translating for her,0.75,0,0.0,8,i think this person was wrong because of the way he said she was bothering him and he was tired of translating for her.,6,24,118,1,0.9059899986814458,1.0988606400367884,0.0,0.01,0.0,0.02,0.0,0.01,0.01,0.0,0.0,0.0,0.049999999999999996,0.0,0.0,0.0,0.01,0.0,0.0,0.0,0.01,0.0,0.0,0.01,0.01,0.01,0.0,0.04,0.01,0.0,0.0,0.0,0.06999999999999999,0.01,0.0,0.0,0.0,0.01,0.01,0.01,0.0,0.0,0.0,0.049999999999999996,0.0,0.01,0.02,0.03,0.03,0.03,0.0,0.01,0.0,0.0,0.01,0.16,0.0,0,0,0.8333333333333334,0.041666666666666664,3,0.0005036151718260998,0,0.8,-0.45,1.1904,easy,4.764,0,0,1,0,1,0,0,0,0,0,0,1,0,0,0,0,0,0,1,0,0
158,79,3,5d482ea521c9be351f7624e8,2020-04-28 18:00:46.649000+00:00,he is definitely an asshole in the way he phrased it he could have said the sentiment way better,0.75,0,0.0,8,"he is definitely an asshole in the way he phrased it, he could have said the sentiment way better.",7,19,96,1,0.5141968254387196,0.7136929930135842,0.009999999999999998,0.009999999999999998,0.0,0.0,0.009999999999999998,0.0,0.0,0.009999999999999998,0.009999999999999998,0.0,0.03,0.0,0.009999999999999998,0.0,0.0,0.0,0.0,0.0,0.0,0.0,0.019999999999999997,0.0,0.0,0.019999999999999997,0.0,0.009999999999999998,0.03,0.0,0.0,0.0,0.039999999999999994,0.009999999999999998,0.0,0.0,0.0,0.0,0.009999999999999998,0.0,0.0,0.0,0.0,0.039999999999999994,0.0,0.03,0.0,0.03,0.019999999999999997,0.009999999999999998,0.0,0.009999999999999998,0.0,0.009999999999999998,0.0,0.1,0.0,0,0,0.7894736842105263,0.0,5,0.006697029404481195,0,0.5,0.25,0.9424,easy,9.926,0,0,0,0,0,0,0,0,0,0,0,0,0,0,0,0,0,1,0,0,0
158,79,3,5ea85a267d50722703c4ce61,2020-04-28 18:00:47.959000+00:00,nan,0.75,0,0.0,8,nan,8,1,3,1,-1.2488724541535483,-1.0195614185908346,0.0,0.0,0.0,0.0,0.0,0.0,0.0,0.0,0.0,0.0,0.0,0.0,0.0,0.0,0.0,0.0,0.0,0.0,0.0,0.0,0.0,0.0,0.0,0.0,0.0,0.0,0.0,0.0,0.0,0.0,0.0,0.0,0.0,0.0,0.0,0.0,0.0,0.0,0.0,0.0,0.0,0.0,0.0,0.0,0.0,0.0,0.0,0.0,0.0,0.0,0.0,0.0,0.0,0.0,0.0,0,0,1.0,0.0,0,0.0,0,0.0,0.0,0.0496,easy,1.31,0,0,0,0,0,0,0,0,0,0,0,0,0,0,0,0,0,0,0,0,0
158,79,3,5ea85ae47d50722703c4cee5,2020-04-28 18:00:54.099000+00:00,he made great points about how easy it is to learn a language now,0.75,0,0.0,8,he made great points about how easy it is to learn a language now.,9,14,65,1,0.024455358885311848,0.23223343423457904,0.0,0.0,0.0,0.01,0.0,0.0,0.0,0.0,0.030000000000000002,0.0,0.01,0.0,0.0,0.0,0.0,0.0,0.0,0.0,0.0,0.0,0.02,0.01,0.0,0.01,0.0,0.01,0.01,0.0,0.0,0.0,0.02,0.01,0.0,0.01,0.0,0.02,0.0,0.0,0.0,0.0,0.0,0.02,0.0,0.01,0.0,0.01,0.030000000000000002,0.02,0.0,0.0,0.0,0.030000000000000002,0.0,0.08,0.0,0,0,1.0,0.0,0,0.0,0,0.7916666666666667,0.6166666666666667,0.6944,easy,6.14,0,0,0,0,0,0,0,0,0,0,0,0,0,0,0,0,0,1,0,0,0
158,79,3,5ea85a267d50722703c4ce61,2020-04-28 18:00:54.786000+00:00,   ,0.75,0,0.0,8,   ,10,0,3,1,-1.34682074746423,-1.1158533303466356,0.0,0.0,0.0,0.0,0.0,0.0,0.0,0.0,0.0,0.0,0.0,0.0,0.0,0.0,0.0,0.0,0.0,0.0,0.0,0.0,0.0,0.0,0.0,0.0,0.0,0.0,0.0,0.0,0.0,0.0,0.0,0.0,0.0,0.0,0.0,0.0,0.0,0.0,0.0,0.0,0.0,0.0,0.0,0.0,0.0,0.0,0.0,0.0,0.0,0.0,0.0,0.0,0.0,0.0,0.0,0,0,0.0,0.0,0,0.0,0,0.0,0.0,0.0,easy,0.687,0,0,0,0,0,0,0,0,0,0,0,0,0,0,0,0,0,0,0,0,0
158,79,3,5ea85e047d50722703c4d435,2020-04-28 18:00:58.384000+00:00,if he was tired of doing it he should talk to his wife about it and let her explain things to his mother inlaw,0.75,0,0.0,8,if he was tired of doing it he should talk to his wife about it and let her explain things to his mother inlaw,11,24,110,1,1.0039382919921274,1.1951525517925896,0.02,0.0,0.0,0.02,0.0,0.01,0.01,0.0,0.01,0.0,0.05,0.0,0.0,0.0,0.01,0.0,0.0,0.02,0.0,0.0,0.0,0.01,0.0,0.01,0.01,0.01,0.0,0.0,0.0,0.0,0.09000000000000001,0.030000000000000002,0.0,0.0,0.0,0.0,0.0,0.0,0.0,0.01,0.01,0.05,0.0,0.0,0.01,0.04,0.04,0.04,0.0,0.0,0.0,0.0,0.0,0.16,0.0,0,0,0.8333333333333334,0.0,0,0.0,0,0.7,-0.4,1.1904,easy,3.598,0,0,1,0,0,0,0,0,0,0,0,0,0,0,0,0,0,0,1,0,0
158,79,3,5d482ea721c9be351f763076,2020-04-28 18:01:06.888000+00:00,the way he initially posted you cannot tell me it was done in a polite way,0.75,0,0.0,8,the way he initially posted you cannot tell me it was done in a polite way.,12,16,74,1,0.1224036521959934,0.3285253459903801,0.0,0.0,0.0,0.0,0.0,0.0,0.0,0.0,0.0,0.0,0.01,0.01,0.0,0.0,0.0,0.0,0.0,0.0,0.0,0.0,0.0,0.0,0.0,0.01,0.0,0.02,0.030000000000000002,0.0,0.0,0.0,0.030000000000000002,0.01,0.0,0.0,0.0,0.0,0.0,0.01,0.0,0.0,0.0,0.030000000000000002,0.0,0.02,0.0,0.030000000000000002,0.0,0.01,0.0,0.0,0.01,0.02,0.01,0.08,0.0,0,0,0.9375,0.0625,3,0.0,0,0.0,0.0,0.7936,easy,8.504,0,0,0,0,0,0,0,0,0,0,0,0,1,0,0,0,0,1,0,0,0
158,79,3,5d482ea621c9be351f7629fe,2020-04-28 18:01:08.380000+00:00,i feel like encouraging her to take esl classes and learning the language was right but the way he said it was wrong,0.75,0,0.0,8,"i feel like encouraging her to take esl classes and learning the language was right, but the way he said it was wrong.",13,23,116,1,0.8080417053707643,1.0025687282809874,0.0,0.009999999999999998,0.0,0.019999999999999997,0.0,0.009999999999999998,0.0,0.0,0.0,0.0,0.019999999999999997,0.0,0.0,0.0,0.0,0.0,0.0,0.0,0.009999999999999998,0.0,0.019999999999999997,0.019999999999999997,0.0,0.019999999999999997,0.0,0.03,0.019999999999999997,0.0,0.0,0.0,0.05,0.009999999999999998,0.0,0.03,0.0,0.0,0.0,0.009999999999999998,0.009999999999999998,0.0,0.009999999999999998,0.05,0.0,0.019999999999999997,0.019999999999999997,0.019999999999999997,0.039999999999999994,0.009999999999999998,0.0,0.019999999999999997,0.0,0.03,0.009999999999999998,0.10999999999999999,0.0,0,0,0.9130434782608695,0.043478260869565216,6,0.002008032128514056,0,0.7178571428571429,-0.10714285714285715,1.1408,easy,1.492,0,0,1,0,1,0,0,0,0,0,0,1,0,0,0,0,0,1,1,0,0
159,80,1,5d482ea821c9be351f763333,2020-04-28 17:25:01.932000+00:00,i personally think the person is not the asshole,1.0,1,0.2,5,i personally think the person is not the asshole.,1,9,48,1,-0.5632344009787775,-0.1998037785893859,0.0,0.0,0.0,0.0,0.0,0.0,0.0,0.0,0.0,0.0,0.0,0.009999999999999998,0.009999999999999998,0.0,0.0,0.0,0.0,0.0,0.0,0.0,0.0,0.009999999999999998,0.009999999999999998,0.019999999999999997,0.0,0.0,0.0,0.0,0.0,0.0,0.009999999999999998,0.0,0.0,0.0,0.0,0.0,0.009999999999999998,0.009999999999999998,0.0,0.0,0.009999999999999998,0.019999999999999997,0.0,0.019999999999999997,0.0,0.009999999999999998,0.019999999999999997,0.0,0.0,0.0,0.0,0.0,0.009999999999999998,0.05,0.0,0,0,0.8888888888888888,0.1111111111111111,0,0.0,0,0.3,0.0,0.44639999999999996,easy,0.0,0,0,1,0,1,0,0,0,0,0,0,1,0,0,0,0,0,0,0,0,0
159,80,1,5ea85cce7d50722703c4d14e,2020-04-28 17:25:06.024000+00:00,agrred,1.0,1,0.2,5,agrred,2,1,6,1,-1.2488724541535483,-0.9414996233530152,0.0,0.0,0.0,0.0,0.0,0.0,0.0,0.0,0.0,0.0,0.0,0.0,0.0,0.0,0.0,0.0,0.0,0.0,0.0,0.0,0.0,0.0,0.0,0.0,0.0,0.0,0.0,0.0,0.0,0.0,0.0,0.0,0.0,0.0,0.0,0.0,0.0,0.0,0.0,0.0,0.0,0.0,0.0,0.0,0.0,0.0,0.0,0.0,0.0,0.0,0.0,0.0,0.0,0.0,0.0,0,0,1.0,0.0,0,0.0,0,0.0,0.0,0.0496,easy,4.092,0,0,0,0,0,0,0,0,0,0,0,0,0,0,0,0,0,0,0,0,0
159,80,1,5d482ea721c9be351f762cd5,2020-04-28 17:25:13.552000+00:00,agreed,1.0,1,0.2,5,agreed,3,1,6,1,-1.2488724541535483,-0.9414996233530152,0.0,0.0,0.0,0.0,0.0,0.0,0.0,0.0,0.0,0.0,0.0,0.0,0.0,0.0,0.0,0.0,0.0,0.0,0.0,0.0,0.009999999999999998,0.0,0.0,0.0,0.0,0.0,0.0,0.0,0.0,0.0,0.0,0.0,0.0,0.0,0.0,0.0,0.0,0.0,0.0,0.0,0.0,0.0,0.0,0.0,0.0,0.0,0.0,0.0,0.0,0.0,0.0,0.0,0.0,0.0,0.0,0,0,1.0,0.0,0,0.0,0,0.0,0.0,0.0496,easy,7.528,0,0,0,0,0,0,0,0,0,0,0,0,0,0,0,0,0,0,0,0,0
159,80,1,5d482ea721c9be351f762d36,2020-04-28 17:25:16.456000+00:00,i dont think he is an asshole,1.0,1,0.2,5,i don't think he is an asshole.,4,7,29,1,-0.7591309876001406,-0.41171687709328,0.0,0.0,0.0,0.0,0.0,0.0,0.0,0.0,0.0,0.0,0.009999999999999998,0.009999999999999998,0.009999999999999998,0.0,0.0,0.0,0.0,0.0,0.0,0.0,0.0,0.009999999999999998,0.0,0.03,0.0,0.0,0.0,0.0,0.0,0.0,0.009999999999999998,0.0,0.0,0.0,0.0,0.0,0.009999999999999998,0.009999999999999998,0.0,0.0,0.0,0.03,0.0,0.009999999999999998,0.0,0.019999999999999997,0.009999999999999998,0.0,0.0,0.0,0.0,0.0,0.009999999999999998,0.039999999999999994,0.0,0,0,1.0,0.14285714285714285,0,0.0,0,0.0,0.0,0.3472,easy,2.904,0,0,1,0,1,0,0,0,0,0,0,1,0,0,0,0,0,0,0,0,0
159,80,1,5d482ea621c9be351f762b30,2020-04-28 17:25:20.419000+00:00,agreed,1.0,1,0.2,5,agreed,5,1,6,1,-1.2488724541535483,-0.9414996233530152,0.0,0.0,0.0,0.0,0.0,0.0,0.0,0.0,0.0,0.0,0.0,0.0,0.0,0.0,0.0,0.0,0.0,0.0,0.0,0.0,0.009999999999999998,0.0,0.0,0.0,0.0,0.0,0.0,0.0,0.0,0.0,0.0,0.0,0.0,0.0,0.0,0.0,0.0,0.0,0.0,0.0,0.0,0.0,0.0,0.0,0.0,0.0,0.0,0.0,0.0,0.0,0.0,0.0,0.0,0.0,0.0,0,0,1.0,0.0,0,0.0,0,0.0,0.0,0.0496,easy,3.963,0,0,0,0,0,0,0,0,0,0,0,0,0,0,0,0,0,0,0,0,0
159,80,1,5d482ea621c9be351f762797,2020-04-28 17:25:24.416000+00:00,i think the person is an asshole  they have helped for 8 years and stop all of the sudden,1.0,1,0.2,5,i think the person is an asshole.  they have helped for 8 years and stop all of the sudden.,6,19,89,1,0.4162485321280381,0.8597617139300845,0.0,0.0,0.0,0.01,0.01,0.01,0.0,0.0,0.0,0.0,0.0,0.0,0.01,0.0,0.0,0.0,0.0,0.0,0.0,0.0,0.0,0.01,0.01,0.03,0.0,0.01,0.03,0.0,0.01,0.0,0.02,0.0,0.0,0.0,0.0,0.0,0.01,0.01,0.0,0.0,0.0,0.04,0.0,0.03,0.01,0.02,0.04,0.02,0.0,0.0,0.0,0.01,0.01,0.11,0.0,0,0,0.9473684210526315,0.05263157894736842,0,0.0,0,0.5,0.0,0.9424,easy,3.997,0,0,1,0,1,0,0,0,0,0,0,1,0,0,0,0,0,1,0,0,0
159,80,1,5ea85cce7d50722703c4d14e,2020-04-28 17:25:38.374000+00:00,its not their duty to help someone eternally,1.0,1,0.2,5,its not their duty to help someone eternally,7,8,44,1,-0.5632344009787775,-0.1998037785893859,0.0,0.0,0.0,0.0,0.0,0.0,0.0,0.0,0.0,0.0,0.0,0.01,0.0,0.0,0.0,0.0,0.0,0.0,0.0,0.0,0.0,0.0,0.0,0.0,0.0,0.0,0.01,0.0,0.01,0.0,0.03,0.02,0.0,0.01,0.0,0.0,0.0,0.0,0.0,0.01,0.01,0.0,0.0,0.0,0.0,0.0,0.03,0.01,0.0,0.0,0.0,0.0,0.0,0.04,0.0,0,0,1.0,0.0,0,0.0,0,0.0,0.0,0.3968,easy,13.958,0,0,0,0,0,0,0,0,0,0,0,0,0,0,0,0,0,0,0,0,0
159,80,1,5d482ea721c9be351f762d36,2020-04-28 17:25:40.527000+00:00,he wants his mother in law to be independent what he is saying ,1.0,1,0.2,5,he wants his mother in law to be independent. what he is saying ,8,13,63,1,-0.07349293442536971,0.3299789676703493,0.01,0.01,0.0,0.0,0.0,0.0,0.0,0.0,0.0,0.0,0.03,0.0,0.0,0.0,0.0,0.0,0.0,0.01,0.0,0.0,0.0,0.0,0.0,0.02,0.0,0.0,0.01,0.0,0.0,0.0,0.049999999999999996,0.01,0.0,0.0,0.0,0.01,0.0,0.0,0.0,0.0,0.0,0.03,0.0,0.0,0.0,0.02,0.03,0.02,0.0,0.01,0.0,0.0,0.0,0.08,0.0,1,0,0.9230769230769231,0.0,1,0.0,0,0.1125,0.1,5.495915384615385,medium,2.153,0,0,0,0,0,0,0,0,0,0,0,0,0,0,0,0,0,0,0,0,0
159,80,1,5d482ea621c9be351f762797,2020-04-28 17:25:41.720000+00:00,they should help the mil find community resources to help,1.0,1,0.2,5,they should help the mil find community resources to help.,9,10,57,1,-0.36733781435741436,0.01210931991450819,0.009999999999999998,0.0,0.0,0.0,0.0,0.0,0.0,0.0,0.0,0.0,0.0,0.0,0.0,0.0,0.0,0.0,0.0,0.0,0.0,0.0,0.0,0.009999999999999998,0.0,0.0,0.009999999999999998,0.0,0.0,0.0,0.0,0.0,0.039999999999999994,0.0,0.0,0.009999999999999998,0.0,0.0,0.0,0.0,0.0,0.0,0.0,0.009999999999999998,0.0,0.009999999999999998,0.0,0.009999999999999998,0.019999999999999997,0.009999999999999998,0.0,0.0,0.0,0.0,0.0,0.039999999999999994,0.0,0,0,0.9,0.0,1,0.0,0,0.0,0.0,0.496,easy,1.193,0,0,1,0,0,0,0,0,0,0,0,0,0,0,0,0,0,0,0,0,0
160,80,3,5d482ea821c9be351f763333,2020-04-28 17:54:58.040000+00:00,i personally think she is the asshole,0.8,1,0.2,5,i personally think she is the asshole.,1,7,37,1,-0.7591309876001406,-0.8162676010082175,0.0,0.0,0.0,0.0,0.0,0.0,0.0,0.0,0.0,0.0,0.01,0.0,0.01,0.0,0.0,0.0,0.0,0.0,0.0,0.0,0.0,0.01,0.0,0.02,0.0,0.0,0.0,0.0,0.0,0.0,0.01,0.0,0.0,0.0,0.0,0.0,0.01,0.01,0.0,0.0,0.0,0.02,0.0,0.01,0.0,0.01,0.01,0.0,0.0,0.0,0.0,0.0,0.01,0.04,0.0,0,0,1.0,0.14285714285714285,0,0.0,0,0.3,0.0,0.3472,easy,0.0,0,0,1,0,1,0,0,0,0,0,0,1,0,0,0,0,0,0,0,0,0
160,80,3,5ea85cce7d50722703c4d14e,2020-04-28 17:55:06.393000+00:00,this person is the asshole,0.8,1,0.2,5,this person is the asshole,2,5,26,1,-0.8570792809108222,-0.9098762708486093,0.0,0.0,0.0,0.0,0.0,0.0,0.0,0.0,0.0,0.0,0.0,0.0,0.01,0.0,0.0,0.0,0.0,0.0,0.0,0.0,0.0,0.0,0.01,0.01,0.0,0.0,0.0,0.0,0.0,0.0,0.01,0.01,0.0,0.0,0.0,0.0,0.01,0.0,0.0,0.0,0.0,0.01,0.0,0.01,0.0,0.01,0.0,0.0,0.0,0.0,0.0,0.0,0.0,0.030000000000000002,0.0,0,0,1.0,0.0,2,0.0003202049311559398,0,0.0,0.0,0.248,easy,8.353,0,0,0,0,0,0,0,0,0,0,0,0,0,0,0,0,0,0,0,0,0
160,80,3,5d482ea621c9be351f762797,2020-04-28 17:55:18.033000+00:00,i do not believe she is an asshole  latin culture does exactly what she is doing elders are to be helped and respected and family helps each other,0.8,1,0.2,5,i do not believe she is an asshole.  latin culture does exactly what she is doing. elders are to be helped and respected and family helps each other.,3,28,146,1,1.2977831719241721,1.1495144656400125,0.0,0.0,0.009999999999999998,0.019999999999999997,0.009999999999999998,0.03,0.0,0.0,0.0,0.0,0.019999999999999997,0.009999999999999998,0.009999999999999998,0.0,0.0,0.0,0.0,0.009999999999999998,0.0,0.009999999999999998,0.009999999999999998,0.009999999999999998,0.0,0.06999999999999999,0.0,0.009999999999999998,0.0,0.0,0.0,0.0,0.049999999999999996,0.019999999999999997,0.0,0.0,0.0,0.0,0.009999999999999998,0.009999999999999998,0.0,0.0,0.009999999999999998,0.09999999999999999,0.0,0.009999999999999998,0.019999999999999997,0.06999999999999999,0.06,0.009999999999999998,0.0,0.0,0.0,0.009999999999999998,0.009999999999999998,0.18,0.0,0,0,0.8928571428571429,0.03571428571428571,2,0.0003202049311559398,0,0.3125,0.0625,1.3888,easy,11.64,0,0,0,0,0,0,0,0,0,0,0,1,0,0,0,0,0,1,0,0,0
160,80,3,5d482ea821c9be351f763333,2020-04-28 17:55:41.706000+00:00,while i agree that the husband should help with translating she should have asked confirmation with him to translate all the time,0.8,1,0.2,5,"while i agree that the husband should help with translating, she should have asked confirmation with him to translate all the time.",4,22,129,1,0.7100934120600827,0.5878624465976611,0.02,0.0,0.0,0.01,0.01,0.02,0.0,0.0,0.0,0.0,0.02,0.0,0.0,0.0,0.0,0.0,0.0,0.01,0.0,0.0,0.01,0.0,0.0,0.01,0.02,0.01,0.02,0.0,0.0,0.0,0.05,0.01,0.0,0.0,0.0,0.0,0.0,0.01,0.0,0.0,0.0,0.04,0.0,0.02,0.0,0.03,0.05,0.03,0.0,0.0,0.0,0.0,0.01,0.14,0.0,0,0,0.8636363636363636,0.045454545454545456,2,0.00015518311607697082,0,0.0,0.0,1.808927272727273,easy,23.673,0,0,1,0,0,0,0,0,0,0,1,0,0,0,0,0,0,0,0,0,0
160,80,3,5d482ea721c9be351f762cd5,2020-04-28 17:55:44.451000+00:00,i think she is being the true asshole,0.8,1,0.2,5,i think she is being the true asshole,5,8,37,1,-0.6611826942894591,-0.7226589311678255,0.0,0.0,0.0,0.0,0.01,0.0,0.0,0.0,0.0,0.0,0.01,0.0,0.01,0.0,0.0,0.0,0.0,0.0,0.0,0.0,0.01,0.01,0.0,0.02,0.0,0.0,0.0,0.0,0.0,0.0,0.01,0.0,0.0,0.0,0.0,0.0,0.01,0.01,0.0,0.0,0.0,0.030000000000000002,0.0,0.01,0.0,0.02,0.02,0.0,0.0,0.0,0.0,0.0,0.01,0.05,0.0,0,0,1.0,0.125,2,0.00015518311607697082,0,0.65,0.35,0.3968,easy,2.745,0,0,1,0,1,0,0,0,0,0,0,1,0,0,0,0,0,0,0,0,0
160,80,3,5ea85cce7d50722703c4d14e,2020-04-28 17:55:51.079000+00:00,this person is the asshole because it is not their partners responsibility to re at the beck and call of the mil,0.8,1,0.2,5,this person is the asshole because it is not their partner's responsibility to re at the beck and call of the mil,6,22,112,1,0.8080417053707643,0.681471116438053,0.0,0.0,0.0,0.02,0.0,0.01,0.0,0.01,0.0,0.0,0.0,0.01,0.01,0.0,0.0,0.0,0.0,0.0,0.0,0.0,0.0,0.0,0.02,0.02,0.0,0.0,0.01,0.0,0.01,0.0,0.04,0.02,0.0,0.01,0.0,0.01,0.01,0.0,0.0,0.0,0.01,0.02,0.01,0.030000000000000002,0.02,0.02,0.04,0.030000000000000002,0.0,0.0,0.0,0.0,0.0,0.15000000000000002,0.0,0,0,0.8636363636363636,0.0,5,0.0003202049311559398,0,0.0,0.0,1.808927272727273,easy,6.628,0,0,0,0,0,0,0,0,0,0,0,0,0,0,0,0,0,0,0,0,0
160,80,3,5d482ea721c9be351f762d36,2020-04-28 17:55:54.757000+00:00,i took all sides into consideration and believe yes she is an asshole i make my husband and there seems to be no appreciation for what he does,0.8,1,0.2,5,"i took all sides into consideration and believe yes, she is an asshole. ""i make my husband..."" and there seems to be no appreciation for what he does.",7,28,142,1,1.101886585302809,0.9622971259592287,0.0,0.0,0.0,0.02,0.01,0.03,0.0,0.0,0.01,0.0,0.02,0.01,0.01,0.0,0.0,0.0,0.0,0.01,0.0,0.0,0.01,0.03,0.0,0.05,0.0,0.01,0.03,0.0,0.0,0.0,0.03,0.01,0.0,0.0,0.0,0.01,0.01,0.03,0.0,0.01,0.0,0.06999999999999999,0.0,0.01,0.04,0.03,0.08,0.03,0.0,0.0,0.0,0.0,0.03,0.18,0.0,0,0,0.9285714285714286,0.10714285714285714,4,0.0003202049311559398,0,0.0,0.0,6.153157142857143,difficult,3.678,0,0,1,0,0,0,0,0,0,0,1,1,0,0,0,0,0,0,0,0,0
161,81,0,5ea854c27d50722703c4cc0c,2020-04-28 17:05:28.204000+00:00,i think her son is being a jerk they are staying at her house and being around her which means they should be including her in their conversations,0.5,1,0.166666667,6,i think her son is being a jerk. they are staying at her house and being around her which means they should be including her in their conversations.,1,28,146,1,1.2977831719241721,1.2812282888363729,0.009999999999999998,0.0,0.009999999999999998,0.009999999999999998,0.0,0.03,0.0,0.0,0.009999999999999998,0.0,0.039999999999999994,0.0,0.0,0.0,0.0,0.0,0.0,0.009999999999999998,0.009999999999999998,0.0,0.0,0.019999999999999997,0.0,0.039999999999999994,0.009999999999999998,0.0,0.039999999999999994,0.0,0.0,0.0,0.09,0.009999999999999998,0.0,0.0,0.0,0.0,0.009999999999999998,0.009999999999999998,0.0,0.0,0.0,0.07999999999999999,0.0,0.009999999999999998,0.009999999999999998,0.06,0.06,0.03,0.0,0.0,0.0,0.009999999999999998,0.009999999999999998,0.18999999999999997,0.0,0,0,0.8214285714285714,0.03571428571428571,0,0.0,0,0.0,0.0,1.9527285714285716,easy,0.0,0,0,1,0,1,0,0,0,0,0,0,1,0,0,0,0,0,0,1,0,0
161,81,0,5ea723c23ecdad55471ffbac,2020-04-28 17:05:30.042000+00:00,my initial impression is that the poster is not the asshole  perhaps she could have framed her request in a more gentle manner however i understand that she felt uncomfortable that she was excluded from the conversation in her own home,0.5,1,0.166666667,6,"my initial impression is that the poster is not the asshole.  perhaps she could have framed her request in a more gentle manner, however i understand that she felt uncomfortable that she was excluded from the conversation in her own home.",2,41,235,1,2.5711109849630325,2.6428378201282596,0.01,0.0,0.01,0.01,0.0,0.0,0.0,0.0,0.02,0.01,0.05,0.01,0.01,0.0,0.0,0.0,0.0,0.0,0.0,0.02,0.02,0.02,0.0,0.04,0.0,0.02,0.03,0.0,0.0,0.0,0.07,0.03,0.0,0.0,0.0,0.0,0.01,0.02,0.01,0.01,0.02,0.07,0.0,0.04,0.0,0.05,0.06,0.03,0.0,0.01,0.0,0.02,0.02,0.24,0.0,0,0,0.7804878048780488,0.024390243902439025,7,0.00015518311607697082,0,0.6599999999999999,0.15999999999999998,2.8038439024390245,easy,1.838,0,0,1,0,1,0,0,0,0,0,1,1,0,0,0,0,0,1,1,0,0
161,81,0,5d482eaa21c9be351f763c11,2020-04-28 17:05:33.011000+00:00,i feel like the mother was in the wrong here i think they should have been able to have a private conversation while i do understand her side i feel like partners should be able to keep business private,0.5,1,0.166666667,6,"i feel like the mother was in the wrong here. i think they should have been able to have a private conversation. while i do understand her side, i feel like partners should be able to keep business private.",3,39,202,1,2.0813695184096246,2.119141846554457,0.02,0.0,0.0,0.01,0.0,0.0,0.0,0.02,0.01,0.0,0.01,0.0,0.0,0.0,0.0,0.0,0.0,0.01,0.01,0.0,0.02,0.04,0.01,0.08,0.02,0.02,0.03,0.0,0.01,0.0,0.07,0.0,0.0,0.01,0.01,0.0,0.0,0.04,0.02,0.0,0.0,0.13,0.01,0.03,0.0,0.08,0.07,0.03,0.0,0.02,0.0,0.03,0.04,0.22,0.0,0,0,0.717948717948718,0.10256410256410256,8,0.0054784130100618235,0,0.58,0.1,2.3392717948717947,easy,2.969,0,0,1,0,1,0,0,0,0,0,1,1,0,0,0,0,0,1,1,0,0
161,81,0,5d482eab21c9be351f76403b,2020-04-28 17:05:49.032000+00:00,i think she may be the asshole but just a tiny asshole,0.5,1,0.166666667,6,"i think she may be the asshole, but just a tiny asshole.",4,12,54,1,-0.2693895210467328,-0.3945988265997954,0.0,0.0,0.0,0.01,0.0,0.0,0.0,0.0,0.01,0.0,0.01,0.0,0.02,0.0,0.0,0.0,0.0,0.0,0.0,0.0,0.0,0.01,0.0,0.01,0.01,0.0,0.01,0.0,0.0,0.0,0.01,0.0,0.0,0.0,0.0,0.0,0.02,0.01,0.0,0.01,0.02,0.03,0.0,0.02,0.02,0.02,0.04,0.0,0.0,0.0,0.0,0.01,0.01,0.07,0.0,0,0,0.9166666666666666,0.08333333333333333,3,0.0005036151718260998,0,0.5,0.0,0.5952,easy,16.021,0,0,1,0,1,0,0,0,0,0,0,1,0,0,0,0,0,0,0,0,0
161,81,0,5d482ea721c9be351f762c4c,2020-04-28 17:05:52.296000+00:00,i do not think this person is an asshole she is accommodating them in her home the least they could do is include her in the conversation instead of making her feel left out i do think she couldve addressed it in a better way though,0.5,1,0.166666667,6,i do not think this person is an asshole. she is accommodating them in her home. the least they could do is include her in the conversation instead of making her feel left out. i do think she could've addressed it in a better way though.,5,46,232,1,2.9629041582057587,3.061794598987302,0.019999999999999997,0.0,0.009999999999999998,0.009999999999999998,0.0,0.019999999999999997,0.0,0.009999999999999998,0.019999999999999997,0.0,0.05,0.009999999999999998,0.009999999999999998,0.0,0.0,0.0,0.0,0.0,0.0,0.009999999999999998,0.009999999999999998,0.03,0.009999999999999998,0.09,0.009999999999999998,0.009999999999999998,0.06,0.0,0.0,0.0,0.09,0.019999999999999997,0.0,0.0,0.0,0.009999999999999998,0.009999999999999998,0.019999999999999997,0.009999999999999998,0.0,0.009999999999999998,0.10999999999999999,0.0,0.039999999999999994,0.0,0.07999999999999999,0.09,0.05,0.0,0.009999999999999998,0.0,0.019999999999999997,0.019999999999999997,0.26999999999999996,0.0,0,0,0.7391304347826086,0.043478260869565216,5,0.0013274352748081394,0,0.3,0.06666666666666667,2.968121739130435,easy,3.264,0,0,1,0,1,0,0,0,0,0,1,1,0,0,0,0,0,1,0,0,0
161,81,0,5d482eab21c9be351f76403b,2020-04-28 17:05:57.523000+00:00,the kids are definitely overreacting,0.5,1,0.166666667,6,the kids are definitely overreacting,6,5,36,1,-0.8570792809108222,-1.0230339948883584,0.0,0.0,0.0,0.0,0.009999999999999998,0.0,0.0,0.0,0.009999999999999998,0.0,0.0,0.0,0.0,0.0,0.0,0.0,0.0,0.0,0.0,0.0,0.009999999999999998,0.0,0.009999999999999998,0.009999999999999998,0.0,0.0,0.0,0.0,0.0,0.0,0.009999999999999998,0.0,0.0,0.0,0.0,0.0,0.0,0.0,0.0,0.0,0.0,0.009999999999999998,0.0,0.009999999999999998,0.0,0.009999999999999998,0.009999999999999998,0.0,0.0,0.0,0.0,0.0,0.0,0.019999999999999997,0.0,0,0,1.0,0.0,1,0.0,0,0.5,0.0,7.0425,difficult,5.227,0,0,0,0,0,0,0,0,0,0,0,0,0,0,0,0,0,0,0,0,0
161,81,0,5ea854c27d50722703c4cc0c,2020-04-28 17:06:12.760000+00:00,if they needed to have a private conversation they could go into the other room to do that,0.5,1,0.166666667,6,if they needed to have a private conversation they could go into the other room to do that.,7,18,90,1,0.4162485321280381,0.3385755364035282,0.03,0.0,0.01,0.01,0.0,0.01,0.0,0.0,0.0,0.0,0.0,0.0,0.0,0.0,0.0,0.0,0.0,0.0,0.0,0.0,0.0,0.0,0.0,0.03,0.0,0.01,0.03,0.0,0.0,0.0,0.04,0.02,0.0,0.0,0.0,0.0,0.0,0.0,0.0,0.01,0.01,0.049999999999999996,0.0,0.02,0.0,0.03,0.04,0.03,0.0,0.0,0.0,0.01,0.0,0.12,0.0,0,0,0.8888888888888888,0.0,1,0.0,0,0.375,-0.0625,5.406522222222222,medium,15.237,0,0,0,0,0,0,0,0,0,0,0,0,0,0,0,0,0,0,0,0,0
161,81,0,5d482ea321c9be351f762157,2020-04-28 17:06:14.042000+00:00,i also felt that she wasnt being an asshole here its a reasonable request and not really forcing them into it,0.5,1,0.166666667,6,i also felt that she wasn't being an asshole here. its a reasonable request and not really forcing them into it,8,21,109,1,0.6121451187494011,0.5480539258330492,0.0,0.0,0.0,0.020000000000000004,0.0,0.020000000000000004,0.0,0.0,0.030000000000000002,0.0,0.010000000000000002,0.020000000000000004,0.010000000000000002,0.0,0.0,0.0,0.0,0.0,0.0,0.0,0.0,0.020000000000000004,0.0,0.0,0.0,0.020000000000000004,0.010000000000000002,0.0,0.0,0.0,0.030000000000000002,0.030000000000000002,0.0,0.0,0.0,0.010000000000000002,0.010000000000000002,0.010000000000000002,0.010000000000000002,0.0,0.020000000000000004,0.030000000000000002,0.0,0.020000000000000004,0.020000000000000004,0.020000000000000004,0.060000000000000005,0.010000000000000002,0.0,0.010000000000000002,0.0,0.020000000000000004,0.010000000000000002,0.13,0.0,0,0,1.0,0.047619047619047616,3,0.0,0,0.4,0.05,1.0415999999999999,easy,1.282,0,0,1,0,1,1,0,0,0,0,0,1,0,0,0,0,0,1,0,0,0
161,81,0,5d482ea721c9be351f762c4c,2020-04-28 17:06:14.108000+00:00,inquisitivebison  just a tiny asshole by how she addressed it,0.5,1,0.166666667,6,inquisitivebison  just a tiny asshole by how she addressed it,9,10,61,1,-0.36733781435741436,-0.4993380213145559,0.0,0.0,0.0,0.01,0.0,0.0,0.0,0.0,0.02,0.0,0.01,0.0,0.01,0.0,0.0,0.0,0.0,0.0,0.0,0.0,0.0,0.0,0.0,0.0,0.0,0.0,0.01,0.0,0.0,0.0,0.01,0.01,0.0,0.0,0.0,0.01,0.01,0.0,0.0,0.0,0.01,0.0,0.0,0.01,0.01,0.0,0.02,0.01,0.0,0.0,0.0,0.01,0.0,0.06,0.0,0,0,1.0,0.0,3,0.0003202049311559398,0,0.5,0.0,5.7115,medium,0.066,0,0,0,0,0,0,0,0,0,0,0,0,0,0,0,0,0,0,0,0,0
161,81,0,5d482eab21c9be351f76403b,2020-04-28 17:06:16.433000+00:00,they may not realize how rude theyre being but they are being rude,0.5,1,0.166666667,6,"they may not realize how rude they're being, but they are being rude.",10,13,66,1,-0.07349293442536971,-0.18512043717027438,0.0,0.0,0.0,0.02,0.0,0.0,0.0,0.0,0.01,0.0,0.0,0.01,0.0,0.0,0.0,0.0,0.0,0.0,0.02,0.0,0.0,0.01,0.0,0.02,0.01,0.0,0.0,0.0,0.0,0.0,0.030000000000000002,0.0,0.0,0.0,0.0,0.01,0.02,0.0,0.0,0.01,0.02,0.05,0.0,0.0,0.01,0.05,0.05,0.0,0.0,0.0,0.0,0.0,0.0,0.08,0.0,0,0,0.7692307692307693,0.0,0,0.0019193857965451055,0,0.6,-0.3,0.6447999999999999,easy,2.325,0,0,1,0,0,0,0,0,0,0,0,0,0,0,0,0,0,0,1,0,0
161,81,0,5ea723c23ecdad55471ffbac,2020-04-28 17:06:16.980000+00:00,i agree that they should be allowed to have a private conversation however why couldnt they leave the room  i think its disrespectful to start speaking in another language,0.5,1,0.166666667,6,"i agree that they should be allowed to have a private conversation, however why couldn't they leave the room?  i think it's disrespectful to start speaking in another language.",11,29,171,1,1.2977831719241721,1.2812282888363729,0.019999999999999997,0.009999999999999998,0.009999999999999998,0.009999999999999998,0.0,0.0,0.0,0.0,0.009999999999999998,0.0,0.0,0.009999999999999998,0.0,0.0,0.0,0.0,0.0,0.0,0.0,0.0,0.009999999999999998,0.009999999999999998,0.0,0.03,0.009999999999999998,0.0,0.039999999999999994,0.0,0.0,0.0,0.06,0.019999999999999997,0.0,0.0,0.0,0.019999999999999997,0.0,0.019999999999999997,0.0,0.0,0.0,0.06,0.0,0.019999999999999997,0.0,0.039999999999999994,0.049999999999999996,0.03,0.0,0.009999999999999998,0.0,0.009999999999999998,0.019999999999999997,0.15,0.0,1,0,0.896551724137931,0.06896551724137931,2,0.0,0,0.375,0.0,1.9828827586206894,easy,0.547,0,0,1,0,1,0,0,0,0,0,1,1,0,0,0,0,0,0,1,0,0
162,81,2,5ea854c27d50722703c4cc0c,2020-04-28 17:34:50.915000+00:00,i think the mom should be more understanding of how they live ,0.714285714,2,0.285714286,7,i think the mom should be more understanding of how they live. ,1,12,62,1,-0.2693895210467328,-0.8104559809617728,0.01,0.0,0.0,0.01,0.0,0.0,0.0,0.0,0.01,0.0,0.0,0.0,0.0,0.0,0.0,0.0,0.0,0.01,0.0,0.01,0.0,0.02,0.0,0.01,0.01,0.0,0.0,0.0,0.0,0.0,0.02,0.0,0.0,0.0,0.0,0.01,0.0,0.01,0.0,0.0,0.0,0.03,0.0,0.01,0.0,0.02,0.04,0.01,0.0,0.0,0.0,0.0,0.01,0.08,0.0,0,0,1.0,0.08333333333333333,0,0.0,0,0.5,0.3181818181818182,5.547533333333333,medium,0.0,0,0,1,0,1,0,0,0,0,0,0,1,0,0,0,0,0,0,0,0,0
162,81,2,5d482ea321c9be351f762157,2020-04-28 17:34:57.783000+00:00,i do not believe this person is an asshole it is a difficult situation and they are trying to do the best that they can there is no right thing to do for him ,0.714285714,2,0.285714286,7,i do not believe this person is an asshole. it is a difficult situation and they are trying to do the best that they can. there is no right thing to do for him ,2,34,158,1,1.8854729317882615,1.366808601555993,0.0,0.0,0.0,0.01,0.0,0.01,0.0,0.02,0.01,0.0,0.01,0.02,0.01,0.0,0.0,0.0,0.0,0.0,0.01,0.01,0.01,0.01,0.01,0.09,0.0,0.0,0.01,0.0,0.0,0.0,0.04,0.04,0.0,0.0,0.0,0.0,0.01,0.01,0.0,0.0,0.01,0.09,0.0,0.030000000000000002,0.02,0.08,0.030000000000000002,0.030000000000000002,0.0,0.0,0.0,0.030000000000000002,0.01,0.25000000000000006,0.0,0,0,0.8235294117647058,0.029411764705882353,3,0.00015518311607697082,0,0.611904761904762,0.11904761904761905,1.6864,easy,6.868,0,0,0,0,0,0,0,0,0,0,0,1,0,0,0,0,0,1,1,0,0
162,81,2,5ea723c23ecdad55471ffbac,2020-04-28 17:34:59.037000+00:00,i think that the poster is an unintentional asshole  i understand her reasoning however its rude to speak a language her mom doesnt understand and exclude her,0.714285714,2,0.285714286,7,"i think that the poster is an unintentional asshole.  i understand her reasoning, however it's rude to speak a language her mom doesn't understand and exclude her.",3,27,158,1,1.101886585302809,0.5750760260949873,0.0,0.01,0.0,0.02,0.0,0.01,0.0,0.0,0.01,0.0,0.030000000000000002,0.01,0.01,0.0,0.0,0.0,0.0,0.01,0.01,0.0,0.0,0.04,0.0,0.05,0.0,0.0,0.0,0.0,0.0,0.0,0.060000000000000005,0.02,0.0,0.0,0.0,0.01,0.02,0.02,0.0,0.0,0.01,0.05,0.0,0.030000000000000002,0.01,0.02,0.060000000000000005,0.01,0.0,0.01,0.0,0.01,0.02,0.13,0.0,0,0,0.8518518518518519,0.07407407407407407,7,0.0006305711633098814,0,0.6,-0.3,1.9240148148148148,easy,1.254,0,0,1,0,1,0,0,0,0,0,1,1,0,0,0,0,0,0,1,0,0
162,81,2,5ea854c27d50722703c4cc0c,2020-04-28 17:35:07.309000+00:00,i do not think he is a jerk ,0.714285714,2,0.285714286,7,i do not think he is a jerk. ,4,8,28,1,-0.6611826942894591,-1.2063222686922757,0.0,0.0,0.0,0.0,0.0,0.0,0.0,0.0,0.0,0.0,0.01,0.01,0.0,0.0,0.0,0.0,0.0,0.0,0.01,0.0,0.0,0.01,0.0,0.030000000000000002,0.0,0.0,0.0,0.0,0.0,0.0,0.01,0.0,0.0,0.0,0.0,0.0,0.01,0.01,0.0,0.0,0.01,0.030000000000000002,0.0,0.01,0.0,0.02,0.02,0.0,0.0,0.0,0.0,0.01,0.01,0.060000000000000005,0.0,0,0,1.0,0.125,2,0.0005036151718260998,0,0.0,0.0,0.3968,easy,8.272,0,0,1,0,1,0,0,0,0,0,0,1,0,0,0,0,0,0,1,0,0
162,81,2,5d482ea721c9be351f762c4c,2020-04-28 17:35:16.008000+00:00,i think that he is the asshole because hes in his mothers home he should include her and lets not forget she doesnt see her son all the time,0.714285714,2,0.285714286,7,i think that he is the asshole because he's in his mothers home. he should include her and lets not forget she doesn't see her son all the time,5,29,140,1,1.2977831719241721,0.7730091699602387,0.009999999999999998,0.0,0.009999999999999998,0.019999999999999997,0.009999999999999998,0.019999999999999997,0.0,0.0,0.0,0.0,0.06999999999999999,0.019999999999999997,0.009999999999999998,0.0,0.0,0.009999999999999998,0.0,0.019999999999999997,0.0,0.0,0.0,0.009999999999999998,0.0,0.06,0.009999999999999998,0.0,0.019999999999999997,0.0,0.0,0.0,0.09999999999999999,0.009999999999999998,0.0,0.0,0.0,0.009999999999999998,0.009999999999999998,0.009999999999999998,0.0,0.0,0.009999999999999998,0.06999999999999999,0.0,0.019999999999999997,0.019999999999999997,0.039999999999999994,0.07999999999999999,0.009999999999999998,0.009999999999999998,0.009999999999999998,0.0,0.0,0.019999999999999997,0.16999999999999998,0.0,0,0,0.896551724137931,0.06896551724137931,4,0.0005036151718260998,0,0.0,0.0,1.4384,easy,8.699,0,0,1,0,1,0,0,0,0,0,0,1,0,0,0,0,0,0,0,0,0
162,81,2,5ea1c1c0de5d74641b6708c2,2020-04-28 17:35:19.584000+00:00,they switched it on us  i think if the son would be open with the mom they wouldnt be having this conflict,0.714285714,2,0.285714286,7,"they switched it on us.  i think if the son would be open with the mom, they wouldnt be having this conflict.",6,22,106,1,0.7100934120600827,0.1792097383644844,0.030000000000000002,0.0,0.0,0.01,0.0,0.02,0.0,0.0,0.0,0.0,0.0,0.01,0.0,0.0,0.0,0.0,0.0,0.02,0.0,0.0,0.0,0.01,0.0,0.01,0.02,0.0,0.02,0.0,0.01,0.0,0.05,0.02,0.0,0.0,0.0,0.0,0.0,0.01,0.0,0.01,0.01,0.060000000000000005,0.0,0.02,0.0,0.05,0.07,0.02,0.01,0.0,0.0,0.0,0.01,0.13,0.0,0,0,0.8636363636363636,0.045454545454545456,2,0.0021087516084232105,0,0.5,0.0,1.0912,easy,3.576,0,0,1,0,1,0,0,0,0,1,1,0,0,0,0,0,0,0,1,0,0
162,81,2,5d482eaa21c9be351f763c11,2020-04-28 17:35:19.610000+00:00,i dont think hes being an asshole his husband doesnt speak that much english so he should be able to speak german when he is with his husband i do see the mothers point but she should be more understanding of the situation,0.714285714,2,0.285714286,7,"i don't think he's being an asshole. his husband doesn't speak that much english, so he should be able to speak german when he is with his husband. i do see the mothers point, but she should be more understanding of the situation.",7,43,222,1,2.6690592782737137,2.158541177016999,0.02,0.02,0.0,0.030000000000000006,0.0,0.01,0.0,0.01,0.02,0.0,0.06000000000000001,0.02,0.01,0.0,0.0,0.01,0.0,0.030000000000000006,0.0,0.02,0.0,0.02,0.0,0.07,0.02,0.0,0.02,0.0,0.0,0.0,0.11000000000000001,0.01,0.0,0.0,0.0,0.0,0.01,0.02,0.0,0.0,0.01,0.12000000000000002,0.0,0.030000000000000006,0.02,0.1,0.06000000000000001,0.030000000000000006,0.0,0.030000000000000006,0.0,0.0,0.02,0.25,0.0,0,0,0.813953488372093,0.046511627906976744,5,0.0006587982879030706,0,0.28125,0.25,2.5000093023255814,easy,0.026,0,0,1,0,1,0,0,0,0,0,1,1,0,0,0,0,1,0,0,0,0
162,81,2,5d482ea721c9be351f762be3,2020-04-28 17:35:21.788000+00:00,i believe that the son was being the asshole because he couldve just communicated with the mother my husband does not feel comfortable speaking english we can talk but i will mostly speak german while we are here,0.714285714,2,0.285714286,7,"i believe that the son was being the asshole because he could've just communicated with the mother ""my husband does not feel comfortable speaking english. we can talk, but i will mostly speak german while we are here.""",8,38,212,1,1.8854729317882615,1.366808601555993,0.01,0.02,0.0,0.030000000000000002,0.0,0.030000000000000002,0.0,0.0,0.030000000000000002,0.0,0.01,0.01,0.01,0.0,0.0,0.0,0.0,0.030000000000000002,0.0,0.0,0.01,0.02,0.0,0.05,0.02,0.02,0.01,0.0,0.0,0.0,0.1,0.01,0.0,0.0,0.0,0.01,0.01,0.030000000000000002,0.01,0.01,0.030000000000000002,0.09,0.0,0.030000000000000002,0.030000000000000002,0.07,0.11000000000000001,0.01,0.02,0.030000000000000002,0.0,0.01,0.05,0.23,0.0,0,0,0.8947368421052632,0.13157894736842105,8,0.005937143076559808,0,0.325,0.225,2.3003263157894738,easy,2.178,0,0,1,0,1,0,0,0,0,1,1,1,0,0,0,0,0,1,0,0,0
162,81,2,5d482ea721c9be351f762c4c,2020-04-28 17:35:34.402000+00:00,novelcamel i agree,0.714285714,2,0.285714286,7,novelcamel i agree,9,3,18,1,-1.1509241608428669,-1.7011551283554043,0.0,0.0,0.0,0.0,0.0,0.0,0.0,0.0,0.0,0.0,0.0,0.0,0.0,0.0,0.0,0.0,0.0,0.0,0.0,0.0,0.009999999999999998,0.0,0.0,0.0,0.0,0.0,0.0,0.0,0.0,0.0,0.0,0.0,0.0,0.0,0.0,0.0,0.0,0.009999999999999998,0.0,0.0,0.0,0.0,0.0,0.0,0.0,0.0,0.0,0.0,0.0,0.0,0.0,0.0,0.009999999999999998,0.009999999999999998,0.0,0,0,1.0,0.3333333333333333,0,0.00015518311607697082,0,0.0,0.0,0.1488,easy,12.614,0,0,0,0,0,0,0,0,0,0,1,0,0,0,0,0,0,0,0,0,0
162,81,2,5d482eab21c9be351f76403b,2020-04-28 17:35:39.545000+00:00,when in rome do as the romans do,0.714285714,2,0.285714286,7,"when in rome, do as the romans do.",10,8,32,1,-0.5632344009787775,-1.10735569675965,0.0,0.0,0.0,0.02,0.0,0.0,0.0,0.0,0.01,0.0,0.0,0.0,0.0,0.0,0.0,0.0,0.0,0.0,0.0,0.0,0.0,0.0,0.0,0.02,0.0,0.0,0.02,0.0,0.0,0.0,0.0,0.0,0.0,0.0,0.0,0.0,0.0,0.0,0.0,0.0,0.0,0.02,0.0,0.01,0.0,0.02,0.0,0.02,0.0,0.0,0.0,0.0,0.0,0.06,0.0,1,0,0.875,0.0,0,0.0,0,0.0,0.0,0.3968,easy,5.143,0,0,0,0,0,0,0,0,0,0,0,0,0,0,0,0,0,0,0,0,0
163,82,0,5ea854c27d50722703c4cc0d,2020-04-28 16:39:52.955000+00:00,the poster is an asshole,1.0,1,0.166666667,6,the poster is an asshole.,1,5,24,1,-0.8570792809108222,-1.1267100654084012,0.0,0.0,0.0,0.0,0.0,0.0,0.0,0.0,0.0,0.0,0.0,0.0,0.009999999999999998,0.0,0.0,0.0,0.0,0.0,0.0,0.0,0.0,0.0,0.0,0.009999999999999998,0.0,0.0,0.0,0.0,0.0,0.0,0.0,0.0,0.0,0.0,0.0,0.0,0.009999999999999998,0.0,0.0,0.0,0.0,0.009999999999999998,0.0,0.019999999999999997,0.0,0.009999999999999998,0.0,0.0,0.0,0.0,0.0,0.0,0.0,0.03,0.0,0,0,1.0,0.0,0,0.0,0,0.0,0.0,0.248,easy,0.0,0,0,0,0,0,0,0,0,0,0,0,0,0,0,0,0,0,0,0,0,0
163,82,0,5ea72fac3ecdad5547201425,2020-04-28 16:40:03.764000+00:00,i agree this poster is the asshole,1.0,1,0.166666667,6,"i agree, this poster is the asshole",2,7,34,1,-0.7591309876001406,-1.0130922436865455,0.0,0.0,0.0,0.0,0.0,0.0,0.0,0.0,0.0,0.0,0.0,0.0,0.01,0.0,0.0,0.0,0.0,0.0,0.0,0.0,0.01,0.0,0.0,0.01,0.0,0.0,0.0,0.0,0.0,0.0,0.0,0.01,0.0,0.0,0.0,0.0,0.01,0.01,0.0,0.0,0.0,0.01,0.0,0.01,0.0,0.01,0.0,0.0,0.0,0.0,0.0,0.0,0.01,0.04,0.0,0,0,1.0,0.14285714285714285,2,0.01208491081350888,0,0.0,0.0,0.3472,easy,10.809,0,0,0,0,0,0,0,0,0,0,0,1,0,0,0,0,0,0,0,0,0
163,82,0,5ea855b27d50722703c4cc50,2020-04-28 16:40:09.984000+00:00,i initially thought that too,1.0,1,0.166666667,6,i initially thought that too,3,5,28,1,-0.9550275742215037,-1.2403278871302568,0.0,0.0,0.0,0.0,0.0,0.0,0.0,0.0,0.01,0.0,0.0,0.0,0.0,0.0,0.0,0.0,0.0,0.0,0.0,0.0,0.0,0.01,0.0,0.0,0.0,0.01,0.01,0.0,0.0,0.0,0.0,0.01,0.0,0.0,0.0,0.0,0.0,0.01,0.0,0.0,0.0,0.01,0.0,0.0,0.0,0.0,0.01,0.0,0.0,0.0,0.0,0.0,0.01,0.030000000000000002,0.0,0,0,1.0,0.2,0,0.00015518311607697082,0,0.0,0.0,0.248,easy,6.22,0,0,1,0,1,0,0,0,0,0,0,1,0,0,0,0,0,0,0,0,0
163,82,0,5ea761acfd339b022f9cebca,2020-04-28 16:40:16.668000+00:00,i think the person is an asshole,1.0,1,0.166666667,6,i think the person is an asshole.,4,7,32,1,-0.7591309876001406,-1.0130922436865455,0.0,0.0,0.0,0.0,0.0,0.0,0.0,0.0,0.0,0.0,0.0,0.0,0.01,0.0,0.0,0.0,0.0,0.0,0.0,0.0,0.0,0.01,0.01,0.02,0.0,0.0,0.0,0.0,0.0,0.0,0.01,0.0,0.0,0.0,0.0,0.0,0.01,0.01,0.0,0.0,0.0,0.02,0.0,0.02,0.0,0.01,0.01,0.0,0.0,0.0,0.0,0.0,0.01,0.04,0.0,0,0,1.0,0.14285714285714285,0,0.00015518311607697082,0,0.0,0.0,0.3472,easy,6.684,0,0,1,0,1,0,0,0,0,0,0,1,0,0,0,0,0,0,0,0,0
163,82,0,5ea854c27d50722703c4cc0d,2020-04-28 16:40:17.344000+00:00,even if he learned languages quickly that doesnt mean she can learn one quickly,1.0,1,0.166666667,6,even if he learned languages quickly that doesn't mean she can learn one quickly.,5,14,79,1,0.024455358885311848,-0.10414966991170088,0.01,0.0,0.0,0.01,0.0,0.0,0.0,0.0,0.030000000000000002,0.0,0.02,0.01,0.0,0.0,0.0,0.0,0.0,0.0,0.0,0.0,0.0,0.030000000000000002,0.0,0.030000000000000002,0.0,0.0,0.02,0.0,0.0,0.0,0.030000000000000002,0.01,0.0,0.02,0.0,0.0,0.0,0.0,0.0,0.01,0.01,0.030000000000000002,0.0,0.0,0.0,0.02,0.04,0.0,0.0,0.0,0.0,0.0,0.0,0.05,0.0,0,0,0.9285714285714286,0.0,0,0.0,0,0.5625,0.11805555555555554,0.6944,easy,0.676,0,0,0,0,0,0,0,0,0,0,0,0,0,0,0,0,0,0,0,0,0
163,82,0,5d482ea821c9be351f763107,2020-04-28 16:40:29.744000+00:00,considering the way he worded the scenario its hard to believe he was respectful to his mil so i think hes an asshole too,1.0,1,0.166666667,6,"considering the way he worded the scenario, it's hard to believe he was respectful to his mil, so i think he's an asshole too.",6,24,121,1,0.9059899986814458,0.9184107255849994,0.0,0.0,0.0,0.01,0.0,0.0,0.0,0.0,0.02,0.0,0.04,0.0,0.01,0.0,0.0,0.0,0.0,0.0,0.0,0.0,0.0,0.03,0.0,0.03,0.0,0.01,0.01,0.0,0.0,0.0,0.04,0.01,0.0,0.0,0.0,0.0,0.01,0.01,0.01,0.0,0.0,0.04,0.0,0.03,0.01,0.02,0.03,0.02,0.0,0.01,0.0,0.01,0.01,0.13,0.0,0,0,0.875,0.041666666666666664,2,0.0,0,0.6208333333333333,0.10416666666666666,1.8483166666666664,easy,12.4,0,0,1,0,1,0,0,0,0,0,1,0,0,0,0,0,0,1,1,0,0
163,82,0,5d482eab21c9be351f764217,2020-04-28 16:40:37.965000+00:00,i suspect that anyone who describes the situation with profanity is not actually as respectful as he claims,1.0,1,0.166666667,6,i suspect that anyone who describes the situation with profanity is not actually as respectful as he claims,7,18,107,1,0.31830023881735653,0.23670379525386587,0.0,0.0,0.0,0.02,0.0,0.01,0.0,0.0,0.01,0.0,0.01,0.01,0.0,0.0,0.0,0.0,0.0,0.0,0.0,0.0,0.0,0.01,0.0,0.02,0.0,0.0,0.0,0.0,0.0,0.0,0.04,0.030000000000000002,0.0,0.0,0.0,0.0,0.0,0.01,0.0,0.01,0.01,0.01,0.0,0.01,0.01,0.01,0.04,0.030000000000000002,0.0,0.0,0.0,0.01,0.01,0.1,0.0,0,0,0.9444444444444444,0.05555555555555555,2,0.00916419212508598,0,0.7,-0.25,0.8927999999999999,easy,8.221,0,0,1,0,1,1,0,0,0,0,0,1,0,0,0,0,0,1,1,0,0
163,82,0,5ea761acfd339b022f9cebca,2020-04-28 16:40:47.163000+00:00,he needs to be more understanding of the mother in laws situation,1.0,1,0.166666667,6,he needs to be more understanding of the mother in law's situation.,8,12,65,1,-0.17144122773605125,-0.33138531335541205,0.01,0.0,0.0,0.0,0.0,0.0,0.0,0.0,0.0,0.0,0.01,0.0,0.0,0.0,0.0,0.0,0.0,0.01,0.0,0.01,0.0,0.01,0.0,0.01,0.0,0.0,0.01,0.0,0.0,0.0,0.02,0.0,0.0,0.0,0.0,0.0,0.0,0.0,0.0,0.0,0.0,0.02,0.0,0.01,0.0,0.01,0.02,0.030000000000000002,0.0,0.0,0.0,0.0,0.0,0.07,0.0,0,0,1.0,0.0,2,0.002849002849002849,0,0.5,0.5,5.547533333333333,medium,9.198,0,0,0,0,0,0,0,0,0,0,0,0,0,0,0,0,0,0,0,0,0
163,82,0,5ea854c27d50722703c4cc0d,2020-04-28 16:40:51.752000+00:00,i agree i think he spoke in a disrespectful manner ,1.0,1,0.166666667,6,"i agree, i think he spoke in a disrespectful manner. ",9,10,51,1,-0.5632344009787775,-0.7858566002428344,0.0,0.01,0.0,0.0,0.0,0.0,0.0,0.0,0.0,0.0,0.01,0.0,0.0,0.0,0.0,0.0,0.0,0.0,0.0,0.0,0.01,0.01,0.0,0.01,0.0,0.01,0.01,0.0,0.0,0.0,0.02,0.0,0.0,0.0,0.0,0.0,0.0,0.02,0.0,0.0,0.0,0.02,0.0,0.01,0.0,0.0,0.01,0.01,0.0,0.01,0.0,0.01,0.02,0.05,0.0,0,0,0.9,0.2,2,0.0,0,0.0,0.0,0.496,easy,4.589,0,0,1,0,1,0,0,0,0,0,1,1,0,0,0,0,0,0,1,0,0
164,82,3,5ea854c27d50722703c4cc0d,2020-04-28 17:24:37.090000+00:00,this is a tough one i can see both sides,1.0,1,0.2,5,"this is a tough one, i can see both sides.",1,10,40,1,-0.4652861076680959,-0.5263157894736842,0.0,0.0,0.0,0.0,0.0,0.010000000000000002,0.0,0.0,0.0,0.0,0.0,0.0,0.0,0.0,0.0,0.010000000000000002,0.0,0.0,0.0,0.010000000000000002,0.0,0.0,0.0,0.03,0.0,0.0,0.020000000000000004,0.0,0.0,0.0,0.0,0.010000000000000002,0.0,0.0,0.0,0.0,0.0,0.010000000000000002,0.0,0.0,0.0,0.03,0.0,0.010000000000000002,0.0,0.020000000000000004,0.010000000000000002,0.0,0.0,0.010000000000000002,0.0,0.020000000000000004,0.010000000000000002,0.06,0.0,0,0,1.0,0.1,0,0.0,0,0.8333333333333334,-0.3888888888888889,0.496,easy,0.0,0,0,0,0,0,0,0,0,0,0,1,0,0,0,0,0,0,1,0,0,0
164,82,3,5ea855b27d50722703c4cc50,2020-04-28 17:24:41.728000+00:00,me too,1.0,1,0.2,5,me too,2,2,6,1,-1.1509241608428669,-1.263157894736842,0.0,0.0,0.0,0.0,0.0,0.0,0.0,0.0,0.009999999999999998,0.0,0.0,0.0,0.0,0.0,0.0,0.0,0.0,0.0,0.0,0.0,0.0,0.0,0.0,0.0,0.0,0.0,0.0,0.0,0.0,0.0,0.0,0.0,0.0,0.0,0.0,0.0,0.0,0.009999999999999998,0.0,0.0,0.0,0.0,0.0,0.0,0.0,0.0,0.0,0.0,0.0,0.0,0.0,0.0,0.009999999999999998,0.019999999999999997,0.0,0,0,1.0,0.0,0,0.0,0,0.0,0.0,0.0992,easy,4.638,0,0,0,0,0,0,0,0,0,0,0,0,0,0,0,0,0,0,0,0,0
164,82,3,5d482ea821c9be351f763107,2020-04-28 17:24:43.288000+00:00,i think both sides are being assholes wife and husband,1.0,1,0.2,5,"i think both sides are being assholes, wife and husband.",3,10,54,1,-0.4652861076680959,-0.5263157894736842,0.0,0.0,0.0,0.01,0.0,0.02,0.0,0.0,0.0,0.0,0.0,0.0,0.01,0.0,0.0,0.0,0.0,0.02,0.0,0.01,0.0,0.01,0.0,0.02,0.0,0.0,0.02,0.0,0.0,0.0,0.02,0.0,0.0,0.0,0.0,0.0,0.01,0.01,0.0,0.0,0.0,0.03,0.0,0.0,0.01,0.02,0.03,0.0,0.0,0.0,0.0,0.0,0.01,0.05,0.0,0,0,1.0,0.1,0,0.0,0,0.0,0.0,0.496,easy,1.56,0,0,1,0,1,0,0,0,0,0,0,1,0,0,0,0,0,0,0,0,0
164,82,3,5ea854c27d50722703c4cc0d,2020-04-28 17:24:57.434000+00:00,i agree delightedmonkey,1.0,1,0.2,5,i agree delightedmonkey,4,3,23,1,-1.1509241608428669,-1.263157894736842,0.0,0.0,0.0,0.0,0.0,0.0,0.0,0.0,0.0,0.0,0.0,0.0,0.0,0.0,0.0,0.0,0.0,0.0,0.0,0.0,0.02,0.0,0.0,0.0,0.0,0.0,0.0,0.0,0.0,0.0,0.0,0.0,0.0,0.0,0.0,0.0,0.0,0.01,0.0,0.0,0.0,0.0,0.0,0.0,0.0,0.0,0.0,0.0,0.0,0.0,0.0,0.0,0.01,0.01,0.0,0,0,1.0,0.3333333333333333,0,0.00015518311607697082,0,0.0,0.0,9.048633333333331,difficult,14.146,0,0,0,0,0,0,0,0,0,0,0,1,0,0,0,0,0,0,0,0,0
164,82,3,5ea72fac3ecdad5547201425,2020-04-28 17:25:05.567000+00:00,agreed i think both but i think that you cant expect the husband to do it wife should respect his wishes,1.0,1,0.2,5,agreed. i think both but i think that you can't expect the husband to do it. wife should respect his wishes,5,21,104,1,0.5141968254387196,0.5263157894736842,0.030000000000000002,0.0,0.0,0.01,0.0,0.01,0.0,0.0,0.0,0.0,0.01,0.01,0.0,0.0,0.0,0.0,0.0,0.02,0.0,0.01,0.02,0.02,0.0,0.05,0.01,0.0,0.01,0.0,0.0,0.0,0.04,0.02,0.0,0.0,0.0,0.0,0.0,0.02,0.0,0.0,0.01,0.060000000000000005,0.0,0.01,0.01,0.030000000000000002,0.06999999999999999,0.01,0.0,0.0,0.01,0.01,0.02,0.12000000000000001,0.0,0,0,0.9047619047619048,0.09523809523809523,0,0.00031036623215394165,0,0.0,0.0,1.0415999999999999,easy,8.133,0,0,1,0,1,0,0,0,0,0,1,0,1,0,0,0,1,1,0,0,0
164,82,3,5ea761acfd339b022f9cebca,2020-04-28 17:25:06.680000+00:00,i think she is an asshole she shouldnt be forcing her husband to take on the role of translator even though her married her he didnt sign up for a job as a translator,1.0,1,0.2,5,"i think she is an asshole. she shouldn't be forcing her husband to take on the role of translator. even though her married her, he didn't sign up for a job as a translator.",6,34,166,1,1.8854729317882615,2.0,0.01,0.0,0.0,0.02,0.0,0.0,0.0,0.0,0.02,0.0,0.06,0.02,0.01,0.0,0.0,0.0,0.0,0.02,0.0,0.0,0.0,0.01,0.0,0.03,0.01,0.01,0.02,0.0,0.0,0.0,0.09,0.0,0.0,0.01,0.0,0.0,0.01,0.01,0.0,0.0,0.0,0.06,0.0,0.04,0.0,0.04,0.03,0.06,0.0,0.0,0.0,0.02,0.01,0.18999999999999997,0.0,0,0,0.8529411764705882,0.029411764705882353,2,0.0012314172096718058,0,0.25,0.25,1.6864,easy,1.113,0,0,1,0,1,0,0,0,0,0,0,1,0,0,0,0,0,0,0,0,0
165,83,1,5d482eab21c9be351f7641e1,2020-04-28 16:45:09.423000+00:00, i understand that always being relied on to act as translator is exhausting and frustrating but he didnt need to be mean about it   he is being cruel by flippantly suggesting that she just learn english there may be a lot of outside circumstances that make it a lot harder for his mother in law to access english learning she might not have the time or the money or honestly the confidence he is being an asshole here by basically saying the mother is dumb because she cant just pick up a foreign language ,1.0,2,0.333333333,6," i understand that always being relied on to act as translator is exhausting and frustrating, but he didn't need to be mean about it.  . he is being cruel by flippantly suggesting that she just ""learn english""; there may be a lot of outside circumstances that make it a lot harder for his mother in law to access english learning she might not have the time, or the money, or honestly the confidence. he is being an asshole here by basically saying the mother is dumb because she can't just pick up a foreign language. ",1,94,507,1,7.7623705304291555,3.925636983208494,0.01,0.01,0.0,0.060000000000000005,0.02,0.01,0.01,0.01,0.060000000000000005,0.0,0.07,0.030000000000000002,0.02,0.0,0.01,0.0,0.0,0.02,0.01,0.02,0.02,0.04,0.0,0.1,0.02,0.01,0.07,0.0,0.0,0.0,0.12000000000000001,0.05,0.0,0.02,0.01,0.030000000000000002,0.04,0.01,0.01,0.060000000000000005,0.060000000000000005,0.18000000000000002,0.0,0.08,0.05,0.14,0.22,0.13,0.0,0.02,0.0,0.04,0.01,0.53,0.0,0,0,0.723404255319149,0.010638297872340425,0,0.0,0,0.4635416666666667,-0.14270833333333333,4.6624,easy,0.0,0,0,1,0,0,1,0,0,0,0,0,1,0,0,0,0,0,1,1,0,0
165,83,1,5d482ea821c9be351f763420,2020-04-28 16:46:03.633000+00:00,i believe he was being polite to his mother in law but abrasive in his post still that is family and he should be there for her while it might have been easy for him to learn multiple languages in a short period of time it is obviously not as easy for her he needs to learn compassion,1.0,2,0.333333333,6,"i believe he was being polite to his mother in law but abrasive in his post. still, that is family, and he should be there for her. while it might have been easy for him to learn multiple languages in a short period of time, it is obviously not as easy for her. he needs to learn compassion.",2,58,284,1,4.236231971244619,1.9206917942580664,0.02,0.0,0.01,0.04,0.01,0.01,0.0,0.0,0.02,0.0,0.08,0.01,0.0,0.0,0.0,0.0,0.0,0.02,0.0,0.0,0.03,0.03,0.0,0.05,0.02,0.02,0.09,0.0,0.0,0.0,0.12,0.03,0.0,0.02,0.0,0.0,0.0,0.01,0.0,0.01,0.02,0.10999999999999999,0.0,0.01,0.02,0.09,0.10999999999999999,0.10999999999999999,0.0,0.0,0.0,0.05,0.01,0.36999999999999994,0.0,0,0,0.7586206896551724,0.017241379310344827,28,0.01808909654250853,0,0.4916666666666667,0.05416666666666667,2.8768,easy,54.21,0,0,1,0,0,0,0,0,0,0,0,1,0,0,0,0,0,1,1,0,0
165,83,1,5d482eab21c9be351f7641e1,2020-04-28 16:46:12.564000+00:00,even if he says he was polite when he spoke to her im sure his tone came through you can tell by the language he uses he doesnt respect her ,1.0,2,0.333333333,6,even if he says he was polite when he spoke to her i'm sure his tone came through. you can tell by the language he uses he doesn't respect her. ,3,30,140,1,1.5916280518562167,0.41698290254524556,0.009999999999999998,0.019999999999999997,0.0,0.019999999999999997,0.009999999999999998,0.009999999999999998,0.0,0.0,0.019999999999999997,0.0,0.07999999999999999,0.009999999999999998,0.0,0.0,0.0,0.0,0.0,0.0,0.0,0.0,0.019999999999999997,0.0,0.0,0.03,0.0,0.03,0.019999999999999997,0.0,0.0,0.0,0.13,0.0,0.0,0.0,0.0,0.009999999999999998,0.0,0.0,0.0,0.009999999999999998,0.009999999999999998,0.06,0.0,0.009999999999999998,0.0,0.03,0.039999999999999994,0.03,0.0,0.019999999999999997,0.009999999999999998,0.019999999999999997,0.0,0.16999999999999998,0.0,0,0,0.8333333333333334,0.0,10,0.006896551724137931,0,0.8888888888888888,0.5,1.488,easy,8.931,0,0,0,0,0,0,0,0,0,0,0,1,1,0,0,0,0,1,0,0,0
165,83,1,5ea6fa96002f966295b2007d,2020-04-28 16:46:20.608000+00:00,i cant imagine that it happens all that often anough for him to be so angry,1.0,2,0.333333333,6,i can't imagine that it happens all that often anough for him to be so angry.,4,16,75,1,0.1224036521959934,-0.4184109261840993,0.0,0.0,0.0,0.01,0.01,0.0,0.0,0.0,0.02,0.0,0.01,0.01,0.0,0.0,0.0,0.0,0.0,0.0,0.0,0.0,0.0,0.01,0.0,0.02,0.0,0.0,0.0,0.0,0.0,0.0,0.01,0.03,0.0,0.0,0.0,0.0,0.01,0.01,0.0,0.01,0.0,0.03,0.0,0.0,0.01,0.02,0.03,0.02,0.0,0.0,0.0,0.0,0.01,0.1,0.0,0,0,0.9375,0.0625,1,0.0,0,1.0,-0.5,0.7936,easy,8.044,0,0,1,0,0,0,0,0,0,0,0,1,0,0,0,0,0,0,1,0,0
165,83,1,5ea734163ecdad5547202554,2020-04-28 16:46:20.978000+00:00,in my opinion i dont think the author is the asshole if you live in japan you should learn japanese its been 8 years as the author stated that is ample time to learn it offhand just by having conversations ,1.0,2,0.333333333,6,in my opinion i dont think the author is the asshole. if you live in japan you should learn japanese. its been 8 years as the author stated. that is ample time to learn it offhand just by having conversations. ,5,40,206,1,2.375214398341669,0.8625262778675628,0.02,0.0,0.0,0.02,0.0,0.0,0.0,0.0,0.01,0.0,0.0,0.01,0.01,0.0,0.0,0.0,0.0,0.0,0.0,0.0,0.0,0.030000000000000002,0.0,0.04,0.01,0.01,0.04,0.0,0.0,0.0,0.030000000000000002,0.030000000000000002,0.0,0.02,0.0,0.0,0.01,0.02,0.0,0.02,0.02,0.06999999999999999,0.0,0.030000000000000002,0.01,0.060000000000000005,0.06999999999999999,0.05,0.0,0.0,0.02,0.01,0.02,0.22,0.0,0,0,0.825,0.05,3,0.00015518311607697082,0,0.25,0.06818181818181818,2.37875,easy,0.37,0,0,1,0,1,0,0,0,0,0,1,0,1,0,0,0,0,1,0,0,0
165,83,1,5d482eab21c9be351f7641e1,2020-04-28 16:46:21.488000+00:00,i agree he needs some compassion,1.0,2,0.333333333,6,i agree he needs some compassion!,6,6,32,1,-0.8570792809108222,-0.9753401453369959,0.01,0.0,0.0,0.0,0.0,0.0,0.0,0.0,0.0,0.0,0.01,0.0,0.0,0.0,0.0,0.0,0.0,0.0,0.0,0.01,0.02,0.0,0.0,0.01,0.0,0.0,0.0,0.0,0.0,0.0,0.02,0.0,0.0,0.0,0.0,0.0,0.0,0.01,0.0,0.01,0.0,0.01,0.0,0.0,0.0,0.0,0.02,0.0,0.0,0.0,0.0,0.01,0.01,0.03,0.0,0,0,1.0,0.16666666666666666,0,0.00015518311607697082,0,0.0,0.0,0.2976,easy,0.51,0,0,0,0,0,0,0,0,0,0,0,1,0,0,0,0,0,1,0,0,0
165,83,1,5d482eab21c9be351f763fcb,2020-04-28 16:46:33.981000+00:00,even though i could imaging that it is hard to always be a translator it is also insensitive to put someone down for not wanting to learn another language learning languages is hard and its not right to pressure someone to do so,1.0,2,0.333333333,6,"even though i could imaging that it is hard to always be a translator, it is also insensitive to put someone down for not wanting to learn another language. learning languages is hard, and its not right to pressure someone to do so.",7,43,228,1,2.7670075715843954,1.0852979655287214,0.019999999999999997,0.0,0.0,0.039999999999999994,0.009999999999999998,0.009999999999999998,0.0,0.0,0.039999999999999994,0.009999999999999998,0.0,0.019999999999999997,0.0,0.0,0.0,0.0,0.0,0.0,0.0,0.0,0.0,0.029999999999999995,0.0,0.039999999999999994,0.0,0.0,0.039999999999999994,0.0,0.0,0.0,0.039999999999999994,0.05999999999999999,0.0,0.019999999999999997,0.0,0.0,0.0,0.009999999999999998,0.019999999999999997,0.019999999999999997,0.019999999999999997,0.05999999999999999,0.0,0.009999999999999998,0.019999999999999997,0.05999999999999999,0.10999999999999999,0.06999999999999999,0.0,0.019999999999999997,0.0,0.019999999999999997,0.009999999999999998,0.21999999999999997,0.0,0,0,0.7674418604651163,0.023255813953488372,0,0.00015518311607697082,0,0.47698412698412695,-0.22043650793650793,2.5000093023255814,easy,12.493,0,0,0,0,0,0,0,0,0,0,1,0,0,0,0,0,0,1,1,0,0
165,83,1,5ea7a36021028d2296a4d669,2020-04-28 16:46:40.667000+00:00,its a lot more difficult for older people to learn a foreign language he should recognize that his ability to pick up spanish is indeed a privilege and shouldnt expect that of other people,1.0,2,0.333333333,6,it's a lot more difficult for older people to learn a foreign language. he should recognize that his ability to pick up spanish is indeed a privilege and shouldn't expect that of other people.,8,34,188,1,1.983421225098943,0.6397545902064041,0.029999999999999995,0.0,0.0,0.009999999999999998,0.009999999999999998,0.009999999999999998,0.0,0.009999999999999998,0.0,0.0,0.019999999999999997,0.009999999999999998,0.0,0.0,0.0,0.0,0.0,0.0,0.009999999999999998,0.019999999999999997,0.009999999999999998,0.019999999999999997,0.019999999999999997,0.009999999999999998,0.019999999999999997,0.0,0.019999999999999997,0.0,0.0,0.0,0.049999999999999996,0.039999999999999994,0.0,0.009999999999999998,0.0,0.009999999999999998,0.0,0.0,0.0,0.009999999999999998,0.0,0.029999999999999995,0.0,0.029999999999999995,0.009999999999999998,0.029999999999999995,0.09,0.049999999999999996,0.0,0.0,0.0,0.039999999999999994,0.0,0.18,0.0,0,0,0.8529411764705882,0.0,11,0.0023903597391452106,0,0.38888888888888884,-0.01388888888888889,1.6864,easy,6.686,0,0,1,0,0,0,0,0,0,0,0,0,0,0,0,0,0,1,1,0,0
165,83,1,5ea734163ecdad5547202554,2020-04-28 16:46:43.188000+00:00,japan is an example i know they live in california,1.0,2,0.333333333,6,japan is an example i know they live in california,9,10,50,1,-0.4652861076680959,-0.7525684576758372,0.0,0.0,0.0,0.0,0.0,0.0,0.0,0.0,0.0,0.0,0.0,0.0,0.0,0.0,0.0,0.0,0.0,0.0,0.0,0.01,0.0,0.01,0.0,0.02,0.0,0.0,0.01,0.0,0.0,0.0,0.01,0.0,0.0,0.0,0.0,0.0,0.0,0.01,0.0,0.0,0.0,0.02,0.0,0.01,0.0,0.01,0.01,0.01,0.0,0.0,0.0,0.0,0.01,0.05,0.0,0,0,1.0,0.1,1,0.0,0,0.5,0.13636363636363635,0.496,easy,2.521,0,0,0,0,0,0,0,0,0,0,1,0,0,0,0,0,0,0,0,0,0
165,83,1,5d482ea821c9be351f763420,2020-04-28 16:46:45.307000+00:00,marriage is about compromise he should just do it for his wife if for no other reason,1.0,2,0.333333333,6,marriage is about compromise. he should just do it for his wife if for no other reason.,10,17,85,1,0.31830023881735653,-0.30702508235352,0.02,0.0,0.0,0.01,0.0,0.0,0.0,0.0,0.02,0.0,0.02,0.01,0.0,0.0,0.0,0.0,0.0,0.01,0.0,0.0,0.0,0.01,0.0,0.02,0.01,0.0,0.0,0.0,0.0,0.0,0.04,0.02,0.0,0.0,0.0,0.01,0.0,0.0,0.0,0.01,0.02,0.03,0.0,0.0,0.02,0.03,0.04,0.03,0.0,0.0,0.0,0.0,0.0,0.13,0.0,0,0,0.9411764705882353,0.0,1,0.0,0,0.375,0.0625,0.8432,easy,2.119,0,0,1,0,0,0,0,0,0,0,0,0,0,0,0,0,0,0,0,0,0
166,83,3,5ea734163ecdad5547202554,2020-04-28 17:15:26.408000+00:00,ok so in the situation i would say the author is the asshole by how they are handling it and not the action itself to make the husband translate,1.0,2,0.5,4,ok so in the situation i would say the author is the asshole by how they are handling it and not the action itself to make the husband translate.,1,29,144,1,1.3957314652348536,0.6455139244080528,0.009999999999999998,0.009999999999999998,0.0,0.03,0.0,0.009999999999999998,0.0,0.0,0.019999999999999997,0.0,0.0,0.009999999999999998,0.009999999999999998,0.0,0.0,0.0,0.0,0.009999999999999998,0.0,0.0,0.009999999999999998,0.0,0.0,0.03,0.009999999999999998,0.0,0.019999999999999997,0.0,0.0,0.0,0.03,0.019999999999999997,0.0,0.0,0.0,0.019999999999999997,0.009999999999999998,0.009999999999999998,0.0,0.0,0.009999999999999998,0.039999999999999994,0.0,0.05,0.019999999999999997,0.03,0.05,0.03,0.0,0.009999999999999998,0.0,0.0,0.009999999999999998,0.18,0.0,0,0,0.8620689655172413,0.034482758620689655,0,0.0,0,0.3,0.3,1.4384,easy,0.0,0,0,0,0,0,0,0,0,0,0,1,0,0,0,0,0,0,0,0,0,0
166,83,3,5ea6fa96002f966295b2007d,2020-04-28 17:15:47.239000+00:00,i think that having to translate once in a while shouldnt be that big of a deal,1.0,2,0.5,4,i think that having to translate once in a while shouldn't be that big of a deal,2,17,79,1,0.22035194550667497,-0.01634212466855837,0.01,0.0,0.0,0.01,0.0,0.0,0.0,0.0,0.0,0.0,0.0,0.01,0.0,0.0,0.0,0.0,0.0,0.0,0.0,0.0,0.0,0.01,0.0,0.01,0.01,0.0,0.04,0.0,0.0,0.0,0.01,0.02,0.0,0.0,0.0,0.0,0.0,0.01,0.0,0.0,0.0,0.04,0.0,0.02,0.0,0.030000000000000002,0.02,0.030000000000000002,0.0,0.0,0.0,0.02,0.01,0.12000000000000001,0.0,0,0,0.8823529411764706,0.058823529411764705,2,0.003053733840714652,0,0.1,0.0,0.8432,easy,20.831,0,0,1,0,1,0,0,0,0,0,0,1,0,0,0,0,0,0,0,0,0
166,83,3,5d482eab21c9be351f763fcb,2020-04-28 17:16:03.791000+00:00,i think the author is an asshole for always nagging her husband to translate things and making him drop everything he is doing to do so it is selfish and annoying,1.0,2,0.5,4,i think the author is an asshole for always nagging her husband to translate things and making him drop everything he is doing to do so. it is selfish and annoying.,3,31,162,1,1.5916280518562167,0.7558232659208213,0.0,0.0,0.0,0.03,0.02,0.02,0.0,0.0,0.01,0.0,0.03,0.0,0.01,0.0,0.0,0.0,0.0,0.01,0.01,0.0,0.0,0.01,0.0,0.05,0.0,0.0,0.02,0.0,0.0,0.0,0.05,0.03,0.0,0.0,0.0,0.01,0.03,0.01,0.0,0.0,0.0,0.06,0.0,0.02,0.03,0.05,0.06,0.03,0.0,0.0,0.0,0.0,0.01,0.18,0.0,0,0,0.8709677419354839,0.03225806451612903,2,0.003402165896463781,0,0.95,-0.65,1.5375999999999999,easy,16.552,0,0,1,0,1,0,0,0,0,0,0,1,0,0,0,0,0,0,1,0,0
166,83,3,5d482ea821c9be351f763420,2020-04-28 17:16:16.101000+00:00,the husband has more free time the husband is part of the family the husband needs to be supportive of his wife and her family since it is not a huge time requirement ,1.0,2,0.5,4,the husband has more free time. the husband is part of the family. the husband needs to be supportive of his wife and her family since it is not a huge time requirement. ,4,33,167,1,1.8854729317882615,0.921287278189974,0.01,0.0,0.02,0.01,0.0,0.01,0.0,0.01,0.0,0.0,0.02,0.01,0.0,0.0,0.0,0.0,0.0,0.06,0.0,0.02,0.02,0.0,0.0,0.04,0.0,0.0,0.03,0.0,0.01,0.0,0.08,0.01,0.0,0.01,0.01,0.01,0.0,0.0,0.0,0.0,0.01,0.049999999999999996,0.0,0.049999999999999996,0.01,0.04,0.049999999999999996,0.04,0.0,0.0,0.0,0.03,0.0,0.18,0.0,0,0,0.7272727272727273,0.0,10,0.002183406113537118,0,0.7999999999999999,0.3,1.6368,easy,12.31,0,0,0,0,0,0,0,0,0,0,0,0,0,0,0,0,0,1,0,0,0
166,83,3,5ea6fa96002f966295b2007d,2020-04-28 17:16:16.567000+00:00,exactly,1.0,2,0.5,4,exactly,5,1,7,1,-1.2488724541535483,-0.8436621860143223,0.0,0.0,0.0,0.0,0.01,0.0,0.0,0.0,0.0,0.0,0.0,0.0,0.0,0.0,0.0,0.0,0.0,0.0,0.0,0.0,0.0,0.0,0.0,0.0,0.0,0.0,0.0,0.0,0.0,0.0,0.0,0.0,0.0,0.0,0.0,0.0,0.0,0.0,0.0,0.0,0.0,0.0,0.0,0.0,0.0,0.0,0.01,0.0,0.0,0.0,0.0,0.0,0.0,0.0,0.0,0,0,1.0,0.0,0,0.0,0,0.25,0.25,0.0496,easy,0.466,0,0,0,0,0,0,0,0,0,0,0,0,0,0,0,0,0,0,0,0,0
166,83,3,5ea7a36021028d2296a4d669,2020-04-28 17:16:28.346000+00:00,if the man married the woman then he agreed to support her this is simply one of the areas that the wife feels that she needs support it is his responsibility to help although i dont understand one part if the wife is saying that its not that big of a time commitment then why cant she do it i understand that shes more busy than the husband but if its only 10 minutes then why cant she do it,1.0,2,0.5,4,"if the man married the woman, then he agreed to support her. this is simply one of the areas that the wife feels that she needs support. it is his responsibility to help. although i don't understand one part. if the wife is saying that it's not that big of a time commitment, then why can't she do it? i understand that she's more busy than the husband, but if it's only 10 minutes then why can't she do it?",6,80,392,1,6.293146130768932,3.4032474622272657,0.039999999999999994,0.009999999999999998,0.0,0.07999999999999999,0.009999999999999998,0.0,0.0,0.009999999999999998,0.019999999999999997,0.0,0.06999999999999999,0.039999999999999994,0.0,0.0,0.0,0.0,0.0,0.039999999999999994,0.0,0.019999999999999997,0.039999999999999994,0.03,0.019999999999999997,0.15,0.0,0.0,0.07999999999999999,0.0,0.009999999999999998,0.0,0.15,0.11,0.0,0.019999999999999997,0.0,0.019999999999999997,0.0,0.019999999999999997,0.009999999999999998,0.03,0.05,0.15,0.0,0.06999999999999999,0.009999999999999998,0.09,0.13,0.05,0.0,0.019999999999999997,0.0,0.039999999999999994,0.019999999999999997,0.48,0.0,2,0,0.625,0.025,0,0.0,0,0.41785714285714287,0.14166666666666666,4.165375,easy,11.779,0,0,1,0,1,0,0,0,0,0,1,0,0,0,0,0,0,1,0,0,0
166,83,3,5ea734163ecdad5547202554,2020-04-28 17:17:05.182000+00:00,saying using rosetta stone or duolingo is a privilege is wrong because duolingo is free also i think its hypocritical of the author to say he should step up to the plate for 10 minutes why cant she everybody has 10 minutes in a day,1.0,2,0.5,4,saying using rosetta stone or duolingo is a privilege is wrong because duolingo is free. also i think it's hypocritical of the author to say he should step up to the plate for 10 minutes why cant she? everybody has 10 minutes in a day,7,45,231,1,2.9629041582057587,1.5279886565102008,0.01,0.02,0.0,0.030000000000000002,0.01,0.0,0.0,0.0,0.01,0.0,0.02,0.01,0.0,0.0,0.0,0.0,0.0,0.0,0.01,0.0,0.02,0.01,0.0,0.07,0.01,0.0,0.060000000000000005,0.0,0.0,0.0,0.049999999999999996,0.02,0.0,0.0,0.01,0.030000000000000002,0.0,0.01,0.0,0.01,0.01,0.08,0.0,0.04,0.01,0.060000000000000005,0.07,0.060000000000000005,0.0,0.02,0.0,0.04,0.01,0.22,0.0,1,0,0.8222222222222222,0.022222222222222223,15,0.07564966129511891,0,0.8500000000000001,-0.04999999999999999,2.582888888888889,easy,36.836,0,0,1,0,1,0,0,0,0,0,1,0,0,0,0,0,0,1,1,0,0
167,84,1,5ea1d1a6de5d74641b671766,2020-04-28 23:09:37.723000+00:00,she could have said it differently,0.5,1,0.166666667,6,she could have said it differently,1,6,34,1,-0.7591309876001406,-0.8338257949425398,0.01,0.01,0.0,0.0,0.0,0.0,0.0,0.0,0.0,0.0,0.01,0.0,0.0,0.0,0.0,0.0,0.0,0.0,0.0,0.0,0.0,0.0,0.0,0.01,0.0,0.01,0.0,0.0,0.0,0.0,0.02,0.01,0.0,0.0,0.0,0.0,0.0,0.0,0.0,0.0,0.0,0.030000000000000006,0.0,0.0,0.0,0.02,0.01,0.0,0.0,0.01,0.0,0.0,0.0,0.030000000000000006,0.0,0,0,1.0,0.0,0,0.0,0,0.6,0.0,0.2976,easy,0.0,0,0,0,0,0,0,0,0,0,0,0,0,0,0,0,0,0,0,0,0,0
167,84,1,5ea872727d50722703c521d8,2020-04-28 23:09:54.013000+00:00,yes she could have approached it a different way,0.5,1,0.166666667,6,yes she could have approached it a different way.,2,9,48,1,-0.4652861076680959,-0.5903730080980026,0.009999999999999998,0.0,0.0,0.0,0.0,0.0,0.0,0.0,0.0,0.0,0.009999999999999998,0.0,0.0,0.0,0.0,0.0,0.0,0.0,0.0,0.0,0.0,0.0,0.0,0.009999999999999998,0.0,0.0,0.009999999999999998,0.0,0.0,0.0,0.009999999999999998,0.009999999999999998,0.0,0.0,0.0,0.0,0.0,0.0,0.0,0.0,0.0,0.019999999999999997,0.0,0.009999999999999998,0.009999999999999998,0.019999999999999997,0.009999999999999998,0.0,0.0,0.0,0.0,0.009999999999999998,0.0,0.039999999999999994,0.0,0,0,1.0,0.0,4,0.0,0,0.6,0.0,0.44639999999999996,easy,16.29,0,0,0,0,0,0,0,0,0,0,0,0,0,0,0,0,0,0,0,0,0
167,84,1,5d482eaa21c9be351f763987,2020-04-28 23:10:13.903000+00:00,i think she has a right to be shown respect because its her house,0.5,1,0.166666667,6,i think she has a right to be shown respect because it's her house.,3,14,65,1,-0.07349293442536971,-0.26576929230528634,0.0,0.0,0.01,0.01,0.0,0.0,0.0,0.0,0.0,0.0,0.02,0.0,0.0,0.0,0.0,0.0,0.0,0.0,0.0,0.0,0.01,0.01,0.0,0.02,0.0,0.0,0.01,0.0,0.0,0.0,0.02,0.01,0.0,0.0,0.0,0.01,0.0,0.01,0.0,0.0,0.0,0.030000000000000002,0.0,0.01,0.01,0.02,0.02,0.01,0.0,0.0,0.0,0.030000000000000002,0.01,0.09000000000000001,0.0,0,0,1.0,0.07142857142857142,2,0.0,0,0.5357142857142857,0.2857142857142857,0.6944,easy,19.89,0,0,1,0,1,0,0,0,0,0,0,1,0,0,0,0,0,1,0,0,0
167,84,1,5ea872727d50722703c521d8,2020-04-28 23:10:15.793000+00:00,instead of stopping them in the middle of the conversation why could she just not talk to the son in private,0.5,1,0.166666667,6,instead of stopping them in the middle of the conversation why could she just not talk to the son in private,4,21,108,1,0.7100934120600827,0.38343813928014625,0.01,0.0,0.0,0.0,0.0,0.0,0.0,0.0,0.02,0.0,0.01,0.01,0.0,0.0,0.0,0.0,0.0,0.01,0.0,0.0,0.0,0.0,0.0,0.0,0.0,0.0,0.04,0.0,0.01,0.0,0.06,0.0,0.0,0.0,0.0,0.01,0.0,0.0,0.0,0.0,0.02,0.01,0.0,0.03,0.01,0.01,0.05,0.05,0.0,0.0,0.0,0.0,0.0,0.13,0.0,0,0,0.8095238095238095,0.0,2,0.0,0,0.1875,0.0,1.793504761904762,easy,1.89,0,0,0,0,0,0,0,0,0,0,0,0,0,0,0,0,0,0,0,0,0
167,84,1,5ea884567d50722703c53c2a,2020-04-28 23:10:19.305000+00:00,it is embarrassing to be in a room and not speak language,0.5,1,0.166666667,6,it is embarrassing to be in a room and not speak language,5,12,57,1,-0.17144122773605125,-0.34692022125346544,0.0,0.009999999999999998,0.009999999999999998,0.009999999999999998,0.0,0.009999999999999998,0.0,0.0,0.0,0.009999999999999998,0.0,0.009999999999999998,0.0,0.0,0.0,0.0,0.0,0.0,0.009999999999999998,0.0,0.0,0.0,0.0,0.009999999999999998,0.0,0.0,0.019999999999999997,0.0,0.0,0.0,0.019999999999999997,0.009999999999999998,0.0,0.0,0.0,0.0,0.0,0.0,0.0,0.0,0.009999999999999998,0.019999999999999997,0.0,0.009999999999999998,0.009999999999999998,0.019999999999999997,0.019999999999999997,0.019999999999999997,0.0,0.009999999999999998,0.0,0.009999999999999998,0.0,0.07999999999999999,0.0,0,0,1.0,0.0,3,0.0,0,0.0,0.0,5.547533333333333,medium,3.512,0,0,0,0,0,0,0,0,0,0,0,0,0,0,0,0,0,0,1,0,0
167,84,1,5ea7893e21028d2296a48cbe,2020-04-28 23:10:20.963000+00:00,she may be assuming his english is better than it actually is but my initial impression is they should not be having full conversations in front of her  that leaves her out and is rude,0.5,1,0.166666667,6,"she may be assuming his english is better than it actually is, but my initial impression is, they should not be having full conversations in front of her.  that leaves her out and is rude.",6,35,184,1,1.983421225098943,1.4384002156064741,0.01,0.0,0.0,0.02,0.0,0.02,0.0,0.01,0.01,0.0,0.04,0.01,0.0,0.0,0.0,0.0,0.0,0.0,0.01,0.01,0.02,0.01,0.0,0.04,0.02,0.0,0.06,0.0,0.0,0.0,0.06,0.02,0.0,0.0,0.0,0.0,0.01,0.01,0.0,0.02,0.02,0.09000000000000001,0.0,0.0,0.03,0.09000000000000001,0.07,0.04,0.0,0.0,0.0,0.01,0.01,0.23,0.0,0,0,0.8571428571428571,0.02857142857142857,10,0.0,0,0.2916666666666667,0.09166666666666667,2.1871428571428573,easy,1.658,0,0,1,0,0,1,0,0,0,0,1,0,0,0,0,0,0,1,1,0,0
167,84,1,5d482ea721c9be351f763016,2020-04-28 23:10:21.463000+00:00,my initial impression was the the author was the asshole this was because she couldve said it differently or she couldve asked if the partner was uncomfortable or shy about speaking english in front of them,0.5,1,0.166666667,6,my initial impression was the the author was the asshole. this was because she could've said it differently. or she could've asked if the partner was uncomfortable or shy about speaking english in front of them,7,36,206,1,2.1793178117203063,1.6007020735028323,0.030000000000000002,0.02,0.0,0.04,0.0,0.0,0.0,0.0,0.01,0.02,0.02,0.0,0.01,0.0,0.0,0.0,0.0,0.0,0.01,0.0,0.01,0.0,0.01,0.0,0.02,0.08,0.030000000000000002,0.0,0.0,0.0,0.06999999999999999,0.02,0.0,0.0,0.0,0.01,0.01,0.01,0.0,0.030000000000000002,0.030000000000000002,0.08,0.01,0.04,0.01,0.060000000000000005,0.060000000000000005,0.030000000000000002,0.0,0.02,0.0,0.0,0.01,0.21,0.0,0,0,0.75,0.0,6,0.0373805532858959,0,0.42000000000000004,-0.2,2.224211111111111,easy,0.5,0,0,0,0,0,0,0,0,0,0,0,1,0,0,0,0,0,0,1,0,0
167,84,1,5ea1d1a6de5d74641b671766,2020-04-28 23:10:22.551000+00:00,i dont think they were disrespectful she couldve asked them to teach her or she couldve make a lighthearted joke,0.5,1,0.166666667,6,"i dont think they were disrespectful she couldve asked them to teach her, or she couldve make a lighthearted joke",8,20,112,1,0.5141968254387196,0.2211362813837881,0.02,0.0,0.0,0.01,0.0,0.0,0.0,0.0,0.0,0.0,0.030000000000000002,0.01,0.0,0.0,0.0,0.0,0.0,0.0,0.0,0.0,0.01,0.01,0.0,0.030000000000000002,0.02,0.04,0.0,0.0,0.0,0.0,0.060000000000000005,0.0,0.0,0.01,0.0,0.01,0.0,0.01,0.0,0.01,0.01,0.07,0.0,0.01,0.0,0.04,0.05,0.01,0.0,0.0,0.0,0.01,0.01,0.1,0.0,0,0,0.9,0.05,4,0.041945445187853835,0,0.0,0.0,0.992,easy,1.088,0,0,1,0,1,0,0,0,0,0,0,1,0,0,0,0,0,0,1,0,0
167,84,1,5ea884567d50722703c53c2a,2020-04-28 23:10:56.516000+00:00,i dont think they meant to be disrespectful but was embarrassing,0.5,1,0.166666667,6,i don't think they meant to be disrespectful but was embarrassing.,9,11,64,1,-0.36733781435741436,-0.5092220791498235,0.0,0.0,0.0,0.01,0.0,0.0,0.0,0.0,0.0,0.01,0.0,0.01,0.0,0.0,0.0,0.0,0.0,0.0,0.01,0.0,0.0,0.02,0.0,0.02,0.0,0.02,0.0,0.0,0.0,0.0,0.01,0.0,0.0,0.0,0.0,0.0,0.0,0.01,0.0,0.0,0.01,0.05,0.0,0.0,0.01,0.03,0.03,0.01,0.0,0.0,0.0,0.0,0.01,0.06,0.0,0,0,1.0,0.09090909090909091,3,0.005938397780521752,0,0.0,0.0,5.617554545454546,medium,33.965,0,0,1,0,1,0,0,0,0,0,0,1,0,0,0,0,0,0,1,0,0
167,84,1,5ea872727d50722703c521d8,2020-04-28 23:11:11.551000+00:00,is it polite to sit there and have a conversation like that when someone else is around probably not but its more rude to interrupt and try to call them out like that,0.5,1,0.166666667,6,is it polite to sit there and have a conversation like that when someone else is around? probably not. but it's more rude to interrupt and try to call them out like that,10,33,166,1,1.8854729317882615,1.357249286658295,0.0,0.0,0.0,0.04,0.0,0.04,0.0,0.01,0.04,0.0,0.0,0.01,0.0,0.0,0.0,0.0,0.0,0.0,0.02,0.02,0.02,0.0,0.0,0.04,0.0,0.0,0.04,0.0,0.0,0.0,0.049999999999999996,0.049999999999999996,0.0,0.0,0.0,0.0,0.02,0.0,0.0,0.02,0.02,0.04,0.0,0.01,0.03,0.03,0.08,0.049999999999999996,0.0,0.0,0.0,0.04,0.0,0.19999999999999998,0.01,1,0,0.8181818181818182,0.0,4,0.0,1,0.55,0.1,2.1152848484848485,easy,15.035,0,0,1,0,0,0,0,0,0,0,0,0,0,0,0,0,0,1,1,0,0
168,84,2,5ea7893e21028d2296a48cbe,2020-04-28 23:24:56.858000+00:00,taking into consideration everything in the article she could have told her mom in advance why shed be speaking in german and how her husband felt maybe then her mom would understand  and if not she could always translate for her mom,1.0,0,0.0,7,"taking into consideration everything in the article, she could have told her mom in advance why she'd be speaking in german, and how her husband felt. maybe then her mom would understand.  and if not she could always translate for her mom.",1,42,233,1,2.7670075715843954,2.063390707510808,0.04,0.01,0.0,0.05,0.02,0.030000000000000002,0.0,0.01,0.02,0.0,0.060000000000000005,0.01,0.0,0.0,0.0,0.0,0.0,0.04,0.0,0.0,0.0,0.02,0.0,0.030000000000000002,0.01,0.02,0.07,0.0,0.0,0.0,0.13,0.01,0.0,0.0,0.0,0.02,0.0,0.0,0.01,0.02,0.02,0.09000000000000001,0.0,0.01,0.02,0.05,0.15,0.05,0.0,0.02,0.0,0.0,0.0,0.21000000000000002,0.01,0,0,0.7619047619047619,0.0,0,0.0,1,0.0,0.0,2.4591523809523808,easy,0.0,0,0,1,0,1,0,0,0,0,0,0,0,0,0,0,0,0,0,0,0,0
168,84,2,5d482ea721c9be351f763016,2020-04-28 23:25:07.967000+00:00,this was really tricky for me because i could see both sides i felt like they all just needed to sit down before the visit and have a long talk and each side compromise a little,1.0,0,0.0,7,this was really tricky for me because i could see both sides. i felt like they all just needed to sit down before the visit and have a long talk and each side compromise a little.,2,36,177,1,1.8854729317882615,1.266476481072954,0.02,0.0,0.0,0.03,0.01,0.04,0.0,0.0,0.02,0.0,0.0,0.0,0.0,0.0,0.0,0.01,0.0,0.0,0.0,0.02,0.01,0.01,0.0,0.02,0.0,0.03,0.09000000000000001,0.0,0.0,0.0,0.03,0.01,0.0,0.0,0.0,0.01,0.01,0.03,0.01,0.0,0.02,0.06,0.0,0.03,0.05,0.03,0.11,0.04,0.0,0.02,0.0,0.03,0.03,0.21000000000000002,0.01,0,0,0.9166666666666666,0.08333333333333333,6,0.008928571428571428,1,0.3472222222222222,-0.0482638888888889,1.7855999999999999,easy,11.109,0,0,1,0,1,1,0,0,0,0,1,0,0,0,0,0,0,1,1,0,0
168,84,2,5ea1d1a6de5d74641b671766,2020-04-28 23:25:09.951000+00:00,i think she has good ntentions but her impact is bad shes  ta not bc she speaks german too but because she intentionall excludeds her mom she could speak both when at her moms,1.0,0,0.0,7,"i think she has good ntentions, but her impact is bad. shes  ta not bc she speaks german too, but because she intentionall excludeds her mom she could speak both when at her moms.",3,34,175,1,1.8854729317882615,1.266476481072954,0.01,0.02,0.0,0.04,0.0,0.01,0.0,0.0,0.02,0.0,0.08,0.01,0.0,0.0,0.0,0.0,0.0,0.02,0.0,0.01,0.01,0.01,0.0,0.04,0.0,0.0,0.030000000000000002,0.0,0.0,0.0,0.12000000000000001,0.0,0.0,0.0,0.0,0.02,0.0,0.01,0.0,0.0,0.04,0.049999999999999996,0.0,0.0,0.030000000000000002,0.04,0.09,0.01,0.0,0.02,0.0,0.01,0.01,0.18,0.0,0,0,0.8235294117647058,0.029411764705882353,2,0.0023243805130400944,0,0.4222222222222222,3.700743415417188e-17,2.150811764705882,easy,1.984,0,0,1,0,1,0,0,0,0,0,0,1,0,0,0,0,0,1,1,0,0
168,84,2,5ea872727d50722703c521d8,2020-04-28 23:25:17.972000+00:00,my opinion is that if the mother is hosting them and providing meals they should have made the conscious effort to include the mother more in the conversation ,1.0,0,0.0,7,"my opinion is that if the mother is hosting them and providing meals, they should have made the conscious effort to include the mother more in the conversation. ",4,28,159,1,1.3957314652348536,0.823746355274146,0.02,0.0,0.0,0.02,0.0,0.02,0.01,0.01,0.0,0.0,0.0,0.0,0.0,0.0,0.0,0.0,0.0,0.02,0.0,0.01,0.0,0.01,0.0,0.03,0.01,0.01,0.01,0.0,0.0,0.0,0.05,0.01,0.0,0.0,0.0,0.01,0.0,0.01,0.0,0.02,0.01,0.05,0.0,0.04,0.01,0.04,0.06999999999999999,0.02,0.0,0.0,0.0,0.0,0.01,0.17,0.0,0,0,0.8214285714285714,0.0,2,0.0,0,0.5,0.3,1.9527285714285716,easy,8.021,0,0,1,0,0,0,0,0,0,0,0,1,0,0,0,0,0,0,0,0,0
168,84,2,5ea1d1a6de5d74641b671766,2020-04-28 23:25:27.286000+00:00,a way to collaborate instead of compromise,1.0,0,0.0,7,a way to collaborate instead of compromise,5,7,42,1,-0.6611826942894591,-1.0357201730808476,0.0,0.0,0.0,0.0,0.0,0.0,0.0,0.0,0.009999999999999998,0.0,0.0,0.0,0.0,0.0,0.0,0.0,0.0,0.0,0.0,0.0,0.0,0.0,0.0,0.0,0.0,0.0,0.009999999999999998,0.0,0.0,0.0,0.0,0.0,0.0,0.009999999999999998,0.0,0.0,0.0,0.0,0.0,0.0,0.0,0.0,0.0,0.009999999999999998,0.0,0.0,0.0,0.019999999999999997,0.0,0.0,0.0,0.009999999999999998,0.0,0.03,0.0,0,0,1.0,0.0,1,0.0,0,0.0,0.0,6.239414285714286,difficult,9.314,0,0,0,0,0,0,0,0,0,0,0,0,0,0,0,0,0,0,0,0,0
168,84,2,5d482eaa21c9be351f763987,2020-04-28 23:25:27.744000+00:00,i think this person is an asshole because the mother is letting them stay at her house and is feeding them too and i dont understand why he has to choose between making his mother or husband comfortable,1.0,0,0.0,7,i think this person is an asshole because the mother is letting them stay at her house and is feeding them too and i don't understand why he has to choose between making his mother or husband comfortable.,6,38,202,1,2.1793178117203063,1.5321145565522387,0.0,0.0,0.01,0.04,0.0,0.02,0.01,0.0,0.01,0.0,0.03,0.01,0.01,0.0,0.0,0.0,0.0,0.03,0.0,0.0,0.01,0.03,0.01,0.07,0.0,0.0,0.02,0.0,0.0,0.0,0.09,0.01,0.0,0.0,0.0,0.03,0.01,0.02,0.0,0.01,0.01,0.07,0.0,0.02,0.03,0.05,0.09,0.03,0.0,0.0,0.0,0.01,0.02,0.23,0.0,0,0,0.8421052631578947,0.05263157894736842,1,0.0,0,0.8,0.4,1.8848,easy,0.458,0,0,1,0,1,0,0,0,0,0,1,1,0,0,0,0,0,1,0,0,0
168,84,2,5ea7893e21028d2296a48cbe,2020-04-28 23:25:52.707000+00:00,that is true and itd be a great opportunity for him to further refine learning english,1.0,0,0.0,7,"that is true, and it'd be a great opportunity for him to further refine learning english",7,16,86,1,0.22035194550667497,-0.2388059466429933,0.0,0.0,0.0,0.01,0.01,0.01,0.0,0.01,0.0,0.0,0.01,0.0,0.0,0.0,0.0,0.0,0.0,0.0,0.0,0.0,0.03,0.01,0.0,0.01,0.0,0.0,0.01,0.0,0.0,0.0,0.01,0.02,0.0,0.01,0.0,0.0,0.0,0.0,0.0,0.0,0.0,0.03,0.0,0.01,0.01,0.03,0.03,0.02,0.0,0.0,0.0,0.03,0.0,0.09,0.0,0,0,1.0,0.0,3,0.0,0,0.475,0.2875,5.416975,medium,24.963,0,0,0,0,0,0,0,0,0,0,0,0,0,0,0,0,0,1,0,0,0
168,84,2,5ea1d1a6de5d74641b671766,2020-04-28 23:25:59.014000+00:00,i see no reason why not to speak both why does it have to be one or the other i agree with cur,1.0,0,0.0,7,"i see no reason why not to speak both, why does it have to be one or the other i agree with cur",8,23,94,1,0.7100934120600827,0.20392417915581473,0.0,0.009999999999999998,0.0,0.009999999999999998,0.0,0.019999999999999997,0.0,0.0,0.0,0.0,0.0,0.019999999999999997,0.0,0.0,0.0,0.009999999999999998,0.0,0.0,0.0,0.009999999999999998,0.009999999999999998,0.009999999999999998,0.0,0.029999999999999995,0.0,0.0,0.009999999999999998,0.0,0.0,0.0,0.009999999999999998,0.019999999999999997,0.0,0.0,0.0,0.029999999999999995,0.0,0.019999999999999997,0.0,0.009999999999999998,0.019999999999999997,0.039999999999999994,0.0,0.009999999999999998,0.009999999999999998,0.029999999999999995,0.06999999999999999,0.029999999999999995,0.0,0.019999999999999997,0.0,0.0,0.019999999999999997,0.17,0.0,0,0,0.8695652173913043,0.08695652173913043,3,0.0,0,0.375,-0.125,1.1408,easy,6.307,0,0,0,0,0,0,0,0,0,0,1,1,0,0,0,0,0,0,0,0,0
168,84,2,5ea7893e21028d2296a48cbe,2020-04-28 23:26:13.408000+00:00,which if they live part time in the us and part time in germany hell have to learn anyway,1.0,0,0.0,7,"which if they live part time in the us and part time in germany, he'll have to learn anyway",9,19,89,1,0.5141968254387196,0.02683212883629153,0.01,0.0,0.0,0.02,0.0,0.01,0.0,0.0,0.01,0.0,0.0,0.0,0.01,0.0,0.0,0.0,0.0,0.0,0.0,0.02,0.0,0.01,0.0,0.01,0.0,0.0,0.04,0.0,0.0,0.0,0.02,0.01,0.01,0.01,0.0,0.0,0.01,0.0,0.0,0.01,0.01,0.01,0.0,0.01,0.01,0.01,0.03,0.03,0.01,0.0,0.0,0.0,0.0,0.09,0.0,1,0,0.8421052631578947,0.0,3,0.0,0,0.5,0.13636363636363635,0.9424,easy,14.394,0,0,0,0,0,0,0,0,0,1,0,0,0,0,0,0,0,0,1,0,0
169,85,2,5d482ea821c9be351f763240,2020-04-28 23:30:54.791000+00:00,hi,0.666666667,1,0.166666667,6,hi,1,1,2,1,-1.2488724541535483,-1.1278039819156924,0.0,0.0,0.0,0.0,0.0,0.0,0.0,0.0,0.0,0.0,0.0,0.0,0.0,0.0,0.0,0.0,0.0,0.0,0.0,0.0,0.0,0.0,0.0,0.0,0.0,0.0,0.0,0.0,0.0,0.0,0.01,0.0,0.0,0.0,0.0,0.0,0.0,0.0,0.0,0.0,0.0,0.0,0.0,0.0,0.0,0.0,0.0,0.0,0.0,0.0,0.0,0.0,0.0,0.0,0.0,0,0,1.0,0.0,0,0.0,0,0.0,0.0,0.0496,easy,0.0,0,0,0,0,0,0,0,0,0,0,0,0,0,0,1,0,0,0,0,0,0
169,85,2,5d482ea721c9be351f762c0a,2020-04-28 23:30:58.987000+00:00,hi,0.666666667,1,0.166666667,6,hi,2,1,2,1,-1.2488724541535483,-1.1278039819156924,0.0,0.0,0.0,0.0,0.0,0.0,0.0,0.0,0.0,0.0,0.0,0.0,0.0,0.0,0.0,0.0,0.0,0.0,0.0,0.0,0.0,0.0,0.0,0.0,0.0,0.0,0.0,0.0,0.0,0.0,0.01,0.0,0.0,0.0,0.0,0.0,0.0,0.0,0.0,0.0,0.0,0.0,0.0,0.0,0.0,0.0,0.0,0.0,0.0,0.0,0.0,0.0,0.0,0.0,0.0,0,0,1.0,0.0,1,0.0,0,0.0,0.0,0.0496,easy,4.196,0,0,0,0,0,0,0,0,0,0,0,0,0,0,1,0,0,0,0,0,0
169,85,2,5d482ea521c9be351f762430,2020-04-28 23:31:00.800000+00:00,hi,0.666666667,1,0.166666667,6,hi,3,1,2,1,-1.2488724541535483,-1.1278039819156924,0.0,0.0,0.0,0.0,0.0,0.0,0.0,0.0,0.0,0.0,0.0,0.0,0.0,0.0,0.0,0.0,0.0,0.0,0.0,0.0,0.0,0.0,0.0,0.0,0.0,0.0,0.0,0.0,0.0,0.0,0.01,0.0,0.0,0.0,0.0,0.0,0.0,0.0,0.0,0.0,0.0,0.0,0.0,0.0,0.0,0.0,0.0,0.0,0.0,0.0,0.0,0.0,0.0,0.0,0.0,0,0,1.0,0.0,1,0.0,0,0.0,0.0,0.0496,easy,1.813,0,0,0,0,0,0,0,0,0,0,0,0,0,0,1,0,0,0,0,0,0
169,85,2,5d482ea921c9be351f763684,2020-04-28 23:31:04.174000+00:00,hi,0.666666667,1,0.166666667,6,hi,4,1,2,1,-1.2488724541535483,-1.1278039819156924,0.0,0.0,0.0,0.0,0.0,0.0,0.0,0.0,0.0,0.0,0.0,0.0,0.0,0.0,0.0,0.0,0.0,0.0,0.0,0.0,0.0,0.0,0.0,0.0,0.0,0.0,0.0,0.0,0.0,0.0,0.01,0.0,0.0,0.0,0.0,0.0,0.0,0.0,0.0,0.0,0.0,0.0,0.0,0.0,0.0,0.0,0.0,0.0,0.0,0.0,0.0,0.0,0.0,0.0,0.0,0,0,1.0,0.0,1,0.0,0,0.0,0.0,0.0496,easy,3.374,0,0,0,0,0,0,0,0,0,0,0,0,0,0,1,0,0,0,0,0,0
169,85,2,5d482ea621c9be351f762a8f,2020-04-28 23:31:06.931000+00:00,hi,0.666666667,1,0.166666667,6,hi,5,1,2,1,-1.2488724541535483,-1.1278039819156924,0.0,0.0,0.0,0.0,0.0,0.0,0.0,0.0,0.0,0.0,0.0,0.0,0.0,0.0,0.0,0.0,0.0,0.0,0.0,0.0,0.0,0.0,0.0,0.0,0.0,0.0,0.0,0.0,0.0,0.0,0.01,0.0,0.0,0.0,0.0,0.0,0.0,0.0,0.0,0.0,0.0,0.0,0.0,0.0,0.0,0.0,0.0,0.0,0.0,0.0,0.0,0.0,0.0,0.0,0.0,0,0,1.0,0.0,1,0.0,0,0.0,0.0,0.0496,easy,2.757,0,0,0,0,0,0,0,0,0,0,0,0,0,0,1,0,0,0,0,0,0
169,85,2,5d482ea721c9be351f762e4f,2020-04-28 23:31:09.053000+00:00,definitely not an asshole just caught between a rock and a hard place,0.666666667,1,0.166666667,6,"definitely not an asshole, just caught between a rock and a hard place.",6,13,69,1,-0.07349293442536971,0.2212091411474508,0.0,0.0,0.0,0.01,0.01,0.01,0.0,0.0,0.02,0.0,0.0,0.01,0.01,0.0,0.0,0.0,0.0,0.0,0.0,0.0,0.01,0.0,0.0,0.0,0.0,0.01,0.02,0.0,0.0,0.0,0.0,0.0,0.0,0.0,0.0,0.0,0.01,0.0,0.01,0.0,0.02,0.01,0.0,0.029999999999999995,0.02,0.0,0.04,0.01,0.0,0.01,0.0,0.02,0.0,0.06999999999999999,0.0,0,0,0.9230769230769231,0.0,0,0.0,0,0.5208333333333333,-0.14583333333333334,0.6447999999999999,easy,2.122,0,0,0,0,0,0,0,0,0,0,0,0,0,0,0,0,0,0,1,0,0
169,85,2,5d482ea821c9be351f763240,2020-04-28 23:31:16.987000+00:00,how do yopu think guys,0.666666667,1,0.166666667,6,how do yopu think guys,7,5,22,1,-0.8570792809108222,-0.6781329408946447,0.0,0.0,0.0,0.01,0.0,0.0,0.0,0.0,0.01,0.0,0.0,0.0,0.0,0.0,0.0,0.0,0.0,0.0,0.0,0.0,0.0,0.01,0.01,0.02,0.0,0.0,0.0,0.0,0.0,0.0,0.01,0.0,0.0,0.0,0.0,0.01,0.0,0.0,0.0,0.0,0.0,0.02,0.0,0.0,0.0,0.01,0.02,0.0,0.0,0.0,0.0,0.0,0.0,0.02,0.0,1,0,1.0,0.0,0,0.0,0,0.0,0.0,0.248,easy,7.934,0,0,1,0,1,0,0,0,0,0,0,0,0,0,0,1,0,0,0,0,0
169,85,2,5d482ea721c9be351f762c0a,2020-04-28 23:31:20.562000+00:00,same definitely not an asshole,0.666666667,1,0.166666667,6,"same, definitely not an asshole.",8,5,30,1,-0.8570792809108222,-0.6781329408946447,0.0,0.0,0.0,0.0,0.01,0.0,0.0,0.0,0.01,0.0,0.0,0.01,0.01,0.0,0.0,0.0,0.0,0.0,0.0,0.01,0.01,0.0,0.0,0.0,0.0,0.0,0.0,0.0,0.0,0.0,0.0,0.0,0.0,0.0,0.0,0.0,0.01,0.0,0.0,0.0,0.01,0.0,0.0,0.01,0.0,0.0,0.03,0.0,0.0,0.0,0.0,0.0,0.0,0.03,0.0,0,0,1.0,0.0,0,0.0,0,0.3125,0.0,0.248,easy,3.575,0,0,0,0,0,0,0,0,0,0,0,0,0,0,0,0,0,0,0,0,0
169,85,2,5d482ea821c9be351f763240,2020-04-28 23:31:21.779000+00:00, that girl is  asshole,0.666666667,1,0.166666667,6, that girl is  asshole?,9,4,22,1,-0.9550275742215037,-0.7905507011499067,0.0,0.0,0.0,0.0,0.0,0.0,0.0,0.0,0.0,0.0,0.0,0.0,0.01,0.0,0.0,0.0,0.0,0.0,0.0,0.0,0.0,0.0,0.01,0.01,0.0,0.0,0.0,0.0,0.0,0.0,0.01,0.01,0.0,0.0,0.0,0.0,0.01,0.0,0.0,0.0,0.0,0.01,0.0,0.0,0.0,0.01,0.0,0.0,0.0,0.0,0.0,0.0,0.0,0.02,0.0,1,0,1.0,0.0,0,0.0003202049311559398,0,0.0,0.0,0.1984,easy,1.217,0,0,0,0,0,0,0,0,0,0,0,0,0,0,0,0,0,0,0,0,0
169,85,2,5d482eaa21c9be351f763b94,2020-04-28 23:31:27.799000+00:00,so this guy finally gets a chance to see his family and decides to not speak a language his mom can understand  ,0.666666667,1,0.166666667,6,so this guy finally gets a chance to see his family and decides to not speak a language his mom can understand.  ,10,22,112,1,0.8080417053707643,1.2329689834448083,0.0,0.01,0.01,0.02,0.0,0.01,0.0,0.0,0.01,0.0,0.02,0.01,0.0,0.0,0.0,0.01,0.0,0.02,0.0,0.0,0.0,0.02,0.01,0.04,0.0,0.0,0.01,0.0,0.0,0.0,0.07,0.01,0.0,0.0,0.0,0.0,0.0,0.0,0.0,0.01,0.01,0.04,0.0,0.02,0.02,0.01,0.05,0.02,0.0,0.02,0.0,0.02,0.0,0.11000000000000001,0.0,0,0,0.8636363636363636,0.0,0,0.0,0,1.0,0.0,1.0912,easy,6.02,0,0,0,0,0,0,0,0,0,0,0,0,0,0,0,0,1,0,0,0,0
169,85,2,5d482ea821c9be351f763240,2020-04-28 23:31:27.890000+00:00,i think she is asshole,0.666666667,1,0.166666667,6,i think she is asshole,11,5,22,1,-0.9550275742215037,-0.7905507011499067,0.0,0.0,0.0,0.0,0.0,0.0,0.0,0.0,0.0,0.0,0.01,0.0,0.01,0.0,0.0,0.0,0.0,0.0,0.0,0.0,0.0,0.01,0.0,0.02,0.0,0.0,0.0,0.0,0.0,0.0,0.01,0.0,0.0,0.0,0.0,0.0,0.01,0.01,0.0,0.0,0.0,0.02,0.0,0.0,0.0,0.01,0.01,0.0,0.0,0.0,0.0,0.0,0.01,0.03,0.0,0,0,1.0,0.2,0,0.0,0,0.0,0.0,0.248,easy,0.091,0,0,1,0,1,0,0,0,0,0,0,1,0,0,0,0,0,0,0,0,0
169,85,2,5d482ea521c9be351f762430,2020-04-28 23:31:32.988000+00:00,i think she is an asshole,0.666666667,1,0.166666667,6,i think she is an asshole.,12,6,25,1,-0.8570792809108222,-0.6781329408946447,0.0,0.0,0.0,0.0,0.0,0.0,0.0,0.0,0.0,0.0,0.01,0.0,0.01,0.0,0.0,0.0,0.0,0.0,0.0,0.0,0.0,0.01,0.0,0.02,0.0,0.0,0.0,0.0,0.0,0.0,0.01,0.0,0.0,0.0,0.0,0.0,0.01,0.01,0.0,0.0,0.0,0.02,0.0,0.01,0.0,0.01,0.01,0.0,0.0,0.0,0.0,0.0,0.01,0.04,0.0,0,0,1.0,0.16666666666666666,2,0.0008238201029820396,0,0.0,0.0,0.2976,easy,5.098,0,0,1,0,1,0,0,0,0,0,0,1,0,0,0,0,0,0,0,0,0
169,85,2,5d482ea921c9be351f763684,2020-04-28 23:31:33.180000+00:00,she is not an asshole,0.666666667,1,0.166666667,6,she is not an asshole,13,5,21,1,-0.8570792809108222,-0.6781329408946447,0.0,0.0,0.0,0.0,0.0,0.0,0.0,0.0,0.0,0.0,0.009999999999999998,0.009999999999999998,0.009999999999999998,0.0,0.0,0.0,0.0,0.0,0.0,0.0,0.0,0.0,0.0,0.009999999999999998,0.0,0.0,0.0,0.0,0.0,0.0,0.009999999999999998,0.0,0.0,0.0,0.0,0.0,0.009999999999999998,0.0,0.0,0.0,0.009999999999999998,0.009999999999999998,0.0,0.009999999999999998,0.0,0.009999999999999998,0.009999999999999998,0.0,0.0,0.0,0.0,0.0,0.0,0.039999999999999994,0.0,0,0,1.0,0.0,3,0.0003202049311559398,0,0.0,0.0,0.248,easy,0.192,0,0,0,0,0,0,0,0,0,0,0,0,0,0,0,0,0,0,0,0,0
169,85,2,5d482ea621c9be351f762a8f,2020-04-28 23:31:38.932000+00:00,i think she is an asshole as well,0.666666667,1,0.166666667,6,i think she is an asshole as well,14,8,33,1,-0.6611826942894591,-0.4532974203841208,0.0,0.0,0.0,0.01,0.0,0.0,0.0,0.0,0.01,0.0,0.01,0.0,0.01,0.0,0.0,0.0,0.0,0.0,0.0,0.0,0.01,0.01,0.0,0.02,0.0,0.0,0.0,0.0,0.0,0.0,0.01,0.0,0.0,0.0,0.0,0.0,0.01,0.01,0.0,0.0,0.0,0.02,0.0,0.01,0.01,0.01,0.01,0.01,0.0,0.0,0.0,0.01,0.01,0.05,0.0,0,0,1.0,0.125,3,0.0003202049311559398,0,0.0,0.0,0.3968,easy,5.752,0,0,1,0,1,0,0,0,0,0,0,1,0,0,0,0,0,1,0,0,0
169,85,2,5d482eab21c9be351f763f30,2020-04-28 23:31:52.671000+00:00,i personally think this person is being the asshole i mean the husband can speak english and instead of including everyone she is excluding her mom,0.666666667,1,0.166666667,6,"i personally think this person is being the asshole.. i mean the husband can speak english, and instead of including everyone she is excluding her mom.",15,26,147,1,1.0039382919921274,1.457804503955332,0.0,0.01,0.0,0.01,0.0,0.02,0.0,0.0,0.01,0.0,0.02,0.0,0.01,0.0,0.0,0.0,0.0,0.02,0.0,0.0,0.0,0.02,0.01,0.05,0.0,0.0,0.0,0.0,0.0,0.0,0.06999999999999999,0.02,0.0,0.0,0.0,0.0,0.01,0.02,0.0,0.0,0.01,0.05999999999999999,0.0,0.02,0.01,0.04,0.05,0.01,0.0,0.01,0.0,0.0,0.02,0.13,0.0,0,0,0.8846153846153846,0.07692307692307693,3,0.0009790032190590103,0,0.32916666666666666,-0.10416666666666667,1.2895999999999999,easy,13.739,0,0,1,0,1,0,0,0,0,0,1,1,0,0,0,0,0,0,0,0,0
169,85,2,5d482eaa21c9be351f763b94,2020-04-28 23:31:56.570000+00:00,i think hes an asshole,0.666666667,1,0.166666667,6,i think he's an asshole,16,5,22,1,-0.9550275742215037,-0.7905507011499067,0.0,0.0,0.0,0.0,0.0,0.0,0.0,0.0,0.0,0.0,0.01,0.0,0.01,0.0,0.0,0.0,0.0,0.0,0.0,0.0,0.0,0.01,0.0,0.02,0.0,0.0,0.0,0.0,0.0,0.0,0.01,0.0,0.0,0.0,0.0,0.0,0.01,0.01,0.0,0.0,0.0,0.02,0.0,0.01,0.0,0.01,0.01,0.0,0.0,0.0,0.0,0.0,0.01,0.02,0.0,0,0,1.0,0.2,0,0.0008238201029820396,0,0.0,0.0,0.248,easy,3.899,0,0,1,0,1,0,0,0,0,0,0,1,0,0,0,0,0,0,0,0,0
170,85,3,5d482ea721c9be351f762c0a,2020-04-28 23:46:25.887000+00:00,hi,1.0,1,0.166666667,6,hi,1,1,2,1,-1.2488724541535483,-1.3456804584734103,0.0,0.0,0.0,0.0,0.0,0.0,0.0,0.0,0.0,0.0,0.0,0.0,0.0,0.0,0.0,0.0,0.0,0.0,0.0,0.0,0.0,0.0,0.0,0.0,0.0,0.0,0.0,0.0,0.0,0.0,0.01,0.0,0.0,0.0,0.0,0.0,0.0,0.0,0.0,0.0,0.0,0.0,0.0,0.0,0.0,0.0,0.0,0.0,0.0,0.0,0.0,0.0,0.0,0.0,0.0,0,0,1.0,0.0,0,0.0,0,0.0,0.0,0.0496,easy,0.0,0,0,0,0,0,0,0,0,0,0,0,0,0,0,1,0,0,0,0,0,0
170,85,3,5d482ea621c9be351f762a8f,2020-04-28 23:46:26.110000+00:00,thoughts,1.0,1,0.166666667,6,thoughts?,2,1,8,1,-1.2488724541535483,-1.3456804584734103,0.0,0.0,0.0,0.0,0.0,0.0,0.0,0.0,0.0,0.0,0.0,0.0,0.0,0.0,0.0,0.0,0.0,0.0,0.0,0.0,0.0,0.01,0.0,0.0,0.0,0.0,0.0,0.0,0.0,0.0,0.0,0.0,0.0,0.0,0.0,0.0,0.0,0.0,0.0,0.0,0.0,0.0,0.0,0.0,0.0,0.0,0.01,0.0,0.0,0.0,0.0,0.0,0.0,0.0,0.0,1,0,1.0,0.0,0,0.0,0,0.0,0.0,0.0496,easy,0.223,0,0,0,0,0,0,0,0,0,0,0,0,0,0,0,0,0,0,0,0,0
170,85,3,5d482eaa21c9be351f763b94,2020-04-28 23:46:34.630000+00:00,shes not an asshole,1.0,1,0.166666667,6,she's not an asshole,3,4,19,1,-0.9550275742215037,-1.033290352042083,0.0,0.0,0.0,0.0,0.0,0.0,0.0,0.0,0.0,0.0,0.01,0.01,0.01,0.0,0.0,0.0,0.0,0.0,0.0,0.0,0.0,0.0,0.0,0.01,0.0,0.0,0.0,0.0,0.0,0.0,0.01,0.0,0.0,0.0,0.0,0.0,0.01,0.0,0.0,0.0,0.01,0.01,0.0,0.01,0.0,0.01,0.01,0.0,0.0,0.0,0.0,0.0,0.0,0.02,0.0,0,0,1.0,0.0,0,0.0,0,0.0,0.0,0.1984,easy,8.52,0,0,0,0,0,0,0,0,0,0,0,0,0,0,0,0,0,0,0,0,0
170,85,3,5d482ea721c9be351f762e4f,2020-04-28 23:46:39.096000+00:00,definitely not an asshole just wanting to know what the convo is and wanting to participate,1.0,1,0.166666667,6,"definitely not an asshole, just wanting to know what the convo is and wanting to participate.",4,16,91,1,0.22035194550667497,0.21627007368322665,0.020000000000000004,0.0,0.0,0.010000000000000002,0.010000000000000002,0.010000000000000002,0.0,0.0,0.020000000000000004,0.0,0.0,0.010000000000000002,0.010000000000000002,0.0,0.0,0.0,0.0,0.0,0.0,0.0,0.010000000000000002,0.010000000000000002,0.0,0.020000000000000004,0.0,0.0,0.0,0.0,0.0,0.0,0.010000000000000002,0.010000000000000002,0.0,0.0,0.0,0.0,0.010000000000000002,0.0,0.0,0.0,0.020000000000000004,0.020000000000000004,0.0,0.020000000000000004,0.020000000000000004,0.010000000000000002,0.07,0.020000000000000004,0.0,0.0,0.0,0.0,0.0,0.09,0.0,0,0,0.875,0.0,2,0.0003202049311559398,0,0.5,0.0,5.416975,medium,4.466,0,0,0,0,0,0,0,0,0,0,0,0,0,0,0,0,0,0,0,0,0
170,85,3,5d482eab21c9be351f763f30,2020-04-28 23:46:41.181000+00:00,i dont think shes being an asshole she wants to talk to her son and everyone be included in conversation the son is there to translate if needed,1.0,1,0.166666667,6,i don't think shes being an asshole. she wants to talk to her son and everyone be included in conversation. the son is there to translate if needed,5,28,144,1,1.2977831719241721,1.3617004639314272,0.03,0.0,0.0,0.019999999999999997,0.0,0.019999999999999997,0.0,0.0,0.009999999999999998,0.0,0.03,0.009999999999999998,0.009999999999999998,0.0,0.0,0.0,0.0,0.019999999999999997,0.0,0.0,0.0,0.009999999999999998,0.0,0.05,0.0,0.009999999999999998,0.009999999999999998,0.0,0.0,0.0,0.07999999999999999,0.009999999999999998,0.0,0.0,0.0,0.0,0.009999999999999998,0.009999999999999998,0.0,0.009999999999999998,0.009999999999999998,0.07999999999999999,0.0,0.019999999999999997,0.009999999999999998,0.05,0.06,0.039999999999999994,0.0,0.0,0.0,0.0,0.009999999999999998,0.15,0.0,0,0,0.8928571428571429,0.03571428571428571,7,0.0003202049311559398,0,0.1,0.2,1.9527285714285716,easy,2.085,0,0,1,0,1,0,0,0,0,0,0,1,0,0,0,0,0,0,0,0,0
170,85,3,5d482ea621c9be351f762a8f,2020-04-28 23:46:47.896000+00:00,i agree not an asshole she wasnt rude about,1.0,1,0.166666667,6,i agree. not an asshole she wasn't rude about,6,9,43,1,-0.5632344009787775,-0.6167702101336464,0.0,0.0,0.0,0.0,0.0,0.0,0.0,0.0,0.01,0.0,0.01,0.02,0.01,0.0,0.0,0.0,0.0,0.0,0.01,0.0,0.01,0.0,0.0,0.0,0.0,0.01,0.0,0.0,0.0,0.0,0.01,0.0,0.0,0.0,0.0,0.0,0.02,0.01,0.0,0.0,0.01,0.01,0.0,0.01,0.0,0.01,0.01,0.01,0.0,0.0,0.0,0.0,0.01,0.049999999999999996,0.0,0,0,1.0,0.1111111111111111,2,0.0004753880472329106,0,0.6,-0.3,0.44639999999999996,easy,6.715,0,0,0,0,0,0,0,0,0,0,0,1,0,0,0,0,0,0,1,0,0
170,85,3,5d482ea721c9be351f762c0a,2020-04-28 23:46:58.080000+00:00,she is not the asshole,1.0,1,0.166666667,6,she is not the asshole,7,5,22,1,-0.8570792809108222,-0.9291603165649739,0.0,0.0,0.0,0.0,0.0,0.0,0.0,0.0,0.0,0.0,0.01,0.01,0.01,0.0,0.0,0.0,0.0,0.0,0.0,0.0,0.0,0.0,0.0,0.01,0.0,0.0,0.0,0.0,0.0,0.0,0.01,0.0,0.0,0.0,0.0,0.0,0.01,0.0,0.0,0.0,0.01,0.01,0.0,0.01,0.0,0.01,0.01,0.0,0.0,0.0,0.0,0.0,0.0,0.04,0.0,0,0,1.0,0.0,2,0.0003202049311559398,0,0.0,0.0,0.248,easy,10.184,0,0,0,0,0,0,0,0,0,0,0,0,0,0,0,0,0,0,0,0,0
171,86,1,5d482ea421c9be351f762258,2020-04-29 00:16:02.785000+00:00,i think shes an asshole for forcing her husband to do this by himself he didnt sign up for this she should at least help sometimes,0.6,0,0.0,5,i think she's an asshole for forcing her husband to do this by himself. he didn't sign up for this. she should at least help sometimes.,1,26,130,1,1.101886585302809,0.14700680924581877,0.01,0.0,0.0,0.0,0.0,0.0,0.0,0.0,0.0,0.0,0.05,0.01,0.01,0.0,0.0,0.0,0.0,0.01,0.0,0.01,0.0,0.01,0.0,0.030000000000000002,0.01,0.01,0.030000000000000002,0.0,0.0,0.0,0.07,0.02,0.0,0.0,0.0,0.0,0.01,0.01,0.0,0.01,0.0,0.05,0.0,0.01,0.0,0.04,0.04,0.060000000000000005,0.0,0.0,0.0,0.0,0.01,0.16,0.0,0,0,0.9230769230769231,0.038461538461538464,0,0.0,0,0.4,-0.3,1.2895999999999999,easy,0.0,0,0,1,0,1,0,0,0,0,0,0,1,0,0,0,0,0,0,0,0,0
171,86,1,5d482ea421c9be351f7622e3,2020-04-29 00:16:18.361000+00:00,i feel that she is partially the asshole for shoving it all onto her husband and i do not agree that but hes married me so my mom is his family too mentality,0.6,0,0.0,5,"i feel that she is partially the asshole for shoving it all onto her husband, and i do not agree that ""but he's married me, so my mom is his family too"" mentality",2,33,157,1,1.4936797585455353,0.44102042773745626,0.0,0.0,0.01,0.03,0.01,0.01,0.0,0.0,0.02,0.0,0.04,0.01,0.01,0.0,0.0,0.0,0.0,0.04,0.0,0.0,0.01,0.01,0.0,0.05,0.0,0.0,0.01,0.0,0.0,0.0,0.08,0.03,0.0,0.0,0.0,0.0,0.01,0.04,0.01,0.0,0.02,0.05,0.0,0.01,0.03,0.04,0.05,0.02,0.0,0.01,0.0,0.0,0.04,0.21,0.0,0,0,0.9090909090909091,0.12121212121212122,4,0.0013583732011555874,0,0.275,0.075,1.6368,easy,15.576,0,0,1,0,1,0,0,0,0,0,1,1,0,0,0,0,1,0,0,0,0
171,86,1,5d482ea321c9be351f762150,2020-04-29 00:16:22.925000+00:00,i dont think they are the asshole   i think the initial request was from a good natured place the tone has taken a turn for the worse but that doesnt rise to the level of asshole,0.6,0,0.0,5,"i don't think they are the asshole.   i think the initial request was from a good natured place, the tone has taken a turn for the worse, but that doesn't rise to the level of asshole.",3,36,178,1,1.983421225098943,0.8085374508520031,0.0,0.0,0.0,0.01,0.0,0.0,0.0,0.0,0.0,0.0,0.0,0.02,0.02,0.0,0.0,0.0,0.0,0.0,0.01,0.0,0.01,0.02,0.0,0.06999999999999999,0.0,0.02,0.04,0.0,0.0,0.0,0.02,0.01,0.0,0.0,0.0,0.0,0.02,0.02,0.0,0.0,0.01,0.09,0.0,0.06999999999999999,0.01,0.05,0.03,0.04,0.0,0.0,0.0,0.03,0.02,0.19,0.0,0,0,0.7777777777777778,0.05555555555555555,8,0.0009507760944658212,0,0.4000000000000001,0.09999999999999998,1.7855999999999999,easy,4.564,0,0,1,0,1,0,0,0,0,0,1,1,0,0,0,0,0,1,1,0,0
171,86,1,5d482ea421c9be351f7622e2,2020-04-29 00:16:25.389000+00:00,the husband should help his motherinlaw because they are all one family the writer should not cloud the issue by suggesting that its only 10 minutes but they are family,0.6,0,0.0,5,"the husband should help his mother-in-law because they are all one family. the writer should not cloud the issue by suggesting that it's only 10 minutes. but, they are family.",4,30,168,1,1.5916280518562167,0.5145238323603657,0.019999999999999997,0.0,0.019999999999999997,0.019999999999999997,0.009999999999999998,0.0,0.0,0.0,0.009999999999999998,0.0,0.009999999999999998,0.009999999999999998,0.0,0.0,0.0,0.0,0.0,0.03,0.0,0.0,0.0,0.0,0.0,0.019999999999999997,0.019999999999999997,0.0,0.009999999999999998,0.0,0.0,0.0,0.07999999999999999,0.019999999999999997,0.0,0.0,0.0,0.009999999999999998,0.0,0.0,0.0,0.0,0.019999999999999997,0.039999999999999994,0.0,0.03,0.019999999999999997,0.039999999999999994,0.06999999999999999,0.009999999999999998,0.0,0.0,0.0,0.0,0.0,0.18,0.0,0,0,0.8,0.0,9,0.0,0,1.0,0.0,1.488,easy,2.464,0,0,1,0,0,0,0,0,0,0,0,0,0,0,0,0,1,0,1,0,0
171,86,1,5d482ea421c9be351f7621f0,2020-04-29 00:16:47.164000+00:00,i think shes an asshole for making her husband perform tasks on his own time and forcing him to put his life on hold ,0.6,0,0.0,5,i think she's an asshole for making her husband perform tasks on his own time and forcing him to put his life on hold. ,5,24,117,1,0.9059899986814458,0.0,0.0,0.0,0.0,0.01,0.0,0.01,0.01,0.01,0.0,0.0,0.049999999999999996,0.0,0.01,0.0,0.01,0.0,0.0,0.01,0.0,0.01,0.0,0.01,0.0,0.02,0.0,0.0,0.04,0.0,0.01,0.0,0.05999999999999999,0.0,0.0,0.0,0.0,0.01,0.01,0.01,0.0,0.0,0.0,0.02,0.0,0.01,0.01,0.01,0.04,0.04,0.0,0.0,0.0,0.0,0.01,0.11999999999999998,0.0,0,0,0.9166666666666666,0.041666666666666664,2,0.000727802037845706,0,1.0,0.6,1.1904,easy,21.775,0,0,1,0,1,0,0,0,0,0,0,1,0,0,0,0,0,0,0,0,0
171,86,1,5d482ea421c9be351f762258,2020-04-29 00:17:01.619000+00:00,i think she should at least help sometimes though,0.6,0,0.0,5,i think she should at least help sometimes though.,6,9,49,1,-0.5632344009787775,-1.1025510693436407,0.009999999999999998,0.0,0.0,0.009999999999999998,0.0,0.0,0.0,0.0,0.009999999999999998,0.0,0.009999999999999998,0.0,0.0,0.0,0.0,0.0,0.0,0.0,0.0,0.009999999999999998,0.0,0.009999999999999998,0.0,0.009999999999999998,0.009999999999999998,0.0,0.019999999999999997,0.0,0.0,0.0,0.019999999999999997,0.0,0.0,0.0,0.0,0.0,0.0,0.009999999999999998,0.0,0.009999999999999998,0.0,0.019999999999999997,0.0,0.0,0.0,0.009999999999999998,0.03,0.009999999999999998,0.0,0.0,0.0,0.0,0.009999999999999998,0.039999999999999994,0.0,0,0,1.0,0.1111111111111111,0,0.0005036151718260998,0,0.4,-0.3,0.44639999999999996,easy,14.455,0,0,1,0,1,0,0,0,0,0,0,1,0,0,0,0,0,0,0,0,0
172,86,3,5d482ea321c9be351f762150,2020-04-29 00:45:42.941000+00:00,i think this one comes down to whether you believe someone should learn the language or not,0.5,0,0.0,6,i think this one comes down to whether you believe someone should learn the language or not.,1,17,91,1,0.22035194550667497,-0.31554383327683194,0.010000000000000002,0.0,0.0,0.020000000000000004,0.0,0.0,0.0,0.0,0.0,0.0,0.0,0.010000000000000002,0.0,0.0,0.0,0.0,0.0,0.0,0.0,0.0,0.0,0.030000000000000002,0.0,0.030000000000000002,0.010000000000000002,0.0,0.020000000000000004,0.0,0.0,0.0,0.030000000000000002,0.020000000000000004,0.0,0.010000000000000002,0.0,0.0,0.0,0.010000000000000002,0.0,0.020000000000000004,0.030000000000000002,0.04000000000000001,0.0,0.010000000000000002,0.0,0.010000000000000002,0.08000000000000002,0.020000000000000004,0.0,0.0,0.010000000000000002,0.0,0.010000000000000002,0.09,0.0,0,0,1.0,0.058823529411764705,0,0.0,0,0.2888888888888889,-0.15555555555555559,0.8432,easy,0.0,0,0,1,0,1,0,0,0,0,0,0,1,1,0,0,0,0,0,0,0,0
172,86,3,5d482ea421c9be351f762258,2020-04-29 00:45:54.193000+00:00,this is a hard spot for him to be in but it sounds like he was rude to them even though he said he was respectful in the edit,0.5,0,0.0,6,this is a hard spot for him to be in but it sounds like he was rude to them even though he said he was respectful in the edit.,2,29,125,1,1.4936797585455353,0.3891061993168294,0.0,0.02,0.0,0.02,0.0,0.0,0.0,0.0,0.02,0.0,0.04,0.0,0.0,0.0,0.0,0.0,0.0,0.0,0.01,0.0,0.01,0.0,0.0,0.01,0.0,0.03,0.02,0.0,0.0,0.0,0.06,0.02,0.0,0.01,0.0,0.0,0.01,0.0,0.01,0.0,0.01,0.05,0.0,0.02,0.01,0.04,0.01,0.05,0.0,0.03,0.0,0.03,0.0,0.19,0.0,0,0,0.8275862068965517,0.0,4,0.0,0,0.6138888888888888,-0.030555555555555558,1.4384,easy,11.252,0,0,0,0,0,0,0,0,0,0,0,0,0,0,0,0,1,1,1,0,0
172,86,3,5d482ea421c9be351f7622e3,2020-04-29 00:46:03.864000+00:00,if she has to have help she needs to learn the language,0.5,0,0.0,6,if she has to have help she needs to learn the language,3,12,55,1,-0.17144122773605125,-0.5323592279210354,0.02,0.0,0.0,0.01,0.0,0.0,0.0,0.0,0.0,0.0,0.02,0.0,0.0,0.0,0.0,0.0,0.0,0.0,0.0,0.0,0.0,0.01,0.0,0.030000000000000002,0.0,0.0,0.0,0.0,0.0,0.0,0.04,0.0,0.0,0.01,0.0,0.0,0.0,0.0,0.0,0.01,0.01,0.030000000000000002,0.0,0.01,0.0,0.02,0.030000000000000002,0.02,0.0,0.0,0.0,0.0,0.0,0.08,0.0,0,0,0.8333333333333334,0.0,3,0.0,0,0.0,0.0,0.5952,easy,9.671,0,0,0,0,0,0,0,0,0,0,0,0,0,0,0,0,0,0,0,0,0
172,86,3,5d482ea421c9be351f7622e2,2020-04-29 00:46:14.624000+00:00,i think that what makes him an asshole is his attitude he says he spoke to her with respect but i dont think so i seems this type of thing happens a lot and he cant hide is frustration anymore,0.5,0,0.0,6,"i think that what makes him an asshole is his attitude. he says he spoke to her with respect, but i don't think so. i seems this type of thing happens a lot. and he can't hide is frustration anymore.",4,40,192,1,2.2772661050309875,0.8227369886052364,0.0,0.019999999999999997,0.0,0.03,0.0,0.019999999999999997,0.0,0.0,0.009999999999999998,0.0,0.06,0.019999999999999997,0.009999999999999998,0.0,0.0,0.0,0.0,0.0,0.0,0.009999999999999998,0.009999999999999998,0.03,0.0,0.09,0.0,0.009999999999999998,0.009999999999999998,0.0,0.0,0.0,0.07999999999999999,0.039999999999999994,0.0,0.009999999999999998,0.0,0.009999999999999998,0.019999999999999997,0.03,0.0,0.019999999999999997,0.009999999999999998,0.1,0.0,0.019999999999999997,0.03,0.039999999999999994,0.07999999999999999,0.03,0.0,0.019999999999999997,0.0,0.019999999999999997,0.03,0.21999999999999997,0.0,0,0,0.85,0.075,1,0.0,0,0.0,0.0,1.984,easy,10.76,0,0,1,0,1,0,0,0,0,0,1,1,0,0,0,0,1,1,1,0,0
172,86,3,5d482ea421c9be351f7622e3,2020-04-29 00:46:35.630000+00:00,if we trust him that he spoke with respect hes not the asshole but thats opinion,0.5,0,0.0,6,if we trust him that he spoke with respect hes not the asshole. but that's opinion,5,16,80,1,0.1224036521959934,-0.36974768193788277,0.010000000000000002,0.010000000000000002,0.0,0.020000000000000004,0.0,0.020000000000000004,0.0,0.0,0.0,0.0,0.03,0.010000000000000002,0.010000000000000002,0.0,0.0,0.0,0.0,0.0,0.0,0.0,0.020000000000000004,0.0,0.0,0.020000000000000004,0.0,0.010000000000000002,0.0,0.0,0.0,0.0,0.05,0.020000000000000004,0.0,0.0,0.0,0.0,0.010000000000000002,0.0,0.0,0.020000000000000004,0.03,0.03,0.0,0.010000000000000002,0.010000000000000002,0.020000000000000004,0.06,0.010000000000000002,0.010000000000000002,0.010000000000000002,0.0,0.020000000000000004,0.010000000000000002,0.09000000000000001,0.0,0,0,1.0,0.0625,5,0.021430705206032245,0,0.0,0.0,0.7936,easy,21.006,0,0,0,0,0,0,0,0,0,1,0,0,0,0,0,0,0,1,0,0,0
172,86,3,5d482ea421c9be351f7621f0,2020-04-29 00:46:49.293000+00:00,everyone sucks hereyour the asshole i understand that people need to be independent in life to get through challenges but youre an asshole for suggesting that she should just do it on her own and just learn it  its not so easy for some people to learn a new language right away especially at an older age and sometimes impossible for some due to time constraints i feel like if you would offer to help her learn it with her then that would make you less of an asshole since she trusts you enough to ask you for guidance when translating ,0.5,0,0.0,6,"everyone sucks here/your the asshole. i understand that people need to be independent in life to get through challenges, but you‚äôre an asshole for suggesting that she should just do it on her own and just ‚äúlearn it‚äù.  it‚äôs not so easy for some people to learn a new language right away (especially at an older age) and sometimes impossible for some due to time constraints. i feel like if you would offer to help her learn it with her, then that would make you less of an asshole since she trusts you enough to ask you for guidance when translating. ",6,101,537,1,8.350060290293245,4.18337560559039,0.060000000000000005,0.0,0.0,0.07,0.0,0.030000000000000002,0.01,0.01,0.05,0.0,0.05,0.01,0.04,0.0,0.01,0.0,0.0,0.0,0.0,0.05,0.04,0.05,0.02,0.09,0.030000000000000002,0.0,0.13,0.0,0.01,0.0,0.18,0.08,0.0,0.04,0.0,0.030000000000000002,0.04,0.02,0.01,0.04,0.05,0.13,0.0,0.05,0.060000000000000005,0.060000000000000005,0.25,0.18,0.0,0.01,0.05,0.060000000000000005,0.02,0.55,0.0,0,0,0.7029702970297029,0.019801980198019802,8,0.0009606147934678194,0,0.5324478551751279,0.04821920503738686,5.1659366336633665,medium,13.663,0,0,1,0,1,0,0,0,0,0,1,0,1,0,0,0,0,1,1,0,0
172,86,3,5d482ea421c9be351f762258,2020-04-29 00:47:26.391000+00:00,i think she should learn the language too but its very difficult when youre older i think whether he was an asshole depends how he approached her with this suggestion,0.5,0,0.0,6,"i think she should learn the language too, but it's very difficult when you're older. i think whether he was an asshole depends how he approached her with this suggestion.",7,30,166,1,1.3957314652348536,0.3349023506557785,0.01,0.0,0.0,0.04,0.0,0.01,0.0,0.0,0.04,0.0,0.04,0.0,0.01,0.0,0.0,0.0,0.0,0.0,0.01,0.0,0.0,0.03,0.0,0.04,0.01,0.01,0.03,0.0,0.0,0.0,0.06999999999999999,0.02,0.0,0.01,0.0,0.02,0.01,0.02,0.0,0.01,0.02,0.06,0.0,0.02,0.01,0.03,0.09,0.01,0.0,0.0,0.01,0.0,0.02,0.18,0.0,0,0,0.9,0.06666666666666667,10,0.015069123673539431,0,0.6666666666666666,-0.2416666666666667,1.488,easy,37.098,0,0,1,0,1,0,0,0,0,0,1,1,1,0,0,0,0,0,1,0,0
173,87,2,5d482ea321c9be351f7620a0,2020-04-29 00:33:00.259000+00:00,my initial thought is there are a lot of cultural implications and that the writer is not an asshole,0.5,0,0.0,4,my initial thought is there are a lot of cultural implications and that the writer is not an asshole.,1,19,100,1,0.5141968254387196,0.31155969456621446,0.0,0.0,0.0,0.01,0.0,0.01,0.0,0.0,0.01,0.0,0.0,0.01,0.01,0.0,0.0,0.0,0.0,0.0,0.0,0.01,0.0,0.01,0.0,0.03,0.0,0.01,0.01,0.0,0.0,0.0,0.01,0.01,0.0,0.0,0.0,0.01,0.01,0.01,0.0,0.01,0.01,0.04,0.0,0.03,0.01,0.03,0.05,0.01,0.0,0.0,0.0,0.01,0.01,0.12,0.0,0,0,0.9473684210526315,0.0,0,0.0,0,0.05,0.05,5.409952631578947,medium,0.0,0,0,1,0,0,0,0,0,0,0,0,1,0,0,0,0,0,0,0,0,0
173,87,2,5d482eab21c9be351f763f08,2020-04-29 00:33:03.505000+00:00,right off the bat i dont think the point that america is a country of immigrants helps op,0.5,0,0.0,4,right off the bat i don't think the point that america is a country of immigrants helps op,2,18,89,1,0.31830023881735653,0.036654081713672175,0.0,0.0,0.0,0.0,0.0,0.0,0.0,0.0,0.0,0.0,0.0,0.01,0.0,0.0,0.0,0.0,0.0,0.0,0.0,0.0,0.01,0.01,0.0,0.04,0.0,0.0,0.04,0.0,0.0,0.0,0.01,0.01,0.0,0.0,0.0,0.0,0.0,0.01,0.0,0.0,0.0,0.04,0.0,0.03,0.0,0.02,0.01,0.02,0.0,0.0,0.0,0.02,0.01,0.08,0.0,0,0,0.9444444444444444,0.05555555555555555,6,0.0,0,0.5357142857142857,0.2857142857142857,0.8927999999999999,easy,3.246,0,0,1,0,1,1,0,0,0,0,1,0,0,0,0,0,0,1,0,0,0
173,87,2,5d482ea321c9be351f762055,2020-04-29 00:33:08.271000+00:00,this person doesnt have a right to demand anyone do this for her parents,0.5,0,0.0,4,this person doesn't have a right to demand anyone do this for her parents,3,14,72,1,0.024455358885311848,-0.37570433756514127,0.0,0.0,0.0,0.0,0.0,0.0,0.0,0.0,0.0,0.0,0.009999999999999998,0.009999999999999998,0.0,0.0,0.0,0.0,0.0,0.009999999999999998,0.0,0.0,0.0,0.0,0.009999999999999998,0.03,0.0,0.0,0.009999999999999998,0.0,0.0,0.0,0.039999999999999994,0.03,0.0,0.0,0.0,0.0,0.0,0.0,0.0,0.009999999999999998,0.0,0.03,0.0,0.009999999999999998,0.0,0.03,0.009999999999999998,0.019999999999999997,0.0,0.0,0.0,0.019999999999999997,0.0,0.07999999999999999,0.0,0,0,0.9285714285714286,0.0,2,0.0,0,0.5357142857142857,0.2857142857142857,0.6944,easy,4.766,0,0,0,0,0,0,0,0,0,0,0,0,0,0,0,0,0,1,0,0,0
173,87,2,5d482ea421c9be351f762297,2020-04-29 00:33:10.791000+00:00,i think that her husband should be willing to help her parents,0.5,0,0.0,4,i think that her husband should be willing to help her parents,4,12,62,1,-0.2693895210467328,-0.7880627568439547,0.01,0.0,0.0,0.0,0.0,0.0,0.0,0.0,0.0,0.0,0.02,0.0,0.0,0.0,0.0,0.0,0.0,0.02,0.0,0.0,0.0,0.01,0.0,0.01,0.01,0.0,0.0,0.0,0.0,0.0,0.06,0.01,0.0,0.0,0.0,0.0,0.0,0.01,0.0,0.0,0.0,0.03,0.0,0.0,0.0,0.02,0.02,0.01,0.0,0.0,0.0,0.01,0.01,0.06999999999999999,0.0,0,0,0.9166666666666666,0.08333333333333333,3,0.00303951367781155,0,0.75,0.25,0.5952,easy,2.52,0,0,1,0,1,0,0,0,0,0,0,1,0,0,0,0,0,1,0,0,0
173,87,2,5d482ea421c9be351f762323,2020-04-29 00:33:39.166000+00:00,i think the husband should quit complaining and just do it,0.5,0,0.0,4,i think the husband should quit complaining and just do it.,5,11,58,1,-0.36733781435741436,-0.9255155632702258,0.009999999999999998,0.0,0.0,0.009999999999999998,0.0,0.009999999999999998,0.0,0.009999999999999998,0.009999999999999998,0.0,0.0,0.0,0.0,0.0,0.0,0.0,0.0,0.009999999999999998,0.0,0.0,0.0,0.009999999999999998,0.0,0.019999999999999997,0.009999999999999998,0.0,0.0,0.0,0.0,0.0,0.019999999999999997,0.009999999999999998,0.0,0.0,0.0,0.0,0.0,0.009999999999999998,0.0,0.0,0.009999999999999998,0.03,0.0,0.009999999999999998,0.019999999999999997,0.019999999999999997,0.039999999999999994,0.0,0.0,0.0,0.0,0.0,0.009999999999999998,0.06999999999999999,0.0,0,0,1.0,0.09090909090909091,1,0.0012314172096718058,0,0.0,0.0,0.5456,easy,28.375,0,0,1,0,1,0,0,0,0,0,0,1,0,0,0,0,0,0,1,0,0
173,87,2,5d482ea321c9be351f7620a0,2020-04-29 00:34:01.977000+00:00,i think in relationships there are give and takes and marrying into latinx culture the big emphasis is family is very close and supports one another which is something the husband might not get,0.5,0,0.0,4,"i think in relationships there are give and takes and marrying into latinx culture, the big emphasis is family is very close and supports one another, which is something the husband might not get.",6,34,193,1,1.8854729317882615,2.2358989845340105,0.0,0.0,0.01,0.03,0.0,0.049999999999999996,0.0,0.0,0.02,0.0,0.0,0.01,0.0,0.0,0.0,0.0,0.0,0.02,0.0,0.0,0.01,0.01,0.0,0.09,0.01,0.0,0.04,0.0,0.0,0.0,0.049999999999999996,0.02,0.0,0.0,0.0,0.0,0.0,0.01,0.0,0.02,0.02,0.09999999999999999,0.0,0.02,0.03,0.049999999999999996,0.09,0.02,0.0,0.0,0.0,0.01,0.01,0.16,0.0,0,0,0.8529411764705882,0.029411764705882353,5,0.0012314172096718058,0,0.2,0.1,2.150811764705882,easy,22.811,0,0,1,0,1,0,0,0,0,0,0,1,0,0,0,0,0,1,0,0,0
173,87,2,5d482eab21c9be351f763f08,2020-04-29 00:34:02.171000+00:00,the husband learned spanish did he not if the parents have been here all this time presumably then why cant the parents learn enough english to get by,0.5,0,0.0,4,the husband learned spanish did he not? if the parents have been here all this time (presumably) then why can't the parents learn enough english to get by.,7,28,150,1,1.3957314652348536,1.5486349524026548,0.01,0.0,0.0,0.02,0.01,0.0,0.0,0.0,0.01,0.0,0.01,0.02,0.0,0.0,0.0,0.0,0.0,0.03,0.0,0.01,0.0,0.03,0.0,0.03,0.0,0.02,0.02,0.0,0.0,0.0,0.04,0.01,0.0,0.02,0.0,0.01,0.0,0.0,0.0,0.01,0.02,0.05,0.0,0.03,0.0,0.04,0.07,0.02,0.0,0.0,0.0,0.01,0.0,0.16,0.0,1,0,0.8928571428571429,0.0,5,0.000727802037845706,0,0.16666666666666666,0.0,1.3888,easy,0.194,0,0,1,0,0,0,0,0,0,0,0,0,0,0,0,0,0,1,0,0,0
173,87,2,5d482ea421c9be351f762323,2020-04-29 00:34:06.346000+00:00,her married her so its his mother too,0.5,0,0.0,4,her married her so its his mother too.,8,8,37,1,-0.5632344009787775,-1.200421176122768,0.0,0.0,0.0,0.01,0.0,0.0,0.0,0.0,0.02,0.0,0.030000000000000002,0.0,0.0,0.0,0.0,0.0,0.0,0.02,0.0,0.0,0.0,0.0,0.0,0.0,0.0,0.0,0.0,0.0,0.0,0.0,0.05,0.01,0.0,0.0,0.0,0.0,0.0,0.0,0.0,0.0,0.0,0.0,0.0,0.0,0.01,0.0,0.0,0.0,0.0,0.0,0.0,0.0,0.0,0.060000000000000005,0.0,0,0,0.875,0.0,0,0.0,0,0.25,0.25,0.3968,easy,4.175,0,0,0,0,0,0,0,0,0,0,0,0,0,0,0,0,0,0,0,0,0
174,87,3,5d482ea321c9be351f762055,2020-04-29 00:47:52.884000+00:00,my impression is that he could have just declined,1.0,1,0.2,5,my impression is that he could have just declined,1,9,49,1,-0.4652861076680959,-0.6768972803437667,0.009999999999999998,0.0,0.0,0.0,0.0,0.0,0.0,0.0,0.009999999999999998,0.0,0.009999999999999998,0.0,0.0,0.0,0.0,0.0,0.0,0.0,0.0,0.0,0.009999999999999998,0.0,0.0,0.019999999999999997,0.0,0.0,0.0,0.0,0.0,0.0,0.009999999999999998,0.009999999999999998,0.0,0.0,0.0,0.0,0.0,0.009999999999999998,0.0,0.0,0.009999999999999998,0.03,0.0,0.0,0.009999999999999998,0.03,0.019999999999999997,0.0,0.0,0.0,0.0,0.0,0.009999999999999998,0.06,0.0,0,0,1.0,0.0,0,0.0,0,0.0,0.0,0.44639999999999996,easy,0.0,0,0,0,0,0,0,0,0,0,0,0,1,0,0,0,0,0,0,0,0,0
174,87,3,5d482eab21c9be351f763f08,2020-04-29 00:47:58.544000+00:00,this is a tough one i think id have to side with the op though,1.0,1,0.2,5,"this is a tough one, i think i'd have to side with the op though",2,15,62,1,0.024455358885311848,0.16266523791206797,0.0,0.0,0.0,0.01,0.0,0.01,0.0,0.0,0.01,0.0,0.0,0.0,0.0,0.0,0.0,0.0,0.0,0.0,0.0,0.0,0.0,0.01,0.0,0.03,0.0,0.0,0.01,0.0,0.0,0.0,0.0,0.01,0.0,0.0,0.0,0.0,0.0,0.01,0.0,0.0,0.0,0.03,0.0,0.02,0.0,0.02,0.02,0.02,0.0,0.0,0.0,0.02,0.01,0.08,0.0,0,0,1.0,0.06666666666666667,2,0.0,0,0.8333333333333334,-0.3888888888888889,0.744,easy,5.66,0,0,1,0,1,0,0,0,0,0,1,0,0,0,0,0,0,1,0,0,0
174,87,3,5d482ea321c9be351f7620a0,2020-04-29 00:48:17.439000+00:00,i think based on the way he presented his argument he is an asshole,1.0,1,0.2,5,"i think based on the way he presented his argument, he is an asshole.",3,14,67,1,-0.07349293442536971,-0.005247265739098967,0.0,0.0,0.0,0.0,0.0,0.0,0.0,0.0,0.0,0.0,0.03,0.0,0.01,0.0,0.0,0.0,0.0,0.0,0.0,0.0,0.0,0.01,0.0,0.02,0.0,0.0,0.02,0.0,0.0,0.0,0.04,0.0,0.0,0.0,0.0,0.01,0.02,0.01,0.0,0.0,0.0,0.02,0.0,0.02,0.0,0.01,0.02,0.01,0.0,0.0,0.0,0.0,0.01,0.08,0.0,0,0,0.9285714285714286,0.07142857142857142,2,0.0005036151718260998,0,0.0,0.0,0.6944,easy,18.895,0,0,1,0,1,0,0,0,0,0,0,1,0,0,0,0,0,0,0,0,0
174,87,3,5d482ea321c9be351f762055,2020-04-29 00:48:19.205000+00:00,there was no reason for him to tell the mother what he wanted her to do,1.0,1,0.2,5,there was no reason for him to tell the mother what he wanted her to do,4,16,71,1,0.22035194550667497,0.4984902452144019,0.01,0.0,0.0,0.0,0.0,0.0,0.0,0.0,0.01,0.0,0.03,0.01,0.0,0.0,0.0,0.0,0.0,0.01,0.0,0.0,0.0,0.01,0.0,0.01,0.0,0.02,0.0,0.0,0.0,0.0,0.05,0.01,0.0,0.0,0.0,0.01,0.0,0.0,0.0,0.0,0.0,0.03,0.0,0.01,0.01,0.02,0.02,0.03,0.0,0.0,0.0,0.0,0.0,0.12,0.0,0,0,0.9375,0.0,2,0.0,0,0.0,0.0,0.7936,easy,1.766,0,0,0,0,0,0,0,0,0,0,0,0,0,0,0,0,0,0,0,0,0
174,87,3,5d482ea421c9be351f762323,2020-04-29 00:48:22.212000+00:00,he could have night said no nicely,1.0,1,0.2,5,he could have night said no nicely.,5,7,34,1,-0.6611826942894591,-1.0127222876461006,0.01,0.01,0.0,0.0,0.0,0.0,0.0,0.0,0.0,0.0,0.01,0.01,0.0,0.0,0.0,0.0,0.0,0.0,0.0,0.0,0.01,0.0,0.0,0.01,0.0,0.01,0.01,0.0,0.0,0.0,0.02,0.0,0.0,0.0,0.0,0.0,0.0,0.0,0.0,0.0,0.0,0.030000000000000006,0.0,0.0,0.01,0.02,0.01,0.0,0.0,0.01,0.0,0.01,0.0,0.030000000000000006,0.0,0,0,1.0,0.0,2,0.0,0,1.0,-0.3,0.3472,easy,3.007,0,0,0,0,0,0,0,0,0,0,0,0,0,0,0,0,0,1,0,0,0
174,87,3,5d482eab21c9be351f763f08,2020-04-29 00:48:22.976000+00:00,8 years is a long time for someone to live somewhere and only pick up a few phrases,1.0,1,0.2,5,8 years is a long time for someone to live somewhere and only pick up a few phrases,6,18,83,1,0.4162485321280381,0.8343152525167358,0.0,0.0,0.0,0.01,0.0,0.01,0.0,0.0,0.01,0.0,0.0,0.0,0.0,0.0,0.0,0.0,0.0,0.0,0.0,0.01,0.0,0.0,0.0,0.01,0.0,0.0,0.049999999999999996,0.0,0.0,0.0,0.01,0.02,0.0,0.0,0.0,0.01,0.0,0.0,0.0,0.01,0.0,0.01,0.0,0.02,0.01,0.01,0.04,0.03,0.0,0.0,0.0,0.02,0.0,0.09,0.0,0,0,0.9444444444444444,0.0,0,0.0,0,0.5,-0.028409090909090915,0.8927999999999999,easy,0.764,0,0,0,0,0,0,0,0,0,0,0,0,0,0,0,0,0,0,0,0,0
174,87,3,5d482ea421c9be351f762297,2020-04-29 00:48:24.112000+00:00,i think that he should be more considerate and help,1.0,1,0.2,5,i think that he should be more considerate and help,7,10,51,1,-0.4652861076680959,-0.6768972803437667,0.01,0.0,0.0,0.01,0.0,0.01,0.0,0.0,0.0,0.0,0.01,0.0,0.0,0.0,0.0,0.0,0.0,0.0,0.0,0.01,0.01,0.01,0.0,0.01,0.01,0.0,0.0,0.0,0.0,0.0,0.02,0.01,0.0,0.0,0.0,0.0,0.0,0.01,0.0,0.0,0.0,0.03,0.0,0.0,0.01,0.02,0.03,0.0,0.0,0.0,0.0,0.01,0.01,0.07,0.0,0,0,1.0,0.1,1,0.0,0,0.5,0.5,5.7115,medium,1.136,0,0,1,0,1,0,0,0,0,0,0,1,0,0,0,0,0,1,0,0,0
174,87,3,5d482eab21c9be351f763f08,2020-04-29 00:48:37.423000+00:00,he clarified at the end that he was polite,1.0,1,0.2,5,he clarified at the end that he was polite,8,9,42,1,-0.4652861076680959,-0.6768972803437667,0.0,0.0,0.0,0.0,0.0,0.0,0.0,0.0,0.0,0.0,0.019999999999999997,0.0,0.0,0.0,0.0,0.0,0.0,0.0,0.0,0.0,0.0,0.009999999999999998,0.0,0.0,0.0,0.009999999999999998,0.019999999999999997,0.0,0.0,0.0,0.019999999999999997,0.009999999999999998,0.0,0.0,0.0,0.0,0.0,0.0,0.0,0.0,0.0,0.009999999999999998,0.0,0.009999999999999998,0.0,0.009999999999999998,0.009999999999999998,0.009999999999999998,0.0,0.0,0.0,0.009999999999999998,0.0,0.06,0.0,0,0,0.8888888888888888,0.0,3,0.0,0,0.0,0.0,0.44639999999999996,easy,13.311,0,0,0,0,0,0,0,0,0,0,0,0,0,0,0,0,0,1,0,0,0
175,88,0,5d482ea321c9be351f7620b3,2020-04-29 00:08:52.323000+00:00,i think he has a right to be frustrated but based on the rest of his post he was not as polite and respectful as he claimed,1.0,0,0.0,4,"i think he has a right to be frustrated, but based on the rest of his post he was not as polite and respectful as he claimed.",1,27,123,1,1.1998348786134905,0.3769225988902791,0.0,0.0,0.0,0.04,0.0,0.01,0.0,0.0,0.0,0.0,0.04,0.01,0.0,0.0,0.0,0.0,0.0,0.0,0.0,0.01,0.0,0.01,0.0,0.02,0.0,0.01,0.03,0.0,0.0,0.0,0.04,0.0,0.0,0.0,0.0,0.01,0.01,0.01,0.0,0.0,0.02,0.04,0.0,0.02,0.02,0.03,0.049999999999999996,0.049999999999999996,0.0,0.0,0.0,0.04,0.01,0.18,0.0,0,0,0.8888888888888888,0.037037037037037035,0,0.0,0,0.4785714285714286,0.02857142857142858,1.3392,easy,0.0,0,0,1,0,1,0,0,0,0,0,0,1,0,0,0,0,0,1,1,0,0
175,88,0,5d482ea421c9be351f7621d2,2020-04-29 00:09:31.646000+00:00,i agree what does everyone else think,1.0,0,0.0,4,"i agree, what does everyone else think?",2,7,37,1,-0.7591309876001406,-1.158687989181228,0.0,0.0,0.0,0.0,0.0,0.0,0.0,0.0,0.0,0.0,0.0,0.0,0.0,0.0,0.0,0.0,0.0,0.0,0.0,0.01,0.01,0.01,0.0,0.02,0.0,0.0,0.0,0.0,0.0,0.0,0.01,0.02,0.0,0.0,0.0,0.0,0.0,0.01,0.0,0.0,0.0,0.02,0.0,0.0,0.0,0.01,0.01,0.0,0.0,0.0,0.0,0.0,0.01,0.030000000000000002,0.0,1,0,1.0,0.14285714285714285,0,0.0005036151718260998,0,0.0,0.0,0.3472,easy,39.323,0,0,1,0,1,0,0,0,0,0,0,1,0,0,0,0,0,0,0,0,0
175,88,0,5d482ea721c9be351f762d97,2020-04-29 00:09:31.771000+00:00,the mil should be learning english by living here  probably is hard but we all have to learn as we go,1.0,0,0.0,4,the mil should be learning english by living here.  probably is hard but we all have to learn as we go.,3,21,101,1,0.5141968254387196,-0.1605411069347484,0.01,0.0,0.0,0.02,0.01,0.02,0.01,0.0,0.02,0.0,0.0,0.0,0.0,0.0,0.01,0.0,0.0,0.0,0.0,0.0,0.0,0.02,0.0,0.03,0.01,0.0,0.01,0.0,0.0,0.0,0.02,0.0,0.0,0.02,0.0,0.0,0.0,0.0,0.01,0.01,0.01,0.05,0.0,0.01,0.01,0.04,0.08,0.03,0.02,0.01,0.0,0.0,0.02,0.13,0.01,0,0,0.9523809523809523,0.09523809523809523,0,0.0,1,0.2708333333333333,-0.14583333333333334,1.0415999999999999,easy,0.125,0,0,1,0,0,0,0,0,0,1,0,0,0,0,0,0,1,0,1,0,0
175,88,0,5d482ea321c9be351f761f92,2020-04-29 00:09:41.292000+00:00,i feel like this is a big difference between saying what you mean and meaning what you say the way it was stated he sounded very direspecting of the situation but then he seemed confused why family was so upset,1.0,0,0.0,4,i feel like this is a big difference between saying what you mean and meaning what you say. the way it was stated he sounded very direspecting of the situation but then he seemed confused why family was so upset,4,40,210,1,2.473162691652351,1.3750694811367588,0.0,0.03,0.010000000000000002,0.04000000000000001,0.0,0.010000000000000002,0.0,0.0,0.020000000000000004,0.020000000000000004,0.020000000000000004,0.0,0.0,0.0,0.0,0.0,0.0,0.010000000000000002,0.010000000000000002,0.010000000000000002,0.010000000000000002,0.04000000000000001,0.0,0.03,0.0,0.03,0.03,0.0,0.0,0.0,0.07,0.04000000000000001,0.0,0.0,0.0,0.010000000000000002,0.0,0.010000000000000002,0.010000000000000002,0.020000000000000004,0.010000000000000002,0.06,0.0,0.03,0.04000000000000001,0.03,0.09000000000000001,0.020000000000000004,0.0,0.04000000000000001,0.020000000000000004,0.020000000000000004,0.010000000000000002,0.23,0.0,0,0,0.875,0.025,4,0.0,0,0.44687499999999997,-0.128125,1.984,easy,9.521,0,0,1,0,1,0,0,0,0,0,0,1,1,0,0,0,0,1,1,0,0
175,88,0,5d482ea721c9be351f76308a,2020-04-29 00:10:07.809000+00:00,the writer  comes off as passive aggressive which rings an alarm he does have a right to be annoyed i think anyone would be,1.0,0,0.0,4,the writer  comes off as passive aggressive which rings an alarm. he does have a right to be annoyed i think anyone would be.,5,24,123,1,0.9059899986814458,0.14658101067955304,0.01,0.01,0.0,0.01,0.0,0.0,0.0,0.0,0.0,0.01,0.01,0.0,0.0,0.0,0.0,0.0,0.0,0.0,0.0,0.0,0.0,0.01,0.0,0.04,0.01,0.0,0.03,0.0,0.0,0.0,0.02,0.02,0.0,0.0,0.0,0.0,0.02,0.01,0.0,0.01,0.0,0.06999999999999999,0.0,0.03,0.0,0.049999999999999996,0.03,0.03,0.0,0.01,0.0,0.02,0.01,0.13,0.0,0,0,0.9583333333333334,0.041666666666666664,3,0.00015518311607697082,0,0.6678571428571429,-0.05714285714285716,1.1904,easy,26.517,0,0,1,0,1,0,0,0,0,0,1,0,0,0,0,0,0,1,1,0,0
175,88,0,5d482ea221c9be351f761f3c,2020-04-29 00:10:55.815000+00:00,yeah i agree with the passive agressiveness,1.0,0,0.0,4,"yeah, i agree with the passive agressiveness",6,7,43,1,-0.7591309876001406,-1.158687989181228,0.0,0.0,0.0,0.0,0.0,0.01,0.0,0.0,0.0,0.0,0.0,0.0,0.0,0.0,0.0,0.0,0.0,0.0,0.0,0.0,0.01,0.0,0.0,0.0,0.0,0.0,0.0,0.0,0.0,0.0,0.0,0.0,0.0,0.0,0.0,0.0,0.0,0.01,0.0,0.0,0.0,0.0,0.0,0.01,0.0,0.0,0.01,0.01,0.0,0.0,0.0,0.0,0.01,0.03,0.0,0,0,1.0,0.14285714285714285,1,0.3334885164494103,0,0.0,0.0,0.3472,easy,48.006,0,0,0,0,0,0,0,0,0,0,1,0,0,0,0,0,0,0,1,0,0
176,88,1,5d482ea321c9be351f761f92,2020-04-29 00:23:36.012000+00:00,im a little in between on this one but ultimatey think she was a bit dramatic,1.0,2,0.5,4,im a little in between on this one but ultimate;y think she was a bit dramatic,1,16,77,1,0.22035194550667497,0.3543272826519206,0.0,0.0,0.0,0.01,0.0,0.0,0.0,0.0,0.0,0.0,0.01,0.0,0.0,0.0,0.0,0.0,0.0,0.0,0.0,0.01,0.0,0.01,0.0,0.01,0.0,0.01,0.03,0.0,0.0,0.0,0.01,0.01,0.0,0.0,0.0,0.0,0.0,0.0,0.0,0.0,0.01,0.02,0.0,0.02,0.01,0.01,0.02,0.03,0.0,0.0,0.0,0.02,0.0,0.09,0.01,0,0,0.9375,0.0,0,0.0,1,0.55,-0.3104166666666667,0.7936,easy,0.0,0,0,1,0,1,0,0,0,0,0,0,1,0,0,0,0,0,0,0,0,0
176,88,1,5d482ea221c9be351f761f3c,2020-04-29 00:23:54.166000+00:00,so im thinking that she is the asshole here too seems to me like she isnt taking her husbands concerns seriously and is avoiding the work to help her family,1.0,2,0.5,4,"so, i'm thinking that she is the asshole here too. seems to me like she isn't taking her husbands concerns seriously and is avoiding the work to help her family",2,30,156,1,1.4936797585455353,1.7590716160024424,0.0,0.0,0.01,0.02,0.0,0.01,0.0,0.01,0.04,0.01,0.04,0.01,0.01,0.0,0.0,0.0,0.0,0.02,0.01,0.0,0.01,0.02,0.0,0.049999999999999996,0.0,0.0,0.0,0.0,0.0,0.0,0.07,0.01,0.0,0.01,0.0,0.0,0.01,0.01,0.0,0.01,0.0,0.049999999999999996,0.0,0.02,0.02,0.030000000000000002,0.04,0.02,0.0,0.0,0.0,0.02,0.01,0.16,0.0,0,0,0.8333333333333334,0.03333333333333333,2,0.003048780487804878,0,0.6666666666666666,-0.3333333333333333,1.488,easy,18.154,0,0,1,0,1,0,0,0,0,0,1,0,0,0,0,0,1,1,1,0,0
176,88,1,5d482ea721c9be351f762d97,2020-04-29 00:24:00.181000+00:00,my thought is she should have equally been taking the calls instead of passing them on and choosing that she is more busy than he is,1.0,2,0.5,4,my thought is she should have equally been taking the calls instead of passing them on and choosing that she is more busy than he is,3,26,132,1,1.1998348786134905,1.4348998467677068,0.01,0.0,0.0,0.01,0.0,0.01,0.0,0.0,0.01,0.0,0.030000000000000002,0.0,0.0,0.0,0.0,0.0,0.0,0.0,0.0,0.02,0.0,0.02,0.0,0.05,0.01,0.02,0.030000000000000002,0.0,0.0,0.0,0.05,0.01,0.0,0.01,0.0,0.0,0.0,0.01,0.0,0.0,0.0,0.08,0.0,0.01,0.01,0.060000000000000005,0.04,0.030000000000000002,0.0,0.0,0.0,0.0,0.01,0.18,0.0,0,0,0.8846153846153846,0.0,8,0.01639344262295082,0,0.35000000000000003,0.19999999999999998,1.2895999999999999,easy,6.015,0,0,1,0,0,0,0,0,0,0,0,1,0,0,0,0,0,0,0,0,0
176,88,1,5d482ea321c9be351f761f92,2020-04-29 00:24:02.777000+00:00,granted the husbands initial action may have ticked her off too,1.0,2,0.5,4,granted the husbands initial action may have ticked her off too,4,11,63,1,-0.2693895210467328,-0.18595899940597244,0.0,0.0,0.0,0.0,0.0,0.0,0.0,0.0,0.01,0.0,0.01,0.0,0.0,0.0,0.0,0.0,0.0,0.01,0.0,0.0,0.0,0.0,0.0,0.01,0.01,0.0,0.03,0.0,0.0,0.0,0.02,0.0,0.0,0.0,0.0,0.0,0.01,0.0,0.0,0.01,0.0,0.02,0.0,0.01,0.0,0.02,0.01,0.01,0.0,0.0,0.0,0.0,0.0,0.049999999999999996,0.0,0,0,1.0,0.0,2,0.0,0,0.05,0.05,0.5456,easy,2.596,0,0,1,0,0,0,0,0,0,0,0,0,0,0,0,0,0,0,0,0,0
176,88,1,5d482ea321c9be351f7620b3,2020-04-29 00:24:08.265000+00:00,seeing the other side of this situation makes it seem that she didnt show any appreciation to the husband for doing this for so long,1.0,2,0.5,4,seeing the other side of this situation makes it seem that she didn't show any appreciation to the husband for doing this for so long.,5,25,132,1,1.101886585302809,1.326842590356128,0.0,0.0,0.0,0.01,0.0,0.0,0.0,0.0,0.01,0.0,0.01,0.01,0.0,0.0,0.0,0.01,0.0,0.01,0.0,0.0,0.01,0.02,0.0,0.02,0.0,0.01,0.02,0.0,0.0,0.0,0.02,0.05,0.0,0.0,0.0,0.01,0.0,0.0,0.0,0.02,0.0,0.04,0.0,0.02,0.01,0.02,0.04,0.04,0.0,0.01,0.0,0.0,0.0,0.15,0.0,0,0,0.88,0.0,2,0.0,0,0.3875,-0.0875,1.8716,easy,5.488,0,0,0,0,0,0,0,0,0,0,0,0,0,0,0,0,0,0,0,0,0
176,88,1,5d482ea221c9be351f761f3c,2020-04-29 00:24:12.159000+00:00,yeah,1.0,2,0.5,4,yeah,6,1,4,1,-1.2488724541535483,-1.2665315635217584,0.0,0.0,0.0,0.0,0.0,0.0,0.0,0.0,0.0,0.0,0.0,0.0,0.0,0.0,0.0,0.0,0.0,0.0,0.0,0.0,0.0,0.0,0.0,0.0,0.0,0.0,0.0,0.0,0.0,0.0,0.0,0.0,0.0,0.0,0.0,0.0,0.0,0.0,0.0,0.0,0.0,0.0,0.0,0.0,0.0,0.0,0.0,0.0,0.0,0.0,0.0,0.0,0.0,0.0,0.0,0,0,1.0,0.0,0,0.0,0,0.0,0.0,0.0496,easy,3.894,0,0,0,0,0,0,0,0,0,0,0,0,0,0,0,0,0,0,0,0,0
176,88,1,5d482ea321c9be351f761f92,2020-04-29 00:24:15.516000+00:00,yeah,1.0,2,0.5,4,yeah,7,1,4,1,-1.2488724541535483,-1.2665315635217584,0.0,0.0,0.0,0.0,0.0,0.0,0.0,0.0,0.0,0.0,0.0,0.0,0.0,0.0,0.0,0.0,0.0,0.0,0.0,0.0,0.0,0.0,0.0,0.0,0.0,0.0,0.0,0.0,0.0,0.0,0.0,0.0,0.0,0.0,0.0,0.0,0.0,0.0,0.0,0.0,0.0,0.0,0.0,0.0,0.0,0.0,0.0,0.0,0.0,0.0,0.0,0.0,0.0,0.0,0.0,0,0,1.0,0.0,1,0.0,0,0.0,0.0,0.0496,easy,3.357,0,0,0,0,0,0,0,0,0,0,0,0,0,0,0,0,0,0,0,0,0
176,88,1,5d482ea221c9be351f761f3c,2020-04-29 00:24:39.046000+00:00,i think that she hsould be helping  and having more time is a dangerous perception for your significant other to have,1.0,2,0.5,4,i think that she hsould be helping - and having 'more time' is a dangerous perception for your significant other to have,8,21,117,1,0.6121451187494011,0.7865563082982351,0.0,0.0,0.0,0.01,0.0,0.01,0.0,0.0,0.0,0.0,0.01,0.0,0.0,0.0,0.0,0.0,0.0,0.0,0.0,0.02,0.01,0.02,0.0,0.029999999999999995,0.0,0.0,0.01,0.0,0.0,0.0,0.029999999999999995,0.02,0.0,0.0,0.0,0.0,0.01,0.01,0.0,0.0,0.0,0.049999999999999996,0.0,0.01,0.01,0.04,0.029999999999999995,0.02,0.0,0.0,0.01,0.029999999999999995,0.01,0.13999999999999999,0.0,0,0,1.0,0.047619047619047616,0,0.0,0,0.6625,0.037500000000000006,1.793504761904762,easy,23.53,0,0,1,0,1,0,0,0,0,0,0,1,1,0,0,0,0,1,1,0,0
176,88,1,5d482ea721c9be351f762d97,2020-04-29 00:24:41.413000+00:00,the husband pretty much tried but she was being the selfish one so id say she is the asshole,1.0,2,0.5,4,the husband pretty much tried but she was being the selfish one so i'd say she is the asshole,9,19,92,1,0.5141968254387196,0.6784990518866565,0.0,0.01,0.0,0.02,0.0,0.0,0.0,0.01,0.01,0.0,0.02,0.0,0.01,0.0,0.0,0.0,0.0,0.01,0.01,0.01,0.01,0.0,0.0,0.01,0.0,0.02,0.0,0.0,0.0,0.0,0.04,0.0,0.0,0.0,0.0,0.0,0.01,0.0,0.0,0.01,0.01,0.04,0.0,0.03,0.02,0.03,0.02,0.0,0.0,0.01,0.0,0.01,0.0,0.1,0.0,0,0,0.8421052631578947,0.0,3,0.0,0,0.7333333333333334,-0.016666666666666663,0.9424,easy,2.367,0,0,0,0,0,0,0,0,0,0,1,0,0,0,0,0,1,1,1,0,0
176,88,1,5d482ea321c9be351f761f92,2020-04-29 00:24:48.982000+00:00,i think she was less dramatic about it just like annoyed at my hubs vibe but that she is also in the wrong here too,1.0,2,0.5,4,"i think she was less dramatic about it, just like ""annoyed at my hubs"" vibe, but that she is also in the wrong here too",10,25,115,1,0.9059899986814458,1.1107280775329709,0.0,0.0,0.0,0.02,0.0,0.0,0.0,0.0,0.049999999999999996,0.0,0.02,0.0,0.0,0.0,0.0,0.0,0.0,0.0,0.01,0.01,0.01,0.01,0.0,0.02,0.0,0.01,0.02,0.0,0.0,0.0,0.02,0.02,0.0,0.0,0.0,0.0,0.01,0.02,0.0,0.0,0.02,0.029999999999999995,0.0,0.01,0.02,0.02,0.029999999999999995,0.029999999999999995,0.0,0.0,0.0,0.01,0.02,0.16,0.0,0,0,0.96,0.08,6,0.0,0,0.5916666666666667,-0.375,1.24,easy,7.569,0,0,1,0,1,0,0,0,0,0,1,1,0,0,0,0,0,1,1,0,0
176,88,1,5d482ea721c9be351f76308a,2020-04-29 00:25:01.559000+00:00,i see the writer side and his side it makes also feel in between she was dramatizing it her husband did come off a little angry which could cause her reaction,1.0,2,0.5,4,i see the writer side and his side. it makes also feel in between. she was dramatizing it. her husband did come off a little angry which could cause her reaction.,11,31,158,1,1.5916280518562167,1.8671288724140211,0.01,0.0,0.0,0.02,0.0,0.02,0.0,0.0,0.01,0.0,0.04,0.0,0.0,0.0,0.0,0.01,0.0,0.01,0.0,0.0,0.0,0.01,0.0,0.04,0.0,0.02,0.060000000000000005,0.0,0.0,0.0,0.05,0.030000000000000002,0.0,0.0,0.0,0.030000000000000002,0.01,0.01,0.01,0.0,0.0,0.07,0.0,0.02,0.02,0.030000000000000002,0.07,0.030000000000000002,0.0,0.02,0.0,0.01,0.01,0.16,0.01,0,0,0.9032258064516129,0.03225806451612903,6,0.002147214988586931,1,0.75,-0.34375,2.046954838709677,easy,12.577,0,0,1,0,0,0,0,0,0,0,0,1,0,0,0,0,0,0,1,0,0
177,89,0,5ea8b7c87d50722703c5605d,2020-04-29 00:50:22.019000+00:00,i thought that the persons son was pretty old and he shouldnt act that way hes her son but he is an adult not a child,0.6,0,0.0,5,"i thought that the person's son was pretty old, and he shouldn't act that way; he's her son but he is an adult not a child.",1,26,117,1,1.101886585302809,0.7212533277945317,0.01,0.0,0.0,0.02,0.0,0.01,0.0,0.0,0.0,0.0,0.04,0.02,0.0,0.0,0.0,0.0,0.0,0.02,0.0,0.0,0.01,0.01,0.029999999999999995,0.02,0.01,0.02,0.029999999999999995,0.0,0.0,0.0,0.09,0.02,0.0,0.0,0.0,0.0,0.0,0.01,0.0,0.01,0.02,0.049999999999999996,0.0,0.029999999999999995,0.02,0.04,0.05999999999999999,0.0,0.0,0.0,0.0,0.02,0.01,0.13999999999999999,0.0,0,0,0.8846153846153846,0.038461538461538464,0,0.0,0,0.5,0.15,1.2895999999999999,easy,0.0,0,0,1,0,1,0,0,0,0,0,0,1,0,0,0,0,0,1,0,0,0
177,89,0,5d482ea321c9be351f7620dc,2020-04-29 00:50:31.327000+00:00,reading feels incomplete but its not something id be uncomfortable with in my house,0.6,0,0.0,5,"reading feels incomplete, but it's not something i'd be uncomfortable with in my house",2,14,83,1,-0.07349293442536971,-0.5376615716286508,0.0,0.0,0.01,0.01,0.0,0.01,0.0,0.0,0.0,0.01,0.0,0.01,0.0,0.0,0.0,0.0,0.0,0.0,0.0,0.0,0.0,0.01,0.0,0.01,0.0,0.0,0.01,0.0,0.0,0.0,0.0,0.02,0.0,0.0,0.0,0.0,0.0,0.01,0.01,0.02,0.03,0.02,0.0,0.0,0.01,0.01,0.06,0.02,0.0,0.01,0.0,0.0,0.01,0.06999999999999999,0.0,0,0,1.0,0.07142857142857142,2,0.0,0,1.0,-0.5,5.458757142857143,medium,9.308,0,0,1,0,1,0,0,0,0,0,1,0,0,0,0,0,0,0,1,0,0
177,89,0,5d482ea321c9be351f7620c3,2020-04-29 00:50:59.421000+00:00,i think the mom could have handled it better,0.6,0,0.0,5,i think the mom could have handled it better.,3,9,44,1,-0.5632344009787775,-1.0622094463883103,0.01,0.0,0.0,0.0,0.0,0.0,0.0,0.01,0.0,0.0,0.0,0.0,0.0,0.0,0.0,0.0,0.0,0.01,0.0,0.0,0.01,0.01,0.0,0.02,0.0,0.0,0.0,0.0,0.0,0.0,0.01,0.01,0.0,0.0,0.0,0.0,0.0,0.01,0.0,0.0,0.0,0.03,0.0,0.01,0.0,0.02,0.02,0.0,0.0,0.0,0.0,0.01,0.01,0.04,0.0,0,0,1.0,0.1111111111111111,0,0.0,0,0.5,0.5,0.44639999999999996,easy,28.094,0,0,1,0,1,0,0,0,0,0,0,1,0,0,0,0,0,1,0,0,0
177,89,0,5ea8b7c87d50722703c5605d,2020-04-29 00:51:41.791000+00:00,if the son is still living with his mom at that age he should show some more respect,0.6,0,0.0,5,if the son is still living with his mom at that age he should show some more respect.,4,18,84,1,0.4162485321280381,-0.013113696868991484,0.019999999999999997,0.0,0.0,0.009999999999999998,0.0,0.009999999999999998,0.009999999999999998,0.0,0.009999999999999998,0.0,0.019999999999999997,0.0,0.0,0.0,0.009999999999999998,0.0,0.0,0.019999999999999997,0.0,0.019999999999999997,0.0,0.0,0.0,0.009999999999999998,0.009999999999999998,0.0,0.03,0.0,0.0,0.0,0.039999999999999994,0.009999999999999998,0.0,0.0,0.0,0.0,0.0,0.0,0.0,0.019999999999999997,0.009999999999999998,0.019999999999999997,0.0,0.009999999999999998,0.0,0.019999999999999997,0.039999999999999994,0.019999999999999997,0.0,0.0,0.0,0.009999999999999998,0.0,0.11,0.0,0,0,1.0,0.0,1,0.0014388489208633094,0,0.5,0.5,0.8927999999999999,easy,42.37,0,0,1,0,0,0,0,0,0,0,0,0,0,0,0,0,0,1,0,0,0
178,89,1,5ea8b7c87d50722703c5605d,2020-04-29 01:05:17.641000+00:00,this person chose her husband over her mother understandable that the mother is upset,0.75,0,0.0,4,this person chose her husband over her mother. understandable that the mother is upset,1,14,85,1,0.024455358885311848,0.005945433505536146,0.0,0.0,0.0,0.0,0.0,0.0,0.0,0.0,0.0,0.01,0.02,0.0,0.0,0.0,0.0,0.0,0.0,0.03,0.01,0.0,0.0,0.01,0.01,0.01,0.0,0.0,0.01,0.0,0.0,0.0,0.06,0.02,0.0,0.0,0.0,0.0,0.0,0.0,0.0,0.0,0.0,0.01,0.0,0.01,0.0,0.01,0.01,0.01,0.0,0.0,0.0,0.01,0.0,0.06999999999999999,0.0,0,0,0.8571428571428571,0.0,0,0.0,0,0.0,0.0,5.458757142857143,medium,0.0,0,0,0,0,0,0,0,0,0,0,0,0,0,0,0,0,0,1,1,0,0
178,89,1,5d482ea321c9be351f7620dc,2020-04-29 01:05:35.125000+00:00,it seems that if her mother is expressing that she would like to be caught up theres more she could be doing regardless of her husband,0.75,0,0.0,4,"it seems that if her mother is expressing that she would like to be caught up, there's more she could be doing, regardless of her husband.",2,26,134,1,1.1998348786134905,1.3615042727677846,0.04,0.0,0.0,0.01,0.0,0.0,0.0,0.0,0.01,0.0,0.04,0.0,0.0,0.0,0.0,0.0,0.0,0.02,0.0,0.01,0.01,0.01,0.0,0.03,0.01,0.01,0.02,0.0,0.0,0.0,0.07,0.03,0.0,0.0,0.0,0.0,0.0,0.0,0.0,0.02,0.01,0.09000000000000001,0.0,0.0,0.0,0.07,0.049999999999999996,0.03,0.0,0.0,0.0,0.01,0.0,0.16,0.0,0,0,0.8461538461538461,0.0,5,0.0015774197098932846,0,0.5,0.5,1.2895999999999999,easy,17.484,0,0,1,0,1,0,0,0,0,0,0,0,0,0,0,0,0,1,0,0,0
178,89,1,5d482ea321c9be351f762063,2020-04-29 01:05:35.734000+00:00,i voting not asshole  when she got married her commitment was with her husband,0.75,0,0.0,4,i voting not asshole.  when she got married her commitment was with her husband.,3,14,78,1,-0.07349293442536971,-0.10701780309965123,0.0,0.0,0.0,0.01,0.01,0.01,0.0,0.0,0.01,0.0,0.030000000000000002,0.01,0.01,0.0,0.0,0.0,0.0,0.02,0.0,0.0,0.01,0.0,0.0,0.0,0.0,0.02,0.01,0.0,0.0,0.0,0.049999999999999996,0.0,0.0,0.0,0.0,0.0,0.01,0.01,0.0,0.0,0.01,0.02,0.0,0.0,0.0,0.01,0.030000000000000002,0.01,0.0,0.0,0.0,0.01,0.01,0.08,0.0,1,0,0.9285714285714286,0.07142857142857142,3,0.000727802037845706,0,0.25,0.25,0.6944,easy,0.609,0,0,0,0,0,0,0,0,0,0,0,1,0,0,0,0,0,1,0,0,0
178,89,1,5ea8b7c87d50722703c5605d,2020-04-29 01:05:47.499000+00:00,she spoke in both languages her mother should accept that her husband is probably more important to her now than her mother used to be,0.75,0,0.0,4,"she spoke in both languages, her mother should accept that her husband is probably more important to her now than her mother used to be.",4,25,134,1,1.101886585302809,1.2485410361625973,0.01,0.01,0.0,0.0,0.0,0.01,0.0,0.01,0.02,0.0,0.049999999999999996,0.0,0.0,0.0,0.0,0.0,0.0,0.03,0.0,0.02,0.02,0.01,0.0,0.01,0.01,0.02,0.03,0.0,0.0,0.0,0.09999999999999999,0.01,0.0,0.0,0.0,0.01,0.0,0.0,0.0,0.01,0.0,0.049999999999999996,0.0,0.0,0.0,0.03,0.049999999999999996,0.04,0.0,0.01,0.0,0.01,0.0,0.16,0.01,0,0,0.8,0.0,5,0.000727802037845706,1,0.75,0.45,1.24,easy,11.765,0,0,1,0,0,0,0,0,0,0,0,0,0,0,0,0,0,1,0,0,0
178,89,1,5d482ea321c9be351f7620dc,2020-04-29 01:06:38.347000+00:00,its possible that her mother is being unreasonable though hard to say from this,0.75,0,0.0,4,"it's possible that her mother is being unreasonable though, hard to say from this.",5,14,79,1,0.024455358885311848,0.005945433505536146,0.0,0.01,0.0,0.01,0.0,0.0,0.0,0.0,0.01,0.0,0.01,0.0,0.0,0.0,0.0,0.0,0.0,0.01,0.0,0.0,0.0,0.0,0.0,0.01,0.0,0.0,0.0,0.0,0.0,0.0,0.030000000000000002,0.030000000000000002,0.0,0.0,0.0,0.0,0.0,0.0,0.01,0.01,0.0,0.02,0.0,0.0,0.0,0.02,0.01,0.02,0.0,0.02,0.0,0.0,0.0,0.08,0.0,0,0,1.0,0.0,4,0.0008496176720475786,0,0.7708333333333333,-0.14583333333333334,5.458757142857143,medium,50.848,0,0,1,0,0,0,0,0,0,0,0,0,0,0,0,0,0,0,1,0,0
179,90,0,5d482ea221c9be351f761ec9,2020-04-29 01:07:08.896000+00:00,not an asshole they are saying with him for a week at least they can do is just speak english when he is in the same room staying,1.0,1,0.2,5,not an asshole. they are saying with him for a week at least they can do is just speak english when he is in the same room staying*,1,28,129,1,1.3957314652348536,1.02712840682652,0.0,0.02,0.01,0.01,0.0,0.01,0.0,0.0,0.02,0.0,0.02,0.01,0.01,0.0,0.0,0.0,0.0,0.0,0.0,0.02,0.0,0.0,0.0,0.05,0.0,0.0,0.06,0.0,0.0,0.0,0.06,0.0,0.0,0.0,0.0,0.0,0.01,0.0,0.0,0.0,0.02,0.05,0.0,0.03,0.01,0.05,0.04,0.04,0.0,0.02,0.0,0.01,0.0,0.2,0.0,0,0,0.9285714285714286,0.0,0,0.0,0,0.17500000000000002,-0.09999999999999999,1.3888,easy,0.0,0,0,0,0,0,0,0,0,0,0,0,0,0,0,0,0,0,0,0,0,0
179,90,0,5d482ea321c9be351f76216f,2020-04-29 01:07:19.666000+00:00,hi i dont think shes an asshole if theyre with someone then they ought to speak in a language everyone can understand if they wanted to say something privately they could go to a private area,1.0,1,0.2,5,"hi! i don't think she's an asshole. if they're with someone, then they ought to speak in a language everyone can understand. if they wanted to say something privately, they could go to a private area.",2,36,191,1,1.983421225098943,1.6792734270338345,0.049999999999999996,0.02,0.0,0.03,0.0,0.01,0.0,0.0,0.0,0.0,0.01,0.01,0.01,0.0,0.0,0.0,0.0,0.0,0.0,0.0,0.0,0.02,0.0,0.06999999999999999,0.01,0.01,0.04,0.0,0.0,0.0,0.12,0.03,0.0,0.0,0.0,0.0,0.01,0.01,0.0,0.04,0.03,0.09999999999999999,0.0,0.03,0.0,0.06,0.09999999999999999,0.049999999999999996,0.0,0.02,0.0,0.02,0.01,0.16,0.0,0,0,0.8333333333333334,0.05555555555555555,9,0.0013416553908086467,0,0.375,0.0,1.7855999999999999,easy,10.77,0,0,1,0,1,0,0,0,0,0,1,0,0,0,1,0,0,0,0,0,0
179,90,0,5d482ea221c9be351f761f3b,2020-04-29 01:07:48.756000+00:00,i think the parent is not the asshole they were making it awkward by speaking french and then blamed the parent for feeling awkward about it,1.0,1,0.2,5,"i think the parent is not the asshole. they were making it awkward by speaking french, and then blamed the parent for feeling awkward about it.",3,26,140,1,1.101886585302809,0.7010558967228628,0.0,0.009999999999999998,0.0,0.019999999999999997,0.0,0.009999999999999998,0.0,0.0,0.009999999999999998,0.019999999999999997,0.0,0.009999999999999998,0.009999999999999998,0.0,0.0,0.0,0.0,0.019999999999999997,0.0,0.0,0.0,0.019999999999999997,0.0,0.019999999999999997,0.0,0.009999999999999998,0.009999999999999998,0.0,0.0,0.0,0.049999999999999996,0.019999999999999997,0.0,0.0,0.0,0.009999999999999998,0.019999999999999997,0.009999999999999998,0.009999999999999998,0.0,0.009999999999999998,0.03,0.0,0.03,0.009999999999999998,0.019999999999999997,0.049999999999999996,0.03,0.0,0.019999999999999997,0.0,0.0,0.009999999999999998,0.15,0.0,0,0,0.8076923076923077,0.038461538461538464,2,0.0008238201029820396,0,0.6666666666666666,-0.39999999999999997,1.2895999999999999,easy,29.09,0,0,1,0,1,0,0,0,0,0,0,1,0,0,0,0,0,0,1,0,0
179,90,0,5d482ea221c9be351f761f7d,2020-04-29 01:07:57.467000+00:00,not an asshole because it is rude to speak a language others dont understand in front of them that said maybe she wasnt meant to be part of the conversation,1.0,1,0.2,5,"not an asshole because it is rude to speak a language others don't understand in front of them. that said, maybe she wasn't meant to be part of the conversation.",4,30,156,1,1.5916280518562167,1.2445100802289581,0.0,0.02,0.0,0.01,0.0,0.0,0.0,0.0,0.01,0.0,0.01,0.030000000000000002,0.01,0.0,0.0,0.0,0.0,0.0,0.01,0.01,0.0,0.02,0.0,0.030000000000000002,0.0,0.030000000000000002,0.02,0.0,0.0,0.0,0.060000000000000005,0.030000000000000002,0.0,0.0,0.0,0.01,0.02,0.0,0.0,0.01,0.01,0.07,0.0,0.030000000000000002,0.01,0.04,0.049999999999999996,0.049999999999999996,0.0,0.02,0.0,0.01,0.0,0.16,0.01,0,0,0.9333333333333333,0.0,4,0.0003202049311559398,1,0.6,-0.3,2.0143333333333335,easy,8.711,0,0,1,0,0,0,0,0,0,0,0,0,0,0,0,0,0,0,1,0,0
179,90,0,5d482ea921c9be351f76367d,2020-04-29 01:08:36.519000+00:00,me niether because they could possible be say rude or bad things about the person who posted this,1.0,1,0.2,5,me niether because they could possible be say rude or bad things about the person who posted this.,5,18,97,1,0.4162485321280381,-0.05977996018567056,0.01,0.01,0.0,0.02,0.0,0.0,0.0,0.0,0.01,0.0,0.0,0.0,0.0,0.0,0.0,0.0,0.0,0.0,0.01,0.0,0.0,0.0,0.01,0.0,0.0,0.0,0.0,0.0,0.0,0.0,0.04,0.03,0.0,0.0,0.0,0.01,0.01,0.01,0.0,0.02,0.01,0.02,0.0,0.01,0.01,0.02,0.04,0.01,0.0,0.01,0.0,0.0,0.01,0.09,0.0,0,0,1.0,0.0,3,0.0026246719160104987,0,0.7555555555555555,-0.33333333333333326,0.8927999999999999,easy,39.052,0,0,1,0,1,0,0,0,0,0,0,0,0,0,0,0,0,0,1,0,0
180,90,2,5d482ea321c9be351f7620bc,2020-04-29 01:36:45.573000+00:00,why is he even visiting his mother if hes not going to talk to her,0.8,1,0.2,5,why is he even visiting his mother if he's not going to talk to her?,1,15,66,1,0.1224036521959934,-0.20876063459558675,0.01,0.0,0.0,0.01,0.0,0.0,0.0,0.0,0.01,0.0,0.04,0.01,0.0,0.0,0.0,0.0,0.0,0.01,0.0,0.0,0.0,0.0,0.0,0.02,0.0,0.0,0.02,0.0,0.0,0.0,0.07,0.0,0.0,0.0,0.0,0.01,0.0,0.0,0.0,0.01,0.02,0.02,0.0,0.0,0.0,0.02,0.030000000000000002,0.02,0.0,0.0,0.0,0.0,0.0,0.09,0.0,1,0,0.9333333333333333,0.0,0,0.0,0,0.0,0.0,0.744,easy,0.0,0,0,0,0,0,0,0,0,0,0,0,0,0,0,0,1,0,0,0,0,0
180,90,2,5d482ea221c9be351f761f7d,2020-04-29 01:36:59.497000+00:00,i feel like he might be the asshole because it sounds like its just the mom who lives there and no other family members so she is being excluded,0.8,1,0.2,5,"i feel like he might be the asshole because it sounds like it's just the mom who lives there and no other family members, so she is being excluded.",2,29,144,1,1.3957314652348536,0.9129798419647,0.0,0.009999999999999998,0.009999999999999998,0.03,0.0,0.009999999999999998,0.0,0.0,0.03,0.0,0.019999999999999997,0.009999999999999998,0.009999999999999998,0.0,0.0,0.0,0.0,0.019999999999999997,0.0,0.0,0.019999999999999997,0.009999999999999998,0.009999999999999998,0.019999999999999997,0.009999999999999998,0.0,0.0,0.0,0.0,0.0,0.06,0.039999999999999994,0.0,0.0,0.0,0.009999999999999998,0.009999999999999998,0.009999999999999998,0.009999999999999998,0.009999999999999998,0.019999999999999997,0.05,0.0,0.019999999999999997,0.05,0.039999999999999994,0.06,0.0,0.0,0.019999999999999997,0.0,0.019999999999999997,0.009999999999999998,0.18,0.0,0,0,0.9310344827586207,0.034482758620689655,2,0.0,0,0.375,0.0625,1.4384,easy,13.924,0,0,1,0,1,0,0,0,0,0,0,1,0,0,0,0,0,1,0,0,0
180,90,2,5d482ea321c9be351f76216f,2020-04-29 01:37:15.082000+00:00,i think she is being a little bit of an asshole she could compromise and translate between her husband and mother that way her husband is comfortable and her mother is included in the conversation it seems like the least she could do ,0.8,1,0.2,5,"i think she is being a little bit of an asshole. she could compromise and translate between her husband and mother. that way, her husband is comfortable and her mother is included in the conversation. it seems like the least she could do, ",3,43,234,1,2.7670075715843954,2.121008047491163,0.02,0.0,0.0,0.029999999999999995,0.0,0.04,0.0,0.0,0.0,0.0,0.05999999999999999,0.0,0.01,0.0,0.0,0.0,0.0,0.04,0.0,0.02,0.02,0.02,0.0,0.05999999999999999,0.0,0.0,0.029999999999999995,0.0,0.0,0.0,0.10999999999999999,0.02,0.0,0.0,0.0,0.0,0.01,0.01,0.0,0.01,0.0,0.09,0.0,0.04,0.029999999999999995,0.06999999999999999,0.08,0.029999999999999995,0.0,0.0,0.0,0.029999999999999995,0.01,0.23999999999999996,0.01,0,0,0.7209302325581395,0.023255813953488372,14,0.0004753880472329106,1,0.5666666666666668,-0.029166666666666657,2.5000093023255814,easy,15.585,0,0,1,0,1,0,0,0,0,0,0,1,0,0,0,0,0,1,0,0,0
180,90,2,5d482ea221c9be351f761f3b,2020-04-29 01:37:19.932000+00:00,i think this person is the asshole the mother just wants to be included in the conversation and catch up on her childs life it is rude to spend the whole time speaking another language and not including her,0.8,1,0.2,5,i think this person is the asshole. the mother just wants to be included in the conversation and catch up on her child's life. it is rude to spend the whole time speaking another language and not including her.,4,39,206,1,2.375214398341669,1.7758571316264589,0.01,0.01,0.0,0.02,0.0,0.04,0.01,0.0,0.01,0.0,0.02,0.01,0.01,0.0,0.01,0.0,0.0,0.01,0.01,0.01,0.0,0.01,0.01,0.04,0.0,0.0,0.05,0.0,0.0,0.0,0.06999999999999999,0.02,0.0,0.0,0.01,0.0,0.02,0.01,0.0,0.0,0.02,0.05,0.0,0.04,0.030000000000000002,0.030000000000000002,0.08,0.05,0.0,0.01,0.0,0.0,0.01,0.21,0.0,0,0,0.8205128205128205,0.02564102564102564,12,0.010773488051550482,0,0.3666666666666667,0.03333333333333335,2.3392717948717947,easy,4.85,0,0,1,0,1,0,0,0,0,0,0,1,0,0,0,0,0,0,1,0,0
180,90,2,5d482ea321c9be351f76216f,2020-04-29 01:37:23.392000+00:00,considering her mother is hosting them,0.8,1,0.2,5,considering her mother is hosting them.,5,6,38,1,-0.7591309876001406,-0.9853501952911699,0.0,0.0,0.0,0.0,0.0,0.0,0.0,0.0,0.0,0.0,0.01,0.0,0.0,0.0,0.0,0.0,0.0,0.01,0.0,0.0,0.0,0.01,0.0,0.01,0.0,0.0,0.0,0.0,0.0,0.0,0.03,0.0,0.0,0.0,0.0,0.0,0.0,0.0,0.0,0.0,0.0,0.01,0.0,0.0,0.0,0.01,0.01,0.0,0.0,0.0,0.0,0.0,0.0,0.03,0.0,0,0,1.0,0.0,2,0.0008496176720475786,0,0.0,0.0,6.565766666666667,difficult,3.46,0,0,0,0,0,0,0,0,0,0,0,0,0,0,0,0,0,0,0,0,0
180,90,2,5d482ea321c9be351f7620bc,2020-04-29 01:37:37.719000+00:00,there are ways to get around the shyness he could speak to his husband in english and let the husband answer in german then he translates for his mom,0.8,1,0.2,5,"there are ways to get around the shyness. he could speak to his husband in english and let the husband answer in german, then he translates for his mom.",6,29,149,1,1.4936797585455353,0.9992675709308758,0.01,0.01,0.0,0.02,0.0,0.02,0.0,0.0,0.02,0.01,0.04,0.0,0.0,0.0,0.0,0.0,0.0,0.03,0.01,0.0,0.0,0.01,0.0,0.02,0.0,0.0,0.04,0.0,0.0,0.0,0.08,0.0,0.0,0.0,0.0,0.0,0.0,0.0,0.0,0.0,0.0,0.04,0.0,0.02,0.01,0.03,0.04,0.06,0.0,0.01,0.0,0.0,0.0,0.15,0.0,0,0,0.7931034482758621,0.0,0,0.0,0,0.0,0.0,1.4384,easy,14.327,0,0,1,0,0,0,0,0,0,0,0,0,0,0,0,0,0,0,0,0,0
180,90,2,5d482ea221c9be351f761ec9,2020-04-29 01:37:47.207000+00:00,i believe this person is being an asshole the reason is because they are staying the mother the mother allowed them to stay and she wants to feel included yes the husband doesnt want to stay the wrong thing but he can always learn ,0.8,1,0.2,5,i believe this person is being an asshole. the reason is because they are staying the mother. the mother allowed them to stay and she wants to feel included. yes the husband doesn't want to stay the wrong thing but he can always learn. ,7,44,231,1,2.864955864895077,2.2072957764573387,0.02,0.0,0.0,0.030000000000000002,0.01,0.02,0.0,0.0,0.0,0.0,0.02,0.01,0.01,0.0,0.0,0.0,0.0,0.030000000000000002,0.01,0.0,0.0,0.04,0.01,0.09,0.0,0.0,0.04,0.0,0.0,0.0,0.08,0.02,0.0,0.01,0.0,0.030000000000000002,0.01,0.01,0.01,0.0,0.01,0.09999999999999999,0.0,0.060000000000000005,0.04,0.060000000000000005,0.12000000000000001,0.030000000000000002,0.0,0.01,0.0,0.0,0.01,0.23,0.0,0,0,0.7954545454545454,0.022727272727272728,11,0.000727802037845706,0,0.5,-0.15,2.1824,easy,9.488,0,0,1,0,0,0,0,0,0,0,0,1,0,0,0,0,0,0,1,0,0
180,90,2,5d482ea221c9be351f761f7d,2020-04-29 01:38:12.948000+00:00,also since they are living in the us and germany parttime they could make learning each others language a good bonding activity,0.8,1,0.2,5,"also, since they are living in the us and germany part-time, they could make learning each other's language a good bonding activity.",8,22,127,1,0.8080417053707643,0.39525346816764456,0.01,0.0,0.0,0.02,0.0,0.02,0.01,0.0,0.01,0.0,0.0,0.0,0.0,0.0,0.01,0.0,0.0,0.0,0.0,0.01,0.01,0.01,0.0,0.02,0.0,0.0,0.01,0.0,0.0,0.0,0.04,0.01,0.0,0.01,0.0,0.02,0.0,0.0,0.0,0.0,0.0,0.03,0.0,0.02,0.01,0.02,0.06,0.02,0.01,0.0,0.0,0.02,0.0,0.08,0.0,0,0,0.9545454545454546,0.0,5,0.0,0,0.6000000000000001,0.7,1.0912,easy,25.741,0,0,0,0,0,0,0,0,0,1,0,0,0,0,0,0,0,1,0,0,0
181,92,0,5d482ea421c9be351f7623b9,2020-04-29 17:01:40.776000+00:00,im going to deff go with she is the asshole in this case,0.714285714,1,0.142857143,7,im going to deff go with she is the asshole in this case,1,13,56,1,-0.07349293442536971,-0.08048517155739417,0.0,0.0,0.0,0.0,0.0,0.01,0.0,0.0,0.0,0.0,0.01,0.0,0.01,0.0,0.0,0.0,0.0,0.0,0.0,0.0,0.0,0.0,0.0,0.02,0.0,0.0,0.030000000000000002,0.0,0.0,0.0,0.01,0.01,0.0,0.0,0.0,0.0,0.01,0.0,0.0,0.0,0.0,0.02,0.0,0.01,0.0,0.01,0.01,0.030000000000000002,0.0,0.0,0.0,0.0,0.0,0.07,0.0,0,0,1.0,0.0,0,0.0,0,0.0,0.0,0.6447999999999999,easy,0.0,0,0,0,0,0,0,0,0,0,0,0,1,0,0,0,0,0,0,0,0,0
181,92,0,5d482ea521c9be351f7626dd,2020-04-29 17:01:44.955000+00:00,i do not think that the person is an asshole just not being as considerate of everyone,0.714285714,1,0.142857143,7,"i do not think that the person is an ""asshole"" just not being as considerate of everyone.",2,17,86,1,0.22035194550667497,0.19389609511554023,0.0,0.0,0.0,0.01,0.0,0.0,0.0,0.0,0.01,0.0,0.0,0.02,0.01,0.0,0.0,0.0,0.0,0.0,0.0,0.0,0.01,0.01,0.01,0.03,0.0,0.0,0.0,0.0,0.0,0.0,0.02,0.02,0.0,0.0,0.0,0.0,0.01,0.01,0.0,0.0,0.03,0.04,0.0,0.02,0.01,0.03,0.04,0.02,0.0,0.0,0.0,0.01,0.01,0.12,0.0,0,0,0.9411764705882353,0.058823529411764705,2,0.0003202049311559398,0,0.0,0.0,5.408523529411765,medium,4.179,0,0,1,0,1,0,0,0,0,0,0,1,0,0,0,0,0,1,0,0,0
181,92,0,5d482ea621c9be351f762bd4,2020-04-29 17:02:05.552000+00:00,i think this mom is not an asshole this is just common sense,0.714285714,1,0.142857143,7,i think this mom is not an asshole. this is just common sense.,3,13,60,1,-0.17144122773605125,-0.17194559378170562,0.0,0.0,0.0,0.0,0.0,0.0,0.0,0.0,0.01,0.0,0.0,0.01,0.01,0.0,0.0,0.0,0.0,0.01,0.0,0.0,0.0,0.02,0.0,0.03,0.0,0.0,0.01,0.0,0.0,0.0,0.01,0.02,0.0,0.0,0.0,0.0,0.01,0.01,0.0,0.0,0.02,0.03,0.0,0.01,0.01,0.02,0.04,0.0,0.0,0.0,0.0,0.0,0.01,0.08,0.0,0,0,0.8461538461538461,0.07692307692307693,5,0.0008238201029820396,0,0.5,-0.3,0.6447999999999999,easy,20.597,0,0,1,0,1,0,0,0,0,0,0,1,0,0,0,0,0,0,0,0,0
181,92,0,5d482ea521c9be351f762488,2020-04-29 17:02:06.196000+00:00,i think we are missing some context like if it was just a quick exchange or a full 510 minute convo but i dont think the op is the asshole,0.714285714,1,0.142857143,7,"i think we are missing some context (like if it was just a quick exchange or a full 5-10 minute convo), but i don't think the op is the asshole.",4,30,138,1,1.2977831719241721,1.1999607395829663,0.01,0.0,0.0,0.029999999999999995,0.0,0.01,0.0,0.0,0.02,0.0,0.0,0.01,0.01,0.0,0.0,0.0,0.0,0.0,0.0,0.02,0.01,0.02,0.0,0.049999999999999996,0.0,0.01,0.029999999999999995,0.0,0.0,0.01,0.01,0.01,0.0,0.0,0.01,0.0,0.01,0.02,0.0,0.029999999999999995,0.04,0.05999999999999999,0.0,0.04,0.02,0.04,0.08,0.0,0.01,0.0,0.0,0.029999999999999995,0.029999999999999995,0.16,0.0,0,0,0.8666666666666667,0.1,2,0.0013274352748081394,0,0.3666666666666667,0.1611111111111111,1.488,easy,0.644,0,0,1,0,1,0,0,0,0,1,1,1,0,0,0,0,0,1,0,0,0
181,92,0,5d482ea621c9be351f7629f3,2020-04-29 17:02:09.952000+00:00,this person is not an asshole  i agree with not being considerate of everyone ,0.714285714,1,0.142857143,7,this person is not an asshole.  i agree with not being considerate of everyone. ,5,14,78,1,-0.07349293442536971,-0.08048517155739417,0.0,0.0,0.0,0.0,0.0,0.01,0.0,0.0,0.0,0.0,0.0,0.02,0.01,0.0,0.0,0.0,0.0,0.0,0.0,0.0,0.02,0.0,0.01,0.01,0.0,0.0,0.0,0.0,0.0,0.0,0.02,0.02,0.0,0.0,0.0,0.0,0.01,0.01,0.0,0.0,0.02,0.02,0.0,0.01,0.0,0.02,0.030000000000000002,0.02,0.0,0.0,0.0,0.01,0.01,0.09000000000000001,0.0,0,0,0.9285714285714286,0.07142857142857142,1,0.0004753880472329106,0,0.0,0.0,5.458757142857143,medium,3.756,0,0,0,0,0,0,0,0,0,0,1,0,0,0,0,0,0,1,0,0,0
181,92,0,5d482ea521c9be351f762488,2020-04-29 17:02:19.204000+00:00,agree be considerate ,0.714285714,1,0.142857143,7,"agree, be considerate. ",6,3,21,1,-1.0529758675321852,-0.9950893938005089,0.0,0.0,0.0,0.0,0.0,0.0,0.0,0.0,0.0,0.0,0.0,0.0,0.0,0.0,0.0,0.0,0.0,0.0,0.0,0.0,0.019999999999999997,0.0,0.0,0.0,0.0,0.0,0.0,0.0,0.0,0.0,0.0,0.0,0.0,0.0,0.0,0.0,0.0,0.0,0.0,0.0,0.0,0.009999999999999998,0.0,0.0,0.0,0.009999999999999998,0.0,0.0,0.0,0.0,0.0,0.009999999999999998,0.0,0.009999999999999998,0.0,0,0,1.0,0.0,0,0.015090867264780308,0,0.0,0.0,9.048633333333331,difficult,9.252,0,0,0,0,0,0,0,0,0,0,0,0,0,0,0,0,0,1,0,0,0
181,92,0,5d482ea821c9be351f7631bf,2020-04-29 17:02:27.262000+00:00,i think that she took it too far and had an overreaction its natural to speak in your native language and a gentle hey can you guys speak english would have been way better,0.714285714,1,0.142857143,7,"i think that she took it too far and had an overreaction. its natural to speak in your native language and a gentle ""hey can you guys speak english"" would have been way better",7,34,172,1,1.8854729317882615,1.7487232729288351,0.01,0.02,0.0,0.02,0.0,0.02,0.0,0.01,0.01,0.0,0.01,0.0,0.0,0.0,0.0,0.0,0.0,0.0,0.0,0.0,0.02,0.01,0.01,0.03,0.01,0.03,0.04,0.0,0.0,0.0,0.08,0.03,0.0,0.0,0.0,0.0,0.0,0.01,0.0,0.0,0.0,0.07,0.0,0.02,0.02,0.049999999999999996,0.04,0.02,0.0,0.02,0.02,0.03,0.01,0.18,0.0,0,0,0.9411764705882353,0.029411764705882353,0,0.0,0,0.54,0.18,2.150811764705882,easy,8.058,0,0,1,0,1,0,0,0,0,0,0,1,1,0,1,0,0,1,0,0,1
182,92,1,5d482ea521c9be351f7626dd,2020-04-29 17:15:53.258000+00:00,when something is said in german the son should take time to explain it to the mom she can start learning the langauage,0.714285714,2,0.285714286,7,when something is said in german the son should take time to explain it to the mom. she can start learning the langauage,1,23,119,1,0.9059899986814458,0.448879201248435,0.009999999999999998,0.009999999999999998,0.0,0.009999999999999998,0.0,0.0,0.0,0.0,0.009999999999999998,0.0,0.009999999999999998,0.0,0.0,0.0,0.0,0.0,0.0,0.019999999999999997,0.0,0.0,0.0,0.019999999999999997,0.0,0.05,0.009999999999999998,0.009999999999999998,0.039999999999999994,0.0,0.0,0.0,0.05,0.019999999999999997,0.0,0.009999999999999998,0.0,0.0,0.0,0.0,0.0,0.009999999999999998,0.009999999999999998,0.06999999999999999,0.0,0.03,0.0,0.03,0.039999999999999994,0.03,0.0,0.009999999999999998,0.0,0.0,0.0,0.12,0.0,1,0,0.8695652173913043,0.0,0,0.0,0,0.0,0.0,1.1408,easy,0.0,0,0,1,0,0,0,0,0,0,0,0,0,0,0,0,0,0,0,0,0,0
182,92,1,5d482ea521c9be351f762488,2020-04-29 17:16:11.811000+00:00,i dont necessarily think anyone is the asshole here i think the son should translate for his mother so she understands and so his partner can feel comfortable ,0.714285714,2,0.285714286,7,i don't necessarily think anyone is the asshole here. i think the son should translate for his mother so she understands and so his partner can feel comfortable. ,2,28,159,1,1.1998348786134905,0.7930199222055684,0.01,0.0,0.0,0.03,0.01,0.01,0.0,0.0,0.03,0.0,0.03,0.01,0.01,0.0,0.0,0.0,0.0,0.02,0.0,0.0,0.01,0.04,0.01,0.06999999999999999,0.01,0.0,0.0,0.0,0.0,0.0,0.06999999999999999,0.01,0.0,0.0,0.0,0.0,0.01,0.02,0.01,0.01,0.0,0.08,0.01,0.02,0.03,0.04,0.08,0.01,0.0,0.01,0.0,0.01,0.02,0.15000000000000002,0.0,0,0,0.8214285714285714,0.07142857142857142,6,0.0016051364365971107,0,0.9,0.2,1.9527285714285716,easy,18.553,0,0,1,0,1,0,0,0,0,0,0,1,0,0,0,0,1,1,0,0,0
182,92,1,5d482ea821c9be351f7631bf,2020-04-29 17:16:16.666000+00:00,so i think that the daughter should be trying to bridge the gap between her mother and husband she can still speak to her mother in english and husband in german and translate,0.714285714,2,0.285714286,7,so i think that the daughter should be trying to bridge the gap between her mother and husband she can still speak to her mother in english and husband in german and translate,3,33,175,1,1.7875246384775798,1.4813013641198352,0.01,0.01,0.0,0.04,0.0,0.030000000000000002,0.0,0.01,0.02,0.0,0.030000000000000002,0.0,0.0,0.0,0.0,0.0,0.0,0.049999999999999996,0.0,0.0,0.0,0.01,0.0,0.02,0.01,0.0,0.030000000000000002,0.0,0.0,0.0,0.09,0.01,0.0,0.0,0.0,0.0,0.0,0.01,0.0,0.0,0.0,0.04,0.0,0.02,0.04,0.030000000000000002,0.049999999999999996,0.049999999999999996,0.0,0.01,0.0,0.0,0.01,0.19,0.0,0,0,0.7575757575757576,0.030303030303030304,9,0.005101401240558938,0,0.0,0.0,1.6368,easy,4.855,0,0,1,0,1,0,0,0,0,0,1,0,0,0,0,0,1,0,0,0,0
182,92,1,5d482ea821c9be351f7630fa,2020-04-29 17:16:40.670000+00:00,they should considerate of the mother and speak to her in english to keep her in the loop,0.714285714,2,0.285714286,7,they should considerate of the mother and speak to her in english to keep her in the loop.,4,18,89,1,0.4162485321280381,-0.12468866701345396,0.01,0.01,0.0,0.01,0.0,0.01,0.0,0.0,0.0,0.0,0.02,0.0,0.0,0.0,0.0,0.0,0.0,0.01,0.0,0.0,0.01,0.0,0.0,0.01,0.01,0.0,0.02,0.0,0.01,0.0,0.05,0.0,0.0,0.0,0.0,0.0,0.0,0.0,0.0,0.0,0.0,0.02,0.0,0.02,0.01,0.01,0.03,0.05,0.0,0.01,0.0,0.01,0.0,0.12,0.0,0,0,0.7777777777777778,0.0,10,0.0024872110768635633,0,0.0,0.0,5.406522222222222,medium,24.004,0,0,1,0,0,0,0,0,0,0,0,0,0,0,0,0,0,1,0,0,0
182,92,1,5d482ea621c9be351f7629f3,2020-04-29 17:17:06.615000+00:00,because the son and partner could both speak english they should have  they were only at the parents home for a weekend,0.714285714,2,0.285714286,7,because the son and partner could both speak english they should have.  they were only at the parents home for a weekend.,5,22,119,1,0.8080417053707643,0.33416562759605717,0.019999999999999997,0.009999999999999998,0.009999999999999998,0.019999999999999997,0.0,0.019999999999999997,0.0,0.0,0.009999999999999998,0.0,0.0,0.0,0.0,0.0,0.0,0.0,0.0,0.019999999999999997,0.0,0.009999999999999998,0.0,0.0,0.009999999999999998,0.009999999999999998,0.009999999999999998,0.009999999999999998,0.03,0.0,0.0,0.0,0.06,0.0,0.0,0.0,0.0,0.009999999999999998,0.0,0.0,0.0,0.0,0.0,0.039999999999999994,0.009999999999999998,0.03,0.019999999999999997,0.039999999999999994,0.05,0.019999999999999997,0.0,0.009999999999999998,0.0,0.009999999999999998,0.0,0.13999999999999999,0.0,0,0,0.9090909090909091,0.0,6,0.0016375934048159847,0,0.5,0.0,1.0912,easy,25.945,0,0,1,0,0,0,0,0,0,0,0,0,0,0,0,0,0,0,0,0,0
182,92,1,5d482ea621c9be351f762bd4,2020-04-29 17:17:11.230000+00:00,i agree with curiousdolphin but he is not an asshole mom can be understanding too it is not so easy to translate everything and i am sure they can speak in english too,0.714285714,2,0.285714286,7,i agree with curiousdolphin but he is not an asshole. mom can be understanding too. it is not so easy to translate everything and i am sure they can speak in english too.,6,33,167,1,1.6895763451668984,1.3665877904674573,0.0,0.01,0.0,0.03,0.02,0.02,0.0,0.0,0.03,0.0,0.01,0.02,0.01,0.0,0.0,0.0,0.0,0.01,0.0,0.0,0.03,0.02,0.0,0.049999999999999996,0.0,0.0,0.01,0.0,0.0,0.0,0.049999999999999996,0.02,0.0,0.0,0.0,0.0,0.01,0.02,0.0,0.0,0.03,0.06,0.0,0.01,0.03,0.06,0.09,0.03,0.0,0.01,0.0,0.01,0.02,0.22,0.0,0,0,0.8484848484848485,0.06060606060606061,2,0.0016375934048159847,0,0.5740740740740741,0.3111111111111111,6.230269696969697,difficult,4.615,0,0,0,0,0,0,0,0,0,0,1,1,0,0,0,0,0,1,0,0,0
183,93,2,5d482ea521c9be351f762444,2020-04-29 17:45:21.426000+00:00,so what does everybody think,1.0,2,0.4,5,"so, what does everybody think?",1,5,28,1,-0.8570792809108222,-0.8825762050938043,0.0,0.0,0.0,0.01,0.01,0.0,0.0,0.0,0.01,0.0,0.0,0.0,0.0,0.0,0.0,0.0,0.0,0.0,0.0,0.0,0.0,0.01,0.0,0.02,0.0,0.0,0.0,0.0,0.0,0.0,0.01,0.02,0.0,0.0,0.0,0.0,0.0,0.0,0.0,0.0,0.0,0.02,0.0,0.0,0.01,0.01,0.02,0.0,0.0,0.0,0.0,0.0,0.0,0.030000000000000002,0.0,1,0,1.0,0.0,0,0.0,0,0.0,0.0,0.248,easy,0.0,0,0,1,0,1,0,0,0,0,0,0,0,0,0,0,1,1,0,0,0,0
183,93,2,5d482ea721c9be351f762f5e,2020-04-29 17:45:28.942000+00:00,husband is the asshole,1.0,2,0.4,5,husband is the asshole,2,4,22,1,-0.9550275742215037,-0.983855441743913,0.0,0.0,0.0,0.0,0.0,0.0,0.0,0.0,0.0,0.0,0.0,0.0,0.01,0.0,0.0,0.0,0.0,0.01,0.0,0.0,0.0,0.0,0.0,0.01,0.0,0.0,0.0,0.0,0.0,0.0,0.01,0.0,0.0,0.0,0.0,0.0,0.01,0.0,0.0,0.0,0.0,0.01,0.0,0.01,0.0,0.01,0.0,0.0,0.0,0.0,0.0,0.0,0.0,0.02,0.0,0,0,1.0,0.0,0,0.0,0,0.0,0.0,0.1984,easy,7.516,0,0,0,0,0,0,0,0,0,0,0,0,0,0,0,0,0,0,0,0,0
183,93,2,5d482ea721c9be351f763067,2020-04-29 17:45:30.138000+00:00,volunteering someone elses time is rude behavior,1.0,2,0.4,5,volunteering someone else's time is rude behavior.,3,7,48,1,-0.6611826942894591,-0.6800177317935869,0.0,0.0,0.0,0.0,0.0,0.0,0.0,0.0,0.0,0.0,0.0,0.0,0.0,0.0,0.0,0.0,0.0,0.0,0.009999999999999998,0.0,0.0,0.0,0.0,0.009999999999999998,0.0,0.0,0.019999999999999997,0.0,0.0,0.0,0.009999999999999998,0.009999999999999998,0.0,0.0,0.0,0.0,0.009999999999999998,0.0,0.0,0.009999999999999998,0.0,0.009999999999999998,0.0,0.0,0.0,0.009999999999999998,0.009999999999999998,0.0,0.0,0.0,0.0,0.0,0.0,0.009999999999999998,0.0,0,0,1.0,0.0,1,0.0,0,0.6,-0.3,8.495128571428571,difficult,1.196,0,0,0,0,0,0,0,0,0,0,0,0,0,0,0,0,0,0,1,0,0
183,93,2,5d482ea621c9be351f762936,2020-04-29 17:45:31.109000+00:00,i think theyre being reasonable   ,1.0,2,0.4,5,i think they're being reasonable.   ,4,5,34,1,-0.9550275742215037,-0.983855441743913,0.0,0.0,0.0,0.0,0.0,0.0,0.0,0.0,0.0,0.0,0.0,0.0,0.0,0.0,0.0,0.0,0.0,0.0,0.0,0.0,0.0,0.02,0.0,0.02,0.0,0.0,0.0,0.0,0.0,0.0,0.01,0.0,0.0,0.0,0.0,0.01,0.0,0.01,0.0,0.0,0.0,0.030000000000000006,0.0,0.0,0.0,0.02,0.02,0.0,0.0,0.0,0.0,0.01,0.01,0.02,0.0,0,0,1.0,0.2,0,0.0,0,0.6,0.2,0.248,easy,0.971,0,0,1,0,1,0,0,0,0,0,0,1,0,0,0,0,0,1,0,0,0
183,93,2,5d482ea521c9be351f762444,2020-04-29 17:46:04.812000+00:00,i think it is very rude for the author to expect his husband to do the translating because hes busy  what if his husband is busy too,1.0,2,0.4,5,i think it is very rude for the author to expect his husband to do the translating because he's busy.  what if his husband is busy too?,5,27,132,1,1.1998348786134905,1.2442877645584784,0.02,0.0,0.0,0.02,0.0,0.0,0.0,0.0,0.02,0.0,0.030000000000000002,0.0,0.0,0.0,0.0,0.0,0.0,0.02,0.01,0.0,0.0,0.01,0.0,0.05,0.0,0.0,0.02,0.0,0.0,0.0,0.05,0.02,0.0,0.02,0.0,0.01,0.01,0.01,0.0,0.01,0.01,0.05,0.0,0.02,0.01,0.04,0.04,0.030000000000000002,0.0,0.0,0.0,0.0,0.01,0.17,0.0,1,0,0.7777777777777778,0.037037037037037035,0,0.0005036151718260998,0,0.46,-0.06333333333333334,1.3392,easy,33.703,0,0,1,0,1,0,0,0,0,0,0,1,0,0,0,0,0,0,1,0,0
183,93,2,5d482ea721c9be351f762f5e,2020-04-29 17:46:15.838000+00:00,family are inconvenientthat is what happens when you get married,1.0,2,0.4,5,"family are inconvenient,that is what happens when you get married",6,10,64,1,-0.36733781435741436,-0.3761800218432608,0.0,0.0,0.01,0.01,0.0,0.0,0.0,0.0,0.01,0.0,0.0,0.0,0.0,0.0,0.0,0.0,0.0,0.02,0.0,0.0,0.0,0.0,0.0,0.04,0.0,0.0,0.01,0.0,0.0,0.0,0.03,0.01,0.0,0.0,0.0,0.0,0.0,0.0,0.0,0.0,0.0,0.04,0.0,0.0,0.0,0.02,0.0,0.0,0.0,0.0,0.01,0.0,0.0,0.05,0.0,0,0,1.0,0.0,2,0.0,0,0.25,0.25,5.7115,medium,11.026,0,0,0,0,0,0,0,0,0,0,0,0,1,0,0,0,0,0,0,0,0
183,93,2,5d482ea621c9be351f762936,2020-04-29 17:46:16.004000+00:00,volunteering someone isnt good   but a marriage is a partnership  and its normal to pass off tasks to your partner  ,1.0,2,0.4,5,"volunteering someone isn't good,   but a marriage is a partnership,  and its normal to pass off tasks to your partner.  ",7,20,116,1,0.6121451187494011,0.6366123446578262,0.009999999999999998,0.0,0.0,0.019999999999999997,0.0,0.009999999999999998,0.0,0.0,0.0,0.0,0.0,0.009999999999999998,0.0,0.0,0.0,0.0,0.0,0.0,0.0,0.0,0.009999999999999998,0.0,0.019999999999999997,0.019999999999999997,0.0,0.0,0.019999999999999997,0.0,0.0,0.0,0.05,0.019999999999999997,0.0,0.0,0.0,0.0,0.0,0.0,0.0,0.009999999999999998,0.009999999999999998,0.019999999999999997,0.019999999999999997,0.019999999999999997,0.019999999999999997,0.019999999999999997,0.039999999999999994,0.03,0.0,0.0,0.009999999999999998,0.03,0.0,0.1,0.0,0,0,0.9,0.0,1,0.0,0,0.625,0.425,1.7815,easy,0.166,0,0,0,0,0,0,0,0,0,0,0,0,1,0,0,0,0,1,0,0,0
184,93,3,5d482ea521c9be351f762444,2020-04-29 18:00:21.753000+00:00,hey everyone,1.0,2,0.4,5,hey everyone!,1,2,12,1,-1.1509241608428669,-0.8831172141141956,0.0,0.0,0.0,0.0,0.0,0.0,0.0,0.0,0.0,0.0,0.0,0.0,0.0,0.0,0.0,0.0,0.0,0.0,0.0,0.0,0.0,0.0,0.0,0.0,0.0,0.0,0.0,0.0,0.0,0.0,0.019999999999999997,0.009999999999999998,0.0,0.0,0.0,0.0,0.0,0.0,0.0,0.0,0.0,0.0,0.0,0.0,0.0,0.0,0.0,0.0,0.0,0.0,0.0,0.0,0.0,0.0,0.0,0,0,1.0,0.0,0,0.0,0,0.0,0.0,0.0992,easy,0.0,0,0,0,0,0,0,0,0,0,0,0,0,0,0,1,0,0,0,0,0,0
184,93,3,5d482ea521c9be351f7624a8,2020-04-29 18:00:24.991000+00:00,hi,1.0,2,0.4,5,hi!,2,1,2,1,-1.2488724541535483,-0.9714289355256152,0.0,0.0,0.0,0.0,0.0,0.0,0.0,0.0,0.0,0.0,0.0,0.0,0.0,0.0,0.0,0.0,0.0,0.0,0.0,0.0,0.0,0.0,0.0,0.0,0.0,0.0,0.0,0.0,0.0,0.0,0.01,0.0,0.0,0.0,0.0,0.0,0.0,0.0,0.0,0.0,0.0,0.0,0.0,0.0,0.0,0.0,0.0,0.0,0.0,0.0,0.0,0.0,0.0,0.0,0.0,0,0,1.0,0.0,0,0.0,0,0.0,0.0,0.0496,easy,3.238,0,0,0,0,0,0,0,0,0,0,0,0,0,0,1,0,0,0,0,0,0
184,93,3,5d482ea721c9be351f763067,2020-04-29 18:00:35.828000+00:00,hello,1.0,2,0.4,5,hello!,3,1,5,1,-1.2488724541535483,-0.9714289355256152,0.0,0.0,0.0,0.0,0.0,0.0,0.0,0.0,0.0,0.0,0.0,0.0,0.0,0.0,0.0,0.0,0.0,0.0,0.0,0.0,0.0,0.0,0.0,0.0,0.0,0.0,0.0,0.0,0.0,0.0,0.010000000000000002,0.0,0.0,0.0,0.0,0.0,0.0,0.0,0.0,0.0,0.0,0.0,0.0,0.0,0.0,0.0,0.0,0.0,0.0,0.0,0.0,0.0,0.0,0.0,0.0,0,0,1.0,0.0,0,0.0,0,0.0,0.0,0.0496,easy,10.837,0,0,0,0,0,0,0,0,0,0,0,0,0,0,1,0,0,0,0,0,0
184,93,3,5d482ea621c9be351f762936,2020-04-29 18:00:40.686000+00:00,hello  ,1.0,2,0.4,5,hello.  ,4,1,7,1,-1.2488724541535483,-0.9714289355256152,0.0,0.0,0.0,0.0,0.0,0.0,0.0,0.0,0.0,0.0,0.0,0.0,0.0,0.0,0.0,0.0,0.0,0.0,0.0,0.0,0.0,0.0,0.0,0.0,0.0,0.0,0.0,0.0,0.0,0.0,0.01,0.0,0.0,0.0,0.0,0.0,0.0,0.0,0.0,0.0,0.0,0.0,0.0,0.0,0.0,0.0,0.0,0.0,0.0,0.0,0.0,0.0,0.0,0.0,0.0,0,0,1.0,0.0,0,0.0070921985815602835,0,0.0,0.0,0.0496,easy,4.858,0,0,0,0,0,0,0,0,0,0,0,0,0,0,1,0,0,0,0,0,0
184,93,3,5d482ea721c9be351f762f5e,2020-04-29 18:00:46.054000+00:00,id like to say that the writer is an unreliable narrator from the conflicting information presented the attitude they demonstrate doesnt seem to agree with the facts they present,1.0,2,0.4,5,i'd like to say that the writer is an unreliable narrator from the conflicting information presented. the attitude they demonstrate doesn't seem to agree with the facts they present,5,29,178,1,1.4936797585455353,1.5012992639941325,0.0,0.01,0.0,0.0,0.01,0.01,0.0,0.0,0.0,0.0,0.0,0.01,0.0,0.0,0.0,0.0,0.0,0.0,0.0,0.0,0.02,0.02,0.0,0.03,0.0,0.0,0.01,0.0,0.01,0.0,0.03,0.01,0.01,0.0,0.0,0.0,0.0,0.0,0.0,0.01,0.0,0.03,0.0,0.05,0.0,0.02,0.05,0.04,0.0,0.01,0.0,0.01,0.0,0.13,0.0,0,0,0.8275862068965517,0.0,0,0.0,0,0.0,0.0,6.163865517241379,difficult,5.368,0,0,0,0,0,0,0,0,0,0,0,1,0,0,0,0,0,1,1,0,0
184,93,3,5d482ea521c9be351f762444,2020-04-29 18:00:55.281000+00:00,i am inclined to say that this was hugely out of line  he knew what he was getting into when he married into this family,1.0,2,0.4,5,i am inclined to say that this was hugely out of line!  he knew what he was getting into when he married into this family.,6,25,120,1,1.0039382919921274,1.0597406569370347,0.0,0.01,0.01,0.01,0.0,0.03,0.0,0.0,0.01,0.0,0.03,0.0,0.0,0.0,0.0,0.0,0.0,0.02,0.0,0.0,0.0,0.01,0.0,0.01,0.0,0.03,0.049999999999999996,0.0,0.0,0.0,0.06,0.04,0.0,0.0,0.0,0.0,0.0,0.01,0.0,0.0,0.0,0.04,0.0,0.0,0.0,0.03,0.04,0.049999999999999996,0.0,0.01,0.0,0.0,0.01,0.16999999999999998,0.0,0,0,0.8,0.04,2,0.0028735632183908046,0,0.575,0.32500000000000007,1.24,easy,9.227,0,0,0,0,0,0,0,0,0,0,0,1,0,0,0,0,0,0,0,0,0
184,93,3,5d482ea721c9be351f763067,2020-04-29 18:00:57.339000+00:00,i am considering the difference between what he said and how he said it,1.0,2,0.4,5,i am considering the difference between what he said and how he said it.,7,14,71,1,-0.07349293442536971,0.08831172141141956,0.0,0.02,0.0,0.02,0.0,0.01,0.0,0.0,0.01,0.0,0.02,0.0,0.0,0.0,0.0,0.0,0.0,0.0,0.0,0.01,0.0,0.01,0.0,0.01,0.0,0.02,0.0,0.0,0.0,0.0,0.04,0.02,0.0,0.0,0.0,0.01,0.0,0.01,0.0,0.0,0.0,0.03,0.0,0.01,0.01,0.01,0.04,0.01,0.0,0.02,0.0,0.0,0.01,0.1,0.0,0,0,0.8571428571428571,0.07142857142857142,4,0.00015518311607697082,0,0.0,0.0,5.458757142857143,medium,2.058,0,0,0,0,0,0,0,0,0,0,0,1,0,0,0,0,0,0,0,0,0
185,94,1,5d482ea721c9be351f762f65,2020-04-29 17:03:06.775000+00:00,hello everyone i believe that this person was the asshole in this situation,0.6,1,0.2,5,hello everyone. i believe that this person was the asshole in this situation.,1,13,75,1,-0.17144122773605125,-0.4509569172399344,0.0,0.0,0.0,0.0,0.0,0.0,0.0,0.0,0.0,0.0,0.0,0.0,0.01,0.0,0.0,0.0,0.0,0.0,0.0,0.0,0.0,0.01,0.01,0.01,0.0,0.01,0.01,0.0,0.0,0.0,0.03,0.04,0.0,0.0,0.0,0.0,0.01,0.01,0.0,0.0,0.0,0.02,0.0,0.01,0.0,0.01,0.01,0.01,0.0,0.0,0.0,0.0,0.01,0.07,0.0,0,0,0.9230769230769231,0.07692307692307693,0,0.0,0,0.0,0.0,0.6447999999999999,easy,0.0,0,0,0,0,0,0,0,0,0,0,1,0,0,0,1,0,0,0,0,0,0
185,94,1,5e31d78fe31c5304c46f18ac,2020-04-29 17:03:07.123000+00:00,my initial response was that she was being kind of an asshole what does everyone else think,0.6,1,0.2,5,my initial response was that she was being kind of an asshole. what does everyone else think?,2,17,91,1,0.31830023881735653,0.07273498665160213,0.0,0.0,0.0,0.0,0.0,0.0,0.0,0.0,0.0,0.0,0.010000000000000002,0.0,0.010000000000000002,0.0,0.0,0.0,0.0,0.0,0.0,0.010000000000000002,0.010000000000000002,0.010000000000000002,0.0,0.020000000000000004,0.0,0.020000000000000004,0.010000000000000002,0.0,0.0,0.0,0.020000000000000004,0.030000000000000002,0.0,0.0,0.0,0.010000000000000002,0.010000000000000002,0.010000000000000002,0.0,0.010000000000000002,0.0,0.05,0.0,0.010000000000000002,0.0,0.04000000000000001,0.030000000000000002,0.010000000000000002,0.0,0.0,0.0,0.0,0.010000000000000002,0.1,0.010000000000000002,1,0,0.9411764705882353,0.0,4,0.0003202049311559398,1,0.45,0.3,0.8432,easy,0.348,0,0,1,0,1,0,0,0,0,0,0,1,0,0,0,0,0,0,0,0,0
185,94,1,5ea9a7c8a68ffa2bcbe11876,2020-04-29 17:03:16.517000+00:00,honestly its rude to speak in a foreign language in front of other people if they cant understand it especially if they have the capacity to speak the language she does,0.6,1,0.2,5,"honestly, it's rude to speak in a foreign language in front of other people if they can't understand it. especially if they have the capacity to speak the language she does.",3,31,168,1,1.6895763451668984,1.5390723175479044,0.019999999999999997,0.019999999999999997,0.0,0.019999999999999997,0.0,0.0,0.0,0.0,0.009999999999999998,0.0,0.009999999999999998,0.009999999999999998,0.0,0.0,0.0,0.0,0.0,0.0,0.009999999999999998,0.0,0.009999999999999998,0.009999999999999998,0.009999999999999998,0.039999999999999994,0.0,0.0,0.039999999999999994,0.0,0.0,0.0,0.07999999999999999,0.03,0.0,0.0,0.0,0.0,0.009999999999999998,0.0,0.0,0.019999999999999997,0.019999999999999997,0.039999999999999994,0.0,0.03,0.0,0.03,0.03,0.049999999999999996,0.0,0.019999999999999997,0.0,0.009999999999999998,0.0,0.18,0.0,0,0,0.7741935483870968,0.0,2,0.0035211267605633804,0,0.6,0.009999999999999998,1.5375999999999999,easy,9.394,0,0,0,0,0,1,0,0,0,0,0,0,0,0,0,0,0,0,1,0,0
185,94,1,5ea0c63a9dc0406f89889495,2020-04-29 17:03:23.679000+00:00,this person was the asshole,0.6,1,0.2,5,this person was the asshole,4,5,27,1,-0.8570792809108222,-1.1841255826880854,0.0,0.0,0.0,0.0,0.0,0.0,0.0,0.0,0.0,0.0,0.0,0.0,0.01,0.0,0.0,0.0,0.0,0.0,0.0,0.0,0.0,0.0,0.01,0.0,0.0,0.01,0.0,0.0,0.0,0.0,0.01,0.01,0.0,0.0,0.0,0.0,0.01,0.0,0.0,0.0,0.0,0.01,0.0,0.01,0.0,0.01,0.0,0.0,0.0,0.0,0.0,0.0,0.0,0.03,0.0,0,0,1.0,0.0,1,0.0,0,0.0,0.0,0.248,easy,7.162,0,0,0,0,0,0,0,0,0,0,0,0,0,0,0,0,0,0,0,0,0
185,94,1,5d482eaa21c9be351f763dd9,2020-04-29 17:03:37.377000+00:00,me too think she was an asshole coz she was interfering with their talk,0.6,1,0.2,5,"me too think she was an asshole, coz she was interfering with their talk",5,14,71,1,0.024455358885311848,-0.2414801556833198,0.0,0.0,0.0,0.0,0.0,0.01,0.0,0.0,0.01,0.0,0.02,0.0,0.01,0.0,0.0,0.0,0.0,0.0,0.0,0.0,0.0,0.01,0.0,0.01,0.0,0.02,0.0,0.0,0.01,0.0,0.04,0.0,0.0,0.0,0.0,0.01,0.01,0.01,0.0,0.0,0.0,0.03,0.0,0.01,0.0,0.02,0.04,0.01,0.0,0.0,0.0,0.0,0.01,0.09,0.0,0,0,0.8571428571428571,0.0,2,0.0003202049311559398,0,0.0,0.0,5.458757142857143,medium,13.698,0,0,1,0,1,0,0,0,0,0,0,0,0,0,0,0,0,0,0,0,0
185,94,1,5ea9a7c8a68ffa2bcbe11876,2020-04-29 17:03:40.788000+00:00,i am bilingual and i wouldnt speak like that but yeah she was a bit of an asshole im not gonna sway people saying shes not ,0.6,1,0.2,5,"i am bilingual and i wouldn't speak like that, but yeah she was a bit of an asshole i'm not gonna sway people saying she's not. ",6,26,123,1,1.0039382919921274,0.8059036520997532,0.01,0.02,0.0,0.02,0.0,0.01,0.0,0.0,0.0,0.0,0.02,0.03,0.01,0.0,0.0,0.0,0.0,0.0,0.0,0.01,0.01,0.0,0.01,0.02,0.02,0.01,0.0,0.0,0.0,0.0,0.049999999999999996,0.01,0.0,0.0,0.0,0.0,0.01,0.02,0.0,0.0,0.03,0.049999999999999996,0.0,0.02,0.02,0.04,0.049999999999999996,0.01,0.0,0.02,0.0,0.02,0.02,0.13,0.0,0,0,0.9230769230769231,0.07692307692307693,3,0.0003202049311559398,0,0.0,0.0,1.2895999999999999,easy,3.411,0,0,0,0,0,0,0,0,0,0,1,1,0,0,0,0,1,1,0,0,0
185,94,1,5ea75e96fd339b022f9ceba8,2020-04-29 17:03:45.252000+00:00,i feel that it is disrespectful to speak french when capable of speaking english when the mother is in the room ,0.6,1,0.2,5,i feel that it is disrespectful to speak french when capable of speaking english when the mother is in the room. ,7,21,112,1,0.6121451187494011,0.38695012898652403,0.0,0.02,0.01,0.02,0.0,0.0,0.0,0.01,0.02,0.0,0.0,0.0,0.0,0.0,0.0,0.0,0.0,0.01,0.0,0.0,0.0,0.01,0.0,0.030000000000000002,0.0,0.0,0.04,0.0,0.0,0.0,0.030000000000000002,0.02,0.0,0.0,0.0,0.0,0.0,0.01,0.01,0.0,0.0,0.030000000000000002,0.0,0.02,0.0,0.02,0.01,0.030000000000000002,0.0,0.030000000000000002,0.0,0.01,0.01,0.12000000000000001,0.0,0,0,0.8571428571428571,0.047619047619047616,2,0.0011766335757296778,0,0.13333333333333333,0.06666666666666667,1.0415999999999999,easy,4.464,0,0,1,0,1,0,0,0,0,0,0,1,0,0,0,0,0,1,1,0,0
185,94,1,5ea9a7aaa68ffa2bcbe11875,2020-04-29 17:03:45.338000+00:00,yes shes definitely an asshole while its not rude to speak in a foreign language in front of others it should be avoided if possible,0.6,1,0.2,5,"yes, she's definitely an asshole. while it's not rude to speak in a foreign language in front of others, it should be avoided if possible.",8,25,132,1,1.101886585302809,0.9106420328780606,0.02,0.01,0.0,0.02,0.01,0.0,0.0,0.0,0.01,0.01,0.01,0.01,0.01,0.0,0.0,0.0,0.0,0.0,0.01,0.0,0.01,0.0,0.0,0.01,0.01,0.0,0.04,0.0,0.0,0.0,0.030000000000000002,0.030000000000000002,0.0,0.0,0.0,0.0,0.02,0.0,0.0,0.02,0.02,0.030000000000000002,0.0,0.02,0.01,0.030000000000000002,0.060000000000000005,0.04,0.0,0.01,0.0,0.01,0.0,0.13,0.0,0,0,0.96,0.0,5,0.0010214504596527069,0,0.55625,0.006249999999999999,1.24,easy,0.086,0,0,1,0,0,0,0,0,0,0,0,0,0,0,0,0,0,0,1,0,0
185,94,1,5e31d78fe31c5304c46f18ac,2020-04-29 17:03:57.771000+00:00,i think she was being an asshole because he may not speak as much as she thinks,0.6,1,0.2,5,i think she was being an asshole because he may not speak as much as she thinks.,9,17,79,1,0.22035194550667497,-0.03200339412670518,0.0,0.01,0.0,0.030000000000000002,0.0,0.0,0.0,0.0,0.0,0.0,0.030000000000000002,0.01,0.01,0.0,0.0,0.0,0.0,0.0,0.0,0.01,0.0,0.02,0.0,0.02,0.01,0.01,0.0,0.0,0.0,0.0,0.04,0.0,0.0,0.0,0.0,0.01,0.01,0.01,0.0,0.01,0.01,0.05,0.0,0.01,0.01,0.030000000000000002,0.05,0.02,0.0,0.01,0.0,0.0,0.01,0.11,0.0,0,0,0.8823529411764706,0.058823529411764705,2,0.0013416553908086467,0,0.2,0.2,0.8432,easy,12.433,0,0,1,0,1,0,0,0,0,0,0,1,0,0,0,0,0,0,0,0,0
186,94,2,5d482ea721c9be351f762f65,2020-04-29 17:17:31.846000+00:00,i dont think he was being an asshole ,0.6,0,0.0,5,i don't think he was being an asshole ,1,8,37,1,-0.6611826942894591,-0.8466734552192317,0.0,0.0,0.0,0.0,0.0,0.0,0.0,0.0,0.0,0.0,0.01,0.01,0.01,0.0,0.0,0.0,0.0,0.0,0.0,0.0,0.0,0.01,0.0,0.02,0.0,0.01,0.0,0.0,0.0,0.0,0.01,0.0,0.0,0.0,0.0,0.0,0.01,0.01,0.0,0.0,0.0,0.04,0.0,0.01,0.0,0.030000000000000002,0.01,0.0,0.0,0.0,0.0,0.0,0.01,0.05,0.0,0,0,1.0,0.125,0,0.0,0,0.0,0.0,0.3968,easy,0.0,0,0,1,0,1,0,0,0,0,0,0,1,0,0,0,0,0,0,0,0,0
186,94,2,5ea0c63a9dc0406f89889495,2020-04-29 17:17:34.917000+00:00,i feel like she is not the asshole in this case i meant he,0.6,0,0.0,5,i feel like she is not the asshole in this case i meant he,2,14,58,1,-0.17144122773605125,-0.3274869024904575,0.0,0.0,0.0,0.0,0.0,0.0,0.0,0.0,0.0,0.0,0.019999999999999997,0.009999999999999998,0.009999999999999998,0.0,0.0,0.0,0.0,0.0,0.0,0.0,0.009999999999999998,0.019999999999999997,0.0,0.019999999999999997,0.0,0.009999999999999998,0.009999999999999998,0.0,0.0,0.0,0.019999999999999997,0.009999999999999998,0.0,0.0,0.0,0.0,0.009999999999999998,0.019999999999999997,0.009999999999999998,0.0,0.009999999999999998,0.03,0.0,0.009999999999999998,0.0,0.009999999999999998,0.03,0.009999999999999998,0.0,0.009999999999999998,0.0,0.009999999999999998,0.019999999999999997,0.09,0.0,0,0,0.9285714285714286,0.14285714285714285,1,0.0006305711633098814,0,0.0,0.0,0.6944,easy,3.071,0,0,1,0,1,0,0,0,0,0,1,1,0,0,0,0,0,1,0,0,0
186,94,2,5e31d78fe31c5304c46f18ac,2020-04-29 17:17:58.603000+00:00,i think he was being an asshole because it seemed like he was deliberately not including his mother,0.6,0,0.0,5,i think he was being an asshole because it seemed like he was deliberately not including his mother.,3,18,99,1,0.31830023881735653,0.19169965023831667,0.0,0.0,0.0,0.01,0.0,0.01,0.0,0.0,0.0,0.0,0.03,0.01,0.01,0.0,0.0,0.0,0.0,0.01,0.0,0.0,0.01,0.02,0.0,0.01,0.0,0.03,0.0,0.0,0.0,0.0,0.04,0.01,0.0,0.0,0.0,0.01,0.01,0.01,0.0,0.01,0.01,0.049999999999999996,0.0,0.01,0.01,0.03,0.049999999999999996,0.0,0.0,0.0,0.0,0.01,0.01,0.10999999999999999,0.0,0,0,0.8888888888888888,0.05555555555555555,4,0.0004753880472329106,0,0.0,0.0,5.406522222222222,medium,23.686,0,0,1,0,1,0,0,0,0,0,0,1,0,0,0,0,0,1,0,0,0
186,94,2,5ea9a7c8a68ffa2bcbe11876,2020-04-29 17:18:11.989000+00:00,yeah i  agree,0.6,0,0.0,5,yeah i  agree,4,3,13,1,-1.1509241608428669,-1.3658600079480059,0.0,0.0,0.0,0.0,0.0,0.0,0.0,0.0,0.0,0.0,0.0,0.0,0.0,0.0,0.0,0.0,0.0,0.0,0.0,0.0,0.01,0.0,0.0,0.0,0.0,0.0,0.0,0.0,0.0,0.0,0.0,0.0,0.0,0.0,0.0,0.0,0.0,0.01,0.0,0.0,0.0,0.0,0.0,0.0,0.0,0.0,0.0,0.0,0.0,0.0,0.0,0.0,0.01,0.01,0.0,0,0,1.0,0.3333333333333333,0,0.00015518311607697082,0,0.0,0.0,0.1488,easy,13.386,0,0,0,0,0,0,0,0,0,0,1,0,0,0,0,0,0,0,0,0,0
186,94,2,5ea0c63a9dc0406f89889495,2020-04-29 17:18:19.728000+00:00,i did get that vibe ,0.6,0,0.0,5,i did get that vibe ,5,5,20,1,-0.9550275742215037,-1.1581853868564962,0.0,0.0,0.0,0.0,0.0,0.0,0.0,0.0,0.0,0.0,0.0,0.0,0.0,0.0,0.0,0.0,0.0,0.0,0.0,0.0,0.0,0.0,0.0,0.010000000000000002,0.0,0.010000000000000002,0.0,0.0,0.0,0.0,0.0,0.010000000000000002,0.0,0.0,0.0,0.0,0.0,0.010000000000000002,0.0,0.0,0.0,0.020000000000000004,0.0,0.0,0.0,0.010000000000000002,0.0,0.0,0.0,0.0,0.0,0.0,0.010000000000000002,0.03,0.0,0,0,1.0,0.2,0,0.00015518311607697082,0,0.0,0.0,0.248,easy,7.739,0,0,0,0,0,0,0,0,0,0,0,1,0,0,0,0,0,0,0,0,0
186,94,2,5ea9a7aaa68ffa2bcbe11875,2020-04-29 17:18:26.399000+00:00,shes definitely not the asshole if he wants to speak german with his husband thats fine but he should translate when necessary which means probably most of the time,0.6,0,0.0,5,"she's definitely not the asshole. if he wants to speak german with his husband, that's fine, but he should translate when necessary (which means probably most of the time).",6,29,164,1,1.4936797585455353,1.4377473767873747,0.029999999999999995,0.01,0.0,0.029999999999999995,0.02,0.01,0.0,0.0,0.029999999999999995,0.0,0.04,0.01,0.01,0.0,0.0,0.0,0.0,0.01,0.0,0.01,0.02,0.01,0.0,0.04,0.01,0.0,0.02,0.0,0.0,0.0,0.05999999999999999,0.02,0.0,0.0,0.0,0.0,0.01,0.0,0.0,0.029999999999999995,0.029999999999999995,0.049999999999999996,0.0,0.02,0.01,0.029999999999999995,0.11,0.029999999999999995,0.0,0.01,0.0,0.01,0.0,0.15,0.01,0,0,0.9310344827586207,0.0,0,0.0,1,0.43333333333333335,0.18611111111111112,1.4384,easy,6.671,0,0,1,0,0,0,0,0,0,0,0,0,0,0,0,0,0,1,0,0,0
186,94,2,5e31d78fe31c5304c46f18ac,2020-04-29 17:18:33.672000+00:00,if it was a private conversation sure he can speak what he wants but he said he spoke german the whole time,0.6,0,0.0,5,"if it was a private conversation sure he can speak what he wants, but he said he spoke german the whole time.",7,22,107,1,0.8080417053707643,0.7108862029670908,0.02,0.030000000000000002,0.0,0.02,0.01,0.0,0.0,0.0,0.0,0.0,0.04,0.0,0.0,0.0,0.0,0.0,0.0,0.0,0.0,0.01,0.01,0.0,0.0,0.02,0.0,0.030000000000000002,0.01,0.0,0.0,0.0,0.09,0.02,0.0,0.0,0.0,0.0,0.0,0.0,0.0,0.01,0.02,0.05,0.0,0.02,0.01,0.02,0.04,0.0,0.0,0.030000000000000002,0.0,0.01,0.0,0.12000000000000001,0.0,0,0,0.8636363636363636,0.0,7,0.011639449749170281,0,0.35277777777777775,0.18,1.808927272727273,easy,7.273,0,0,0,0,0,0,0,0,0,0,0,0,0,0,0,0,0,0,0,0,0
186,94,2,5d482ea721c9be351f762f65,2020-04-29 17:18:36.286000+00:00,i dont think he should have exclusively chose to speak german but i dont think he did it to exlcude the mom,0.6,0,0.0,5,i don't think he should have exclusively chose to speak german but i don't think he did it to exlcude the mom,8,22,107,1,0.6121451187494011,0.5032115818755811,0.01,0.01,0.0,0.01,0.0,0.0,0.0,0.0,0.0,0.0,0.02,0.02,0.0,0.0,0.0,0.0,0.0,0.01,0.0,0.0,0.0,0.02,0.0,0.05,0.01,0.01,0.0,0.0,0.0,0.0,0.04,0.01,0.0,0.0,0.0,0.0,0.0,0.02,0.0,0.0,0.02,0.06999999999999999,0.0,0.01,0.01,0.05,0.05,0.02,0.0,0.01,0.0,0.0,0.02,0.12000000000000001,0.0,0,0,0.7727272727272727,0.09090909090909091,5,0.003962626930240942,0,0.0,0.0,1.0912,easy,2.614,0,0,1,0,1,0,0,0,0,0,1,1,0,0,0,0,1,0,0,0,0
186,94,2,5ea9a7c8a68ffa2bcbe11876,2020-04-29 17:18:38.871000+00:00,plus they live far away for half the year ,0.6,0,0.0,5,plus they live far away for half the year. ,9,9,42,1,-0.4652861076680959,-0.638998834127722,0.0,0.0,0.0,0.009999999999999998,0.0,0.009999999999999998,0.0,0.0,0.0,0.0,0.0,0.0,0.0,0.0,0.0,0.0,0.0,0.0,0.0,0.0,0.0,0.0,0.0,0.0,0.0,0.0,0.019999999999999997,0.0,0.0,0.0,0.009999999999999998,0.0,0.0,0.0,0.0,0.0,0.0,0.0,0.0,0.0,0.0,0.0,0.0,0.009999999999999998,0.0,0.0,0.009999999999999998,0.03,0.0,0.0,0.0,0.0,0.0,0.03,0.0,0,0,1.0,0.0,1,0.0,0,0.5555555555555556,0.023232323232323233,0.44639999999999996,easy,2.585,0,0,0,0,0,0,0,0,0,0,0,0,0,0,0,0,0,0,0,0,0
186,94,2,5e31d78fe31c5304c46f18ac,2020-04-29 17:18:42.800000+00:00,i can see why she is mad,0.6,0,0.0,5,i can see why she is mad.,10,7,24,1,-0.7591309876001406,-0.9505107657649865,0.0,0.0,0.0,0.0,0.0,0.0,0.0,0.0,0.0,0.0,0.009999999999999998,0.0,0.0,0.0,0.0,0.009999999999999998,0.0,0.0,0.009999999999999998,0.0,0.0,0.0,0.0,0.03,0.0,0.0,0.0,0.0,0.0,0.0,0.009999999999999998,0.0,0.0,0.0,0.0,0.009999999999999998,0.009999999999999998,0.009999999999999998,0.0,0.0,0.0,0.03,0.0,0.0,0.0,0.019999999999999997,0.009999999999999998,0.0,0.0,0.009999999999999998,0.0,0.0,0.009999999999999998,0.05,0.0,0,0,1.0,0.14285714285714285,0,0.0,0,1.0,-0.625,0.3472,easy,3.929,0,0,0,0,0,0,0,0,0,0,0,1,0,0,0,0,0,0,1,0,0
187,95,1,5ea9ad9aa68ffa2bcbe11b29,2020-04-29 19:45:19.773000+00:00,i believe that the american woman should know to carry a conversation without anyone feeling left out,0.857142857,1,0.142857143,7,i believe that the american woman should know to carry a conversation without anyone feeling left out.,1,17,101,1,0.22035194550667497,0.07016038285413081,0.01,0.0,0.0,0.0,0.0,0.01,0.0,0.0,0.0,0.0,0.0,0.01,0.0,0.0,0.0,0.0,0.0,0.0,0.0,0.0,0.0,0.03,0.01,0.03,0.01,0.0,0.03,0.0,0.0,0.0,0.03,0.02,0.0,0.0,0.0,0.0,0.0,0.01,0.01,0.01,0.01,0.04,0.0,0.02,0.0,0.01,0.07,0.03,0.0,0.01,0.0,0.01,0.01,0.07,0.0,0,0,1.0,0.058823529411764705,0,0.0,0,0.0,0.0,5.408523529411765,medium,0.0,0,0,1,0,0,0,0,0,0,0,0,1,0,0,0,0,0,0,0,0,0
187,95,1,5ea9a890a68ffa2bcbe1187c,2020-04-29 19:45:41.989000+00:00,the mother is an asshole for attacking her son before asking why they chose to speak another language,0.857142857,1,0.142857143,7,the mother is an asshole for attacking her son before asking why they chose to speak another language.,2,18,101,1,0.4162485321280381,0.27061861958021904,0.0,0.01,0.0,0.0,0.0,0.0,0.0,0.0,0.0,0.0,0.01,0.0,0.01,0.0,0.0,0.0,0.0,0.02,0.0,0.0,0.0,0.0,0.0,0.01,0.0,0.0,0.01,0.0,0.0,0.0,0.07,0.0,0.0,0.0,0.0,0.01,0.02,0.0,0.0,0.0,0.0,0.01,0.0,0.02,0.0,0.01,0.01,0.03,0.0,0.01,0.0,0.0,0.0,0.09,0.0,0,0,1.0,0.0,2,0.0,0,0.0,0.0,0.8927999999999999,easy,22.216,0,0,0,0,0,0,0,0,0,0,0,0,0,0,0,0,0,0,0,0,0
187,95,1,5d482eaa21c9be351f763937,2020-04-29 19:45:43.994000+00:00,the op is in their familys house with other people who all speak english and is speaking german to not let one person who apparently sort of speaks english feel left out the needs of the many,0.857142857,1,0.142857143,7,"the op is in their family's house with other people who all speak english and is speaking german to not let one person, who apparently sort of speaks english, feel left out. the needs of the many",3,37,191,1,2.2772661050309875,2.1749718684780572,0.01,0.03,0.01,0.01,0.01,0.03,0.0,0.0,0.01,0.0,0.0,0.01,0.0,0.0,0.0,0.0,0.0,0.0,0.0,0.01,0.0,0.01,0.02,0.04,0.0,0.0,0.03,0.0,0.0,0.0,0.08,0.03,0.0,0.0,0.0,0.0,0.0,0.0,0.01,0.02,0.01,0.049999999999999996,0.0,0.03,0.01,0.03,0.09,0.06,0.0,0.04,0.0,0.0,0.0,0.18,0.01,0,0,0.8378378378378378,0.0,6,0.0010214504596527069,1,0.17500000000000002,0.060714285714285714,1.8352,easy,2.005,0,0,1,0,0,0,0,0,0,0,0,0,0,0,0,0,0,0,0,0,0
187,95,1,5d482eab21c9be351f764140,2020-04-29 19:45:58.817000+00:00,after considering both sides i would say that the guy isnt an asshole because his intentions  were to make his partner feel comfortable not leave out his mother,0.857142857,1,0.142857143,7,after considering both sides i would say that the guy isn't an asshole because his intentions  were to make his partner feel comfortable not leave out his mother,4,28,160,1,1.2977831719241721,1.1726806848476161,0.010000000000000002,0.010000000000000002,0.0,0.010000000000000002,0.0,0.020000000000000004,0.0,0.0,0.0,0.0,0.03,0.020000000000000004,0.010000000000000002,0.0,0.0,0.0,0.0,0.010000000000000002,0.0,0.010000000000000002,0.010000000000000002,0.020000000000000004,0.020000000000000004,0.03,0.010000000000000002,0.010000000000000002,0.05,0.0,0.0,0.0,0.06999999999999999,0.010000000000000002,0.0,0.0,0.0,0.03,0.010000000000000002,0.010000000000000002,0.010000000000000002,0.0,0.010000000000000002,0.05,0.010000000000000002,0.020000000000000004,0.010000000000000002,0.03,0.09000000000000001,0.03,0.0,0.020000000000000004,0.0,0.010000000000000002,0.010000000000000002,0.13999999999999999,0.0,0,0,0.9285714285714286,0.03571428571428571,4,0.001607717041800643,0,0.8,0.4,1.9527285714285716,easy,14.823,0,0,1,0,1,0,0,0,0,0,1,0,0,0,0,0,0,1,0,0,0
187,95,1,5d482eab21c9be351f763f87,2020-04-29 19:46:15.968000+00:00,i think that since his husband knew how to speak english and they were visiting the mother they should have not left the mother out of the conversation,0.857142857,1,0.142857143,7,"i think that since his husband knew how to speak english, and they were visiting the mother, they should have not left the mother out of the conversation",5,28,151,1,1.2977831719241721,1.1726806848476161,0.01,0.01,0.0,0.02,0.0,0.02,0.0,0.0,0.01,0.0,0.01,0.01,0.0,0.0,0.0,0.0,0.0,0.030000000000000002,0.0,0.0,0.0,0.02,0.0,0.02,0.01,0.02,0.030000000000000002,0.0,0.0,0.0,0.09,0.01,0.0,0.0,0.0,0.02,0.0,0.01,0.0,0.0,0.01,0.05,0.0,0.030000000000000002,0.01,0.030000000000000002,0.08,0.04,0.0,0.01,0.0,0.0,0.01,0.17,0.0,0,0,0.8571428571428571,0.03571428571428571,9,0.001854418460172128,0,0.0,0.0,1.9527285714285716,easy,17.151,0,0,1,0,1,0,0,0,0,0,0,1,0,0,0,0,0,0,0,0,0
187,95,1,5ea9ad9aa68ffa2bcbe11b29,2020-04-29 19:46:29.461000+00:00,i agree,0.857142857,1,0.142857143,7,i agree,6,2,7,1,-1.2488724541535483,-1.433276392591531,0.0,0.0,0.0,0.0,0.0,0.0,0.0,0.0,0.0,0.0,0.0,0.0,0.0,0.0,0.0,0.0,0.0,0.0,0.0,0.0,0.01,0.0,0.0,0.0,0.0,0.0,0.0,0.0,0.0,0.0,0.0,0.0,0.0,0.0,0.0,0.0,0.0,0.01,0.0,0.0,0.0,0.0,0.0,0.0,0.0,0.0,0.0,0.0,0.0,0.0,0.0,0.0,0.01,0.01,0.0,0,0,1.0,0.5,0,0.00015518311607697082,0,0.0,0.0,0.0992,easy,13.493,0,0,0,0,0,0,0,0,0,0,0,1,0,0,0,0,0,0,0,0,0
187,95,1,5ea8c98e7d50722703c58e0e,2020-04-29 19:46:30.767000+00:00,i think the person is the asshole because the husband does understand english and can speak it even if its broken ,0.857142857,1,0.142857143,7,i think the person is the asshole because the husband does understand english and can speak it (even if it's broken.) ,7,21,114,1,0.6121451187494011,0.4710768563063073,0.009999999999999998,0.009999999999999998,0.0,0.029999999999999995,0.0,0.009999999999999998,0.0,0.0,0.009999999999999998,0.0,0.0,0.0,0.009999999999999998,0.0,0.0,0.0,0.0,0.009999999999999998,0.0,0.0,0.0,0.019999999999999997,0.009999999999999998,0.049999999999999996,0.0,0.0,0.0,0.0,0.0,0.0,0.029999999999999995,0.019999999999999997,0.0,0.0,0.0,0.009999999999999998,0.009999999999999998,0.009999999999999998,0.0,0.009999999999999998,0.009999999999999998,0.049999999999999996,0.0,0.029999999999999995,0.019999999999999997,0.029999999999999995,0.049999999999999996,0.0,0.0,0.009999999999999998,0.0,0.0,0.009999999999999998,0.11999999999999998,0.0,0,0,0.9047619047619048,0.047619047619047616,0,0.00015518311607697082,0,0.2,-0.2,1.0415999999999999,easy,1.306,0,0,1,0,1,0,0,0,0,0,0,1,0,0,0,0,0,0,1,0,0
187,95,1,5d482eab21c9be351f763f87,2020-04-29 19:46:38.145000+00:00,both men knew how to speak english yes i think the same,0.857142857,1,0.142857143,7,"both men knew how to speak english yes, i think the same.",8,12,55,1,-0.2693895210467328,-0.43098520896108977,0.0,0.01,0.0,0.01,0.0,0.01,0.0,0.0,0.01,0.0,0.0,0.0,0.0,0.0,0.0,0.0,0.0,0.0,0.0,0.02,0.0,0.02,0.01,0.01,0.0,0.01,0.01,0.0,0.0,0.0,0.02,0.0,0.0,0.0,0.0,0.01,0.0,0.01,0.0,0.0,0.0,0.02,0.0,0.01,0.01,0.0,0.05,0.01,0.0,0.01,0.0,0.0,0.01,0.060000000000000005,0.0,0,0,1.0,0.08333333333333333,1,0.0021412085766420843,0,0.0625,0.0,0.5952,easy,7.378,0,0,1,0,1,0,0,0,0,0,1,0,0,0,0,0,0,0,0,0,0
188,95,3,5ea9a890a68ffa2bcbe1187c,2020-04-29 20:14:58.181000+00:00,i think the two boys are inconsiderate,0.833333333,2,0.333333333,6,i think the two boys are inconsiderate.,1,7,38,1,-0.7591309876001406,-1.0856137843541747,0.0,0.0,0.0,0.0,0.0,0.0,0.0,0.0,0.0,0.0,0.0,0.0,0.0,0.0,0.0,0.0,0.0,0.0,0.0,0.0,0.0,0.01,0.01,0.02,0.0,0.0,0.0,0.0,0.0,0.0,0.01,0.0,0.0,0.0,0.0,0.0,0.0,0.01,0.0,0.0,0.0,0.02,0.0,0.01,0.0,0.01,0.01,0.0,0.0,0.0,0.0,0.0,0.01,0.03,0.0,0,0,1.0,0.14285714285714285,0,0.0,0,0.0,0.0,6.239414285714286,difficult,0.0,0,0,1,0,1,0,0,0,0,0,0,1,0,0,0,0,0,0,1,0,0
188,95,3,5d482eab21c9be351f764140,2020-04-29 20:15:01.833000+00:00,i agree since the partner can speak english he should,0.833333333,2,0.333333333,6,i agree since the partner can speak english he should,2,10,53,1,-0.4652861076680959,-0.7252256018431577,0.01,0.01,0.0,0.0,0.0,0.0,0.0,0.0,0.0,0.0,0.01,0.0,0.0,0.0,0.0,0.0,0.0,0.0,0.0,0.0,0.01,0.0,0.01,0.01,0.01,0.0,0.0,0.0,0.0,0.0,0.030000000000000002,0.0,0.0,0.0,0.0,0.01,0.0,0.01,0.0,0.0,0.0,0.02,0.01,0.01,0.0,0.02,0.02,0.01,0.0,0.01,0.0,0.0,0.01,0.05,0.0,0,0,1.0,0.1,1,0.00015518311607697082,0,0.0,0.0,0.496,easy,3.652,0,0,1,0,1,0,0,0,0,0,0,1,0,0,0,0,0,0,0,0,0
188,95,3,5d482eaa21c9be351f763937,2020-04-29 20:15:30.825000+00:00,agreed also if the op said that they could have discussed it with her instead of one basically storming off rude,0.833333333,2,0.333333333,6,"agreed. also, if the op said that, they could have discussed it with her instead of one basically storming off. rude.",3,21,112,1,0.7100934120600827,0.7163271282009105,0.02,0.01,0.0,0.02,0.0,0.01,0.0,0.0,0.030000000000000002,0.0,0.01,0.0,0.0,0.0,0.0,0.0,0.0,0.0,0.01,0.0,0.01,0.0,0.0,0.01,0.0,0.01,0.01,0.0,0.0,0.0,0.04,0.02,0.0,0.0,0.0,0.0,0.01,0.0,0.0,0.01,0.01,0.030000000000000002,0.0,0.01,0.0,0.02,0.030000000000000002,0.030000000000000002,0.0,0.01,0.0,0.0,0.0,0.1,0.0,0,0,1.0,0.0,1,0.0,0,0.6,-0.3,1.0415999999999999,easy,28.992,0,0,0,0,0,0,0,0,0,0,0,0,0,0,0,0,0,0,1,0,0
188,95,3,5ea8c98e7d50722703c58e0e,2020-04-29 20:15:36.610000+00:00,the mom is not an asshole because they are being inconsiderate especially when they both can speak english,0.833333333,2,0.333333333,6,"the mom is not an asshole because they are being inconsiderate, especially when they both can speak english",4,18,106,1,0.4162485321280381,0.3559389456898934,0.0,0.01,0.0,0.02,0.0,0.01,0.0,0.0,0.02,0.0,0.0,0.01,0.01,0.0,0.0,0.0,0.0,0.01,0.0,0.01,0.0,0.0,0.0,0.030000000000000002,0.0,0.0,0.02,0.0,0.0,0.0,0.04,0.0,0.0,0.0,0.0,0.01,0.01,0.0,0.0,0.0,0.01,0.04,0.0,0.02,0.01,0.04,0.030000000000000002,0.0,0.0,0.01,0.0,0.0,0.0,0.12000000000000001,0.0,0,0,0.9444444444444444,0.0,3,0.0,0,0.5,0.0,5.406522222222222,medium,5.785,0,0,0,0,0,0,0,0,0,0,0,0,0,0,0,0,0,0,1,0,0
188,95,3,5d482eab21c9be351f763f87,2020-04-29 20:15:53.858000+00:00,i agree with all of the above statements ,0.833333333,2,0.333333333,6,i agree with all of the above statements. ,5,8,41,1,-0.6611826942894591,-0.9654843901838356,0.0,0.0,0.0,0.0,0.01,0.01,0.0,0.0,0.0,0.0,0.0,0.0,0.0,0.0,0.0,0.0,0.0,0.0,0.0,0.0,0.01,0.01,0.0,0.0,0.0,0.0,0.01,0.0,0.0,0.0,0.0,0.0,0.0,0.0,0.0,0.0,0.0,0.01,0.0,0.0,0.0,0.0,0.0,0.01,0.0,0.0,0.029999999999999995,0.029999999999999995,0.0,0.0,0.0,0.0,0.01,0.05999999999999999,0.0,0,0,1.0,0.125,1,0.0,0,0.1,0.0,0.3968,easy,17.248,0,0,0,0,0,0,0,0,0,0,0,1,0,0,0,0,0,0,0,0,0
188,95,3,5ea9ad9aa68ffa2bcbe11b29,2020-04-29 20:16:00.858000+00:00,the partner should be considerate that the mother does not know french ,0.833333333,2,0.333333333,6,the partner should be considerate that the mother does not know french. ,6,12,71,1,-0.17144122773605125,-0.3648374193321406,0.01,0.0,0.0,0.0,0.0,0.0,0.0,0.0,0.0,0.0,0.0,0.01,0.0,0.0,0.0,0.0,0.0,0.01,0.0,0.0,0.01,0.01,0.01,0.02,0.01,0.0,0.0,0.0,0.0,0.0,0.02,0.01,0.0,0.0,0.0,0.0,0.0,0.0,0.0,0.0,0.01,0.04,0.01,0.02,0.0,0.03,0.03,0.0,0.0,0.0,0.0,0.01,0.0,0.06999999999999999,0.0,0,0,0.9166666666666666,0.0,2,0.0,0,0.0,0.0,5.547533333333333,medium,7.0,0,0,1,0,0,0,0,0,0,0,0,0,0,0,0,0,0,1,0,0,0
188,95,3,5d482eab21c9be351f764140,2020-04-29 20:16:02.308000+00:00,they are staying at the moms house too so they should consider her as well,0.833333333,2,0.333333333,6,they are staying at the mom's house too so they should consider her as well,7,15,74,1,0.1224036521959934,-0.00444923682112358,0.01,0.0,0.01,0.02,0.0,0.0,0.0,0.0,0.030000000000000002,0.0,0.01,0.0,0.0,0.0,0.0,0.0,0.0,0.01,0.0,0.0,0.01,0.01,0.0,0.01,0.01,0.0,0.02,0.0,0.0,0.0,0.04,0.0,0.0,0.0,0.0,0.0,0.0,0.0,0.0,0.0,0.0,0.02,0.0,0.01,0.02,0.02,0.02,0.02,0.0,0.0,0.0,0.01,0.0,0.1,0.0,0,0,0.9333333333333333,0.0,2,0.0,0,0.0,0.0,0.744,easy,1.45,0,0,1,0,0,0,0,0,0,0,0,0,0,0,0,0,0,1,0,0,0
189,96,1,5d482ea621c9be351f76286e,2020-05-01 01:44:15.716000+00:00,she shouldve just kept asking them to translate what they were saying,0.75,1,0.25,4,she should've just kept asking them to translate what they were saying.,1,12,69,1,-0.17144122773605125,-0.8714203179989641,0.01,0.01,0.0,0.0,0.0,0.0,0.0,0.0,0.01,0.0,0.01,0.0,0.0,0.0,0.0,0.0,0.0,0.0,0.0,0.0,0.0,0.0,0.0,0.0,0.01,0.029999999999999995,0.0,0.0,0.01,0.0,0.049999999999999996,0.01,0.0,0.0,0.0,0.0,0.0,0.0,0.0,0.0,0.01,0.029999999999999995,0.0,0.0,0.01,0.02,0.029999999999999995,0.01,0.0,0.01,0.0,0.0,0.0,0.06999999999999999,0.0,0,0,1.0,0.0,0,0.0,0,0.0,0.0,0.5952,easy,0.0,0,0,1,0,0,0,0,0,0,0,0,0,0,0,0,0,0,0,0,0,0
189,96,1,5eab5e9cd5ea945196f999fa,2020-05-01 01:44:48.876000+00:00,hi yeah i agree or shouldve just tried to start conversation in english,0.75,1,0.25,4,"hi! yeah i agree, or should've just tried to start conversation in english.",2,13,71,1,-0.2693895210467328,-0.9736539865910213,0.01,0.0,0.0,0.01,0.0,0.0,0.0,0.01,0.01,0.0,0.0,0.0,0.0,0.0,0.0,0.0,0.0,0.0,0.0,0.0,0.01,0.0,0.0,0.01,0.01,0.02,0.02,0.0,0.0,0.0,0.02,0.0,0.0,0.0,0.0,0.0,0.0,0.01,0.0,0.01,0.02,0.03,0.0,0.0,0.01,0.01,0.03,0.02,0.0,0.0,0.0,0.0,0.01,0.05,0.0,0,0,1.0,0.15384615384615385,3,0.0,0,0.0,0.0,5.495915384615385,medium,33.16,0,0,1,0,0,0,0,0,0,0,1,0,0,0,1,0,0,0,0,0,0
189,96,1,5eab7490d5ea945196f9cac7,2020-05-01 01:45:12.612000+00:00,i believe that if she invited them to stay in her home they could have made an effort to speak english to include her or she could have asked to speak in english instead to stating that its disrespectful because she did make it awkward,0.75,1,0.25,4,"i believe that if she invited them to stay in her home, they could have made an effort to speak english to include her. or she could have asked to speak in english instead to stating that it's disrespectful because she did make it awkward.",3,45,235,1,2.9629041582057587,2.400057076946867,0.03,0.02,0.01,0.03,0.0,0.01,0.0,0.01,0.01,0.01,0.05,0.0,0.0,0.0,0.0,0.0,0.0,0.0,0.0,0.0,0.0,0.01,0.0,0.04,0.0,0.03,0.03,0.0,0.0,0.0,0.1,0.04,0.0,0.0,0.0,0.03,0.0,0.01,0.0,0.02,0.02,0.09,0.0,0.01,0.01,0.05,0.09,0.07,0.0,0.02,0.0,0.0,0.01,0.26,0.0,0,0,0.7111111111111111,0.022222222222222223,8,0.0013874690064035267,0,0.3333333333333333,-0.19999999999999998,2.2319999999999998,easy,23.736,0,0,0,0,0,0,0,0,0,0,0,1,0,0,0,0,0,0,1,0,0
189,96,1,5eab7454d5ea945196f9c9ef,2020-05-01 01:45:19.073000+00:00,it was plain rude when i lived in germany you spoke german unless of course they wanted your cash then they spoke english,0.75,1,0.25,4,"it was plain rude, when i lived in germany you spoke german unless of course they wanted your cash then they spoke english",4,23,121,1,0.8080417053707643,0.15091636792160812,0.01,0.02,0.0,0.03,0.0,0.0,0.0,0.0,0.01,0.0,0.0,0.0,0.0,0.0,0.0,0.0,0.0,0.0,0.01,0.0,0.0,0.0,0.0,0.0,0.0,0.05,0.03,0.0,0.0,0.0,0.06,0.01,0.0,0.01,0.01,0.0,0.01,0.01,0.0,0.0,0.01,0.05,0.0,0.0,0.0,0.01,0.02,0.03,0.0,0.02,0.02,0.0,0.01,0.11,0.0,0,0,0.9130434782608695,0.043478260869565216,4,0.0007713260612402487,0,0.23928571428571427,-0.12857142857142856,1.1408,easy,6.461,0,0,0,0,0,0,0,0,0,0,1,0,1,0,0,0,0,0,1,0,0
189,96,1,5d482ea621c9be351f76286e,2020-05-01 01:45:24.285000+00:00,maybe the guy just felt more comfortable to speak in his native language,0.75,1,0.25,4,maybe the guy just felt more comfortable to speak in his native language.,5,13,72,1,-0.07349293442536971,-0.7691866494069068,0.0,0.009999999999999998,0.0,0.0,0.0,0.0,0.0,0.0,0.019999999999999997,0.0,0.009999999999999998,0.0,0.0,0.0,0.0,0.0,0.0,0.0,0.0,0.009999999999999998,0.009999999999999998,0.009999999999999998,0.009999999999999998,0.0,0.0,0.009999999999999998,0.009999999999999998,0.0,0.0,0.0,0.039999999999999994,0.0,0.0,0.0,0.0,0.0,0.0,0.0,0.009999999999999998,0.009999999999999998,0.009999999999999998,0.009999999999999998,0.0,0.009999999999999998,0.009999999999999998,0.0,0.03,0.019999999999999997,0.0,0.019999999999999997,0.0,0.009999999999999998,0.0,0.06,0.009999999999999998,0,0,1.0,0.0,1,0.0,1,0.65,0.45,0.6447999999999999,easy,5.212,0,0,1,0,1,0,0,0,0,0,0,0,0,0,0,0,0,1,0,0,0
189,96,1,5d482ea721c9be351f762e26,2020-05-01 01:45:33.344000+00:00,the mother should try speaking in english and maybe theyll follow ,0.75,1,0.25,4,the mother should try speaking in english and maybe they'll follow. ,6,11,66,1,-0.2693895210467328,-0.9736539865910213,0.01,0.01,0.0,0.01,0.0,0.01,0.0,0.01,0.01,0.0,0.0,0.0,0.0,0.0,0.0,0.0,0.0,0.01,0.0,0.0,0.0,0.0,0.0,0.02,0.02,0.0,0.02,0.0,0.0,0.0,0.030000000000000002,0.0,0.0,0.0,0.0,0.0,0.0,0.0,0.0,0.01,0.0,0.04,0.0,0.01,0.01,0.02,0.030000000000000002,0.01,0.0,0.01,0.0,0.0,0.0,0.04,0.01,0,0,1.0,0.0,2,0.003125,1,0.0,0.0,0.5456,easy,9.059,0,0,1,0,0,0,0,0,0,0,0,0,0,0,0,0,0,0,0,0,0
190,96,3,5eab5e9cd5ea945196f999fa,2020-05-01 02:14:14.190000+00:00,i dont think this person was being an asshole more just kind of stuck in an uncomfortable position,1.0,3,0.6,5,"i don't think this person was being an asshole, more just kind of stuck in an uncomfortable position.",1,18,98,1,0.31830023881735653,-0.6285959991032557,0.0,0.0,0.0,0.0,0.0,0.0,0.0,0.0,0.009999999999999998,0.009999999999999998,0.0,0.009999999999999998,0.009999999999999998,0.0,0.0,0.0,0.0,0.0,0.0,0.009999999999999998,0.009999999999999998,0.009999999999999998,0.009999999999999998,0.019999999999999997,0.0,0.019999999999999997,0.019999999999999997,0.0,0.0,0.0,0.009999999999999998,0.009999999999999998,0.0,0.0,0.0,0.0,0.009999999999999998,0.009999999999999998,0.0,0.009999999999999998,0.009999999999999998,0.05,0.0,0.019999999999999997,0.009999999999999998,0.03,0.03,0.019999999999999997,0.0,0.0,0.0,0.0,0.009999999999999998,0.1,0.009999999999999998,0,0,0.9444444444444444,0.05555555555555555,0,0.0,1,0.7999999999999999,0.20000000000000004,6.283744444444444,difficult,0.0,0,0,1,0,1,0,0,0,0,0,0,1,0,0,0,0,0,0,1,0,0
190,96,3,5d482ea621c9be351f76286e,2020-05-01 02:14:22.030000+00:00,i think he shouldve been translating for his mom so she could be part of the conversation,1.0,3,0.6,5,i think he should've been translating for his mom so she could be part of the conversation.,2,17,89,1,0.22035194550667497,-0.7353387159321104,0.02,0.0,0.0,0.01,0.0,0.0,0.0,0.0,0.01,0.0,0.03,0.0,0.0,0.0,0.0,0.0,0.0,0.01,0.0,0.01,0.0,0.01,0.0,0.01,0.01,0.02,0.0,0.0,0.0,0.0,0.05,0.0,0.0,0.0,0.0,0.0,0.0,0.01,0.0,0.0,0.0,0.05,0.0,0.01,0.01,0.04,0.03,0.02,0.0,0.0,0.0,0.0,0.01,0.1,0.0,0,0,1.0,0.058823529411764705,1,0.0005036151718260998,0,0.0,0.0,5.408523529411765,medium,7.84,0,0,1,0,1,0,0,0,0,0,0,1,0,0,0,0,0,0,0,0,0
190,96,3,5eab7454d5ea945196f9c9ef,2020-05-01 02:14:44.793000+00:00,i think that since mom was nice enough to host them they should be speaking english for the most part and if the the husband get stuck he could ask the son how to translate what he wanted to convey,1.0,3,0.6,5,i think that since mom was nice enough to host them they should be speaking english for the most part and if the the husband get stuck he could ask the son how to translate what he wanted to convey,3,40,197,1,2.473162691652351,1.7197437711315484,0.039999999999999994,0.009999999999999998,0.0,0.030000000000000002,0.0,0.009999999999999998,0.0,0.0,0.009999999999999998,0.0,0.019999999999999997,0.0,0.0,0.0,0.0,0.0,0.0,0.030000000000000002,0.0,0.030000000000000002,0.009999999999999998,0.009999999999999998,0.0,0.030000000000000002,0.009999999999999998,0.030000000000000002,0.0,0.0,0.0,0.0,0.09,0.019999999999999997,0.0,0.0,0.0,0.019999999999999997,0.0,0.009999999999999998,0.0,0.019999999999999997,0.009999999999999998,0.09,0.0,0.039999999999999994,0.009999999999999998,0.039999999999999994,0.09,0.049999999999999996,0.0,0.009999999999999998,0.0,0.019999999999999997,0.009999999999999998,0.22,0.0,0,0,0.85,0.025,9,0.010072545393502419,0,0.5,0.275,1.984,easy,22.763,0,0,1,0,1,0,0,0,0,0,0,1,0,0,0,0,0,1,1,0,0
190,96,3,5eab5e9cd5ea945196f999fa,2020-05-01 02:14:47.702000+00:00,yeah i understand why the mother would be upset too it would have helped for him to translate,1.0,3,0.6,5,"yeah i understand why the mother would be upset too, it would have helped for him to translate",4,18,93,1,0.31830023881735653,-0.6285959991032557,0.020000000000000004,0.0,0.0,0.0,0.0,0.0,0.0,0.0,0.010000000000000002,0.010000000000000002,0.010000000000000002,0.0,0.0,0.0,0.0,0.0,0.0,0.010000000000000002,0.010000000000000002,0.0,0.0,0.010000000000000002,0.0,0.020000000000000004,0.020000000000000004,0.010000000000000002,0.0,0.0,0.0,0.0,0.020000000000000004,0.010000000000000002,0.0,0.0,0.0,0.010000000000000002,0.0,0.010000000000000002,0.0,0.0,0.0,0.060000000000000005,0.0,0.010000000000000002,0.0,0.04000000000000001,0.04000000000000001,0.020000000000000004,0.0,0.0,0.0,0.010000000000000002,0.010000000000000002,0.1,0.0,0,0,0.9444444444444444,0.05555555555555555,4,0.003053733840714652,0,0.0,0.0,0.8927999999999999,easy,2.909,0,0,0,0,0,0,0,0,0,0,1,0,0,0,0,0,0,1,1,0,0
190,96,3,5d482ea621c9be351f76286e,2020-05-01 02:14:48.903000+00:00,i agree  it was just awkward  the hubs shouldve tried a bit harder,1.0,3,0.6,5,i agree.  it was just awkward.  the hubs should've tried a bit harder.,5,13,66,1,-0.17144122773605125,-1.1623095832475292,0.01,0.0,0.0,0.0,0.0,0.0,0.0,0.01,0.01,0.01,0.0,0.0,0.0,0.0,0.0,0.0,0.0,0.0,0.0,0.01,0.01,0.0,0.0,0.0,0.01,0.030000000000000002,0.0,0.0,0.0,0.0,0.0,0.01,0.0,0.0,0.0,0.0,0.0,0.01,0.01,0.0,0.01,0.030000000000000002,0.0,0.02,0.01,0.02,0.02,0.0,0.0,0.01,0.0,0.01,0.01,0.060000000000000005,0.0,0,0,1.0,0.07692307692307693,2,0.00015518311607697082,0,0.5,-0.35,0.6447999999999999,easy,1.201,0,0,1,0,0,0,0,0,0,0,0,1,0,0,0,0,0,0,1,0,0
191,97,1,5eab6e5ad5ea945196f9b094,2020-05-01 01:36:35.058000+00:00,i dont think that the person is the asshole i think the husband is,1.0,3,0.6,5,"i don't think that the person is the asshole, i think the husband is.",1,14,66,1,-0.17144122773605125,0.00365531161383934,0.0,0.0,0.0,0.0,0.0,0.0,0.0,0.0,0.0,0.0,0.0,0.01,0.01,0.0,0.0,0.0,0.0,0.01,0.0,0.0,0.0,0.02,0.01,0.05,0.0,0.0,0.0,0.0,0.0,0.0,0.02,0.01,0.0,0.0,0.0,0.0,0.01,0.02,0.0,0.0,0.0,0.05,0.0,0.030000000000000002,0.0,0.030000000000000002,0.02,0.0,0.0,0.0,0.0,0.0,0.02,0.08,0.0,0,0,0.6428571428571429,0.14285714285714285,0,0.0,0,0.0,0.0,0.6944,easy,0.0,0,0,1,0,1,0,0,0,0,0,1,1,0,0,0,0,0,0,0,0,0
191,97,1,5d482ea621c9be351f762772,2020-05-01 01:36:48.874000+00:00,the husband is in the wrong here,1.0,3,0.6,5,the husband is in the wrong here,2,7,32,1,-0.6611826942894591,-0.5994711046696347,0.0,0.0,0.0,0.0,0.0,0.0,0.0,0.0,0.01,0.0,0.0,0.0,0.0,0.0,0.0,0.0,0.0,0.01,0.01,0.0,0.0,0.0,0.0,0.01,0.0,0.0,0.01,0.0,0.0,0.0,0.01,0.0,0.0,0.0,0.0,0.0,0.0,0.0,0.0,0.0,0.0,0.01,0.0,0.02,0.0,0.01,0.0,0.01,0.0,0.0,0.0,0.0,0.0,0.05,0.0,0,0,0.8571428571428571,0.0,3,0.000727802037845706,0,0.9,-0.5,0.3472,easy,13.816,0,0,0,0,0,0,0,0,0,0,0,0,0,0,0,0,0,0,1,0,0
191,97,1,5d482ea121c9be351f761d3e,2020-05-01 01:36:51.427000+00:00,i think this person is the asshole for making fun of him,1.0,3,0.6,5,i think this person is the asshole for making fun of him,3,12,56,1,-0.2693895210467328,-0.11696997164285546,0.0,0.0,0.0,0.0,0.0,0.0,0.0,0.0,0.0,0.0,0.01,0.0,0.01,0.0,0.0,0.0,0.0,0.0,0.0,0.0,0.01,0.01,0.01,0.02,0.0,0.0,0.0,0.0,0.0,0.0,0.02,0.01,0.0,0.0,0.0,0.01,0.01,0.01,0.0,0.0,0.0,0.02,0.0,0.01,0.0,0.01,0.02,0.02,0.0,0.0,0.0,0.01,0.01,0.07,0.0,0,0,1.0,0.08333333333333333,2,0.0,0,0.2,0.3,0.5952,easy,2.553,0,0,1,0,1,0,0,0,0,0,0,1,0,0,0,0,0,1,0,0,0
191,97,1,5eab6e5ad5ea945196f9b094,2020-05-01 01:36:53.040000+00:00,i think asking a spouse to help your family out for 10 minutes at a time once in a while is not a big deal at all,1.0,3,0.6,5,i think asking a spouse to help your family out for 10 minutes at a time once in a while is not a big deal at all.,4,27,113,1,1.1998348786134905,1.6924092772075665,0.0,0.0,0.009999999999999998,0.009999999999999998,0.009999999999999998,0.009999999999999998,0.0,0.0,0.0,0.0,0.0,0.009999999999999998,0.0,0.0,0.0,0.0,0.0,0.019999999999999997,0.0,0.0,0.0,0.009999999999999998,0.0,0.019999999999999997,0.0,0.0,0.09,0.0,0.0,0.0,0.05999999999999999,0.0,0.0,0.0,0.0,0.0,0.0,0.009999999999999998,0.0,0.0,0.009999999999999998,0.019999999999999997,0.0,0.039999999999999994,0.0,0.009999999999999998,0.039999999999999994,0.05999999999999999,0.0,0.0,0.009999999999999998,0.039999999999999994,0.009999999999999998,0.16999999999999998,0.0,0,0,0.8518518518518519,0.037037037037037035,2,0.0005036151718260998,0,0.1,0.0,1.3392,easy,1.613,0,0,1,0,1,0,0,0,0,0,0,1,1,0,0,0,0,0,0,0,0
191,97,1,5d482ea121c9be351f761d3e,2020-05-01 01:37:00.679000+00:00,true,1.0,3,0.6,5,true,5,1,4,1,-1.2488724541535483,-1.3232228042098035,0.0,0.0,0.0,0.0,0.01,0.0,0.0,0.0,0.0,0.0,0.0,0.0,0.0,0.0,0.0,0.0,0.0,0.0,0.0,0.0,0.0,0.0,0.0,0.0,0.0,0.0,0.0,0.0,0.0,0.0,0.0,0.0,0.0,0.0,0.0,0.0,0.0,0.0,0.0,0.0,0.0,0.0,0.0,0.0,0.0,0.0,0.01,0.0,0.0,0.0,0.0,0.0,0.0,0.0,0.0,0,0,1.0,0.0,0,0.0,0,0.65,0.35,0.0496,easy,7.639,0,0,0,0,0,0,0,0,0,0,0,0,0,0,0,0,0,0,0,0,0
191,97,1,5eab726ad5ea945196f9c0ed,2020-05-01 01:37:04.700000+00:00,i think that if she can say her husband can take 10 mins out of his time why cant she ,1.0,3,0.6,5,i think that if she can say her husband can take 10 mins out of his time why can‚äôt she ,6,20,86,1,0.5141968254387196,0.8480322944107029,0.01,0.01,0.0,0.01,0.0,0.01,0.0,0.0,0.0,0.0,0.04,0.01,0.0,0.0,0.0,0.0,0.0,0.01,0.0,0.0,0.0,0.01,0.0,0.049999999999999996,0.0,0.0,0.02,0.0,0.0,0.0,0.06,0.01,0.0,0.0,0.0,0.01,0.0,0.01,0.0,0.01,0.01,0.049999999999999996,0.0,0.0,0.0,0.03,0.04,0.02,0.0,0.01,0.0,0.0,0.01,0.12,0.0,0,0,0.9,0.05,0,0.0,0,0.0,0.0,0.992,easy,4.021,0,0,1,0,1,0,0,0,0,0,0,1,0,0,0,0,0,0,0,0,0
191,97,1,5d482ea821c9be351f7630ba,2020-05-01 01:37:07.566000+00:00,i feel he is not an asshole because i dont think it is too much to ask that his husband help out family from time to time ,1.0,3,0.6,5,i feel he is not an asshole because i don't think it is too much to ask that his husband help out family from time to time. ,7,27,122,1,1.101886585302809,1.5717839939508718,0.0,0.0,0.01,0.01,0.0,0.01,0.0,0.0,0.01,0.0,0.02,0.02,0.01,0.0,0.0,0.0,0.0,0.02,0.0,0.01,0.0,0.02,0.0,0.06,0.0,0.0,0.03,0.0,0.0,0.0,0.06,0.02,0.0,0.0,0.0,0.01,0.01,0.02,0.01,0.0,0.01,0.06,0.0,0.01,0.01,0.03,0.049999999999999996,0.04,0.0,0.01,0.0,0.0,0.02,0.16,0.0,0,0,0.8518518518518519,0.07407407407407407,3,0.0040820181155061894,0,0.2,0.2,1.3392,easy,2.866,0,0,1,0,1,0,0,0,0,0,1,1,0,0,0,0,0,0,0,0,0
191,97,1,5d482ea121c9be351f761d3e,2020-05-01 01:37:13.527000+00:00,but cant she translate as well,1.0,3,0.6,5,but can't she translate as well?,8,6,30,1,-0.7591309876001406,-0.7200963879263295,0.0,0.0,0.0,0.02,0.0,0.0,0.0,0.0,0.01,0.0,0.01,0.01,0.0,0.0,0.0,0.0,0.0,0.0,0.0,0.0,0.01,0.0,0.0,0.01,0.0,0.0,0.0,0.0,0.0,0.0,0.01,0.0,0.0,0.0,0.0,0.0,0.0,0.0,0.0,0.0,0.01,0.01,0.0,0.0,0.02,0.01,0.01,0.01,0.0,0.0,0.0,0.01,0.0,0.03,0.0,1,0,1.0,0.0,0,0.0,0,0.0,0.0,0.2976,easy,5.961,0,0,0,0,0,0,0,0,0,0,0,0,0,0,0,0,1,1,0,0,0
191,97,1,5eab6e5ad5ea945196f9b094,2020-05-01 01:37:18.909000+00:00,if this was something where the husband was being bothered nonstop then i would understand it,1.0,3,0.6,5,if this was something where the husband was being bothered nonstop then i would understand it.,9,16,93,1,0.1224036521959934,0.3655311613839237,0.020000000000000004,0.0,0.0,0.020000000000000004,0.0,0.0,0.0,0.0,0.010000000000000002,0.0,0.0,0.0,0.0,0.0,0.0,0.0,0.0,0.010000000000000002,0.0,0.0,0.0,0.010000000000000002,0.0,0.010000000000000002,0.010000000000000002,0.020000000000000004,0.020000000000000004,0.0,0.0,0.0,0.010000000000000002,0.030000000000000002,0.0,0.0,0.0,0.0,0.010000000000000002,0.010000000000000002,0.0,0.020000000000000004,0.020000000000000004,0.05,0.0,0.010000000000000002,0.0,0.04000000000000001,0.04000000000000001,0.0,0.0,0.0,0.0,0.0,0.010000000000000002,0.1,0.0,0,0,0.9375,0.0625,0,0.0,0,0.0,0.0,0.7936,easy,5.382,0,0,0,0,0,0,0,0,0,0,1,0,0,0,0,0,0,0,1,0,0
191,97,1,5eab726ad5ea945196f9c0ed,2020-05-01 01:37:28.160000+00:00,or at least they can alternate who steps up and translates ,1.0,3,0.6,5,or at least they can alternate who steps up and translates ,10,11,59,1,-0.2693895210467328,-0.11696997164285546,0.0,0.0,0.0,0.02,0.0,0.01,0.0,0.0,0.0,0.0,0.0,0.0,0.0,0.0,0.0,0.0,0.0,0.0,0.0,0.01,0.0,0.0,0.0,0.01,0.0,0.0,0.03,0.0,0.0,0.0,0.02,0.01,0.0,0.0,0.0,0.0,0.0,0.0,0.0,0.01,0.01,0.01,0.0,0.0,0.01,0.01,0.02,0.02,0.0,0.0,0.0,0.0,0.0,0.06999999999999999,0.0,0,0,1.0,0.0,0,0.0,0,0.2,-0.15,0.5456,easy,9.251,0,0,0,0,0,0,0,0,0,0,0,0,0,0,0,0,1,0,0,0,0
191,97,1,5d482ea221c9be351f761f5e,2020-05-01 01:37:31.355000+00:00,i think the daughter is the asshole for thinking her husband should be responsible most of the time for the translation,1.0,3,0.6,5,i think the daughter is the asshole for thinking her husband should be responsible most of the time for the translation.,11,21,119,1,0.6121451187494011,0.9686575776673978,0.009999999999999998,0.0,0.0,0.0,0.0,0.0,0.0,0.009999999999999998,0.0,0.0,0.009999999999999998,0.0,0.009999999999999998,0.0,0.0,0.0,0.0,0.019999999999999997,0.0,0.009999999999999998,0.0,0.019999999999999997,0.0,0.019999999999999997,0.009999999999999998,0.0,0.009999999999999998,0.0,0.009999999999999998,0.0,0.03,0.0,0.0,0.009999999999999998,0.0,0.0,0.009999999999999998,0.009999999999999998,0.0,0.009999999999999998,0.0,0.039999999999999994,0.0,0.039999999999999994,0.0,0.03,0.05,0.03,0.0,0.0,0.0,0.0,0.009999999999999998,0.13,0.0,0,0,0.8095238095238095,0.047619047619047616,0,0.0,0,0.525,0.35,1.0415999999999999,easy,3.195,0,0,1,0,1,0,0,0,0,0,0,1,0,0,0,0,0,0,0,0,0
191,97,1,5eab6e5ad5ea945196f9b094,2020-05-01 01:37:43.360000+00:00,she can translate it but the way she explained it was she didnt have time,1.0,3,0.6,5,she can translate it but the way she explained it was she didn't have time.,12,15,73,1,0.1224036521959934,0.3655311613839237,0.0,0.0,0.0,0.009999999999999998,0.0,0.0,0.0,0.0,0.0,0.0,0.03,0.009999999999999998,0.0,0.0,0.0,0.0,0.0,0.0,0.0,0.0,0.0,0.009999999999999998,0.0,0.019999999999999997,0.0,0.03,0.019999999999999997,0.0,0.0,0.0,0.039999999999999994,0.019999999999999997,0.0,0.0,0.0,0.0,0.0,0.0,0.0,0.0,0.009999999999999998,0.049999999999999996,0.0,0.009999999999999998,0.009999999999999998,0.039999999999999994,0.019999999999999997,0.0,0.0,0.0,0.0,0.0,0.0,0.09999999999999999,0.0,0,0,0.8,0.0,1,0.0013477088948787063,0,0.0,0.0,0.744,easy,12.005,0,0,0,0,0,0,0,0,0,0,0,0,0,0,0,0,0,0,0,0,0
191,97,1,5eab726ad5ea945196f9c0ed,2020-05-01 01:37:47.513000+00:00,i agree it doesnt sound like its constant for the husband ,1.0,3,0.6,5,i agree it doesn‚äôt sound like it‚äôs constant for the husband ,13,11,58,1,-0.36733781435741436,-0.23759525489955027,0.0,0.009999999999999998,0.0,0.0,0.0,0.0,0.0,0.0,0.0,0.0,0.0,0.009999999999999998,0.0,0.0,0.0,0.0,0.0,0.009999999999999998,0.0,0.0,0.019999999999999997,0.0,0.0,0.009999999999999998,0.0,0.0,0.009999999999999998,0.0,0.0,0.0,0.009999999999999998,0.019999999999999997,0.0,0.0,0.0,0.0,0.0,0.009999999999999998,0.0,0.0,0.0,0.009999999999999998,0.0,0.009999999999999998,0.0,0.009999999999999998,0.0,0.009999999999999998,0.0,0.009999999999999998,0.0,0.009999999999999998,0.009999999999999998,0.05,0.0,0,0,1.0,0.09090909090909091,2,0.0,0,0.3666666666666667,0.2,0.5456,easy,4.153,0,0,0,0,0,0,0,0,0,0,0,1,0,0,0,0,0,1,0,0,0
191,97,1,5d482ea321c9be351f762027,2020-05-01 01:37:48.756000+00:00,its hard to tell how often teh husband is really bing asked to do things,1.0,3,0.6,5,it's hard to tell how often teh husband is really bing asked to do things,14,15,72,1,0.1224036521959934,0.3655311613839237,0.0,0.0,0.0,0.009999999999999998,0.0,0.0,0.0,0.0,0.03,0.0,0.0,0.0,0.0,0.0,0.0,0.0,0.0,0.009999999999999998,0.0,0.0,0.0,0.0,0.0,0.019999999999999997,0.0,0.009999999999999998,0.0,0.0,0.0,0.0,0.03,0.019999999999999997,0.0,0.0,0.0,0.009999999999999998,0.0,0.0,0.009999999999999998,0.009999999999999998,0.009999999999999998,0.03,0.0,0.0,0.009999999999999998,0.019999999999999997,0.03,0.019999999999999997,0.0,0.009999999999999998,0.0,0.0,0.0,0.06,0.0,0,0,0.9333333333333333,0.0,1,0.000727802037845706,0,0.37083333333333335,-0.04583333333333334,0.744,easy,1.243,0,0,1,0,0,1,0,0,0,0,0,0,0,0,0,0,0,0,1,0,0
191,97,1,5eab6e5ad5ea945196f9b094,2020-05-01 01:37:51.687000+00:00,she is working full time and is going for her masters degree,1.0,3,0.6,5,she is working full time and is going for her masters degree.,15,12,60,1,-0.17144122773605125,0.00365531161383934,0.0,0.0,0.0,0.01,0.0,0.01,0.0,0.02,0.0,0.0,0.02,0.0,0.0,0.0,0.0,0.0,0.0,0.0,0.0,0.01,0.0,0.0,0.0,0.02,0.0,0.0,0.03,0.0,0.0,0.0,0.02,0.0,0.0,0.02,0.0,0.0,0.0,0.0,0.0,0.0,0.0,0.02,0.0,0.0,0.01,0.02,0.01,0.01,0.0,0.0,0.0,0.01,0.0,0.06,0.0,0,0,0.9166666666666666,0.0,2,0.0,0,0.55,0.35,0.5952,easy,2.931,0,0,0,0,0,0,0,0,0,0,0,0,0,0,0,0,0,1,0,0,0
191,97,1,5d482ea121c9be351f761d3e,2020-05-01 01:37:53.011000+00:00,she seems pretty entitled,1.0,3,0.6,5,she seems pretty entitled.,16,4,25,1,-0.9550275742215037,-0.9613469544397191,0.0,0.0,0.0,0.0,0.0,0.0,0.0,0.0,0.0,0.0,0.01,0.0,0.0,0.0,0.0,0.0,0.0,0.0,0.0,0.0,0.01,0.01,0.0,0.01,0.0,0.0,0.0,0.0,0.0,0.0,0.01,0.0,0.0,0.0,0.0,0.0,0.0,0.0,0.0,0.02,0.0,0.01,0.0,0.0,0.0,0.0,0.02,0.0,0.0,0.0,0.0,0.01,0.0,0.01,0.0,0,0,1.0,0.0,1,0.0,0,1.0,0.25,0.1984,easy,1.324,0,0,1,0,1,0,0,0,0,0,0,0,0,0,0,0,0,1,0,0,0
191,97,1,5d482ea621c9be351f762772,2020-05-01 01:37:57.652000+00:00,apparently the husband has a lot of freetime ,1.0,3,0.6,5,apparently the husband has a lot of freetime ,17,8,45,1,-0.5632344009787775,-0.47884582141293985,0.0,0.0,0.0,0.0,0.0,0.0,0.0,0.0,0.01,0.0,0.0,0.0,0.0,0.0,0.0,0.0,0.0,0.01,0.0,0.01,0.01,0.0,0.0,0.01,0.0,0.0,0.0,0.0,0.0,0.0,0.01,0.0,0.0,0.0,0.0,0.0,0.0,0.0,0.0,0.02,0.0,0.01,0.0,0.02,0.0,0.01,0.02,0.01,0.0,0.0,0.0,0.01,0.0,0.04,0.0,0,0,1.0,0.0,0,0.0,0,0.35,0.05,0.3968,easy,4.641,0,0,1,0,0,0,0,0,0,0,0,0,0,0,0,0,0,0,0,0,0
192,97,2,5eab6e5ad5ea945196f9b094,2020-05-01 01:51:30.874000+00:00,i dont think this person is the asshole,0.666666667,0,0.0,6,i don't think this person is the asshole.,1,8,39,1,-0.6611826942894591,-0.8426743226694943,0.0,0.0,0.0,0.0,0.0,0.0,0.0,0.0,0.0,0.0,0.0,0.01,0.01,0.0,0.0,0.0,0.0,0.0,0.0,0.0,0.0,0.01,0.01,0.030000000000000002,0.0,0.0,0.0,0.0,0.0,0.0,0.01,0.01,0.0,0.0,0.0,0.0,0.01,0.01,0.0,0.0,0.0,0.030000000000000002,0.0,0.01,0.0,0.02,0.01,0.0,0.0,0.0,0.0,0.0,0.01,0.04,0.0,0,0,1.0,0.125,0,0.0,0,0.0,0.0,0.3968,easy,0.0,0,0,1,0,1,0,0,0,0,0,0,1,0,0,0,0,0,0,0,0,0
192,97,2,5d482ea121c9be351f761d3e,2020-05-01 01:51:31.700000+00:00,this guy is totally an asshole,0.666666667,0,0.0,6,this guy is totally an asshole,2,6,30,1,-0.7591309876001406,-0.9613608469891414,0.0,0.0,0.0,0.0,0.01,0.0,0.0,0.0,0.01,0.0,0.0,0.0,0.01,0.0,0.0,0.0,0.0,0.0,0.0,0.0,0.0,0.0,0.01,0.01,0.0,0.0,0.0,0.0,0.0,0.0,0.01,0.01,0.0,0.0,0.0,0.0,0.01,0.0,0.0,0.0,0.0,0.01,0.0,0.01,0.0,0.01,0.01,0.0,0.0,0.0,0.0,0.0,0.0,0.03,0.0,0,0,1.0,0.0,2,0.0003202049311559398,0,0.75,0.0,0.2976,easy,0.826,0,0,0,0,0,0,0,0,0,0,0,0,0,0,0,0,0,0,0,0,0
192,97,2,5eab726ad5ea945196f9c0ed,2020-05-01 01:51:43.486000+00:00,i dont think so he said he was respectful ,0.666666667,0,0.0,6,i don‚äôt think so he said he was respectful ,3,9,42,1,-0.5632344009787775,-0.7239877983498472,0.0,0.009999999999999998,0.0,0.009999999999999998,0.0,0.0,0.0,0.0,0.009999999999999998,0.0,0.019999999999999997,0.009999999999999998,0.0,0.0,0.0,0.0,0.0,0.0,0.0,0.0,0.0,0.009999999999999998,0.0,0.019999999999999997,0.0,0.019999999999999997,0.0,0.0,0.0,0.0,0.03,0.0,0.0,0.0,0.0,0.0,0.0,0.009999999999999998,0.0,0.0,0.0,0.039999999999999994,0.0,0.0,0.009999999999999998,0.019999999999999997,0.009999999999999998,0.0,0.0,0.009999999999999998,0.0,0.009999999999999998,0.009999999999999998,0.049999999999999996,0.0,0,0,0.8888888888888888,0.1111111111111111,0,0.0,0,0.7,0.5,0.44639999999999996,easy,11.786,0,0,1,0,1,0,0,0,0,0,0,1,0,0,0,0,0,1,0,0,0
192,97,2,5eab6e5ad5ea945196f9b094,2020-05-01 01:52:00.047000+00:00,i think after he explained that he was willing to help and was polite and respectful he cleared himself of being the asshole,0.666666667,0,0.0,6,"i think after he explained that he was willing to help and was polite and respectful, he cleared himself of being the asshole.",4,23,124,1,0.8080417053707643,0.937623542125212,0.0,0.0,0.0,0.02,0.0,0.02,0.0,0.0,0.0,0.0,0.04,0.0,0.01,0.0,0.0,0.0,0.0,0.0,0.0,0.0,0.0,0.02,0.0,0.01,0.0,0.03,0.01,0.0,0.0,0.0,0.06999999999999999,0.01,0.0,0.0,0.0,0.0,0.01,0.01,0.0,0.0,0.0,0.049999999999999996,0.0,0.01,0.02,0.03,0.04,0.03,0.0,0.0,0.0,0.04,0.01,0.15,0.0,0,0,0.8260869565217391,0.043478260869565216,5,0.009512624180835108,0,0.725,0.375,1.1408,easy,16.561,0,0,1,0,1,0,0,0,0,0,0,1,0,0,0,0,0,1,0,0,0
192,97,2,5d482ea621c9be351f762772,2020-05-01 01:52:01.595000+00:00,what he said wasnt respectful,0.666666667,0,0.0,6,what he said wasn't respectful,5,5,29,1,-0.8570792809108222,-1.0800473713087884,0.0,0.009999999999999998,0.0,0.0,0.0,0.0,0.0,0.0,0.0,0.0,0.009999999999999998,0.009999999999999998,0.0,0.0,0.0,0.0,0.0,0.0,0.0,0.0,0.0,0.0,0.0,0.0,0.0,0.019999999999999997,0.0,0.0,0.0,0.0,0.019999999999999997,0.009999999999999998,0.0,0.0,0.0,0.0,0.0,0.0,0.0,0.0,0.0,0.019999999999999997,0.0,0.0,0.0,0.009999999999999998,0.0,0.0,0.0,0.009999999999999998,0.0,0.009999999999999998,0.0,0.019999999999999997,0.0,1,0,1.0,0.0,1,0.009009009009009009,0,0.7,0.5,0.248,easy,1.548,0,0,0,0,0,0,0,0,0,0,0,0,0,0,0,1,0,1,0,0,0
192,97,2,5eab6e5ad5ea945196f9b094,2020-05-01 01:52:06.521000+00:00,its not his responsibility to be a translator 24 hours a day,0.666666667,0,0.0,6,it's not his responsibility to be a translator 24 hours a day.,6,12,60,1,-0.17144122773605125,-0.24924170107125884,0.0,0.0,0.0,0.0,0.0,0.0,0.0,0.01,0.0,0.0,0.01,0.01,0.0,0.0,0.0,0.0,0.0,0.0,0.0,0.0,0.0,0.0,0.0,0.0,0.0,0.0,0.02,0.0,0.01,0.0,0.01,0.01,0.0,0.01,0.0,0.0,0.0,0.0,0.0,0.0,0.01,0.01,0.0,0.02,0.0,0.01,0.02,0.01,0.0,0.0,0.0,0.02,0.0,0.06999999999999999,0.0,0,0,0.9166666666666666,0.0,0,0.0,0,0.0,0.0,5.547533333333333,medium,4.926,0,0,0,0,0,0,0,0,0,0,0,0,0,0,0,0,0,0,0,0,0
192,97,2,5eab726ad5ea945196f9c0ed,2020-05-01 01:52:11.610000+00:00,i think he would still be willing to help just they also need to commit to learning english,0.666666667,0,0.0,6,i think he would still be willing to help just they also need to commit to learning english,7,18,91,1,0.31830023881735653,0.3441909205269766,0.020000000000000004,0.0,0.0,0.010000000000000002,0.010000000000000002,0.0,0.0,0.0,0.030000000000000002,0.0,0.010000000000000002,0.0,0.0,0.0,0.0,0.0,0.0,0.0,0.0,0.0,0.0,0.020000000000000004,0.0,0.020000000000000004,0.010000000000000002,0.0,0.010000000000000002,0.0,0.0,0.0,0.04000000000000001,0.0,0.0,0.010000000000000002,0.0,0.0,0.0,0.010000000000000002,0.0,0.0,0.010000000000000002,0.04000000000000001,0.0,0.0,0.010000000000000002,0.020000000000000004,0.060000000000000005,0.030000000000000002,0.0,0.0,0.0,0.010000000000000002,0.010000000000000002,0.08000000000000002,0.0,0,0,0.8888888888888888,0.05555555555555555,4,0.0,0,0.375,0.125,0.8927999999999999,easy,5.089,0,0,1,0,1,0,0,0,0,0,0,1,0,0,0,0,0,1,0,0,0
192,97,2,5eab6e5ad5ea945196f9b094,2020-05-01 01:52:15.185000+00:00,if it was every once in a while it would be understandable,0.666666667,0,0.0,6,if it was every once in a while it would be understandable.,8,12,58,1,-0.17144122773605125,-0.24924170107125884,0.019999999999999997,0.0,0.0,0.019999999999999997,0.009999999999999998,0.0,0.0,0.0,0.0,0.0,0.0,0.0,0.0,0.0,0.0,0.0,0.0,0.0,0.0,0.009999999999999998,0.0,0.009999999999999998,0.0,0.0,0.009999999999999998,0.009999999999999998,0.03,0.0,0.0,0.0,0.0,0.019999999999999997,0.0,0.0,0.0,0.0,0.0,0.0,0.0,0.009999999999999998,0.009999999999999998,0.03,0.0,0.009999999999999998,0.0,0.03,0.039999999999999994,0.009999999999999998,0.0,0.0,0.0,0.019999999999999997,0.0,0.09,0.0,0,0,0.9166666666666666,0.0,2,0.0,0,0.0,0.0,5.547533333333333,medium,3.575,0,0,0,0,0,0,0,0,0,0,0,0,0,0,0,0,0,1,0,0,0
192,97,2,5d482ea821c9be351f7630ba,2020-05-01 01:52:18.230000+00:00,i think the way the guy talked was like an asshole but if he spoke respectfully to his mother in law about learning english he wasnt one in the situation,0.666666667,0,0.0,6,i think the way the guy talked was like an asshole but if he spoke respectfully to his mother in law about learning english he wasn't one in the situation.,9,30,153,1,1.4936797585455353,1.7684292123627416,0.01,0.01,0.0,0.02,0.0,0.0,0.0,0.0,0.01,0.0,0.03,0.01,0.01,0.0,0.0,0.0,0.0,0.01,0.0,0.0,0.01,0.02,0.01,0.01,0.0,0.04,0.03,0.0,0.0,0.0,0.06999999999999999,0.0,0.0,0.01,0.0,0.0,0.01,0.01,0.0,0.01,0.02,0.05,0.0,0.04,0.01,0.02,0.05,0.04,0.0,0.01,0.0,0.02,0.01,0.15,0.0,0,0,0.8666666666666667,0.03333333333333333,4,0.0,0,0.35,0.25,1.488,easy,3.045,0,0,1,0,1,0,0,0,0,0,0,1,0,0,0,0,0,1,0,0,0
192,97,2,5d482ea321c9be351f762027,2020-05-01 01:52:23.859000+00:00,i think he came off harsh because of his language but he actually sounded kind of sincere,0.666666667,0,0.0,6,"i think he came off harsh because of his language, but he actually sounded kind of sincere",10,17,89,1,0.22035194550667497,0.2255043962073295,0.0,0.01,0.0,0.02,0.0,0.01,0.0,0.0,0.01,0.0,0.03,0.0,0.0,0.0,0.0,0.0,0.0,0.0,0.0,0.0,0.02,0.01,0.0,0.01,0.0,0.01,0.02,0.0,0.0,0.0,0.04,0.0,0.0,0.0,0.0,0.01,0.0,0.01,0.0,0.01,0.01,0.02,0.0,0.0,0.03,0.0,0.05,0.03,0.0,0.01,0.0,0.01,0.01,0.09,0.01,0,0,0.8823529411764706,0.058823529411764705,4,0.0005036151718260998,1,0.55,0.22499999999999998,0.8432,easy,5.629,0,0,1,0,1,1,0,0,0,0,0,1,0,0,0,0,0,1,1,0,0
192,97,2,5d482ea121c9be351f761d3e,2020-05-01 01:52:25.754000+00:00,i think when dealing with family members it should have been the wife that said something not him,0.666666667,0,0.0,6,"i think when dealing with family members, it should have been the wife that said something, not him",11,18,97,1,0.31830023881735653,0.3441909205269766,0.01,0.01,0.01,0.01,0.0,0.01,0.0,0.0,0.01,0.0,0.01,0.01,0.0,0.0,0.0,0.0,0.0,0.02,0.0,0.0,0.0,0.01,0.01,0.02,0.01,0.02,0.01,0.0,0.0,0.0,0.049999999999999996,0.03,0.0,0.0,0.0,0.0,0.0,0.01,0.0,0.01,0.02,0.049999999999999996,0.0,0.01,0.0,0.03,0.049999999999999996,0.01,0.0,0.01,0.0,0.0,0.01,0.11,0.0,0,0,1.0,0.05555555555555555,0,0.0005036151718260998,0,0.0,0.0,0.8927999999999999,easy,1.895,0,0,1,0,1,0,0,0,0,0,0,1,0,0,0,0,0,0,0,0,0
192,97,2,5eab6e5ad5ea945196f9b094,2020-05-01 01:52:28.481000+00:00,he also said he was willing to help the mother in law any way he could,0.666666667,0,0.0,6,he also said he was willing to help the mother in law any way he could.,12,16,70,1,0.22035194550667497,0.2255043962073295,0.009999999999999998,0.009999999999999998,0.0,0.009999999999999998,0.0,0.0,0.0,0.0,0.009999999999999998,0.0,0.03,0.0,0.0,0.0,0.0,0.0,0.0,0.009999999999999998,0.0,0.0,0.0,0.0,0.0,0.0,0.0,0.019999999999999997,0.019999999999999997,0.0,0.0,0.0,0.06999999999999999,0.0,0.0,0.0,0.0,0.0,0.0,0.0,0.0,0.009999999999999998,0.0,0.03,0.0,0.009999999999999998,0.0,0.019999999999999997,0.03,0.019999999999999997,0.0,0.009999999999999998,0.0,0.009999999999999998,0.0,0.07999999999999999,0.0,0,0,0.875,0.0,1,0.002680965147453083,0,0.75,0.25,0.7936,easy,2.727,0,0,0,0,0,0,0,0,0,0,0,0,0,0,0,0,0,1,0,0,0
192,97,2,5d482ea621c9be351f762772,2020-05-01 01:52:31.149000+00:00,but if he is being called randomly throughout the whole day its a problem,0.666666667,0,0.0,6,but if he is being called randomly throughout the whole day its a problem,13,14,73,1,0.024455358885311848,-0.011868652431964666,0.019999999999999997,0.0,0.0,0.019999999999999997,0.0,0.0,0.0,0.0,0.0,0.0,0.009999999999999998,0.0,0.0,0.0,0.0,0.0,0.0,0.0,0.0,0.009999999999999998,0.0,0.0,0.0,0.009999999999999998,0.0,0.009999999999999998,0.009999999999999998,0.0,0.0,0.0,0.019999999999999997,0.009999999999999998,0.0,0.0,0.0,0.0,0.0,0.0,0.0,0.019999999999999997,0.019999999999999997,0.03,0.0,0.019999999999999997,0.009999999999999998,0.019999999999999997,0.039999999999999994,0.009999999999999998,0.0,0.0,0.0,0.009999999999999998,0.0,0.07999999999999999,0.0,0,0,1.0,0.0,2,0.0,0,0.45,-0.15,0.6944,easy,2.668,0,0,0,0,0,0,0,0,0,0,0,0,0,0,0,0,1,0,1,0,0
192,97,2,5d482ea221c9be351f761f5e,2020-05-01 01:52:42.055000+00:00,i also believe he is an asshole   i do not think he was respectful in dealing with his mil,0.666666667,0,0.0,6,i also believe he is an asshole .  i do not think he was respectful in dealing with his mil.,14,19,90,1,0.31830023881735653,0.3441909205269766,0.0,0.0,0.0,0.01,0.0,0.01,0.0,0.0,0.01,0.0,0.03,0.01,0.01,0.0,0.0,0.0,0.0,0.0,0.0,0.0,0.0,0.02,0.0,0.04,0.0,0.01,0.01,0.0,0.0,0.0,0.03,0.0,0.0,0.0,0.0,0.0,0.01,0.02,0.0,0.0,0.01,0.049999999999999996,0.0,0.01,0.0,0.03,0.04,0.02,0.0,0.0,0.0,0.01,0.02,0.12,0.0,0,0,0.8947368421052632,0.10526315789473684,3,0.0,0,0.7,0.5,0.9424,easy,10.906,0,0,1,0,1,0,0,0,0,0,1,1,0,0,0,0,0,1,0,0,0
192,97,2,5eab726ad5ea945196f9c0ed,2020-05-01 01:52:44.584000+00:00,yes it is not clear how often he is being asked to help ,0.666666667,0,0.0,6,yes it is not clear how often he is being asked to help ,15,13,56,1,-0.07349293442536971,-0.13055517675161177,0.0,0.0,0.0,0.01,0.01,0.0,0.0,0.0,0.02,0.0,0.01,0.01,0.0,0.0,0.0,0.0,0.0,0.0,0.0,0.0,0.0,0.0,0.0,0.02,0.0,0.01,0.0,0.0,0.0,0.0,0.030000000000000002,0.01,0.0,0.0,0.0,0.01,0.0,0.0,0.0,0.01,0.01,0.04,0.0,0.0,0.01,0.030000000000000002,0.04,0.01,0.0,0.0,0.0,0.01,0.0,0.08,0.0,0,0,0.9230769230769231,0.0,4,0.0,0,0.3833333333333333,-0.05000000000000001,0.6447999999999999,easy,2.529,0,0,1,0,0,0,0,0,0,0,0,0,0,0,0,0,0,1,0,0,0
193,98,0,5d482ea321c9be351f76201f,2020-05-01 00:51:11.777000+00:00,i think they both were assholes to be honest,1.0,2,0.333333333,6,i think they both were assholes to be honest,1,9,44,1,-0.5632344009787775,-0.6414304282229926,0.0,0.0,0.0,0.0,0.0,0.01,0.0,0.0,0.0,0.0,0.0,0.0,0.01,0.0,0.0,0.0,0.0,0.0,0.0,0.01,0.01,0.01,0.0,0.01,0.0,0.01,0.01,0.0,0.0,0.0,0.01,0.0,0.0,0.0,0.0,0.0,0.01,0.01,0.0,0.0,0.0,0.03,0.0,0.0,0.0,0.02,0.02,0.01,0.0,0.0,0.0,0.01,0.01,0.06,0.0,0,0,1.0,0.1111111111111111,0,0.0,0,0.9,0.6,0.44639999999999996,easy,0.0,0,0,1,0,1,0,0,0,0,0,0,1,0,0,0,0,0,1,0,0,0
193,98,0,5d482ea721c9be351f762eb1,2020-05-01 00:51:25.966000+00:00,i think she is the asshole in this case ,1.0,2,0.333333333,6,"i think she is the asshole in this case, ",2,9,40,1,-0.5632344009787775,-0.6414304282229926,0.0,0.0,0.0,0.0,0.0,0.0,0.0,0.0,0.0,0.0,0.010000000000000002,0.0,0.010000000000000002,0.0,0.0,0.0,0.0,0.0,0.0,0.0,0.0,0.010000000000000002,0.0,0.020000000000000004,0.0,0.0,0.010000000000000002,0.0,0.0,0.0,0.010000000000000002,0.010000000000000002,0.0,0.0,0.0,0.0,0.010000000000000002,0.010000000000000002,0.0,0.0,0.0,0.020000000000000004,0.0,0.010000000000000002,0.0,0.010000000000000002,0.010000000000000002,0.010000000000000002,0.0,0.0,0.0,0.0,0.010000000000000002,0.06,0.0,0,0,1.0,0.1111111111111111,0,0.0005036151718260998,0,0.0,0.0,0.44639999999999996,easy,14.189,0,0,1,0,1,0,0,0,0,0,0,1,0,0,0,0,0,0,0,0,0
193,98,0,5d482ea921c9be351f763740,2020-05-01 00:51:40.261000+00:00,i think they both were having a hard time seeing things from the other persons point of view,1.0,2,0.333333333,6,i think they both were having a hard time seeing things from the other person's point of view.,3,18,92,1,0.31830023881735653,0.06834914399097466,0.0,0.0,0.0,0.0,0.0,0.01,0.0,0.0,0.0,0.0,0.0,0.0,0.0,0.0,0.0,0.02,0.0,0.0,0.0,0.01,0.0,0.01,0.01,0.01,0.0,0.01,0.03,0.0,0.0,0.0,0.02,0.02,0.0,0.0,0.0,0.0,0.0,0.01,0.01,0.0,0.0,0.03,0.0,0.02,0.0,0.02,0.02,0.02,0.0,0.03,0.0,0.01,0.01,0.1,0.0,0,0,1.0,0.05555555555555555,1,0.0005036151718260998,0,0.4583333333333333,-0.20833333333333334,0.8927999999999999,easy,14.295,0,0,1,0,1,0,0,0,0,0,0,1,0,0,0,0,0,0,1,0,0
193,98,0,5d482ea821c9be351f7631ed,2020-05-01 00:51:42.878000+00:00,i think he is the asshole,1.0,2,0.333333333,6,i think he is the asshole,4,6,25,1,-0.8570792809108222,-0.8780236189609817,0.0,0.0,0.0,0.0,0.0,0.0,0.0,0.0,0.0,0.0,0.01,0.0,0.01,0.0,0.0,0.0,0.0,0.0,0.0,0.0,0.0,0.01,0.0,0.02,0.0,0.0,0.0,0.0,0.0,0.0,0.01,0.0,0.0,0.0,0.0,0.0,0.01,0.01,0.0,0.0,0.0,0.02,0.0,0.01,0.0,0.01,0.01,0.0,0.0,0.0,0.0,0.0,0.01,0.04,0.0,0,0,1.0,0.16666666666666666,1,0.0005036151718260998,0,0.0,0.0,0.2976,easy,2.617,0,0,1,0,1,0,0,0,0,0,0,1,0,0,0,0,0,0,0,0,0
193,98,0,5d482ea321c9be351f76201f,2020-05-01 00:51:59.138000+00:00,they can come to a conclusion together on this she shouldnt expect him to drop everything,1.0,2,0.333333333,6,they can come to a conclusion together on this. she shouldn't expect him to drop everything.,5,16,89,1,0.22035194550667497,-0.010515252921688367,0.02,0.0,0.0,0.0,0.01,0.01,0.0,0.01,0.0,0.0,0.02,0.01,0.0,0.0,0.0,0.0,0.0,0.0,0.0,0.0,0.0,0.01,0.0,0.02,0.01,0.0,0.04,0.0,0.0,0.0,0.04,0.02,0.0,0.0,0.0,0.0,0.0,0.0,0.0,0.0,0.0,0.03,0.0,0.01,0.0,0.02,0.05,0.03,0.0,0.0,0.0,0.01,0.0,0.09,0.0,0,0,0.9375,0.0,0,0.0,0,0.0,0.0,0.7936,easy,16.26,0,0,1,0,0,0,0,0,0,0,0,0,0,0,0,0,0,0,0,0,0
193,98,0,5d482ea721c9be351f762eb1,2020-05-01 00:52:02.342000+00:00,it was one thing once in a while to have the mom ask him directly but to do is consistantly that should be her responsibility or at least split it,1.0,2,0.333333333,6,it was one thing once in a while to have the mom ask him directly but to do is consistantly that should be her responsibility or at least split it,6,30,146,1,1.5916280518562167,1.093586303855594,0.009999999999999998,0.0,0.0,0.03,0.009999999999999998,0.0,0.0,0.009999999999999998,0.0,0.0,0.019999999999999997,0.0,0.0,0.0,0.0,0.0,0.0,0.009999999999999998,0.0,0.009999999999999998,0.0,0.0,0.0,0.039999999999999994,0.009999999999999998,0.009999999999999998,0.039999999999999994,0.0,0.009999999999999998,0.0,0.039999999999999994,0.039999999999999994,0.0,0.009999999999999998,0.0,0.0,0.0,0.0,0.0,0.009999999999999998,0.019999999999999997,0.06999999999999999,0.0,0.019999999999999997,0.009999999999999998,0.06,0.049999999999999996,0.039999999999999994,0.0,0.0,0.0,0.009999999999999998,0.0,0.21,0.0,0,0,0.9333333333333333,0.0,4,0.0,0,0.4,-0.09999999999999999,2.0143333333333335,easy,3.204,0,0,1,0,0,0,0,0,0,0,0,0,0,0,0,0,0,0,1,0,0
193,98,0,5d482eab21c9be351f763f5c,2020-05-01 00:52:05.335000+00:00,i think if he was uncomfortable with the task then she was an asshole for continuing to put this on him there are lots of translation apps out there,1.0,2,0.333333333,6,"i think if he was uncomfortable with the task, then she was an asshole for continuing to put this on him. there are lots of translation apps out there.",7,29,148,1,1.3957314652348536,0.935857510030268,0.01,0.0,0.0,0.02,0.0,0.02,0.0,0.0,0.02,0.01,0.030000000000000002,0.0,0.01,0.0,0.0,0.0,0.0,0.0,0.0,0.01,0.0,0.01,0.0,0.02,0.0,0.02,0.05,0.0,0.0,0.0,0.030000000000000002,0.01,0.0,0.0,0.0,0.0,0.01,0.01,0.0,0.02,0.01,0.04,0.0,0.02,0.0,0.030000000000000002,0.05,0.060000000000000005,0.0,0.0,0.0,0.0,0.01,0.2,0.0,0,0,0.9310344827586207,0.034482758620689655,5,0.0,0,1.0,-0.5,1.9828827586206894,easy,2.993,0,0,1,0,1,0,0,0,0,0,0,1,0,0,0,0,0,0,1,0,0
193,98,0,5d482ea821c9be351f7631ed,2020-05-01 00:52:29.974000+00:00,i think she shouldn,1.0,2,0.333333333,6,i think she shouldn,8,4,19,1,-1.0529758675321852,-1.0357524127863078,0.0,0.0,0.0,0.0,0.0,0.0,0.0,0.0,0.0,0.0,0.01,0.0,0.0,0.0,0.0,0.0,0.0,0.0,0.0,0.0,0.0,0.01,0.0,0.01,0.0,0.0,0.0,0.0,0.0,0.0,0.01,0.0,0.0,0.0,0.0,0.0,0.0,0.01,0.0,0.0,0.0,0.01,0.0,0.0,0.0,0.0,0.01,0.0,0.0,0.0,0.0,0.0,0.01,0.03,0.0,0,0,1.0,0.25,1,0.0005036151718260998,0,0.0,0.0,0.1984,easy,24.639,0,0,1,0,1,0,0,0,0,0,0,1,0,0,0,0,0,0,0,0,0
194,98,1,5d482ea321c9be351f76201f,2020-05-01 01:05:50.883000+00:00,this guy is definitely an asshole,0.6,0,0.0,5,this guy is definitely an asshole,1,6,33,1,-0.7591309876001406,-1.403950543167235,0.0,0.0,0.0,0.0,0.01,0.0,0.0,0.0,0.01,0.0,0.0,0.0,0.01,0.0,0.0,0.0,0.0,0.0,0.0,0.0,0.01,0.0,0.01,0.01,0.0,0.0,0.0,0.0,0.0,0.0,0.01,0.01,0.0,0.0,0.0,0.0,0.01,0.0,0.0,0.0,0.0,0.01,0.0,0.01,0.0,0.01,0.01,0.0,0.0,0.0,0.0,0.0,0.0,0.030000000000000002,0.0,0,0,1.0,0.0,0,0.0,0,0.5,0.0,0.2976,easy,0.0,0,0,0,0,0,0,0,0,0,0,0,0,0,0,0,0,0,0,0,0,0
194,98,1,5d482ea921c9be351f763740,2020-05-01 01:06:40.918000+00:00,he does seem like he is the ah but his note at the end made it seem that he didnt actually say those harsh words to his mil which would have definitely made hime the ah,0.6,0,0.0,5,"he does seem like he is the ah but his note at the end made it seem that he didn't actually say those harsh words to his mil, which would have definitely made hime the ah.",2,36,168,1,2.1793178117203063,1.331018047418288,0.009999999999999998,0.009999999999999998,0.0,0.009999999999999998,0.009999999999999998,0.0,0.0,0.0,0.019999999999999997,0.0,0.049999999999999996,0.009999999999999998,0.0,0.0,0.0,0.0,0.0,0.0,0.0,0.0,0.019999999999999997,0.019999999999999997,0.0,0.049999999999999996,0.009999999999999998,0.03,0.019999999999999997,0.0,0.0,0.0,0.06,0.039999999999999994,0.0,0.0,0.0,0.019999999999999997,0.0,0.0,0.0,0.019999999999999997,0.009999999999999998,0.09,0.0,0.03,0.019999999999999997,0.049999999999999996,0.06999999999999999,0.019999999999999997,0.0,0.009999999999999998,0.0,0.009999999999999998,0.0,0.18,0.0,0,0,0.7777777777777778,0.0,1,0.0047169811320754715,0,0.4333333333333333,-0.06666666666666667,1.7855999999999999,easy,50.035,0,0,0,0,0,1,0,0,0,0,0,0,0,0,0,0,0,1,1,0,0
194,98,1,5d482ea721c9be351f762eb1,2020-05-01 01:06:42.127000+00:00,i think hes not the asshole in this the wife should take some more responsibility for her mother or help her become more independant,0.6,0,0.0,5,"i think hes not the asshole in this, the wife should take some more responsibility for her mother or help her become more independant",3,24,132,1,0.9059899986814458,0.14586499149789467,0.01,0.0,0.0,0.01,0.0,0.0,0.0,0.01,0.0,0.0,0.030000000000000002,0.01,0.01,0.0,0.0,0.0,0.0,0.02,0.0,0.030000000000000002,0.0,0.02,0.0,0.04,0.01,0.0,0.01,0.0,0.01,0.0,0.060000000000000005,0.01,0.0,0.01,0.0,0.01,0.01,0.01,0.0,0.02,0.02,0.05,0.0,0.02,0.0,0.030000000000000002,0.08,0.02,0.0,0.0,0.0,0.0,0.01,0.14,0.0,0,0,0.875,0.041666666666666664,2,0.0,0,0.5,0.5,6.142733333333333,difficult,1.209,0,0,1,0,1,0,0,0,0,0,0,1,0,0,0,0,0,0,0,0,0
194,98,1,5d482ea321c9be351f76201f,2020-05-01 01:07:04.515000+00:00,i feel like the inconveniences he describes arent something to be so upset aboutis it truly interrupting his day that badly,0.6,0,0.0,5,i feel like the inconveniences he describes aren't something to be so upset about...is it truly interrupting his day that badly,4,21,123,1,0.6121451187494011,-0.1276318675606576,0.0,0.0,0.0,0.01,0.01,0.0,0.0,0.0,0.02,0.01,0.02,0.01,0.0,0.0,0.0,0.0,0.0,0.0,0.02,0.0,0.02,0.01,0.0,0.03,0.0,0.0,0.01,0.0,0.0,0.0,0.04,0.03,0.0,0.0,0.0,0.0,0.01,0.01,0.01,0.01,0.01,0.03,0.0,0.01,0.01,0.02,0.03,0.01,0.0,0.01,0.0,0.01,0.01,0.09,0.0,0,0,1.0,0.047619047619047616,1,0.00015518311607697082,0,0.6666666666666666,-0.6999999999999998,6.181909523809524,difficult,22.388,0,0,1,0,1,0,0,0,0,0,0,1,0,0,0,0,0,1,1,0,0
194,98,1,5d482ea621c9be351f762b0a,2020-05-01 01:07:14.224000+00:00,this man is an asshole first he should respect his wifes parents if they did not learn any english he needs to understand their age and how difficult it is on the other hand he should first discuss it with his wife ,0.6,0,0.0,5,this man is an asshole. first he should respect his wife's parents. if they did not learn any english he needs to understand their age and how difficult it is. on the other hand he should first discuss it with his wife. ,5,42,215,1,2.7670075715843954,1.8780117655353925,0.04,0.0,0.0,0.03,0.0,0.02,0.01,0.02,0.01,0.0,0.049999999999999996,0.01,0.01,0.0,0.0,0.0,0.01,0.03,0.01,0.0,0.01,0.02,0.01,0.04,0.02,0.01,0.04,0.0,0.0,0.0,0.12,0.04,0.0,0.01,0.0,0.01,0.01,0.0,0.01,0.02,0.02,0.06999999999999999,0.0,0.02,0.01,0.049999999999999996,0.11,0.03,0.0,0.01,0.0,0.01,0.0,0.26,0.0,0,0,0.8333333333333334,0.0,9,0.0,0,0.4083333333333333,-0.025,2.0831999999999997,easy,9.709,0,0,1,0,0,0,0,0,0,0,0,0,0,0,0,0,0,1,1,0,0
194,98,1,5d482eab21c9be351f763f5c,2020-05-01 01:07:25.625000+00:00,this guy is not an asshole for not wanting to be interrupted multiple times during his day at work wherever to translate for someone who could download a translation app or learn the language or any number of ther things,0.6,0,0.0,5,"this guy is not an asshole for not wanting to be interrupted multiple times during his day, at work, wherever, to translate for someone who could download a translation app or learn the language or any number of ther things.",6,40,220,1,2.5711109849630325,1.6956805261630243,0.02,0.0,0.0,0.02,0.0,0.0,0.01,0.01,0.0,0.0,0.01,0.02,0.01,0.0,0.01,0.0,0.0,0.0,0.01,0.0,0.0,0.01,0.01,0.01,0.0,0.0,0.05,0.0,0.0,0.0,0.060000000000000005,0.04,0.0,0.02,0.0,0.0,0.02,0.0,0.0,0.04,0.04,0.030000000000000002,0.0,0.030000000000000002,0.0,0.030000000000000002,0.09000000000000001,0.06999999999999999,0.0,0.0,0.0,0.02,0.0,0.2,0.0,0,0,0.9,0.0,9,0.009184845566019319,0,0.0,0.0,2.37875,easy,11.401,0,0,0,0,0,0,0,0,0,0,0,0,0,0,0,0,0,1,0,0,0
194,98,1,5d482ea721c9be351f762eb1,2020-05-01 01:07:27.002000+00:00,to open openmonkey point so long as he really didnt word it that harshly hes not the asshole,0.6,0,0.0,5,"to open openmonkey point: so long as he really didnt word it that harshly, hes not the asshole",7,18,92,1,0.4162485321280381,-0.3099631069330258,0.0,0.0,0.0,0.02,0.0,0.01,0.0,0.0,0.02,0.0,0.02,0.02,0.01,0.0,0.0,0.0,0.0,0.0,0.0,0.0,0.0,0.0,0.0,0.01,0.0,0.01,0.03,0.0,0.0,0.0,0.02,0.02,0.0,0.0,0.0,0.0,0.01,0.0,0.0,0.0,0.02,0.02,0.0,0.01,0.02,0.02,0.04,0.02,0.0,0.0,0.0,0.0,0.0,0.08,0.0,0,0,1.0,0.0,3,0.0003202049311559398,0,0.45,-0.012499999999999997,0.8927999999999999,easy,1.377,0,0,0,0,0,1,0,0,0,0,0,0,0,0,0,0,0,0,1,0,0
195,99,1,5d482ea121c9be351f761c52,2020-05-01 00:48:07.649000+00:00,hi guys how are we all feeling about this situation i am leaning towards hes the asshole since he sounds pretty clueless,0.857142857,1,0.142857143,7,"hi guys. how are we all feeling about this situation? i am leaning towards he's the asshole, since he sounds pretty clueless.",1,22,120,1,0.5141968254387196,0.4251626613747408,0.0,0.01,0.0,0.01,0.01,0.01,0.0,0.0,0.02,0.0,0.02,0.0,0.01,0.0,0.0,0.0,0.0,0.0,0.0,0.0,0.01,0.01,0.01,0.03,0.0,0.0,0.01,0.0,0.0,0.0,0.049999999999999996,0.01,0.0,0.0,0.0,0.02,0.01,0.01,0.01,0.01,0.0,0.03,0.0,0.01,0.0,0.03,0.06,0.03,0.01,0.02,0.0,0.01,0.02,0.09999999999999999,0.0,1,0,1.0,0.13636363636363635,0,0.0,0,1.0,0.25,1.0912,easy,0.0,0,0,0,0,0,0,0,0,0,1,1,0,0,0,1,0,0,1,1,0,0
195,99,1,5d482ea721c9be351f762dd5,2020-05-01 00:48:14.898000+00:00,hello i am inclined to think this young man is somewhat of an asshole as well hes very clueless and disrespectful,0.857142857,1,0.142857143,7,hello. i am inclined to think this young man is somewhat of an asshole as well. he's very clueless and disrespectful.,2,21,113,1,0.6121451187494011,0.5036261568215814,0.0,0.0,0.0,0.019999999999999997,0.0,0.009999999999999998,0.0,0.0,0.019999999999999997,0.0,0.009999999999999998,0.0,0.009999999999999998,0.0,0.0,0.0,0.0,0.0,0.0,0.009999999999999998,0.009999999999999998,0.009999999999999998,0.009999999999999998,0.039999999999999994,0.0,0.0,0.009999999999999998,0.0,0.0,0.0,0.029999999999999995,0.009999999999999998,0.0,0.0,0.0,0.0,0.009999999999999998,0.009999999999999998,0.0,0.009999999999999998,0.0,0.039999999999999994,0.0,0.009999999999999998,0.019999999999999997,0.029999999999999995,0.029999999999999995,0.029999999999999995,0.0,0.0,0.0,0.009999999999999998,0.009999999999999998,0.09999999999999999,0.0,0,0,1.0,0.047619047619047616,3,0.5004753880472329,0,0.35,0.15000000000000002,1.0415999999999999,easy,7.249,0,0,1,0,0,0,0,0,0,0,1,0,0,0,1,0,0,1,1,0,0
195,99,1,5d482ea121c9be351f761c52,2020-05-01 00:48:44.416000+00:00,yeah he sounds young and like he doesnt realize that those resources he quoted cost inspiredmonkey which she may not have,0.857142857,1,0.142857143,7,"yeah, he sounds young and like he doesn't realize that those resources he quoted cost inspiredmonkey which she may not have.",3,21,121,1,0.7100934120600827,0.5820896522684219,0.0,0.01,0.0,0.01,0.0,0.01,0.0,0.0,0.0,0.0,0.04,0.02,0.0,0.0,0.0,0.0,0.0,0.0,0.0,0.0,0.02,0.02,0.0,0.02,0.01,0.0,0.01,0.0,0.0,0.0,0.04,0.03,0.0,0.01,0.01,0.0,0.0,0.0,0.0,0.01,0.01,0.03,0.0,0.0,0.01,0.03,0.05,0.0,0.0,0.01,0.0,0.01,0.0,0.1,0.0,0,0,0.9047619047619048,0.0,1,0.043478260869565216,0,0.4,0.1,1.793504761904762,easy,29.518,0,0,1,0,0,0,0,0,0,0,0,0,0,0,0,0,0,1,0,0,0
195,99,1,5d482ea621c9be351f762937,2020-05-01 00:49:06.697000+00:00,           ,0.857142857,1,0.142857143,7,           ,4,0,11,1,-1.34682074746423,-1.06564375211523,0.0,0.0,0.0,0.0,0.0,0.0,0.0,0.0,0.0,0.0,0.0,0.0,0.0,0.0,0.0,0.0,0.0,0.0,0.0,0.0,0.0,0.0,0.0,0.0,0.0,0.0,0.0,0.0,0.0,0.0,0.0,0.0,0.0,0.0,0.0,0.0,0.0,0.0,0.0,0.0,0.0,0.0,0.0,0.0,0.0,0.0,0.0,0.0,0.0,0.0,0.0,0.0,0.0,0.0,0.0,0,0,0.0,0.0,0,0.0,0,0.0,0.0,0.0,easy,22.281,0,0,0,0,0,0,0,0,0,0,0,0,0,0,0,0,0,0,0,0,0
195,99,1,5d482ea121c9be351f761c52,2020-05-01 00:49:08.342000+00:00,money not inspiredmonkey lol,0.857142857,1,0.142857143,7,"money, not inspiredmonkey lol",5,4,28,1,-0.9550275742215037,-0.7517897703278678,0.0,0.0,0.0,0.0,0.0,0.0,0.0,0.0,0.0,0.0,0.0,0.01,0.0,0.0,0.0,0.0,0.0,0.0,0.0,0.0,0.01,0.01,0.0,0.0,0.0,0.0,0.0,0.0,0.0,0.0,0.0,0.0,0.0,0.0,0.01,0.0,0.0,0.0,0.0,0.0,0.01,0.0,0.0,0.0,0.0,0.0,0.02,0.0,0.0,0.0,0.0,0.0,0.0,0.01,0.0,0,0,1.0,0.0,0,0.0,0,0.7,0.8,7.7824,difficult,1.645,0,0,0,0,0,0,0,0,0,0,0,0,0,0,0,0,0,0,0,0,0
195,99,1,5d482ea921c9be351f763596,2020-05-01 00:49:16.971000+00:00,i think he is not yes that was abit disrespectful but 8 years is a long time let the mother in law learn some english,0.857142857,1,0.142857143,7,"i think he is not, yes that was abit disrespectful, but 8 years is a long time, let the mother in law learn some english.",6,25,117,1,1.0039382919921274,0.8174801386089436,0.0,0.0,0.0,0.01,0.0,0.0,0.0,0.0,0.0,0.0,0.01,0.01,0.0,0.0,0.0,0.0,0.0,0.01,0.0,0.01,0.0,0.02,0.0,0.029999999999999995,0.0,0.01,0.04,0.0,0.0,0.0,0.02,0.01,0.0,0.01,0.0,0.0,0.0,0.01,0.0,0.01,0.02,0.049999999999999996,0.0,0.02,0.02,0.04,0.05999999999999999,0.01,0.0,0.0,0.0,0.01,0.01,0.11999999999999998,0.0,0,0,0.96,0.04,1,0.0,0,0.2,-0.025,1.24,easy,8.629,0,0,1,0,1,0,0,0,0,0,0,1,0,0,0,0,0,0,1,0,0
195,99,1,5d0ceb322c04075bfb121198,2020-05-01 00:49:26.710000+00:00,i feel that hes an asshole because although i get it can be annoying to always be needed he sounds a bit insensitive   ,0.857142857,1,0.142857143,7,"i feel that he's an asshole because although i get it can be annoying to always be needed, he sounds a bit insensitive.   ",7,23,119,1,0.7100934120600827,0.5820896522684219,0.009999999999999998,0.009999999999999998,0.0,0.019999999999999997,0.009999999999999998,0.0,0.0,0.0,0.0,0.0,0.019999999999999997,0.0,0.009999999999999998,0.0,0.0,0.0,0.0,0.0,0.0,0.009999999999999998,0.0,0.009999999999999998,0.0,0.039999999999999994,0.0,0.009999999999999998,0.009999999999999998,0.0,0.0,0.0,0.019999999999999997,0.019999999999999997,0.0,0.0,0.0,0.009999999999999998,0.019999999999999997,0.019999999999999997,0.009999999999999998,0.0,0.0,0.06999999999999999,0.0,0.019999999999999997,0.009999999999999998,0.039999999999999994,0.039999999999999994,0.009999999999999998,0.0,0.019999999999999997,0.0,0.009999999999999998,0.019999999999999997,0.12,0.0,0,0,0.9130434782608695,0.08695652173913043,3,0.00031036623215394165,0,0.9,-0.8,1.8273217391304348,easy,9.739,0,0,1,0,1,0,0,0,0,0,1,1,0,0,0,0,0,0,1,0,0
195,99,1,5d482ea721c9be351f762dd5,2020-05-01 00:49:47.659000+00:00,plus many many first generation immigrants dont learn the language not just in the us but any other country they migrate to ,0.857142857,1,0.142857143,7,"plus, many, many, first generation immigrants don't learn the language. not just in the u.s., but any other country they migrate to. ",8,22,124,1,0.8080417053707643,0.6605531477152625,0.0,0.0,0.0,0.02,0.0,0.01,0.0,0.01,0.01,0.0,0.0,0.02,0.0,0.0,0.0,0.0,0.0,0.0,0.0,0.02,0.0,0.01,0.0,0.01,0.0,0.0,0.04,0.0,0.0,0.0,0.03,0.01,0.0,0.01,0.0,0.0,0.0,0.0,0.0,0.01,0.03,0.01,0.0,0.02,0.02,0.01,0.06,0.03,0.01,0.0,0.0,0.0,0.0,0.09999999999999999,0.0,0,0,0.9090909090909091,0.0,1,0.0,0,0.4270833333333333,0.28125,1.808927272727273,easy,20.949,0,0,0,0,0,0,0,0,0,1,0,0,0,0,0,0,0,0,0,0,0
195,99,1,5d482ea121c9be351f761c52,2020-05-01 00:50:05.538000+00:00,some people have a talent for languages which it looks like he does most americans never have to learn another language when they travel so they feel like everyone should know english anyway,0.857142857,1,0.142857143,7,"some people have a talent for languages, which it looks like he does. most americans never have to learn another language when they travel, so they feel like everyone should know english anyway.",9,33,190,1,1.8854729317882615,1.5236515976305087,0.009999999999999998,0.0,0.0,0.019999999999999997,0.009999999999999998,0.0,0.0,0.0,0.03,0.0,0.009999999999999998,0.009999999999999998,0.0,0.0,0.0,0.009999999999999998,0.0,0.0,0.0,0.019999999999999997,0.03,0.03,0.009999999999999998,0.06,0.009999999999999998,0.0,0.03,0.0,0.0,0.0,0.06999999999999999,0.03,0.0,0.009999999999999998,0.0,0.0,0.0,0.0,0.009999999999999998,0.019999999999999997,0.0,0.06999999999999999,0.0,0.009999999999999998,0.009999999999999998,0.039999999999999994,0.06999999999999999,0.019999999999999997,0.0,0.019999999999999997,0.0,0.039999999999999994,0.0,0.15999999999999998,0.0,0,0,0.9090909090909091,0.0,3,0.0023903597391452106,0,0.25,0.25,1.6368,easy,17.879,0,0,1,0,1,0,0,0,0,0,0,0,0,0,0,0,0,1,0,0,0
195,99,1,5d482ea821c9be351f763331,2020-05-01 00:50:05.756000+00:00,im having a hard time with this one ive done much work with international students and i expect that when were all in a group setting we speak a language that everyone is able to understand and participate with not always english,0.857142857,1,0.142857143,7,"i'm having a hard time with this one. i've done much work with international students and i expect that when we're all in a group setting, we speak a language that everyone is able to understand and participate with (not always english)",10,42,229,1,2.5711109849630325,2.0728960657583926,0.01,0.01,0.0,0.03,0.02,0.06,0.0,0.02,0.01,0.0,0.0,0.01,0.0,0.0,0.0,0.0,0.0,0.0,0.0,0.01,0.0,0.01,0.0,0.03,0.0,0.02,0.049999999999999996,0.0,0.0,0.0,0.06,0.04,0.0,0.02,0.0,0.0,0.0,0.02,0.01,0.0,0.01,0.06,0.0,0.03,0.02,0.049999999999999996,0.11,0.049999999999999996,0.01,0.02,0.0,0.04,0.02,0.21000000000000002,0.0,0,0,0.8571428571428571,0.047619047619047616,6,0.001834169741752803,0,0.2733333333333333,0.08166666666666667,2.835104761904762,easy,0.218,0,0,0,0,0,0,0,0,0,1,1,1,0,0,0,0,0,1,1,0,0
195,99,1,5d482ea721c9be351f762dd5,2020-05-01 00:50:08.644000+00:00,absolutely insensistive curiousgiraffe ,0.857142857,1,0.142857143,7,absolutely insensistive curiousgiraffe ,11,3,39,1,-1.0529758675321852,-0.8302532657747083,0.0,0.0,0.0,0.0,0.01,0.0,0.0,0.0,0.01,0.0,0.0,0.0,0.0,0.0,0.0,0.0,0.0,0.0,0.0,0.0,0.0,0.01,0.0,0.0,0.0,0.0,0.0,0.0,0.0,0.0,0.0,0.0,0.0,0.0,0.0,0.0,0.0,0.0,0.0,0.0,0.0,0.0,0.0,0.0,0.0,0.0,0.02,0.0,0.0,0.0,0.0,0.0,0.0,0.0,0.0,0,0,1.0,0.0,0,0.0,0,0.9,0.2,14.311966666666665,difficult,2.888,0,0,0,0,0,0,0,0,0,0,0,0,0,0,0,0,0,0,0,0,0
196,99,2,5d482ea121c9be351f761c52,2020-05-01 01:03:09.495000+00:00,hello all im thinking she is not the asshole in this scenario since her husband has more time that he could try to teach them english himself maybe,0.833333333,1,0.166666667,6,"hello all. i'm thinking she is not the asshole in this scenario, since her husband has more time that he could try to teach them english himself maybe?",1,28,147,1,1.3957314652348536,0.7856438933890155,0.01,0.0,0.0,0.0,0.01,0.0,0.0,0.01,0.01,0.0,0.04,0.01,0.01,0.0,0.0,0.0,0.0,0.01,0.0,0.01,0.0,0.01,0.0,0.029999999999999995,0.0,0.0,0.02,0.0,0.0,0.0,0.06999999999999999,0.02,0.0,0.01,0.0,0.01,0.01,0.0,0.0,0.01,0.01,0.04,0.0,0.01,0.0,0.029999999999999995,0.05999999999999999,0.029999999999999995,0.0,0.0,0.0,0.0,0.0,0.15,0.01,1,0,1.0,0.0,0,0.0,1,0.25,0.25,1.3888,easy,0.0,0,0,1,0,1,0,0,0,0,0,1,0,0,0,1,0,0,0,0,0,0
196,99,2,5d482ea721c9be351f762dd5,2020-05-01 01:03:11.792000+00:00,i dont believe this young woman is an asshole shes just not communicating clearly with her husband and now they have encountered a problem,0.833333333,1,0.166666667,6,i don't believe this young woman is an asshole. she's just not communicating clearly with her husband and now they have encountered a problem.,2,24,138,1,0.9059899986814458,0.34409984477891,0.01,0.0,0.0,0.01,0.01,0.02,0.0,0.0,0.029999999999999995,0.0,0.02,0.02,0.01,0.0,0.0,0.0,0.0,0.01,0.0,0.0,0.0,0.01,0.01,0.049999999999999996,0.0,0.0,0.02,0.0,0.0,0.0,0.05999999999999999,0.01,0.0,0.0,0.0,0.0,0.01,0.01,0.0,0.0,0.02,0.049999999999999996,0.0,0.02,0.02,0.04,0.06999999999999999,0.01,0.0,0.0,0.0,0.02,0.01,0.13,0.0,0,0,1.0,0.041666666666666664,4,0.0010480069690016458,0,0.39166666666666666,0.1,1.8483166666666664,easy,2.297,0,0,0,0,0,0,0,0,0,0,0,1,0,0,0,0,0,1,1,0,0
196,99,2,5d0ceb322c04075bfb121198,2020-05-01 01:03:15.126000+00:00,i feel that she is an asshole because the way shes talking about shes making her husband translate i get that its tough for immigrants and its nice for him to help out but she shouldnt expect him to do it ,0.833333333,1,0.166666667,6,i feel that she is an asshole because the way she's talking about she's making her husband translate. i get that it's tough for immigrants and it's nice for him to help out but she shouldn't expect him to do it. ,3,41,205,1,2.473162691652351,1.7570408003312477,0.019999999999999997,0.0,0.0,0.03,0.0,0.019999999999999997,0.0,0.0,0.009999999999999998,0.0,0.06999999999999999,0.009999999999999998,0.009999999999999998,0.0,0.0,0.0,0.0,0.009999999999999998,0.0,0.0,0.009999999999999998,0.009999999999999998,0.0,0.06,0.009999999999999998,0.0,0.019999999999999997,0.0,0.0,0.0,0.09999999999999999,0.049999999999999996,0.0,0.0,0.0,0.019999999999999997,0.009999999999999998,0.019999999999999997,0.009999999999999998,0.0,0.009999999999999998,0.06999999999999999,0.0,0.019999999999999997,0.03,0.049999999999999996,0.07999999999999999,0.06,0.0,0.009999999999999998,0.0,0.019999999999999997,0.019999999999999997,0.24999999999999997,0.0,0,0,0.8048780487804879,0.04878048780487805,6,0.0013583732011555874,0,0.9166666666666667,0.10555555555555554,2.0336,easy,3.334,0,0,1,0,1,0,0,0,0,0,1,1,0,0,0,0,0,1,0,0,0
196,99,2,5d482ea621c9be351f762937,2020-05-01 01:03:15.832000+00:00, ,0.833333333,1,0.166666667,6, ,4,0,1,1,-1.34682074746423,-1.6870027788275757,0.0,0.0,0.0,0.0,0.0,0.0,0.0,0.0,0.0,0.0,0.0,0.0,0.0,0.0,0.0,0.0,0.0,0.0,0.0,0.0,0.0,0.0,0.0,0.0,0.0,0.0,0.0,0.0,0.0,0.0,0.0,0.0,0.0,0.0,0.0,0.0,0.0,0.0,0.0,0.0,0.0,0.0,0.0,0.0,0.0,0.0,0.0,0.0,0.0,0.0,0.0,0.0,0.0,0.0,0.0,0,0,0.0,0.0,0,0.0,0,0.0,0.0,0.0,easy,0.706,0,0,0,0,0,0,0,0,0,0,0,0,0,0,0,0,0,0,0,0,0
196,99,2,5d482ea921c9be351f763596,2020-05-01 01:03:23.057000+00:00,if its only 10 minutes once in a while  then hes an ass hole,0.833333333,1,0.166666667,6,"if its only 10 minutes once in a while , then he's an ass hole.",5,14,60,1,0.024455358885311848,-0.45067944271928,0.01,0.0,0.0,0.03,0.0,0.0,0.01,0.0,0.01,0.0,0.01,0.0,0.01,0.0,0.0,0.0,0.01,0.0,0.0,0.0,0.0,0.0,0.0,0.01,0.0,0.0,0.049999999999999996,0.01,0.0,0.0,0.01,0.01,0.0,0.0,0.0,0.0,0.0,0.0,0.0,0.01,0.01,0.01,0.0,0.02,0.0,0.01,0.01,0.01,0.0,0.0,0.0,0.01,0.0,0.09,0.0,0,0,1.0,0.0,0,0.0,0,1.0,0.0,0.6944,easy,7.225,0,0,0,0,0,0,0,0,0,0,0,0,0,0,0,0,0,0,0,0,0
196,99,2,5d482ea821c9be351f763331,2020-05-01 01:03:33.428000+00:00,im inclined to say no this person is not an asshole for delegating tasks to someone who is capable and clearly has more time however i do think she should communicate with her husband on what would make it easier for him to do this task,0.833333333,1,0.166666667,6,"i'm inclined to say no, this person is not an asshole for delegating tasks to someone who is capable and clearly has more time, however i do think she should communicate with her husband on what would make it easier for him to do this task",6,46,236,1,3.06085245151644,2.286893658663374,0.02,0.01,0.0,0.02,0.01,0.02,0.0,0.01,0.02,0.0,0.03,0.02,0.01,0.0,0.0,0.0,0.0,0.01,0.0,0.01,0.01,0.01,0.01,0.06999999999999999,0.02,0.0,0.02,0.0,0.0,0.0,0.09,0.06,0.0,0.01,0.0,0.01,0.01,0.01,0.0,0.01,0.01,0.09,0.0,0.01,0.02,0.06999999999999999,0.09,0.06999999999999999,0.0,0.01,0.0,0.03,0.01,0.26999999999999996,0.0,0,0,0.8695652173913043,0.021739130434782608,1,0.0,0,0.42777777777777776,0.26666666666666666,2.968121739130435,easy,10.371,0,0,1,0,1,0,0,0,0,0,1,1,0,0,0,0,0,1,0,0,0
196,99,2,5d482ea721c9be351f762dd5,2020-05-01 01:03:47.383000+00:00,i agree eager eagerhippo,0.833333333,1,0.166666667,6,i agree eager eagerhippo,7,4,24,1,-1.0529758675321852,-1.4220763496615123,0.0,0.0,0.0,0.0,0.0,0.0,0.0,0.0,0.0,0.0,0.0,0.0,0.0,0.0,0.0,0.0,0.0,0.0,0.0,0.0,0.03,0.0,0.0,0.0,0.0,0.0,0.0,0.0,0.0,0.0,0.0,0.0,0.0,0.0,0.0,0.0,0.0,0.009999999999999998,0.0,0.0,0.0,0.0,0.0,0.0,0.0,0.0,0.0,0.0,0.0,0.0,0.0,0.009999999999999998,0.009999999999999998,0.009999999999999998,0.0,0,0,1.0,0.25,0,0.00015518311607697082,0,0.0,0.0,0.1984,easy,13.955,0,0,0,0,0,0,0,0,0,0,0,1,0,0,0,0,0,1,0,0,0
196,99,2,5d482ea121c9be351f761c52,2020-05-01 01:03:58.646000+00:00,i dont think shes an asshole since he married her knowing the situation so he shouldnt be surprised by it,0.833333333,1,0.166666667,6,"i don't think she's an asshole, since he married her knowing the situation, so he shouldn't be surprised by it.",8,20,105,1,0.5141968254387196,-0.009135394109174478,0.010000000000000002,0.0,0.0,0.010000000000000002,0.0,0.0,0.0,0.0,0.010000000000000002,0.0,0.04000000000000001,0.020000000000000004,0.010000000000000002,0.0,0.0,0.0,0.0,0.010000000000000002,0.0,0.0,0.010000000000000002,0.020000000000000004,0.0,0.03,0.010000000000000002,0.0,0.0,0.0,0.0,0.0,0.05,0.010000000000000002,0.0,0.0,0.0,0.010000000000000002,0.010000000000000002,0.010000000000000002,0.0,0.0,0.0,0.05,0.0,0.020000000000000004,0.010000000000000002,0.04000000000000001,0.04000000000000001,0.020000000000000004,0.0,0.0,0.0,0.0,0.010000000000000002,0.1,0.0,0,0,0.95,0.05,0,0.00015518311607697082,0,0.575,0.175,0.992,easy,11.263,0,0,1,0,1,0,0,0,0,0,0,1,0,0,0,0,0,0,0,0,0
197,100,0,5d482ea121c9be351f761c46,2020-05-01 00:29:13.988000+00:00,what do you guys think  he came across as a bit rude but it sounds like he did interact in a polite manner with the mother in law,1.0,3,0.5,6,"what do you guys think?  he came across as a bit rude, but it sounds like he did interact in a polite manner with the mother in law.",1,28,129,1,1.3957314652348536,1.5890034874341,0.0,0.01,0.0,0.02,0.0,0.02,0.0,0.0,0.0,0.0,0.02,0.0,0.0,0.0,0.0,0.0,0.0,0.01,0.01,0.01,0.01,0.01,0.01,0.02,0.0,0.02,0.04,0.0,0.0,0.0,0.06,0.02,0.0,0.0,0.0,0.0,0.01,0.0,0.0,0.0,0.01,0.04,0.0,0.03,0.01,0.02,0.05,0.05,0.0,0.01,0.01,0.04,0.0,0.15,0.0,1,0,0.8928571428571429,0.0,0,0.0,0,0.6,-0.3,1.3888,easy,0.0,0,0,1,0,1,0,0,0,0,0,0,0,1,0,0,1,0,1,1,0,0
197,100,0,5d482ea121c9be351f761d74,2020-05-01 00:29:51.476000+00:00,yeah i feel the same but it is just a courtesy to help his family,1.0,3,0.5,6,yeah i feel the same but it is just a courtesy to help his family.,2,15,65,1,0.024455358885311848,0.1513336654699142,0.0,0.0,0.01,0.01,0.0,0.0,0.0,0.0,0.01,0.0,0.01,0.0,0.0,0.0,0.0,0.0,0.0,0.01,0.0,0.01,0.0,0.01,0.0,0.02,0.0,0.0,0.0,0.0,0.0,0.0,0.030000000000000002,0.01,0.0,0.0,0.0,0.0,0.0,0.01,0.01,0.0,0.02,0.02,0.0,0.02,0.02,0.01,0.04,0.01,0.0,0.01,0.0,0.01,0.01,0.1,0.0,0,0,1.0,0.06666666666666667,4,0.0,0,0.125,0.0,0.744,easy,37.488,0,0,1,0,1,0,0,0,0,0,1,0,0,0,0,0,1,0,0,0,0
197,100,0,5d482ea221c9be351f761db6,2020-05-01 00:29:54.872000+00:00,no this person is not an asshole eight years is plenty of time to learn the language of the country you live in ,1.0,3,0.5,6,"no, this person is not an asshole. eight years is plenty of time to learn the language of the country you live in. ",3,23,112,1,0.9059899986814458,1.0755499795897479,0.0,0.0,0.0,0.0,0.0,0.0,0.0,0.0,0.0,0.0,0.0,0.02,0.01,0.0,0.0,0.0,0.0,0.0,0.0,0.01,0.0,0.01,0.01,0.02,0.0,0.0,0.04,0.0,0.0,0.0,0.030000000000000002,0.01,0.0,0.01,0.0,0.0,0.01,0.0,0.0,0.0,0.01,0.02,0.0,0.030000000000000002,0.01,0.02,0.02,0.04,0.0,0.0,0.01,0.0,0.0,0.13,0.0,0,0,0.8695652173913043,0.0,5,0.0,0,0.5,0.13636363636363635,1.1408,easy,3.396,0,0,0,0,0,0,0,0,0,0,0,0,1,0,0,0,0,0,0,0,0
197,100,0,5d482ea121c9be351f761d74,2020-05-01 00:30:14.337000+00:00,dont compare others to your ability or time frames,1.0,3,0.5,6,don't compare others to your ability or time frames,4,9,50,1,-0.4652861076680959,-0.3621198423744378,0.0,0.0,0.0,0.01,0.0,0.0,0.0,0.01,0.0,0.0,0.0,0.01,0.0,0.0,0.0,0.0,0.0,0.0,0.0,0.0,0.0,0.0,0.0,0.01,0.0,0.0,0.01,0.0,0.0,0.0,0.01,0.01,0.0,0.0,0.0,0.0,0.0,0.0,0.0,0.01,0.01,0.01,0.0,0.0,0.0,0.01,0.01,0.01,0.0,0.0,0.01,0.0,0.0,0.03,0.0,1,0,1.0,0.0,1,0.0013477088948787063,0,0.0,0.0,0.44639999999999996,easy,19.465,0,0,0,0,0,0,0,0,0,0,0,0,1,0,0,0,0,0,0,0,0
197,100,0,5d482ea521c9be351f7624c5,2020-05-01 00:30:20.828000+00:00,i thought it is understandable to be frustrated but i wonder what cultural differences there are in family relations  also the moms age would make learning a new language more difficult  ,1.0,3,0.5,6,"i thought it is understandable to be frustrated, but i wonder what cultural differences there are in family relations.  also, the mom's age would make learning a new language more difficult.  ",5,31,187,1,1.4936797585455353,1.6916941890029702,0.01,0.0,0.01,0.02,0.0,0.0,0.0,0.0,0.02,0.0,0.0,0.0,0.0,0.0,0.0,0.0,0.0,0.02,0.01,0.02,0.0,0.04,0.0,0.04,0.01,0.01,0.030000000000000006,0.0,0.0,0.0,0.04,0.02,0.0,0.01,0.0,0.01,0.01,0.02,0.0,0.01,0.01,0.06999999999999999,0.0,0.02,0.01,0.04,0.08,0.02,0.0,0.0,0.0,0.030000000000000006,0.02,0.13999999999999999,0.0,0,0,0.967741935483871,0.06451612903225806,1,0.0,0,0.450909090909091,-0.09272727272727273,2.046954838709677,easy,6.491,0,0,1,0,1,0,0,0,0,0,1,1,0,0,0,0,0,1,1,0,0
197,100,0,5d482ea121c9be351f761c46,2020-05-01 00:30:22.426000+00:00,right i think we should go with not an asshole,1.0,3,0.5,6,"right, i think we should go with ""not an asshole"".",6,10,46,1,-0.5632344009787775,-0.46481054394330823,0.01,0.0,0.0,0.0,0.0,0.02,0.0,0.0,0.0,0.0,0.0,0.01,0.01,0.0,0.0,0.0,0.0,0.0,0.0,0.0,0.0,0.01,0.0,0.02,0.01,0.0,0.02,0.0,0.0,0.0,0.01,0.0,0.0,0.0,0.0,0.0,0.01,0.01,0.0,0.0,0.01,0.03,0.0,0.01,0.0,0.01,0.05,0.01,0.01,0.0,0.0,0.01,0.02,0.06,0.0,0,0,1.0,0.2,0,0.00015518311607697082,0,0.5357142857142857,0.2857142857142857,0.496,easy,1.598,0,0,1,0,1,0,0,0,0,1,1,0,0,0,0,0,0,1,0,0,0
197,100,0,5d482ea121c9be351f761d83,2020-05-01 00:30:26.673000+00:00,i agree eight years is a long time to learn the language but i think some people have much of a difficult time learning,1.0,3,0.5,6,i agree eight years is a long time to learn the language. but i think some people have much of a difficult time learning,7,24,119,1,0.8080417053707643,0.9728592780208775,0.0,0.0,0.0,0.009999999999999998,0.0,0.0,0.0,0.0,0.0,0.0,0.0,0.0,0.0,0.0,0.0,0.0,0.0,0.0,0.009999999999999998,0.019999999999999997,0.009999999999999998,0.03,0.009999999999999998,0.03,0.0,0.0,0.039999999999999994,0.0,0.0,0.0,0.019999999999999997,0.0,0.0,0.019999999999999997,0.0,0.0,0.0,0.019999999999999997,0.0,0.009999999999999998,0.009999999999999998,0.03,0.0,0.03,0.009999999999999998,0.019999999999999997,0.05,0.019999999999999997,0.0,0.0,0.0,0.019999999999999997,0.019999999999999997,0.11,0.0,0,0,0.875,0.08333333333333333,0,0.0006587982879030706,0,0.7,-0.275,1.1904,easy,4.247,0,0,1,0,1,0,0,0,0,0,1,1,0,0,0,0,1,0,1,0,0
197,100,0,5d482ea121c9be351f761d40,2020-05-01 00:30:26.710000+00:00,i think he could have used a more gentle thought out approach but i really dont blame him for being tired of being her translator ,1.0,3,0.5,6,"i think he could have used a more gentle, thought out approach but i really don't blame him for being tired of being her translator. ",8,25,130,1,0.9059899986814458,1.0755499795897479,0.01,0.0,0.0,0.01,0.0,0.01,0.01,0.0,0.01,0.0,0.030000000000000002,0.01,0.0,0.0,0.01,0.0,0.0,0.0,0.0,0.01,0.01,0.02,0.0,0.030000000000000002,0.0,0.02,0.02,0.0,0.0,0.0,0.04,0.0,0.0,0.0,0.0,0.01,0.01,0.02,0.0,0.0,0.02,0.08,0.0,0.01,0.02,0.05,0.07,0.030000000000000002,0.0,0.0,0.0,0.02,0.02,0.14,0.0,0,0,0.92,0.08,4,0.0006587982879030706,0,0.55,0.12499999999999997,1.24,easy,0.037,0,0,1,0,1,1,0,0,0,0,1,1,0,0,0,0,1,1,1,0,0
197,100,0,5d482ea121c9be351f761d74,2020-05-01 00:30:30.767000+00:00,what about kids they learn at different rates and soeeds speeds,1.0,3,0.5,6,what about kids they learn at different rates and soeeds speeds,9,11,63,1,-0.2693895210467328,-0.156738439236697,0.0,0.0,0.0,0.01,0.0,0.01,0.0,0.0,0.01,0.0,0.0,0.0,0.0,0.0,0.0,0.0,0.0,0.0,0.0,0.0,0.0,0.01,0.01,0.0,0.0,0.0,0.02,0.0,0.0,0.0,0.02,0.01,0.0,0.01,0.0,0.0,0.0,0.0,0.0,0.0,0.0,0.0,0.0,0.0,0.01,0.0,0.02,0.02,0.0,0.0,0.0,0.0,0.0,0.049999999999999996,0.0,1,0,1.0,0.0,0,0.0,0,0.6,0.0,0.5456,easy,4.057,0,0,0,0,0,0,0,0,0,0,0,0,0,0,0,1,0,0,0,0,0
197,100,0,5d482ea121c9be351f761d40,2020-05-01 00:30:37.334000+00:00,agreed  not an asshole,1.0,3,0.5,6,agreed - not an asshole,10,4,22,1,-0.9550275742215037,-0.8755733502187898,0.0,0.0,0.0,0.0,0.0,0.0,0.0,0.0,0.0,0.0,0.0,0.01,0.01,0.0,0.0,0.0,0.0,0.0,0.0,0.0,0.01,0.0,0.0,0.0,0.0,0.0,0.0,0.0,0.0,0.0,0.0,0.0,0.0,0.0,0.0,0.0,0.01,0.0,0.0,0.0,0.01,0.0,0.0,0.01,0.0,0.0,0.01,0.0,0.0,0.0,0.0,0.0,0.0,0.02,0.0,0,0,1.0,0.0,0,0.0,0,0.0,0.0,0.1984,easy,6.567,0,0,0,0,0,0,0,0,0,0,0,0,0,0,0,0,0,0,0,0,0
198,100,2,5d482ea121c9be351f761d74,2020-05-01 00:58:39.997000+00:00,she not an asshole,0.5,0,0.0,6,she not an asshole,1,4,18,1,-0.9550275742215037,-1.0864144137729261,0.0,0.0,0.0,0.0,0.0,0.0,0.0,0.0,0.0,0.0,0.009999999999999998,0.009999999999999998,0.009999999999999998,0.0,0.0,0.0,0.0,0.0,0.0,0.0,0.0,0.0,0.0,0.0,0.0,0.0,0.0,0.0,0.0,0.0,0.009999999999999998,0.0,0.0,0.0,0.0,0.0,0.009999999999999998,0.0,0.0,0.0,0.009999999999999998,0.0,0.0,0.009999999999999998,0.0,0.0,0.009999999999999998,0.0,0.0,0.0,0.0,0.0,0.0,0.03,0.0,0,0,1.0,0.0,0,0.0,0,0.0,0.0,0.1984,easy,0.0,0,0,0,0,0,0,0,0,0,0,0,0,0,0,0,0,0,0,0,0,0
198,100,2,5d482ea121c9be351f761d83,2020-05-01 00:58:43.166000+00:00,i do not think this person is an asshole,0.5,0,0.0,6,i do not think this person is an asshole,2,9,40,1,-0.5632344009787775,-0.6415018443230611,0.0,0.0,0.0,0.0,0.0,0.0,0.0,0.0,0.0,0.0,0.0,0.010000000000000002,0.010000000000000002,0.0,0.0,0.0,0.0,0.0,0.0,0.0,0.0,0.010000000000000002,0.010000000000000002,0.03,0.0,0.0,0.0,0.0,0.0,0.0,0.010000000000000002,0.010000000000000002,0.0,0.0,0.0,0.0,0.010000000000000002,0.010000000000000002,0.0,0.0,0.010000000000000002,0.03,0.0,0.010000000000000002,0.0,0.020000000000000004,0.020000000000000004,0.0,0.0,0.0,0.0,0.0,0.010000000000000002,0.06,0.0,0,0,1.0,0.1111111111111111,2,0.0003202049311559398,0,0.0,0.0,0.44639999999999996,easy,3.169,0,0,1,0,1,0,0,0,0,0,0,1,0,0,0,0,0,0,0,0,0
198,100,2,5d482ea121c9be351f761c46,2020-05-01 00:58:54.507000+00:00,what are your thoughts  i think shes being rude to expect her husband to do this,0.5,0,0.0,6,what are your thoughts?  i think she's being rude to expect her husband to do this.,3,16,80,1,0.1224036521959934,0.13709515221420263,0.010000000000000002,0.0,0.0,0.0,0.0,0.0,0.0,0.0,0.0,0.0,0.020000000000000004,0.0,0.0,0.0,0.0,0.0,0.0,0.010000000000000002,0.010000000000000002,0.0,0.0,0.020000000000000004,0.0,0.04000000000000001,0.0,0.0,0.0,0.0,0.0,0.0,0.04000000000000001,0.020000000000000004,0.0,0.0,0.0,0.0,0.010000000000000002,0.010000000000000002,0.0,0.0,0.0,0.05,0.0,0.0,0.0,0.04000000000000001,0.03,0.020000000000000004,0.0,0.0,0.010000000000000002,0.0,0.010000000000000002,0.1,0.0,1,0,0.9375,0.0625,2,0.0005036151718260998,0,0.6,-0.3,0.7936,easy,11.341,0,0,1,0,1,0,0,0,0,0,1,0,1,0,0,1,0,0,1,0,0
198,100,2,5d482ea221c9be351f761db6,2020-05-01 00:58:59.548000+00:00,i dont think this person is an asshole either,0.5,0,0.0,6,i don't think this person is an asshole either.,4,9,45,1,-0.5632344009787775,-0.6415018443230611,0.0,0.0,0.0,0.0,0.0,0.0,0.0,0.0,0.0,0.0,0.0,0.01,0.01,0.0,0.0,0.0,0.0,0.0,0.0,0.01,0.0,0.01,0.01,0.03,0.0,0.0,0.0,0.0,0.0,0.0,0.01,0.01,0.0,0.0,0.0,0.0,0.01,0.01,0.0,0.0,0.01,0.03,0.0,0.01,0.0,0.02,0.02,0.0,0.0,0.0,0.0,0.0,0.01,0.04,0.0,0,0,1.0,0.1111111111111111,1,0.0005036151718260998,0,0.0,0.0,0.44639999999999996,easy,5.041,0,0,1,0,1,0,0,0,0,0,0,1,0,0,0,0,0,0,0,0,0
198,100,2,5d482ea121c9be351f761d83,2020-05-01 00:59:01.522000+00:00,it is okay for him to ask his spouse to help translate for his mother especially if its just once in a while,0.5,0,0.0,6,it is okay for him to ask his spouse to help translate for his mother especially if it's just once in a while,5,23,108,1,0.9059899986814458,1.0269202911139326,0.01,0.0,0.0,0.02,0.0,0.0,0.0,0.0,0.02,0.0,0.03,0.0,0.0,0.0,0.0,0.0,0.0,0.02,0.0,0.0,0.01,0.0,0.0,0.02,0.0,0.0,0.03,0.0,0.0,0.0,0.07,0.02,0.0,0.0,0.0,0.0,0.0,0.0,0.0,0.01,0.02,0.02,0.0,0.01,0.01,0.01,0.02,0.05,0.0,0.0,0.0,0.01,0.0,0.16,0.0,0,0,0.8695652173913043,0.0,1,0.0,0,0.75,0.25,1.1408,easy,1.974,0,0,0,0,0,0,0,0,0,0,0,0,0,0,0,0,0,0,0,0,0
198,100,2,5d482ea121c9be351f761d74,2020-05-01 00:59:14.661000+00:00,i dont think she rude she need his help,0.5,0,0.0,6,i don't think she rude she need his help.,6,9,39,1,-0.5632344009787775,-0.6415018443230611,0.01,0.0,0.0,0.0,0.0,0.0,0.0,0.0,0.0,0.0,0.030000000000000002,0.01,0.0,0.0,0.0,0.0,0.0,0.0,0.01,0.0,0.0,0.01,0.0,0.030000000000000002,0.0,0.0,0.0,0.0,0.0,0.0,0.04,0.0,0.0,0.0,0.0,0.0,0.01,0.01,0.0,0.0,0.0,0.030000000000000002,0.0,0.0,0.0,0.01,0.02,0.0,0.0,0.0,0.0,0.0,0.01,0.04,0.0,0,0,0.8888888888888888,0.1111111111111111,1,0.0010834236186348862,0,0.6,-0.3,0.44639999999999996,easy,13.139,0,0,1,0,1,0,0,0,0,0,0,1,0,0,0,0,0,0,1,0,0
198,100,2,5d482ea121c9be351f761d40,2020-05-01 00:59:20.687000+00:00,im csidering the fact that all parties involved are approaching the situation with differnt points of view ,0.5,0,0.0,6,i'm csidering the fact that all parties involved are approaching the situation with differnt points of view. ,7,17,107,1,0.31830023881735653,0.35955143693913516,0.0,0.0,0.0,0.0,0.02,0.01,0.0,0.0,0.0,0.0,0.0,0.0,0.0,0.0,0.0,0.01,0.0,0.0,0.0,0.0,0.01,0.0,0.0,0.01,0.0,0.0,0.01,0.0,0.0,0.0,0.02,0.01,0.0,0.0,0.0,0.0,0.0,0.0,0.0,0.0,0.0,0.01,0.0,0.02,0.0,0.01,0.030000000000000002,0.02,0.0,0.01,0.0,0.0,0.0,0.06999999999999999,0.0,0,0,0.9411764705882353,0.0,0,0.0,0,0.0,0.0,0.8432,easy,6.026,0,0,0,0,0,0,0,0,0,0,0,1,0,0,0,0,0,0,0,0,0
198,100,2,5d482ea221c9be351f761db6,2020-05-01 00:59:30.110000+00:00,once in awhile is okay but does not sound like once in awhile,0.5,0,0.0,6,"once in awhile is okay, but does not sound like once in awhile.",8,13,61,1,-0.07349293442536971,-0.08536113251072987,0.0,0.01,0.0,0.01,0.0,0.0,0.0,0.0,0.0,0.0,0.0,0.01,0.0,0.0,0.0,0.0,0.0,0.0,0.0,0.0,0.02,0.0,0.0,0.02,0.0,0.0,0.06,0.0,0.0,0.0,0.0,0.0,0.0,0.0,0.0,0.0,0.0,0.0,0.0,0.0,0.02,0.02,0.0,0.0,0.01,0.02,0.02,0.02,0.0,0.01,0.0,0.01,0.0,0.08,0.0,0,0,0.7692307692307693,0.0,0,0.0,0,0.45,0.15,0.6447999999999999,easy,9.423,0,0,0,0,0,0,0,0,0,0,0,0,0,0,0,0,0,1,0,0,0
198,100,2,5d482ea121c9be351f761d83,2020-05-01 00:59:32.570000+00:00,its not that easy to learn a new language,0.5,0,0.0,6,it's not that easy to learn a new language,9,9,41,1,-0.4652861076680959,-0.5302737019605949,0.0,0.0,0.0,0.0,0.0,0.0,0.0,0.0,0.0,0.0,0.0,0.01,0.0,0.0,0.0,0.0,0.0,0.0,0.0,0.0,0.01,0.01,0.0,0.0,0.0,0.0,0.01,0.0,0.0,0.0,0.01,0.02,0.0,0.01,0.0,0.0,0.0,0.0,0.0,0.0,0.01,0.0,0.0,0.01,0.0,0.0,0.02,0.01,0.0,0.0,0.0,0.02,0.0,0.049999999999999996,0.0,0,0,1.0,0.0,1,0.0,0,0.6439393939393939,0.28484848484848485,0.44639999999999996,easy,2.46,0,0,0,0,0,0,0,0,0,0,0,0,0,0,0,0,0,1,0,0,0
198,100,2,5d482ea121c9be351f761c46,2020-05-01 00:59:46.064000+00:00,it just sounds like its getting to be too frequentit was hard to tell,0.5,0,0.0,6,it just sounds like it's getting to be too frequent...it was hard to tell,10,14,69,1,0.024455358885311848,0.025867009851736383,0.0,0.01,0.0,0.0,0.0,0.0,0.0,0.0,0.02,0.0,0.0,0.0,0.0,0.0,0.0,0.0,0.0,0.0,0.0,0.0,0.01,0.0,0.0,0.0,0.0,0.01,0.0,0.0,0.0,0.0,0.01,0.02,0.0,0.0,0.0,0.0,0.0,0.0,0.01,0.0,0.01,0.02,0.0,0.0,0.01,0.02,0.01,0.02,0.0,0.02,0.0,0.01,0.0,0.08,0.0,0,0,0.9285714285714286,0.0,3,0.0,0,0.5416666666666666,-0.2916666666666667,0.6944,easy,13.494,0,0,0,0,0,0,0,0,0,0,0,0,0,0,0,0,0,1,1,0,0
198,100,2,5d482ea121c9be351f761d83,2020-05-01 01:00:01.227000+00:00,especially for an immigrant who may not have had a prior education,0.5,0,0.0,6,especially for an immigrant who may not have had a prior education,11,12,66,1,-0.17144122773605125,-0.1965892748731961,0.0,0.0,0.0,0.0,0.0,0.0,0.0,0.0,0.01,0.0,0.0,0.01,0.0,0.0,0.0,0.0,0.0,0.0,0.0,0.0,0.0,0.0,0.0,0.01,0.01,0.01,0.01,0.0,0.0,0.0,0.01,0.01,0.0,0.01,0.0,0.0,0.0,0.0,0.0,0.01,0.01,0.030000000000000002,0.0,0.02,0.0,0.030000000000000002,0.02,0.01,0.0,0.0,0.0,0.01,0.0,0.07,0.0,0,0,1.0,0.0,0,0.0,0,0.5,0.0,0.5952,easy,15.163,0,0,1,0,0,0,0,0,0,0,0,0,0,0,0,0,0,0,0,0,0
199,101,2,5d482ea821c9be351f763561,2020-05-01 00:56:35.297000+00:00,hello this person does not seem to be an asshole,0.8,2,0.4,5,hello!! this person does not seem to be an asshole.,1,10,48,1,-0.36733781435741436,-0.7463644962853474,0.0,0.0,0.0,0.0,0.0,0.0,0.0,0.0,0.0,0.0,0.0,0.009999999999999998,0.009999999999999998,0.0,0.0,0.0,0.0,0.0,0.0,0.0,0.0,0.009999999999999998,0.009999999999999998,0.019999999999999997,0.0,0.0,0.0,0.0,0.0,0.0,0.019999999999999997,0.009999999999999998,0.0,0.0,0.0,0.0,0.009999999999999998,0.0,0.0,0.009999999999999998,0.009999999999999998,0.03,0.0,0.009999999999999998,0.0,0.019999999999999997,0.019999999999999997,0.009999999999999998,0.0,0.0,0.0,0.0,0.0,0.06,0.0,0,0,1.0,0.0,0,0.0,0,0.0,0.0,0.496,easy,0.0,0,0,0,0,0,0,0,0,0,0,0,0,0,0,1,0,0,0,0,0,0
199,101,2,5d482ea621c9be351f762b52,2020-05-01 00:56:41.368000+00:00,i do not think that he is an asshole,0.8,2,0.4,5,i do not think that he is an asshole,2,9,36,1,-0.5632344009787775,-0.9640541410352405,0.0,0.0,0.0,0.0,0.0,0.0,0.0,0.0,0.0,0.0,0.009999999999999998,0.009999999999999998,0.009999999999999998,0.0,0.0,0.0,0.0,0.0,0.0,0.0,0.0,0.009999999999999998,0.0,0.03,0.0,0.0,0.0,0.0,0.0,0.0,0.009999999999999998,0.009999999999999998,0.0,0.0,0.0,0.0,0.009999999999999998,0.009999999999999998,0.0,0.0,0.009999999999999998,0.03,0.0,0.009999999999999998,0.0,0.019999999999999997,0.019999999999999997,0.0,0.0,0.0,0.0,0.0,0.009999999999999998,0.06999999999999999,0.0,0,0,1.0,0.1111111111111111,2,0.0003202049311559398,0,0.0,0.0,0.44639999999999996,easy,6.071,0,0,1,0,1,0,0,0,0,0,0,1,0,0,0,0,0,0,0,0,0
199,101,2,5d482eab21c9be351f764109,2020-05-01 00:56:49.622000+00:00,i feel like theyre not necessarily the asshole but the situation couldve been handled a lot better,0.8,2,0.4,5,"i feel like they're not necessarily ""the asshole"", but the situation could've been handled a lot better.",3,17,98,1,0.22035194550667497,-0.09329556203566848,0.009999999999999998,0.0,0.0,0.009999999999999998,0.009999999999999998,0.0,0.0,0.009999999999999998,0.0,0.0,0.0,0.009999999999999998,0.009999999999999998,0.0,0.0,0.0,0.0,0.0,0.0,0.009999999999999998,0.019999999999999997,0.009999999999999998,0.0,0.019999999999999997,0.009999999999999998,0.019999999999999997,0.0,0.0,0.0,0.0,0.009999999999999998,0.0,0.0,0.0,0.0,0.0,0.009999999999999998,0.009999999999999998,0.009999999999999998,0.009999999999999998,0.019999999999999997,0.039999999999999994,0.0,0.03,0.009999999999999998,0.03,0.06,0.0,0.0,0.009999999999999998,0.0,0.03,0.009999999999999998,0.06999999999999999,0.0,0,0,0.9411764705882353,0.058823529411764705,1,0.0004753880472329106,0,0.75,0.25,5.408523529411765,medium,8.254,0,0,1,0,1,0,0,0,0,0,0,1,0,0,0,0,0,1,0,0,0
199,101,2,5d482ea721c9be351f762ddf,2020-05-01 00:56:53.492000+00:00,this person is an asshole,0.8,2,0.4,5,this person is an asshole,4,5,25,1,-0.8570792809108222,-1.29058860816008,0.0,0.0,0.0,0.0,0.0,0.0,0.0,0.0,0.0,0.0,0.0,0.0,0.01,0.0,0.0,0.0,0.0,0.0,0.0,0.0,0.0,0.0,0.01,0.01,0.0,0.0,0.0,0.0,0.0,0.0,0.01,0.01,0.0,0.0,0.0,0.0,0.01,0.0,0.0,0.0,0.0,0.01,0.0,0.01,0.0,0.01,0.0,0.0,0.0,0.0,0.0,0.0,0.0,0.03,0.0,0,0,1.0,0.0,0,0.0003202049311559398,0,0.0,0.0,0.248,easy,3.87,0,0,0,0,0,0,0,0,0,0,0,0,0,0,0,0,0,0,0,0,0
199,101,2,5d482ea621c9be351f762b52,2020-05-01 00:57:04.722000+00:00,why is the person an asshole hello,0.8,2,0.4,5,why is the person an asshole? hello?,5,7,34,1,-0.6611826942894591,-1.0728989634101869,0.0,0.0,0.0,0.0,0.0,0.0,0.0,0.0,0.0,0.0,0.0,0.0,0.01,0.0,0.0,0.0,0.0,0.0,0.0,0.0,0.0,0.0,0.01,0.01,0.0,0.0,0.0,0.0,0.0,0.0,0.02,0.0,0.0,0.0,0.0,0.01,0.01,0.0,0.0,0.0,0.0,0.01,0.0,0.02,0.0,0.01,0.01,0.0,0.0,0.0,0.0,0.0,0.0,0.04,0.0,2,0,1.0,0.0,2,0.0023486024970788607,0,0.0,0.0,0.3472,easy,11.23,0,0,0,0,0,0,0,0,0,0,0,0,0,0,0,1,0,0,0,0,0
199,101,2,5d482ea621c9be351f762b74,2020-05-01 00:57:40.216000+00:00,i dont think the writer is an asshole  but i think heshe could be a little more considerate of the spouse,0.8,2,0.4,5,i don't think the writer is an asshole.  but i think he/she could be a little more considerate of the spouse.,6,21,105,1,0.5141968254387196,0.233238905089171,0.010000000000000002,0.0,0.0,0.010000000000000002,0.0,0.0,0.0,0.0,0.0,0.0,0.0,0.010000000000000002,0.010000000000000002,0.0,0.0,0.0,0.0,0.010000000000000002,0.0,0.010000000000000002,0.010000000000000002,0.020000000000000004,0.0,0.04000000000000001,0.0,0.0,0.010000000000000002,0.0,0.0,0.0,0.010000000000000002,0.0,0.0,0.0,0.0,0.0,0.010000000000000002,0.020000000000000004,0.0,0.0,0.010000000000000002,0.06,0.0,0.04000000000000001,0.010000000000000002,0.04000000000000001,0.04000000000000001,0.010000000000000002,0.0,0.0,0.0,0.020000000000000004,0.020000000000000004,0.11,0.010000000000000002,0,0,0.8571428571428571,0.09523809523809523,4,0.0003202049311559398,1,0.5,0.15625,1.793504761904762,easy,35.494,0,0,1,0,1,0,0,0,0,0,1,1,0,0,0,0,0,1,0,0,0
199,101,2,5d482ea721c9be351f762ddf,2020-05-01 00:57:41.472000+00:00,every now and then would be okay but just expecting the husband to drop what hes doing at any given time to translate is just inconsiderate and rude of the writer,0.8,2,0.4,5,"every now and then would be okay, but just expecting the husband to drop what he's doing at any given time to translate is just inconsiderate and rude of the writer.",7,31,162,1,1.6895763451668984,1.5393767735885289,0.02,0.0,0.0,0.04,0.01,0.02,0.0,0.0,0.03,0.0,0.01,0.0,0.0,0.0,0.0,0.0,0.0,0.01,0.01,0.01,0.01,0.0,0.0,0.02,0.01,0.01,0.05,0.0,0.0,0.0,0.02,0.01,0.0,0.0,0.0,0.0,0.01,0.0,0.0,0.01,0.03,0.06,0.0,0.02,0.05,0.05,0.09,0.04,0.0,0.0,0.0,0.0,0.0,0.18,0.0,0,0,0.8709677419354839,0.0,6,0.02,0,0.55,0.1,2.046954838709677,easy,1.256,0,0,0,0,0,0,0,0,0,0,0,0,0,0,0,0,1,0,1,0,0
200,101,3,5d482ea621c9be351f762b74,2020-05-01 01:11:02.438000+00:00,this person is not an asshole,1.0,2,0.4,5,this person is not an asshole.,1,6,29,1,-0.7591309876001406,-0.9616652224137046,0.0,0.0,0.0,0.0,0.0,0.0,0.0,0.0,0.0,0.0,0.0,0.009999999999999998,0.009999999999999998,0.0,0.0,0.0,0.0,0.0,0.0,0.0,0.0,0.0,0.009999999999999998,0.009999999999999998,0.0,0.0,0.0,0.0,0.0,0.0,0.009999999999999998,0.009999999999999998,0.0,0.0,0.0,0.0,0.009999999999999998,0.0,0.0,0.0,0.009999999999999998,0.009999999999999998,0.0,0.009999999999999998,0.0,0.009999999999999998,0.009999999999999998,0.0,0.0,0.0,0.0,0.0,0.0,0.039999999999999994,0.0,0,0,1.0,0.0,0,0.0,0,0.0,0.0,0.2976,easy,0.0,0,0,0,0,0,0,0,0,0,0,0,0,0,0,0,0,0,0,0,0,0
200,101,3,5d482ea621c9be351f762b52,2020-05-01 01:11:07.625000+00:00,i feel he is an asshole,1.0,2,0.4,5,i feel he is an asshole,2,6,23,1,-0.8570792809108222,-1.0748023074035522,0.0,0.0,0.0,0.0,0.0,0.0,0.0,0.0,0.0,0.0,0.01,0.0,0.01,0.0,0.0,0.0,0.0,0.0,0.0,0.0,0.0,0.01,0.0,0.02,0.0,0.0,0.0,0.0,0.0,0.0,0.01,0.0,0.0,0.0,0.0,0.0,0.01,0.01,0.01,0.0,0.0,0.02,0.0,0.01,0.0,0.01,0.01,0.0,0.0,0.01,0.0,0.0,0.01,0.04,0.0,0,0,1.0,0.16666666666666666,2,0.0003202049311559398,0,0.0,0.0,0.2976,easy,5.187,0,0,1,0,1,0,0,0,0,0,0,1,0,0,0,0,0,0,0,0,0
200,101,3,5d482ea621c9be351f762b74,2020-05-01 01:11:51.265000+00:00,he is entitled to his opinion which he expressed respectfully,1.0,2,0.4,5,"he is entitled to his opinion, which he expressed respectfully.",3,10,61,1,-0.36733781435741436,-0.5091168824543142,0.0,0.0,0.0,0.0,0.0,0.0,0.0,0.0,0.0,0.0,0.03,0.0,0.0,0.0,0.0,0.0,0.0,0.0,0.0,0.0,0.0,0.0,0.0,0.01,0.0,0.0,0.0,0.0,0.0,0.0,0.04,0.01,0.0,0.0,0.0,0.0,0.0,0.0,0.0,0.01,0.0,0.01,0.0,0.0,0.0,0.01,0.01,0.01,0.0,0.0,0.0,0.01,0.0,0.06,0.0,0,0,0.9,0.0,3,0.0,0,0.7,0.5,0.496,easy,43.64,0,0,0,0,0,0,0,0,0,0,0,0,0,0,0,0,0,1,0,0,0
200,101,3,5d482ea721c9be351f762ddf,2020-05-01 01:11:54.279000+00:00,the writer is most definitely not an asshole and is totally in the right,1.0,2,0.4,5,"the writer is most definitely not an asshole, and is totally in the right.",4,14,72,1,0.024455358885311848,-0.0565685424949238,0.0,0.0,0.0,0.009999999999999998,0.019999999999999997,0.009999999999999998,0.0,0.0,0.019999999999999997,0.0,0.0,0.009999999999999998,0.009999999999999998,0.0,0.0,0.0,0.0,0.0,0.0,0.009999999999999998,0.009999999999999998,0.0,0.0,0.019999999999999997,0.0,0.0,0.019999999999999997,0.0,0.0,0.0,0.0,0.0,0.0,0.0,0.0,0.0,0.009999999999999998,0.0,0.0,0.009999999999999998,0.009999999999999998,0.019999999999999997,0.0,0.03,0.009999999999999998,0.019999999999999997,0.05,0.009999999999999998,0.0,0.0,0.0,0.009999999999999998,0.0,0.09,0.0,0,0,0.8571428571428571,0.0,2,0.0,0,0.5714285714285714,0.19642857142857142,0.6944,easy,3.014,0,0,0,0,0,0,0,0,0,0,0,0,0,0,0,0,0,1,0,0,0
200,101,3,5d482eab21c9be351f764109,2020-05-01 01:11:57.842000+00:00,i feel like what they said is rather assholey but they have a point,1.0,2,0.4,5,"i feel like what they said is rather ""asshole-y"", but they have a point.",5,14,67,1,-0.07349293442536971,-0.1697056274847714,0.01,0.01,0.0,0.01,0.0,0.0,0.0,0.0,0.01,0.0,0.0,0.0,0.01,0.0,0.0,0.0,0.0,0.0,0.0,0.0,0.01,0.01,0.0,0.03,0.0,0.01,0.01,0.0,0.0,0.0,0.03,0.01,0.0,0.0,0.0,0.0,0.01,0.01,0.01,0.0,0.02,0.04,0.0,0.01,0.01,0.02,0.03,0.0,0.0,0.02,0.0,0.02,0.01,0.08,0.0,0,0,0.9285714285714286,0.07142857142857142,1,0.0,0,0.0,0.0,0.6944,easy,3.563,0,0,1,0,1,0,0,0,0,0,0,1,0,0,0,0,1,1,0,0,0
200,101,3,5d482ea821c9be351f763561,2020-05-01 01:11:58.482000+00:00,i dont feel that he is the asshole,1.0,2,0.4,5,i dont feel that he is the asshole,6,8,34,1,-0.6611826942894591,-0.848528137423857,0.0,0.0,0.0,0.0,0.0,0.0,0.0,0.0,0.0,0.0,0.01,0.01,0.01,0.0,0.0,0.0,0.0,0.0,0.0,0.0,0.0,0.01,0.0,0.030000000000000006,0.0,0.0,0.0,0.0,0.0,0.0,0.01,0.01,0.0,0.0,0.0,0.0,0.01,0.01,0.01,0.0,0.0,0.030000000000000006,0.0,0.01,0.0,0.02,0.01,0.0,0.0,0.01,0.0,0.0,0.01,0.05,0.0,0,0,1.0,0.125,1,0.001762900157877614,0,0.0,0.0,0.3968,easy,0.64,0,0,1,0,1,0,0,0,0,0,0,1,0,0,0,0,0,0,0,0,0
200,101,3,5d482ea621c9be351f762b52,2020-05-01 01:11:58.644000+00:00,i understand his frustrations but he is in the family and should help when he can,1.0,2,0.4,5,i understand his frustrations but he is in the family and should help when he can,7,16,81,1,0.1224036521959934,0.0565685424949238,0.01,0.0,0.01,0.03,0.0,0.01,0.0,0.0,0.01,0.0,0.03,0.0,0.0,0.0,0.0,0.0,0.0,0.01,0.0,0.0,0.0,0.01,0.0,0.03,0.01,0.0,0.02,0.0,0.0,0.0,0.05,0.0,0.0,0.0,0.0,0.0,0.01,0.01,0.0,0.0,0.01,0.04,0.0,0.01,0.02,0.03,0.04,0.01,0.0,0.0,0.0,0.0,0.01,0.12,0.0,0,0,0.9375,0.0625,4,0.00015518311607697082,0,0.0,0.0,0.7936,easy,0.162,0,0,1,0,0,0,0,0,0,0,0,1,0,0,0,0,0,0,1,0,0
200,101,3,5d482ea621c9be351f762b74,2020-05-01 01:12:20.950000+00:00,he is helping  ,1.0,2,0.4,5,he is helping.  ,8,3,15,1,-1.0529758675321852,-1.3010764773832475,0.0,0.0,0.0,0.0,0.0,0.0,0.0,0.0,0.0,0.0,0.01,0.0,0.0,0.0,0.0,0.0,0.0,0.0,0.0,0.0,0.01,0.0,0.0,0.01,0.0,0.0,0.0,0.0,0.0,0.0,0.02,0.0,0.0,0.0,0.0,0.0,0.0,0.0,0.0,0.0,0.0,0.01,0.0,0.0,0.0,0.01,0.0,0.0,0.0,0.0,0.0,0.01,0.0,0.02,0.0,0,0,1.0,0.0,2,0.0,0,0.0,0.0,0.1488,easy,22.306,0,0,0,0,0,0,0,0,0,0,0,0,0,0,0,0,0,1,0,0,0
201,102,1,5ea9d2fca68ffa2bcbe13a4e,2020-05-01 00:37:21.729000+00:00,in my opinion this person is the asshole,1.0,3,0.5,6,in my opinion this person is the asshole.,1,8,40,1,-0.6611826942894591,-1.1393944676039287,0.0,0.0,0.0,0.0,0.0,0.0,0.0,0.0,0.0,0.0,0.0,0.0,0.010000000000000002,0.0,0.0,0.0,0.0,0.0,0.0,0.0,0.0,0.0,0.010000000000000002,0.010000000000000002,0.0,0.0,0.010000000000000002,0.0,0.0,0.0,0.010000000000000002,0.010000000000000002,0.0,0.0,0.0,0.0,0.010000000000000002,0.010000000000000002,0.0,0.010000000000000002,0.0,0.010000000000000002,0.0,0.010000000000000002,0.0,0.010000000000000002,0.010000000000000002,0.010000000000000002,0.0,0.0,0.0,0.0,0.010000000000000002,0.05,0.0,0,0,1.0,0.125,0,0.0,0,0.0,0.0,0.3968,easy,0.0,0,0,0,0,0,0,0,0,0,0,1,0,0,0,0,0,0,0,0,0,0
201,102,1,5d482ea621c9be351f762940,2020-05-01 00:37:30.953000+00:00,i think this person is the asshole as well,1.0,3,0.5,6,i think this person is the asshole as well.,2,9,42,1,-0.5632344009787775,-1.0116119104894694,0.0,0.0,0.0,0.009999999999999998,0.0,0.0,0.0,0.0,0.009999999999999998,0.0,0.0,0.0,0.009999999999999998,0.0,0.0,0.0,0.0,0.0,0.0,0.0,0.009999999999999998,0.009999999999999998,0.009999999999999998,0.019999999999999997,0.0,0.0,0.0,0.0,0.0,0.0,0.009999999999999998,0.009999999999999998,0.0,0.0,0.0,0.0,0.009999999999999998,0.009999999999999998,0.0,0.0,0.0,0.019999999999999997,0.0,0.009999999999999998,0.009999999999999998,0.009999999999999998,0.009999999999999998,0.009999999999999998,0.0,0.0,0.0,0.009999999999999998,0.009999999999999998,0.049999999999999996,0.0,0,0,1.0,0.1111111111111111,3,0.0023486024970788607,0,0.0,0.0,0.44639999999999996,easy,9.224,0,0,1,0,1,0,0,0,0,0,0,1,0,0,0,0,0,1,0,0,0
201,102,1,5d407d8011e92e314fcda15f,2020-05-01 00:37:33.878000+00:00,i think the person is the asshole because theyve chosen to not speak english when they all can,1.0,3,0.5,6,i think the person is the asshole because they've chosen to not speak english when they all can.,3,18,94,1,0.31830023881735653,0.13843110354066432,0.0,0.009999999999999998,0.0,0.019999999999999997,0.009999999999999998,0.0,0.0,0.0,0.009999999999999998,0.0,0.0,0.009999999999999998,0.009999999999999998,0.0,0.0,0.0,0.0,0.0,0.0,0.0,0.0,0.009999999999999998,0.009999999999999998,0.039999999999999994,0.0,0.0,0.009999999999999998,0.0,0.0,0.0,0.039999999999999994,0.0,0.0,0.0,0.0,0.009999999999999998,0.009999999999999998,0.009999999999999998,0.0,0.0,0.009999999999999998,0.039999999999999994,0.0,0.019999999999999997,0.009999999999999998,0.029999999999999995,0.039999999999999994,0.009999999999999998,0.0,0.009999999999999998,0.0,0.0,0.009999999999999998,0.11,0.0,0,0,0.9444444444444444,0.05555555555555555,3,0.0028522176689049607,0,0.0,0.0,0.8927999999999999,easy,2.925,0,0,1,0,1,0,0,0,0,0,0,1,0,0,0,0,0,0,0,0,0
201,102,1,5d482ea921c9be351f7636b2,2020-05-01 00:37:48.380000+00:00,i think this person is the asshole too ,1.0,3,0.5,6,i think this person is the asshole too ,4,8,39,1,-0.6611826942894591,-1.1393944676039287,0.0,0.0,0.0,0.0,0.0,0.0,0.0,0.0,0.01,0.0,0.0,0.0,0.01,0.0,0.0,0.0,0.0,0.0,0.0,0.0,0.0,0.01,0.01,0.02,0.0,0.0,0.0,0.0,0.0,0.0,0.01,0.01,0.0,0.0,0.0,0.0,0.01,0.01,0.0,0.0,0.0,0.02,0.0,0.01,0.0,0.01,0.01,0.0,0.0,0.0,0.0,0.0,0.01,0.049999999999999996,0.0,0,0,1.0,0.125,2,0.0028522176689049607,0,0.0,0.0,0.3968,easy,14.502,0,0,1,0,1,0,0,0,0,0,0,1,0,0,0,0,0,0,0,0,0
201,102,1,5d482ea721c9be351f763043,2020-05-01 00:37:50.973000+00:00,my initial impression is there is a huge misunderstanding between op and his mom she may not know the whole situation as to why his husband refuses to speak english,1.0,3,0.5,6,my initial impression is there is a huge misunderstanding between op and his mom. she may not know the whole situation as to why his husband refuses to speak english.,5,30,164,1,1.5916280518562167,1.7996043460286353,0.0,0.01,0.0,0.02,0.0,0.01,0.0,0.0,0.01,0.0,0.029999999999999995,0.01,0.0,0.0,0.0,0.0,0.0,0.02,0.0,0.01,0.01,0.02,0.0,0.029999999999999995,0.01,0.0,0.02,0.0,0.01,0.0,0.07,0.0,0.0,0.0,0.0,0.01,0.0,0.01,0.0,0.01,0.01,0.04,0.0,0.02,0.01,0.029999999999999995,0.07,0.04,0.0,0.01,0.0,0.01,0.01,0.16,0.0,0,0,0.9,0.0,3,0.0,0,0.325,0.15000000000000002,2.0143333333333335,easy,2.593,0,0,1,0,0,0,0,0,0,0,0,1,0,0,0,0,0,0,1,0,0
201,102,1,5d482ea621c9be351f762940,2020-05-01 00:37:51.530000+00:00,yes especially since the visit was specifically to be with his mother and its in her home,1.0,3,0.5,6,"yes, especially since the visit was specifically to be with his mother and it's in her home.",6,17,89,1,0.31830023881735653,0.13843110354066432,0.0,0.0,0.01,0.01,0.0,0.02,0.0,0.0,0.01,0.0,0.02,0.0,0.0,0.0,0.0,0.0,0.0,0.01,0.0,0.0,0.0,0.0,0.0,0.0,0.0,0.01,0.02,0.0,0.0,0.0,0.04,0.01,0.0,0.0,0.0,0.01,0.0,0.0,0.0,0.0,0.0,0.02,0.0,0.01,0.02,0.02,0.03,0.04,0.0,0.0,0.0,0.0,0.0,0.1,0.0,0,0,1.0,0.0,4,0.0,0,1.0,0.0,0.8432,easy,0.557,0,0,0,0,0,0,0,0,0,0,0,0,0,0,0,0,0,0,0,0,0
201,102,1,5d482ea521c9be351f7626b8,2020-05-01 00:37:52.215000+00:00,i believe the person is the asshole,1.0,3,0.5,6,i believe the person is the asshole.,7,7,35,1,-0.7591309876001406,-1.267177024718388,0.0,0.0,0.0,0.0,0.0,0.0,0.0,0.0,0.0,0.0,0.0,0.0,0.009999999999999998,0.0,0.0,0.0,0.0,0.0,0.0,0.0,0.0,0.009999999999999998,0.009999999999999998,0.019999999999999997,0.0,0.0,0.0,0.0,0.0,0.0,0.009999999999999998,0.0,0.0,0.0,0.0,0.0,0.009999999999999998,0.009999999999999998,0.0,0.0,0.0,0.019999999999999997,0.0,0.019999999999999997,0.0,0.009999999999999998,0.009999999999999998,0.0,0.0,0.0,0.0,0.0,0.009999999999999998,0.039999999999999994,0.0,0,0,0.8571428571428571,0.14285714285714285,2,0.0,0,0.0,0.0,0.3472,easy,0.685,0,0,0,0,0,0,0,0,0,0,0,1,0,0,0,0,0,0,0,0,0
201,102,1,5ea9d2fca68ffa2bcbe13a4e,2020-05-01 00:38:01.889000+00:00,if the mother is graciously letting them stay at the house they should be speaking english if thats what she wants or they can go elsewhere,1.0,3,0.5,6,"if the mother is graciously letting them stay at the house, they should be speaking english if that's what she wants or they can go elsewhere",8,26,139,1,1.1998348786134905,1.288474117570798,0.04,0.01,0.01,0.03,0.0,0.0,0.0,0.0,0.0,0.0,0.01,0.0,0.0,0.0,0.0,0.0,0.0,0.01,0.0,0.0,0.01,0.0,0.0,0.049999999999999996,0.01,0.0,0.03,0.0,0.0,0.0,0.06,0.02,0.0,0.0,0.0,0.0,0.0,0.0,0.0,0.03,0.03,0.06999999999999999,0.0,0.02,0.0,0.049999999999999996,0.049999999999999996,0.01,0.0,0.01,0.0,0.01,0.0,0.15,0.0,0,0,0.8846153846153846,0.0,3,0.0,0,0.05,0.1,1.2895999999999999,easy,9.674,0,0,1,0,0,0,0,0,0,0,0,0,0,0,0,0,0,1,0,0,0
201,102,1,5d407d8011e92e314fcda15f,2020-05-01 00:38:06.762000+00:00,and shes feeding them and taking care of them,1.0,3,0.5,6,and she's feeding them and taking care of them,9,9,45,1,-0.4652861076680959,-0.8838293533750101,0.0,0.0,0.0,0.02,0.0,0.02,0.01,0.0,0.0,0.0,0.01,0.0,0.0,0.0,0.0,0.0,0.0,0.0,0.0,0.0,0.01,0.0,0.0,0.03,0.0,0.0,0.0,0.0,0.0,0.0,0.03,0.0,0.0,0.0,0.0,0.0,0.0,0.0,0.0,0.0,0.0,0.03,0.0,0.0,0.02,0.01,0.02,0.01,0.0,0.0,0.0,0.0,0.0,0.049999999999999996,0.0,0,0,0.7777777777777778,0.0,2,0.0,0,0.0,0.0,0.44639999999999996,easy,4.873,0,0,0,0,0,0,0,0,0,0,0,0,0,0,0,0,1,0,0,0,0
202,102,3,5ea9d2fca68ffa2bcbe13a4e,2020-05-01 01:07:02.513000+00:00,i dont think she was being an asshole,1.0,0,0.0,6,i don't think she was being an asshole,1,8,37,1,-0.6611826942894591,-0.7488445142324408,0.0,0.0,0.0,0.0,0.0,0.0,0.0,0.0,0.0,0.0,0.01,0.01,0.01,0.0,0.0,0.0,0.0,0.0,0.0,0.0,0.0,0.01,0.0,0.02,0.0,0.01,0.0,0.0,0.0,0.0,0.01,0.0,0.0,0.0,0.0,0.0,0.01,0.01,0.0,0.0,0.0,0.04,0.0,0.01,0.0,0.030000000000000002,0.01,0.0,0.0,0.0,0.0,0.0,0.01,0.05,0.0,0,0,1.0,0.125,0,0.0,0,0.0,0.0,0.3968,easy,0.0,0,0,1,0,1,0,0,0,0,0,0,1,0,0,0,0,0,0,0,0,0
202,102,3,5d482ea921c9be351f7636b2,2020-05-01 01:07:11.165000+00:00,i dont think this person is the asshole i think the son was in this situation,1.0,0,0.0,6,i don't think this person is the asshole. i think the son was in this situation.,2,16,77,1,0.024455358885311848,-0.0799952596806168,0.0,0.0,0.0,0.0,0.0,0.0,0.0,0.0,0.0,0.0,0.0,0.01,0.01,0.0,0.0,0.0,0.0,0.01,0.0,0.0,0.0,0.02,0.01,0.04,0.0,0.01,0.01,0.0,0.0,0.0,0.02,0.02,0.0,0.0,0.0,0.0,0.01,0.02,0.0,0.0,0.0,0.049999999999999996,0.0,0.02,0.0,0.03,0.02,0.01,0.0,0.0,0.0,0.0,0.02,0.09,0.0,0,0,0.75,0.125,2,0.0013274352748081394,0,0.0,0.0,0.7936,easy,8.652,0,0,1,0,1,0,0,0,0,0,1,1,0,0,0,0,0,0,0,0,0
202,102,3,5d482ea721c9be351f763043,2020-05-01 01:07:14.979000+00:00,i believe it was more the son being the asshole,1.0,0,0.0,6,i believe it was more the son being the asshole,3,10,47,1,-0.4652861076680959,-0.5577447272176339,0.0,0.0,0.0,0.0,0.0,0.0,0.0,0.0,0.0,0.0,0.0,0.0,0.009999999999999998,0.0,0.0,0.0,0.0,0.009999999999999998,0.0,0.009999999999999998,0.0,0.009999999999999998,0.0,0.009999999999999998,0.0,0.009999999999999998,0.0,0.0,0.0,0.0,0.009999999999999998,0.009999999999999998,0.0,0.0,0.0,0.0,0.009999999999999998,0.009999999999999998,0.0,0.0,0.0,0.029999999999999995,0.0,0.019999999999999997,0.0,0.019999999999999997,0.009999999999999998,0.0,0.0,0.0,0.0,0.0,0.009999999999999998,0.06999999999999999,0.0,0,0,0.9,0.1,3,0.0020805244838300214,0,0.5,0.5,0.496,easy,3.814,0,0,0,0,0,0,0,0,0,0,0,1,0,0,0,0,0,0,0,0,0
202,102,3,5d407d8011e92e314fcda15f,2020-05-01 01:07:21.726000+00:00,i dont either everyone could speak english so they should have to be polite,1.0,0,0.0,6,i don't either. everyone could speak english so they should have to be polite,4,14,75,1,-0.07349293442536971,-0.17554515318802022,0.02,0.01,0.0,0.01,0.0,0.0,0.0,0.0,0.01,0.0,0.0,0.01,0.0,0.0,0.0,0.0,0.0,0.0,0.0,0.01,0.0,0.0,0.0,0.02,0.01,0.0,0.0,0.0,0.0,0.0,0.03,0.01,0.0,0.0,0.0,0.0,0.0,0.01,0.0,0.0,0.01,0.05,0.0,0.0,0.01,0.05,0.03,0.01,0.0,0.01,0.0,0.01,0.01,0.07,0.0,0,0,1.0,0.07142857142857142,0,0.00015518311607697082,0,0.0,0.0,0.6944,easy,6.747,0,0,1,0,0,0,0,0,0,0,0,1,0,0,0,0,0,1,0,0,0
202,102,3,5ea9d2fca68ffa2bcbe13a4e,2020-05-01 01:07:22.978000+00:00,i agree ,1.0,0,0.0,6,i agree ,5,2,8,1,-1.2488724541535483,-1.3221438752768613,0.0,0.0,0.0,0.0,0.0,0.0,0.0,0.0,0.0,0.0,0.0,0.0,0.0,0.0,0.0,0.0,0.0,0.0,0.0,0.0,0.01,0.0,0.0,0.0,0.0,0.0,0.0,0.0,0.0,0.0,0.0,0.0,0.0,0.0,0.0,0.0,0.0,0.01,0.0,0.0,0.0,0.0,0.0,0.0,0.0,0.0,0.0,0.0,0.0,0.0,0.0,0.0,0.01,0.01,0.0,0,0,1.0,0.5,0,0.00015518311607697082,0,0.0,0.0,0.0992,easy,1.252,0,0,0,0,0,0,0,0,0,0,0,1,0,0,0,0,0,0,0,0,0
202,102,3,5d482ea621c9be351f762940,2020-05-01 01:07:27.502000+00:00,i dont think the mother is being the asshole ,1.0,0,0.0,6,i don't think the mother is being the asshole. ,6,9,45,1,-0.5632344009787775,-0.6532946207250373,0.0,0.0,0.0,0.0,0.0,0.0,0.0,0.0,0.0,0.0,0.0,0.01,0.01,0.0,0.0,0.0,0.0,0.01,0.0,0.0,0.0,0.01,0.0,0.03,0.0,0.0,0.0,0.0,0.0,0.0,0.01,0.0,0.0,0.0,0.0,0.0,0.01,0.01,0.0,0.0,0.0,0.04,0.0,0.02,0.0,0.03,0.01,0.0,0.0,0.0,0.0,0.0,0.01,0.049999999999999996,0.0,0,0,0.8888888888888888,0.1111111111111111,0,0.00015518311607697082,0,0.0,0.0,0.44639999999999996,easy,4.524,0,0,1,0,1,0,0,0,0,0,0,1,0,0,0,0,0,0,0,0,0
202,102,3,5d482ea521c9be351f7626b8,2020-05-01 01:07:32.546000+00:00,she wasnt being the asshole at all,1.0,0,0.0,6,she wasn't being the asshole at all.,7,7,34,1,-0.6611826942894591,-0.7488445142324408,0.0,0.0,0.0,0.0,0.01,0.0,0.0,0.0,0.0,0.0,0.01,0.01,0.01,0.0,0.0,0.0,0.0,0.0,0.0,0.0,0.0,0.0,0.0,0.0,0.0,0.01,0.01,0.0,0.0,0.0,0.01,0.0,0.0,0.0,0.0,0.0,0.01,0.0,0.0,0.0,0.0,0.02,0.0,0.01,0.0,0.02,0.01,0.01,0.0,0.0,0.0,0.0,0.0,0.05,0.0,0,0,1.0,0.0,2,0.0003202049311559398,0,0.0,0.0,0.3472,easy,5.044,0,0,0,0,0,0,0,0,0,0,0,0,0,0,0,0,0,0,0,0,0
202,102,3,5d482ea921c9be351f7636b2,2020-05-01 01:07:37.192000+00:00,they were staying at her home anyway so they shouldnt exclude her ,1.0,0,0.0,6,they were staying at her home anyway so they shouldn't exclude her ,8,12,66,1,-0.17144122773605125,-0.27109504669542367,0.01,0.0,0.01,0.01,0.0,0.0,0.0,0.0,0.02,0.0,0.02,0.01,0.0,0.0,0.0,0.0,0.0,0.0,0.0,0.0,0.0,0.0,0.0,0.0,0.01,0.01,0.02,0.0,0.0,0.0,0.04,0.0,0.0,0.0,0.0,0.0,0.0,0.0,0.0,0.0,0.01,0.02,0.0,0.0,0.01,0.02,0.02,0.01,0.0,0.0,0.0,0.0,0.0,0.07,0.0,0,0,0.8333333333333334,0.0,1,0.0,0,0.0,0.0,0.5952,easy,4.646,0,0,1,0,0,0,0,0,0,0,0,0,0,0,0,0,1,0,0,0,0
202,102,3,5d482ea621c9be351f762940,2020-05-01 01:07:40.644000+00:00,they are all in her house and they all speak english ,1.0,0,0.0,6,they are all in her house and they all speak english. ,9,11,53,1,-0.2693895210467328,-0.36664494020282706,0.0,0.01,0.01,0.01,0.02,0.01,0.0,0.0,0.0,0.0,0.01,0.0,0.0,0.0,0.0,0.0,0.0,0.0,0.0,0.0,0.0,0.0,0.0,0.01,0.0,0.0,0.01,0.0,0.0,0.0,0.04,0.0,0.0,0.0,0.0,0.0,0.0,0.0,0.0,0.0,0.0,0.01,0.0,0.0,0.01,0.01,0.030000000000000002,0.01,0.0,0.01,0.0,0.0,0.0,0.08,0.0,0,0,0.8181818181818182,0.0,3,0.0,0,0.0,0.0,0.5456,easy,3.452,0,0,0,0,0,0,0,0,0,0,0,0,0,0,0,0,0,0,0,0,0
202,102,3,5d482ea721c9be351f763043,2020-05-01 01:07:46.478000+00:00,it sounded like the partner was having a bit of a childish fit,1.0,0,0.0,6,it sounded like the partner was having a bit of a childish fit,10,13,62,1,-0.07349293442536971,-0.17554515318802022,0.0,0.01,0.0,0.0,0.0,0.0,0.0,0.0,0.0,0.0,0.0,0.0,0.0,0.0,0.0,0.0,0.0,0.0,0.0,0.01,0.01,0.0,0.01,0.0,0.0,0.01,0.01,0.0,0.0,0.0,0.01,0.01,0.0,0.0,0.0,0.0,0.0,0.0,0.0,0.0,0.0,0.02,0.01,0.03,0.0,0.02,0.0,0.01,0.0,0.01,0.0,0.03,0.0,0.06999999999999999,0.0,0,0,0.9230769230769231,0.0,0,0.0,0,0.6000000000000001,0.1,0.6447999999999999,easy,5.834,0,0,0,0,0,0,0,0,0,0,0,0,0,0,0,0,0,1,1,0,0
202,102,3,5ea9d2fca68ffa2bcbe13a4e,2020-05-01 01:07:53.372000+00:00,its her house so if she wants them to speak english and they are capable of doing so they should speak english ,1.0,0,0.0,6,"it's her house, so if she wants them to speak english and they are capable of doing so, they should speak english ",11,22,111,1,0.8080417053707643,0.6844038883786107,0.030000000000000006,0.02,0.01,0.04,0.0,0.01,0.0,0.01,0.02,0.0,0.02,0.0,0.0,0.0,0.0,0.0,0.0,0.0,0.0,0.0,0.0,0.0,0.0,0.02,0.01,0.0,0.0,0.0,0.0,0.0,0.07,0.01,0.0,0.0,0.0,0.0,0.0,0.0,0.0,0.01,0.01,0.04,0.0,0.0,0.030000000000000006,0.030000000000000006,0.04,0.02,0.0,0.02,0.0,0.01,0.0,0.15000000000000002,0.0,0,0,0.8181818181818182,0.0,1,0.0,0,0.125,0.1,1.0912,easy,6.894,0,0,1,0,0,0,0,0,0,0,0,0,0,0,0,0,1,1,0,0,0
203,103,2,5d482ea721c9be351f762cc9,2020-05-01 00:25:31.959000+00:00,hello everyone,0.833333333,1,0.166666667,6,hello everyone,1,2,14,1,-1.1509241608428669,-1.2661931887179585,0.0,0.0,0.0,0.0,0.0,0.0,0.0,0.0,0.0,0.0,0.0,0.0,0.0,0.0,0.0,0.0,0.0,0.0,0.0,0.0,0.0,0.0,0.0,0.0,0.0,0.0,0.0,0.0,0.0,0.0,0.02,0.01,0.0,0.0,0.0,0.0,0.0,0.0,0.0,0.0,0.0,0.0,0.0,0.0,0.0,0.0,0.0,0.0,0.0,0.0,0.0,0.0,0.0,0.0,0.0,0,0,1.0,0.0,0,0.0,0,0.0,0.0,0.0992,easy,0.0,0,0,0,0,0,0,0,0,0,0,0,0,0,0,1,0,0,0,0,0,0
203,103,2,5d482ea521c9be351f7625f2,2020-05-01 00:25:39.273000+00:00,i dont think shes an asshole just inconsiderate for not asking her husband if he was okay with it,0.833333333,1,0.166666667,6,"i don't think she's an asshole, just inconsiderate for not asking her husband if he was okay with it.",2,19,97,1,0.4162485321280381,0.5170030868359391,0.01,0.0,0.0,0.01,0.0,0.01,0.0,0.0,0.01,0.0,0.03,0.02,0.01,0.0,0.0,0.0,0.0,0.01,0.0,0.0,0.01,0.01,0.0,0.03,0.0,0.01,0.0,0.0,0.0,0.0,0.049999999999999996,0.01,0.0,0.0,0.0,0.0,0.01,0.01,0.0,0.01,0.03,0.04,0.0,0.01,0.01,0.03,0.049999999999999996,0.02,0.0,0.0,0.0,0.0,0.01,0.11,0.0,0,0,1.0,0.05263157894736842,0,0.0,0,0.5,0.5,5.409952631578947,medium,7.314,0,0,1,0,1,0,0,0,0,0,0,1,0,0,0,0,0,0,1,0,0
203,103,2,5d482eaa21c9be351f763d63,2020-05-01 00:25:42.939000+00:00,hello,0.833333333,1,0.166666667,6,hello,3,1,5,1,-1.2488724541535483,-1.3776429559400771,0.0,0.0,0.0,0.0,0.0,0.0,0.0,0.0,0.0,0.0,0.0,0.0,0.0,0.0,0.0,0.0,0.0,0.0,0.0,0.0,0.0,0.0,0.0,0.0,0.0,0.0,0.0,0.0,0.0,0.0,0.010000000000000002,0.0,0.0,0.0,0.0,0.0,0.0,0.0,0.0,0.0,0.0,0.0,0.0,0.0,0.0,0.0,0.0,0.0,0.0,0.0,0.0,0.0,0.0,0.0,0.0,0,0,1.0,0.0,0,0.0,0,0.0,0.0,0.0496,easy,3.666,0,0,0,0,0,0,0,0,0,0,0,0,0,0,1,0,0,0,0,0,0
203,103,2,5eab5f96d5ea945196f99a08,2020-05-01 00:25:48.135000+00:00,i think that she is able to translate for her parents and her husband shouldnt be expected to do it all the time,0.833333333,1,0.166666667,6,i think that she is able to translate for her parents and her husband shouldn't be expected to do it all the time,4,23,112,1,0.8080417053707643,0.9628021557244135,0.02,0.0,0.0,0.01,0.01,0.01,0.0,0.01,0.0,0.0,0.030000000000000002,0.01,0.0,0.0,0.0,0.0,0.0,0.02,0.0,0.0,0.0,0.01,0.0,0.030000000000000002,0.01,0.0,0.01,0.0,0.0,0.0,0.05,0.02,0.0,0.0,0.0,0.0,0.0,0.01,0.0,0.0,0.0,0.05,0.0,0.01,0.01,0.04,0.05,0.030000000000000002,0.0,0.0,0.0,0.0,0.01,0.15000000000000002,0.0,0,0,0.9130434782608695,0.043478260869565216,0,0.0,0,0.5125,0.2,1.1408,easy,5.196,0,0,1,0,1,0,0,0,0,0,0,1,0,0,0,0,0,0,0,0,0
203,103,2,5d482ea821c9be351f763391,2020-05-01 00:25:57.906000+00:00,i do not think she is the asshole yet if she keeps sending her parents translation qs to her husband after he expressed his concern id say she was ,0.833333333,1,0.166666667,6,"i do not think she is the asshole, yet. if she keeps sending her parent's translation q's to her husband after he expressed his concern, i'd say she was ",5,29,147,1,1.3957314652348536,1.631500759057125,0.01,0.01,0.0,0.01,0.0,0.0,0.0,0.0,0.01,0.0,0.06999999999999999,0.01,0.01,0.0,0.0,0.0,0.0,0.02,0.0,0.0,0.0,0.01,0.0,0.04,0.0,0.01,0.029999999999999995,0.0,0.01,0.0,0.11999999999999998,0.0,0.0,0.0,0.0,0.0,0.01,0.01,0.0,0.01,0.02,0.05,0.0,0.01,0.0,0.029999999999999995,0.04,0.02,0.0,0.01,0.0,0.0,0.01,0.16,0.0,0,0,0.896551724137931,0.034482758620689655,9,0.004270930887483356,0,0.0,0.0,1.4384,easy,9.771,0,0,1,0,1,0,0,0,0,0,1,1,0,0,0,0,0,0,1,0,0
203,103,2,5d482eaa21c9be351f763d63,2020-05-01 00:26:10.890000+00:00,i think the writers husband is being a bit too inflexible here,0.833333333,1,0.166666667,6,i think the writer's husband is being a bit too inflexible here.,6,12,62,1,-0.2693895210467328,-0.2631452837188911,0.0,0.0,0.0,0.0,0.0,0.0,0.0,0.0,0.02,0.0,0.0,0.0,0.0,0.0,0.0,0.0,0.0,0.01,0.0,0.01,0.0,0.01,0.0,0.02,0.0,0.0,0.0,0.0,0.0,0.0,0.01,0.0,0.0,0.0,0.0,0.0,0.0,0.01,0.0,0.0,0.0,0.03,0.0,0.02,0.0,0.02,0.01,0.0,0.0,0.0,0.0,0.01,0.01,0.06999999999999999,0.0,0,0,1.0,0.08333333333333333,2,0.0012314172096718058,0,0.6,-0.4,0.5952,easy,12.984,0,0,1,0,1,0,0,0,0,0,0,1,0,0,0,0,0,0,1,0,0
203,103,2,5d482ea521c9be351f7625f2,2020-05-01 00:26:11.694000+00:00,yes she should talk to her mother about it,0.833333333,1,0.166666667,6,"yes, she should talk to her mother about it.",7,9,42,1,-0.4652861076680959,-0.4860448181631283,0.009999999999999998,0.0,0.0,0.0,0.0,0.0,0.0,0.0,0.009999999999999998,0.0,0.019999999999999997,0.0,0.0,0.0,0.0,0.0,0.0,0.009999999999999998,0.0,0.0,0.0,0.0,0.0,0.0,0.009999999999999998,0.0,0.0,0.0,0.0,0.0,0.039999999999999994,0.009999999999999998,0.0,0.0,0.0,0.0,0.0,0.0,0.0,0.0,0.0,0.009999999999999998,0.0,0.0,0.009999999999999998,0.009999999999999998,0.009999999999999998,0.019999999999999997,0.0,0.0,0.0,0.0,0.0,0.06,0.0,0,0,1.0,0.0,0,0.0,0,0.0,0.0,0.44639999999999996,easy,0.804,0,0,1,0,0,0,0,0,0,0,0,0,0,0,0,0,0,0,0,0,0
203,103,2,5ea885dc7d50722703c53e04,2020-05-01 00:26:13.814000+00:00,i think the word making at the end really got to me making the husband translate put her in the wrong if she was asking or if it was only occasionally that would be different,0.833333333,1,0.166666667,6,i think the word making at the end really got to me. making the husband translate put her in the wrong. if she was asking or if it was only occasionally that would be different.,8,35,174,1,1.8854729317882615,2.1887495951677183,0.03,0.0,0.0,0.03,0.0,0.0,0.0,0.0,0.02,0.0,0.02,0.0,0.0,0.0,0.0,0.0,0.0,0.01,0.01,0.0,0.0,0.01,0.0,0.01,0.01,0.03,0.049999999999999996,0.0,0.0,0.0,0.04,0.02,0.0,0.0,0.0,0.02,0.0,0.02,0.0,0.04,0.04,0.06,0.0,0.04,0.01,0.04,0.09999999999999999,0.03,0.0,0.0,0.0,0.0,0.02,0.19999999999999998,0.0,0,0,0.8285714285714286,0.05714285714285714,4,0.0,0,0.5650000000000001,-0.06,2.1871428571428573,easy,2.12,0,0,1,0,1,1,0,0,0,0,0,1,0,0,0,0,0,0,1,0,0
203,103,2,5eab5f96d5ea945196f99a08,2020-05-01 00:26:30.283000+00:00,although he did not react in an appropriate manner,0.833333333,1,0.166666667,6,although he did not react in an appropriate manner,9,9,50,1,-0.4652861076680959,-0.4860448181631283,0.0,0.0,0.0,0.01,0.0,0.0,0.0,0.0,0.0,0.0,0.01,0.01,0.0,0.0,0.0,0.0,0.0,0.0,0.0,0.0,0.0,0.0,0.0,0.0,0.0,0.01,0.01,0.0,0.0,0.0,0.01,0.0,0.0,0.0,0.0,0.01,0.0,0.0,0.0,0.0,0.01,0.01,0.0,0.01,0.0,0.01,0.02,0.01,0.0,0.0,0.0,0.01,0.0,0.05,0.0,0,0,1.0,0.0,1,0.0,0,0.5,0.5,5.837344444444444,medium,16.469,0,0,0,0,0,0,0,0,0,0,0,0,0,0,0,0,0,1,0,0,0
204,103,3,5ea885dc7d50722703c53e04,2020-05-01 00:40:03.304000+00:00,absolutely he is,1.0,1,0.166666667,6,absolutely he is.,1,3,16,1,-1.0529758675321852,-1.0879531546160655,0.0,0.0,0.0,0.0,0.01,0.0,0.0,0.0,0.01,0.0,0.01,0.0,0.0,0.0,0.0,0.0,0.0,0.0,0.0,0.0,0.0,0.0,0.0,0.01,0.0,0.0,0.0,0.0,0.0,0.0,0.01,0.0,0.0,0.0,0.0,0.0,0.0,0.0,0.0,0.0,0.0,0.01,0.0,0.0,0.0,0.01,0.01,0.0,0.0,0.0,0.0,0.0,0.0,0.02,0.0,0,0,1.0,0.0,0,0.0,0,0.9,0.2,0.1488,easy,0.0,0,0,0,0,0,0,0,0,0,0,0,0,0,0,0,0,0,0,0,0,0
204,103,3,5d482ea821c9be351f763391,2020-05-01 00:40:06.956000+00:00,oh hes an asshole,1.0,1,0.166666667,6,oh he's an asshole,2,4,17,1,-0.9550275742215037,-0.9737180733813786,0.0,0.0,0.0,0.0,0.0,0.0,0.0,0.0,0.0,0.0,0.01,0.0,0.01,0.0,0.0,0.0,0.0,0.0,0.0,0.0,0.0,0.0,0.0,0.01,0.0,0.0,0.0,0.0,0.0,0.0,0.01,0.0,0.0,0.0,0.0,0.0,0.01,0.0,0.0,0.0,0.0,0.01,0.0,0.01,0.01,0.01,0.0,0.0,0.0,0.0,0.0,0.0,0.0,0.01,0.0,0,0,1.0,0.0,0,0.0,0,0.0,0.0,0.1984,easy,3.652,0,0,0,0,0,0,0,0,0,0,0,0,0,0,0,0,0,0,0,0,0
204,103,3,5d482ea521c9be351f7625f2,2020-05-01 00:40:11.416000+00:00,i agree total asshole,1.0,1,0.166666667,6,i agree. total asshole,3,4,21,1,-1.0529758675321852,-1.0879531546160655,0.0,0.0,0.0,0.0,0.009999999999999998,0.0,0.0,0.0,0.0,0.0,0.0,0.0,0.009999999999999998,0.0,0.0,0.0,0.0,0.0,0.0,0.009999999999999998,0.009999999999999998,0.0,0.0,0.0,0.0,0.0,0.0,0.0,0.0,0.0,0.0,0.0,0.0,0.0,0.0,0.0,0.009999999999999998,0.009999999999999998,0.0,0.0,0.0,0.0,0.0,0.0,0.0,0.0,0.009999999999999998,0.0,0.0,0.0,0.0,0.0,0.009999999999999998,0.009999999999999998,0.0,0,0,1.0,0.25,0,0.0003202049311559398,0,0.75,0.0,0.1984,easy,4.46,0,0,0,0,0,0,0,0,0,0,0,1,0,0,0,0,0,0,0,0,0
204,103,3,5d482eaa21c9be351f763d63,2020-05-01 00:40:29.890000+00:00,he is even after the edit where he walks back the langauge,1.0,1,0.166666667,6,"he is, even after the edit where he walks back the langauge.",4,12,58,1,-0.17144122773605125,-0.059837423503883595,0.0,0.0,0.0,0.0,0.0,0.0,0.0,0.0,0.03,0.0,0.019999999999999997,0.0,0.0,0.0,0.0,0.0,0.0,0.0,0.0,0.0,0.0,0.0,0.0,0.009999999999999998,0.0,0.0,0.039999999999999994,0.0,0.0,0.0,0.019999999999999997,0.0,0.0,0.009999999999999998,0.0,0.0,0.0,0.0,0.0,0.0,0.0,0.009999999999999998,0.0,0.019999999999999997,0.0,0.009999999999999998,0.0,0.009999999999999998,0.0,0.0,0.0,0.0,0.0,0.06999999999999999,0.0,0,0,0.8333333333333334,0.0,0,0.0,0,0.0,0.0,0.5952,easy,18.474,0,0,0,0,0,0,0,0,0,0,0,0,0,0,0,0,0,0,0,0,0
204,103,3,5d482ea521c9be351f7625f2,2020-05-01 00:40:42.875000+00:00,she doesnt have to learn english if she doesnt want,1.0,1,0.166666667,6,she doesn't have to learn english if she doesn't want.,5,10,51,1,-0.36733781435741436,-0.28830758597325734,0.02,0.0,0.0,0.01,0.0,0.0,0.0,0.0,0.0,0.0,0.02,0.02,0.0,0.0,0.0,0.0,0.0,0.0,0.0,0.0,0.0,0.01,0.0,0.04,0.0,0.0,0.0,0.0,0.0,0.0,0.02,0.0,0.0,0.01,0.0,0.0,0.0,0.0,0.0,0.01,0.01,0.04,0.0,0.0,0.0,0.03,0.03,0.01,0.0,0.0,0.0,0.0,0.0,0.05,0.0,0,0,0.8,0.0,0,0.0,0,0.0,0.0,0.496,easy,12.985,0,0,0,0,0,0,0,0,0,0,0,0,0,0,0,0,0,0,0,0,0
204,103,3,5d482ea821c9be351f763391,2020-05-01 00:40:50.329000+00:00,oh yeah his whole personality just shines through real ugly in that post,1.0,1,0.166666667,6,"oh yeah, his whole personality just shines through real ugly in that post",6,13,72,1,-0.07349293442536971,0.05439765773080329,0.0,0.0,0.0,0.0,0.0,0.0,0.0,0.0,0.009999999999999998,0.0,0.009999999999999998,0.0,0.0,0.0,0.0,0.0,0.0,0.0,0.0,0.009999999999999998,0.0,0.0,0.0,0.0,0.0,0.0,0.019999999999999997,0.0,0.0,0.0,0.009999999999999998,0.009999999999999998,0.0,0.0,0.0,0.0,0.009999999999999998,0.0,0.0,0.0,0.009999999999999998,0.0,0.0,0.0,0.019999999999999997,0.0,0.019999999999999997,0.019999999999999997,0.0,0.0,0.0,0.0,0.0,0.05,0.0,0,0,1.0,0.0,0,0.0,0,0.7,-0.4,5.495915384615385,medium,7.454,0,0,0,0,0,0,0,0,0,0,0,0,0,0,0,0,0,0,1,0,0
204,103,3,5d482ea521c9be351f7625f2,2020-05-01 00:40:51.924000+00:00,i think even he knows hes an asshole,1.0,1,0.166666667,6,i think even he knows he's an asshole,7,8,36,1,-0.6611826942894591,-0.631012829677318,0.0,0.0,0.0,0.0,0.0,0.0,0.0,0.0,0.009999999999999998,0.0,0.019999999999999997,0.0,0.009999999999999998,0.0,0.0,0.0,0.0,0.0,0.0,0.0,0.0,0.019999999999999997,0.0,0.03,0.0,0.0,0.0,0.0,0.0,0.0,0.019999999999999997,0.0,0.0,0.0,0.0,0.0,0.009999999999999998,0.009999999999999998,0.0,0.0,0.0,0.03,0.0,0.009999999999999998,0.0,0.009999999999999998,0.019999999999999997,0.0,0.0,0.0,0.0,0.0,0.009999999999999998,0.03,0.0,0,0,1.0,0.125,0,0.0,0,0.0,0.0,0.3968,easy,1.595,0,0,1,0,1,0,0,0,0,0,0,1,0,0,0,0,0,0,0,0,0
204,103,3,5d482ea821c9be351f763391,2020-05-01 00:40:55.828000+00:00,lol,1.0,1,0.166666667,6,lol,8,1,3,1,-1.2488724541535483,-1.3164233170854394,0.0,0.0,0.0,0.0,0.0,0.0,0.0,0.0,0.0,0.0,0.0,0.0,0.0,0.0,0.0,0.0,0.0,0.0,0.0,0.0,0.0,0.0,0.0,0.0,0.0,0.0,0.0,0.0,0.0,0.0,0.0,0.0,0.0,0.0,0.0,0.0,0.0,0.0,0.0,0.0,0.0,0.0,0.0,0.0,0.0,0.0,0.0,0.0,0.0,0.0,0.0,0.0,0.0,0.0,0.0,0,0,1.0,0.0,0,0.0,0,0.7,0.8,0.0496,easy,3.904,0,0,0,0,0,0,0,0,0,0,0,0,0,0,0,0,0,0,0,0,0
204,103,3,5eab5f96d5ea945196f99a08,2020-05-01 00:40:56.498000+00:00,i think he can be frustrated from being called all the time but the language he uses to explain makes him a complete asshole to her,1.0,1,0.166666667,6,i think he can be frustrated from being called all the time but the language he uses to explain makes him a complete asshole to her,9,26,131,1,1.101886585302809,1.425218632547046,0.0,0.0,0.0,0.01,0.02,0.0,0.0,0.0,0.0,0.0,0.04,0.0,0.01,0.0,0.0,0.0,0.0,0.0,0.0,0.0,0.0,0.02,0.0,0.05,0.0,0.01,0.01,0.0,0.0,0.0,0.07,0.0,0.0,0.0,0.0,0.02,0.02,0.01,0.0,0.0,0.01,0.08,0.0,0.030000000000000002,0.01,0.030000000000000002,0.07,0.030000000000000002,0.0,0.0,0.0,0.01,0.01,0.16,0.0,0,0,0.8846153846153846,0.038461538461538464,0,0.0,0,0.30000000000000004,-0.3,1.2895999999999999,easy,0.67,0,0,1,0,1,0,0,0,0,0,0,1,0,0,0,0,0,0,1,0,0
204,103,3,5ea885dc7d50722703c53e04,2020-05-01 00:41:00.374000+00:00,the fact that she did not use him as her primary translator and only used him if she could not get ahold of other family members was a big thing for me he could just not answer the phone ,1.0,1,0.166666667,6,the fact that she did not use him as her primary translator and only used him if she could not get ahold of other family members was a big thing for me. he could just not answer the phone. ,10,39,187,1,2.375214398341669,2.910274688597975,0.030000000000000006,0.0,0.01,0.030000000000000006,0.01,0.01,0.0,0.0,0.02,0.0,0.06000000000000001,0.030000000000000006,0.0,0.0,0.0,0.0,0.0,0.01,0.0,0.0,0.0,0.01,0.01,0.02,0.0,0.030000000000000006,0.01,0.0,0.0,0.0,0.09,0.030000000000000006,0.0,0.0,0.0,0.02,0.0,0.01,0.0,0.01,0.05,0.06999999999999999,0.0,0.030000000000000006,0.02,0.04,0.12000000000000002,0.030000000000000006,0.0,0.0,0.0,0.01,0.01,0.24000000000000005,0.0,0,0,0.8461538461538461,0.02564102564102564,7,0.0,0,0.49375,0.06875,1.9344,easy,3.876,0,0,0,0,0,0,0,0,0,0,0,0,0,0,0,0,0,0,0,0,0
204,103,3,5d482ea521c9be351f7625f2,2020-05-01 00:41:14.989000+00:00,he could have just told his mother in law he wasnt comfortable translating all of the time,1.0,1,0.166666667,6,he could have just told his mother in law he wasn't comfortable translating all of the time',11,17,90,1,0.31830023881735653,0.5113379826695508,0.01,0.0,0.0,0.0,0.01,0.0,0.0,0.0,0.01,0.0,0.03,0.01,0.0,0.0,0.0,0.0,0.0,0.01,0.0,0.0,0.01,0.0,0.0,0.01,0.0,0.02,0.02,0.0,0.0,0.0,0.049999999999999996,0.0,0.0,0.0,0.0,0.0,0.0,0.0,0.0,0.0,0.01,0.04,0.0,0.01,0.01,0.03,0.04,0.02,0.0,0.0,0.0,0.01,0.0,0.09000000000000001,0.0,0,0,0.9411764705882353,0.0,6,0.0,0,0.8,0.4,0.8432,easy,14.615,0,0,0,0,0,0,0,0,0,0,0,0,0,0,0,0,0,1,0,0,0
205,104,2,5d482ea121c9be351f761c31,2020-04-30 22:54:36.891000+00:00,i personally think the guy is not the asshole since its his choice to speak whatever language he wants,0.8,1,0.2,5,i personally think the guy is not the asshole since it's his choice to speak whatever language he wants.,1,19,102,1,0.4162485321280381,-0.3695690872841269,0.01,0.01,0.0,0.0,0.0,0.0,0.0,0.0,0.0,0.0,0.02,0.01,0.01,0.0,0.0,0.0,0.0,0.0,0.0,0.0,0.0,0.02,0.01,0.03,0.0,0.0,0.0,0.0,0.0,0.0,0.05,0.02,0.0,0.0,0.0,0.01,0.01,0.01,0.0,0.0,0.01,0.03,0.0,0.02,0.0,0.01,0.05,0.02,0.0,0.01,0.0,0.0,0.01,0.09000000000000001,0.0,0,0,0.9473684210526315,0.05263157894736842,0,0.0,0,0.2,0.1,0.9424,easy,0.0,0,0,1,0,1,0,0,0,0,0,0,1,0,0,0,0,0,0,0,0,0
205,104,2,5d482ea421c9be351f76221a,2020-04-30 22:54:51.835000+00:00,i dont think this person is the asshole there isnt a way to keep both his mother and husband comfortable without compromise,0.8,1,0.2,5,i don't think this person is the asshole. there isn't a way to keep both his mother and husband comfortable without compromise.,2,22,123,1,0.7100934120600827,-0.0399534148415272,0.0,0.0,0.0,0.01,0.0,0.02,0.0,0.0,0.01,0.0,0.01,0.03,0.01,0.0,0.0,0.0,0.0,0.02,0.0,0.01,0.01,0.01,0.01,0.049999999999999996,0.0,0.0,0.02,0.0,0.01,0.0,0.04,0.01,0.0,0.0,0.0,0.0,0.01,0.01,0.0,0.0,0.01,0.049999999999999996,0.0,0.02,0.01,0.03,0.049999999999999996,0.02,0.0,0.0,0.0,0.02,0.01,0.09999999999999999,0.0,0,0,1.0,0.045454545454545456,4,0.0008238201029820396,0,0.8,0.4,1.0912,easy,14.944,0,0,1,0,1,0,0,0,0,0,0,1,0,0,0,0,0,1,0,0,0
205,104,2,5d482ea421c9be351f7622dc,2020-04-30 22:54:58.963000+00:00,hello i think this guy should have respected his mother more and spoke english and german taking the time for both people to understand what the conversation especially in his mothers house,0.8,1,0.2,5,"hello, i think this guy should have respected his mother more and spoke english and german, taking the time for both people to understand what the conversation, especially in his mother's house!",3,32,189,1,1.6895763451668984,1.0587654933004718,0.009999999999999998,0.009999999999999998,0.009999999999999998,0.019999999999999997,0.0,0.029999999999999995,0.0,0.0,0.009999999999999998,0.0,0.019999999999999997,0.0,0.0,0.0,0.0,0.0,0.0,0.019999999999999997,0.0,0.019999999999999997,0.0,0.019999999999999997,0.019999999999999997,0.039999999999999994,0.009999999999999998,0.009999999999999998,0.029999999999999995,0.0,0.0,0.0,0.09,0.019999999999999997,0.0,0.0,0.0,0.0,0.0,0.009999999999999998,0.0,0.0,0.0,0.05999999999999999,0.0,0.019999999999999997,0.019999999999999997,0.019999999999999997,0.05999999999999999,0.029999999999999995,0.0,0.009999999999999998,0.0,0.0,0.009999999999999998,0.15999999999999998,0.0,0,0,0.90625,0.03125,8,0.003522430240836802,0,0.375,0.125,2.0806375,easy,7.128,0,0,1,0,1,0,0,0,0,0,1,0,0,0,1,0,0,0,0,0,0
205,104,2,5d0cec862c04075bfb1211a7,2020-04-30 22:55:05.416000+00:00,well my initial impression is that he is an asshole since the mother is hosting them feeding them etc and they cant even include her in their conversations,0.8,1,0.2,5,"well my initial impression is that he is an asshole, since the mother is hosting them, feeding them, etc. and they can't even include her in their conversations",4,28,155,1,1.2977831719241721,0.6192779300436722,0.0,0.0,0.0,0.01,0.0,0.02,0.01,0.0,0.02,0.0,0.02,0.01,0.01,0.0,0.0,0.0,0.0,0.01,0.0,0.01,0.02,0.0,0.0,0.04,0.0,0.0,0.02,0.0,0.0,0.0,0.08,0.01,0.0,0.0,0.0,0.01,0.01,0.01,0.0,0.0,0.0,0.04,0.0,0.02,0.02,0.04,0.030000000000000002,0.02,0.0,0.0,0.0,0.01,0.01,0.15,0.0,0,0,0.8928571428571429,0.03571428571428571,3,0.0008496176720475786,0,0.0,0.0,1.9527285714285716,easy,6.453,0,0,0,0,0,0,0,0,0,0,1,0,0,0,0,0,1,1,0,0,0
205,104,2,5eab48dad5ea945196f9688a,2020-04-30 22:55:19.989000+00:00,basically living for free on mothers dime should be considerate of requests,0.8,1,0.2,5,"basically living for free on mother's dime, should be considerate of requests.",5,12,75,1,-0.17144122773605125,-1.0288004321693263,0.01,0.0,0.0,0.0,0.0,0.0,0.01,0.0,0.01,0.0,0.0,0.0,0.0,0.0,0.01,0.0,0.0,0.01,0.0,0.0,0.02,0.0,0.0,0.0,0.01,0.0,0.01,0.0,0.0,0.0,0.02,0.0,0.0,0.0,0.02,0.0,0.0,0.0,0.0,0.0,0.0,0.02,0.0,0.0,0.0,0.02,0.01,0.03,0.0,0.0,0.0,0.02,0.0,0.05,0.0,0,0,1.0,0.0,0,0.0,0,0.8,0.4,5.547533333333333,medium,14.573,0,0,1,0,0,0,0,0,0,0,0,0,0,0,0,0,0,1,0,0,0
205,104,2,5d0cec862c04075bfb1211a7,2020-04-30 22:55:36.080000+00:00,they are only visiting her for the weekend they dont see each other all of the time and the husband knows how to speak english even if he isnt completely comfortable with it,0.8,1,0.2,5,"they are only visiting her for the weekend, they don't see each other all of the time, and the husband knows how to speak english (even if he isn't completely comfortable with it)",6,33,173,1,1.8854729317882615,1.2785092749288716,0.01,0.01,0.0,0.029999999999999995,0.02,0.029999999999999995,0.0,0.0,0.04,0.0,0.02,0.02,0.0,0.0,0.0,0.01,0.0,0.01,0.0,0.01,0.01,0.01,0.0,0.049999999999999996,0.0,0.0,0.029999999999999995,0.0,0.0,0.0,0.07,0.02,0.0,0.0,0.0,0.01,0.0,0.0,0.0,0.01,0.01,0.049999999999999996,0.0,0.029999999999999995,0.01,0.029999999999999995,0.08,0.04,0.0,0.02,0.0,0.01,0.0,0.19999999999999998,0.0,0,0,0.9090909090909091,0.0,2,0.0,0,0.54375,0.06875,1.6368,easy,16.091,0,0,0,0,0,0,0,0,0,0,0,0,0,0,0,0,0,1,0,0,0
205,104,2,5d482ea121c9be351f761c31,2020-04-30 22:55:52.864000+00:00,i dont think they werent including her in their conversations i feel like the mother was more just like i cant understand german so dont use it,0.8,1,0.2,5,"i don't think they weren't including her in their conversations. i feel like the mother was more just like ""i can't understand german, so don't use it/""",7,27,143,1,1.0039382919921274,0.2896622576010725,0.0,0.0,0.0,0.01,0.0,0.01,0.0,0.0,0.02,0.0,0.01,0.03,0.0,0.0,0.0,0.0,0.0,0.01,0.0,0.01,0.02,0.03,0.0,0.06999999999999999,0.0,0.01,0.01,0.0,0.0,0.0,0.05,0.01,0.0,0.0,0.0,0.01,0.0,0.03,0.01,0.0,0.01,0.08,0.0,0.01,0.02,0.04,0.06,0.01,0.0,0.01,0.0,0.02,0.03,0.13,0.0,0,0,0.8518518518518519,0.1111111111111111,6,0.0,0,0.25,0.25,1.9240148148148148,easy,16.784,0,0,1,0,1,0,0,0,0,0,1,1,0,0,0,0,0,1,0,0,0
205,104,2,5d0cec862c04075bfb1211a7,2020-04-30 22:55:53.592000+00:00,both the poster and his husband should have some more respect for the mother,0.8,1,0.2,5,both the poster and his husband should have some more respect for the mother,8,14,76,1,0.024455358885311848,-0.8090566505409265,0.01,0.0,0.0,0.01,0.0,0.02,0.0,0.0,0.0,0.0,0.01,0.0,0.0,0.0,0.0,0.0,0.0,0.02,0.0,0.03,0.01,0.0,0.0,0.01,0.01,0.0,0.01,0.0,0.0,0.0,0.03,0.0,0.0,0.0,0.0,0.0,0.0,0.0,0.0,0.01,0.0,0.02,0.0,0.02,0.01,0.02,0.04,0.01,0.0,0.0,0.0,0.01,0.0,0.09999999999999999,0.0,0,0,0.9285714285714286,0.0,2,0.002232743536501244,0,0.5,0.5,0.6944,easy,0.728,0,0,1,0,0,0,0,0,0,0,0,0,0,0,0,0,0,1,0,0,0
205,104,2,5d482ea421c9be351f7622dc,2020-04-30 22:55:56.695000+00:00,i agree with brighthorse and even if it wasnt in her house the son should have the courtesy to include his mother in conversations ,0.8,1,0.2,5,"i agree with brighthorse and even if it wasn't in her house, the son should have the courtesy to include his mother in conversations. ",9,24,131,1,0.9059899986814458,0.1797903667868726,0.02,0.0,0.01,0.02,0.0,0.030000000000000002,0.0,0.0,0.01,0.0,0.02,0.01,0.0,0.0,0.0,0.01,0.0,0.02,0.0,0.0,0.02,0.0,0.0,0.01,0.01,0.01,0.02,0.0,0.0,0.0,0.05,0.01,0.0,0.0,0.0,0.0,0.0,0.01,0.0,0.01,0.01,0.030000000000000002,0.0,0.02,0.01,0.030000000000000002,0.05,0.04,0.0,0.01,0.0,0.0,0.01,0.14,0.0,0,0,0.9166666666666666,0.041666666666666664,6,0.0008496176720475786,0,0.0,0.0,1.8483166666666664,easy,3.103,0,0,1,0,0,0,0,0,0,0,0,1,0,0,0,0,0,0,0,0,0
206,105,0,5d482ea721c9be351f762c35,2020-04-30 22:16:37.421000+00:00,so coming from a mexicanamerican household as a first generation american i dont find this person to be the asshole,1.0,2,0.4,5,"so, coming from a mexican-american household as a first generation american, i don't find this person to be the asshole",1,20,115,1,0.5141968254387196,0.3141686351989489,0.0,0.0,0.01,0.02,0.0,0.0,0.0,0.01,0.01,0.0,0.0,0.01,0.01,0.0,0.0,0.0,0.0,0.0,0.0,0.0,0.0,0.01,0.01,0.01,0.0,0.0,0.029999999999999995,0.0,0.0,0.0,0.01,0.01,0.0,0.0,0.0,0.0,0.01,0.01,0.0,0.0,0.0,0.02,0.0,0.029999999999999995,0.01,0.02,0.01,0.029999999999999995,0.0,0.0,0.0,0.02,0.01,0.09999999999999999,0.0,0,0,0.95,0.05,0,0.0,0,0.16666666666666666,0.125,6.2075,difficult,0.0,0,0,0,0,0,0,0,0,0,0,0,1,0,0,0,0,1,0,0,0,0
206,105,0,5d482ea121c9be351f761bee,2020-04-30 22:16:40.920000+00:00,this person is absolutely the asshole how could you talk in that language to your stepmom i actually agree with the idea that she should learn english but there is a way to say it not stepmom mother in law sorry about that,1.0,2,0.4,5,"this person is absolutely the asshole. how could you talk in that language to your stepmom? i actually agree with the idea that she should learn english but there is a way to say it. not stepmom, mother in law* sorry about that",2,43,222,1,2.7670075715843954,3.3612258802008044,0.02,0.01,0.0,0.02,0.01,0.01,0.0,0.0,0.05,0.0,0.01,0.01,0.01,0.0,0.0,0.0,0.0,0.01,0.0,0.0,0.01,0.02,0.01,0.02,0.01,0.0,0.030000000000000006,0.0,0.0,0.0,0.08,0.05,0.0,0.01,0.0,0.01,0.01,0.01,0.0,0.0,0.02,0.04,0.0,0.030000000000000006,0.02,0.04,0.1,0.06000000000000001,0.0,0.01,0.02,0.01,0.01,0.25,0.0,1,0,0.8372093023255814,0.023255813953488372,6,0.0025037856131558314,0,0.5,-0.075,2.1328,easy,3.499,0,0,1,0,0,1,0,0,1,0,1,0,1,0,0,0,0,0,1,1,0
206,105,0,5d482ea721c9be351f762c35,2020-04-30 22:17:03.222000+00:00,english and spanish were my first language and i learned french on my own time so its absolutley doable,1.0,2,0.4,5,english and spanish were my first language and i learned french on my own time so it's absolutley doable,3,19,103,1,0.22035194550667497,-0.08327361414911921,0.0,0.0,0.0,0.030000000000000002,0.0,0.02,0.0,0.01,0.01,0.0,0.0,0.0,0.0,0.0,0.0,0.0,0.0,0.0,0.0,0.01,0.0,0.01,0.0,0.0,0.0,0.01,0.030000000000000002,0.0,0.0,0.0,0.01,0.01,0.0,0.01,0.0,0.0,0.0,0.030000000000000002,0.0,0.0,0.0,0.01,0.0,0.0,0.030000000000000002,0.01,0.030000000000000002,0.01,0.0,0.0,0.0,0.0,0.030000000000000002,0.1,0.0,0,0,0.8947368421052632,0.15789473684210525,0,0.0019893528578297736,0,0.26666666666666666,0.16999999999999998,5.409952631578947,medium,22.302,0,0,0,0,0,0,0,0,0,0,1,0,0,0,0,0,0,0,0,0,0
206,105,0,5d482ea121c9be351f761bf0,2020-04-30 22:17:10.052000+00:00,living here for 8 years is more than enough time to learn the language to some point,1.0,2,0.4,5,living here for 8 years is more than enough time to learn the language to some point,4,17,84,1,0.31830023881735653,0.04920713563357016,0.0,0.0,0.0,0.0,0.0,0.0,0.009999999999999998,0.0,0.009999999999999998,0.0,0.0,0.0,0.0,0.0,0.009999999999999998,0.0,0.0,0.0,0.0,0.03,0.0,0.009999999999999998,0.0,0.009999999999999998,0.0,0.0,0.03,0.0,0.0,0.0,0.009999999999999998,0.0,0.0,0.009999999999999998,0.0,0.0,0.0,0.0,0.0,0.009999999999999998,0.0,0.009999999999999998,0.0,0.009999999999999998,0.0,0.009999999999999998,0.019999999999999997,0.039999999999999994,0.0,0.0,0.0,0.009999999999999998,0.0,0.09,0.0,0,0,0.9411764705882353,0.0,0,0.002565735691468231,0,0.5,0.25,0.8432,easy,6.83,0,0,0,0,0,0,0,0,0,0,0,0,0,0,0,0,0,1,0,0,0
206,105,0,5d482ea121c9be351f761bee,2020-04-30 22:17:13.940000+00:00,i learned spanish on my own as well,1.0,2,0.4,5,i learned spanish on my own as well,5,8,35,1,-0.7591309876001406,-1.4080811119760128,0.0,0.0,0.0,0.009999999999999998,0.0,0.0,0.0,0.0,0.009999999999999998,0.0,0.0,0.0,0.0,0.0,0.0,0.0,0.0,0.0,0.0,0.009999999999999998,0.009999999999999998,0.009999999999999998,0.0,0.0,0.0,0.0,0.009999999999999998,0.0,0.0,0.0,0.0,0.0,0.0,0.009999999999999998,0.0,0.0,0.0,0.019999999999999997,0.0,0.0,0.0,0.0,0.0,0.0,0.009999999999999998,0.0,0.009999999999999998,0.019999999999999997,0.0,0.0,0.0,0.009999999999999998,0.019999999999999997,0.049999999999999996,0.0,0,0,1.0,0.25,0,0.0,0,0.5,0.3,0.3968,easy,3.888,0,0,0,0,0,0,0,0,0,0,1,1,0,0,0,0,0,1,0,0,0
206,105,0,5d482ea121c9be351f761bf0,2020-04-30 22:17:32.389000+00:00,he said he didnt talk that way to her he was polite and offered to help her learn,1.0,2,0.4,5,"he said he didn't talk that way to her, he was polite and offered to help her learn",6,18,81,1,0.4162485321280381,0.18168788541625955,0.0,0.01,0.0,0.01,0.0,0.01,0.0,0.0,0.0,0.0,0.05,0.01,0.0,0.0,0.0,0.0,0.0,0.0,0.0,0.0,0.0,0.01,0.0,0.0,0.0,0.03,0.01,0.0,0.0,0.0,0.09,0.01,0.0,0.01,0.0,0.0,0.0,0.0,0.0,0.0,0.0,0.03,0.0,0.0,0.01,0.02,0.02,0.02,0.0,0.01,0.0,0.01,0.0,0.1,0.0,0,0,0.7777777777777778,0.0,0,0.0,0,0.0,0.0,0.8927999999999999,easy,18.449,0,0,0,0,0,0,0,0,0,0,0,0,0,0,0,0,0,1,0,0,0
206,105,0,5d482ea421c9be351f762202,2020-04-30 22:17:32.868000+00:00,i understand frustration with being asked to translate but there are better ways to convey that feeling,1.0,2,0.4,5,"i understand frustration with being asked to translate, but there are better ways to convey that feeling",7,17,103,1,0.22035194550667497,-0.08327361414911921,0.0,0.0,0.0,0.01,0.0,0.01,0.0,0.01,0.01,0.0,0.0,0.0,0.0,0.0,0.0,0.0,0.0,0.0,0.0,0.0,0.01,0.02,0.0,0.02,0.0,0.01,0.0,0.0,0.0,0.0,0.01,0.01,0.0,0.0,0.0,0.0,0.01,0.01,0.01,0.0,0.01,0.04,0.0,0.0,0.01,0.02,0.04,0.030000000000000002,0.0,0.01,0.0,0.01,0.01,0.09000000000000001,0.0,0,0,0.9411764705882353,0.058823529411764705,3,0.0,0,0.5,0.5,0.8432,easy,0.479,0,0,0,0,0,0,0,0,0,0,0,1,0,0,0,0,0,1,1,0,0
206,105,0,5d482ea721c9be351f762c35,2020-04-30 22:17:32.880000+00:00,shouldnt have to rely on somebody to translate for you 247 for free too lol,1.0,2,0.4,5,shouldn't have to rely on somebody to translate for you 24/7 for free too lol,8,15,75,1,0.1224036521959934,-0.21575436393180858,0.01,0.0,0.0,0.0,0.0,0.0,0.0,0.0,0.01,0.0,0.0,0.01,0.0,0.0,0.0,0.0,0.0,0.0,0.0,0.0,0.01,0.0,0.0,0.01,0.01,0.0,0.01,0.0,0.0,0.0,0.02,0.01,0.0,0.0,0.01,0.0,0.0,0.0,0.0,0.01,0.0,0.02,0.0,0.0,0.0,0.02,0.02,0.05,0.0,0.0,0.01,0.01,0.0,0.08,0.0,1,0,0.8666666666666667,0.0,2,0.002898550724637681,0,0.75,0.6000000000000001,0.744,easy,0.012,0,0,1,0,0,0,0,0,0,0,0,0,1,0,0,0,0,1,0,0,0
206,105,0,5d40909011e92e314fcdae58,2020-04-30 22:17:33.557000+00:00,i think hes definnetly an asshole if he did in fact use that language to his step mom,1.0,2,0.4,5,i think hes definnetly an asshole if he did in fact use that language to his step mom,9,18,85,1,0.31830023881735653,0.04920713563357016,0.01,0.0,0.0,0.01,0.01,0.0,0.0,0.0,0.0,0.0,0.03,0.0,0.01,0.0,0.0,0.0,0.0,0.01,0.0,0.0,0.0,0.01,0.0,0.03,0.0,0.01,0.02,0.0,0.0,0.0,0.049999999999999996,0.01,0.0,0.0,0.0,0.01,0.01,0.01,0.0,0.01,0.01,0.04,0.0,0.01,0.0,0.02,0.04,0.02,0.0,0.0,0.0,0.0,0.01,0.09,0.0,0,0,1.0,0.05555555555555555,1,0.0,0,0.0,0.0,0.8927999999999999,easy,0.677,0,0,1,0,1,1,0,0,0,0,0,1,0,0,0,0,0,0,0,0,0
207,105,3,5d482ea121c9be351f761bee,2020-04-30 23:01:22.058000+00:00,this is a tough one but i do think the woman could be a bit more understanding of her husband,1.0,0,0.0,3,this is a tough one but i do think the woman could be a bit more understanding of her husband.,1,20,93,1,0.5141968254387196,0.01476239238639606,0.010000000000000002,0.0,0.0,0.010000000000000002,0.0,0.0,0.0,0.0,0.0,0.0,0.010000000000000002,0.0,0.0,0.0,0.0,0.0,0.0,0.010000000000000002,0.0,0.020000000000000004,0.0,0.020000000000000004,0.010000000000000002,0.030000000000000002,0.0,0.0,0.0,0.0,0.0,0.0,0.030000000000000002,0.010000000000000002,0.0,0.0,0.0,0.0,0.0,0.010000000000000002,0.0,0.0,0.010000000000000002,0.05,0.0,0.030000000000000002,0.010000000000000002,0.04000000000000001,0.04000000000000001,0.010000000000000002,0.0,0.0,0.0,0.030000000000000002,0.010000000000000002,0.12000000000000001,0.0,0,0,0.95,0.05,0,0.0,0,0.6666666666666667,0.05555555555555555,1.7815,easy,0.0,0,0,1,0,1,0,0,0,0,0,1,0,0,0,0,0,1,1,0,0,0
207,105,3,5d482ea121c9be351f761bf0,2020-04-30 23:01:34.302000+00:00,while i understand the wish to take care of her parents she is actually crippling them by not helping the learn english,1.0,0,0.0,3,"while i understand the wish to take care of her parents, she is actually crippling them by not helping the learn english",2,22,119,1,0.7100934120600827,0.22143588579594164,0.009999999999999998,0.0,0.0,0.009999999999999998,0.0,0.0,0.0,0.0,0.009999999999999998,0.0,0.019999999999999997,0.009999999999999998,0.0,0.0,0.0,0.0,0.0,0.009999999999999998,0.0,0.0,0.019999999999999997,0.019999999999999997,0.0,0.05,0.0,0.0,0.009999999999999998,0.0,0.0,0.0,0.05,0.0,0.0,0.009999999999999998,0.0,0.0,0.0,0.009999999999999998,0.0,0.0,0.009999999999999998,0.05,0.0,0.019999999999999997,0.009999999999999998,0.009999999999999998,0.039999999999999994,0.03,0.0,0.0,0.0,0.009999999999999998,0.009999999999999998,0.12,0.0,0,0,0.9545454545454546,0.045454545454545456,5,0.00015518311607697082,0,0.05,0.0,1.0912,easy,12.244,0,0,0,0,0,1,0,0,0,0,1,0,0,0,0,0,0,1,1,0,0
207,105,3,5d40909011e92e314fcdae58,2020-04-30 23:01:38.822000+00:00,i think the wife is an asshole for expecting her husband to translate for her mother,1.0,0,0.0,3,i think the wife is an asshole for expecting her husband to translate for her mother.,3,16,84,1,0.1224036521959934,-0.39858459443269506,0.009999999999999998,0.0,0.0,0.0,0.0,0.0,0.0,0.0,0.0,0.0,0.019999999999999997,0.0,0.009999999999999998,0.0,0.0,0.0,0.0,0.03,0.0,0.0,0.0,0.009999999999999998,0.0,0.019999999999999997,0.0,0.0,0.0,0.0,0.0,0.0,0.049999999999999996,0.0,0.0,0.0,0.0,0.0,0.009999999999999998,0.009999999999999998,0.0,0.0,0.0,0.019999999999999997,0.0,0.019999999999999997,0.0,0.009999999999999998,0.019999999999999997,0.03,0.0,0.0,0.0,0.0,0.009999999999999998,0.09,0.0,0,0,0.875,0.0625,5,0.00015518311607697082,0,0.0,0.0,0.7936,easy,4.52,0,0,1,0,1,0,0,0,0,0,0,1,0,0,0,0,0,0,0,0,0
207,105,3,5d482ea121c9be351f761bee,2020-04-30 23:01:39.785000+00:00,yes i agree she needs to help her parents learn the language,1.0,0,0.0,3,"yes, i agree. she needs to help her parents learn the language.",4,12,60,1,-0.2693895210467328,-0.8119315812517862,0.01,0.0,0.0,0.0,0.0,0.0,0.0,0.0,0.0,0.0,0.02,0.0,0.0,0.0,0.0,0.0,0.0,0.01,0.0,0.0,0.01,0.01,0.0,0.01,0.0,0.0,0.0,0.0,0.0,0.0,0.049999999999999996,0.0,0.0,0.01,0.0,0.0,0.0,0.01,0.0,0.0,0.0,0.01,0.0,0.01,0.01,0.0,0.02,0.01,0.0,0.0,0.0,0.0,0.01,0.049999999999999996,0.0,0,0,1.0,0.08333333333333333,3,0.00015518311607697082,0,0.0,0.0,0.5952,easy,0.963,0,0,0,0,0,0,0,0,0,0,1,0,0,0,0,0,0,0,0,0,0
207,105,3,5d482ea421c9be351f762202,2020-04-30 23:01:55.657000+00:00,i understand that the family has worked hard to be in america and is tired but so is the husband,1.0,0,0.0,3,"i understand that the family has worked hard to be in america and is tired, but so is the husband!",5,20,96,1,0.5141968254387196,0.01476239238639606,0.0,0.0,0.009999999999999998,0.03,0.0,0.009999999999999998,0.009999999999999998,0.009999999999999998,0.009999999999999998,0.0,0.0,0.0,0.0,0.0,0.009999999999999998,0.0,0.0,0.019999999999999997,0.0,0.0,0.0,0.009999999999999998,0.0,0.039999999999999994,0.0,0.009999999999999998,0.009999999999999998,0.0,0.0,0.0,0.019999999999999997,0.009999999999999998,0.0,0.009999999999999998,0.0,0.0,0.0,0.009999999999999998,0.009999999999999998,0.0,0.009999999999999998,0.06,0.0,0.019999999999999997,0.03,0.039999999999999994,0.03,0.019999999999999997,0.0,0.009999999999999998,0.0,0.009999999999999998,0.009999999999999998,0.12999999999999998,0.0,0,0,0.9,0.05,3,0.00015518311607697082,0,0.6208333333333333,-0.3458333333333333,0.992,easy,15.872,0,0,0,0,0,0,0,0,0,0,0,1,0,0,0,0,0,1,1,0,0
207,105,3,5d40909011e92e314fcdae58,2020-04-30 23:02:00.062000+00:00,true she needs to help her mother learn firstly,1.0,0,0.0,3,true she needs to help her mother learn firstly,6,9,47,1,-0.4652861076680959,-1.0186050746613318,0.009999999999999998,0.0,0.0,0.0,0.009999999999999998,0.0,0.0,0.0,0.0,0.0,0.019999999999999997,0.0,0.0,0.0,0.0,0.0,0.0,0.009999999999999998,0.0,0.0,0.009999999999999998,0.009999999999999998,0.0,0.009999999999999998,0.0,0.0,0.009999999999999998,0.0,0.0,0.0,0.039999999999999994,0.0,0.0,0.009999999999999998,0.0,0.0,0.0,0.0,0.0,0.0,0.0,0.009999999999999998,0.0,0.0,0.0,0.0,0.029999999999999995,0.009999999999999998,0.0,0.0,0.0,0.0,0.0,0.029999999999999995,0.0,0,0,1.0,0.0,1,0.0,0,0.4916666666666667,0.3,0.44639999999999996,easy,4.405,0,0,0,0,0,0,0,0,0,0,0,0,0,0,0,0,0,0,0,0,0
208,106,0,5d43364cce0995585f1a5cbd,2020-04-30 22:13:06.985000+00:00,i think the man needs to consider his mils age it may be more difficult for her to learn a new language if shes older,1.0,1,0.2,5,i think the man needs to consider his mil's age it may be more difficult for her to learn a new language if she's older,1,25,117,1,1.0039382919921274,1.1383549954214502,0.02,0.0,0.0,0.01,0.0,0.0,0.0,0.0,0.0,0.0,0.029999999999999995,0.0,0.0,0.0,0.0,0.0,0.0,0.0,0.01,0.01,0.0,0.029999999999999995,0.01,0.029999999999999995,0.01,0.0,0.029999999999999995,0.0,0.0,0.0,0.049999999999999996,0.01,0.0,0.01,0.0,0.0,0.0,0.01,0.0,0.02,0.01,0.049999999999999996,0.0,0.02,0.0,0.029999999999999995,0.05999999999999999,0.029999999999999995,0.0,0.0,0.0,0.01,0.01,0.11999999999999998,0.0,0,0,0.96,0.04,0,0.0,0,0.571969696969697,0.07575757575757575,1.24,easy,0.0,0,0,1,0,1,0,0,0,0,0,0,1,0,0,0,0,0,0,1,0,0
208,106,0,5d482ea621c9be351f762956,2020-04-30 22:13:35.282000+00:00,learning english is harder than learning spanish,1.0,1,0.2,5,learning english is harder than learning spanish,2,7,48,1,-0.6611826942894591,-0.53956710765641,0.0,0.0,0.0,0.0,0.0,0.0,0.0,0.0,0.0,0.0,0.0,0.0,0.0,0.0,0.0,0.0,0.0,0.0,0.0,0.0,0.0,0.019999999999999997,0.0,0.009999999999999998,0.0,0.0,0.0,0.0,0.0,0.0,0.0,0.0,0.0,0.019999999999999997,0.0,0.0,0.0,0.0,0.009999999999999998,0.0,0.0,0.009999999999999998,0.0,0.0,0.0,0.009999999999999998,0.019999999999999997,0.009999999999999998,0.0,0.009999999999999998,0.0,0.0,0.0,0.019999999999999997,0.0,0,0,0.8571428571428571,0.0,0,0.0,0,0.0,-0.03333333333333333,0.3472,easy,28.297,0,0,0,0,0,0,0,0,0,0,0,0,0,0,0,0,0,0,0,0,0
208,106,0,5d482ea421c9be351f762333,2020-04-30 22:13:41.796000+00:00,he has a point but he is definitely impatient and rude,1.0,1,0.2,5,he has a point. but he is definitely impatient and rude.,3,11,54,1,-0.2693895210467328,-0.14476190693220756,0.0,0.0,0.0,0.02,0.01,0.01,0.0,0.0,0.01,0.01,0.02,0.0,0.0,0.0,0.0,0.0,0.0,0.0,0.02,0.0,0.01,0.0,0.0,0.02,0.0,0.0,0.01,0.0,0.0,0.0,0.02,0.0,0.0,0.0,0.0,0.0,0.01,0.0,0.0,0.0,0.01,0.02,0.0,0.01,0.02,0.02,0.03,0.0,0.0,0.0,0.0,0.01,0.0,0.07,0.0,0,0,0.9090909090909091,0.0,1,0.0,0,0.75,-0.25,0.5456,easy,6.514,0,0,0,0,0,0,0,0,0,0,0,0,0,0,0,0,0,0,1,0,0
208,106,0,5d482ea421c9be351f762296,2020-04-30 22:13:45.263000+00:00,i was furious at the mans tone when i read this line i told her im sick of dealing with her shit because she cant speak english,1.0,1,0.2,5,"i was furious at the man's tone when i read this line ""i told her i'm sick of dealing with her shit because she can't speak english""",4,27,127,1,1.0039382919921274,1.1383549954214502,0.0,0.01,0.0,0.02,0.0,0.01,0.02,0.0,0.01,0.0,0.03,0.01,0.01,0.0,0.01,0.0,0.01,0.0,0.01,0.0,0.0,0.0,0.0,0.01,0.0,0.02,0.02,0.0,0.0,0.0,0.05,0.01,0.0,0.01,0.0,0.01,0.02,0.03,0.0,0.0,0.0,0.03,0.0,0.01,0.01,0.02,0.02,0.03,0.0,0.01,0.0,0.0,0.03,0.14,0.0,0,0,0.8888888888888888,0.1111111111111111,0,0.0,0,0.5523809523809523,-0.3047619047619048,1.3392,easy,3.467,0,0,0,0,0,0,0,0,0,0,1,1,0,0,0,0,0,0,1,0,0
208,106,0,5d482ea221c9be351f761dac,2020-04-30 22:13:53.071000+00:00,i agree completely is there a nice way to really say what he said,1.0,1,0.2,5,i agree completely. is there a nice way to really say what he said?,5,14,65,1,-0.07349293442536971,0.052640693429893644,0.0,0.02,0.0,0.0,0.01,0.0,0.0,0.0,0.030000000000000002,0.0,0.01,0.0,0.0,0.0,0.0,0.0,0.0,0.0,0.0,0.0,0.02,0.0,0.0,0.01,0.0,0.01,0.01,0.0,0.0,0.0,0.030000000000000002,0.01,0.0,0.0,0.0,0.0,0.0,0.01,0.0,0.0,0.01,0.02,0.0,0.01,0.01,0.01,0.02,0.01,0.0,0.02,0.0,0.02,0.01,0.07,0.0,1,0,1.0,0.07142857142857142,0,0.00015518311607697082,0,0.5333333333333333,0.3,0.6944,easy,7.808,0,0,0,0,0,1,0,0,0,0,0,1,0,0,0,0,0,1,0,0,0
208,106,0,5eaa6370d5ea945196f95250,2020-04-30 22:13:55.743000+00:00,i think the man isnt a bad guy considering the fact that he said i want you to be independent and be able to do what you need to do without one of us as a translator in a really polite and respectful tone,1.0,1,0.2,5,"i think the man isn't a bad guy, considering the fact that he said"" i want you to be independent and be able to do what you need to do without one of us as a translator in a really polite and respectful tone""",6,44,204,1,2.7670075715843954,2.9149783986803612,0.02,0.01,0.0,0.03,0.01,0.02,0.0,0.01,0.01,0.0,0.01,0.02,0.0,0.0,0.0,0.0,0.0,0.0,0.0,0.0,0.0,0.02,0.02,0.06,0.0,0.01,0.01,0.0,0.0,0.0,0.07,0.02,0.0,0.0,0.0,0.01,0.0,0.02,0.0,0.0,0.02,0.09000000000000001,0.0,0.05,0.03,0.05,0.1,0.07,0.01,0.01,0.02,0.05,0.02,0.24,0.0,0,0,0.7727272727272727,0.045454545454545456,9,0.002991331379607025,0,0.46333333333333326,0.10000000000000005,2.9001272727272727,easy,2.672,0,0,1,0,1,1,0,0,0,1,1,1,1,0,0,0,0,1,1,0,0
208,106,0,5d482ea421c9be351f762296,2020-04-30 22:14:02.798000+00:00,however he claims to have stated it in a nice way ,1.0,1,0.2,5,however he claims to have stated it in a nice way. ,7,11,50,1,-0.2693895210467328,-0.14476190693220756,0.0,0.0,0.0,0.01,0.0,0.0,0.0,0.0,0.01,0.0,0.01,0.0,0.0,0.0,0.0,0.0,0.0,0.0,0.0,0.0,0.01,0.0,0.0,0.01,0.0,0.0,0.01,0.0,0.0,0.0,0.01,0.01,0.0,0.0,0.0,0.0,0.0,0.0,0.0,0.0,0.0,0.01,0.0,0.01,0.0,0.01,0.0,0.02,0.0,0.0,0.0,0.02,0.0,0.06,0.0,0,0,1.0,0.0,4,0.0,0,1.0,0.6,0.5456,easy,7.055,0,0,1,0,1,0,0,0,0,0,0,0,0,0,0,0,0,1,0,0,0
208,106,0,5d482ea421c9be351f762333,2020-04-30 22:14:14.711000+00:00,he should have considered her ability and possible insecurity,1.0,1,0.2,5,he should have considered her ability and possible insecurity.,8,9,61,1,-0.4652861076680959,-0.3421645072943088,0.01,0.0,0.0,0.01,0.0,0.01,0.0,0.01,0.0,0.01,0.02,0.0,0.0,0.0,0.0,0.0,0.0,0.0,0.01,0.0,0.0,0.01,0.0,0.01,0.01,0.0,0.0,0.0,0.0,0.0,0.02,0.0,0.0,0.0,0.0,0.0,0.0,0.0,0.0,0.01,0.0,0.02,0.0,0.0,0.01,0.02,0.04,0.0,0.0,0.0,0.0,0.0,0.0,0.049999999999999996,0.0,0,0,1.0,0.0,2,0.0,0,1.0,0.0,5.837344444444444,medium,11.913,0,0,1,0,0,0,0,0,0,0,0,0,0,0,0,0,0,0,1,0,0
209,106,3,5d482ea421c9be351f762296,2020-04-30 22:58:03.363000+00:00,i think the woman is asking far too much of her husband to be ready to translate at any time,0.666666667,1,0.333333333,3,i think the woman is asking far too much of her husband to be ready to translate at any time.,1,20,92,1,0.5141968254387196,0.005887652175696636,0.0,0.0,0.0,0.0,0.0,0.0,0.0,0.0,0.01,0.0,0.01,0.0,0.0,0.0,0.0,0.0,0.0,0.01,0.0,0.01,0.01,0.01,0.01,0.02,0.0,0.0,0.03,0.0,0.0,0.0,0.04,0.0,0.0,0.0,0.0,0.0,0.0,0.01,0.0,0.01,0.0,0.03,0.0,0.01,0.0,0.02,0.02,0.04,0.0,0.0,0.0,0.01,0.01,0.11000000000000001,0.0,0,0,0.95,0.05,0,0.0,0,0.5666666666666667,0.16666666666666666,0.992,easy,0.0,0,0,1,0,1,0,0,0,0,0,0,1,0,0,0,0,0,1,0,0,0
209,106,3,5d43364cce0995585f1a5cbd,2020-04-30 22:58:16.014000+00:00,i also agree ,0.666666667,1,0.333333333,3,i also agree. ,2,3,13,1,-1.1509241608428669,-1.6956438266006373,0.0,0.0,0.0,0.01,0.0,0.0,0.0,0.0,0.01,0.0,0.0,0.0,0.0,0.0,0.0,0.0,0.0,0.0,0.0,0.0,0.01,0.0,0.0,0.0,0.0,0.0,0.0,0.0,0.0,0.0,0.0,0.0,0.0,0.0,0.0,0.0,0.0,0.01,0.0,0.0,0.0,0.0,0.0,0.0,0.0,0.0,0.0,0.0,0.0,0.0,0.0,0.0,0.01,0.01,0.0,0,0,1.0,0.3333333333333333,0,0.00015518311607697082,0,0.0,0.0,0.1488,easy,12.651,0,0,0,0,0,0,0,0,0,0,0,1,0,0,0,0,0,0,0,0,0
209,106,3,5d482ea621c9be351f762956,2020-04-30 22:58:23.909000+00:00,it is considerate and respectful to help family and friends when you are asked,0.666666667,1,0.333333333,3,it is considerate and respectful to help family and friends when you are asked.,3,14,78,1,0.024455358885311848,-0.4945627827585192,0.0,0.0,0.01,0.030000000000000002,0.0,0.02,0.0,0.0,0.01,0.0,0.0,0.0,0.0,0.0,0.0,0.0,0.0,0.01,0.0,0.0,0.02,0.0,0.0,0.02,0.0,0.01,0.01,0.0,0.0,0.0,0.049999999999999996,0.01,0.0,0.0,0.0,0.0,0.0,0.0,0.0,0.0,0.0,0.030000000000000002,0.01,0.0,0.02,0.02,0.02,0.01,0.0,0.0,0.01,0.02,0.0,0.08,0.0,0,0,0.9285714285714286,0.0,0,0.0,0,0.7,0.5,5.458757142857143,medium,7.895,0,0,0,0,0,0,0,0,0,0,0,0,1,0,0,0,0,1,0,0,0
209,106,3,5d482ea221c9be351f761dac,2020-04-30 22:58:52.073000+00:00,i mean i dont think its like a 247 thing though ,0.666666667,1,0.333333333,3,"i mean, i don't think it's like a 24/7 thing though. ",4,11,48,1,-0.4652861076680959,-0.995013217692735,0.0,0.0,0.0,0.009999999999999998,0.0,0.0,0.0,0.0,0.009999999999999998,0.0,0.0,0.009999999999999998,0.0,0.0,0.0,0.0,0.0,0.0,0.0,0.0,0.009999999999999998,0.019999999999999997,0.0,0.03,0.0,0.0,0.0,0.0,0.0,0.0,0.0,0.019999999999999997,0.0,0.0,0.0,0.0,0.0,0.019999999999999997,0.0,0.0,0.0,0.03,0.0,0.009999999999999998,0.0,0.009999999999999998,0.019999999999999997,0.0,0.0,0.0,0.0,0.019999999999999997,0.019999999999999997,0.039999999999999994,0.0,0,0,0.9090909090909091,0.18181818181818182,0,0.0,0,0.6875,-0.3125,0.5456,easy,28.164,0,0,1,0,1,0,0,0,0,0,1,1,0,0,0,0,0,1,0,0,0
209,106,3,5d482ea421c9be351f762296,2020-04-30 22:59:00.699000+00:00,i agree brighthippo but this is happening often and throughout the day when the husband is busy what other options does the daughter have to help her parents,0.666666667,1,0.333333333,3,i agree brighthippo but this is happening often and throughout the day when the husband is busy what other options does the daughter have to help her parents?,5,28,157,1,1.2977831719241721,0.806608348070442,0.0,0.0,0.0,0.03,0.0,0.01,0.0,0.0,0.02,0.0,0.01,0.0,0.0,0.0,0.0,0.01,0.0,0.03,0.0,0.0,0.02,0.0,0.0,0.04,0.0,0.0,0.04,0.0,0.0,0.0,0.05,0.03,0.0,0.01,0.0,0.0,0.0,0.01,0.0,0.01,0.01,0.04,0.0,0.03,0.02,0.04,0.03,0.02,0.0,0.01,0.0,0.0,0.01,0.16,0.0,1,0,0.8928571428571429,0.03571428571428571,0,0.00015518311607697082,0,0.3375,-0.012499999999999997,1.3888,easy,8.626,0,0,1,0,0,0,0,0,0,0,0,1,0,0,0,0,0,0,0,0,0
210,107,1,5d482ea621c9be351f76278a,2020-05-01 18:29:31.400000+00:00,so i think my major issue with the guy is that he is thinking of his own concerns and how it annoys him rather than thinking of his mother in law,0.714285714,1,0.142857143,7,"so i think my major issue with the guy is that he is thinking of his own concerns and how it annoys him, rather than thinking of his mother in law",1,31,145,1,1.4936797585455353,1.832973993482259,0.01,0.0,0.0,0.03,0.0,0.02,0.0,0.0,0.03,0.0,0.04,0.0,0.0,0.0,0.0,0.0,0.0,0.01,0.0,0.02,0.0,0.03,0.01,0.03,0.0,0.0,0.01,0.0,0.0,0.0,0.06,0.02,0.0,0.0,0.0,0.01,0.01,0.02,0.0,0.0,0.01,0.03,0.0,0.01,0.02,0.02,0.09,0.049999999999999996,0.0,0.0,0.0,0.0,0.02,0.19999999999999998,0.0,0,0,0.8709677419354839,0.06451612903225806,0,0.0,0,0.75,0.33125,1.5375999999999999,easy,0.0,0,0,1,0,1,0,0,0,0,0,1,0,0,0,0,0,1,0,1,0,0
210,107,1,5d482ea421c9be351f76227f,2020-05-01 18:29:38.111000+00:00,i think this guy is the asshole he was rude to his mother n law ,0.714285714,1,0.142857143,7,i think this guy is the asshole. he was rude to his mother n law. ,2,15,64,1,0.024455358885311848,-0.19567069318177974,0.0,0.0,0.0,0.0,0.0,0.0,0.0,0.0,0.0,0.0,0.02,0.0,0.01,0.0,0.0,0.0,0.0,0.01,0.01,0.0,0.0,0.01,0.01,0.02,0.0,0.01,0.0,0.0,0.0,0.0,0.04,0.01,0.0,0.0,0.0,0.0,0.02,0.01,0.0,0.0,0.0,0.03,0.0,0.01,0.0,0.02,0.02,0.01,0.0,0.0,0.0,0.0,0.01,0.08,0.0,0,0,1.0,0.06666666666666667,4,0.011647506158153343,0,0.6,-0.3,0.744,easy,6.711,0,0,1,0,1,0,0,0,0,0,0,1,0,0,0,0,0,0,1,0,0
210,107,1,5d482ea421c9be351f7621a1,2020-05-01 18:29:38.903000+00:00,at the first the person came across as an asshole the edit at the end cleared it up its hard to gain sympathy when rating,0.714285714,1,0.142857143,7,"at the first, the person came across as an asshole. the edit at the end cleared it up. it's hard to gain sympathy when rating",3,25,121,1,1.101886585302809,1.2920020770385154,0.0,0.0,0.0,0.02,0.0,0.01,0.0,0.02,0.01,0.0,0.0,0.0,0.01,0.0,0.0,0.0,0.0,0.0,0.0,0.0,0.0,0.0,0.01,0.0,0.0,0.01,0.08,0.0,0.0,0.0,0.01,0.02,0.0,0.01,0.0,0.0,0.01,0.0,0.01,0.0,0.0,0.01,0.0,0.05,0.0,0.0,0.01,0.06,0.0,0.01,0.0,0.02,0.0,0.13,0.0,0,0,0.84,0.0,5,0.0003202049311559398,0,0.4375,-0.020833333333333343,1.24,easy,0.792,0,0,0,0,0,0,0,0,0,0,0,0,0,0,0,0,0,1,1,0,0
210,107,1,5d482ea321c9be351f76213d,2020-05-01 18:29:44.513000+00:00,my initial impression is i dont think it was his place to say something like that to his mother inlaw ,0.714285714,1,0.142857143,7,my initial impression is i don't think it was his place to say something like that to his mother in-law. ,4,20,102,1,0.5141968254387196,0.48054420237289985,0.0,0.01,0.0,0.0,0.0,0.0,0.0,0.0,0.0,0.0,0.02,0.01,0.0,0.0,0.0,0.0,0.0,0.01,0.0,0.0,0.02,0.01,0.0,0.03,0.0,0.01,0.02,0.0,0.0,0.0,0.04,0.03,0.0,0.0,0.0,0.0,0.0,0.02,0.0,0.01,0.01,0.04,0.0,0.0,0.0,0.03,0.02,0.02,0.0,0.01,0.0,0.01,0.02,0.1,0.0,0,0,0.9,0.05,3,0.0,0,0.0,0.0,0.992,easy,5.61,0,0,1,0,1,0,0,0,0,0,1,1,0,0,0,0,0,1,0,0,0
210,107,1,5d482eab21c9be351f763fc3,2020-05-01 18:29:54.297000+00:00,i believe this person is being very rude to his mother,0.714285714,1,0.142857143,7,i believe this person is being very rude to his mother',5,11,54,1,-0.36733781435741436,-0.7366426096255234,0.0,0.0,0.0,0.0,0.0,0.0,0.0,0.0,0.01,0.0,0.01,0.0,0.0,0.0,0.0,0.0,0.0,0.01,0.01,0.0,0.0,0.01,0.01,0.02,0.0,0.0,0.0,0.0,0.0,0.0,0.03,0.01,0.0,0.0,0.0,0.0,0.01,0.01,0.0,0.0,0.0,0.03,0.0,0.0,0.0,0.02,0.01,0.01,0.0,0.0,0.0,0.0,0.01,0.07,0.0,0,0,1.0,0.09090909090909091,3,0.0010048007881245495,0,0.78,-0.39,0.5456,easy,9.784,0,0,0,0,0,0,0,0,0,0,0,1,0,0,0,0,0,0,1,0,0
210,107,1,5d482ea521c9be351f7624ec,2020-05-01 18:30:00.823000+00:00,i think hes slightly the asshole the mother should probably not be so reliant on him but i doubt that he nicely told her to learn enlish english,0.714285714,1,0.142857143,7,"i think he's slightly the asshole. the mother should probably not be so reliant on him, but i doubt that he nicely told her to learn enlish. english.",6,28,144,1,1.1998348786134905,1.4272450561494512,0.009999999999999998,0.0,0.0,0.019999999999999997,0.0,0.0,0.0,0.0,0.019999999999999997,0.009999999999999998,0.039999999999999994,0.009999999999999998,0.009999999999999998,0.0,0.0,0.0,0.0,0.009999999999999998,0.009999999999999998,0.0,0.009999999999999998,0.019999999999999997,0.0,0.019999999999999997,0.009999999999999998,0.009999999999999998,0.009999999999999998,0.0,0.0,0.0,0.06,0.009999999999999998,0.0,0.009999999999999998,0.0,0.0,0.009999999999999998,0.019999999999999997,0.0,0.019999999999999997,0.019999999999999997,0.05,0.0,0.019999999999999997,0.019999999999999997,0.03,0.06999999999999999,0.019999999999999997,0.0,0.0,0.0,0.009999999999999998,0.019999999999999997,0.15,0.009999999999999998,0,0,0.9285714285714286,0.07142857142857142,1,0.0011599839042015204,1,0.3888888888888889,0.14444444444444446,1.3888,easy,6.526,0,0,1,0,1,0,0,0,0,0,1,1,0,0,0,0,1,1,1,0,0
210,107,1,5d482ea621c9be351f76278a,2020-05-01 18:30:09.019000+00:00,he was more concerned with how it annoyed him rather than how learning english would help her out,0.714285714,1,0.142857143,7,"he was more concerned with how it annoyed him, rather than how learning english would help her out",7,18,97,1,0.4162485321280381,0.34530122326196394,0.02,0.0,0.0,0.02,0.0,0.02,0.0,0.0,0.03,0.0,0.03,0.0,0.0,0.0,0.0,0.0,0.0,0.0,0.0,0.01,0.0,0.01,0.0,0.0,0.01,0.01,0.01,0.0,0.0,0.0,0.04,0.01,0.0,0.01,0.0,0.02,0.01,0.0,0.0,0.0,0.01,0.02,0.0,0.0,0.0,0.02,0.06999999999999999,0.03,0.0,0.0,0.0,0.0,0.0,0.11,0.0,0,0,0.9444444444444444,0.0,3,0.0006161429451632779,0,0.43333333333333335,0.033333333333333326,0.8927999999999999,easy,8.196,0,0,1,0,0,0,0,0,0,0,0,0,0,0,0,0,0,0,1,0,0
210,107,1,5d482ea321c9be351f76213d,2020-05-01 18:30:13.778000+00:00,i think he should have talked to his spouse about this and see what she would have thought,0.714285714,1,0.142857143,7,i think he should have talked to his spouse about this and see what she would have thought,8,18,90,1,0.31830023881735653,0.21005824415102803,0.02,0.0,0.0,0.01,0.0,0.01,0.0,0.0,0.01,0.0,0.03,0.0,0.0,0.0,0.0,0.01,0.0,0.01,0.0,0.0,0.0,0.02,0.0,0.04,0.02,0.02,0.0,0.0,0.0,0.0,0.049999999999999996,0.02,0.0,0.0,0.0,0.0,0.0,0.01,0.0,0.0,0.0,0.08,0.0,0.0,0.01,0.04,0.049999999999999996,0.02,0.0,0.01,0.0,0.0,0.01,0.12,0.0,0,0,0.9444444444444444,0.05555555555555555,2,0.0,0,0.0,0.0,0.8927999999999999,easy,4.759,0,0,1,0,1,0,0,0,0,0,0,1,0,0,0,0,0,0,0,0,0
210,107,1,5eac601cd5ea945196fa0766,2020-05-01 18:30:25.351000+00:00,i think it was okay to tell her he is frustrated because he is trying to help her ,0.714285714,1,0.142857143,7,i think it was okay to tell her he is frustrated because he is trying to help her ,9,18,82,1,0.31830023881735653,0.21005824415102803,0.0,0.0,0.0,0.01,0.0,0.0,0.0,0.01,0.0,0.0,0.04,0.0,0.0,0.0,0.0,0.0,0.0,0.0,0.0,0.0,0.01,0.01,0.0,0.029999999999999995,0.0,0.01,0.0,0.0,0.0,0.0,0.05999999999999999,0.01,0.0,0.0,0.0,0.01,0.01,0.01,0.0,0.0,0.0,0.04,0.0,0.0,0.01,0.029999999999999995,0.02,0.02,0.0,0.0,0.0,0.0,0.01,0.11999999999999998,0.0,0,0,0.7777777777777778,0.05555555555555555,4,0.0005036151718260998,0,0.35,-0.09999999999999998,0.8927999999999999,easy,11.573,0,0,1,0,1,0,0,0,0,0,0,1,0,0,0,0,0,0,1,0,0
210,107,1,5d482ea421c9be351f76227f,2020-05-01 18:30:25.763000+00:00,i think he could have offered to help her with conversational phrases such as how to ask for things in restaurants ,0.714285714,1,0.142857143,7,"i think he could have offered to help her with conversational phrases, such as how to ask for things in restaurants. ",10,21,115,1,0.6121451187494011,0.6157871814838358,0.01,0.0,0.0,0.02,0.0,0.01,0.01,0.0,0.02,0.0,0.02,0.0,0.0,0.0,0.0,0.0,0.0,0.0,0.0,0.0,0.0,0.01,0.0,0.029999999999999995,0.0,0.0,0.01,0.0,0.0,0.0,0.05999999999999999,0.01,0.0,0.0,0.0,0.01,0.0,0.01,0.0,0.0,0.0,0.04,0.0,0.0,0.0,0.02,0.04,0.05999999999999999,0.0,0.0,0.0,0.0,0.01,0.11999999999999998,0.0,0,0,0.9523809523809523,0.047619047619047616,4,0.001587038790460986,0,0.5,0.0,1.793504761904762,easy,0.412,0,0,1,0,1,0,0,0,0,0,0,1,0,0,0,0,0,0,0,0,0
210,107,1,5d482ea521c9be351f7624ec,2020-05-01 18:30:34.259000+00:00,i think that if he really wanted her to learn english so badly he could actually help her,0.714285714,1,0.142857143,7,"i think that if he really wanted her to learn english so badly, he could actually help her.",11,18,89,1,0.31830023881735653,0.21005824415102803,0.03,0.0,0.0,0.02,0.0,0.0,0.0,0.0,0.03,0.0,0.04,0.0,0.0,0.0,0.0,0.0,0.0,0.0,0.0,0.0,0.0,0.02,0.0,0.01,0.0,0.01,0.0,0.0,0.0,0.0,0.05,0.01,0.0,0.01,0.0,0.0,0.0,0.01,0.0,0.01,0.02,0.03,0.0,0.0,0.03,0.01,0.06,0.01,0.0,0.0,0.0,0.0,0.01,0.09,0.0,0,0,0.8888888888888888,0.05555555555555555,6,0.001587038790460986,0,0.24166666666666667,-0.12499999999999996,0.8927999999999999,easy,8.496,0,0,1,0,1,1,0,0,0,0,0,1,0,0,0,0,0,0,1,0,0
210,107,1,5d482ea421c9be351f7621a1,2020-05-01 18:30:43.884000+00:00,he was rude yes but shes been in country for 8 years come on,0.714285714,1,0.142857143,7,he was rude yes. but she's been in country for 8 years. come on,12,14,60,1,0.024455358885311848,-0.19567069318177974,0.0,0.0,0.0,0.01,0.0,0.01,0.0,0.0,0.0,0.0,0.02,0.0,0.0,0.0,0.0,0.0,0.0,0.0,0.01,0.0,0.0,0.0,0.0,0.02,0.0,0.02,0.049999999999999996,0.0,0.0,0.0,0.02,0.0,0.0,0.0,0.0,0.0,0.01,0.0,0.0,0.0,0.01,0.04,0.0,0.0,0.02,0.03,0.02,0.03,0.0,0.0,0.0,0.0,0.0,0.06999999999999999,0.0,0,0,1.0,0.0,1,0.0,0,0.6,-0.3,0.6944,easy,9.625,0,0,0,0,0,0,0,0,0,0,0,0,0,0,0,0,1,0,1,0,0
211,107,3,5d482ea421c9be351f76227f,2020-05-01 18:58:58.182000+00:00,this one was tough because i think they are both being assholes ,0.5,0,0.0,6,this one was tough because i think they are both being assholes. ,1,12,64,1,-0.2693895210467328,-0.36582700127535395,0.0,0.0,0.0,0.01,0.0,0.01,0.0,0.0,0.0,0.0,0.0,0.0,0.01,0.0,0.0,0.0,0.0,0.0,0.0,0.01,0.0,0.01,0.0,0.02,0.0,0.01,0.01,0.0,0.0,0.0,0.01,0.01,0.0,0.0,0.0,0.01,0.01,0.01,0.0,0.0,0.0,0.04,0.0,0.0,0.01,0.03,0.03,0.0,0.0,0.0,0.0,0.01,0.01,0.08,0.0,0,0,1.0,0.08333333333333333,0,0.0,0,0.8333333333333334,-0.3888888888888889,0.5952,easy,0.0,0,0,1,0,1,0,0,0,0,0,1,0,0,0,0,0,0,1,0,0,0
211,107,3,5d482ea621c9be351f76278a,2020-05-01 18:59:00.799000+00:00,so my first thought are that she is not the asshole,0.5,0,0.0,6,so my first thought are that she is not the asshole,2,11,51,1,-0.36733781435741436,-0.4815950396536305,0.0,0.0,0.0,0.01,0.0,0.0,0.0,0.01,0.01,0.0,0.01,0.01,0.01,0.0,0.0,0.0,0.0,0.0,0.0,0.0,0.0,0.01,0.0,0.02,0.0,0.01,0.01,0.0,0.0,0.0,0.01,0.01,0.0,0.0,0.0,0.0,0.01,0.01,0.0,0.0,0.01,0.03,0.0,0.01,0.01,0.02,0.02,0.0,0.0,0.0,0.0,0.0,0.01,0.08,0.0,0,0,1.0,0.09090909090909091,1,0.0,0,0.3333333333333333,0.25,0.5456,easy,2.617,0,0,1,0,0,0,0,0,0,0,1,0,0,0,0,0,1,0,0,0,0
211,107,3,5d482ea321c9be351f76213d,2020-05-01 18:59:05.680000+00:00,i dont think she was the asshole but i do think she should have asked if her husband was okay with helping,0.5,0,0.0,6,i dont think she was the asshole but i do think she should have asked if her husband was okay with helping,3,22,106,1,0.6121451187494011,0.676085344129135,0.02,0.0,0.0,0.02,0.0,0.01,0.0,0.0,0.0,0.0,0.030000000000000002,0.01,0.01,0.0,0.0,0.0,0.0,0.01,0.0,0.0,0.02,0.02,0.0,0.05,0.01,0.030000000000000002,0.0,0.0,0.0,0.0,0.060000000000000005,0.0,0.0,0.0,0.0,0.0,0.01,0.02,0.0,0.01,0.02,0.09,0.0,0.01,0.01,0.060000000000000005,0.060000000000000005,0.01,0.0,0.0,0.0,0.01,0.02,0.14,0.0,0,0,0.8181818181818182,0.09090909090909091,3,0.0003202049311559398,0,0.5,0.5,1.0912,easy,4.881,0,0,1,0,1,0,0,0,0,0,1,1,0,0,0,0,0,1,0,0,0
211,107,3,5d482ea421c9be351f7621a1,2020-05-01 18:59:37.866000+00:00,she cant take time for her mom because shes in school how often is she calling,0.5,0,0.0,6,she cant take time for her mom because she's in school? how often is she calling?,4,16,78,1,0.22035194550667497,0.21301319061602883,0.0,0.0,0.0,0.02,0.0,0.0,0.0,0.0,0.02,0.0,0.04,0.01,0.0,0.0,0.0,0.0,0.0,0.01,0.0,0.0,0.0,0.0,0.0,0.04,0.0,0.0,0.02,0.0,0.0,0.0,0.060000000000000005,0.0,0.0,0.01,0.0,0.02,0.0,0.0,0.0,0.01,0.0,0.04,0.0,0.0,0.01,0.030000000000000002,0.030000000000000002,0.02,0.0,0.0,0.0,0.0,0.0,0.08,0.0,2,0,0.9375,0.0,3,0.0,0,0.0,0.0,0.7936,easy,32.186,0,0,1,0,0,0,0,0,0,0,0,0,0,0,0,0,0,0,0,0,0
211,107,3,5d482ea621c9be351f76278a,2020-05-01 18:59:39.381000+00:00,yeah i feel like they should both be helping even if she is busy it is her mom yet he needs to be moe supportive,0.5,0,0.0,6,"yeah i feel like they should both be helping, even if she is busy, it is her mom. yet, he needs to be moe supportive.",5,25,112,1,1.0039382919921274,1.1391574976422412,0.030000000000000002,0.0,0.0,0.01,0.0,0.01,0.0,0.0,0.02,0.0,0.030000000000000002,0.0,0.0,0.0,0.0,0.0,0.0,0.01,0.0,0.01,0.030000000000000002,0.01,0.0,0.04,0.01,0.0,0.030000000000000002,0.0,0.0,0.0,0.060000000000000005,0.01,0.0,0.01,0.0,0.0,0.0,0.01,0.01,0.01,0.01,0.07,0.0,0.0,0.0,0.05,0.05,0.01,0.0,0.01,0.0,0.030000000000000002,0.01,0.14,0.0,0,0,0.92,0.04,4,0.0014388489208633094,0,0.65,0.3,1.24,easy,1.515,0,0,1,0,1,0,0,0,0,0,1,0,0,0,0,0,0,1,0,0,0
211,107,3,5d482ea521c9be351f7624ec,2020-05-01 18:59:41.304000+00:00,i think she is the asshole but only because she is expecting her husband to help translate when she didnt ask or communicate with him about it ,0.5,0,0.0,6,i think she is the asshole but only because she is expecting her husband to help translate when she didn't ask or communicate with him about it. ,6,27,143,1,1.1998348786134905,1.3706935743987942,0.01,0.0,0.0,0.04,0.0,0.01,0.0,0.0,0.03,0.0,0.05,0.01,0.01,0.0,0.0,0.0,0.0,0.01,0.0,0.0,0.0,0.01,0.0,0.04,0.0,0.01,0.01,0.0,0.0,0.0,0.09000000000000001,0.01,0.0,0.0,0.0,0.01,0.01,0.01,0.0,0.01,0.02,0.05,0.0,0.01,0.02,0.03,0.06,0.03,0.0,0.0,0.0,0.0,0.01,0.18000000000000002,0.0,0,0,0.8888888888888888,0.037037037037037035,8,0.00015518311607697082,0,1.0,0.0,1.9240148148148148,easy,1.923,0,0,1,0,1,0,0,0,0,0,0,1,0,0,0,0,0,0,0,0,0
211,107,3,5d482ea421c9be351f7621a1,2020-05-01 18:59:48.312000+00:00,lack of context is hard ehre,0.5,0,0.0,6,lack of context is hard ehre,7,6,28,1,-0.7591309876001406,-0.9446671931667366,0.01,0.0,0.0,0.0,0.0,0.0,0.0,0.0,0.0,0.0,0.0,0.0,0.0,0.0,0.0,0.0,0.0,0.0,0.0,0.01,0.0,0.0,0.0,0.01,0.0,0.0,0.0,0.0,0.0,0.0,0.0,0.0,0.0,0.0,0.0,0.0,0.0,0.0,0.01,0.0,0.0,0.01,0.0,0.0,0.0,0.01,0.01,0.01,0.0,0.01,0.0,0.0,0.0,0.02,0.0,0,0,1.0,0.0,1,0.0,0,0.5416666666666666,-0.2916666666666667,0.2976,easy,7.008,0,0,0,0,0,0,0,0,0,0,0,0,0,0,0,0,0,0,1,0,0
211,107,3,5eac601cd5ea945196fa0766,2020-05-01 18:59:57.014000+00:00,i think he should try to help her but also assist her in learning the language herself,0.5,0,0.0,6,i think he should try to help her but also assist her in learning the language herself.,8,17,86,1,0.22035194550667497,0.21301319061602883,0.01,0.0,0.0,0.02,0.0,0.0,0.0,0.01,0.01,0.0,0.04,0.0,0.0,0.0,0.0,0.0,0.0,0.0,0.0,0.0,0.0,0.02,0.0,0.02,0.01,0.0,0.01,0.0,0.0,0.0,0.06,0.0,0.0,0.01,0.0,0.0,0.0,0.01,0.0,0.0,0.01,0.03,0.0,0.01,0.01,0.01,0.04,0.02,0.0,0.0,0.0,0.0,0.01,0.09999999999999999,0.0,0,0,0.9411764705882353,0.058823529411764705,0,0.0,0,0.0,0.0,0.8432,easy,8.702,0,0,1,0,1,0,0,0,0,0,0,1,0,0,0,0,0,0,0,0,0
211,107,3,5d482ea421c9be351f76227f,2020-05-01 19:00:08.236000+00:00,i know that graduate school is very demanding but i did have 10 free minutes while working on my masters so i dont understand why they couldnt take the call themselves ,0.5,0,0.0,6,"i know that graduate school is very demanding, but i did have 10 free minutes while working on my masters, so i don't understand why they couldn't take the call themselves. ",9,31,168,1,1.2977831719241721,1.486461612777071,0.009999999999999998,0.0,0.0,0.03,0.0,0.0,0.0,0.019999999999999997,0.019999999999999997,0.0,0.0,0.019999999999999997,0.0,0.0,0.0,0.0,0.0,0.0,0.0,0.0,0.009999999999999998,0.019999999999999997,0.0,0.06,0.0,0.009999999999999998,0.03,0.0,0.0,0.0,0.03,0.009999999999999998,0.0,0.039999999999999994,0.009999999999999998,0.009999999999999998,0.0,0.039999999999999994,0.0,0.0,0.009999999999999998,0.07999999999999999,0.0,0.009999999999999998,0.019999999999999997,0.049999999999999996,0.049999999999999996,0.009999999999999998,0.0,0.0,0.0,0.019999999999999997,0.039999999999999994,0.16999999999999998,0.0,0,0,0.9354838709677419,0.12903225806451613,2,0.0004655493482309125,0,0.55,0.30000000000000004,1.5375999999999999,easy,11.222,0,0,0,0,0,0,0,0,0,0,1,1,0,0,0,0,1,1,0,0,0
211,107,3,5d482ea421c9be351f7621a1,2020-05-01 19:00:17.434000+00:00,her mom does need to learn the language,0.5,0,0.0,6,her mom does need to learn the language,10,8,39,1,-0.5632344009787775,-0.7131311164101836,0.01,0.0,0.0,0.0,0.0,0.0,0.0,0.0,0.0,0.0,0.01,0.0,0.0,0.0,0.0,0.0,0.0,0.01,0.0,0.0,0.0,0.01,0.0,0.02,0.0,0.0,0.0,0.0,0.0,0.0,0.030000000000000002,0.0,0.0,0.01,0.0,0.0,0.0,0.0,0.0,0.0,0.0,0.02,0.0,0.01,0.0,0.01,0.02,0.01,0.0,0.0,0.0,0.0,0.0,0.04,0.0,0,0,1.0,0.0,1,0.0,0,0.0,0.0,0.3968,easy,9.198,0,0,0,0,0,0,0,0,0,0,0,0,0,0,0,0,0,0,0,0,0
211,107,3,5d482eab21c9be351f763fc3,2020-05-01 19:00:19.747000+00:00,this is  a hard one but the husband could have been more patient and help heis in laws,0.5,0,0.0,6,"this is  a hard one, but the husband could have been more patient and help heis in laws",11,18,86,1,0.4162485321280381,0.44454926737258194,0.01,0.0,0.0,0.02,0.0,0.01,0.0,0.0,0.0,0.0,0.0,0.0,0.0,0.0,0.0,0.0,0.0,0.01,0.0,0.01,0.0,0.0,0.0,0.02,0.0,0.01,0.01,0.0,0.0,0.0,0.02,0.01,0.0,0.0,0.0,0.0,0.0,0.0,0.01,0.0,0.01,0.04,0.0,0.02,0.02,0.04,0.03,0.01,0.0,0.01,0.0,0.02,0.0,0.09999999999999999,0.0,0,0,1.0,0.0,1,0.0,0,0.5208333333333333,0.10416666666666666,0.8927999999999999,easy,2.313,0,0,0,0,0,0,0,0,0,0,0,0,0,0,0,0,0,1,1,0,0
211,107,3,5d482ea321c9be351f76213d,2020-05-01 19:00:30.696000+00:00,i dont think she was deliberately trying to be rude just came off that way graduate school is a lot of work but i still have time to help my family,0.5,0,0.0,6,"i don't think she was deliberately trying to be rude, just came off that way. graduate school is a lot of work but i still have time to help my family",12,31,147,1,1.3957314652348536,1.6022296511553475,0.0,0.0,0.01,0.01,0.0,0.01,0.0,0.02,0.02,0.0,0.01,0.01,0.0,0.0,0.0,0.0,0.0,0.01,0.01,0.01,0.0,0.01,0.0,0.04,0.0,0.02,0.05,0.0,0.0,0.0,0.029999999999999995,0.01,0.0,0.029999999999999995,0.0,0.0,0.01,0.029999999999999995,0.0,0.01,0.02,0.06999999999999999,0.0,0.01,0.02,0.05,0.05,0.04,0.0,0.0,0.0,0.02,0.029999999999999995,0.16,0.0,0,0,0.9354838709677419,0.0967741935483871,4,0.0010834236186348862,0,0.6,-0.3,2.046954838709677,easy,10.949,0,0,1,0,1,0,0,0,0,0,1,1,0,0,0,0,1,1,1,0,0
211,107,3,5d482ea421c9be351f7621a1,2020-05-01 19:00:34.784000+00:00,this one sounds like the wife of the first one btw,0.5,0,0.0,6,this one sounds like the wife of the first one btw,13,11,50,1,-0.2693895210467328,-0.36582700127535395,0.0,0.01,0.0,0.0,0.0,0.0,0.0,0.01,0.0,0.0,0.0,0.0,0.0,0.0,0.0,0.0,0.0,0.01,0.0,0.0,0.01,0.0,0.0,0.0,0.0,0.0,0.01,0.0,0.0,0.0,0.01,0.01,0.0,0.0,0.0,0.0,0.0,0.0,0.0,0.0,0.0,0.0,0.0,0.02,0.0,0.0,0.0,0.01,0.0,0.01,0.0,0.01,0.0,0.04,0.0,0,0,0.8181818181818182,0.0,1,0.0,0,0.3333333333333333,0.25,0.5456,easy,4.088,0,0,0,0,0,0,0,0,0,0,0,0,0,0,0,0,0,1,0,0,0
212,108,0,5d482ea221c9be351f761f2e,2020-05-01 18:21:13.020000+00:00,hi,1.0,3,0.6,5,hi,1,1,2,1,-1.2488724541535483,-0.9217912853205803,0.0,0.0,0.0,0.0,0.0,0.0,0.0,0.0,0.0,0.0,0.0,0.0,0.0,0.0,0.0,0.0,0.0,0.0,0.0,0.0,0.0,0.0,0.0,0.0,0.0,0.0,0.0,0.0,0.0,0.0,0.01,0.0,0.0,0.0,0.0,0.0,0.0,0.0,0.0,0.0,0.0,0.0,0.0,0.0,0.0,0.0,0.0,0.0,0.0,0.0,0.0,0.0,0.0,0.0,0.0,0,0,1.0,0.0,0,0.0,0,0.0,0.0,0.0496,easy,0.0,0,0,0,0,0,0,0,0,0,0,0,0,0,0,1,0,0,0,0,0,0
212,108,0,5d482ea221c9be351f761de7,2020-05-01 18:21:15.852000+00:00,hello,1.0,3,0.6,5,hello,2,1,5,1,-1.2488724541535483,-0.9217912853205803,0.0,0.0,0.0,0.0,0.0,0.0,0.0,0.0,0.0,0.0,0.0,0.0,0.0,0.0,0.0,0.0,0.0,0.0,0.0,0.0,0.0,0.0,0.0,0.0,0.0,0.0,0.0,0.0,0.0,0.0,0.010000000000000002,0.0,0.0,0.0,0.0,0.0,0.0,0.0,0.0,0.0,0.0,0.0,0.0,0.0,0.0,0.0,0.0,0.0,0.0,0.0,0.0,0.0,0.0,0.0,0.0,0,0,1.0,0.0,0,0.0,0,0.0,0.0,0.0496,easy,2.832,0,0,0,0,0,0,0,0,0,0,0,0,0,0,1,0,0,0,0,0,0
212,108,0,5d482ea221c9be351f761e09,2020-05-01 18:21:16.235000+00:00,hello,1.0,3,0.6,5,hello,3,1,5,1,-1.2488724541535483,-0.9217912853205803,0.0,0.0,0.0,0.0,0.0,0.0,0.0,0.0,0.0,0.0,0.0,0.0,0.0,0.0,0.0,0.0,0.0,0.0,0.0,0.0,0.0,0.0,0.0,0.0,0.0,0.0,0.0,0.0,0.0,0.0,0.010000000000000002,0.0,0.0,0.0,0.0,0.0,0.0,0.0,0.0,0.0,0.0,0.0,0.0,0.0,0.0,0.0,0.0,0.0,0.0,0.0,0.0,0.0,0.0,0.0,0.0,0,0,1.0,0.0,0,0.0070921985815602835,0,0.0,0.0,0.0496,easy,0.383,0,0,0,0,0,0,0,0,0,0,0,0,0,0,1,0,0,0,0,0,0
212,108,0,5d482ea421c9be351f7622df,2020-05-01 18:21:23.992000+00:00,hey,1.0,3,0.6,5,hey,4,1,3,1,-1.2488724541535483,-0.9217912853205803,0.0,0.0,0.0,0.0,0.0,0.0,0.0,0.0,0.0,0.0,0.0,0.0,0.0,0.0,0.0,0.0,0.0,0.0,0.0,0.0,0.0,0.0,0.0,0.0,0.0,0.0,0.0,0.0,0.0,0.0,0.009999999999999998,0.0,0.0,0.0,0.0,0.0,0.0,0.0,0.0,0.0,0.0,0.0,0.0,0.0,0.0,0.0,0.0,0.0,0.0,0.0,0.0,0.0,0.0,0.0,0.0,0,0,1.0,0.0,0,0.0,0,0.0,0.0,0.0496,easy,7.757,0,0,0,0,0,0,0,0,0,0,0,0,0,0,1,0,0,0,0,0,0
212,108,0,5d482ea221c9be351f761f32,2020-05-01 18:21:25.320000+00:00,i dont think the person was an asshole necessarily maybe not fully considerate,1.0,3,0.6,5,"i dont think the person was an asshole necessarily, maybe not fully considerate",5,13,78,1,-0.17144122773605125,0.08805729758143759,0.0,0.0,0.0,0.0,0.01,0.0,0.0,0.0,0.01,0.0,0.0,0.02,0.01,0.0,0.0,0.0,0.0,0.0,0.0,0.01,0.01,0.01,0.01,0.02,0.0,0.01,0.01,0.0,0.0,0.0,0.01,0.0,0.0,0.0,0.0,0.0,0.01,0.01,0.0,0.01,0.01,0.030000000000000002,0.0,0.02,0.0,0.02,0.04,0.0,0.0,0.0,0.0,0.01,0.01,0.049999999999999996,0.01,0,0,1.0,0.07692307692307693,0,0.0,1,1.0,0.0,6.710530769230769,difficult,1.328,0,0,1,0,1,0,0,0,0,0,0,1,0,0,0,0,0,1,0,0,0
212,108,0,5d482ea221c9be351f761e09,2020-05-01 18:21:51.129000+00:00,i think it really depends on how often it is which we dont know but if it really is only every once in awhile then i dont think they are the asshole either,1.0,3,0.6,5,"i think it really depends on how often it is, which we don't know, but if it really is only every once in awhile, then i don't think they are the asshole either",6,33,155,1,1.5916280518562167,1.7405367968756489,0.01,0.0,0.0,0.04,0.01,0.01,0.0,0.0,0.05,0.0,0.0,0.02,0.01,0.0,0.0,0.0,0.0,0.0,0.0,0.02,0.0,0.030000000000000002,0.0,0.09000000000000001,0.0,0.0,0.05,0.0,0.0,0.0,0.02,0.04,0.0,0.0,0.0,0.02,0.01,0.02,0.0,0.030000000000000002,0.05,0.09000000000000001,0.0,0.01,0.030000000000000002,0.05,0.13,0.02,0.01,0.0,0.0,0.0,0.030000000000000002,0.2,0.0,0,0,0.7878787878787878,0.09090909090909091,3,0.0013274352748081394,0,0.6,0.1,1.6368,easy,25.809,0,0,1,0,1,1,0,0,0,1,1,1,0,0,0,0,0,0,0,0,0
212,108,0,5d482ea221c9be351f761de7,2020-05-01 18:21:58.897000+00:00,i think the poster is an asshole while the husband married into the family its still her parents so its more of her obligation,1.0,3,0.6,5,"i think the poster is an asshole. while the husband married into the family, it's still her parents, so it's more of her obligation.",7,24,126,1,0.9059899986814458,1.0979058804834554,0.0,0.0,0.01,0.02,0.0,0.01,0.0,0.0,0.02,0.0,0.02,0.0,0.01,0.0,0.0,0.0,0.0,0.04,0.0,0.01,0.0,0.01,0.0,0.02,0.0,0.0,0.03,0.0,0.0,0.0,0.06,0.02,0.0,0.0,0.0,0.0,0.01,0.01,0.0,0.0,0.0,0.02,0.0,0.04,0.01,0.01,0.02,0.02,0.0,0.0,0.0,0.0,0.01,0.15,0.0,0,0,0.8333333333333334,0.041666666666666664,4,0.0008238201029820396,0,0.375,0.375,1.8483166666666664,easy,7.768,0,0,1,0,1,0,0,0,0,0,0,1,0,0,0,0,0,0,0,0,0
212,108,0,5d482ea621c9be351f7629de,2020-05-01 18:22:27.158000+00:00,i believe person is not the asshole and should actually speak to spouse and explain will help parents when is thru with the masters degree,1.0,3,0.6,5,i believe person is not the asshole and should actually speak to spouse and explain will help parents when is thru with the master's degree,8,25,138,1,1.0039382919921274,1.1897102971109117,0.01,0.01,0.0,0.029999999999999995,0.0,0.029999999999999995,0.0,0.01,0.02,0.0,0.0,0.01,0.01,0.0,0.0,0.0,0.0,0.02,0.0,0.0,0.0,0.02,0.01,0.04,0.02,0.0,0.01,0.0,0.0,0.0,0.05999999999999999,0.0,0.0,0.01,0.0,0.0,0.01,0.01,0.0,0.0,0.01,0.05999999999999999,0.0,0.02,0.029999999999999995,0.04,0.06999999999999999,0.029999999999999995,0.0,0.01,0.0,0.01,0.01,0.13,0.0,0,0,0.88,0.04,4,0.0035149017250444606,0,0.1,0.0,1.24,easy,28.261,0,0,1,0,0,1,0,0,0,0,0,1,0,0,0,0,0,1,0,0,0
212,108,0,5d482ea221c9be351f761f32,2020-05-01 18:22:35.375000+00:00,if she is asking him every single time then thats unfair to him but if its every once in a while she asks i dont think its that bad since it makes him uncomfortable and he has told her that i think its only fair to not ask him anymore,1.0,3,0.6,5,"if she is asking him every single time, then thats unfair to him, but if its every once in a while she asks i dont think its that bad. since it makes him uncomfortable, and he has told her that, i think its only fair to not ask him anymore",9,50,234,1,3.354697331448485,3.39301629616986,0.02,0.0,0.0,0.05999999999999999,0.02,0.01,0.0,0.0,0.01,0.01,0.08,0.02,0.0,0.0,0.0,0.0,0.0,0.0,0.0,0.029999999999999995,0.0,0.02,0.0,0.09,0.0,0.01,0.05999999999999999,0.0,0.0,0.0,0.11999999999999998,0.06999999999999999,0.0,0.0,0.0,0.02,0.0,0.02,0.0,0.02,0.04,0.09999999999999999,0.0,0.01,0.02,0.04,0.10999999999999999,0.04,0.0,0.0,0.0,0.02,0.02,0.31,0.0,0,0,0.76,0.04,5,0.00031036623215394165,0,0.7968253968253968,-0.17857142857142858,2.7958,easy,8.217,0,0,1,0,1,0,0,0,0,0,1,0,0,0,0,0,0,1,1,0,0
212,108,0,5d482ea421c9be351f7622df,2020-05-01 18:22:38.970000+00:00,i think the poster is an asshole its translation things that she would be able to quickly help with versus her husband,1.0,3,0.6,5,i think the poster is an asshole. its translation things that she would be able to quickly help with versus her husband,10,22,118,1,0.7100934120600827,0.9142970472285431,0.01,0.0,0.0,0.0,0.0,0.01,0.0,0.01,0.01,0.0,0.02,0.0,0.01,0.0,0.0,0.0,0.0,0.01,0.0,0.0,0.0,0.01,0.0,0.02,0.01,0.0,0.01,0.0,0.0,0.0,0.04,0.03,0.0,0.0,0.0,0.0,0.01,0.01,0.0,0.0,0.01,0.04,0.0,0.02,0.0,0.03,0.04,0.02,0.0,0.0,0.0,0.0,0.01,0.11,0.0,0,0,1.0,0.045454545454545456,6,0.0005036151718260998,0,0.5625,0.41666666666666663,1.0912,easy,3.595,0,0,1,0,1,0,0,0,0,0,0,1,0,0,0,0,0,0,0,0,0
212,108,0,5d482ea221c9be351f761e09,2020-05-01 18:22:42.584000+00:00,i was thinking of like  i would expect my husband to be willing to lift  carry  mow the lawn for my mom every once in awhile but those are things he is better at  i cant do whereas on this one she can do it,1.0,3,0.6,5,"i was thinking of like ... i would expect my husband to be willing to lift / carry / mow the lawn for my mom every once in awhile but those are things he is better at / i can't do whereas on this one, she can do it",11,45,206,1,2.5711109849630325,2.6585809631502104,0.02,0.0,0.01,0.02,0.01,0.0,0.0,0.01,0.0,0.0,0.02,0.01,0.0,0.0,0.0,0.0,0.0,0.02,0.0,0.01,0.02,0.01,0.0,0.06999999999999999,0.01,0.01,0.05,0.0,0.0,0.0,0.05,0.04,0.0,0.0,0.0,0.0,0.0,0.05,0.0,0.0,0.01,0.1,0.0,0.01,0.01,0.09000000000000001,0.05,0.06999999999999999,0.0,0.0,0.0,0.030000000000000002,0.05,0.27,0.0,0,0,0.8888888888888888,0.1111111111111111,7,0.007904760782049772,0,0.625,0.375,2.2319999999999998,easy,3.614,0,0,1,0,1,0,0,0,0,0,1,1,0,0,0,0,0,1,0,0,0
212,108,0,5d482ea421c9be351f7622df,2020-05-01 18:22:58.986000+00:00,yes,1.0,3,0.6,5,yes,12,1,3,1,-1.2488724541535483,-0.9217912853205803,0.0,0.0,0.0,0.0,0.0,0.0,0.0,0.0,0.0,0.0,0.0,0.0,0.0,0.0,0.0,0.0,0.0,0.0,0.0,0.0,0.0,0.0,0.0,0.0,0.0,0.0,0.0,0.0,0.0,0.0,0.0,0.0,0.0,0.0,0.0,0.0,0.0,0.0,0.0,0.0,0.0,0.0,0.0,0.0,0.009999999999999998,0.0,0.0,0.0,0.0,0.0,0.0,0.0,0.0,0.0,0.0,0,0,1.0,0.0,0,0.0,0,0.0,0.0,0.0496,easy,16.402,0,0,0,0,0,0,0,0,0,0,0,0,0,0,0,0,0,0,0,0,0
212,108,0,5d482ea221c9be351f761e09,2020-05-01 18:23:03.925000+00:00,she cant possibly be that busy so maybe she is the asshole,1.0,3,0.6,5,"she can't possibly be that busy, so maybe she is the asshole",13,12,58,1,-0.17144122773605125,0.08805729758143759,0.0,0.0,0.0,0.009999999999999998,0.0,0.0,0.0,0.0,0.019999999999999997,0.0,0.019999999999999997,0.009999999999999998,0.009999999999999998,0.0,0.0,0.0,0.0,0.0,0.0,0.0,0.0,0.0,0.0,0.019999999999999997,0.0,0.0,0.009999999999999998,0.0,0.0,0.0,0.019999999999999997,0.009999999999999998,0.0,0.009999999999999998,0.0,0.0,0.009999999999999998,0.0,0.0,0.019999999999999997,0.0,0.03,0.0,0.009999999999999998,0.009999999999999998,0.03,0.019999999999999997,0.0,0.0,0.0,0.0,0.0,0.0,0.06999999999999999,0.019999999999999997,0,0,0.9166666666666666,0.0,0,0.0,1,0.65,0.05,0.5952,easy,4.939,0,0,1,0,0,0,0,0,0,0,0,0,0,0,0,0,1,0,0,0,0
213,108,1,5d482ea221c9be351f761f32,2020-05-01 18:36:31.544000+00:00,not the asshole its not rude to ask someone to learn the language when they count on you for everything if he approached it nicely then i think its okay and hes not the asshole,0.75,0,0.0,4,"not the asshole, its not rude to ask someone to learn the language when they count on you for everything. if he approached it nicely, then i think its okay and hes not the asshole",1,35,176,1,1.983421225098943,1.8339829095039242,0.01,0.0,0.0,0.04,0.01,0.01,0.0,0.0,0.01,0.0,0.02,0.03,0.02,0.0,0.0,0.0,0.0,0.0,0.01,0.0,0.02,0.02,0.0,0.03,0.0,0.0,0.04,0.0,0.0,0.0,0.08,0.049999999999999996,0.0,0.01,0.0,0.0,0.03,0.01,0.0,0.02,0.04,0.03,0.0,0.03,0.01,0.01,0.09000000000000001,0.04,0.0,0.0,0.01,0.01,0.01,0.21000000000000002,0.0,0,0,0.8,0.02857142857142857,0,0.0,0,0.7000000000000001,0.4166666666666667,1.736,easy,0.0,0,0,1,0,1,0,0,0,0,0,1,0,1,0,0,0,1,1,1,0,0
213,108,1,5d482ea221c9be351f761e09,2020-05-01 18:36:33.883000+00:00,even though this person comes off really abrasive and harsh i think hes just blowing off steam in the post but was actually polite to his inlaws so not the asshole i wouldnt want my inlaws calling several times a day about anything much less something thats basically work,0.75,0,0.0,4,"even though this person comes off really abrasive and harsh, i think he's just blowing off steam in the post, but was actually polite to his in-laws so not the asshole i wouldn't want my in-laws calling several times a day about anything much less something that's basically work",2,49,272,1,3.158800744827122,2.972982821722151,0.02,0.0,0.0,0.04,0.0,0.01,0.0,0.0,0.08,0.0,0.02,0.02,0.01,0.0,0.0,0.0,0.0,0.0,0.0,0.030000000000000006,0.0,0.01,0.01,0.05,0.01,0.01,0.07,0.0,0.0,0.0,0.04,0.04,0.0,0.0,0.0,0.0,0.01,0.030000000000000006,0.0,0.02,0.05,0.07,0.0,0.030000000000000006,0.06000000000000001,0.04,0.1,0.05,0.0,0.0,0.0,0.030000000000000006,0.030000000000000006,0.19000000000000003,0.0,0,0,0.9183673469387755,0.061224489795918366,6,0.0009790032190590103,0,0.21333333333333332,-0.03333333333333333,2.4304,easy,2.339,0,0,1,0,1,1,0,0,0,0,1,0,0,0,0,0,0,1,1,0,0
213,108,1,5d482ea221c9be351f761de7,2020-05-01 18:36:54.134000+00:00,this one is kind of hard to be honest in some ways hes an asshole in another way i see his point just not sure it should come from him,0.75,0,0.0,4,"this one is kind of hard to be honest. in some ways, he's an asshole. in another way, i see his point. just not sure it should come from him.",3,30,134,1,1.4936797585455353,1.3593996127463297,0.01,0.0,0.0,0.0,0.01,0.01,0.0,0.0,0.01,0.0,0.03,0.01,0.01,0.0,0.0,0.01,0.0,0.0,0.0,0.01,0.03,0.0,0.0,0.04,0.01,0.0,0.049999999999999996,0.0,0.0,0.0,0.03,0.02,0.0,0.0,0.0,0.0,0.01,0.01,0.01,0.02,0.02,0.06,0.0,0.01,0.01,0.04,0.07,0.049999999999999996,0.0,0.02,0.0,0.01,0.01,0.17,0.01,0,0,0.9666666666666667,0.03333333333333333,8,0.0004753880472329106,1,0.8076388888888889,0.1645833333333333,1.488,easy,20.251,0,0,1,0,0,0,0,0,0,0,1,0,0,0,0,0,0,1,1,0,0
213,108,1,5d482ea421c9be351f7622df,2020-05-01 18:36:57.377000+00:00,hes the asshole,0.75,0,0.0,4,he's the asshole.,4,3,15,1,-1.0529758675321852,-1.1084335303931612,0.0,0.0,0.0,0.0,0.0,0.0,0.0,0.0,0.0,0.0,0.01,0.0,0.01,0.0,0.0,0.0,0.0,0.0,0.0,0.0,0.0,0.0,0.0,0.01,0.0,0.0,0.0,0.0,0.0,0.0,0.01,0.0,0.0,0.0,0.0,0.0,0.01,0.0,0.0,0.0,0.0,0.01,0.0,0.01,0.0,0.01,0.0,0.0,0.0,0.0,0.0,0.0,0.0,0.01,0.0,0,0,1.0,0.0,1,0.0003202049311559398,0,0.0,0.0,0.1488,easy,3.243,0,0,0,0,0,0,0,0,0,0,0,0,0,0,0,0,0,0,0,0,0
213,108,1,5d482ea221c9be351f761e09,2020-05-01 18:37:16.962000+00:00,would you want to help your inlaws with something mentally taxing several times a day,0.75,0,0.0,4,would you want to help your in-laws with something mentally taxing several times a day?,5,15,85,1,0.1224036521959934,0.0305663818250654,0.02,0.0,0.0,0.0,0.0,0.01,0.0,0.0,0.0,0.0,0.0,0.0,0.0,0.0,0.0,0.0,0.0,0.0,0.0,0.01,0.0,0.0,0.0,0.01,0.01,0.0,0.02,0.0,0.0,0.0,0.03,0.01,0.0,0.01,0.01,0.0,0.0,0.0,0.0,0.01,0.01,0.02,0.0,0.01,0.0,0.01,0.04,0.02,0.0,0.0,0.02,0.01,0.0,0.049999999999999996,0.0,1,0,1.0,0.0,0,0.0,0,0.1,-0.05,0.744,easy,19.585,0,0,0,0,0,0,0,0,0,0,0,0,1,0,0,0,0,0,1,1,0
213,108,1,5d482ea421c9be351f7622df,2020-05-01 18:37:21.003000+00:00,he said she calls only when she cant get a hold of other family members this is also avoiding her educational level,0.75,0,0.0,4,he said she calls only when she can't get a hold of other family members. this is also avoiding her educational level.,6,22,115,1,0.8080417053707643,0.6949829972856975,0.0,0.01,0.01,0.02,0.0,0.0,0.0,0.0,0.029999999999999995,0.01,0.04,0.01,0.0,0.0,0.0,0.0,0.0,0.01,0.0,0.0,0.0,0.0,0.01,0.029999999999999995,0.0,0.01,0.02,0.0,0.01,0.0,0.08,0.02,0.0,0.01,0.0,0.0,0.0,0.0,0.0,0.0,0.0,0.04,0.0,0.01,0.0,0.02,0.02,0.01,0.0,0.01,0.0,0.01,0.0,0.11,0.0,0,0,0.9545454545454546,0.0,1,0.0,0,0.5416666666666666,0.041666666666666664,1.808927272727273,easy,4.041,0,0,0,0,0,0,0,0,0,0,0,0,0,0,0,0,0,0,0,0,0
213,108,1,5d482ea221c9be351f761f32,2020-05-01 18:37:24.599000+00:00,being needed for constant translation for someone that wont learn a bit of english to get by is hard he offered many ways to help her learn english,0.75,0,0.0,4,being needed for constant translation for someone that wont learn a bit of english to get by is hard. he offered many ways to help her learn english,7,28,147,1,1.3957314652348536,1.2644829533948108,0.01,0.0,0.0,0.0,0.0,0.0,0.0,0.0,0.0,0.0,0.02,0.01,0.0,0.0,0.0,0.0,0.0,0.0,0.0,0.02,0.0,0.02,0.0,0.02,0.01,0.01,0.01,0.0,0.0,0.0,0.05,0.02,0.0,0.02,0.0,0.0,0.0,0.0,0.01,0.01,0.0,0.05,0.0,0.01,0.0,0.029999999999999995,0.04,0.05999999999999999,0.0,0.01,0.0,0.01,0.0,0.11999999999999998,0.0,0,0,0.8571428571428571,0.0,6,0.0,0,0.275,0.041666666666666664,1.3888,easy,3.596,0,0,0,0,0,0,0,0,0,0,0,0,0,0,0,0,0,0,1,0,0
213,108,1,5d482ea421c9be351f7622df,2020-05-01 18:37:25.118000+00:00,he said sometimes he didnt say constantly,0.75,0,0.0,4,he said sometimes. he didn't say constantly.,8,7,41,1,-0.6611826942894591,-0.7287668929870855,0.0,0.02,0.0,0.0,0.0,0.0,0.0,0.0,0.01,0.0,0.02,0.01,0.0,0.0,0.0,0.0,0.0,0.0,0.0,0.0,0.0,0.0,0.0,0.0,0.0,0.02,0.02,0.0,0.0,0.0,0.04,0.0,0.0,0.0,0.0,0.0,0.0,0.0,0.0,0.01,0.0,0.02,0.0,0.0,0.0,0.01,0.01,0.0,0.0,0.02,0.0,0.0,0.0,0.02,0.0,0,0,0.8571428571428571,0.0,2,0.0,0,0.3333333333333333,0.0,0.3472,easy,0.519,0,0,1,0,0,0,0,0,0,0,0,0,0,0,0,0,0,0,0,0,0
213,108,1,5d482ea221c9be351f761f32,2020-05-01 18:37:43.409000+00:00,true i shouldnt have used constantly,0.75,0,0.0,4,"true, i shouldnt have used constantly",9,6,36,1,-0.8570792809108222,-0.9186002116901233,0.009999999999999998,0.0,0.0,0.0,0.009999999999999998,0.0,0.0,0.0,0.009999999999999998,0.0,0.0,0.009999999999999998,0.0,0.0,0.0,0.0,0.0,0.0,0.0,0.0,0.009999999999999998,0.0,0.0,0.009999999999999998,0.009999999999999998,0.009999999999999998,0.009999999999999998,0.0,0.0,0.0,0.0,0.0,0.0,0.0,0.0,0.009999999999999998,0.0,0.009999999999999998,0.0,0.0,0.0,0.03,0.0,0.0,0.0,0.019999999999999997,0.03,0.0,0.0,0.0,0.0,0.0,0.009999999999999998,0.019999999999999997,0.0,0,0,1.0,0.16666666666666666,0,0.021739130434782608,0,0.4916666666666667,0.175,0.2976,easy,18.291,0,0,1,0,0,0,0,0,0,0,1,0,0,0,0,0,0,0,0,0,0
213,108,1,5d482ea221c9be351f761de7,2020-05-01 18:37:44.227000+00:00,he was polite to his inlaws about it i just wonder if the message should have come from his wife first though,0.75,0,0.0,4,he was polite to his inlaws about it. i just wonder if the message should have come from his wife first though.,10,22,109,1,0.7100934120600827,0.6000663379341786,0.020000000000000004,0.0,0.0,0.020000000000000004,0.0,0.010000000000000002,0.0,0.010000000000000002,0.030000000000000002,0.0,0.030000000000000002,0.0,0.0,0.0,0.0,0.0,0.0,0.010000000000000002,0.0,0.0,0.0,0.010000000000000002,0.0,0.030000000000000002,0.010000000000000002,0.010000000000000002,0.020000000000000004,0.0,0.0,0.0,0.05000000000000001,0.010000000000000002,0.0,0.0,0.0,0.0,0.0,0.010000000000000002,0.0,0.020000000000000004,0.020000000000000004,0.05000000000000001,0.0,0.010000000000000002,0.010000000000000002,0.030000000000000002,0.05000000000000001,0.030000000000000002,0.0,0.0,0.0,0.020000000000000004,0.010000000000000002,0.14,0.0,0,0,0.9545454545454546,0.045454545454545456,1,0.00015518311607697082,0,0.3333333333333333,0.25,1.0912,easy,0.818,0,0,1,0,0,0,0,0,0,0,1,0,0,0,0,0,0,1,0,0,0
213,108,1,5d482ea621c9be351f7629de,2020-05-01 18:37:46.610000+00:00,i dont believe the poster is the ah because he didnt say it rudely when he said that to his mother in law i believe some people just get used to having someone else do the translating for them she should try to be indeoendent,0.75,0,0.0,4,i don't believe the poster is the ah because he didn't say it rudely when he said that to his mother in law. i believe some people just get used to having someone else do the translating for them. she should try to be indeoendent,11,45,225,1,2.864955864895077,2.688232843667594,0.01,0.02,0.0,0.02,0.0,0.0,0.0,0.01,0.02,0.0,0.04,0.02,0.0,0.0,0.0,0.0,0.0,0.01,0.01,0.02,0.0,0.02,0.01,0.06999999999999999,0.01,0.030000000000000002,0.02,0.0,0.0,0.0,0.1,0.030000000000000002,0.0,0.0,0.0,0.02,0.01,0.02,0.0,0.02,0.01,0.13,0.0,0.030000000000000002,0.02,0.06999999999999999,0.09,0.05,0.0,0.02,0.0,0.0,0.02,0.26,0.0,0,0,0.8444444444444444,0.044444444444444446,12,0.00031036623215394165,0,0.6,-0.3,2.2319999999999998,easy,2.383,0,0,1,0,0,0,0,0,0,0,1,1,0,0,0,0,0,0,0,0,0
213,108,1,5d482ea221c9be351f761e09,2020-05-01 18:37:51.699000+00:00,i guess he said random times  still that would be annoying,0.75,0,0.0,4,"i guess he said ""random times""  still that would be annoying",12,11,58,1,-0.36733781435741436,-0.444016914932529,0.009999999999999998,0.009999999999999998,0.0,0.0,0.0,0.0,0.0,0.0,0.009999999999999998,0.0,0.009999999999999998,0.0,0.0,0.0,0.0,0.0,0.0,0.0,0.0,0.0,0.0,0.0,0.0,0.009999999999999998,0.009999999999999998,0.009999999999999998,0.019999999999999997,0.0,0.0,0.0,0.019999999999999997,0.009999999999999998,0.0,0.0,0.0,0.0,0.009999999999999998,0.009999999999999998,0.0,0.019999999999999997,0.0,0.039999999999999994,0.0,0.0,0.0,0.019999999999999997,0.03,0.0,0.0,0.009999999999999998,0.0,0.0,0.009999999999999998,0.039999999999999994,0.0,0,0,1.0,0.09090909090909091,3,0.002836148263530054,0,0.7,-0.65,0.5456,easy,5.089,0,0,1,0,1,0,0,0,0,0,0,1,0,0,0,0,0,0,1,0,0
213,108,1,5d482ea621c9be351f7629de,2020-05-01 18:38:10.904000+00:00,yes what if he is at work,0.75,0,0.0,4,yes. what if he is at work?,13,7,25,1,-0.6611826942894591,-0.7287668929870855,0.01,0.0,0.0,0.01,0.0,0.0,0.0,0.0,0.0,0.0,0.01,0.0,0.0,0.0,0.0,0.0,0.0,0.0,0.0,0.0,0.0,0.0,0.0,0.01,0.0,0.0,0.01,0.0,0.0,0.0,0.01,0.01,0.0,0.0,0.0,0.0,0.0,0.0,0.0,0.01,0.01,0.01,0.0,0.0,0.01,0.01,0.01,0.01,0.0,0.0,0.0,0.01,0.0,0.05,0.0,1,0,1.0,0.0,1,0.0,0,0.0,0.0,0.3472,easy,19.205,0,0,0,0,0,0,0,0,0,0,0,0,0,0,0,1,0,1,0,0,0
213,108,1,5d482ea421c9be351f7622df,2020-05-01 18:38:17.393000+00:00,he wasnt polite reminding someone how long theyve been here to justify criticizing their lack of language skills isnt nice again he said she calls him sometimes when she cant reach any other family first hes a last resort call,0.75,0,0.0,4,"he wasn't polite. reminding someone how long they've been here to justify criticizing their lack of language skills isn't nice again, he said she calls him sometimes when she can't reach any other family first. he's a last resort call",14,40,226,1,2.5711109849630325,2.4034828656130376,0.009999999999999998,0.009999999999999998,0.009999999999999998,0.019999999999999997,0.0,0.0,0.0,0.019999999999999997,0.039999999999999994,0.0,0.05999999999999999,0.029999999999999995,0.0,0.0,0.0,0.0,0.0,0.009999999999999998,0.0,0.009999999999999998,0.009999999999999998,0.009999999999999998,0.0,0.039999999999999994,0.0,0.029999999999999995,0.05999999999999999,0.0,0.0,0.0,0.13999999999999999,0.019999999999999997,0.0,0.0,0.0,0.019999999999999997,0.009999999999999998,0.0,0.0,0.029999999999999995,0.0,0.06999999999999999,0.0,0.009999999999999998,0.0,0.05999999999999999,0.05999999999999999,0.019999999999999997,0.0,0.009999999999999998,0.0,0.029999999999999995,0.0,0.15999999999999998,0.0,0,0,0.95,0.0,2,0.0,0,0.43500000000000005,0.13499999999999998,2.37875,easy,6.489,0,0,1,0,0,0,0,0,0,0,0,0,0,0,0,0,0,1,1,0,0
213,108,1,5d482ea621c9be351f7629de,2020-05-01 18:38:35.581000+00:00,that could be really annoying and would cut in to his schedule,0.75,0,0.0,4,that could be really annoying and would cut in to his schedule,15,12,62,1,-0.17144122773605125,-0.2541835962294912,0.02,0.0,0.0,0.01,0.0,0.01,0.0,0.0,0.01,0.0,0.01,0.0,0.0,0.0,0.0,0.0,0.0,0.0,0.0,0.0,0.0,0.0,0.0,0.0,0.01,0.0,0.02,0.0,0.0,0.0,0.01,0.01,0.0,0.0,0.0,0.0,0.02,0.0,0.0,0.0,0.01,0.03,0.0,0.0,0.02,0.03,0.04,0.02,0.0,0.0,0.0,0.0,0.0,0.06,0.0,0,0,1.0,0.0,1,0.0,0,0.9,-0.8,0.5952,easy,18.188,0,0,0,0,0,1,0,0,0,0,0,0,0,0,0,0,0,0,1,0,0
214,109,2,5d482ea221c9be351f761ea0,2020-05-01 18:57:26.950000+00:00,i think this is a tougher one op probably genuinely feels left out of conversation her son and partner are probably used to communicating in french and didnt think about it  i think their reaction is more assholish than ops though ,0.666666667,0,0.0,3,i think this is a tougher one. op probably genuinely feels left out of conversation. her son and partner are probably used to communicating in french and didn't think about it.  i think their reaction is more assholish than ops though. ,1,41,231,1,2.473162691652351,2.0378832496311725,0.0,0.0,0.0,0.030000000000000002,0.0,0.030000000000000002,0.0,0.0,0.04,0.0,0.01,0.01,0.0,0.0,0.0,0.0,0.0,0.01,0.0,0.01,0.0,0.04,0.01,0.07,0.0,0.02,0.030000000000000002,0.0,0.0,0.0,0.060000000000000005,0.02,0.0,0.0,0.0,0.02,0.0,0.02,0.01,0.02,0.0,0.09,0.01,0.01,0.02,0.04,0.11,0.060000000000000005,0.0,0.01,0.0,0.02,0.02,0.19,0.02,0,0,0.8536585365853658,0.04878048780487805,0,0.0,1,0.25,0.225,2.8038439024390245,easy,0.0,0,0,1,0,1,0,0,0,0,0,0,1,0,0,0,0,0,1,0,0,0
214,109,2,5d420c68ce0995585f1a548f,2020-05-01 18:57:56.872000+00:00,i think this person is an asshole there is nothing wrong with communicating in your language,0.666666667,0,0.0,3,i think this person is an asshole. there is nothing wrong with communicating in your language.,2,16,92,1,0.1224036521959934,-0.1340712664231034,0.0,0.0,0.0,0.0,0.0,0.01,0.0,0.0,0.01,0.0,0.0,0.01,0.01,0.0,0.0,0.0,0.0,0.0,0.01,0.0,0.0,0.01,0.01,0.03,0.0,0.0,0.01,0.0,0.0,0.0,0.04,0.01,0.0,0.0,0.0,0.0,0.01,0.01,0.0,0.0,0.0,0.03,0.0,0.01,0.0,0.02,0.02,0.02,0.0,0.0,0.01,0.0,0.01,0.09000000000000001,0.0,0,0,0.9375,0.0625,4,0.0405036151718261,0,0.9,-0.5,5.416975,medium,29.922,0,0,1,0,1,0,0,0,0,0,0,1,1,0,0,0,0,0,1,0,0
214,109,2,5d482ea121c9be351f761c6c,2020-05-01 18:58:01.489000+00:00,they are living in her home if they want to have a private conversation they should go in a separate room its disrespectful for them to not consider her if it wasnt a big deal they could have finished it in english ,0.666666667,0,0.0,3,they are living in her home. if they want to have a private conversation they should go in a separate room. it‚äôs disrespectful for them to not consider her. if it wasn‚äôt a big deal they could have finished it in english ,3,42,215,1,2.7670075715843954,2.3093775641379573,0.049999999999999996,0.0,0.02,0.02,0.0,0.0,0.01,0.0,0.0,0.0,0.02,0.02,0.0,0.0,0.01,0.0,0.0,0.0,0.0,0.0,0.0,0.01,0.0,0.049999999999999996,0.01,0.01,0.08,0.0,0.0,0.0,0.09999999999999999,0.03,0.0,0.0,0.0,0.0,0.0,0.0,0.0,0.02,0.03,0.08,0.0,0.03,0.0,0.06,0.06999999999999999,0.06,0.0,0.0,0.0,0.03,0.0,0.26,0.0,0,0,0.7142857142857143,0.0,3,0.0,0,0.15833333333333333,0.0,2.4591523809523808,easy,4.617,0,0,1,0,0,0,0,0,0,0,0,0,0,0,0,0,0,0,1,0,0
214,109,2,5d482ea521c9be351f762434,2020-05-01 18:58:09.686000+00:00,i have been in similar situations i know that i do not like it when people who know another language and english choose to speak the one that they know i do not understand,0.666666667,0,0.0,3,"i have been in similar situations. i know that i do not like it when people who know another language and english, choose to speak the one that they know i do not understand.",4,34,171,1,1.5916280518562167,1.2234003061108192,0.0,0.009999999999999998,0.0,0.019999999999999997,0.0,0.009999999999999998,0.0,0.0,0.009999999999999998,0.0,0.0,0.019999999999999997,0.0,0.0,0.0,0.0,0.0,0.0,0.0,0.0,0.009999999999999998,0.049999999999999996,0.009999999999999998,0.06999999999999999,0.0,0.009999999999999998,0.019999999999999997,0.0,0.0,0.0,0.049999999999999996,0.039999999999999994,0.0,0.0,0.0,0.0,0.0,0.039999999999999994,0.0,0.0,0.019999999999999997,0.07999999999999999,0.0,0.009999999999999998,0.009999999999999998,0.039999999999999994,0.07999999999999999,0.019999999999999997,0.0,0.009999999999999998,0.0,0.009999999999999998,0.039999999999999994,0.19999999999999998,0.0,0,0,0.7647058823529411,0.11764705882352941,7,0.0006161429451632779,0,0.2,0.0,1.6864,easy,8.197,0,0,0,0,0,0,0,0,0,0,1,1,0,0,0,0,0,1,0,0,0
214,109,2,5d420c68ce0995585f1a548f,2020-05-01 18:58:38.362000+00:00,i guarantee if any of you were in a different country around an english speaker you would choose to use english,0.666666667,0,0.0,3,"i guarantee if any of you were in a different country around an english speaker, you would choose to use english.",5,21,111,1,0.6121451187494011,0.3184192577548708,0.02,0.01,0.0,0.01,0.01,0.01,0.0,0.0,0.01,0.0,0.0,0.0,0.0,0.0,0.0,0.0,0.0,0.0,0.0,0.0,0.0,0.01,0.0,0.01,0.01,0.01,0.030000000000000006,0.0,0.0,0.0,0.02,0.0,0.0,0.0,0.0,0.01,0.0,0.01,0.0,0.02,0.01,0.030000000000000006,0.0,0.02,0.0,0.02,0.07,0.04,0.0,0.01,0.02,0.02,0.01,0.11000000000000001,0.0,0,0,0.9047619047619048,0.047619047619047616,2,0.019569287188221707,0,0.19999999999999998,0.0,1.0415999999999999,easy,28.676,0,0,1,0,0,0,0,0,0,0,0,1,1,0,0,0,0,1,0,0,0
214,109,2,5d482ea521c9be351f762434,2020-05-01 18:58:46.453000+00:00,it feels like you are being excluded and if you feel badly it is okay to speak up and let people know i do not think this woman was being an asshole,0.666666667,0,0.0,3,"it feels like you are being excluded and if you feel badly, it is okay to speak up and let people know. i do not think this woman was being an asshole.",6,32,148,1,1.6895763451668984,1.313898410946414,0.01,0.01,0.0,0.030000000000000002,0.0,0.02,0.0,0.0,0.0,0.0,0.0,0.01,0.01,0.0,0.0,0.0,0.0,0.0,0.0,0.0,0.02,0.04,0.02,0.07,0.0,0.01,0.01,0.0,0.0,0.0,0.05,0.030000000000000002,0.0,0.0,0.0,0.0,0.01,0.01,0.02,0.01,0.030000000000000002,0.11,0.0,0.01,0.02,0.07,0.09000000000000001,0.02,0.0,0.030000000000000002,0.02,0.01,0.01,0.18999999999999997,0.0,0,0,0.875,0.03125,5,0.00015518311607697082,0,0.5,0.5,1.5872,easy,8.091,0,0,1,0,1,0,0,0,0,0,1,0,1,0,0,0,0,1,1,0,0
214,109,2,5d482ea321c9be351f76212b,2020-05-01 18:58:47.480000+00:00,i think this person is an asshole because they are expecting to be a part of every conversation the two are used to speaking in french,0.666666667,0,0.0,3,i think this person is an asshole because they are expecting to be a part of every conversation. the two are used to speaking in french.,7,26,134,1,1.101886585302809,0.770909781932845,0.01,0.01,0.0,0.01,0.01,0.0,0.0,0.0,0.0,0.0,0.0,0.0,0.01,0.0,0.0,0.0,0.0,0.0,0.0,0.02,0.0,0.01,0.01,0.04,0.0,0.01,0.01,0.0,0.0,0.0,0.04,0.01,0.0,0.0,0.0,0.02,0.01,0.01,0.0,0.0,0.0,0.06,0.0,0.03,0.01,0.04,0.049999999999999996,0.04,0.0,0.01,0.0,0.01,0.01,0.15000000000000002,0.0,0,0,0.9230769230769231,0.038461538461538464,7,0.0008238201029820396,0,0.0,0.0,1.8969076923076922,easy,1.027,0,0,1,0,1,0,0,0,0,0,0,1,0,0,0,0,0,0,0,0,0
215,109,3,5d482ea121c9be351f761c6c,2020-05-01 19:12:29.873000+00:00,i think that the husband should be trying harder to get to know the mother ,0.666666667,0,0.0,3,i think that the husband should be trying harder to get to know the mother ,1,15,75,1,0.024455358885311848,-0.17051207314617806,0.01,0.0,0.0,0.0,0.0,0.0,0.0,0.01,0.0,0.0,0.0,0.0,0.0,0.0,0.0,0.0,0.0,0.02,0.0,0.0,0.0,0.02,0.0,0.03,0.01,0.0,0.0,0.0,0.0,0.0,0.02,0.01,0.0,0.0,0.0,0.0,0.0,0.01,0.01,0.0,0.0,0.05,0.0,0.02,0.0,0.02,0.03,0.02,0.0,0.01,0.0,0.0,0.01,0.08,0.0,0,0,0.8666666666666667,0.06666666666666667,0,0.0,0,0.0,-0.1,0.744,easy,0.0,0,0,1,0,1,0,0,0,0,0,0,1,0,0,0,0,0,0,0,0,0
215,109,3,5d482ea221c9be351f761ea0,2020-05-01 19:12:36.125000+00:00,i think op is the ah but very slightly he could have let his mom know that his partner is shy about his english speaking and that is why they prefer to use german together,0.666666667,0,0.0,3,"i think op is the ah, but very slightly. he could have let his mom know that his partner is shy about his english speaking and that is why they prefer to use german together.",2,35,171,1,1.983421225098943,1.6158048836233072,0.019999999999999997,0.009999999999999998,0.0,0.019999999999999997,0.0,0.009999999999999998,0.0,0.0,0.019999999999999997,0.009999999999999998,0.039999999999999994,0.0,0.0,0.0,0.0,0.0,0.0,0.009999999999999998,0.009999999999999998,0.0,0.0,0.03,0.009999999999999998,0.06999999999999999,0.0,0.0,0.009999999999999998,0.0,0.0,0.0,0.07999999999999999,0.019999999999999997,0.0,0.0,0.0,0.019999999999999997,0.0,0.009999999999999998,0.0,0.0,0.009999999999999998,0.09,0.009999999999999998,0.009999999999999998,0.019999999999999997,0.06,0.07999999999999999,0.019999999999999997,0.0,0.009999999999999998,0.0,0.009999999999999998,0.009999999999999998,0.18999999999999997,0.0,0,0,0.8571428571428571,0.02857142857142857,4,0.003228410812153075,0,0.17916666666666667,-0.17916666666666667,1.736,easy,6.252,0,0,1,0,1,0,0,0,0,0,0,1,0,0,0,0,0,1,0,0,0
215,109,3,5d482ea521c9be351f762434,2020-05-01 19:12:46.920000+00:00,i think that he was being unfair to his mom she rarely gets to see him although i understand he sons husband is not comfortable with is english its not an excuse to make his mother feel so badly,0.666666667,0,0.0,3,"i think that he was being unfair to his mom. she rarely gets to see him. although i understand he son's husband is not comfortable with is english, it's not an excuse to make his mother feel so badly.",3,39,194,1,2.2772661050309875,1.8837524271387298,0.0,0.0,0.0,0.02,0.0,0.01,0.0,0.0,0.02,0.0,0.06,0.02,0.0,0.0,0.0,0.01,0.0,0.04,0.0,0.0,0.01,0.03,0.0,0.08,0.0,0.01,0.0,0.0,0.0,0.0,0.11,0.02,0.0,0.0,0.0,0.01,0.0,0.02,0.01,0.0,0.02,0.09999999999999999,0.0,0.01,0.01,0.04,0.06999999999999999,0.04,0.0,0.02,0.0,0.01,0.02,0.22,0.0,0,0,0.8205128205128205,0.05128205128205128,10,0.002713790153929658,0,0.5694444444444444,-0.19166666666666665,1.9344,easy,10.795,0,0,1,0,1,0,0,0,0,0,1,1,0,0,0,0,0,1,1,0,0
215,109,3,5d482ea221c9be351f761ea0,2020-05-01 19:12:55.785000+00:00,i agree curioushorse,0.666666667,0,0.0,3,i agree curioushorse,4,3,20,1,-1.1509241608428669,-1.242302247207869,0.0,0.0,0.0,0.0,0.0,0.0,0.0,0.0,0.0,0.0,0.0,0.0,0.0,0.0,0.0,0.0,0.0,0.0,0.0,0.0,0.010000000000000002,0.010000000000000002,0.0,0.0,0.0,0.0,0.0,0.0,0.0,0.0,0.0,0.0,0.0,0.0,0.0,0.0,0.0,0.010000000000000002,0.0,0.0,0.0,0.0,0.0,0.0,0.0,0.0,0.010000000000000002,0.0,0.0,0.0,0.0,0.0,0.010000000000000002,0.010000000000000002,0.0,0,0,1.0,0.3333333333333333,0,0.00015518311607697082,0,0.0,0.0,0.1488,easy,8.865,0,0,0,0,0,0,0,0,0,0,0,1,0,0,0,0,0,0,0,0,0
215,109,3,5d420c68ce0995585f1a548f,2020-05-01 19:13:07.776000+00:00,i also feel like the mother is being dramatic she is not incapable of catchingup with her son he can still speak english,0.666666667,0,0.0,3,"i also feel like the mother is being dramatic, she is not incapable of 'catching-up' with her son. he can still speak english.",5,23,120,1,0.8080417053707643,0.544014709561616,0.0,0.01,0.0,0.01,0.0,0.01,0.0,0.01,0.02,0.0,0.03,0.01,0.0,0.0,0.0,0.0,0.0,0.02,0.0,0.0,0.01,0.01,0.0,0.04,0.0,0.0,0.01,0.0,0.0,0.0,0.06,0.0,0.0,0.0,0.0,0.0,0.0,0.01,0.01,0.0,0.01,0.049999999999999996,0.0,0.01,0.0,0.04,0.03,0.02,0.0,0.02,0.0,0.01,0.01,0.12,0.0,0,0,0.9565217391304348,0.043478260869565216,0,0.00015518311607697082,0,0.3,-0.21666666666666665,1.1408,easy,11.991,0,0,1,0,1,0,0,0,0,0,0,1,0,0,0,0,0,1,1,0,0
215,109,3,5d482ea321c9be351f76212b,2020-05-01 19:13:15.151000+00:00,this one was a bit difficult but i dont think the son was an asshole the son and mother should try to understand each others views and not put the son in the middle,0.666666667,0,0.0,3,this one was a bit difficult but i don't think the son was an asshole. the son and mother should try to understand each other's views and not put the son in the middle.,6,34,164,1,1.8854729317882615,1.5264890357848329,0.01,0.0,0.0,0.029999999999999995,0.0,0.029999999999999995,0.0,0.01,0.0,0.0,0.0,0.02,0.01,0.0,0.0,0.01,0.0,0.04,0.01,0.02,0.0,0.02,0.0,0.04,0.01,0.02,0.029999999999999995,0.0,0.0,0.0,0.04,0.02,0.0,0.0,0.0,0.0,0.01,0.01,0.0,0.0,0.02,0.07,0.0,0.05999999999999999,0.029999999999999995,0.04,0.08,0.02,0.0,0.01,0.0,0.01,0.01,0.18,0.0,0,0,0.7941176470588235,0.029411764705882353,5,0.005820210097915881,0,0.5,-0.25,1.6864,easy,7.375,0,0,1,0,1,0,0,0,0,0,1,0,0,0,0,0,0,0,1,0,0
215,109,3,5d482ea521c9be351f762434,2020-05-01 19:13:31.921000+00:00,at the very least he could have done a 50 50 split of german and english and translated for his pained mom so she felt included that is what i would have done ,0.666666667,0,0.0,3,at the very least he could have done a 50 50 split of german and english and translated for his pained mom so she felt included. that is what i would have done. ,7,33,159,1,1.7875246384775798,1.4371731879463587,0.02,0.0,0.0,0.03,0.0,0.03,0.01,0.0,0.02,0.0,0.03,0.0,0.0,0.0,0.01,0.0,0.0,0.01,0.0,0.01,0.0,0.01,0.0,0.03,0.01,0.03,0.01,0.0,0.0,0.0,0.04,0.02,0.0,0.0,0.0,0.0,0.0,0.01,0.01,0.0,0.0,0.08,0.0,0.02,0.03,0.06999999999999999,0.06,0.03,0.0,0.01,0.0,0.01,0.01,0.18000000000000002,0.0,0,0,0.8787878787878788,0.030303030303030304,4,0.00015518311607697082,0,0.17333333333333334,-0.13,1.6368,easy,16.77,0,0,1,0,1,0,0,0,0,0,1,0,0,0,0,0,0,0,1,0,0
215,109,3,5d482ea321c9be351f76212b,2020-05-01 19:13:40.594000+00:00,i agree with openhippo,0.666666667,0,0.0,3,i agree with openhippo,8,4,22,1,-1.0529758675321852,-1.1529863993693947,0.0,0.0,0.0,0.0,0.0,0.01,0.0,0.0,0.0,0.0,0.0,0.0,0.0,0.0,0.0,0.0,0.0,0.0,0.0,0.0,0.01,0.0,0.0,0.0,0.0,0.0,0.0,0.0,0.0,0.0,0.0,0.0,0.0,0.0,0.0,0.0,0.0,0.01,0.0,0.0,0.0,0.0,0.0,0.0,0.0,0.0,0.01,0.01,0.0,0.0,0.0,0.0,0.01,0.02,0.0,0,0,1.0,0.25,0,0.00015518311607697082,0,0.0,0.0,0.1984,easy,8.673,0,0,0,0,0,0,0,0,0,0,0,1,0,0,0,0,0,0,0,0,0
215,109,3,5d482ea121c9be351f761c6c,2020-05-01 19:13:46.220000+00:00,agree ,0.666666667,0,0.0,3,agree ,9,1,6,1,-1.2488724541535483,-1.3316180950463432,0.0,0.0,0.0,0.0,0.0,0.0,0.0,0.0,0.0,0.0,0.0,0.0,0.0,0.0,0.0,0.0,0.0,0.0,0.0,0.0,0.009999999999999998,0.0,0.0,0.0,0.0,0.0,0.0,0.0,0.0,0.0,0.0,0.0,0.0,0.0,0.0,0.0,0.0,0.0,0.0,0.0,0.0,0.0,0.0,0.0,0.0,0.0,0.0,0.0,0.0,0.0,0.0,0.0,0.0,0.0,0.0,0,0,1.0,0.0,0,0.0008051529790660225,0,0.0,0.0,0.0496,easy,5.626,0,0,0,0,0,0,0,0,0,0,0,0,0,0,0,0,0,0,0,0,0
216,110,0,5d482ea921c9be351f7636a3,2020-05-01 18:51:00.267000+00:00,i believe the person is an asshole while he says he talked to the motherinlaw in a kind and respectful manner his languagedefensive language in his reddit post leads me to believe he may not be as cordial as he lets on,1.0,2,0.4,5,"i believe the person is an asshole. while he says he talked to the mother-in-law in a kind and respectful manner, his language/defensive language in his reddit post leads me to believe he may not be as cordial as he lets on.",1,42,218,1,2.473162691652351,0.9368520552068195,0.0,0.010000000000000002,0.0,0.04000000000000001,0.0,0.010000000000000002,0.0,0.010000000000000002,0.0,0.0,0.060000000000000005,0.010000000000000002,0.010000000000000002,0.0,0.0,0.0,0.0,0.0,0.0,0.0,0.010000000000000002,0.020000000000000004,0.010000000000000002,0.04000000000000001,0.010000000000000002,0.010000000000000002,0.060000000000000005,0.0,0.0,0.0,0.12000000000000001,0.0,0.0,0.010000000000000002,0.0,0.010000000000000002,0.010000000000000002,0.020000000000000004,0.0,0.010000000000000002,0.010000000000000002,0.07,0.0,0.04000000000000001,0.010000000000000002,0.030000000000000002,0.060000000000000005,0.07,0.010000000000000002,0.010000000000000002,0.0,0.030000000000000002,0.030000000000000002,0.24000000000000002,0.0,0,0,0.7857142857142857,0.07142857142857142,0,0.0,0,0.8,0.55,2.0831999999999997,easy,0.0,0,0,1,0,0,0,0,0,0,0,0,1,0,0,0,0,0,1,0,0,0
216,110,0,5d482ea121c9be351f761c97,2020-05-01 18:51:08.809000+00:00,i think hes kind of the asshole  older people have a harder time learning new languages for one thing it doesnt sound like shes calling every 5 minutes or anything just when she needs help ,1.0,2,0.4,5,"i think he's kind of the asshole.  older people have a harder time learning new languages, for one thing. it doesn't sound like she's calling every 5 minutes or anything, just when she needs help. ",2,35,189,1,1.983421225098943,0.47899202822604303,0.009999999999999998,0.009999999999999998,0.0,0.019999999999999997,0.009999999999999998,0.0,0.0,0.0,0.019999999999999997,0.0,0.029999999999999995,0.009999999999999998,0.009999999999999998,0.0,0.0,0.0,0.0,0.0,0.0,0.009999999999999998,0.019999999999999997,0.019999999999999997,0.009999999999999998,0.05999999999999999,0.0,0.0,0.049999999999999996,0.0,0.0,0.0,0.06999999999999999,0.029999999999999995,0.0,0.009999999999999998,0.0,0.0,0.009999999999999998,0.009999999999999998,0.009999999999999998,0.029999999999999995,0.019999999999999997,0.05999999999999999,0.0,0.019999999999999997,0.009999999999999998,0.039999999999999994,0.07999999999999999,0.019999999999999997,0.0,0.019999999999999997,0.0,0.019999999999999997,0.009999999999999998,0.10999999999999999,0.009999999999999998,0,0,1.0,0.02857142857142857,2,0.008051145622990486,1,0.4175757575757576,0.24060606060606063,1.736,easy,8.542,0,0,1,0,1,0,0,0,0,0,0,1,0,0,0,0,0,1,0,0,0
216,110,0,5d482ea221c9be351f761e64,2020-05-01 18:51:35.270000+00:00,this person is definitely the asshole i have a situation very similar to this story my mil  is from mexico and has been here for 29 years and still speaks very broken english the way he went about it was very white privilege speaking ,1.0,2,0.4,5,this person is definitely the asshole. i have a situation very similar to this story my mil  is from mexico and has been here for 29 years and still speaks very broken english. the way he went about it was very white privilege speaking. ,3,44,234,1,2.7670075715843954,1.2115680713952854,0.0,0.02,0.0,0.02,0.01,0.02,0.0,0.0,0.06999999999999999,0.0,0.01,0.0,0.01,0.0,0.0,0.01,0.0,0.0,0.0,0.0,0.02,0.0,0.01,0.04,0.0,0.029999999999999995,0.04,0.0,0.0,0.0,0.049999999999999996,0.029999999999999995,0.0,0.0,0.0,0.0,0.01,0.02,0.0,0.0,0.0,0.06999999999999999,0.0,0.029999999999999995,0.02,0.05999999999999999,0.04,0.04,0.0,0.029999999999999995,0.0,0.02,0.02,0.24999999999999997,0.0,0,0,0.8636363636363636,0.045454545454545456,6,0.0004753880472329106,0,0.308,-0.10400000000000001,2.1824,easy,26.461,0,0,0,0,0,0,0,0,0,0,1,0,0,0,0,0,0,1,1,0,0
216,110,0,5d482ea121c9be351f761c97,2020-05-01 18:52:01.051000+00:00,i agree with brightbison  he sounds like his not being very helpful about it surely coming at it from a lets learn together would be nicer and better received also if thats his only issue with his inlaws he is lucky indeed just translate for her,1.0,2,0.4,5,"i agree with brightbison -- he sounds like his not being very helpful about it. surely coming at it from a ""let's learn together!"" would be nicer and better received. also if that's his only issue with his inlaws he is lucky indeed. just translate for her.",4,46,245,1,2.9629041582057587,1.394712082187596,0.020000000000000004,0.010000000000000002,0.0,0.030000000000000002,0.020000000000000004,0.030000000000000002,0.0,0.010000000000000002,0.05,0.0,0.060000000000000005,0.010000000000000002,0.0,0.0,0.0,0.010000000000000002,0.0,0.0,0.0,0.0,0.08000000000000002,0.010000000000000002,0.0,0.030000000000000002,0.010000000000000002,0.0,0.04000000000000001,0.0,0.0,0.0,0.09000000000000001,0.030000000000000002,0.0,0.010000000000000002,0.0,0.0,0.0,0.010000000000000002,0.0,0.020000000000000004,0.030000000000000002,0.060000000000000005,0.0,0.010000000000000002,0.020000000000000004,0.05,0.12000000000000001,0.060000000000000005,0.010000000000000002,0.020000000000000004,0.0,0.060000000000000005,0.020000000000000004,0.25,0.0,1,0,0.8913043478260869,0.043478260869565216,11,0.00015518311607697082,0,0.7044444444444445,0.30666666666666664,2.2816,easy,25.781,0,0,0,0,0,1,0,0,0,0,0,1,0,0,0,0,0,1,1,0,0
217,110,2,5d482ea221c9be351f761e64,2020-05-01 19:18:59.192000+00:00,hearing it from this side of the story makes me realize both of them are being unrealistic and their expectations for one another i get it she just wants to help out her mom although its not her husbands responsibility to make sure shes ok in the sense of translation,1.0,2,0.666666667,3,hearing it from this side of the story makes me realize both of them are being unrealistic and their expectations for one another i get it she just wants to help out her mom although it‚äôs not her husband‚äôs responsibility to make sure she‚äôs ok in the sense of translation,1,50,267,1,3.354697331448485,1.7806585975055735,0.02,0.01,0.0,0.02,0.01,0.03,0.0,0.01,0.01,0.0,0.04,0.01,0.0,0.0,0.0,0.0,0.0,0.02,0.0,0.01,0.02,0.02,0.0,0.06,0.0,0.0,0.04,0.0,0.01,0.0,0.10999999999999999,0.04,0.0,0.01,0.0,0.02,0.0,0.02,0.0,0.0,0.02,0.07,0.0,0.02,0.02,0.03,0.14,0.09,0.0,0.01,0.0,0.0,0.02,0.28,0.0,0,0,0.88,0.04,0,0.0,0,0.6222222222222222,0.175,7.0639,difficult,0.0,0,0,0,0,0,0,0,0,0,0,1,0,0,0,0,0,0,0,1,0,0
217,110,2,5d482ea121c9be351f761c97,2020-05-01 19:19:38.359000+00:00,hey its the other side of a previous scenario shes not completely an asshole its ok to expect some help from husband but she shouldnt throw it all on him,1.0,2,0.666666667,3,"hey it's the other side of a previous scenario. she's not completely an asshole, it's ok to expect some help from husband. but she shouldn't throw it all on him.",2,30,153,1,1.5916280518562167,0.403071716913869,0.02,0.0,0.0,0.01,0.02,0.0,0.0,0.0,0.01,0.0,0.03,0.02,0.01,0.0,0.0,0.0,0.0,0.01,0.0,0.01,0.01,0.0,0.0,0.01,0.01,0.0,0.03,0.0,0.0,0.0,0.06,0.04,0.0,0.0,0.0,0.0,0.01,0.0,0.0,0.01,0.02,0.02,0.0,0.03,0.01,0.02,0.06999999999999999,0.04,0.0,0.0,0.0,0.01,0.0,0.16999999999999998,0.0,0,0,0.9666666666666667,0.0,10,0.022381598060825555,0,0.36041666666666666,0.039583333333333345,1.488,easy,39.167,0,0,1,0,0,0,0,0,0,0,0,0,0,0,1,0,0,0,0,0,0
217,110,2,5d482ea921c9be351f7636a3,2020-05-01 19:19:40.882000+00:00,i feel like the person is a bit too entitled to her husbands free time yes it would be nice if he helps out but he has a life too even though she claims shes busier,1.0,2,0.666666667,3,"i feel like the person is a bit too entitled to her husband's free time. yes, it would be nice if he helps out, but he has a life too, even though she claims she's busier.",3,36,164,1,2.0813695184096246,0.7857347393004536,0.02,0.0,0.0,0.029999999999999995,0.0,0.01,0.01,0.0,0.04,0.0,0.049999999999999996,0.0,0.0,0.0,0.01,0.0,0.0,0.01,0.0,0.01,0.04,0.01,0.01,0.049999999999999996,0.01,0.0,0.02,0.0,0.0,0.0,0.08,0.01,0.0,0.0,0.01,0.0,0.0,0.01,0.01,0.01,0.02,0.07,0.0,0.029999999999999995,0.02,0.049999999999999996,0.049999999999999996,0.02,0.0,0.01,0.0,0.049999999999999996,0.01,0.18,0.0,0,0,0.9166666666666666,0.027777777777777776,8,0.0,0,0.9,0.5,1.7855999999999999,easy,2.523,0,0,1,0,1,0,0,0,0,0,0,1,0,0,0,0,1,1,0,0,0
217,110,2,5d482ea221c9be351f761e64,2020-05-01 19:19:46.450000+00:00,i am magine recurring translations can be frustrating and it would be helpful if the mother learn the basics in english since shes living in a primarily englishspeaking area,1.0,2,0.666666667,3,"i am magine recurring translations can be frustrating, and it would be helpful if the mother learn the basics in english since she‚äôs living in a primarily english-speaking area",4,29,173,1,1.3957314652348536,0.2500065079592352,0.02,0.0,0.0,0.02,0.0,0.01,0.01,0.0,0.01,0.0,0.01,0.0,0.0,0.0,0.01,0.0,0.0,0.01,0.0,0.0,0.01,0.01,0.0,0.029999999999999995,0.01,0.0,0.04,0.0,0.0,0.0,0.029999999999999995,0.01,0.0,0.01,0.0,0.01,0.01,0.01,0.0,0.01,0.01,0.05999999999999999,0.0,0.029999999999999995,0.01,0.05999999999999999,0.049999999999999996,0.029999999999999995,0.0,0.0,0.0,0.02,0.01,0.13,0.0,0,0,0.896551724137931,0.034482758620689655,9,0.00015518311607697082,0,0.4666666666666666,0.0,1.9828827586206894,easy,5.568,0,0,0,0,0,0,0,0,0,0,0,1,0,0,0,0,0,1,1,0,0
218,111,2,5eac69b8d5ea945196fa1146,2020-05-01 19:30:00.170000+00:00,my impression is that the husband is the real asshole in the story,1.0,2,0.4,5,my impression is that the husband is the real asshole in the story,1,13,66,1,-0.07349293442536971,0.21076045794082046,0.0,0.0,0.0,0.0,0.0,0.0,0.0,0.0,0.0,0.0,0.0,0.0,0.01,0.0,0.0,0.0,0.0,0.01,0.0,0.0,0.01,0.0,0.0,0.02,0.0,0.0,0.01,0.0,0.0,0.0,0.02,0.01,0.0,0.0,0.0,0.0,0.01,0.01,0.0,0.0,0.0,0.02,0.0,0.030000000000000002,0.0,0.02,0.02,0.01,0.0,0.0,0.0,0.0,0.01,0.08,0.0,0,0,0.7692307692307693,0.0,0,0.0,0,0.30000000000000004,0.2,0.6447999999999999,easy,0.0,0,0,0,0,0,0,0,0,0,0,0,1,0,0,0,0,0,0,0,0,0
218,111,2,5d1a795a2d54e95acef0ea74,2020-05-01 19:30:01.736000+00:00,i think her husband shouldnt complain about translating for her parents i dont think she is being an asshole at all i think that he should help since he is a part of her family now ,1.0,2,0.4,5,i think her husband shouldn't complain about translating for her parents. i don't think she is being an asshole at all. i think that he should help since he is a part of her family now. ,2,36,181,1,1.8854729317882615,2.126764621039189,0.02,0.0,0.01,0.0,0.01,0.0,0.0,0.0,0.02,0.0,0.06,0.02,0.01,0.0,0.0,0.0,0.0,0.03,0.0,0.01,0.0,0.03,0.0,0.06,0.02,0.0,0.02,0.0,0.0,0.0,0.11,0.01,0.0,0.0,0.0,0.01,0.01,0.03,0.0,0.0,0.0,0.09,0.0,0.02,0.0,0.06,0.06999999999999999,0.05,0.0,0.0,0.0,0.01,0.03,0.22,0.0,0,0,0.7777777777777778,0.08333333333333333,3,0.0010480069690016458,0,0.0,0.0,1.7855999999999999,easy,1.566,0,0,1,0,1,0,0,0,0,0,1,1,0,0,0,0,0,0,1,0,0
218,111,2,5eac6c10d5ea945196fa169d,2020-05-01 19:30:03.785000+00:00,hey everyone  what are your opinions  im not so sure whos really the asshole here  she doesnt seem to be too unreasonable but i can see how hed be upset,1.0,2,0.4,5,"hey everyone!  what are your opinions?  i'm not so sure who's really the asshole here.  she doesn't seem to be too unreasonable, but i can see how he'd be upset.",3,30,152,1,1.4936797585455353,1.7435637884195152,0.0,0.0,0.0,0.03,0.01,0.0,0.0,0.0,0.049999999999999996,0.01,0.02,0.02,0.01,0.0,0.0,0.01,0.0,0.0,0.01,0.0,0.01,0.01,0.0,0.06,0.0,0.0,0.0,0.0,0.0,0.0,0.06,0.02,0.0,0.0,0.0,0.01,0.01,0.01,0.0,0.01,0.03,0.09,0.0,0.01,0.03,0.06,0.06,0.01,0.0,0.01,0.01,0.0,0.01,0.16,0.0,1,0,0.9666666666666667,0.03333333333333333,1,0.0004753880472329106,0,0.5444444444444444,0.35,2.0143333333333335,easy,2.049,0,0,0,0,0,1,0,0,0,0,1,0,1,0,1,0,0,0,1,0,0
218,111,2,5eac69b8d5ea945196fa1146,2020-05-01 19:30:44.646000+00:00,he is not supportive and is approaching the matter wrongly,1.0,2,0.4,5,he is not supportive and is approaching the matter wrongly,4,10,58,1,-0.36733781435741436,-0.07664016652393481,0.0,0.0,0.0,0.009999999999999998,0.0,0.009999999999999998,0.0,0.0,0.0,0.0,0.009999999999999998,0.009999999999999998,0.0,0.0,0.0,0.0,0.0,0.0,0.009999999999999998,0.0,0.009999999999999998,0.0,0.0,0.019999999999999997,0.0,0.0,0.009999999999999998,0.0,0.0,0.0,0.009999999999999998,0.0,0.0,0.0,0.0,0.0,0.0,0.0,0.0,0.0,0.009999999999999998,0.019999999999999997,0.0,0.009999999999999998,0.009999999999999998,0.019999999999999997,0.03,0.0,0.0,0.0,0.0,0.009999999999999998,0.0,0.06,0.0,0,0,0.9,0.0,2,0.0,0,0.6333333333333333,-0.25,0.496,easy,40.861,0,0,0,0,0,0,0,0,0,0,0,0,0,0,0,0,0,1,1,0,0
218,111,2,5d1a795a2d54e95acef0ea74,2020-05-01 19:30:48.004000+00:00,i think that when you marry someone you have to sacrifice time and help them when they need it spouses are supposed to help one another i believe,1.0,2,0.4,5,"i think that when you marry someone you have to sacrifice time and help them when they need it. spouses are supposed to help one another, i believe.",5,28,145,1,1.1998348786134905,1.4561631639547599,0.01,0.0,0.0,0.03,0.0,0.01,0.0,0.0,0.02,0.0,0.0,0.0,0.0,0.0,0.0,0.0,0.0,0.01,0.0,0.0,0.0,0.02,0.0,0.049999999999999996,0.0,0.01,0.03,0.0,0.0,0.0,0.08,0.03,0.01,0.0,0.0,0.0,0.0,0.02,0.0,0.02,0.0,0.06,0.0,0.0,0.01,0.02,0.06,0.02,0.0,0.0,0.02,0.0,0.02,0.15,0.0,0,0,0.8214285714285714,0.07142857142857142,1,0.0,0,0.0,0.0,1.3888,easy,3.358,0,0,1,0,1,0,0,0,0,0,1,1,1,0,0,0,0,0,0,0,0
219,111,3,5eac6c10d5ea945196fa169d,2020-05-01 19:44:34.865000+00:00,once i read the edit at the end i didnt think he was an asshole any more ,1.0,2,0.4,5,"once i read the edit at the end, i didn't think he was an asshole any more. ",1,17,73,1,0.1224036521959934,0.35880490680298927,0.0,0.0,0.0,0.0,0.0,0.0,0.0,0.0,0.0,0.0,0.009999999999999998,0.009999999999999998,0.009999999999999998,0.0,0.0,0.0,0.0,0.0,0.0,0.009999999999999998,0.0,0.009999999999999998,0.0,0.009999999999999998,0.0,0.019999999999999997,0.03,0.0,0.0,0.0,0.009999999999999998,0.0,0.0,0.019999999999999997,0.0,0.0,0.009999999999999998,0.019999999999999997,0.0,0.009999999999999998,0.0,0.03,0.0,0.03,0.0,0.019999999999999997,0.019999999999999997,0.009999999999999998,0.0,0.0,0.0,0.0,0.019999999999999997,0.10999999999999999,0.0,0,0,0.8823529411764706,0.11764705882352941,0,0.0,0,0.5,0.5,0.8432,easy,0.0,0,0,1,0,1,0,0,0,0,0,1,0,0,0,0,0,0,0,0,0,0
219,111,3,5d1a795a2d54e95acef0ea74,2020-05-01 19:44:57.245000+00:00,i think that he is being an asshole i think that he shouldnt be upset to help someone that needs help especially if its his family ,1.0,2,0.4,5,i think that he is being an asshole. i think that he shouldn't be upset to help someone that needs help- especially if it's his family! ,2,26,131,1,1.0039382919921274,1.205819768764144,0.030000000000000002,0.0,0.01,0.01,0.0,0.0,0.0,0.0,0.01,0.01,0.030000000000000002,0.01,0.01,0.0,0.0,0.0,0.0,0.01,0.01,0.0,0.0,0.02,0.0,0.04,0.01,0.0,0.0,0.0,0.0,0.0,0.07,0.05,0.0,0.0,0.0,0.0,0.01,0.02,0.0,0.02,0.01,0.07,0.0,0.01,0.0,0.04,0.060000000000000005,0.01,0.0,0.0,0.0,0.0,0.02,0.15,0.0,0,0,0.7692307692307693,0.07692307692307693,3,0.0013274352748081394,0,1.0,0.0,1.2895999999999999,easy,22.38,0,0,1,0,1,0,0,0,0,0,1,1,0,0,0,0,0,0,1,0,0
219,111,3,5eac6c10d5ea945196fa169d,2020-05-01 19:45:02.850000+00:00,at the beginning i thought it was really disrespectful  but then it felt more like him trying to help at the end,1.0,2,0.4,5,"at the beginning, i thought it was really disrespectful ... but then it felt more like him trying to help at the end.",3,22,112,1,0.7100934120600827,0.9234814814437592,0.0,0.0,0.0,0.02,0.0,0.0,0.0,0.01,0.01,0.0,0.01,0.0,0.0,0.0,0.0,0.0,0.0,0.0,0.0,0.01,0.01,0.02,0.0,0.0,0.0,0.030000000000000002,0.05,0.0,0.0,0.0,0.02,0.02,0.0,0.0,0.0,0.0,0.0,0.01,0.01,0.0,0.02,0.030000000000000002,0.0,0.02,0.02,0.01,0.04,0.030000000000000002,0.0,0.01,0.0,0.01,0.01,0.13,0.0,0,0,0.8636363636363636,0.045454545454545456,1,0.001238606734711857,0,0.35,0.35,1.0912,easy,5.605,0,0,1,0,1,1,0,0,0,0,1,0,0,0,0,0,1,1,1,0,0
219,111,3,5eac69b8d5ea945196fa1146,2020-05-01 19:45:06.981000+00:00,the husband is a total asshole,1.0,2,0.4,5,the husband is a total asshole,4,6,30,1,-0.7591309876001406,-0.4882099551581657,0.0,0.0,0.0,0.0,0.01,0.0,0.0,0.0,0.0,0.0,0.0,0.0,0.01,0.0,0.0,0.0,0.0,0.01,0.0,0.01,0.0,0.0,0.0,0.01,0.0,0.0,0.0,0.0,0.0,0.0,0.01,0.0,0.0,0.0,0.0,0.0,0.01,0.0,0.0,0.0,0.0,0.01,0.0,0.02,0.0,0.01,0.01,0.0,0.0,0.0,0.0,0.01,0.0,0.03,0.0,0,0,1.0,0.0,1,0.0,0,0.75,0.0,0.2976,easy,4.131,0,0,0,0,0,0,0,0,0,0,0,0,0,0,0,0,0,0,0,0,0
219,111,3,5eac6756d5ea945196fa0d30,2020-05-01 19:45:22.642000+00:00,i dont think he is an asshole,1.0,2,0.4,5,i dont think he is an asshole,5,7,29,1,-0.7591309876001406,-0.4882099551581657,0.0,0.0,0.0,0.0,0.0,0.0,0.0,0.0,0.0,0.0,0.009999999999999998,0.009999999999999998,0.009999999999999998,0.0,0.0,0.0,0.0,0.0,0.0,0.0,0.0,0.009999999999999998,0.0,0.03,0.0,0.0,0.0,0.0,0.0,0.0,0.009999999999999998,0.0,0.0,0.0,0.0,0.0,0.009999999999999998,0.009999999999999998,0.0,0.0,0.0,0.03,0.0,0.009999999999999998,0.0,0.019999999999999997,0.009999999999999998,0.0,0.0,0.0,0.0,0.0,0.009999999999999998,0.039999999999999994,0.0,0,0,1.0,0.14285714285714285,1,0.0003202049311559398,0,0.0,0.0,0.3472,easy,15.661,0,0,1,0,1,0,0,0,0,0,0,1,0,0,0,0,0,0,0,0,0
219,111,3,5d1a795a2d54e95acef0ea74,2020-05-01 19:45:23.421000+00:00,i think that he isnt taking into consideration that its hard to learn a new language at an older age it isnt that hard for him to sacrifice a little time to help someone who needs help,1.0,2,0.4,5,i think that he isn't taking into consideration that it's hard to learn a new language at an older age. it isn't that hard for him to sacrifice a little time to help someone who needs help.,6,37,184,1,2.1793178117203063,2.335172918045684,0.01,0.0,0.0,0.0,0.0,0.01,0.0,0.0,0.0,0.0,0.02,0.02,0.0,0.0,0.0,0.0,0.0,0.0,0.0,0.0,0.0,0.02,0.0,0.05,0.0,0.0,0.07,0.0,0.0,0.0,0.07,0.07,0.01,0.01,0.0,0.0,0.0,0.01,0.02,0.01,0.0,0.05,0.0,0.03,0.0,0.02,0.05,0.06,0.0,0.02,0.0,0.02,0.01,0.18000000000000002,0.01,0,0,0.7837837837837838,0.02702702702702703,2,0.0005036151718260998,1,0.47424242424242424,-0.09356060606060608,2.261956756756757,easy,0.779,0,0,1,0,1,0,0,0,0,0,0,1,0,0,0,0,0,0,1,0,0
219,111,3,5eac67a6d5ea945196fa0d67,2020-05-01 19:45:35.990000+00:00,he is not an asshole,1.0,2,0.4,5,he is not an asshole,7,5,20,1,-0.8570792809108222,-0.582322717598294,0.0,0.0,0.0,0.0,0.0,0.0,0.0,0.0,0.0,0.0,0.010000000000000002,0.010000000000000002,0.010000000000000002,0.0,0.0,0.0,0.0,0.0,0.0,0.0,0.0,0.0,0.0,0.010000000000000002,0.0,0.0,0.0,0.0,0.0,0.0,0.010000000000000002,0.0,0.0,0.0,0.0,0.0,0.010000000000000002,0.0,0.0,0.0,0.010000000000000002,0.010000000000000002,0.0,0.010000000000000002,0.0,0.010000000000000002,0.010000000000000002,0.0,0.0,0.0,0.0,0.0,0.0,0.04000000000000001,0.0,0,0,1.0,0.0,2,0.0,0,0.0,0.0,0.248,easy,12.569,0,0,0,0,0,0,0,0,0,0,0,0,0,0,0,0,0,0,0,0,0
219,111,3,5d1a795a2d54e95acef0ea74,2020-05-01 19:45:55.585000+00:00,maybe he wasnt because he said it in a nice polite tone at the end he wasnt being an asshole but he couldve been nicer i feel,1.0,2,0.4,5,maybe he wasn't because he said it in a nice polite tone at the end. he wasn't being an asshole. but he could've been nicer i feel,8,27,125,1,1.1998348786134905,1.3940452936444008,0.01,0.01,0.0,0.02,0.0,0.0,0.0,0.0,0.01,0.0,0.04,0.02,0.01,0.0,0.0,0.0,0.0,0.0,0.0,0.0,0.02,0.01,0.0,0.01,0.01,0.05,0.03,0.0,0.0,0.0,0.05,0.01,0.0,0.0,0.0,0.01,0.01,0.01,0.01,0.01,0.01,0.07,0.0,0.03,0.02,0.05,0.05,0.02,0.0,0.02,0.0,0.04,0.01,0.15,0.01,0,0,0.8518518518518519,0.037037037037037035,5,0.0003202049311559398,1,1.0,0.6,1.3392,easy,19.595,0,0,1,0,1,0,0,0,0,0,1,0,0,0,0,0,0,1,0,0,0
220,112,0,5eac6f58d5ea945196fa21c6,2020-05-01 19:22:27.837000+00:00,hi,0.75,1,0.25,4,hi,1,1,2,1,-1.2488724541535483,-1.0010288517077257,0.0,0.0,0.0,0.0,0.0,0.0,0.0,0.0,0.0,0.0,0.0,0.0,0.0,0.0,0.0,0.0,0.0,0.0,0.0,0.0,0.0,0.0,0.0,0.0,0.0,0.0,0.0,0.0,0.0,0.0,0.01,0.0,0.0,0.0,0.0,0.0,0.0,0.0,0.0,0.0,0.0,0.0,0.0,0.0,0.0,0.0,0.0,0.0,0.0,0.0,0.0,0.0,0.0,0.0,0.0,0,0,1.0,0.0,0,0.0,0,0.0,0.0,0.0496,easy,0.0,0,0,0,0,0,0,0,0,0,0,0,0,0,0,1,0,0,0,0,0,0
220,112,0,5d482eaa21c9be351f763d1b,2020-05-01 19:22:31.338000+00:00,hiya,0.75,1,0.25,4,hiya.,2,1,4,1,-1.2488724541535483,-1.0010288517077257,0.0,0.0,0.0,0.0,0.0,0.0,0.0,0.0,0.0,0.0,0.0,0.0,0.0,0.0,0.0,0.0,0.0,0.0,0.0,0.0,0.0,0.0,0.0,0.0,0.0,0.0,0.0,0.0,0.0,0.0,0.0,0.0,0.0,0.0,0.0,0.0,0.0,0.0,0.0,0.0,0.0,0.0,0.0,0.0,0.0,0.0,0.0,0.0,0.0,0.0,0.0,0.0,0.0,0.0,0.0,0,0,1.0,0.0,0,0.0,0,0.0,0.0,0.0496,easy,3.501,0,0,0,0,0,0,0,0,0,0,0,0,0,0,0,0,0,0,0,0,0
220,112,0,5d482eab21c9be351f764120,2020-05-01 19:22:34.414000+00:00,hello,0.75,1,0.25,4,hello,3,1,5,1,-1.2488724541535483,-1.0010288517077257,0.0,0.0,0.0,0.0,0.0,0.0,0.0,0.0,0.0,0.0,0.0,0.0,0.0,0.0,0.0,0.0,0.0,0.0,0.0,0.0,0.0,0.0,0.0,0.0,0.0,0.0,0.0,0.0,0.0,0.0,0.010000000000000002,0.0,0.0,0.0,0.0,0.0,0.0,0.0,0.0,0.0,0.0,0.0,0.0,0.0,0.0,0.0,0.0,0.0,0.0,0.0,0.0,0.0,0.0,0.0,0.0,0,0,1.0,0.0,0,0.0,0,0.0,0.0,0.0496,easy,3.076,0,0,0,0,0,0,0,0,0,0,0,0,0,0,1,0,0,0,0,0,0
220,112,0,5d482eaa21c9be351f763d1b,2020-05-01 19:22:35.759000+00:00,in this case i think theyre both assholes,0.75,1,0.25,4,"in this case, i think they're both assholes.",4,8,41,1,-0.6611826942894591,-0.4996952533074572,0.0,0.0,0.0,0.0,0.0,0.01,0.0,0.0,0.0,0.0,0.0,0.0,0.01,0.0,0.0,0.0,0.0,0.0,0.0,0.01,0.0,0.01,0.0,0.02,0.0,0.0,0.02,0.0,0.0,0.0,0.01,0.01,0.0,0.0,0.0,0.0,0.01,0.01,0.0,0.0,0.0,0.02,0.0,0.0,0.0,0.01,0.02,0.01,0.0,0.0,0.0,0.0,0.01,0.04,0.0,0,0,1.0,0.125,0,0.0,0,0.0,0.0,0.3968,easy,1.345,0,0,1,0,1,0,0,0,0,0,1,0,0,0,0,0,0,0,0,0,0
220,112,0,5eac6f76d5ea945196fa21d7,2020-05-01 19:22:37.076000+00:00,hi,0.75,1,0.25,4,hi,5,1,2,1,-1.2488724541535483,-1.0010288517077257,0.0,0.0,0.0,0.0,0.0,0.0,0.0,0.0,0.0,0.0,0.0,0.0,0.0,0.0,0.0,0.0,0.0,0.0,0.0,0.0,0.0,0.0,0.0,0.0,0.0,0.0,0.0,0.0,0.0,0.0,0.01,0.0,0.0,0.0,0.0,0.0,0.0,0.0,0.0,0.0,0.0,0.0,0.0,0.0,0.0,0.0,0.0,0.0,0.0,0.0,0.0,0.0,0.0,0.0,0.0,0,0,1.0,0.0,0,0.0,0,0.0,0.0,0.0496,easy,1.317,0,0,0,0,0,0,0,0,0,0,0,0,0,0,1,0,0,0,0,0,0
220,112,0,5eac58b0d5ea945196fa0707,2020-05-01 19:22:40.837000+00:00,hi there,0.75,1,0.25,4,hi there,6,2,8,1,-1.2488724541535483,-1.0010288517077257,0.0,0.0,0.0,0.0,0.0,0.0,0.0,0.0,0.01,0.0,0.0,0.0,0.0,0.0,0.0,0.0,0.0,0.0,0.0,0.0,0.0,0.0,0.0,0.0,0.0,0.0,0.0,0.0,0.0,0.0,0.01,0.0,0.0,0.0,0.0,0.0,0.0,0.0,0.0,0.0,0.0,0.0,0.0,0.0,0.0,0.0,0.0,0.0,0.0,0.0,0.0,0.0,0.0,0.01,0.0,0,0,1.0,0.5,1,0.0,0,0.0,0.0,0.0992,easy,3.761,0,0,0,0,0,0,0,0,0,0,0,0,0,0,1,0,0,0,0,0,0
220,112,0,5d482eaa21c9be351f763d1b,2020-05-01 19:22:42.110000+00:00,however the question is am i the asshole,0.75,1,0.25,4,"however, the question is ""am i the asshole""",7,8,40,1,-0.6611826942894591,-0.4996952533074572,0.0,0.0,0.0,0.010000000000000002,0.0,0.0,0.0,0.0,0.010000000000000002,0.0,0.0,0.0,0.010000000000000002,0.0,0.0,0.0,0.0,0.0,0.0,0.0,0.0,0.010000000000000002,0.0,0.020000000000000004,0.0,0.0,0.0,0.0,0.0,0.0,0.010000000000000002,0.0,0.0,0.0,0.0,0.0,0.010000000000000002,0.010000000000000002,0.0,0.010000000000000002,0.0,0.020000000000000004,0.0,0.020000000000000004,0.0,0.020000000000000004,0.010000000000000002,0.0,0.0,0.0,0.0,0.0,0.010000000000000002,0.05,0.0,0,0,0.875,0.125,0,0.0,0,0.0,0.0,0.3968,easy,1.273,0,0,0,0,0,0,0,0,0,0,1,0,0,0,0,0,0,0,0,0,0
220,112,0,5eac6f76d5ea945196fa21d7,2020-05-01 19:22:54.622000+00:00,i think she is no asshole,0.75,1,0.25,4,i think she is no asshole,8,6,25,1,-0.8570792809108222,-0.6668064527742134,0.0,0.0,0.0,0.0,0.0,0.0,0.0,0.0,0.0,0.0,0.01,0.01,0.01,0.0,0.0,0.0,0.0,0.0,0.0,0.0,0.0,0.01,0.0,0.02,0.0,0.0,0.0,0.0,0.0,0.0,0.01,0.0,0.0,0.0,0.0,0.0,0.01,0.01,0.0,0.0,0.0,0.02,0.0,0.0,0.01,0.01,0.01,0.0,0.0,0.0,0.0,0.0,0.01,0.04,0.0,0,0,1.0,0.16666666666666666,1,0.0004753880472329106,0,0.0,0.0,0.2976,easy,12.512,0,0,1,0,1,0,0,0,0,0,0,1,0,0,0,0,0,0,0,0,0
220,112,0,5eac6f58d5ea945196fa21c6,2020-05-01 19:23:11.717000+00:00,she is the asshole,0.75,1,0.25,4,she is the asshole,9,4,18,1,-0.9550275742215037,-0.7503620525075914,0.0,0.0,0.0,0.0,0.0,0.0,0.0,0.0,0.0,0.0,0.009999999999999998,0.0,0.009999999999999998,0.0,0.0,0.0,0.0,0.0,0.0,0.0,0.0,0.0,0.0,0.009999999999999998,0.0,0.0,0.0,0.0,0.0,0.0,0.009999999999999998,0.0,0.0,0.0,0.0,0.0,0.009999999999999998,0.0,0.0,0.0,0.0,0.009999999999999998,0.0,0.009999999999999998,0.0,0.009999999999999998,0.0,0.0,0.0,0.0,0.0,0.0,0.0,0.03,0.0,0,0,1.0,0.0,2,0.0003202049311559398,0,0.0,0.0,0.1984,easy,17.095,0,0,0,0,0,0,0,0,0,0,0,0,0,0,0,0,0,0,0,0,0
220,112,0,5d482eaa21c9be351f763d1b,2020-05-01 19:23:19.333000+00:00,i think the girl whos making her husband do it is the asshole because she explicitly says shes making him do it sure shes busy but she makes it seem like it doesnt take much time to do she can tell he doesnt like doing it,0.75,1,0.25,4,"i think the girl who's making her husband do it is the asshole because she explicitly says she's making him do it. sure she's busy, but she makes it seem like it doesn't take much time to do. she can tell he doesn't like doing it.",10,46,221,1,3.06085245151644,2.67541753656091,0.0,0.01,0.0,0.02,0.02,0.0,0.0,0.0,0.0,0.0,0.08,0.02,0.01,0.0,0.0,0.0,0.0,0.01,0.0,0.01,0.03,0.02,0.01,0.13999999999999999,0.0,0.0,0.02,0.0,0.0,0.0,0.13,0.049999999999999996,0.0,0.01,0.0,0.04,0.01,0.01,0.0,0.01,0.01,0.15,0.0,0.02,0.02,0.09999999999999999,0.09,0.01,0.0,0.01,0.0,0.02,0.01,0.23,0.0,0,0,0.717391304347826,0.021739130434782608,6,0.0003202049311559398,0,0.46296296296296297,0.26666666666666666,2.2816,easy,7.616,0,0,1,0,1,0,0,0,0,0,0,1,0,0,0,0,0,1,0,0,0
220,112,0,5d482eab21c9be351f764120,2020-05-01 19:23:20.620000+00:00,i dont think she is an asshole for wanting her husband to help,0.75,1,0.25,4,i don't think she is an asshole for wanting her husband to help,11,13,62,1,-0.17144122773605125,-0.08191725464056675,0.01,0.0,0.0,0.0,0.0,0.0,0.0,0.0,0.0,0.0,0.02,0.01,0.01,0.0,0.0,0.0,0.0,0.01,0.0,0.0,0.0,0.01,0.0,0.03,0.0,0.0,0.0,0.0,0.0,0.0,0.04,0.0,0.0,0.0,0.0,0.0,0.01,0.01,0.0,0.0,0.0,0.03,0.0,0.01,0.0,0.02,0.02,0.02,0.0,0.0,0.0,0.0,0.01,0.06999999999999999,0.0,0,0,1.0,0.07692307692307693,4,0.0015516221408277456,0,0.0,0.0,0.6447999999999999,easy,1.287,0,0,1,0,1,0,0,0,0,0,0,1,0,0,0,0,0,0,0,0,0
220,112,0,5d482eab21c9be351f763fda,2020-05-01 19:23:23.399000+00:00,i feel like she shouldnt be putting it all on her husband if it only takes 10 min they could both take turns possibly,0.75,1,0.25,4,"i feel like she shouldn't be putting it all on her husband. if it only takes 10 min, they could both take turns possibly?",12,24,117,1,0.9059899986814458,0.8371943424265922,0.029999999999999995,0.0,0.0,0.01,0.01,0.01,0.0,0.0,0.01,0.0,0.02,0.01,0.0,0.0,0.0,0.0,0.0,0.01,0.0,0.01,0.01,0.01,0.0,0.04,0.01,0.0,0.04,0.0,0.0,0.0,0.04,0.02,0.0,0.0,0.0,0.0,0.0,0.01,0.01,0.02,0.01,0.06999999999999999,0.0,0.0,0.0,0.029999999999999995,0.06999999999999999,0.01,0.0,0.01,0.0,0.01,0.01,0.11999999999999998,0.01,1,0,0.9583333333333334,0.041666666666666664,2,0.0008829851539226769,1,1.0,0.0,1.1904,easy,2.779,0,0,1,0,1,0,0,0,0,0,0,1,0,0,0,0,0,1,0,0,0
220,112,0,5d482eaa21c9be351f763d1b,2020-05-01 19:23:26.876000+00:00,yet continues to make him do it i dont think shes an asshole for wanting him to help i think shes an asshole because shes making him help hes a bit rude too saying why cant they just learn english but shes forcing him to translate when he doesnt want to,0.75,1,0.25,4,"yet continues to make him do it. i don't think she's an asshole for wanting him to help i think she's an asshole because she's -making- him help. he's a bit rude, too, saying ""why can't they just learn english"" but she's forcing him to translate when he doesn't want to.",13,51,253,1,3.4526456247591666,3.009639935494422,0.019999999999999997,0.009999999999999998,0.0,0.029999999999999995,0.0,0.0,0.0,0.0,0.039999999999999994,0.0,0.09999999999999999,0.029999999999999995,0.019999999999999997,0.0,0.0,0.0,0.0,0.0,0.009999999999999998,0.009999999999999998,0.0,0.029999999999999995,0.0,0.13,0.0,0.0,0.029999999999999995,0.0,0.0,0.0,0.13999999999999999,0.009999999999999998,0.0,0.009999999999999998,0.0,0.039999999999999994,0.029999999999999995,0.019999999999999997,0.0,0.0,0.019999999999999997,0.13,0.0,0.029999999999999995,0.029999999999999995,0.09,0.10999999999999999,0.049999999999999996,0.0,0.009999999999999998,0.0,0.009999999999999998,0.019999999999999997,0.23999999999999996,0.0,0,0,0.7254901960784313,0.0392156862745098,2,0.00031036623215394165,0,0.3,-0.15,2.5296,easy,3.477,0,0,1,0,1,0,0,0,0,0,1,1,0,0,0,0,1,0,1,0,0
221,112,1,5eac6f76d5ea945196fa21d7,2020-05-01 19:37:17.309000+00:00,hello i think he is the asshole,0.666666667,0,0.0,6,"hello, i think he is the asshole",1,7,31,1,-0.7591309876001406,-0.5834627467568276,0.0,0.0,0.0,0.0,0.0,0.0,0.0,0.0,0.0,0.0,0.01,0.0,0.01,0.0,0.0,0.0,0.0,0.0,0.0,0.0,0.0,0.01,0.0,0.02,0.0,0.0,0.0,0.0,0.0,0.0,0.02,0.0,0.0,0.0,0.0,0.0,0.01,0.01,0.0,0.0,0.0,0.02,0.0,0.01,0.0,0.01,0.01,0.0,0.0,0.0,0.0,0.0,0.01,0.04,0.0,0,0,1.0,0.14285714285714285,0,0.0,0,0.0,0.0,0.3472,easy,0.0,0,0,1,0,1,0,0,0,0,0,1,0,0,0,1,0,0,0,0,0,0
221,112,1,5d482eaa21c9be351f763d1b,2020-05-01 19:37:26.993000+00:00,i think he is an asshole just because he learned a language quickly doesnt mean others can,0.666666667,0,0.0,6,i think he is an asshole. just because he learned a language quickly doesn't mean others can.,2,17,90,1,0.22035194550667497,0.5134472171460082,0.0,0.0,0.0,0.01,0.0,0.0,0.0,0.0,0.02,0.0,0.02,0.01,0.01,0.0,0.0,0.0,0.0,0.0,0.0,0.0,0.0,0.03,0.0,0.049999999999999996,0.0,0.0,0.01,0.0,0.0,0.0,0.03,0.01,0.0,0.01,0.0,0.01,0.01,0.01,0.0,0.0,0.01,0.049999999999999996,0.0,0.02,0.02,0.03,0.049999999999999996,0.0,0.0,0.0,0.0,0.01,0.01,0.09000000000000001,0.0,0,0,0.9411764705882353,0.058823529411764705,3,0.0008238201029820396,0,0.59375,0.010416666666666657,0.8432,easy,9.684,0,0,1,0,1,0,0,0,0,0,0,1,0,0,0,0,0,0,0,0,0
221,112,1,5d482eab21c9be351f764120,2020-05-01 19:37:31.571000+00:00,hello,0.666666667,0,0.0,6,hello,3,1,5,1,-1.2488724541535483,-1.1319177287082456,0.0,0.0,0.0,0.0,0.0,0.0,0.0,0.0,0.0,0.0,0.0,0.0,0.0,0.0,0.0,0.0,0.0,0.0,0.0,0.0,0.0,0.0,0.0,0.0,0.0,0.0,0.0,0.0,0.0,0.0,0.010000000000000002,0.0,0.0,0.0,0.0,0.0,0.0,0.0,0.0,0.0,0.0,0.0,0.0,0.0,0.0,0.0,0.0,0.0,0.0,0.0,0.0,0.0,0.0,0.0,0.0,0,0,1.0,0.0,0,0.0,0,0.0,0.0,0.0496,easy,4.578,0,0,0,0,0,0,0,0,0,0,0,0,0,0,1,0,0,0,0,0,0
221,112,1,5d482eab21c9be351f763fda,2020-05-01 19:37:36.629000+00:00,i think he is shes been here for 8 years im sure shes been trying her best,0.666666667,0,0.0,6,"i think he is. she's been here for 8 years, i'm sure she's been trying her best.",4,17,74,1,0.22035194550667497,0.5134472171460082,0.0,0.0,0.0,0.0,0.01,0.0,0.0,0.02,0.01,0.0,0.04,0.0,0.0,0.0,0.0,0.0,0.0,0.0,0.0,0.0,0.02,0.01,0.0,0.04,0.0,0.02,0.01,0.0,0.0,0.0,0.04,0.0,0.0,0.0,0.0,0.0,0.0,0.01,0.0,0.0,0.0,0.060000000000000005,0.0,0.0,0.0,0.05,0.02,0.01,0.0,0.0,0.0,0.01,0.01,0.08,0.0,0,0,0.8823529411764706,0.058823529411764705,0,0.0,0,0.5944444444444444,0.75,0.8432,easy,5.058,0,0,1,0,1,0,0,0,0,0,1,1,0,0,0,0,0,1,0,0,0
221,112,1,5eac6f58d5ea945196fa21c6,2020-05-01 19:37:38.499000+00:00,i think he is an asshole,0.666666667,0,0.0,6,i think he is an asshole,5,6,24,1,-0.8570792809108222,-0.6931537431471112,0.0,0.0,0.0,0.0,0.0,0.0,0.0,0.0,0.0,0.0,0.009999999999999998,0.0,0.009999999999999998,0.0,0.0,0.0,0.0,0.0,0.0,0.0,0.0,0.009999999999999998,0.0,0.019999999999999997,0.0,0.0,0.0,0.0,0.0,0.0,0.009999999999999998,0.0,0.0,0.0,0.0,0.0,0.009999999999999998,0.009999999999999998,0.0,0.0,0.0,0.019999999999999997,0.0,0.009999999999999998,0.0,0.009999999999999998,0.009999999999999998,0.0,0.0,0.0,0.0,0.0,0.009999999999999998,0.039999999999999994,0.0,0,0,1.0,0.16666666666666666,2,0.0005036151718260998,0,0.0,0.0,0.2976,easy,1.87,0,0,1,0,1,0,0,0,0,0,0,1,0,0,0,0,0,0,0,0,0
221,112,1,5eac6f76d5ea945196fa21d7,2020-05-01 19:37:41.677000+00:00,he is an asshole,0.666666667,0,0.0,6,he is an asshole,6,4,16,1,-0.9550275742215037,-0.8028447395373948,0.0,0.0,0.0,0.0,0.0,0.0,0.0,0.0,0.0,0.0,0.01,0.0,0.01,0.0,0.0,0.0,0.0,0.0,0.0,0.0,0.0,0.0,0.0,0.01,0.0,0.0,0.0,0.0,0.0,0.0,0.01,0.0,0.0,0.0,0.0,0.0,0.01,0.0,0.0,0.0,0.0,0.01,0.0,0.01,0.0,0.01,0.0,0.0,0.0,0.0,0.0,0.0,0.0,0.03,0.0,0,0,1.0,0.0,3,0.0003202049311559398,0,0.0,0.0,0.1984,easy,3.178,0,0,0,0,0,0,0,0,0,0,0,0,0,0,0,0,0,0,0,0,0
221,112,1,5eac6f58d5ea945196fa21c6,2020-05-01 19:37:46.257000+00:00,i think he is an asshole,0.666666667,0,0.0,6,i think he is an asshole,7,6,24,1,-0.8570792809108222,-0.6931537431471112,0.0,0.0,0.0,0.0,0.0,0.0,0.0,0.0,0.0,0.0,0.009999999999999998,0.0,0.009999999999999998,0.0,0.0,0.0,0.0,0.0,0.0,0.0,0.0,0.009999999999999998,0.0,0.019999999999999997,0.0,0.0,0.0,0.0,0.0,0.0,0.009999999999999998,0.0,0.0,0.0,0.0,0.0,0.009999999999999998,0.009999999999999998,0.0,0.0,0.0,0.019999999999999997,0.0,0.009999999999999998,0.0,0.009999999999999998,0.009999999999999998,0.0,0.0,0.0,0.0,0.0,0.009999999999999998,0.039999999999999994,0.0,0,0,1.0,0.16666666666666666,3,0.0003202049311559398,0,0.0,0.0,0.2976,easy,4.58,0,0,1,0,1,0,0,0,0,0,0,1,0,0,0,0,0,0,0,0,0
221,112,1,5eac58b0d5ea945196fa0707,2020-05-01 19:37:48.218000+00:00,hes the asshole we all learn in different ways ,0.666666667,0,0.0,6,"he's the asshole, we all learn in different ways ",8,9,47,1,-0.5632344009787775,-0.3640807539762605,0.0,0.0,0.0,0.0,0.009999999999999998,0.009999999999999998,0.0,0.0,0.0,0.0,0.009999999999999998,0.0,0.009999999999999998,0.0,0.0,0.0,0.0,0.0,0.0,0.0,0.0,0.009999999999999998,0.0,0.009999999999999998,0.0,0.0,0.009999999999999998,0.0,0.0,0.0,0.019999999999999997,0.0,0.0,0.009999999999999998,0.0,0.0,0.009999999999999998,0.0,0.0,0.0,0.0,0.009999999999999998,0.0,0.009999999999999998,0.0,0.009999999999999998,0.029999999999999995,0.009999999999999998,0.009999999999999998,0.0,0.0,0.0,0.009999999999999998,0.039999999999999994,0.0,0,0,1.0,0.1111111111111111,0,0.0003202049311559398,0,0.6,0.0,0.44639999999999996,easy,1.961,0,0,0,0,0,0,0,0,0,1,0,0,0,0,0,0,0,0,0,0,0
221,112,1,5d482eaa21c9be351f763d1b,2020-05-01 19:37:57.300000+00:00,also doesnt mean shes not trying to learn either i have foreign parents and they try but it just doesnt stick,0.666666667,0,0.0,6,"also doesn't mean she's not trying to learn, either. i have foreign parents and they try, but it just doesn't stick.",9,21,109,1,0.6121451187494011,0.9522112027071425,0.0,0.0,0.0,0.030000000000000002,0.0,0.010000000000000002,0.0,0.020000000000000004,0.020000000000000004,0.0,0.010000000000000002,0.030000000000000002,0.0,0.0,0.0,0.0,0.0,0.010000000000000002,0.0,0.010000000000000002,0.0,0.020000000000000004,0.0,0.060000000000000005,0.0,0.0,0.0,0.0,0.0,0.0,0.030000000000000002,0.010000000000000002,0.0,0.010000000000000002,0.0,0.0,0.0,0.010000000000000002,0.0,0.0,0.04000000000000001,0.060000000000000005,0.0,0.0,0.030000000000000002,0.04000000000000001,0.07,0.010000000000000002,0.0,0.0,0.0,0.0,0.010000000000000002,0.09000000000000001,0.0,0,0,0.9523809523809523,0.047619047619047616,0,0.0011723329425556857,0,0.40625,-0.21875,1.0415999999999999,easy,9.082,0,0,0,0,0,0,0,0,0,0,1,0,0,0,0,0,1,0,0,0,0
221,112,1,5eac6f76d5ea945196fa21d7,2020-05-01 19:38:16.084000+00:00,he told the inlaw to go learn a language in such a rude manner,0.666666667,0,0.0,6,he told the inlaw to go learn a language in such a rude manner,10,14,62,1,0.024455358885311848,0.294065224365441,0.0,0.0,0.0,0.0,0.0,0.0,0.0,0.0,0.01,0.0,0.01,0.0,0.0,0.0,0.0,0.0,0.0,0.0,0.01,0.0,0.0,0.01,0.0,0.01,0.0,0.01,0.02,0.0,0.0,0.0,0.03,0.0,0.0,0.01,0.0,0.0,0.01,0.0,0.0,0.0,0.0,0.02,0.0,0.03,0.0,0.0,0.01,0.02,0.0,0.0,0.0,0.02,0.0,0.06999999999999999,0.0,0,0,0.9285714285714286,0.0,1,0.0011723329425556857,0,0.55,-0.15,0.6944,easy,18.784,0,0,0,0,0,0,0,0,0,0,0,0,0,0,0,0,0,0,1,0,0
221,112,1,5d482eaa21c9be351f763d1b,2020-05-01 19:38:29.733000+00:00,also the way he edited the reddit post was super rude,0.666666667,0,0.0,6,also the way he edited the reddit post was super rude,11,11,53,1,-0.2693895210467328,-0.03500776480540974,0.0,0.0,0.0,0.01,0.0,0.0,0.0,0.01,0.01,0.0,0.01,0.0,0.0,0.0,0.0,0.0,0.0,0.0,0.01,0.0,0.01,0.0,0.0,0.0,0.0,0.01,0.02,0.0,0.0,0.0,0.01,0.0,0.0,0.01,0.0,0.0,0.01,0.0,0.0,0.0,0.0,0.01,0.0,0.02,0.0,0.01,0.0,0.0,0.0,0.0,0.0,0.01,0.0,0.04,0.0,0,0,0.9090909090909091,0.0,3,0.0026246719160104987,0,0.6333333333333333,0.016666666666666663,0.5456,easy,13.649,0,0,0,0,0,0,0,0,0,0,0,0,0,0,0,0,0,1,1,0,0
221,112,1,5d482eab21c9be351f763fda,2020-05-01 19:38:33.076000+00:00,definitely ,0.666666667,0,0.0,6,definitely. ,12,1,11,1,-1.2488724541535483,-1.1319177287082456,0.0,0.0,0.0,0.0,0.01,0.0,0.0,0.0,0.01,0.0,0.0,0.0,0.0,0.0,0.0,0.0,0.0,0.0,0.0,0.0,0.01,0.0,0.0,0.0,0.0,0.0,0.0,0.0,0.0,0.0,0.0,0.0,0.0,0.0,0.0,0.0,0.0,0.0,0.0,0.0,0.0,0.0,0.0,0.0,0.0,0.0,0.01,0.0,0.0,0.0,0.0,0.0,0.0,0.0,0.0,0,0,1.0,0.0,0,0.0,0,0.5,0.0,0.0496,easy,3.343,0,0,0,0,0,0,0,0,0,0,0,0,0,0,0,0,0,0,0,0,0
222,113,0,5eab7fb2d5ea945196f9ec55,2020-05-01 18:08:40.808000+00:00,narrator is asshole,0.714285714,2,0.285714286,7,narrator is asshole,1,3,19,1,-1.0529758675321852,-0.9635511840766758,0.0,0.0,0.0,0.0,0.0,0.0,0.0,0.0,0.0,0.0,0.0,0.0,0.01,0.0,0.0,0.0,0.0,0.0,0.0,0.0,0.0,0.0,0.0,0.01,0.0,0.0,0.0,0.0,0.0,0.0,0.0,0.0,0.0,0.0,0.0,0.0,0.01,0.0,0.0,0.0,0.0,0.01,0.0,0.0,0.0,0.01,0.0,0.0,0.0,0.0,0.0,0.0,0.0,0.01,0.0,0,0,1.0,0.0,0,0.0,0,0.0,0.0,0.1488,easy,0.0,0,0,0,0,0,0,0,0,0,0,0,0,0,0,0,0,0,0,0,0,0
222,113,0,5d482eab21c9be351f763e5e,2020-05-01 18:08:48.640000+00:00,i agree,0.714285714,2,0.285714286,7,i agree,2,2,7,1,-1.2488724541535483,-1.2444842658790827,0.0,0.0,0.0,0.0,0.0,0.0,0.0,0.0,0.0,0.0,0.0,0.0,0.0,0.0,0.0,0.0,0.0,0.0,0.0,0.0,0.01,0.0,0.0,0.0,0.0,0.0,0.0,0.0,0.0,0.0,0.0,0.0,0.0,0.0,0.0,0.0,0.0,0.01,0.0,0.0,0.0,0.0,0.0,0.0,0.0,0.0,0.0,0.0,0.0,0.0,0.0,0.0,0.01,0.01,0.0,0,0,1.0,0.5,0,0.0,0,0.0,0.0,0.0992,easy,7.832,0,0,0,0,0,0,0,0,0,0,0,1,0,0,0,0,0,0,0,0,0
222,113,0,5d482ea621c9be351f762b0e,2020-05-01 18:08:55.955000+00:00,i feel like the narrator is being a little racist,0.714285714,2,0.285714286,7,i feel like the narrator is being a little racist,3,10,49,1,-0.4652861076680959,-0.12075193866945548,0.0,0.0,0.0,0.0,0.0,0.0,0.0,0.0,0.0,0.0,0.0,0.0,0.0,0.0,0.0,0.0,0.0,0.0,0.0,0.0,0.009999999999999998,0.009999999999999998,0.0,0.019999999999999997,0.0,0.0,0.009999999999999998,0.0,0.0,0.0,0.0,0.0,0.0,0.0,0.0,0.0,0.0,0.009999999999999998,0.009999999999999998,0.0,0.0,0.03,0.0,0.019999999999999997,0.0,0.019999999999999997,0.009999999999999998,0.0,0.0,0.009999999999999998,0.0,0.019999999999999997,0.009999999999999998,0.05,0.009999999999999998,0,0,1.0,0.1,0,0.00015518311607697082,1,0.5,-0.1875,0.496,easy,7.315,0,0,1,0,1,0,0,0,0,0,0,1,0,0,0,0,0,1,1,0,0
222,113,0,5eac5dced5ea945196fa0742,2020-05-01 18:09:04.491000+00:00,i think the narrator couldve been more polite about asking,0.714285714,2,0.285714286,7,i think the narrator could've been more polite about asking,4,10,58,1,-0.4652861076680959,-0.12075193866945548,0.009999999999999998,0.0,0.0,0.0,0.0,0.0,0.0,0.0,0.009999999999999998,0.0,0.0,0.0,0.0,0.0,0.0,0.0,0.0,0.0,0.0,0.009999999999999998,0.0,0.009999999999999998,0.0,0.009999999999999998,0.009999999999999998,0.019999999999999997,0.0,0.0,0.0,0.0,0.009999999999999998,0.0,0.0,0.0,0.0,0.0,0.0,0.009999999999999998,0.0,0.0,0.0,0.03,0.0,0.009999999999999998,0.0,0.019999999999999997,0.019999999999999997,0.009999999999999998,0.0,0.0,0.0,0.009999999999999998,0.009999999999999998,0.05,0.0,0,0,1.0,0.1,1,0.05278676206344539,0,0.5,0.5,0.496,easy,8.536,0,0,1,0,1,0,0,0,0,0,0,1,0,0,0,0,0,1,0,0,0
222,113,0,5eab7fb2d5ea945196f9ec55,2020-05-01 18:09:20.860000+00:00,some people feel left out and handle it badly i think she did that,0.714285714,2,0.285714286,7,"some people feel left out and handle it badly, i think she did that",5,14,66,1,-0.07349293442536971,0.44111422493535807,0.0,0.0,0.0,0.01,0.0,0.02,0.0,0.0,0.0,0.0,0.01,0.0,0.0,0.0,0.0,0.0,0.0,0.0,0.0,0.01,0.0,0.02,0.01,0.02,0.0,0.01,0.02,0.0,0.0,0.0,0.02,0.02,0.0,0.0,0.0,0.0,0.0,0.01,0.01,0.01,0.0,0.030000000000000002,0.0,0.0,0.01,0.01,0.05,0.01,0.0,0.01,0.0,0.0,0.01,0.08,0.0,0,0,1.0,0.07142857142857142,0,0.0005036151718260998,0,0.3333333333333333,-0.3499999999999999,0.6944,easy,16.369,0,0,1,0,1,0,0,0,0,0,1,0,0,0,0,0,0,0,1,0,0
222,113,0,5d482ea621c9be351f7629ca,2020-05-01 18:09:29.711000+00:00,i think everyone sucks,0.714285714,2,0.285714286,7,i think everyone sucks,6,4,22,1,-1.0529758675321852,-0.9635511840766758,0.0,0.0,0.0,0.0,0.0,0.0,0.0,0.0,0.0,0.0,0.0,0.0,0.01,0.0,0.0,0.0,0.0,0.0,0.0,0.0,0.0,0.01,0.0,0.02,0.0,0.0,0.0,0.0,0.0,0.0,0.01,0.01,0.0,0.0,0.0,0.0,0.01,0.01,0.0,0.0,0.0,0.02,0.0,0.0,0.0,0.0,0.01,0.0,0.0,0.0,0.0,0.0,0.01,0.01,0.0,0,0,1.0,0.25,0,0.0005036151718260998,0,0.3,-0.3,0.1984,easy,8.851,0,0,1,0,1,0,0,0,0,0,0,1,0,0,0,0,0,0,1,0,0
222,113,0,5eab7fb2d5ea945196f9ec55,2020-05-01 18:09:32.309000+00:00,that too,0.714285714,2,0.285714286,7,that too,7,2,8,1,-1.1509241608428669,-1.1040177249778793,0.0,0.0,0.0,0.0,0.0,0.0,0.0,0.0,0.01,0.0,0.0,0.0,0.0,0.0,0.0,0.0,0.0,0.0,0.0,0.0,0.0,0.0,0.0,0.0,0.0,0.0,0.0,0.0,0.0,0.0,0.0,0.01,0.0,0.0,0.0,0.0,0.0,0.0,0.0,0.0,0.0,0.0,0.0,0.0,0.0,0.0,0.0,0.0,0.0,0.0,0.0,0.0,0.0,0.02,0.0,0,0,1.0,0.0,0,0.0,0,0.0,0.0,0.0992,easy,2.598,0,0,0,0,0,0,0,0,0,0,0,0,0,0,0,0,0,0,0,0,0
222,113,0,5d482ea621c9be351f762b0e,2020-05-01 18:09:33.032000+00:00,the narrator didnt make any effort to learn french to join in,0.714285714,2,0.285714286,7,the narrator didn't make any effort to learn french to join in,8,12,61,1,-0.17144122773605125,0.3006476840341547,0.0,0.0,0.0,0.0,0.0,0.0,0.0,0.01,0.0,0.0,0.0,0.01,0.0,0.0,0.0,0.0,0.0,0.0,0.0,0.0,0.0,0.01,0.0,0.01,0.0,0.01,0.01,0.0,0.0,0.0,0.0,0.0,0.0,0.01,0.0,0.01,0.0,0.0,0.0,0.01,0.0,0.02,0.0,0.01,0.0,0.01,0.03,0.03,0.0,0.0,0.0,0.0,0.0,0.049999999999999996,0.0,0,0,0.9166666666666666,0.0,0,0.0,0,0.0,0.0,0.5952,easy,0.723,0,0,0,0,0,0,0,0,0,0,0,0,0,0,0,0,0,0,0,0,0
222,113,0,5eab7fb2d5ea945196f9ec55,2020-05-01 18:09:46.836000+00:00,exactly,0.714285714,2,0.285714286,7,exactly,9,1,7,1,-1.2488724541535483,-1.2444842658790827,0.0,0.0,0.0,0.0,0.01,0.0,0.0,0.0,0.0,0.0,0.0,0.0,0.0,0.0,0.0,0.0,0.0,0.0,0.0,0.0,0.0,0.0,0.0,0.0,0.0,0.0,0.0,0.0,0.0,0.0,0.0,0.0,0.0,0.0,0.0,0.0,0.0,0.0,0.0,0.0,0.0,0.0,0.0,0.0,0.0,0.0,0.01,0.0,0.0,0.0,0.0,0.0,0.0,0.0,0.0,0,0,1.0,0.0,0,0.0,0,0.25,0.25,0.0496,easy,13.804,0,0,0,0,0,0,0,0,0,0,0,0,0,0,0,0,0,0,0,0,0
222,113,0,5eac5dced5ea945196fa0742,2020-05-01 18:09:47.654000+00:00,shouldve pulled their son aside separately and asked him to explain the situation,0.714285714,2,0.285714286,7,should've pulled their son aside separately and asked him to explain the situation,10,13,81,1,-0.07349293442536971,0.44111422493535807,0.01,0.0,0.0,0.01,0.0,0.01,0.0,0.0,0.0,0.0,0.01,0.0,0.0,0.0,0.0,0.0,0.0,0.01,0.0,0.0,0.0,0.01,0.0,0.01,0.01,0.02,0.02,0.0,0.0,0.0,0.05,0.0,0.0,0.0,0.0,0.0,0.0,0.0,0.0,0.0,0.0,0.03,0.0,0.01,0.01,0.01,0.03,0.01,0.0,0.0,0.0,0.0,0.0,0.05,0.0,1,0,1.0,0.0,0,0.0,0,0.0,0.0,0.6447999999999999,easy,0.818,0,0,1,0,0,0,0,0,0,0,0,0,0,0,0,0,0,0,0,0,0
222,113,0,5d482ea821c9be351f76324e,2020-05-01 18:09:47.849000+00:00,they are staying with her in her house i think shes entitled to be a part of conversation,0.714285714,2,0.285714286,7,"they are staying with her in her house, i think she's entitled to be a part of conversation.",11,18,89,1,0.31830023881735653,1.0029803885401716,0.0,0.0,0.01,0.0,0.0,0.01,0.0,0.0,0.0,0.0,0.03,0.0,0.0,0.0,0.0,0.0,0.0,0.0,0.0,0.01,0.0,0.01,0.0,0.03,0.0,0.0,0.02,0.0,0.0,0.0,0.05,0.0,0.0,0.0,0.0,0.0,0.0,0.01,0.0,0.0,0.0,0.04,0.0,0.01,0.0,0.03,0.02,0.04,0.0,0.0,0.0,0.01,0.01,0.11,0.0,0,0,0.9444444444444444,0.05555555555555555,1,0.0,0,0.0,0.0,5.406522222222222,medium,0.195,0,0,1,0,1,0,0,0,0,0,1,0,0,0,0,0,0,0,0,0,0
222,113,0,5eac59bed5ea945196fa0710,2020-05-01 18:10:01.756000+00:00,i feel that it is ok to ask them to speak in english when they are in her house so she can join in too,0.714285714,2,0.285714286,7,i feel that it is ok to ask them to speak in english when they are in her house so she can join in too,12,25,102,1,1.0039382919921274,1.9862461748485953,0.0,0.01,0.01,0.02,0.0,0.0,0.0,0.0,0.03,0.0,0.02,0.0,0.0,0.0,0.0,0.0,0.0,0.0,0.0,0.0,0.01,0.01,0.0,0.05,0.0,0.0,0.04,0.0,0.0,0.0,0.06,0.02,0.0,0.0,0.0,0.0,0.0,0.01,0.01,0.0,0.0,0.05,0.0,0.0,0.01,0.03,0.01,0.05,0.0,0.02,0.0,0.0,0.01,0.18000000000000002,0.0,0,0,0.88,0.04,8,0.0042368157691381955,0,0.25,0.25,1.24,easy,13.907,0,0,1,0,1,0,0,0,0,0,0,1,0,0,0,0,0,0,0,0,0
222,113,0,5d482ea621c9be351f7629ca,2020-05-01 18:10:02.556000+00:00,its weird that the partner hasnt talked to her much in the weeks that they have been in her house,0.714285714,2,0.285714286,7,it's weird that the partner hasn't talked to her much in the weeks that they have been in her house,13,20,97,1,0.6121451187494011,1.4243800112437819,0.0,0.0,0.01,0.0,0.0,0.0,0.0,0.0,0.0,0.0,0.02,0.01,0.0,0.0,0.0,0.0,0.0,0.0,0.01,0.01,0.0,0.0,0.01,0.02,0.0,0.02,0.03,0.0,0.0,0.0,0.049999999999999996,0.03,0.0,0.0,0.0,0.0,0.0,0.0,0.0,0.0,0.0,0.04,0.01,0.02,0.0,0.03,0.0,0.03,0.0,0.0,0.0,0.0,0.0,0.13,0.0,0,0,0.8,0.0,8,0.004081632653061225,0,0.6,-0.15,0.992,easy,0.8,0,0,0,0,0,0,0,0,0,0,0,0,0,0,0,0,0,0,1,0,0
222,113,0,5d482eab21c9be351f763e5e,2020-05-01 18:10:03.007000+00:00,the narrator definitely went about it in a rude way,0.714285714,2,0.285714286,7,the narrator definitely went about it in a rude way,14,10,51,1,-0.36733781435741436,0.019714602231747907,0.0,0.0,0.0,0.0,0.01,0.0,0.0,0.0,0.02,0.0,0.0,0.0,0.0,0.0,0.0,0.0,0.0,0.0,0.01,0.0,0.01,0.0,0.0,0.0,0.0,0.01,0.02,0.0,0.0,0.0,0.0,0.01,0.0,0.0,0.0,0.0,0.01,0.0,0.0,0.0,0.0,0.01,0.0,0.02,0.0,0.0,0.01,0.02,0.0,0.0,0.0,0.01,0.0,0.05,0.0,0,0,1.0,0.0,2,0.0,0,0.55,-0.15,0.496,easy,0.451,0,0,0,0,0,0,0,0,0,0,0,0,0,0,0,0,0,0,1,0,0
222,113,0,5eac5dced5ea945196fa0742,2020-05-01 18:10:10.218000+00:00,agreed,0.714285714,2,0.285714286,7,agreed,15,1,6,1,-1.2488724541535483,-1.2444842658790827,0.0,0.0,0.0,0.0,0.0,0.0,0.0,0.0,0.0,0.0,0.0,0.0,0.0,0.0,0.0,0.0,0.0,0.0,0.0,0.0,0.009999999999999998,0.0,0.0,0.0,0.0,0.0,0.0,0.0,0.0,0.0,0.0,0.0,0.0,0.0,0.0,0.0,0.0,0.0,0.0,0.0,0.0,0.0,0.0,0.0,0.0,0.0,0.0,0.0,0.0,0.0,0.0,0.0,0.0,0.0,0.0,0,0,1.0,0.0,0,0.0,0,0.0,0.0,0.0496,easy,7.211,0,0,0,0,0,0,0,0,0,0,0,0,0,0,0,0,0,0,0,0,0
223,113,3,5eab7fb2d5ea945196f9ec55,2020-05-01 18:53:34.361000+00:00,this is a difficult one because it seems that everyone might be the asshole but im not sure,1.0,2,0.25,8,"this is a difficult one because it seems that everyone might be the asshole, but i'm not sure",1,18,91,1,0.4162485321280381,1.2263722379315072,0.0,0.0,0.0,0.020000000000000004,0.010000000000000002,0.0,0.0,0.0,0.0,0.0,0.0,0.010000000000000002,0.010000000000000002,0.0,0.0,0.0,0.0,0.0,0.010000000000000002,0.0,0.010000000000000002,0.010000000000000002,0.0,0.020000000000000004,0.010000000000000002,0.0,0.0,0.0,0.0,0.0,0.010000000000000002,0.04000000000000001,0.0,0.0,0.0,0.010000000000000002,0.010000000000000002,0.0,0.0,0.020000000000000004,0.020000000000000004,0.04000000000000001,0.0,0.020000000000000004,0.020000000000000004,0.030000000000000002,0.060000000000000005,0.0,0.0,0.0,0.0,0.010000000000000002,0.0,0.1,0.0,0,0,1.0,0.0,0,0.0,0,0.9444444444444444,-0.375,0.8927999999999999,easy,0.0,0,0,1,0,1,0,0,0,0,0,1,0,0,0,0,0,0,0,1,0,0
223,113,3,5d482ea821c9be351f76324e,2020-05-01 18:53:39.217000+00:00,i agree,1.0,2,0.25,8,i agree,2,2,7,1,-1.2488724541535483,-1.0194842384430618,0.0,0.0,0.0,0.0,0.0,0.0,0.0,0.0,0.0,0.0,0.0,0.0,0.0,0.0,0.0,0.0,0.0,0.0,0.0,0.0,0.01,0.0,0.0,0.0,0.0,0.0,0.0,0.0,0.0,0.0,0.0,0.0,0.0,0.0,0.0,0.0,0.0,0.01,0.0,0.0,0.0,0.0,0.0,0.0,0.0,0.0,0.0,0.0,0.0,0.0,0.0,0.0,0.01,0.01,0.0,0,0,1.0,0.5,0,0.0,0,0.0,0.0,0.0992,easy,4.856,0,0,0,0,0,0,0,0,0,0,0,1,0,0,0,0,0,0,0,0,0
223,113,3,5eac5dced5ea945196fa0742,2020-05-01 18:53:43.213000+00:00,same,1.0,2,0.25,8,same,3,1,4,1,-1.2488724541535483,-1.0194842384430618,0.0,0.0,0.0,0.0,0.0,0.0,0.0,0.0,0.0,0.0,0.0,0.0,0.0,0.0,0.0,0.0,0.0,0.0,0.0,0.01,0.0,0.0,0.0,0.0,0.0,0.0,0.0,0.0,0.0,0.0,0.0,0.0,0.0,0.0,0.0,0.0,0.0,0.0,0.0,0.0,0.0,0.0,0.0,0.0,0.0,0.0,0.01,0.0,0.0,0.0,0.0,0.0,0.0,0.01,0.0,0,0,1.0,0.0,0,0.0,0,0.125,0.0,0.0496,easy,3.996,0,0,0,0,0,0,0,0,0,0,0,0,0,0,0,0,0,0,0,0,0
223,113,3,5eab7fb2d5ea945196f9ec55,2020-05-01 18:53:50.774000+00:00,i dont think the narrator is the biggest asshole tho,1.0,2,0.25,8,i don't think the narrator is the biggest asshole tho,4,10,52,1,-0.4652861076680959,0.03738939749791188,0.0,0.0,0.0,0.01,0.0,0.0,0.0,0.0,0.01,0.0,0.0,0.01,0.01,0.0,0.0,0.0,0.0,0.0,0.0,0.0,0.0,0.01,0.0,0.030000000000000002,0.0,0.0,0.01,0.0,0.0,0.0,0.0,0.0,0.0,0.0,0.0,0.0,0.01,0.01,0.0,0.0,0.0,0.030000000000000002,0.0,0.02,0.0,0.02,0.01,0.0,0.0,0.0,0.0,0.0,0.01,0.04,0.0,0,0,0.9,0.1,0,0.0,0,0.0,0.0,0.496,easy,7.561,0,0,1,0,1,0,0,0,0,0,0,1,0,0,0,0,0,0,0,0,0
223,113,3,5d482ea621c9be351f762b0e,2020-05-01 18:53:53.703000+00:00,i think the person who posted this was stuck in a decision where they no matter what had to upset someone,1.0,2,0.25,8,i think the person who posted this was stuck in a decision where they no matter what had to upset someone,5,21,105,1,0.6121451187494011,1.4905906469167507,0.0,0.0,0.0,0.0,0.0,0.0,0.0,0.0,0.010000000000000002,0.010000000000000002,0.0,0.010000000000000002,0.0,0.0,0.0,0.0,0.0,0.0,0.010000000000000002,0.0,0.0,0.020000000000000004,0.010000000000000002,0.010000000000000002,0.0,0.03,0.020000000000000004,0.0,0.0,0.0,0.04000000000000001,0.04000000000000001,0.0,0.0,0.0,0.0,0.0,0.010000000000000002,0.0,0.010000000000000002,0.0,0.04000000000000001,0.0,0.020000000000000004,0.010000000000000002,0.020000000000000004,0.04000000000000001,0.020000000000000004,0.0,0.0,0.0,0.010000000000000002,0.010000000000000002,0.13,0.0,0,0,1.0,0.047619047619047616,1,0.0005036151718260998,0,0.0,0.0,1.0415999999999999,easy,2.929,0,0,1,0,1,0,0,0,0,0,0,1,0,0,0,0,0,0,1,0,0
223,113,3,5d482eab21c9be351f763e5e,2020-05-01 18:53:58.492000+00:00,i feel like the narrator isnt the asshole,1.0,2,0.25,8,i feel like the narrator isn't the asshole,6,8,41,1,-0.6611826942894591,-0.22682901148733153,0.0,0.0,0.0,0.0,0.0,0.0,0.0,0.0,0.0,0.0,0.0,0.01,0.01,0.0,0.0,0.0,0.0,0.0,0.0,0.0,0.01,0.01,0.0,0.02,0.0,0.0,0.0,0.0,0.0,0.0,0.0,0.0,0.0,0.0,0.0,0.0,0.01,0.01,0.01,0.0,0.0,0.02,0.0,0.02,0.0,0.01,0.01,0.0,0.0,0.01,0.0,0.01,0.01,0.029999999999999995,0.0,0,0,0.875,0.125,2,0.00015518311607697082,0,0.0,0.0,0.3968,easy,4.789,0,0,1,0,1,0,0,0,0,0,0,1,0,0,0,0,0,1,0,0,0
223,113,3,5ea733583ecdad55472022d2,2020-05-01 18:53:58.748000+00:00,i didnt agree with her mother,1.0,2,0.25,8,i didn't agree with her mother,7,6,29,1,-0.8570792809108222,-0.49104742047257494,0.0,0.0,0.0,0.0,0.0,0.009999999999999998,0.0,0.0,0.0,0.0,0.009999999999999998,0.009999999999999998,0.0,0.0,0.0,0.0,0.0,0.009999999999999998,0.0,0.0,0.009999999999999998,0.0,0.0,0.0,0.0,0.009999999999999998,0.0,0.0,0.0,0.0,0.019999999999999997,0.0,0.0,0.0,0.0,0.0,0.0,0.009999999999999998,0.0,0.0,0.0,0.009999999999999998,0.0,0.0,0.0,0.009999999999999998,0.009999999999999998,0.009999999999999998,0.0,0.0,0.0,0.0,0.009999999999999998,0.03,0.0,0,0,1.0,0.16666666666666666,0,0.00015518311607697082,0,0.0,0.0,0.2976,easy,0.256,0,0,0,0,0,0,0,0,0,0,0,1,0,0,0,0,0,0,0,0,0
223,113,3,5eab7fb2d5ea945196f9ec55,2020-05-01 18:53:59.570000+00:00,exactly,1.0,2,0.25,8,exactly,8,1,7,1,-1.2488724541535483,-1.0194842384430618,0.0,0.0,0.0,0.0,0.01,0.0,0.0,0.0,0.0,0.0,0.0,0.0,0.0,0.0,0.0,0.0,0.0,0.0,0.0,0.0,0.0,0.0,0.0,0.0,0.0,0.0,0.0,0.0,0.0,0.0,0.0,0.0,0.0,0.0,0.0,0.0,0.0,0.0,0.0,0.0,0.0,0.0,0.0,0.0,0.0,0.0,0.01,0.0,0.0,0.0,0.0,0.0,0.0,0.0,0.0,0,0,1.0,0.0,0,0.0,0,0.25,0.25,0.0496,easy,0.822,0,0,0,0,0,0,0,0,0,0,0,0,0,0,0,0,0,0,0,0,0
223,113,3,5eac59bed5ea945196fa0710,2020-05-01 18:54:09.397000+00:00,or no one is the asshole and they all have valid reasons,1.0,2,0.25,8,"or no one is the asshole, and they all have valid reasons",9,12,56,1,-0.17144122773605125,0.433717010975777,0.0,0.0,0.0,0.02,0.01,0.01,0.0,0.0,0.0,0.0,0.0,0.01,0.01,0.0,0.0,0.0,0.0,0.0,0.0,0.0,0.0,0.01,0.0,0.02,0.0,0.0,0.0,0.0,0.0,0.0,0.01,0.0,0.0,0.0,0.0,0.01,0.01,0.0,0.0,0.01,0.01,0.02,0.0,0.01,0.02,0.02,0.04,0.0,0.0,0.0,0.0,0.0,0.0,0.08,0.0,0,0,1.0,0.0,0,0.0,0,0.0,0.0,0.5952,easy,9.827,0,0,0,0,0,0,0,0,0,0,0,0,0,0,0,0,1,0,0,0,0
223,113,3,5eac5dced5ea945196fa0742,2020-05-01 18:54:09.722000+00:00,moms in the right for wanting to catch up with her son but hes right for not wanting to make his husband uncomfortable,1.0,2,0.25,8,"mom's in the right for wanting to catch up with her son, but he's right for not wanting to make his husband uncomfortable",10,23,118,1,0.9059899986814458,1.8869182603946157,0.02,0.0,0.0,0.01,0.0,0.01,0.0,0.0,0.0,0.01,0.03,0.01,0.0,0.0,0.0,0.0,0.0,0.03,0.0,0.0,0.0,0.0,0.0,0.02,0.0,0.0,0.049999999999999996,0.0,0.0,0.0,0.06,0.0,0.0,0.0,0.0,0.01,0.0,0.0,0.0,0.0,0.02,0.02,0.0,0.01,0.01,0.01,0.06,0.06999999999999999,0.0,0.0,0.0,0.02,0.0,0.12,0.0,0,0,0.8260869565217391,0.0,1,0.0,0,0.6904761904761904,0.023809523809523798,1.8273217391304348,easy,0.325,0,0,0,0,0,0,0,0,0,0,0,0,0,0,0,0,0,1,1,0,0
223,113,3,5d482ea621c9be351f7629ca,2020-05-01 18:54:12.220000+00:00,i dont think anyone is the asshole here,1.0,2,0.25,8,i don't think anyone is the asshole here,11,8,39,1,-0.6611826942894591,-0.22682901148733153,0.0,0.0,0.0,0.0,0.0,0.0,0.0,0.0,0.01,0.0,0.0,0.01,0.01,0.0,0.0,0.0,0.0,0.0,0.0,0.0,0.0,0.01,0.0,0.030000000000000002,0.0,0.0,0.0,0.0,0.0,0.0,0.01,0.01,0.0,0.0,0.0,0.0,0.01,0.01,0.0,0.01,0.0,0.030000000000000002,0.0,0.01,0.0,0.02,0.02,0.0,0.0,0.0,0.0,0.0,0.01,0.04,0.0,0,0,1.0,0.125,1,0.0,0,0.0,0.0,0.3968,easy,2.498,0,0,1,0,1,0,0,0,0,0,0,1,0,0,0,0,0,0,0,0,0
223,113,3,5eab7fb2d5ea945196f9ec55,2020-05-01 18:54:12.311000+00:00,i think that both the husband and mother are the two offenders,1.0,2,0.25,8,"i think that both the husband and mother are the two ""offenders""",12,12,62,1,-0.2693895210467328,0.30160780648315527,0.0,0.0,0.0,0.01,0.0,0.02,0.0,0.0,0.0,0.0,0.0,0.0,0.0,0.0,0.0,0.0,0.0,0.02,0.0,0.01,0.0,0.01,0.0,0.02,0.0,0.0,0.01,0.0,0.0,0.0,0.02,0.01,0.0,0.0,0.0,0.0,0.01,0.01,0.0,0.0,0.0,0.02,0.0,0.02,0.01,0.01,0.03,0.0,0.0,0.0,0.0,0.0,0.01,0.06999999999999999,0.0,0,0,0.9166666666666666,0.08333333333333333,2,0.0005036151718260998,0,0.0,0.0,0.5952,easy,0.091,0,0,1,0,1,0,0,0,0,0,0,1,0,0,0,0,0,0,0,0,0
223,113,3,5d482eab21c9be351f763e5e,2020-05-01 18:54:18.645000+00:00,couldve gone about it in a better way though,1.0,2,0.25,8,could've gone about it in a better way though,13,9,44,1,-0.4652861076680959,0.03738939749791188,0.01,0.0,0.0,0.01,0.0,0.0,0.0,0.01,0.02,0.0,0.0,0.0,0.0,0.0,0.0,0.0,0.0,0.0,0.0,0.0,0.01,0.0,0.0,0.0,0.01,0.02,0.03,0.0,0.0,0.0,0.0,0.01,0.0,0.0,0.0,0.0,0.0,0.0,0.0,0.0,0.0,0.02,0.0,0.01,0.0,0.01,0.01,0.02,0.0,0.0,0.0,0.02,0.0,0.04,0.0,1,0,1.0,0.0,0,0.0,0,0.5,0.5,0.44639999999999996,easy,6.334,0,0,0,0,0,0,0,0,0,0,0,0,0,0,0,0,0,1,0,0,0
223,113,3,5d482ea621c9be351f762b0e,2020-05-01 18:54:31.984000+00:00,the poster is just stuck in the middle of them,1.0,2,0.25,8,the poster is just stuck in the middle of them,14,10,46,1,-0.36733781435741436,0.16949860199053357,0.0,0.0,0.0,0.0,0.0,0.0,0.0,0.0,0.01,0.0,0.0,0.0,0.0,0.0,0.0,0.0,0.0,0.0,0.0,0.0,0.0,0.0,0.0,0.01,0.0,0.01,0.02,0.0,0.0,0.0,0.01,0.0,0.0,0.0,0.0,0.0,0.0,0.0,0.0,0.0,0.01,0.02,0.0,0.02,0.01,0.01,0.01,0.02,0.0,0.0,0.0,0.0,0.0,0.07,0.0,0,0,0.9,0.0,1,0.0,0,0.0,0.0,0.496,easy,13.339,0,0,0,0,0,0,0,0,0,0,0,0,0,0,0,0,0,0,1,0,0
224,114,1,5eacbd5ad5ea945196fa7424,2020-05-02 01:06:21.818000+00:00,although i can see his frustration i dont think its his place to tell her that she has to learn a language,0.5,0,0.0,6,"although i can see his frustration, i dont think it's his place to tell her that she has to learn a language.",1,22,106,1,0.6121451187494011,-0.23323548619577755,0.0,0.0,0.0,0.01,0.0,0.0,0.0,0.0,0.0,0.0,0.04,0.01,0.0,0.0,0.0,0.01,0.0,0.0,0.0,0.0,0.0,0.02,0.0,0.05,0.0,0.0,0.01,0.0,0.0,0.0,0.060000000000000005,0.02,0.0,0.01,0.0,0.0,0.01,0.02,0.0,0.0,0.0,0.05,0.0,0.01,0.0,0.030000000000000002,0.02,0.02,0.0,0.01,0.0,0.01,0.02,0.13,0.0,0,0,0.8636363636363636,0.09090909090909091,0,0.0,0,0.0,0.0,1.0912,easy,0.0,0,0,1,0,1,0,0,0,0,0,1,0,0,0,0,0,0,0,1,0,0
224,114,1,5eacae50d5ea945196fa6603,2020-05-02 01:06:28.459000+00:00,so the way he wrote about it in the thread  total asshole,0.5,0,0.0,6,"so, the way he wrote about it in the thread - total asshole",2,12,57,1,-0.17144122773605125,-0.9644602537284852,0.0,0.0,0.0,0.009999999999999998,0.009999999999999998,0.0,0.0,0.0,0.019999999999999997,0.0,0.009999999999999998,0.0,0.009999999999999998,0.0,0.0,0.0,0.0,0.0,0.0,0.009999999999999998,0.0,0.0,0.0,0.0,0.0,0.009999999999999998,0.019999999999999997,0.0,0.0,0.0,0.019999999999999997,0.009999999999999998,0.0,0.0,0.0,0.0,0.009999999999999998,0.0,0.0,0.0,0.0,0.009999999999999998,0.0,0.019999999999999997,0.009999999999999998,0.0,0.019999999999999997,0.019999999999999997,0.0,0.0,0.0,0.0,0.0,0.06999999999999999,0.0,0,0,0.9166666666666666,0.0,0,0.0,0,0.75,0.0,0.5952,easy,6.641,0,0,0,0,0,0,0,0,0,0,0,0,0,0,0,0,1,0,0,0,0
224,114,1,5eaa5c04d5ea945196f9522f,2020-05-02 01:06:40.938000+00:00,this is tough i think while it was reasonable for him to want to set a boundary with his mil this might not have been the best way  he claims he sounded polite but just from his general tone in his post im worried it didnt come across that way,0.5,0,0.0,6,"this is tough.. i think while it was reasonable for him to want to set a boundary with his mil, this might not have been the best way.  he claims he sounded polite but just from his general tone in his post i‚äôm worried it didn‚äôt come across that way.",3,50,243,1,3.4526456247591666,2.417454296110288,0.010000000000000002,0.010000000000000002,0.0,0.020000000000000004,0.0,0.020000000000000004,0.0,0.010000000000000002,0.010000000000000002,0.010000000000000002,0.06,0.020000000000000004,0.0,0.0,0.0,0.0,0.0,0.0,0.010000000000000002,0.010000000000000002,0.010000000000000002,0.020000000000000004,0.0,0.05,0.010000000000000002,0.03,0.06,0.0,0.010000000000000002,0.0,0.06,0.05,0.0,0.0,0.0,0.010000000000000002,0.0,0.010000000000000002,0.0,0.010000000000000002,0.03,0.09,0.0,0.020000000000000004,0.020000000000000004,0.06,0.11000000000000001,0.07,0.0,0.010000000000000002,0.0,0.05,0.010000000000000002,0.28,0.0,0,0,0.86,0.02,6,0.004016064257028112,0,0.5583333333333333,0.2152777777777778,2.48,easy,12.479,0,0,1,0,1,0,0,0,0,0,1,1,0,0,0,0,0,1,1,0,0
224,114,1,5d482ea621c9be351f762a7f,2020-05-02 01:06:49.984000+00:00,i agree and it seems like his edit was related to being criticized about his intolerance,0.5,0,0.0,6,i agree. and it seems like his edit was related to being criticized about his intolerance.,4,16,88,1,0.1224036521959934,-0.6902509659037198,0.0,0.0,0.0,0.01,0.0,0.01,0.0,0.0,0.01,0.0,0.02,0.0,0.0,0.0,0.0,0.0,0.0,0.0,0.0,0.0,0.02,0.02,0.0,0.01,0.0,0.01,0.0,0.0,0.0,0.0,0.02,0.01,0.0,0.01,0.0,0.0,0.01,0.01,0.0,0.01,0.0,0.03,0.0,0.0,0.01,0.02,0.03,0.02,0.0,0.0,0.0,0.01,0.01,0.09000000000000001,0.0,0,0,0.9375,0.0625,5,0.00015518311607697082,0,0.4,0.0,5.416975,medium,9.046,0,0,1,0,1,0,0,0,0,0,0,1,0,0,0,0,0,1,1,0,0
224,114,1,5eacae50d5ea945196fa6603,2020-05-02 01:06:58.957000+00:00,but at the same time i dont think hes an asshole for wanting her to be selfsufficient,0.5,0,0.0,6,"but at the same time, i don't think he's an asshole for wanting her to be self-sufficient.",5,17,85,1,0.22035194550667497,-0.5988478699621315,0.01,0.0,0.0,0.01,0.0,0.0,0.0,0.0,0.0,0.0,0.02,0.01,0.01,0.0,0.0,0.0,0.0,0.0,0.0,0.01,0.0,0.01,0.0,0.03,0.0,0.0,0.02,0.0,0.0,0.0,0.02,0.0,0.0,0.0,0.0,0.0,0.01,0.01,0.0,0.0,0.01,0.04,0.0,0.02,0.01,0.03,0.04,0.03,0.0,0.0,0.0,0.0,0.01,0.09999999999999999,0.0,0,0,1.0,0.058823529411764705,1,0.00015518311607697082,0,0.125,0.0,5.408523529411765,medium,8.973,0,0,1,0,1,0,0,0,0,0,1,0,0,0,0,0,1,0,0,0,0
224,114,1,5d482ea421c9be351f7621d6,2020-05-02 01:06:59.832000+00:00,i dont necessarily think hes an asshole because it really isnt his responsibility to take care of her and be her translator ,0.5,0,0.0,6,i dont necessarily think hes an asshole because it really isnt his responsibility to take care of her and be her translator ,6,22,124,1,0.7100934120600827,-0.1418323902541891,0.0,0.0,0.0,0.02,0.01,0.01,0.0,0.01,0.01,0.0,0.04,0.02,0.01,0.0,0.0,0.0,0.0,0.0,0.0,0.0,0.01,0.01,0.0,0.06,0.0,0.0,0.0,0.0,0.01,0.0,0.04,0.01,0.0,0.01,0.0,0.01,0.01,0.01,0.0,0.0,0.01,0.06999999999999999,0.0,0.01,0.03,0.04,0.06,0.02,0.0,0.0,0.0,0.0,0.01,0.11,0.0,0,0,0.9545454545454546,0.045454545454545456,7,0.0008238201029820396,0,0.6,0.1,6.163154545454546,difficult,0.875,0,0,1,0,1,1,0,0,0,0,0,1,0,0,0,0,0,0,0,0,0
224,114,1,5eacae50d5ea945196fa6603,2020-05-02 01:07:17.936000+00:00,what if he cant get to the phone and she stands there for half an hour waiting for somebody to help her,0.5,0,0.0,6,what if he can;t get to the phone and she stands there for half an hour waiting for somebody to help her?,7,22,103,1,0.8080417053707643,-0.05042929431260063,0.01,0.0,0.0,0.02,0.0,0.01,0.0,0.0,0.01,0.0,0.030000000000000002,0.01,0.0,0.0,0.0,0.0,0.0,0.0,0.0,0.0,0.0,0.0,0.0,0.02,0.0,0.0,0.01,0.0,0.01,0.0,0.060000000000000005,0.02,0.0,0.0,0.0,0.0,0.0,0.0,0.0,0.02,0.01,0.02,0.0,0.02,0.01,0.01,0.04,0.04,0.0,0.0,0.0,0.0,0.0,0.13,0.0,1,0,0.9090909090909091,0.0,5,0.0,0,0.16666666666666666,-0.16666666666666666,1.0912,easy,18.104,0,0,0,0,0,0,0,0,0,0,0,0,0,0,0,1,0,0,0,0,0
224,114,1,5eaa5c04d5ea945196f9522f,2020-05-02 01:07:20.584000+00:00,i feel like its fair to say i cant keep taking all this time to help but not to say you need to learn english,0.5,0,0.0,6,"i feel like it's fair to say ""i can't keep taking all this time to help"" but not to say ""you need to learn english""",8,25,109,1,0.9059899986814458,0.04097380162898783,0.010000000000000002,0.020000000000000004,0.0,0.010000000000000002,0.010000000000000002,0.0,0.0,0.0,0.0,0.0,0.0,0.020000000000000004,0.0,0.0,0.0,0.0,0.0,0.0,0.0,0.0,0.010000000000000002,0.020000000000000004,0.0,0.05000000000000001,0.0,0.0,0.010000000000000002,0.0,0.010000000000000002,0.0,0.04000000000000001,0.020000000000000004,0.0,0.010000000000000002,0.0,0.0,0.0,0.020000000000000004,0.010000000000000002,0.0,0.020000000000000004,0.05000000000000001,0.0,0.0,0.010000000000000002,0.010000000000000002,0.07,0.04000000000000001,0.0,0.030000000000000002,0.010000000000000002,0.020000000000000004,0.020000000000000004,0.12000000000000001,0.0,0,0,0.8,0.08,5,0.0010834236186348862,0,0.45,0.35,1.24,easy,2.648,0,0,1,0,1,0,0,0,0,0,1,1,1,0,0,0,0,1,0,0,0
225,114,2,5eacae50d5ea945196fa6603,2020-05-02 01:21:01.509000+00:00,honestly shes not an asshole for being upset ,0.6,2,0.4,5,"honestly, she's not an asshole for being upset. ",1,8,45,1,-0.5632344009787775,-0.7491764476452482,0.0,0.0,0.0,0.0,0.0,0.0,0.0,0.0,0.0,0.01,0.01,0.01,0.01,0.0,0.0,0.0,0.0,0.0,0.01,0.0,0.01,0.0,0.0,0.01,0.0,0.0,0.0,0.0,0.0,0.0,0.01,0.0,0.0,0.0,0.0,0.0,0.01,0.0,0.0,0.0,0.01,0.02,0.0,0.01,0.0,0.02,0.01,0.01,0.0,0.0,0.0,0.0,0.0,0.04,0.0,0,0,1.0,0.0,0,0.0,0,0.9,0.6,0.3968,easy,0.0,0,0,0,0,0,1,0,0,0,0,0,0,0,0,0,0,0,0,1,0,0
225,114,2,5eaa5c04d5ea945196f9522f,2020-05-02 01:21:06.349000+00:00,hmmm another tricky one,0.6,2,0.4,5,hmmm... another tricky one.,2,4,23,1,-0.9550275742215037,-1.1108478361636438,0.0,0.0,0.0,0.0,0.0,0.0,0.0,0.0,0.0,0.0,0.0,0.0,0.0,0.0,0.0,0.0,0.0,0.0,0.0,0.0,0.0,0.0,0.0,0.0,0.0,0.0,0.0,0.0,0.0,0.0,0.0,0.0,0.0,0.0,0.0,0.0,0.01,0.0,0.0,0.0,0.0,0.0,0.0,0.0,0.0,0.0,0.0,0.0,0.0,0.0,0.0,0.0,0.0,0.0,0.0,0,0,1.0,0.0,0,0.0,0,0.0,0.0,0.1984,easy,4.84,0,0,0,0,0,0,0,0,0,0,0,0,0,0,0,0,0,0,1,0,0
225,114,2,5d482ea421c9be351f7621d6,2020-05-02 01:21:08.245000+00:00,agreed,0.6,2,0.4,5,agreed,3,1,6,1,-1.2488724541535483,-1.3821013775524407,0.0,0.0,0.0,0.0,0.0,0.0,0.0,0.0,0.0,0.0,0.0,0.0,0.0,0.0,0.0,0.0,0.0,0.0,0.0,0.0,0.009999999999999998,0.0,0.0,0.0,0.0,0.0,0.0,0.0,0.0,0.0,0.0,0.0,0.0,0.0,0.0,0.0,0.0,0.0,0.0,0.0,0.0,0.0,0.0,0.0,0.0,0.0,0.0,0.0,0.0,0.0,0.0,0.0,0.0,0.0,0.0,0,0,1.0,0.0,0,0.0,0,0.0,0.0,0.0496,easy,1.896,0,0,0,0,0,0,0,0,0,0,0,0,0,0,0,0,0,0,0,0,0
225,114,2,5eacbd5ad5ea945196fa7424,2020-05-02 01:21:18.001000+00:00,i think that she is an asshole because she is forcing him to do it,0.6,2,0.4,5,i think that she is an asshole because she is forcing him to do it.,4,15,66,1,0.024455358885311848,-0.20666936486765458,0.0,0.0,0.0,0.01,0.0,0.0,0.0,0.0,0.0,0.0,0.030000000000000002,0.0,0.01,0.0,0.0,0.0,0.0,0.0,0.0,0.0,0.0,0.01,0.0,0.04,0.0,0.0,0.0,0.0,0.0,0.0,0.030000000000000002,0.02,0.0,0.0,0.0,0.01,0.01,0.01,0.0,0.0,0.0,0.04,0.0,0.01,0.01,0.030000000000000002,0.02,0.01,0.0,0.0,0.0,0.0,0.01,0.12000000000000001,0.0,0,0,0.8666666666666667,0.06666666666666667,0,0.0,0,0.0,0.0,0.744,easy,9.756,0,0,1,0,1,0,0,0,0,0,0,1,0,0,0,0,0,0,0,0,0
225,114,2,5d482ea621c9be351f762a7f,2020-05-02 01:21:24.860000+00:00,is it just me or did anyone else notice that shes from el salvador but her husband said she was guatemalan,0.6,2,0.4,5,"is it just me, or did anyone else notice that she's from el salvador but her husband said she was guatemalan?",5,21,106,1,0.6121451187494011,0.33583771790993894,0.0,0.01,0.0,0.02,0.0,0.0,0.0,0.0,0.01,0.0,0.030000000000000002,0.0,0.0,0.0,0.0,0.0,0.0,0.01,0.0,0.01,0.0,0.01,0.0,0.02,0.0,0.030000000000000002,0.0,0.0,0.0,0.0,0.060000000000000005,0.030000000000000002,0.0,0.0,0.0,0.0,0.0,0.01,0.0,0.02,0.030000000000000002,0.05,0.0,0.0,0.02,0.04,0.05,0.01,0.0,0.01,0.0,0.0,0.01,0.12000000000000001,0.0,1,0,1.0,0.047619047619047616,4,0.0,0,0.0,0.0,1.0415999999999999,easy,6.859,0,0,0,0,0,0,0,0,0,0,0,0,0,0,0,0,0,0,0,0,0
225,114,2,5eaa5c04d5ea945196f9522f,2020-05-02 01:21:26.609000+00:00,on one side if you arent willing to give up your free time why are you giving up that of another person  ,0.6,2,0.4,5,"on one side- if you aren‚äôt willing to give up your free time, why are you giving up that of another person.  ",6,22,105,1,0.8080417053707643,0.5166734121691368,0.010000000000000002,0.0,0.0,0.010000000000000002,0.0,0.0,0.0,0.0,0.0,0.0,0.0,0.010000000000000002,0.0,0.0,0.0,0.0,0.0,0.0,0.0,0.0,0.020000000000000004,0.0,0.010000000000000002,0.03,0.0,0.0,0.05,0.0,0.0,0.0,0.07,0.010000000000000002,0.0,0.0,0.010000000000000002,0.010000000000000002,0.0,0.0,0.0,0.010000000000000002,0.010000000000000002,0.03,0.0,0.0,0.0,0.020000000000000004,0.020000000000000004,0.05,0.0,0.0,0.03,0.020000000000000004,0.0,0.12,0.0,0,0,0.9090909090909091,0.0,1,0.0,0,0.775,0.325,1.0912,easy,1.749,0,0,0,0,0,0,0,0,0,0,0,0,1,0,0,0,0,1,0,0,0
225,114,2,5eacae50d5ea945196fa6603,2020-05-02 01:21:32.856000+00:00,i think the main focus point should be his response he put up a cold wall and said i dont want to do it,0.6,2,0.4,5,"i think the main focus point should be his response. he put up a cold wall and said ""i don't want to do it""",7,24,103,1,0.8080417053707643,0.5166734121691368,0.02,0.01,0.0,0.01,0.0,0.01,0.0,0.0,0.0,0.0,0.02,0.01,0.0,0.0,0.0,0.0,0.0,0.0,0.0,0.01,0.0,0.01,0.0,0.04,0.01,0.01,0.04,0.0,0.0,0.0,0.030000000000000002,0.01,0.0,0.0,0.0,0.01,0.0,0.02,0.01,0.0,0.0,0.06999999999999999,0.0,0.02,0.01,0.04,0.05,0.02,0.0,0.02,0.0,0.01,0.02,0.13,0.0,0,0,0.9583333333333334,0.08333333333333333,2,0.0,0,0.6666666666666666,-0.21666666666666667,1.1904,easy,6.247,0,0,1,0,1,0,0,0,0,0,1,1,0,0,0,0,0,0,1,0,0
225,114,2,5eacbd5ad5ea945196fa7424,2020-05-02 01:21:42.648000+00:00,i think she should listen to her husband and understand that he is annoyed in doing this,0.6,2,0.4,5,i think she should listen to her husband and understand that he is annoyed in doing this,8,17,88,1,0.22035194550667497,-0.025833670608456743,0.01,0.01,0.0,0.01,0.0,0.01,0.0,0.0,0.0,0.0,0.03,0.0,0.0,0.0,0.0,0.0,0.0,0.01,0.0,0.0,0.0,0.02,0.0,0.04,0.01,0.0,0.01,0.0,0.0,0.0,0.049999999999999996,0.02,0.0,0.0,0.0,0.0,0.01,0.01,0.0,0.0,0.0,0.06,0.0,0.0,0.01,0.03,0.04,0.02,0.0,0.01,0.0,0.0,0.01,0.12,0.0,0,0,1.0,0.058823529411764705,4,0.0005036151718260998,0,0.8,-0.4,0.8432,easy,9.792,0,0,1,0,1,0,0,0,0,0,0,1,0,0,0,0,0,0,1,0,0
225,114,2,5eaa5c04d5ea945196f9522f,2020-05-02 01:21:58.996000+00:00,are we supposed to assume this is definitely the same couple as before  because that adds a whole other layer,0.6,2,0.4,5,are we supposed to assume this is definitely the same couple as before?  because that adds a whole other layer,9,20,109,1,0.5141968254387196,0.24541987078034003,0.0,0.0,0.0,0.020000000000000004,0.010000000000000002,0.010000000000000002,0.0,0.0,0.010000000000000002,0.0,0.0,0.0,0.0,0.0,0.0,0.0,0.0,0.0,0.0,0.030000000000000002,0.010000000000000002,0.010000000000000002,0.0,0.020000000000000004,0.0,0.010000000000000002,0.010000000000000002,0.0,0.0,0.0,0.010000000000000002,0.030000000000000002,0.0,0.0,0.0,0.010000000000000002,0.0,0.0,0.0,0.020000000000000004,0.0,0.030000000000000002,0.0,0.020000000000000004,0.010000000000000002,0.020000000000000004,0.060000000000000005,0.030000000000000002,0.010000000000000002,0.0,0.0,0.010000000000000002,0.010000000000000002,0.13,0.0,1,0,1.0,0.05,4,0.0,0,0.35,0.018750000000000003,0.992,easy,16.348,0,0,1,0,0,0,0,0,0,1,0,0,0,0,0,0,0,0,0,0,0
226,115,1,5eac7476d5ea945196fa369c,2020-05-02 00:32:44.947000+00:00,the lady is the ass hole,1.0,1,0.166666667,6,the lady is the ass hole,1,6,24,1,-0.7591309876001406,-0.5711613906612121,0.0,0.0,0.0,0.0,0.0,0.0,0.009999999999999998,0.0,0.0,0.0,0.0,0.0,0.009999999999999998,0.0,0.0,0.0,0.009999999999999998,0.0,0.0,0.0,0.0,0.0,0.009999999999999998,0.009999999999999998,0.0,0.0,0.0,0.009999999999999998,0.0,0.0,0.009999999999999998,0.0,0.0,0.0,0.0,0.0,0.0,0.0,0.0,0.0,0.0,0.009999999999999998,0.0,0.019999999999999997,0.0,0.009999999999999998,0.0,0.0,0.0,0.0,0.0,0.0,0.0,0.03,0.0,0,0,0.8333333333333334,0.0,0,0.0,0,0.0,0.0,0.2976,easy,0.0,0,0,0,0,0,0,0,0,0,0,0,0,0,0,0,0,0,0,0,0,0
226,115,1,5eacaf5ed5ea945196fa6656,2020-05-02 00:32:50.104000+00:00,the writer is the asshole,1.0,1,0.166666667,6,the writer is the asshole,2,5,25,1,-0.8570792809108222,-0.6853936687934544,0.0,0.0,0.0,0.0,0.0,0.0,0.0,0.0,0.0,0.0,0.0,0.0,0.01,0.0,0.0,0.0,0.0,0.0,0.0,0.0,0.0,0.0,0.0,0.01,0.0,0.0,0.0,0.0,0.0,0.0,0.0,0.0,0.0,0.0,0.0,0.0,0.01,0.0,0.0,0.0,0.0,0.01,0.0,0.02,0.0,0.01,0.0,0.0,0.0,0.0,0.0,0.0,0.0,0.03,0.0,0,0,0.8,0.0,3,0.0,0,0.0,0.0,0.248,easy,5.157,0,0,0,0,0,0,0,0,0,0,0,0,0,0,0,0,0,0,0,0,0
226,115,1,5eac6a08d5ea945196fa1225,2020-05-02 00:33:07.119000+00:00,i do not think the lady is the asshole ,1.0,1,0.166666667,6,i do not think the lady is the asshole ,3,9,39,1,-0.5632344009787775,-0.3426968343967272,0.0,0.0,0.0,0.0,0.0,0.0,0.0,0.0,0.0,0.0,0.0,0.01,0.01,0.0,0.0,0.0,0.0,0.0,0.0,0.0,0.0,0.01,0.01,0.030000000000000002,0.0,0.0,0.0,0.0,0.0,0.0,0.01,0.0,0.0,0.0,0.0,0.0,0.01,0.01,0.0,0.0,0.01,0.030000000000000002,0.0,0.02,0.0,0.02,0.02,0.0,0.0,0.0,0.0,0.0,0.01,0.060000000000000005,0.0,0,0,0.8888888888888888,0.1111111111111111,3,0.0003202049311559398,0,0.0,0.0,0.44639999999999996,easy,17.015,0,0,1,0,1,0,0,0,0,0,0,1,0,0,0,0,0,0,0,0,0
226,115,1,5eacaf5ed5ea945196fa6656,2020-05-02 00:33:10.117000+00:00,why,1.0,1,0.166666667,6,why?,4,1,3,1,-1.2488724541535483,-1.1423227813224242,0.0,0.0,0.0,0.0,0.0,0.0,0.0,0.0,0.0,0.0,0.0,0.0,0.0,0.0,0.0,0.0,0.0,0.0,0.0,0.0,0.0,0.0,0.0,0.0,0.0,0.0,0.0,0.0,0.0,0.0,0.0,0.0,0.0,0.0,0.0,0.009999999999999998,0.0,0.0,0.0,0.0,0.0,0.0,0.0,0.0,0.0,0.0,0.009999999999999998,0.0,0.0,0.0,0.0,0.0,0.0,0.009999999999999998,0.0,1,0,1.0,0.0,0,0.0,0,0.0,0.0,0.0496,easy,2.998,0,0,0,0,0,0,0,0,0,0,0,0,0,0,0,1,0,0,0,0,0
226,115,1,5d482ea121c9be351f761bfa,2020-05-02 00:33:12.012000+00:00,the son is the asshole,1.0,1,0.166666667,6,the son is the asshole.,5,5,22,1,-0.8570792809108222,-0.6853936687934544,0.0,0.0,0.0,0.0,0.0,0.0,0.0,0.0,0.0,0.0,0.0,0.0,0.01,0.0,0.0,0.0,0.0,0.01,0.0,0.0,0.0,0.0,0.0,0.01,0.0,0.0,0.0,0.0,0.0,0.0,0.01,0.0,0.0,0.0,0.0,0.0,0.01,0.0,0.0,0.0,0.0,0.01,0.0,0.02,0.0,0.01,0.0,0.0,0.0,0.0,0.0,0.0,0.0,0.03,0.0,0,0,0.8,0.0,0,0.0,0,0.0,0.0,0.248,easy,1.895,0,0,0,0,0,0,0,0,0,0,0,0,0,0,0,0,0,0,0,0,0
226,115,1,5eab85f2d5ea945196f9f955,2020-05-02 00:33:12.207000+00:00,i believe the poster is the asshole,1.0,1,0.166666667,6,i believe the poster is the asshole.,6,7,35,1,-0.7591309876001406,-0.5711613906612121,0.0,0.0,0.0,0.0,0.0,0.0,0.0,0.0,0.0,0.0,0.0,0.0,0.009999999999999998,0.0,0.0,0.0,0.0,0.0,0.0,0.0,0.0,0.009999999999999998,0.0,0.019999999999999997,0.0,0.0,0.0,0.0,0.0,0.0,0.0,0.0,0.0,0.0,0.0,0.0,0.009999999999999998,0.009999999999999998,0.0,0.0,0.0,0.019999999999999997,0.0,0.019999999999999997,0.0,0.009999999999999998,0.009999999999999998,0.0,0.0,0.0,0.0,0.0,0.009999999999999998,0.039999999999999994,0.0,0,0,0.8571428571428571,0.14285714285714285,3,0.0003202049311559398,0,0.0,0.0,0.3472,easy,0.195,0,0,0,0,0,0,0,0,0,0,0,1,0,0,0,0,0,0,0,0,0
226,115,1,5eac7476d5ea945196fa369c,2020-05-02 00:33:16.272000+00:00,why,1.0,1,0.166666667,6,why?,7,1,3,1,-1.2488724541535483,-1.1423227813224242,0.0,0.0,0.0,0.0,0.0,0.0,0.0,0.0,0.0,0.0,0.0,0.0,0.0,0.0,0.0,0.0,0.0,0.0,0.0,0.0,0.0,0.0,0.0,0.0,0.0,0.0,0.0,0.0,0.0,0.0,0.0,0.0,0.0,0.0,0.0,0.009999999999999998,0.0,0.0,0.0,0.0,0.0,0.0,0.0,0.0,0.0,0.0,0.009999999999999998,0.0,0.0,0.0,0.0,0.0,0.0,0.009999999999999998,0.0,1,0,1.0,0.0,0,0.0,0,0.0,0.0,0.0496,easy,4.065,0,0,0,0,0,0,0,0,0,0,0,0,0,0,0,1,0,0,0,0,0
226,115,1,5d482ea121c9be351f761bfa,2020-05-02 00:33:32.880000+00:00,when you are a guest in someons home you should try to communicate with them  secondly he has the capability of speaking english  he is being lazy,1.0,1,0.166666667,6,"when you are a guest in someon's home, you should try to communicate with them.  secondly, he has the capability of speaking english.  he is being lazy.",8,27,146,1,1.2977831719241721,1.8277164501158785,0.009999999999999998,0.009999999999999998,0.009999999999999998,0.009999999999999998,0.0,0.009999999999999998,0.0,0.03,0.009999999999999998,0.0,0.019999999999999997,0.0,0.0,0.0,0.0,0.0,0.0,0.0,0.009999999999999998,0.0,0.0,0.0,0.0,0.039999999999999994,0.009999999999999998,0.0,0.019999999999999997,0.0,0.0,0.0,0.07999999999999999,0.0,0.0,0.0,0.0,0.0,0.0,0.0,0.0,0.0,0.0,0.06,0.009999999999999998,0.019999999999999997,0.0,0.049999999999999996,0.019999999999999997,0.039999999999999994,0.0,0.009999999999999998,0.019999999999999997,0.019999999999999997,0.0,0.16999999999999998,0.0,1,0,0.9259259259259259,0.0,0,0.0,0,0.3333333333333333,-0.08333333333333333,6.14532962962963,difficult,16.608,0,0,1,0,0,0,0,0,0,0,0,0,1,0,0,0,0,1,1,0,0
226,115,1,5eab85f2d5ea945196f9f955,2020-05-02 00:34:00.041000+00:00,the husband understands english so the poster could have still included their mother,1.0,1,0.166666667,6,"the husband understands english, so the poster could have still included their mother.",9,13,84,1,-0.07349293442536971,0.2284645562644848,0.009999999999999998,0.0,0.0,0.009999999999999998,0.0,0.009999999999999998,0.0,0.0,0.019999999999999997,0.0,0.0,0.0,0.0,0.0,0.0,0.0,0.0,0.019999999999999997,0.0,0.0,0.0,0.009999999999999998,0.0,0.019999999999999997,0.0,0.0,0.009999999999999998,0.0,0.0,0.0,0.03,0.0,0.0,0.0,0.0,0.0,0.0,0.0,0.0,0.0,0.0,0.03,0.0,0.019999999999999997,0.009999999999999998,0.019999999999999997,0.03,0.0,0.0,0.0,0.0,0.0,0.0,0.049999999999999996,0.0,0,0,0.9230769230769231,0.0,2,0.0006161429451632779,0,0.0,0.0,0.6447999999999999,easy,27.161,0,0,0,0,0,0,0,0,0,0,0,0,0,0,0,0,0,0,0,0,0
226,115,1,5eac6a08d5ea945196fa1225,2020-05-02 00:34:00.683000+00:00,she tried to make her husband comfortable,1.0,1,0.166666667,6,she tried to make her husband comfortable,10,7,41,1,-0.6611826942894591,-0.4569291125289696,0.0,0.0,0.0,0.0,0.0,0.0,0.0,0.01,0.0,0.0,0.02,0.0,0.0,0.0,0.0,0.0,0.0,0.01,0.0,0.0,0.01,0.0,0.0,0.01,0.0,0.01,0.0,0.0,0.0,0.0,0.029999999999999995,0.0,0.0,0.0,0.0,0.01,0.0,0.0,0.0,0.0,0.0,0.02,0.0,0.0,0.0,0.0,0.01,0.01,0.0,0.0,0.0,0.01,0.0,0.029999999999999995,0.0,0,0,1.0,0.0,0,0.000727802037845706,0,0.8,0.4,0.3472,easy,0.642,0,0,0,0,0,0,0,0,0,0,0,0,0,0,0,0,0,1,0,0,0
226,115,1,5eacaaa4d5ea945196fa63f3,2020-05-02 00:34:05.771000+00:00,i believe that op is the asshole he could have spoke both languages both he only chose one he could communicate in german explain it to his mom in english,1.0,1,0.166666667,6,i believe that op is the asshole. he could have spoke both languages both he only chose one. he could communicate in german explain it to his mom in english,11,30,154,1,1.4936797585455353,2.0561810063803634,0.02,0.01,0.0,0.0,0.0,0.02,0.0,0.0,0.01,0.0,0.04,0.0,0.01,0.0,0.0,0.0,0.0,0.01,0.0,0.02,0.0,0.02,0.0,0.04,0.0,0.01,0.04,0.0,0.0,0.0,0.09,0.02,0.0,0.0,0.0,0.0,0.01,0.01,0.0,0.0,0.0,0.07,0.0,0.01,0.0,0.04,0.06,0.03,0.0,0.01,0.0,0.0,0.01,0.16,0.0,0,0,0.8333333333333334,0.03333333333333333,1,0.0,0,0.3333333333333333,0.0,2.0143333333333335,easy,5.088,0,0,0,0,0,0,0,0,0,0,0,1,0,0,0,0,0,0,0,0,0
227,115,3,5eacaf5ed5ea945196fa6656,2020-05-02 01:02:41.554000+00:00,i thought that op was not the asshole,1.0,1,0.166666667,6,i thought that op was not the asshole,1,8,37,1,-0.6611826942894591,-0.40805682071703464,0.0,0.0,0.0,0.0,0.0,0.0,0.0,0.0,0.0,0.0,0.0,0.01,0.01,0.0,0.0,0.0,0.0,0.0,0.0,0.0,0.0,0.01,0.0,0.0,0.0,0.02,0.0,0.0,0.0,0.0,0.0,0.01,0.0,0.0,0.0,0.0,0.01,0.01,0.0,0.0,0.01,0.02,0.0,0.01,0.0,0.01,0.02,0.0,0.0,0.0,0.0,0.0,0.01,0.05,0.0,0,0,1.0,0.125,0,0.0,0,0.0,0.0,0.3968,easy,0.0,0,0,1,0,1,0,0,0,0,0,0,1,0,0,0,0,0,0,0,0,0
227,115,3,5eac7476d5ea945196fa369c,2020-05-02 01:02:48.517000+00:00,the son is  the asshole,1.0,1,0.166666667,6,the son is  the asshole,2,5,23,1,-0.8570792809108222,-0.7149155498962447,0.0,0.0,0.0,0.0,0.0,0.0,0.0,0.0,0.0,0.0,0.0,0.0,0.01,0.0,0.0,0.0,0.0,0.01,0.0,0.0,0.0,0.0,0.0,0.01,0.0,0.0,0.0,0.0,0.0,0.0,0.01,0.0,0.0,0.0,0.0,0.0,0.01,0.0,0.0,0.0,0.0,0.01,0.0,0.02,0.0,0.01,0.0,0.0,0.0,0.0,0.0,0.0,0.0,0.03,0.0,0,0,0.8,0.0,2,0.0003202049311559398,0,0.0,0.0,0.248,easy,6.963,0,0,0,0,0,0,0,0,0,0,0,0,0,0,0,0,0,0,0,0,0
227,115,3,5eab85f2d5ea945196f9f955,2020-05-02 01:02:50.240000+00:00,i agree the op is not the asshole,1.0,1,0.166666667,6,"i agree, the op is not the asshole.",3,8,33,1,-0.6611826942894591,-0.40805682071703464,0.0,0.0,0.0,0.0,0.0,0.0,0.0,0.0,0.0,0.0,0.0,0.01,0.01,0.0,0.0,0.0,0.0,0.0,0.0,0.0,0.01,0.0,0.0,0.01,0.0,0.0,0.0,0.0,0.0,0.0,0.0,0.0,0.0,0.0,0.0,0.0,0.01,0.01,0.0,0.0,0.01,0.01,0.0,0.02,0.0,0.01,0.01,0.0,0.0,0.0,0.0,0.0,0.01,0.05,0.0,0,0,0.875,0.125,3,0.0003202049311559398,0,0.0,0.0,0.3968,easy,1.723,0,0,0,0,0,0,0,0,0,0,0,1,0,0,0,0,0,0,0,0,0
227,115,3,5d482ea121c9be351f761bfa,2020-05-02 01:02:54.867000+00:00,not an asshole,1.0,1,0.166666667,6,not an asshole.,4,3,14,1,-1.0529758675321852,-1.0217742790754547,0.0,0.0,0.0,0.0,0.0,0.0,0.0,0.0,0.0,0.0,0.0,0.01,0.01,0.0,0.0,0.0,0.0,0.0,0.0,0.0,0.0,0.0,0.0,0.0,0.0,0.0,0.0,0.0,0.0,0.0,0.0,0.0,0.0,0.0,0.0,0.0,0.01,0.0,0.0,0.0,0.01,0.0,0.0,0.01,0.0,0.0,0.01,0.0,0.0,0.0,0.0,0.0,0.0,0.02,0.0,0,0,1.0,0.0,1,0.0003202049311559398,0,0.0,0.0,0.1488,easy,4.627,0,0,0,0,0,0,0,0,0,0,0,0,0,0,0,0,0,0,0,0,0
227,115,3,5eac7476d5ea945196fa369c,2020-05-02 01:03:12.145000+00:00,the son is the op,1.0,1,0.166666667,6,the son is the op,5,5,17,1,-0.8570792809108222,-0.7149155498962447,0.0,0.0,0.0,0.0,0.0,0.0,0.0,0.0,0.0,0.0,0.0,0.0,0.0,0.0,0.0,0.0,0.0,0.01,0.0,0.0,0.0,0.0,0.0,0.01,0.0,0.0,0.0,0.0,0.0,0.0,0.01,0.0,0.0,0.0,0.0,0.0,0.0,0.0,0.0,0.0,0.0,0.01,0.0,0.02,0.0,0.01,0.0,0.0,0.0,0.0,0.0,0.0,0.0,0.030000000000000006,0.0,0,0,0.8,0.0,0,0.0,0,0.0,0.0,0.248,easy,17.278,0,0,0,0,0,0,0,0,0,0,0,0,0,0,0,0,0,0,0,0,0
227,115,3,5eacaf5ed5ea945196fa6656,2020-05-02 01:03:14.143000+00:00,i think its crazy to come into your mothers home and not speak to her in a language she understands,1.0,1,0.166666667,6,i think its crazy to come into your mothers home and not speak to her in a language she understands,6,20,99,1,0.5141968254387196,1.433095554358226,0.0,0.01,0.01,0.01,0.0,0.03,0.0,0.0,0.0,0.01,0.02,0.01,0.0,0.0,0.0,0.0,0.0,0.01,0.0,0.0,0.0,0.02,0.0,0.03,0.0,0.0,0.03,0.0,0.0,0.0,0.06,0.01,0.0,0.0,0.0,0.0,0.0,0.01,0.0,0.0,0.01,0.03,0.0,0.01,0.01,0.0,0.06,0.04,0.0,0.01,0.01,0.01,0.01,0.12,0.0,0,0,0.95,0.05,0,0.0,0,0.9,-0.6,0.992,easy,1.998,0,0,1,0,1,0,0,0,0,0,0,1,1,0,0,0,0,0,1,0,0
227,115,3,5eacaaa4d5ea945196fa63f3,2020-05-02 01:03:18.385000+00:00,i agree op is not asshole he was just trying to get a clue about his sons life,1.0,1,0.166666667,6,"i agree, op is not asshole. he was just trying to get a clue about his sons life",7,18,78,1,0.31830023881735653,1.1262368251790158,0.0,0.0,0.0,0.0,0.0,0.0,0.01,0.01,0.02,0.0,0.02,0.01,0.01,0.0,0.01,0.0,0.0,0.01,0.0,0.0,0.01,0.0,0.0,0.02,0.0,0.01,0.0,0.0,0.0,0.0,0.030000000000000002,0.0,0.0,0.0,0.0,0.0,0.01,0.01,0.0,0.0,0.02,0.030000000000000002,0.0,0.01,0.01,0.02,0.02,0.02,0.0,0.0,0.0,0.01,0.01,0.09999999999999999,0.0,0,0,1.0,0.05555555555555555,3,0.00015518311607697082,0,0.0,0.0,0.8927999999999999,easy,4.242,0,0,0,0,0,0,0,0,0,0,0,1,0,0,0,0,0,0,0,0,0
227,115,3,5eab85f2d5ea945196f9f955,2020-05-02 01:03:20.371000+00:00,the sons partner is stated to know english so there is no reason to exclude the mother,1.0,1,0.166666667,6,"the son's partner is stated to know english, so there is no reason to exclude the mother.",8,17,86,1,0.31830023881735653,1.1262368251790158,0.0,0.0,0.0,0.01,0.0,0.0,0.0,0.0,0.02,0.0,0.0,0.01,0.0,0.0,0.0,0.0,0.0,0.02,0.0,0.0,0.0,0.02,0.01,0.03,0.0,0.0,0.0,0.0,0.0,0.0,0.03,0.0,0.0,0.0,0.0,0.01,0.0,0.0,0.0,0.0,0.01,0.03,0.01,0.02,0.02,0.02,0.03,0.02,0.0,0.0,0.0,0.0,0.0,0.09,0.0,0,0,0.8235294117647058,0.0,4,0.009009009009009009,0,0.0,0.0,0.8432,easy,1.986,0,0,0,0,0,0,0,0,0,0,0,0,0,0,0,0,0,0,0,0,0
227,115,3,5eac6a08d5ea945196fa1225,2020-05-02 01:03:22.853000+00:00,the son is the asshole ,1.0,1,0.166666667,6,the son is the asshole ,9,5,23,1,-0.8570792809108222,-0.7149155498962447,0.0,0.0,0.0,0.0,0.0,0.0,0.0,0.0,0.0,0.0,0.0,0.0,0.01,0.0,0.0,0.0,0.0,0.01,0.0,0.0,0.0,0.0,0.0,0.01,0.0,0.0,0.0,0.0,0.0,0.0,0.01,0.0,0.0,0.0,0.0,0.0,0.01,0.0,0.0,0.0,0.0,0.01,0.0,0.02,0.0,0.01,0.0,0.0,0.0,0.0,0.0,0.0,0.0,0.03,0.0,0,0,0.8,0.0,3,0.0,0,0.0,0.0,0.248,easy,2.482,0,0,0,0,0,0,0,0,0,0,0,0,0,0,0,0,0,0,0,0,0
227,115,3,5d482ea121c9be351f761bfa,2020-05-02 01:03:29.927000+00:00,i would have liked for her to have asked them to speak in english first but she wasnt rude,1.0,1,0.166666667,6,i would have liked for her to have asked them to speak in english first but she wasn't rude.,10,19,90,1,0.4162485321280381,1.2796661897686208,0.01,0.01,0.0,0.01,0.0,0.0,0.0,0.01,0.0,0.0,0.02,0.01,0.0,0.0,0.0,0.0,0.0,0.0,0.01,0.0,0.01,0.0,0.0,0.02,0.01,0.03,0.02,0.0,0.0,0.0,0.049999999999999996,0.0,0.0,0.0,0.0,0.0,0.01,0.01,0.0,0.0,0.01,0.06,0.0,0.0,0.01,0.04,0.02,0.04,0.0,0.01,0.0,0.01,0.01,0.11,0.0,0,0,0.8947368421052632,0.05263157894736842,0,0.0,0,0.43333333333333335,0.1375,0.9424,easy,7.074,0,0,0,0,0,0,0,0,0,0,0,1,0,0,0,0,0,1,1,0,0
227,115,3,5eac7476d5ea945196fa369c,2020-05-02 01:03:38.322000+00:00,the son is the asshole,1.0,1,0.166666667,6,the son is the asshole,11,5,22,1,-0.8570792809108222,-0.7149155498962447,0.0,0.0,0.0,0.0,0.0,0.0,0.0,0.0,0.0,0.0,0.0,0.0,0.01,0.0,0.0,0.0,0.0,0.01,0.0,0.0,0.0,0.0,0.0,0.01,0.0,0.0,0.0,0.0,0.0,0.0,0.01,0.0,0.0,0.0,0.0,0.0,0.01,0.0,0.0,0.0,0.0,0.01,0.0,0.02,0.0,0.01,0.0,0.0,0.0,0.0,0.0,0.0,0.0,0.03,0.0,0,0,0.8,0.0,0,0.0,0,0.0,0.0,0.248,easy,8.395,0,0,0,0,0,0,0,0,0,0,0,0,0,0,0,0,0,0,0,0,0
227,115,3,5eac6a08d5ea945196fa1225,2020-05-02 01:03:40.600000+00:00,both the son and the partner knows his english why then did he choose to speak french,1.0,1,0.166666667,6,both the son and the partner knows his english why then did he choose to speak french,12,17,85,1,0.31830023881735653,1.1262368251790158,0.0,0.01,0.0,0.02,0.0,0.02,0.0,0.0,0.0,0.0,0.02,0.0,0.0,0.0,0.0,0.0,0.0,0.01,0.0,0.01,0.0,0.02,0.01,0.01,0.0,0.01,0.02,0.0,0.0,0.0,0.049999999999999996,0.0,0.0,0.0,0.0,0.01,0.0,0.0,0.0,0.0,0.0,0.02,0.01,0.02,0.01,0.01,0.049999999999999996,0.01,0.0,0.01,0.0,0.0,0.0,0.09999999999999999,0.0,0,0,0.9411764705882353,0.0,2,0.0016051364365971107,0,0.0,0.0,0.8432,easy,2.278,0,0,0,0,0,0,0,0,0,0,0,0,0,0,0,0,0,0,0,0,0
228,116,2,5eaca02cd5ea945196fa6060,2020-05-02 00:01:21.171000+00:00,i dont think this person was the asshole because they simply wanted to engage with their son and his partner they werent disrespectful in their approach either,1.0,2,0.4,5,"i don't think this person was the 'asshole', because they simply wanted to engage with their son and his partner. they weren't disrespectful in their approach either.",1,27,159,1,1.1998348786134905,1.971192996218092,0.01,0.0,0.0,0.02,0.0,0.02,0.0,0.0,0.01,0.0,0.01,0.01,0.01,0.0,0.0,0.0,0.0,0.01,0.0,0.01,0.01,0.01,0.02,0.02,0.0,0.02,0.02,0.0,0.0,0.0,0.08,0.01,0.0,0.0,0.0,0.01,0.01,0.01,0.0,0.0,0.01,0.04,0.01,0.01,0.02,0.02,0.06,0.03,0.0,0.0,0.0,0.0,0.01,0.13999999999999999,0.0,0,0,0.9259259259259259,0.037037037037037035,0,0.0,0,0.35714285714285715,0.0,1.3392,easy,0.0,0,0,1,0,1,0,0,0,0,0,0,1,0,0,0,0,0,0,1,0,0
228,116,2,5eac77e6d5ea945196fa40a3,2020-05-02 00:01:56.135000+00:00,they probably wanted to have a personal conversation,1.0,2,0.4,5,they probably wanted to have a personal conversation.,2,8,52,1,-0.5632344009787775,-0.4879190584698247,0.01,0.0,0.0,0.0,0.0,0.0,0.0,0.0,0.01,0.0,0.0,0.0,0.0,0.0,0.0,0.0,0.0,0.0,0.0,0.0,0.0,0.0,0.0,0.01,0.0,0.01,0.0,0.0,0.0,0.0,0.030000000000000002,0.0,0.0,0.0,0.0,0.0,0.0,0.0,0.0,0.01,0.0,0.02,0.0,0.01,0.0,0.01,0.02,0.01,0.0,0.0,0.0,0.01,0.0,0.04,0.01,0,0,1.0,0.0,2,0.013333333333333334,1,0.3,0.0,6.00705,difficult,34.964,0,0,1,0,0,0,0,0,0,0,0,0,0,0,0,0,0,0,0,0,0
228,116,2,5eac5a0ed5ea945196fa0712,2020-05-02 00:02:11.312000+00:00,he is not and asshole because he doesnt hear french and made known to his sons partner in a polite way,1.0,2,0.4,5,he is not and asshole because he doesnt hear french and made known to his son's partner in a polite way,3,21,102,1,0.7100934120600827,1.2881063143603373,0.0,0.01,0.0,0.03,0.0,0.02,0.0,0.0,0.0,0.0,0.03,0.02,0.01,0.0,0.0,0.0,0.0,0.01,0.0,0.0,0.0,0.01,0.01,0.03,0.0,0.01,0.01,0.0,0.0,0.0,0.06,0.0,0.0,0.0,0.0,0.02,0.01,0.0,0.0,0.0,0.01,0.04,0.01,0.01,0.03,0.02,0.06,0.02,0.0,0.01,0.0,0.02,0.0,0.11,0.0,0,0,0.9047619047619048,0.0,2,0.0,0,0.0,0.0,1.0415999999999999,easy,15.177,0,0,0,0,0,0,0,0,0,0,0,0,0,0,0,0,0,1,0,0,0
228,116,2,5eaca02cd5ea945196fa6060,2020-05-02 00:02:26.119000+00:00,thats fine but i dont think it is reasonable to get upset because the mom wanted to engage,1.0,2,0.4,5,"that's fine, but i don't think it is reasonable to get upset because the mom wanted to engage.",4,18,90,1,0.31830023881735653,0.7416369688741337,0.01,0.0,0.0,0.02,0.0,0.0,0.0,0.0,0.0,0.01,0.0,0.01,0.0,0.0,0.0,0.0,0.0,0.01,0.01,0.0,0.02,0.02,0.0,0.049999999999999996,0.0,0.01,0.0,0.0,0.0,0.0,0.01,0.02,0.0,0.0,0.0,0.02,0.0,0.01,0.0,0.0,0.01,0.06,0.0,0.01,0.02,0.03,0.049999999999999996,0.02,0.0,0.0,0.0,0.02,0.01,0.08,0.0,0,0,0.9444444444444444,0.05555555555555555,4,0.0,0,0.55,0.30833333333333335,0.8927999999999999,easy,14.807,0,0,1,0,1,0,0,0,0,0,1,0,0,0,0,0,1,1,1,0,0
228,116,2,5eac5a0ed5ea945196fa0712,2020-05-02 00:02:46.516000+00:00,yes brighthorse you are right moreover he is in his house,1.0,2,0.4,5,yes brighthorse you are right moreover he is in his house,5,11,57,1,-0.2693895210467328,-0.07806704935517192,0.0,0.0,0.009999999999999998,0.0,0.0,0.0,0.0,0.0,0.0,0.0,0.019999999999999997,0.0,0.0,0.0,0.0,0.009999999999999998,0.0,0.0,0.0,0.0,0.009999999999999998,0.0,0.0,0.019999999999999997,0.0,0.0,0.019999999999999997,0.0,0.0,0.0,0.029999999999999995,0.0,0.0,0.0,0.0,0.0,0.0,0.0,0.0,0.0,0.0,0.019999999999999997,0.0,0.0,0.009999999999999998,0.019999999999999997,0.0,0.009999999999999998,0.0,0.009999999999999998,0.009999999999999998,0.009999999999999998,0.0,0.05999999999999999,0.0,0,0,1.0,0.0,1,0.0,0,0.5357142857142857,0.2857142857142857,0.5456,easy,20.397,0,0,0,0,0,0,0,0,0,0,0,0,1,0,0,0,0,1,0,0,0
228,116,2,5eacaa9ad5ea945196fa63ef,2020-05-02 00:03:11.950000+00:00,i think they could have picked a  better way to put it,1.0,2,0.4,5,i think they could have picked a  better way to put it,6,12,54,1,-0.2693895210467328,-0.07806704935517192,0.01,0.0,0.0,0.0,0.0,0.0,0.0,0.01,0.0,0.0,0.0,0.0,0.0,0.0,0.0,0.0,0.0,0.0,0.0,0.0,0.01,0.01,0.0,0.02,0.0,0.0,0.02,0.0,0.0,0.0,0.01,0.01,0.0,0.0,0.0,0.0,0.0,0.01,0.0,0.0,0.0,0.03,0.0,0.01,0.0,0.02,0.02,0.01,0.0,0.0,0.0,0.02,0.01,0.06,0.0,0,0,1.0,0.08333333333333333,0,0.0,0,0.5,0.5,0.5952,easy,25.434,0,0,1,0,1,0,0,0,0,0,0,1,0,0,0,0,0,1,0,0,0
229,116,3,5eaca02cd5ea945196fa6060,2020-05-02 00:16:25.611000+00:00,i think the son was the asshole he was staying with his mom and easily could have included her it was just 2 days that he would feel slightly uncomfortable and then he could go back to speaking german with his partner as normal,0.8,2,0.4,5,"i think the son was the 'asshole'. he was staying with his mom, and easily could have included her. it was just 2 days that he would feel slightly uncomfortable, and then he could go back to speaking german with his partner as normal.",1,44,227,1,2.864955864895077,2.6803594742918624,0.04,0.01,0.0,0.04,0.0,0.05,0.0,0.0,0.02,0.01,0.060000000000000005,0.0,0.01,0.0,0.0,0.0,0.0,0.02,0.0,0.0,0.01,0.02,0.01,0.04,0.01,0.030000000000000002,0.05,0.0,0.0,0.0,0.1,0.02,0.0,0.0,0.0,0.0,0.01,0.01,0.01,0.0,0.01,0.1,0.01,0.02,0.030000000000000002,0.07,0.12000000000000001,0.04,0.0,0.02,0.0,0.0,0.01,0.22999999999999998,0.0,0,0,0.7954545454545454,0.022727272727272728,0,0.0,0,0.4966666666666667,0.01666666666666667,2.5412636363636363,easy,0.0,0,0,1,0,1,0,0,0,0,0,0,1,0,0,0,0,0,0,1,0,0
229,116,3,5eac77e6d5ea945196fa40a3,2020-05-02 00:17:18.222000+00:00,they should have such conversation privately,0.8,2,0.4,5,they should have such conversation privately.,2,6,44,1,-0.7591309876001406,-0.7815421875758614,0.01,0.0,0.0,0.0,0.0,0.0,0.0,0.0,0.01,0.0,0.0,0.0,0.0,0.0,0.0,0.0,0.0,0.0,0.0,0.0,0.0,0.0,0.0,0.01,0.01,0.0,0.0,0.0,0.0,0.0,0.02,0.0,0.0,0.0,0.0,0.0,0.0,0.0,0.0,0.0,0.0,0.02,0.0,0.0,0.0,0.02,0.01,0.0,0.0,0.0,0.0,0.0,0.0,0.04,0.0,0,0,1.0,0.0,1,0.0,0,0.4375,0.0,6.565766666666667,difficult,52.611,0,0,1,0,0,0,0,0,0,0,0,0,0,0,0,0,0,0,0,0,0
229,116,3,5eaca02cd5ea945196fa6060,2020-05-02 00:17:42.238000+00:00,i agree inspiredhorse ,0.8,2,0.4,5,i agree inspiredhorse ,3,3,22,1,-1.1509241608428669,-1.1558018266966963,0.0,0.0,0.0,0.0,0.0,0.0,0.0,0.0,0.0,0.0,0.0,0.0,0.0,0.0,0.0,0.0,0.0,0.0,0.0,0.0,0.02,0.01,0.0,0.0,0.0,0.0,0.0,0.0,0.0,0.0,0.0,0.0,0.0,0.0,0.0,0.0,0.0,0.01,0.0,0.0,0.0,0.0,0.0,0.0,0.0,0.0,0.01,0.0,0.0,0.0,0.0,0.0,0.01,0.01,0.0,0,0,1.0,0.3333333333333333,0,0.0,0,0.0,0.0,0.1488,easy,24.016,0,0,0,0,0,0,0,0,0,0,0,1,0,0,0,0,0,0,0,0,0
229,116,3,5eacaa9ad5ea945196fa63ef,2020-05-02 00:17:50.564000+00:00,i think they were stuck between a rock and a hard place,0.8,2,0.4,5,i think they were stuck between a rock and a hard place,4,12,55,1,-0.2693895210467328,-0.3137176386748176,0.0,0.0,0.0,0.01,0.0,0.01,0.0,0.0,0.0,0.0,0.0,0.0,0.0,0.0,0.0,0.0,0.0,0.0,0.0,0.0,0.0,0.01,0.0,0.01,0.0,0.02,0.01,0.0,0.0,0.0,0.01,0.0,0.0,0.0,0.0,0.0,0.0,0.01,0.01,0.0,0.0,0.030000000000000002,0.0,0.02,0.01,0.01,0.02,0.01,0.0,0.01,0.0,0.02,0.01,0.06999999999999999,0.0,0,0,0.9166666666666666,0.08333333333333333,0,0.00015518311607697082,0,0.5416666666666666,-0.2916666666666667,0.5952,easy,8.326,0,0,1,0,1,0,0,0,0,0,0,1,0,0,0,0,0,0,1,0,0
229,116,3,5eac5a0ed5ea945196fa0712,2020-05-02 00:17:57.220000+00:00,i this the son was not an ass hole he was only trying to please both parties,0.8,2,0.4,5,i this the son was not an ass hole he was only trying to please both parties,5,17,76,1,0.22035194550667497,0.15410691022622613,0.0,0.0,0.0,0.0,0.0,0.01,0.01,0.01,0.01,0.0,0.01,0.01,0.01,0.0,0.0,0.0,0.01,0.01,0.0,0.01,0.02,0.0,0.0,0.0,0.0,0.02,0.01,0.01,0.0,0.0,0.03,0.01,0.0,0.0,0.0,0.0,0.0,0.01,0.0,0.0,0.01,0.02,0.0,0.02,0.0,0.02,0.02,0.01,0.0,0.0,0.0,0.0,0.01,0.11,0.0,0,0,0.9411764705882353,0.058823529411764705,0,0.00015518311607697082,0,1.0,0.0,0.8432,easy,6.656,1,0,0,0,0,0,0,0,0,0,0,1,0,0,0,0,0,0,0,0,0
230,117,0,5d482ea821c9be351f7632bf,2020-05-01 22:46:33.037000+00:00,yes i believe he is a asshole,1.0,1,0.5,2,yes i believe he is a asshole,1,7,29,1,-0.7591309876001406,-0.34845669656937234,0.0,0.0,0.0,0.0,0.0,0.0,0.0,0.0,0.0,0.0,0.009999999999999998,0.0,0.009999999999999998,0.0,0.0,0.0,0.0,0.0,0.0,0.0,0.0,0.009999999999999998,0.0,0.019999999999999997,0.0,0.0,0.0,0.0,0.0,0.0,0.009999999999999998,0.0,0.0,0.0,0.0,0.0,0.009999999999999998,0.009999999999999998,0.0,0.0,0.0,0.019999999999999997,0.0,0.009999999999999998,0.009999999999999998,0.009999999999999998,0.009999999999999998,0.0,0.0,0.0,0.0,0.009999999999999998,0.009999999999999998,0.039999999999999994,0.0,0,0,1.0,0.14285714285714285,0,0.0,0,0.0,0.0,0.3472,easy,0.0,0,0,0,0,0,0,0,0,0,0,1,0,0,0,0,0,0,0,0,0,0
230,117,0,5d482ea921c9be351f7638d3,2020-05-01 22:47:00.835000+00:00,same,1.0,1,0.5,2,same,2,1,4,1,-1.2488724541535483,-1.2373768408789958,0.0,0.0,0.0,0.0,0.0,0.0,0.0,0.0,0.0,0.0,0.0,0.0,0.0,0.0,0.0,0.0,0.0,0.0,0.0,0.01,0.0,0.0,0.0,0.0,0.0,0.0,0.0,0.0,0.0,0.0,0.0,0.0,0.0,0.0,0.0,0.0,0.0,0.0,0.0,0.0,0.0,0.0,0.0,0.0,0.0,0.0,0.01,0.0,0.0,0.0,0.0,0.0,0.0,0.01,0.0,0,0,1.0,0.0,0,0.0,0,0.125,0.0,0.0496,easy,27.798,0,0,0,0,0,0,0,0,0,0,0,0,0,0,0,0,0,0,0,0,0
230,117,0,5d482ea521c9be351f7624ab,2020-05-01 22:47:07.768000+00:00,i think he was incredibly naive to approach the problem this way and he sounds like a defensive asshole in reaction but i dont think he is one,1.0,1,0.5,2,"i think he was incredibly naive to approach the problem this way, and he sounds like a defensive asshole in reaction, but i don't think he is one.",3,28,142,1,1.1998348786134905,3.207223880669121,0.01,0.01,0.0,0.02,0.0,0.01,0.0,0.0,0.0,0.0,0.03,0.01,0.01,0.0,0.0,0.0,0.0,0.0,0.01,0.0,0.01,0.02,0.0,0.04,0.0,0.01,0.03,0.0,0.01,0.0,0.03,0.01,0.0,0.0,0.0,0.01,0.02,0.02,0.0,0.0,0.01,0.05,0.0,0.02,0.02,0.03,0.06999999999999999,0.02,0.0,0.01,0.0,0.03,0.02,0.13999999999999999,0.0,0,0,0.8571428571428571,0.07142857142857142,0,0.0,0,1.0,-0.3,1.3888,easy,6.933,0,0,1,0,1,0,0,0,0,0,1,1,0,0,0,0,0,1,1,0,0
230,117,0,5eac6d78d5ea945196fa1b2a,2020-05-01 22:47:37.433000+00:00,i believe he is an asshole ,1.0,1,0.5,2,i believe he is an asshole ,4,6,27,1,-0.8570792809108222,-0.5262407254312971,0.0,0.0,0.0,0.0,0.0,0.0,0.0,0.0,0.0,0.0,0.01,0.0,0.01,0.0,0.0,0.0,0.0,0.0,0.0,0.0,0.0,0.01,0.0,0.02,0.0,0.0,0.0,0.0,0.0,0.0,0.01,0.0,0.0,0.0,0.0,0.0,0.01,0.01,0.0,0.0,0.0,0.02,0.0,0.01,0.0,0.01,0.01,0.0,0.0,0.0,0.0,0.0,0.01,0.04,0.0,0,0,1.0,0.16666666666666666,2,0.0004753880472329106,0,0.0,0.0,0.2976,easy,29.665,0,0,0,0,0,0,0,0,0,0,0,1,0,0,0,0,0,0,0,0,0
230,117,0,5d482ea821c9be351f7632bf,2020-05-01 22:47:40.190000+00:00,we must all come to the same conclusion,1.0,1,0.5,2,we must all come to the same conclusion,5,8,39,1,-0.5632344009787775,0.007111361154476994,0.01,0.0,0.0,0.0,0.02,0.02,0.0,0.01,0.0,0.0,0.0,0.0,0.0,0.0,0.0,0.0,0.0,0.0,0.0,0.01,0.0,0.01,0.0,0.01,0.01,0.0,0.01,0.0,0.0,0.0,0.01,0.0,0.0,0.0,0.0,0.0,0.0,0.0,0.0,0.0,0.0,0.02,0.0,0.01,0.0,0.01,0.060000000000000005,0.01,0.01,0.0,0.0,0.0,0.01,0.049999999999999996,0.0,0,0,1.0,0.0,0,0.0,0,0.125,0.0,0.3968,easy,2.757,0,0,0,0,0,0,0,0,0,1,0,0,0,0,0,0,0,0,0,0,0
230,117,0,5d482ea921c9be351f7638d3,2020-05-01 22:47:56.158000+00:00,it was hard to tell from his frustration in writing the post,1.0,1,0.5,2,it was hard to tell from his frustration in writing the post,6,12,60,1,-0.17144122773605125,0.7182474766021757,0.0,0.0,0.0,0.0,0.0,0.0,0.0,0.0,0.0,0.0,0.01,0.0,0.0,0.0,0.0,0.0,0.0,0.0,0.0,0.0,0.0,0.0,0.0,0.0,0.0,0.01,0.02,0.0,0.0,0.0,0.03,0.01,0.0,0.0,0.0,0.0,0.01,0.0,0.01,0.0,0.0,0.01,0.0,0.01,0.0,0.01,0.01,0.03,0.0,0.01,0.0,0.0,0.0,0.06999999999999999,0.0,0,0,1.0,0.0,2,0.0,0,0.5416666666666666,-0.2916666666666667,0.5952,easy,15.968,0,0,0,0,0,0,0,0,0,0,0,0,0,0,0,0,0,0,1,0,0
230,117,0,5d482ea521c9be351f7624ab,2020-05-01 22:48:06.749000+00:00,any particular reason beyond his language and his frustration,1.0,1,0.5,2,"any particular reason, beyond his language and his frustration?",7,9,61,1,-0.4652861076680959,0.18489539001640168,0.0,0.0,0.0,0.01,0.0,0.01,0.0,0.0,0.01,0.0,0.02,0.0,0.0,0.0,0.0,0.0,0.0,0.0,0.0,0.0,0.0,0.01,0.0,0.0,0.0,0.0,0.01,0.0,0.0,0.0,0.03,0.0,0.0,0.0,0.0,0.01,0.01,0.0,0.0,0.01,0.0,0.0,0.0,0.0,0.01,0.0,0.03,0.01,0.0,0.0,0.0,0.0,0.0,0.04,0.0,1,0,0.8888888888888888,0.0,2,0.016666666666666666,0,0.3333333333333333,0.16666666666666666,5.837344444444444,medium,10.591,0,0,0,0,0,0,0,0,0,0,0,0,0,0,0,0,0,0,1,0,0
231,117,2,5d482ea521c9be351f7624ab,2020-05-01 23:15:43.514000+00:00,i think the expectation that he will always take the calls is an asshole thing she knew she would be busy  couldnt she introduce them to translation software,0.75,1,0.25,4,i think the expectation that he will always take the calls is an asshole thing. she knew she would be busy.  couldn't she introduce them to translation software?,1,28,157,1,1.2977831719241721,2.7002745946254567,0.03,0.0,0.0,0.0,0.01,0.0,0.0,0.0,0.0,0.0,0.04,0.01,0.01,0.0,0.0,0.0,0.0,0.0,0.0,0.0,0.0,0.02,0.0,0.03,0.02,0.01,0.02,0.0,0.0,0.0,0.06,0.02,0.0,0.01,0.0,0.0,0.01,0.01,0.01,0.0,0.0,0.08,0.0,0.03,0.0,0.05,0.06,0.01,0.0,0.01,0.0,0.0,0.01,0.13999999999999999,0.0,1,0,0.8928571428571429,0.03571428571428571,0,0.0,0,0.3,0.1,1.9527285714285716,easy,0.0,0,0,1,0,1,0,0,0,0,0,0,1,0,0,0,0,0,0,0,0,0
231,117,2,5d482ea921c9be351f7638d3,2020-05-01 23:16:08.927000+00:00,i think the poster is the asshole for expecting her husband to provide translations on call,0.75,1,0.25,4,i think the poster is the asshole for expecting her husband to provide translations on call,2,16,91,1,0.1224036521959934,0.8406072216312293,0.010000000000000002,0.0,0.0,0.0,0.0,0.0,0.0,0.0,0.0,0.0,0.010000000000000002,0.0,0.010000000000000002,0.0,0.0,0.0,0.0,0.010000000000000002,0.0,0.0,0.0,0.010000000000000002,0.0,0.020000000000000004,0.0,0.0,0.010000000000000002,0.0,0.0,0.0,0.04000000000000001,0.0,0.0,0.0,0.0,0.0,0.010000000000000002,0.010000000000000002,0.0,0.0,0.0,0.020000000000000004,0.0,0.020000000000000004,0.0,0.010000000000000002,0.020000000000000004,0.030000000000000002,0.0,0.0,0.0,0.0,0.010000000000000002,0.08000000000000002,0.0,0,0,0.9375,0.0625,4,0.0008238201029820396,0,0.0,0.0,0.7936,easy,25.413,0,0,1,0,1,0,0,0,0,0,0,1,0,0,0,0,0,0,0,0,0
231,117,2,5d482ea821c9be351f7632bf,2020-05-01 23:16:10.879000+00:00,okay lets get this together now i dont think she is ,0.75,1,0.25,4,okay lets get this together now i don't think she is ,3,11,52,1,-0.4652861076680959,-0.08922646486588473,0.0,0.0,0.0,0.0,0.0,0.0,0.0,0.0,0.01,0.0,0.01,0.01,0.0,0.0,0.0,0.0,0.0,0.0,0.0,0.0,0.01,0.01,0.0,0.05,0.0,0.0,0.02,0.0,0.0,0.0,0.02,0.01,0.0,0.0,0.0,0.0,0.0,0.01,0.0,0.0,0.0,0.05,0.0,0.0,0.0,0.02,0.01,0.0,0.01,0.0,0.0,0.0,0.02,0.05,0.0,0,0,1.0,0.18181818181818182,1,0.0005036151718260998,0,0.5,0.5,0.5456,easy,1.952,0,0,1,0,1,0,0,0,0,0,1,0,0,0,0,0,0,0,0,0,0
231,117,2,5eac6a76d5ea945196fa12a6,2020-05-01 23:16:11.534000+00:00,he is really an asshole complaining about the calls,0.75,1,0.25,4,he is really an asshole complaining about the calls,4,9,51,1,-0.4652861076680959,-0.08922646486588473,0.0,0.0,0.0,0.0,0.0,0.0,0.0,0.0,0.02,0.0,0.01,0.0,0.01,0.0,0.0,0.0,0.0,0.0,0.0,0.0,0.0,0.0,0.0,0.01,0.0,0.0,0.0,0.0,0.0,0.0,0.03,0.0,0.0,0.0,0.0,0.0,0.01,0.0,0.0,0.0,0.01,0.01,0.0,0.02,0.01,0.01,0.01,0.01,0.0,0.0,0.0,0.0,0.0,0.05,0.0,0,0,1.0,0.0,1,0.0,0,0.2,0.2,0.44639999999999996,easy,0.655,0,0,0,0,0,1,0,0,0,0,0,0,0,0,0,0,0,0,1,0,0
231,117,2,5eac6d78d5ea945196fa1b2a,2020-05-01 23:16:34.600000+00:00,i dont think there is anything wrong with him helping out he is an asshole for complaining ,0.75,1,0.25,4,i dont think there is anything wrong with him helping out he is an asshole for complaining ,5,17,91,1,0.22035194550667497,0.9955795027140816,0.0,0.0,0.0,0.0,0.0,0.020000000000000004,0.0,0.0,0.010000000000000002,0.0,0.020000000000000004,0.010000000000000002,0.010000000000000002,0.0,0.0,0.0,0.0,0.0,0.010000000000000002,0.0,0.010000000000000002,0.010000000000000002,0.0,0.04000000000000001,0.0,0.0,0.010000000000000002,0.0,0.0,0.0,0.04000000000000001,0.010000000000000002,0.0,0.0,0.0,0.0,0.010000000000000002,0.010000000000000002,0.0,0.010000000000000002,0.0,0.04000000000000001,0.0,0.010000000000000002,0.0,0.030000000000000002,0.04000000000000001,0.030000000000000002,0.0,0.0,0.0,0.010000000000000002,0.010000000000000002,0.1,0.0,0,0,0.9411764705882353,0.058823529411764705,4,0.11143131604226704,0,0.9,-0.5,0.8432,easy,23.066,0,0,1,0,1,0,0,0,0,0,0,1,0,0,0,0,0,1,1,0,0
231,117,2,5d482ea521c9be351f7624ab,2020-05-01 23:16:57.321000+00:00,but does he have to be the one always doing the helping,0.75,1,0.25,4,but does he have to be the one always doing the helping?,6,12,55,1,-0.17144122773605125,0.3756903783826722,0.0,0.0,0.0,0.01,0.01,0.0,0.0,0.0,0.0,0.0,0.01,0.0,0.0,0.0,0.0,0.0,0.0,0.0,0.0,0.0,0.01,0.0,0.0,0.02,0.0,0.0,0.01,0.0,0.0,0.0,0.02,0.0,0.0,0.0,0.0,0.0,0.0,0.0,0.0,0.0,0.01,0.04,0.0,0.02,0.01,0.04,0.02,0.01,0.0,0.0,0.0,0.01,0.0,0.09000000000000001,0.0,1,0,0.9166666666666666,0.0,1,0.006329113924050633,0,0.0,0.0,0.5952,easy,22.721,0,0,0,0,0,0,0,0,0,0,0,0,0,0,0,0,1,1,0,0,0
231,117,2,5eac6d78d5ea945196fa1b2a,2020-05-01 23:17:14.838000+00:00,what are married partners for ,0.75,1,0.25,4,what are married partners for ,7,5,30,1,-0.8570792809108222,-0.709115589197294,0.0,0.0,0.0,0.0,0.0,0.0,0.0,0.0,0.0,0.0,0.0,0.0,0.0,0.0,0.0,0.0,0.0,0.01,0.0,0.0,0.0,0.0,0.01,0.01,0.0,0.0,0.0,0.0,0.0,0.0,0.02,0.01,0.0,0.0,0.0,0.0,0.0,0.0,0.0,0.0,0.0,0.01,0.01,0.0,0.0,0.01,0.0,0.01,0.0,0.0,0.0,0.0,0.0,0.03,0.0,1,0,1.0,0.0,0,0.0,0,0.25,0.25,0.248,easy,17.517,0,0,0,0,0,0,0,0,0,0,0,0,0,0,0,1,0,0,0,0,0
231,117,2,5d482ea821c9be351f7632bf,2020-05-01 23:17:36.065000+00:00,this is about her she was writing,0.75,1,0.25,4,this is about her she was writing,8,7,33,1,-0.6611826942894591,-0.39917102703158935,0.0,0.0,0.0,0.0,0.0,0.0,0.0,0.0,0.01,0.0,0.02,0.0,0.0,0.0,0.0,0.0,0.0,0.0,0.0,0.0,0.0,0.0,0.0,0.01,0.0,0.01,0.0,0.0,0.0,0.0,0.030000000000000002,0.01,0.0,0.0,0.0,0.0,0.0,0.0,0.0,0.0,0.0,0.02,0.0,0.0,0.0,0.02,0.01,0.01,0.0,0.0,0.0,0.0,0.0,0.060000000000000005,0.0,0,0,1.0,0.0,0,0.0,0,0.0,0.0,0.3472,easy,21.227,0,0,0,0,0,0,0,0,0,0,0,0,0,0,0,0,0,0,0,0,0
231,117,2,5eac6a76d5ea945196fa12a6,2020-05-01 23:17:45.661000+00:00,there is nothing wrong in giving out some minute of his time and he is married to her,0.75,1,0.25,4,there is nothing wrong in giving out some minute of his time and he is married to her,9,18,85,1,0.4162485321280381,1.3055240648797861,0.0,0.0,0.0,0.01,0.0,0.02,0.0,0.0,0.01,0.0,0.03,0.01,0.0,0.0,0.0,0.0,0.0,0.01,0.01,0.01,0.01,0.0,0.0,0.02,0.0,0.0,0.04,0.0,0.0,0.0,0.049999999999999996,0.0,0.0,0.0,0.0,0.0,0.0,0.0,0.0,0.01,0.0,0.02,0.0,0.0,0.01,0.02,0.03,0.04,0.0,0.0,0.0,0.0,0.0,0.12,0.0,0,0,0.9444444444444444,0.0,3,0.0,0,0.575,-0.125,0.8927999999999999,easy,9.596,0,0,0,0,0,0,0,0,0,0,0,0,0,0,0,0,0,0,1,0,0
232,118,0,5d482ea221c9be351f761dd3,2020-05-02 16:09:43.790000+00:00,i think the delivery of the message was quite poor  disrespectful stopping them during talking etc i think this person is indeed the asshole ,0.833333333,2,0.333333333,6,"i think the delivery of the message was quite poor - disrespectful, stopping them during talking, etc. i think this person is indeed the asshole. ",1,24,141,1,0.8080417053707643,1.1117469624025131,0.0,0.0,0.0,0.0,0.009999999999999998,0.0,0.0,0.0,0.0,0.0,0.0,0.0,0.009999999999999998,0.0,0.0,0.0,0.0,0.0,0.0,0.009999999999999998,0.0,0.019999999999999997,0.009999999999999998,0.03,0.0,0.009999999999999998,0.03,0.0,0.009999999999999998,0.0,0.039999999999999994,0.009999999999999998,0.0,0.0,0.009999999999999998,0.0,0.009999999999999998,0.019999999999999997,0.0,0.009999999999999998,0.0,0.039999999999999994,0.0,0.03,0.0,0.019999999999999997,0.05,0.019999999999999997,0.0,0.0,0.0,0.0,0.019999999999999997,0.11,0.0,0,0,0.8333333333333334,0.08333333333333333,0,0.0,0,0.6,-0.4,1.1904,easy,0.0,0,0,1,0,1,0,0,0,0,0,1,1,0,0,0,0,0,0,1,0,0
232,118,0,5d482ea521c9be351f76246b,2020-05-02 16:10:45.098000+00:00,this feels like an entitlement issue they feel excluded from someone elses conversation and need to butt in,0.833333333,2,0.333333333,6,this feels like an entitlement issue. they feel 'excluded' from someone else's conversation and need to butt in.,2,18,107,1,0.4162485321280381,0.6863829072224212,0.01,0.0,0.0,0.01,0.0,0.01,0.01,0.0,0.0,0.0,0.0,0.0,0.01,0.0,0.0,0.0,0.01,0.0,0.0,0.0,0.01,0.02,0.0,0.030000000000000002,0.0,0.0,0.01,0.01,0.0,0.0,0.030000000000000002,0.02,0.0,0.0,0.0,0.0,0.0,0.0,0.02,0.01,0.01,0.030000000000000002,0.0,0.01,0.01,0.0,0.06999999999999999,0.030000000000000002,0.0,0.02,0.0,0.01,0.0,0.06999999999999999,0.0,0,0,1.0,0.0,1,0.0,0,0.0,0.0,6.283744444444444,difficult,61.308,0,0,1,0,1,0,0,0,0,0,0,0,0,0,0,0,0,1,1,0,0
232,118,0,5d482ea221c9be351f761dd3,2020-05-02 16:11:06.253000+00:00,agree exciteddolphin,0.833333333,2,0.333333333,6,agree exciteddolphin,3,2,20,1,-1.1509241608428669,-1.0150733134979468,0.0,0.0,0.0,0.0,0.0,0.0,0.0,0.0,0.0,0.0,0.0,0.0,0.0,0.0,0.0,0.0,0.0,0.0,0.0,0.0,0.020000000000000004,0.0,0.0,0.0,0.0,0.0,0.0,0.0,0.0,0.0,0.0,0.0,0.0,0.0,0.0,0.0,0.0,0.0,0.0,0.0,0.0,0.0,0.0,0.0,0.0,0.0,0.0,0.0,0.0,0.0,0.0,0.0,0.0,0.0,0.0,0,0,1.0,0.0,0,0.0,0,0.0,0.0,11.630700000000001,difficult,21.155,0,0,0,0,0,0,0,0,0,0,0,0,0,0,0,0,0,0,0,0,0
233,118,1,5d482ea221c9be351f761dd3,2020-05-02 16:24:45.113000+00:00,im torn on this one but leaning towards no  on one hand the mother is being a good host  on the other he should make his husband feel comfortable,0.6,1,0.2,5,"i'm torn on this one, but leaning towards no.  on one hand the mother is being a good host.  on the other, he should make his husband feel comfortable...",1,29,145,1,1.4936797585455353,0.31704173844704703,0.01,0.0,0.0,0.01,0.0,0.0,0.01,0.0,0.0,0.0,0.02,0.01,0.0,0.0,0.0,0.0,0.01,0.02,0.0,0.0,0.02,0.01,0.0,0.03,0.01,0.0,0.04,0.0,0.0,0.0,0.04,0.02,0.0,0.0,0.0,0.01,0.0,0.0,0.02,0.0,0.01,0.049999999999999996,0.0,0.03,0.02,0.03,0.04,0.04,0.0,0.02,0.0,0.03,0.0,0.15,0.0,0,0,0.8620689655172413,0.0,0,0.0,0,0.5916666666666667,0.325,1.4384,easy,0.0,0,0,1,0,1,0,0,0,0,0,0,1,0,0,0,0,0,1,0,0,0
233,118,1,5d482ea621c9be351f762856,2020-05-02 16:25:27.296000+00:00,this seems like a case where each side can be seen as the asshole so it is hard to decide the mom wants to be included in her sons life which is understandable,0.6,1,0.2,5,"this seems like a case where each side can be seen as the asshole so it is hard to decide. the mom wants to be included in her son's life, which is understandable",2,33,159,1,1.8854729317882615,0.739764056376443,0.01,0.0,0.0,0.02,0.0,0.02,0.01,0.0,0.02,0.0,0.01,0.0,0.01,0.0,0.01,0.01,0.0,0.02,0.0,0.01,0.01,0.03,0.0,0.05,0.0,0.01,0.03,0.0,0.0,0.0,0.03,0.03,0.0,0.0,0.0,0.0,0.01,0.0,0.01,0.01,0.0,0.08,0.0,0.03,0.01,0.05,0.06,0.04,0.0,0.02,0.0,0.03,0.0,0.19,0.0,0,0,0.8787878787878788,0.0,6,0.0,0,0.3208333333333333,-0.04583333333333334,2.1152848484848485,easy,42.183,0,0,1,0,1,0,0,0,0,0,0,0,0,0,0,0,0,1,1,0,0
233,118,1,5d482ea521c9be351f76246b,2020-05-02 16:26:05.510000+00:00,i have to side with the son in this case sure his mother may feel slighted but he is trying to make his so feel comfortable and his mother should be respectful of her guests comfort if she wants to talk to her son then she should ask,0.6,1,0.2,5,"i have to side with the son in this case. sure his mother may feel slighted, but he is trying to make his so feel comfortable and his mother should be respectful of her guests' comfort. if she wants to talk to her son, then she should ask.",3,48,233,1,3.2567490381378037,2.219292169129329,0.04,0.0,0.0,0.05,0.01,0.02,0.0,0.01,0.01,0.0,0.08,0.0,0.0,0.0,0.0,0.0,0.0,0.04,0.0,0.0,0.030000000000000002,0.02,0.0,0.07,0.030000000000000002,0.0,0.030000000000000002,0.0,0.0,0.0,0.15,0.01,0.0,0.0,0.0,0.01,0.0,0.01,0.02,0.02,0.02,0.11000000000000001,0.01,0.01,0.030000000000000002,0.060000000000000005,0.12000000000000001,0.07,0.0,0.02,0.0,0.030000000000000002,0.01,0.28,0.0,0,0,0.7708333333333334,0.020833333333333332,12,0.02912004847969107,0,0.6222222222222222,0.39999999999999997,2.3808,easy,38.214,0,0,1,0,1,0,0,0,0,0,0,1,0,0,0,0,0,1,0,0,0
233,118,1,5d482ea421c9be351f76220c,2020-05-02 16:26:06.078000+00:00,after reviewing all sides i think she should be more accommodating to her mom as she rarely sees her ,0.6,1,0.2,5,"after reviewing all sides, i think she should be more accommodating to her mom as she rarely sees her. ",4,19,101,1,0.4162485321280381,-0.8454446358587921,0.01,0.0,0.0,0.01,0.01,0.0,0.0,0.0,0.01,0.0,0.04,0.0,0.0,0.0,0.0,0.01,0.0,0.01,0.0,0.01,0.0,0.01,0.0,0.02,0.01,0.0,0.02,0.0,0.0,0.0,0.05,0.0,0.0,0.01,0.0,0.0,0.0,0.01,0.0,0.0,0.0,0.04,0.0,0.0,0.0,0.02,0.03,0.03,0.0,0.01,0.0,0.0,0.01,0.12,0.0,0,0,0.8947368421052632,0.05263157894736842,7,0.00015518311607697082,0,0.7,0.4,5.409952631578947,medium,0.568,0,0,1,0,1,0,0,0,0,0,1,0,0,0,0,0,0,0,0,0,0
234,119,1,5eacc390d5ea945196fa7bed,2020-05-02 16:16:01.431000+00:00,i think she has a right to ask her husband to help however i dont believe she should always be asking him to help and stop and drop ,1.0,0,0.0,6,"i think she has a right to ask her husband to help, however i don't believe she should always be asking him to help and stop and drop. ",1,28,132,1,1.1998348786134905,0.6744613538616293,0.01,0.0,0.0,0.030000000000000002,0.01,0.02,0.0,0.0,0.01,0.0,0.04,0.01,0.0,0.0,0.0,0.0,0.0,0.01,0.0,0.0,0.0,0.02,0.0,0.05,0.01,0.0,0.030000000000000002,0.0,0.01,0.0,0.09,0.0,0.0,0.0,0.0,0.0,0.0,0.02,0.0,0.0,0.0,0.07,0.0,0.01,0.02,0.04,0.07,0.030000000000000002,0.0,0.0,0.0,0.02,0.02,0.15,0.0,0,0,0.7857142857142857,0.07142857142857142,0,0.0,0,0.5357142857142857,0.2857142857142857,1.3888,easy,0.0,0,0,1,0,1,0,0,0,0,0,1,1,0,0,0,0,0,1,0,0,0
234,119,1,5d482eab21c9be351f763ddf,2020-05-02 16:16:24.930000+00:00,i agree with novelotter i think she should be a little more appreciative of his time,1.0,0,0.0,6,i agree with novelotter i think she should be a little more appreciative of his time,2,16,84,1,0.024455358885311848,-0.3841868471363712,0.009999999999999998,0.0,0.0,0.0,0.0,0.009999999999999998,0.0,0.0,0.0,0.0,0.019999999999999997,0.0,0.0,0.0,0.0,0.0,0.0,0.0,0.0,0.009999999999999998,0.019999999999999997,0.019999999999999997,0.0,0.009999999999999998,0.009999999999999998,0.0,0.019999999999999997,0.0,0.0,0.0,0.019999999999999997,0.0,0.0,0.0,0.0,0.0,0.0,0.019999999999999997,0.0,0.0,0.0,0.03,0.0,0.009999999999999998,0.0,0.019999999999999997,0.039999999999999994,0.019999999999999997,0.0,0.0,0.0,0.019999999999999997,0.019999999999999997,0.09999999999999999,0.009999999999999998,0,0,0.9375,0.125,4,0.0006587982879030706,1,0.6333333333333333,0.30416666666666664,5.416975,medium,23.499,0,0,1,0,1,0,0,0,0,0,1,1,0,0,0,0,0,1,0,0,0
234,119,1,5d482ea921c9be351f763618,2020-05-02 16:16:36.238000+00:00,she should have taught her parents english,1.0,0,0.0,6,she should have taught her parents english.,3,7,42,1,-0.6611826942894591,-1.0017316310518716,0.009999999999999998,0.0,0.0,0.0,0.0,0.0,0.0,0.0,0.0,0.0,0.019999999999999997,0.0,0.0,0.0,0.0,0.0,0.0,0.009999999999999998,0.0,0.0,0.0,0.0,0.0,0.009999999999999998,0.009999999999999998,0.009999999999999998,0.0,0.0,0.0,0.0,0.03,0.0,0.0,0.009999999999999998,0.0,0.0,0.0,0.0,0.0,0.0,0.0,0.03,0.0,0.0,0.0,0.019999999999999997,0.009999999999999998,0.0,0.0,0.0,0.0,0.0,0.0,0.039999999999999994,0.0,0,0,1.0,0.0,2,0.0,0,0.0,0.0,0.3472,easy,11.308,0,0,1,0,0,0,0,0,0,0,0,0,0,0,0,0,0,0,0,0,0
234,119,1,5d482ea721c9be351f762ede,2020-05-02 16:16:37.751000+00:00,again you lose nuance here in one sided conversation presentation but id lean towards her overreacting with the husband suggesting they should have learned english or that he shouldnt be on call translation service,1.0,0,0.0,6,"again, you lose nuance here in one sided conversation presentation, but i'd lean towards her overreacting with the husband suggesting they should have learned english or that he shouldn't be on call translation service",4,34,214,1,1.983421225098943,1.3802268211936297,0.02,0.0,0.0,0.02,0.0,0.01,0.0,0.01,0.02,0.0,0.02,0.01,0.0,0.0,0.0,0.0,0.0,0.01,0.01,0.0,0.0,0.01,0.0,0.01,0.02,0.0,0.04,0.0,0.0,0.01,0.08,0.01,0.0,0.030000000000000002,0.0,0.0,0.0,0.0,0.0,0.01,0.02,0.04,0.0,0.01,0.01,0.04,0.060000000000000005,0.04,0.0,0.0,0.01,0.01,0.0,0.16,0.0,0,0,1.0,0.0,3,0.0006161429451632779,0,0.0,0.0,6.251723529411764,difficult,1.513,0,0,1,0,0,0,0,0,0,0,1,0,1,0,0,0,0,1,1,0,0
234,119,1,5ead904ad5ea945196fa9750,2020-05-02 16:16:38.826000+00:00,it has started to interrupt her husbands time,1.0,0,0.0,6,it has started to interrupt her husband's time.,5,8,45,1,-0.5632344009787775,-0.9135109476353714,0.0,0.0,0.0,0.0,0.0,0.0,0.0,0.0,0.0,0.0,0.01,0.0,0.0,0.0,0.0,0.0,0.0,0.01,0.01,0.0,0.0,0.0,0.0,0.01,0.0,0.01,0.02,0.0,0.0,0.0,0.03,0.01,0.0,0.0,0.0,0.0,0.01,0.0,0.0,0.0,0.0,0.02,0.0,0.0,0.0,0.01,0.0,0.01,0.0,0.0,0.0,0.0,0.0,0.04,0.0,0,0,1.0,0.0,1,0.0,0,0.0,0.0,0.3968,easy,1.075,0,0,0,0,0,0,0,0,0,0,0,0,0,0,0,0,0,0,1,0,0
234,119,1,5eacc390d5ea945196fa7bed,2020-05-02 16:16:55.127000+00:00,i dont think she is considering his side of things and that it might not always be convenient for him to help her parents however i dont believe his comments were really very biased as she points out,1.0,0,0.0,6,"i don't think she is considering his side of things and that it might not always be convenient for him to help her parents. however, i don't believe his comments were really very biased as she points out",6,38,199,1,2.1793178117203063,1.5566681880266298,0.0,0.0,0.0,0.03,0.01,0.02,0.0,0.0,0.03,0.0,0.06,0.03,0.0,0.0,0.0,0.0,0.0,0.01,0.0,0.0,0.0,0.03,0.0,0.05,0.01,0.01,0.03,0.0,0.0,0.0,0.09,0.03,0.0,0.0,0.0,0.0,0.0,0.02,0.0,0.01,0.02,0.08,0.0,0.0,0.02,0.06,0.09,0.05,0.0,0.0,0.0,0.01,0.02,0.21,0.0,0,0,0.8947368421052632,0.05263157894736842,3,0.0,0,0.3,0.2,2.3003263157894738,easy,16.301,0,0,1,0,1,1,0,0,0,0,1,1,0,0,0,0,0,1,1,0,0
234,119,1,5d482ea221c9be351f761e77,2020-05-02 16:16:58.169000+00:00,i agree i think that it is fair that she asked her husband for help but i dont think that is is his responsibility ,1.0,0,0.0,6,i agree. i think that it is fair that she asked her husband for help but i dont think that is is his responsibility. ,7,24,115,1,0.7100934120600827,0.23335793677912908,0.0,0.0,0.0,0.01,0.0,0.0,0.0,0.01,0.0,0.0,0.029999999999999995,0.01,0.0,0.0,0.0,0.0,0.0,0.01,0.0,0.0,0.01,0.02,0.0,0.05999999999999999,0.0,0.01,0.0,0.0,0.01,0.0,0.05999999999999999,0.04,0.0,0.01,0.0,0.0,0.0,0.029999999999999995,0.0,0.0,0.01,0.06999999999999999,0.0,0.0,0.01,0.04,0.04,0.01,0.0,0.0,0.0,0.01,0.029999999999999995,0.15,0.0,0,0,0.7083333333333334,0.125,12,0.0022458370783640562,0,0.9,0.7,1.8483166666666664,easy,3.042,0,0,1,0,1,0,0,0,0,0,1,1,0,0,0,0,1,1,0,0,0
234,119,1,5d482ea921c9be351f763618,2020-05-02 16:17:08.767000+00:00,assilation is important,1.0,0,0.0,6,assilation is important.,8,3,23,1,-1.0529758675321852,-1.3546143647178717,0.0,0.0,0.0,0.0,0.0,0.0,0.0,0.01,0.0,0.0,0.0,0.0,0.0,0.0,0.0,0.0,0.0,0.0,0.0,0.0,0.01,0.0,0.0,0.01,0.0,0.0,0.0,0.0,0.0,0.0,0.0,0.0,0.0,0.0,0.0,0.0,0.0,0.0,0.0,0.0,0.0,0.01,0.0,0.0,0.0,0.01,0.0,0.0,0.0,0.0,0.0,0.01,0.0,0.01,0.0,0,0,1.0,0.0,1,0.0,0,1.0,0.4,0.1488,easy,10.598,0,0,0,0,0,0,0,0,0,0,0,0,0,0,0,0,0,1,0,0,0
235,119,2,5d482ea221c9be351f761e77,2020-05-02 16:30:44.221000+00:00,i think that this person is the asshole because i think there were better ways to handle this situation ,0.833333333,1,0.166666667,6,i think that this person is the asshole because i think there were better ways to handle this situation. ,1,19,104,1,0.31830023881735653,-0.18252001288816813,0.0,0.0,0.0,0.01,0.0,0.0,0.0,0.01,0.01,0.0,0.0,0.0,0.01,0.0,0.0,0.0,0.0,0.0,0.0,0.0,0.01,0.02,0.01,0.030000000000000002,0.0,0.01,0.0,0.0,0.0,0.0,0.01,0.030000000000000002,0.0,0.0,0.0,0.01,0.01,0.02,0.0,0.0,0.0,0.04,0.0,0.01,0.01,0.02,0.030000000000000002,0.01,0.0,0.0,0.0,0.01,0.02,0.11,0.0,0,0,0.8421052631578947,0.10526315789473684,0,0.0,0,0.5,0.5,0.9424,easy,0.0,0,0,1,0,1,0,0,0,0,0,1,1,0,0,0,0,0,1,0,0,0
235,119,2,5d482ea921c9be351f763618,2020-05-02 16:30:54.868000+00:00,this is the last situation replayed hes right not an asshole,0.833333333,1,0.166666667,6,this is the last situation replayed. he's right. not an asshole.,2,11,60,1,-0.2693895210467328,-0.6836766584455107,0.0,0.0,0.0,0.0,0.0,0.0,0.0,0.0,0.0,0.0,0.01,0.01,0.01,0.0,0.0,0.0,0.0,0.0,0.0,0.0,0.0,0.0,0.0,0.02,0.0,0.0,0.02,0.0,0.0,0.0,0.01,0.01,0.0,0.0,0.0,0.0,0.01,0.0,0.0,0.0,0.01,0.02,0.0,0.02,0.0,0.02,0.01,0.0,0.0,0.0,0.0,0.01,0.0,0.049999999999999996,0.0,0,0,1.0,0.0,3,0.003169207780158789,0,0.3011904761904762,0.14285714285714285,0.5456,easy,10.647,0,0,0,0,0,0,0,0,0,0,0,0,0,0,0,0,0,1,0,0,0
235,119,2,5eacc390d5ea945196fa7bed,2020-05-02 16:31:07.347000+00:00,this goes back to the last tasks point i think it is important to note that he did speak in a respectful tone but overall his point was that he wanted her to be independent and helpful,0.833333333,1,0.166666667,6,"this goes back to the last task's point. i think it is important to note that he did speak in a respectful tone, but overall his point was that he wanted her to be independent and helpful",3,37,184,1,2.1793178117203063,1.4044760313767501,0.01,0.01,0.0,0.02,0.0,0.01,0.0,0.01,0.01,0.0,0.04,0.0,0.0,0.0,0.0,0.0,0.0,0.0,0.0,0.0,0.02,0.01,0.0,0.03,0.0,0.03,0.06,0.0,0.0,0.0,0.06,0.04,0.0,0.0,0.0,0.01,0.0,0.01,0.0,0.01,0.01,0.07,0.0,0.02,0.02,0.04,0.06,0.04,0.0,0.01,0.0,0.04,0.01,0.21,0.0,0,0,0.8648648648648649,0.02702702702702703,3,0.03225806451612903,0,0.31527777777777777,0.15,2.261956756756757,easy,12.479,0,0,1,0,1,0,0,0,0,0,1,0,0,0,0,0,0,1,0,0,0
235,119,2,5d482eab21c9be351f763ddf,2020-05-02 16:31:12.664000+00:00,i think he definitely showed his frustration but it didnt sound like he was disrespectful,0.833333333,1,0.166666667,6,i think he definitely showed his frustration but it didn't sound like he was disrespectful.,4,15,89,1,0.024455358885311848,-0.4330983356668394,0.0,0.01,0.0,0.01,0.01,0.0,0.0,0.0,0.01,0.0,0.03,0.01,0.0,0.0,0.0,0.0,0.0,0.0,0.0,0.0,0.02,0.01,0.0,0.01,0.0,0.03,0.0,0.0,0.0,0.0,0.03,0.01,0.0,0.0,0.0,0.0,0.01,0.01,0.0,0.0,0.01,0.04,0.0,0.0,0.01,0.02,0.03,0.0,0.0,0.01,0.0,0.01,0.01,0.06999999999999999,0.0,0,0,0.9333333333333333,0.06666666666666667,6,0.0005036151718260998,0,0.45,0.2,0.744,easy,5.317,0,0,1,0,1,0,0,0,0,0,0,1,0,0,0,0,0,1,1,0,0
235,119,2,5d482ea721c9be351f762ede,2020-05-02 16:31:16.996000+00:00,agree not an asshole if he tactfully presented it,0.833333333,1,0.166666667,6,"agree, not an asshole if he tactfully presented it",5,9,49,1,-0.4652861076680959,-0.8507288736312916,0.009999999999999998,0.0,0.0,0.009999999999999998,0.0,0.0,0.0,0.0,0.0,0.0,0.009999999999999998,0.009999999999999998,0.009999999999999998,0.0,0.0,0.0,0.0,0.0,0.0,0.0,0.009999999999999998,0.0,0.0,0.0,0.0,0.0,0.0,0.0,0.0,0.0,0.009999999999999998,0.009999999999999998,0.0,0.0,0.0,0.0,0.009999999999999998,0.0,0.0,0.009999999999999998,0.019999999999999997,0.0,0.0,0.009999999999999998,0.0,0.0,0.019999999999999997,0.0,0.0,0.0,0.0,0.0,0.0,0.05,0.0,0,0,1.0,0.0,2,0.0,0,0.0,0.0,0.44639999999999996,easy,4.332,0,0,0,0,0,0,0,0,0,0,0,0,0,0,0,0,0,0,0,0,0
235,119,2,5eacc390d5ea945196fa7bed,2020-05-02 16:31:24.299000+00:00,i dont think he was the asshole here if it was politely said,0.833333333,1,0.166666667,6,"i don't think he was the asshole here, if it was politely said",6,13,60,1,-0.17144122773605125,-0.6001505508526203,0.01,0.01,0.0,0.01,0.0,0.0,0.0,0.0,0.01,0.0,0.01,0.01,0.01,0.0,0.0,0.0,0.0,0.0,0.0,0.0,0.0,0.01,0.0,0.02,0.0,0.03,0.0,0.0,0.0,0.0,0.02,0.01,0.0,0.0,0.0,0.0,0.01,0.01,0.0,0.01,0.01,0.049999999999999996,0.0,0.01,0.0,0.03,0.02,0.0,0.0,0.01,0.0,0.0,0.01,0.08,0.0,0,0,0.9230769230769231,0.07692307692307693,3,0.0003202049311559398,0,0.0,0.0,0.6447999999999999,easy,7.303,0,0,1,0,1,0,0,0,0,0,0,1,0,0,0,0,0,0,0,0,0
235,119,2,5d482ea221c9be351f761e77,2020-05-02 16:31:37.955000+00:00,i think that if this person was frustrated with their mil calling them for help that there would be better ways to address the situation rather than asking his mil to stop calling him ,0.833333333,1,0.166666667,6,i think that if this person was frustrated with their mil calling them for help that there would be better ways to address the situation rather than asking his mil to stop calling him ,7,34,184,1,1.8854729317882615,1.1538977085980788,0.03,0.0,0.01,0.01,0.0,0.01,0.0,0.01,0.02,0.0,0.02,0.0,0.0,0.0,0.0,0.0,0.0,0.0,0.0,0.0,0.01,0.01,0.01,0.01,0.01,0.01,0.01,0.0,0.01,0.0,0.09000000000000001,0.03,0.0,0.0,0.0,0.0,0.01,0.01,0.0,0.01,0.02,0.04,0.0,0.01,0.0,0.03,0.06,0.05,0.0,0.0,0.0,0.01,0.01,0.18000000000000002,0.0,0,0,0.8823529411764706,0.029411764705882353,3,0.0005036151718260998,0,0.35,-0.09999999999999998,1.6864,easy,13.656,0,0,1,0,1,0,0,0,0,0,0,1,0,0,0,0,0,1,1,0,0
236,120,0,5d482ea621c9be351f762b56,2020-05-02 16:30:30.528000+00:00,i dom,1.0,2,0.333333333,6,i dom,1,2,5,1,-1.2488724541535483,-1.368375147536315,0.0,0.0,0.0,0.0,0.0,0.0,0.0,0.0,0.0,0.0,0.0,0.0,0.0,0.0,0.0,0.0,0.0,0.0,0.0,0.0,0.0,0.0,0.0,0.0,0.0,0.0,0.0,0.0,0.0,0.0,0.0,0.0,0.0,0.0,0.0,0.0,0.0,0.010000000000000002,0.0,0.0,0.0,0.0,0.0,0.0,0.0,0.0,0.0,0.0,0.0,0.0,0.0,0.0,0.010000000000000002,0.010000000000000002,0.0,0,0,1.0,0.5,0,0.0,0,0.0,0.0,0.0992,easy,0.0,0,0,0,0,0,0,0,0,0,0,0,1,0,0,0,0,0,0,0,0,0
236,120,0,5d482ea321c9be351f762103,2020-05-02 16:30:37.817000+00:00,this one has a gray area but in general i think he should be speaking english ,1.0,2,0.333333333,6,this one has a gray area but in general i think he should be speaking english ,2,16,78,1,0.1224036521959934,0.23528622446325784,0.01,0.01,0.0,0.01,0.0,0.0,0.0,0.0,0.0,0.0,0.01,0.0,0.0,0.0,0.0,0.01,0.0,0.0,0.0,0.0,0.0,0.01,0.0,0.02,0.01,0.0,0.02,0.0,0.0,0.0,0.02,0.01,0.0,0.0,0.0,0.0,0.0,0.01,0.0,0.0,0.01,0.04,0.0,0.01,0.01,0.030000000000000002,0.04,0.01,0.0,0.02,0.0,0.01,0.01,0.09000000000000001,0.0,0,0,1.0,0.0625,0,0.00015518311607697082,0,0.25,0.02500000000000001,0.7936,easy,7.289,0,0,1,0,1,0,0,0,0,0,1,0,0,0,0,0,0,0,0,0,0
236,120,0,5d482ea321c9be351f761fb5,2020-05-02 16:31:09.462000+00:00,i think he should be speaking english,1.0,2,0.333333333,6,i think he should be speaking english.,3,7,37,1,-0.7591309876001406,-0.7956389432507532,0.01,0.01,0.0,0.0,0.0,0.0,0.0,0.0,0.0,0.0,0.01,0.0,0.0,0.0,0.0,0.0,0.0,0.0,0.0,0.0,0.0,0.01,0.0,0.01,0.01,0.0,0.0,0.0,0.0,0.0,0.02,0.0,0.0,0.0,0.0,0.0,0.0,0.01,0.0,0.0,0.0,0.030000000000000002,0.0,0.0,0.0,0.02,0.02,0.0,0.0,0.01,0.0,0.0,0.01,0.04,0.0,0,0,1.0,0.14285714285714285,3,0.003867010864242125,0,0.0,0.0,0.3472,easy,31.645,0,0,1,0,1,0,0,0,0,0,0,1,0,0,0,0,0,0,0,0,0
236,120,0,5d482eab21c9be351f763df1,2020-05-02 16:31:20.007000+00:00,i think she should be speaking english out of a common courtesy to her mom,1.0,2,0.333333333,6,i think she should be speaking english out of a common courtesy to her mom.,4,15,74,1,0.024455358885311848,0.12073898360614548,0.01,0.01,0.0,0.0,0.0,0.01,0.0,0.0,0.0,0.0,0.02,0.0,0.0,0.0,0.0,0.0,0.0,0.01,0.0,0.0,0.0,0.01,0.0,0.01,0.01,0.0,0.02,0.0,0.0,0.0,0.04,0.0,0.0,0.0,0.0,0.0,0.0,0.01,0.0,0.0,0.0,0.030000000000000002,0.0,0.01,0.0,0.02,0.030000000000000002,0.030000000000000002,0.0,0.01,0.0,0.01,0.01,0.09000000000000001,0.0,0,0,1.0,0.06666666666666667,2,0.003867010864242125,0,0.25,-0.15,0.744,easy,10.545,0,0,1,0,1,0,0,0,0,0,0,1,0,0,0,0,0,0,0,0,0
236,120,0,5d482ea321c9be351f761fb5,2020-05-02 16:31:26.511000+00:00,he is a guest at his mothers house,1.0,2,0.333333333,6,he is a guest at his mother‚äôs house.,5,8,34,1,-0.5632344009787775,-0.5665444615365286,0.0,0.0,0.01,0.0,0.0,0.0,0.0,0.0,0.0,0.0,0.02,0.0,0.0,0.0,0.0,0.0,0.0,0.01,0.0,0.0,0.0,0.0,0.0,0.01,0.0,0.0,0.01,0.0,0.0,0.0,0.04,0.0,0.0,0.0,0.0,0.0,0.0,0.0,0.0,0.0,0.0,0.01,0.01,0.01,0.0,0.01,0.0,0.01,0.0,0.0,0.0,0.01,0.0,0.05,0.0,0,0,1.0,0.0,1,0.0,0,0.0,0.0,0.3968,easy,6.504,0,0,0,0,0,0,0,0,0,0,0,0,0,0,0,0,0,0,0,0,0
236,120,0,5d482ea321c9be351f76209e,2020-05-02 16:31:38.580000+00:00,i think he should be speaking english and then could translate to his husband in german,1.0,2,0.333333333,6,i think he should be speaking english and then could translate to his husband in german,6,16,87,1,0.1224036521959934,0.23528622446325784,0.02,0.01,0.0,0.02,0.0,0.01,0.0,0.0,0.0,0.0,0.02,0.0,0.0,0.0,0.0,0.0,0.0,0.01,0.0,0.0,0.0,0.01,0.0,0.01,0.01,0.0,0.02,0.0,0.0,0.0,0.04,0.0,0.0,0.0,0.0,0.0,0.0,0.01,0.0,0.0,0.0,0.04,0.0,0.0,0.01,0.03,0.04,0.02,0.0,0.01,0.0,0.0,0.01,0.09,0.0,0,0,1.0,0.0625,2,0.0,0,0.0,0.0,0.7936,easy,12.069,0,0,1,0,1,0,0,0,0,0,0,1,0,0,0,0,0,0,0,0,0
236,120,0,5d482ea321c9be351f762103,2020-05-02 16:31:40.598000+00:00,he is staying in his mothers house and it would be nice for her to be able to communicate with them more and his husband would have opportunity to improve his english,1.0,2,0.333333333,6,he is staying in his mothers house and it would be nice for her to be able to communicate with them more. and his husband would have opportunity to improve his english.,7,32,166,1,1.7875246384775798,2.182589319034168,0.02,0.0,0.01,0.02,0.0,0.03,0.0,0.03,0.0,0.0,0.049999999999999996,0.0,0.0,0.0,0.0,0.0,0.0,0.02,0.0,0.01,0.03,0.0,0.0,0.02,0.02,0.0,0.02,0.0,0.0,0.0,0.09,0.01,0.0,0.0,0.0,0.0,0.0,0.0,0.0,0.0,0.0,0.06,0.0,0.0,0.02,0.06,0.049999999999999996,0.06,0.0,0.0,0.0,0.02,0.0,0.19999999999999998,0.0,0,0,0.78125,0.0,12,0.0013439449830089838,0,0.53125,0.4,6.210575,difficult,2.018,0,0,0,0,0,0,0,0,0,0,0,0,0,0,0,0,0,1,0,0,0
236,120,0,5d482ea621c9be351f762b56,2020-05-02 16:31:43.456000+00:00,i dont think the person is an intentional asshole just didnt think about mediating conversation with his mother and his husband his husband can speak german but he could speak mostly english to translate and converse with his mother,1.0,2,0.333333333,6,i don't think the person is an intentional asshole. just didn't think about mediating conversation with his mother and his husband. his husband can speak german but he could speak mostly english to translate and converse with his mother.,8,39,232,1,2.375214398341669,2.869872764176842,0.009999999999999998,0.019999999999999997,0.0,0.03,0.0,0.039999999999999994,0.0,0.0,0.03,0.0,0.05,0.019999999999999997,0.009999999999999998,0.0,0.0,0.0,0.0,0.039999999999999994,0.0,0.0,0.0,0.019999999999999997,0.009999999999999998,0.05,0.0,0.009999999999999998,0.0,0.0,0.0,0.0,0.13999999999999999,0.0,0.0,0.0,0.0,0.009999999999999998,0.009999999999999998,0.009999999999999998,0.0,0.009999999999999998,0.019999999999999997,0.06999999999999999,0.0,0.019999999999999997,0.039999999999999994,0.05,0.10999999999999999,0.039999999999999994,0.0,0.019999999999999997,0.0,0.0,0.009999999999999998,0.18,0.0,0,0,0.7692307692307693,0.02564102564102564,11,0.00207174702085469,0,0.0,0.0,6.785515384615384,difficult,2.858,0,0,1,0,1,0,0,0,0,0,0,1,0,0,0,0,1,0,0,0,0
236,120,0,5d482ea321c9be351f761fb5,2020-05-02 16:31:50.464000+00:00,it doesnt matter if his husband is uncomfortable with speaking english,1.0,2,0.333333333,6,it doesn‚äôt matter if his husband is uncomfortable with speaking english.,9,11,70,1,-0.2693895210467328,-0.22290273896519155,0.009999999999999998,0.009999999999999998,0.0,0.009999999999999998,0.0,0.009999999999999998,0.0,0.0,0.0,0.009999999999999998,0.009999999999999998,0.009999999999999998,0.0,0.0,0.0,0.0,0.0,0.009999999999999998,0.0,0.0,0.0,0.0,0.0,0.019999999999999997,0.0,0.0,0.0,0.0,0.0,0.0,0.03,0.009999999999999998,0.0,0.0,0.0,0.0,0.0,0.0,0.0,0.009999999999999998,0.009999999999999998,0.019999999999999997,0.0,0.0,0.0,0.019999999999999997,0.03,0.009999999999999998,0.0,0.009999999999999998,0.0,0.0,0.0,0.049999999999999996,0.0,0,0,1.0,0.0,3,0.0013439449830089838,0,0.5,-0.25,5.617554545454546,medium,7.008,0,0,0,0,0,0,0,0,0,0,0,0,0,0,0,0,0,0,1,0,0
236,120,0,5d482ea521c9be351f7625b2,2020-05-02 16:31:58.941000+00:00,i dont see a problem with her speaking german to her husband as long as she spends time speaking with her mother in ,1.0,2,0.333333333,6,i don't see a problem with her speaking german to her husband as long as she spends time speaking with her mother in ,10,23,116,1,0.8080417053707643,1.0371169104630442,0.009999999999999998,0.019999999999999997,0.0,0.019999999999999997,0.0,0.019999999999999997,0.0,0.0,0.0,0.0,0.039999999999999994,0.009999999999999998,0.0,0.0,0.0,0.009999999999999998,0.0,0.019999999999999997,0.0,0.0,0.0,0.0,0.0,0.019999999999999997,0.0,0.0,0.03,0.0,0.0,0.0,0.07999999999999999,0.0,0.0,0.0,0.009999999999999998,0.0,0.0,0.009999999999999998,0.0,0.0,0.0,0.019999999999999997,0.0,0.009999999999999998,0.0,0.009999999999999998,0.03,0.06,0.0,0.03,0.0,0.009999999999999998,0.009999999999999998,0.12,0.0,0,0,0.782608695652174,0.043478260869565216,2,0.006222307532351201,0,0.2,-0.025,1.1408,easy,8.477,0,0,0,0,0,0,0,0,0,0,0,1,0,0,0,0,0,0,1,0,0
237,120,1,5d482ea321c9be351f761fb5,2020-05-02 16:45:10.993000+00:00,the mom just wants to be included,1.0,4,0.5,8,the mom just wants to be included.,1,7,33,1,-0.6611826942894591,-0.24285933320253378,0.01,0.0,0.0,0.0,0.0,0.01,0.0,0.0,0.01,0.0,0.0,0.0,0.0,0.0,0.0,0.0,0.0,0.01,0.0,0.0,0.0,0.0,0.0,0.01,0.0,0.0,0.0,0.0,0.0,0.0,0.01,0.0,0.0,0.0,0.0,0.0,0.0,0.0,0.0,0.0,0.01,0.02,0.0,0.01,0.01,0.01,0.030000000000000002,0.01,0.0,0.0,0.0,0.0,0.0,0.04,0.0,0,0,1.0,0.0,0,0.0,0,0.1,0.2,0.3472,easy,0.0,0,0,0,0,0,0,0,0,0,0,0,0,0,0,0,0,0,0,0,0,0
237,120,1,5d482ea821c9be351f7632ad,2020-05-02 16:45:24.878000+00:00,this is totally disrespectful to a person,1.0,4,0.5,8,this is totally disrespectful to a person,2,7,41,1,-0.6611826942894591,-0.24285933320253378,0.0,0.0,0.0,0.0,0.01,0.0,0.0,0.0,0.01,0.0,0.0,0.0,0.0,0.0,0.0,0.0,0.0,0.0,0.0,0.0,0.0,0.0,0.01,0.01,0.0,0.0,0.0,0.0,0.0,0.0,0.01,0.01,0.0,0.0,0.0,0.0,0.0,0.0,0.0,0.0,0.0,0.01,0.0,0.01,0.0,0.01,0.01,0.01,0.0,0.0,0.0,0.01,0.0,0.04,0.0,0,0,1.0,0.0,1,0.0,0,0.75,0.0,0.3472,easy,13.885,0,0,0,0,0,0,0,0,0,0,0,0,0,0,0,0,0,0,1,0,0
237,120,1,5d482ea321c9be351f762103,2020-05-02 16:45:26.907000+00:00,i think the mother is the asshole because she could have easily taken her son aside and spoken to him privately ,1.0,4,0.5,8,i think the mother is the asshole because she could have easily taken her son aside and spoken to him privately. ,3,21,112,1,0.6121451187494011,1.4637197649774336,0.01,0.01,0.0,0.02,0.0,0.01,0.0,0.0,0.0,0.0,0.030000000000000002,0.0,0.01,0.0,0.0,0.0,0.0,0.02,0.0,0.0,0.01,0.01,0.0,0.030000000000000002,0.0,0.02,0.0,0.0,0.0,0.0,0.060000000000000005,0.0,0.0,0.0,0.0,0.01,0.01,0.01,0.0,0.0,0.0,0.060000000000000005,0.0,0.02,0.02,0.030000000000000002,0.04,0.01,0.0,0.01,0.0,0.0,0.01,0.11000000000000001,0.0,0,0,0.9523809523809523,0.047619047619047616,2,0.0,0,0.6041666666666667,0.21666666666666667,1.0415999999999999,easy,2.029,0,0,1,0,1,0,0,0,0,0,0,1,0,0,0,0,0,0,0,0,0
237,120,1,5ead905ed5ea945196fa9751,2020-05-02 16:45:28.662000+00:00,the mom has the right to make such a request in her own home,1.0,4,0.5,8,the mom has the right to make such a request in her own home.,4,14,60,1,0.024455358885311848,0.6760678735097564,0.0,0.0,0.01,0.0,0.0,0.0,0.0,0.0,0.01,0.0,0.01,0.0,0.0,0.0,0.0,0.0,0.0,0.01,0.0,0.01,0.0,0.0,0.0,0.02,0.0,0.0,0.02,0.0,0.0,0.0,0.03,0.0,0.0,0.0,0.0,0.01,0.0,0.0,0.0,0.0,0.0,0.02,0.0,0.03,0.0,0.01,0.01,0.02,0.0,0.0,0.0,0.02,0.0,0.09,0.0,0,0,0.9285714285714286,0.0,4,0.0,0,0.6785714285714285,0.29523809523809524,0.6944,easy,1.755,0,0,0,0,0,0,0,0,0,0,0,0,0,0,0,0,0,1,0,0,0
237,120,1,5d482ea321c9be351f761fb5,2020-05-02 16:45:31.515000+00:00,she feels excluded when her son and his husband speak only french,1.0,4,0.5,8,she feels excluded when her son and his husband speak only french.,5,12,65,1,-0.17144122773605125,0.4135172430205306,0.0,0.01,0.0,0.02,0.0,0.01,0.0,0.0,0.02,0.0,0.030000000000000002,0.0,0.0,0.0,0.0,0.0,0.0,0.02,0.0,0.0,0.0,0.01,0.0,0.01,0.0,0.0,0.01,0.0,0.0,0.0,0.060000000000000005,0.0,0.0,0.0,0.0,0.0,0.0,0.0,0.01,0.0,0.01,0.01,0.0,0.0,0.01,0.0,0.030000000000000002,0.0,0.0,0.02,0.0,0.0,0.0,0.060000000000000005,0.0,0,0,1.0,0.0,1,0.0,0,0.5,0.0,0.5952,easy,2.853,0,0,1,0,0,0,0,0,0,0,0,0,0,0,0,0,0,0,0,0,0
237,120,1,5d482ea321c9be351f76209e,2020-05-02 16:45:35.343000+00:00,i think the mother should be included and since she only speaks english speak english,1.0,4,0.5,8,i think the mother should be included and since she only speaks english speak english,6,15,85,1,0.024455358885311848,0.6760678735097564,0.01,0.02,0.0,0.01,0.0,0.02,0.0,0.0,0.01,0.0,0.01,0.0,0.0,0.0,0.0,0.0,0.0,0.01,0.0,0.0,0.0,0.01,0.0,0.01,0.01,0.0,0.0,0.0,0.0,0.0,0.04,0.0,0.0,0.0,0.0,0.01,0.0,0.01,0.0,0.0,0.0,0.03,0.0,0.01,0.01,0.02,0.049999999999999996,0.01,0.0,0.02,0.0,0.0,0.01,0.06999999999999999,0.0,0,0,0.9333333333333333,0.06666666666666667,2,0.00427877944988072,0,0.3333333333333333,0.0,0.744,easy,3.828,0,0,1,0,1,0,0,0,0,0,0,1,0,0,0,0,0,0,0,0,0
237,120,1,5d482ea821c9be351f7632ad,2020-05-02 16:45:46.556000+00:00,in this scenario his mother,1.0,4,0.5,8,in this scenario his mother,7,5,27,1,-0.8570792809108222,-0.5054099636917595,0.0,0.0,0.0,0.0,0.0,0.0,0.0,0.0,0.0,0.0,0.01,0.0,0.0,0.0,0.0,0.0,0.0,0.01,0.0,0.0,0.0,0.0,0.0,0.0,0.0,0.0,0.01,0.0,0.0,0.0,0.02,0.01,0.0,0.0,0.0,0.0,0.0,0.0,0.0,0.0,0.0,0.0,0.0,0.0,0.0,0.0,0.0,0.01,0.0,0.0,0.0,0.0,0.0,0.03,0.0,0,0,1.0,0.0,0,0.0008496176720475786,0,0.0,0.0,0.248,easy,11.213,0,0,0,0,0,0,0,0,0,0,0,0,0,0,0,0,0,0,0,0,0
237,120,1,5d482ea521c9be351f7625b2,2020-05-02 16:45:49.212000+00:00,i understand that the mother was upset but i think she should have kept her thoughts to herself or at least told her son in private,1.0,4,0.5,8,"i understand that the mother was upset. but i think she should have kept her thoughts to herself, or at least told her son in private.",8,26,131,1,1.0039382919921274,1.9888210259558852,0.01,0.0,0.0,0.02,0.0,0.0,0.0,0.0,0.0,0.01,0.04,0.0,0.0,0.0,0.0,0.0,0.0,0.02,0.01,0.01,0.0,0.030000000000000002,0.0,0.030000000000000002,0.01,0.030000000000000002,0.02,0.0,0.01,0.0,0.08,0.01,0.0,0.0,0.0,0.0,0.0,0.02,0.0,0.01,0.02,0.07,0.0,0.01,0.01,0.030000000000000002,0.07,0.030000000000000002,0.0,0.0,0.0,0.0,0.02,0.16,0.0,0,0,0.9230769230769231,0.07692307692307693,1,0.0008496176720475786,0,0.3875,-0.15,1.2895999999999999,easy,2.656,0,0,1,0,1,0,0,0,0,0,1,1,0,0,0,0,0,0,1,0,0
237,120,1,5d482ea321c9be351f761fb5,2020-05-02 16:45:50.326000+00:00,they are staying in her house so they should be respectful,1.0,4,0.5,8,they are staying in her house so they should be respectful.,9,11,58,1,-0.2693895210467328,0.2822419277759177,0.009999999999999998,0.0,0.009999999999999998,0.009999999999999998,0.0,0.0,0.0,0.0,0.009999999999999998,0.0,0.009999999999999998,0.0,0.0,0.0,0.0,0.0,0.0,0.0,0.0,0.0,0.0,0.0,0.0,0.009999999999999998,0.009999999999999998,0.0,0.019999999999999997,0.0,0.0,0.0,0.03,0.0,0.0,0.0,0.0,0.0,0.0,0.0,0.0,0.0,0.0,0.03,0.0,0.0,0.009999999999999998,0.03,0.009999999999999998,0.009999999999999998,0.0,0.0,0.0,0.009999999999999998,0.0,0.07999999999999999,0.0,0,0,0.9090909090909091,0.0,3,0.0,0,0.7,0.5,0.5456,easy,1.114,0,0,1,0,0,0,0,0,0,0,0,0,0,0,0,0,0,1,0,0,0
237,120,1,5d482ea621c9be351f762b56,2020-05-02 16:45:52.410000+00:00,i dont think the parent is an asshole but she should have spoken to her son privately about the matter,1.0,4,0.5,8,i don't think the parent is an asshole but she should have spoken to her son privately about the matter.,10,20,102,1,0.5141968254387196,1.3324444497328207,0.01,0.01,0.0,0.01,0.0,0.0,0.0,0.0,0.01,0.0,0.02,0.01,0.01,0.0,0.0,0.0,0.0,0.02,0.0,0.0,0.0,0.01,0.0,0.04,0.01,0.01,0.0,0.0,0.0,0.0,0.05,0.0,0.0,0.0,0.0,0.0,0.01,0.01,0.0,0.0,0.01,0.06,0.0,0.03,0.01,0.04,0.04,0.02,0.0,0.01,0.0,0.0,0.01,0.12,0.0,0,0,0.95,0.05,2,0.0,0,0.375,0.0,0.992,easy,2.084,0,0,1,0,1,0,0,0,0,0,0,1,0,0,0,0,0,0,0,0,0
238,121,1,5eadd582d5ea945196fab7fc,2020-05-02 21:00:39.773000+00:00,i think the guy is the asshole since he was rude to his mother in law,0.75,1,0.25,4,i think the guy is the asshole since he was rude to his mother in law,1,16,69,1,0.1224036521959934,-0.2859388156394795,0.0,0.0,0.0,0.0,0.0,0.0,0.0,0.0,0.0,0.0,0.02,0.0,0.01,0.0,0.0,0.0,0.0,0.01,0.01,0.0,0.0,0.01,0.01,0.02,0.0,0.01,0.01,0.0,0.0,0.0,0.04,0.0,0.0,0.0,0.0,0.01,0.02,0.01,0.0,0.0,0.0,0.029999999999999995,0.0,0.02,0.0,0.02,0.029999999999999995,0.029999999999999995,0.0,0.0,0.0,0.0,0.01,0.09,0.0,0,0,0.9375,0.0625,0,0.0,0,0.6,-0.3,0.7936,easy,0.0,0,0,1,0,1,0,0,0,0,0,0,1,0,0,0,0,0,0,1,0,0
238,121,1,5d482ea521c9be351f7623cd,2020-05-02 21:01:00.992000+00:00,the soninlaw was way out of order for the way that he expressed his frustration to his motherinlaw he could have simply not answered,0.75,1,0.25,4,the son-in-law was way out of order for the way that he expressed his frustration to his mother-in-law. he could have simply not answered.,2,24,132,1,1.0039382919921274,0.9018070339398963,0.01,0.0,0.0,0.0,0.0,0.01,0.0,0.0,0.01,0.0,0.04,0.01,0.0,0.0,0.0,0.0,0.0,0.0,0.0,0.0,0.0,0.01,0.0,0.01,0.0,0.01,0.04,0.0,0.0,0.0,0.05,0.01,0.0,0.0,0.0,0.0,0.01,0.0,0.0,0.0,0.01,0.030000000000000002,0.0,0.02,0.0,0.030000000000000002,0.04,0.04,0.0,0.0,0.0,0.0,0.0,0.14,0.0,0,0,0.8333333333333334,0.0,8,0.0,0,0.35714285714285715,0.0,1.1904,easy,21.219,0,0,0,0,0,0,0,0,0,0,0,0,0,0,0,0,0,0,1,0,0
238,121,1,5d482ea121c9be351f761c53,2020-05-02 21:01:05.083000+00:00,i believe that the guy was an assole he could have addressed the situation in a different way,0.75,1,0.25,4,i believe that the guy was an assole. he could have addressed the situation in a different way,3,18,93,1,0.31830023881735653,-0.021995293510729336,0.010000000000000002,0.0,0.0,0.0,0.0,0.0,0.0,0.0,0.0,0.0,0.010000000000000002,0.0,0.0,0.0,0.0,0.0,0.0,0.0,0.0,0.0,0.0,0.010000000000000002,0.010000000000000002,0.020000000000000004,0.0,0.010000000000000002,0.010000000000000002,0.0,0.0,0.0,0.020000000000000004,0.010000000000000002,0.0,0.0,0.0,0.0,0.0,0.010000000000000002,0.0,0.0,0.0,0.04000000000000001,0.0,0.04000000000000001,0.0,0.030000000000000002,0.020000000000000004,0.010000000000000002,0.0,0.0,0.0,0.010000000000000002,0.010000000000000002,0.1,0.0,0,0,0.9444444444444444,0.05555555555555555,7,0.002008032128514056,0,0.6,0.0,0.8927999999999999,easy,4.091,0,0,0,0,0,0,0,0,0,0,0,1,0,0,0,0,0,0,0,0,0
238,121,1,5d482ea421c9be351f76222f,2020-05-02 21:01:16.554000+00:00,i think he there could of be a nicer way to tell her ,0.75,1,0.25,4,i think he there could of be a nicer way to tell her .,4,13,53,1,-0.17144122773605125,-0.6818540988326047,0.01,0.0,0.0,0.0,0.0,0.0,0.0,0.0,0.01,0.0,0.02,0.0,0.0,0.0,0.0,0.0,0.0,0.0,0.0,0.0,0.01,0.01,0.0,0.01,0.0,0.0,0.01,0.0,0.0,0.0,0.030000000000000002,0.0,0.0,0.0,0.0,0.0,0.0,0.01,0.0,0.0,0.0,0.030000000000000002,0.0,0.01,0.0,0.02,0.02,0.02,0.0,0.0,0.0,0.02,0.01,0.08,0.0,0,0,1.0,0.07692307692307693,3,0.0021632152445910267,0,0.0,0.0,0.6447999999999999,easy,11.471,0,0,1,0,1,0,0,0,0,0,0,1,0,0,0,0,0,1,0,0,0
238,121,1,5eadc90cd5ea945196fab1b7,2020-05-02 21:01:24.632000+00:00,i believe he was not an assole,0.75,1,0.25,4,i believe he was not an assole,5,7,30,1,-0.7591309876001406,-1.473684665218855,0.0,0.0,0.0,0.0,0.0,0.0,0.0,0.0,0.0,0.0,0.01,0.01,0.0,0.0,0.0,0.0,0.0,0.0,0.0,0.0,0.0,0.01,0.0,0.01,0.0,0.01,0.0,0.0,0.0,0.0,0.01,0.0,0.0,0.0,0.0,0.0,0.0,0.01,0.0,0.0,0.01,0.02,0.0,0.01,0.0,0.01,0.02,0.0,0.0,0.0,0.0,0.0,0.01,0.049999999999999996,0.0,0,0,1.0,0.14285714285714285,1,0.00015518311607697082,0,0.0,0.0,0.3472,easy,8.078,0,0,0,0,0,0,0,0,0,0,0,1,0,0,0,0,0,0,0,0,0
238,121,1,5d482ea521c9be351f7623cd,2020-05-02 21:01:30.361000+00:00,i definitely think the guy was an asshole and perhaps he could have gifted her a subscription to duolingo,0.75,1,0.25,4,i definitely think the guy was an asshole and perhaps he could have gifted her a subscription to duolingo.,6,19,105,1,0.4162485321280381,0.10997646755364575,0.010000000000000002,0.0,0.0,0.010000000000000002,0.010000000000000002,0.010000000000000002,0.0,0.0,0.020000000000000004,0.0,0.020000000000000004,0.0,0.010000000000000002,0.0,0.0,0.0,0.0,0.0,0.0,0.0,0.010000000000000002,0.010000000000000002,0.010000000000000002,0.020000000000000004,0.0,0.010000000000000002,0.0,0.0,0.0,0.0,0.03,0.0,0.0,0.0,0.0,0.0,0.010000000000000002,0.010000000000000002,0.0,0.010000000000000002,0.0,0.04000000000000001,0.0,0.03,0.010000000000000002,0.03,0.05,0.010000000000000002,0.0,0.0,0.0,0.020000000000000004,0.010000000000000002,0.1,0.0,0,0,1.0,0.05263157894736842,3,0.00015518311607697082,0,0.75,0.25,0.9424,easy,5.729,0,0,1,0,1,0,0,0,0,0,0,1,0,0,0,0,0,1,0,0,0
238,121,1,5d482ea121c9be351f761c53,2020-05-02 21:01:41.494000+00:00,can you explain why fulfilledgorilla,0.75,1,0.25,4,can you explain why fulfilledgorilla,7,5,36,1,-0.8570792809108222,-1.6056564262832302,0.0,0.0,0.0,0.0,0.0,0.0,0.0,0.009999999999999998,0.0,0.0,0.0,0.0,0.0,0.0,0.0,0.0,0.0,0.0,0.0,0.0,0.0,0.009999999999999998,0.0,0.019999999999999997,0.0,0.0,0.0,0.0,0.0,0.0,0.019999999999999997,0.0,0.0,0.0,0.0,0.009999999999999998,0.0,0.0,0.0,0.0,0.0,0.019999999999999997,0.0,0.0,0.0,0.009999999999999998,0.019999999999999997,0.0,0.0,0.0,0.009999999999999998,0.0,0.0,0.03,0.0,1,0,1.0,0.0,0,0.0,0,0.0,0.0,0.248,easy,11.133,0,0,0,0,0,0,0,0,0,0,0,0,1,0,0,0,0,0,0,0,1
238,121,1,5eadd582d5ea945196fab7fc,2020-05-02 21:01:56.031000+00:00,he could have suggested english classes at a differnt time he did not have to do that to her in a time of need,0.75,1,0.25,4,he could have suggested english classes at a differnt time he did not have to do that to her in a time of need,8,24,110,1,1.0039382919921274,0.9018070339398963,0.02,0.0,0.0,0.0,0.0,0.0,0.0,0.0,0.0,0.0,0.030000000000000002,0.01,0.0,0.0,0.0,0.0,0.0,0.0,0.0,0.0,0.0,0.0,0.0,0.04,0.0,0.01,0.04,0.0,0.0,0.0,0.04,0.01,0.0,0.01,0.0,0.0,0.0,0.0,0.0,0.0,0.01,0.060000000000000005,0.0,0.02,0.0,0.05,0.030000000000000002,0.05,0.0,0.0,0.0,0.02,0.0,0.16,0.0,0,0,0.7916666666666666,0.0,0,0.0,0,0.0,0.0,1.1904,easy,14.537,0,0,1,0,1,0,0,0,0,0,0,0,0,0,0,0,0,0,0,0,0
238,121,1,5eadc90cd5ea945196fab1b7,2020-05-02 21:02:04.002000+00:00,he gave her sources to learn,0.75,1,0.25,4,he gave her sources to learn,9,6,28,1,-0.7591309876001406,-1.473684665218855,0.0,0.0,0.0,0.0,0.0,0.0,0.0,0.0,0.0,0.0,0.02,0.0,0.0,0.0,0.0,0.0,0.0,0.0,0.0,0.0,0.0,0.01,0.0,0.0,0.0,0.01,0.0,0.0,0.0,0.0,0.030000000000000002,0.0,0.0,0.01,0.0,0.01,0.0,0.0,0.0,0.0,0.0,0.01,0.0,0.0,0.0,0.0,0.02,0.01,0.0,0.0,0.0,0.0,0.0,0.030000000000000002,0.0,0,0,1.0,0.0,3,0.0,0,0.0,0.0,0.2976,easy,7.971,0,0,0,0,0,0,0,0,0,0,0,0,0,0,0,0,0,0,0,0,0
239,121,2,5eadd00ad5ea945196fab489,2020-05-02 21:15:39.919000+00:00,i think theyre both being assholes ,0.6,1,0.2,5,i think they're both being assholes. ,1,6,35,1,-0.8570792809108222,-1.1266525200953257,0.0,0.0,0.0,0.0,0.0,0.009999999999999998,0.0,0.0,0.0,0.0,0.0,0.0,0.009999999999999998,0.0,0.0,0.0,0.0,0.0,0.0,0.009999999999999998,0.0,0.009999999999999998,0.0,0.019999999999999997,0.0,0.0,0.009999999999999998,0.0,0.0,0.0,0.009999999999999998,0.0,0.0,0.0,0.0,0.0,0.009999999999999998,0.009999999999999998,0.0,0.0,0.0,0.03,0.0,0.0,0.0,0.019999999999999997,0.019999999999999997,0.0,0.0,0.0,0.0,0.0,0.009999999999999998,0.03,0.0,0,0,1.0,0.16666666666666666,0,0.0,0,0.0,0.0,0.2976,easy,0.0,0,0,1,0,1,0,0,0,0,0,0,1,0,0,0,0,0,0,0,0,0
239,121,2,5eadd582d5ea945196fab7fc,2020-05-02 21:15:43.121000+00:00,i think the woman is the asshole for making the husband traslate whenever,0.6,1,0.2,5,i think the woman is the asshole for making the husband traslate whenever,2,13,73,1,-0.17144122773605125,-0.2655880630497665,0.0,0.0,0.0,0.009999999999999998,0.0,0.0,0.0,0.0,0.009999999999999998,0.0,0.0,0.0,0.009999999999999998,0.0,0.0,0.0,0.0,0.009999999999999998,0.0,0.0,0.0,0.009999999999999998,0.009999999999999998,0.019999999999999997,0.0,0.0,0.009999999999999998,0.0,0.0,0.0,0.019999999999999997,0.0,0.0,0.0,0.0,0.009999999999999998,0.009999999999999998,0.009999999999999998,0.0,0.0,0.0,0.019999999999999997,0.0,0.03,0.0,0.009999999999999998,0.019999999999999997,0.009999999999999998,0.0,0.0,0.0,0.0,0.009999999999999998,0.06,0.0,0,0,0.8461538461538461,0.07692307692307693,0,0.0005036151718260998,0,0.0,0.0,0.6447999999999999,easy,3.202,0,0,1,0,1,0,0,0,0,0,0,1,0,0,0,0,0,0,0,0,0
239,121,2,5eadc90cd5ea945196fab1b7,2020-05-02 21:15:46.185000+00:00,i think she was not an asshole ,0.6,1,0.2,5,i think she was not an asshole ,3,7,31,1,-0.7591309876001406,-1.00364331194596,0.0,0.0,0.0,0.0,0.0,0.0,0.0,0.0,0.0,0.0,0.01,0.01,0.01,0.0,0.0,0.0,0.0,0.0,0.0,0.0,0.0,0.01,0.0,0.01,0.0,0.01,0.0,0.0,0.0,0.0,0.01,0.0,0.0,0.0,0.0,0.0,0.01,0.01,0.0,0.0,0.01,0.02,0.0,0.01,0.0,0.01,0.02,0.0,0.0,0.0,0.0,0.0,0.01,0.049999999999999996,0.0,0,0,1.0,0.14285714285714285,0,0.0008238201029820396,0,0.0,0.0,0.3472,easy,3.064,0,0,1,0,1,0,0,0,0,0,0,1,0,0,0,0,0,0,0,0,0
239,121,2,5eadd582d5ea945196fab7fc,2020-05-02 21:15:54.918000+00:00,why is that excitedotter,0.6,1,0.2,5,why is that excitedotter,4,4,24,1,-0.9550275742215037,-1.2496617282446913,0.0,0.0,0.0,0.0,0.0,0.0,0.0,0.0,0.0,0.0,0.0,0.0,0.0,0.0,0.0,0.0,0.0,0.0,0.0,0.0,0.009999999999999998,0.0,0.0,0.009999999999999998,0.0,0.0,0.0,0.0,0.0,0.0,0.0,0.009999999999999998,0.0,0.0,0.0,0.009999999999999998,0.0,0.0,0.0,0.0,0.0,0.009999999999999998,0.0,0.0,0.0,0.009999999999999998,0.009999999999999998,0.0,0.0,0.0,0.0,0.0,0.0,0.03,0.0,1,0,1.0,0.0,0,0.0,0,0.0,0.0,7.7824,difficult,8.733,0,0,0,0,0,0,0,0,0,0,0,0,0,0,0,1,0,0,0,0,0
239,121,2,5d482ea121c9be351f761c53,2020-05-02 21:16:00.208000+00:00,i would say that she is not an asshole because she wants to help her parents,0.6,1,0.2,5,i would say that she is not an asshole because she wants to help her parents,5,16,76,1,0.1224036521959934,0.10343956139833026,0.02,0.01,0.0,0.01,0.0,0.0,0.0,0.0,0.0,0.0,0.03,0.01,0.01,0.0,0.0,0.0,0.0,0.01,0.0,0.0,0.0,0.0,0.0,0.02,0.01,0.0,0.0,0.0,0.0,0.0,0.06,0.01,0.0,0.0,0.0,0.01,0.01,0.01,0.0,0.0,0.01,0.03,0.0,0.01,0.01,0.02,0.04,0.01,0.0,0.01,0.0,0.0,0.01,0.09999999999999999,0.0,0,0,0.9375,0.0625,2,0.0,0,0.1,0.2,0.7936,easy,5.29,0,0,0,0,0,0,0,0,0,0,0,1,0,0,0,0,0,0,0,0,0
239,121,2,5d482ea521c9be351f7623cd,2020-05-02 21:16:00.484000+00:00,i dont think she was an asshole,0.6,1,0.2,5,i don't think she was an asshole,6,7,31,1,-0.7591309876001406,-1.00364331194596,0.0,0.0,0.0,0.0,0.0,0.0,0.0,0.0,0.0,0.0,0.01,0.01,0.01,0.0,0.0,0.0,0.0,0.0,0.0,0.0,0.0,0.01,0.0,0.02,0.0,0.01,0.0,0.0,0.0,0.0,0.01,0.0,0.0,0.0,0.0,0.0,0.01,0.01,0.0,0.0,0.0,0.03,0.0,0.01,0.0,0.02,0.01,0.0,0.0,0.0,0.0,0.0,0.01,0.04,0.0,0,0,1.0,0.14285714285714285,2,0.0004753880472329106,0,0.0,0.0,0.3472,easy,0.276,0,0,1,0,1,0,0,0,0,0,0,1,0,0,0,0,0,0,0,0,0
239,121,2,5eadc90cd5ea945196fab1b7,2020-05-02 21:16:12.311000+00:00,she was asking his favor whenever she cant  so think of vice verse,0.6,1,0.2,5,she was asking his favor whenever she cant  so think of vice verse,7,13,66,1,-0.07349293442536971,-0.14257885490040093,0.0,0.0,0.0,0.02,0.0,0.0,0.0,0.0,0.02,0.0,0.030000000000000002,0.01,0.0,0.0,0.0,0.0,0.0,0.0,0.0,0.0,0.01,0.01,0.0,0.02,0.0,0.01,0.01,0.0,0.0,0.0,0.04,0.0,0.0,0.0,0.0,0.0,0.0,0.0,0.0,0.0,0.0,0.030000000000000002,0.0,0.0,0.01,0.02,0.01,0.01,0.0,0.0,0.0,0.01,0.0,0.060000000000000005,0.0,0,0,0.9230769230769231,0.0,3,0.0003484320557491289,0,0.0,0.0,0.6447999999999999,easy,11.827,0,0,1,0,1,0,0,0,0,0,0,0,0,0,0,0,0,1,1,0,0
239,121,2,5d482ea421c9be351f76222f,2020-05-02 21:16:27.772000+00:00,i think she should work with her parents more ,0.6,1,0.2,5,i think she should work with her parents more .,8,9,46,1,-0.5632344009787775,-0.7576248956472289,0.01,0.0,0.0,0.0,0.0,0.01,0.0,0.01,0.0,0.0,0.02,0.0,0.0,0.0,0.0,0.0,0.0,0.01,0.0,0.01,0.0,0.01,0.0,0.01,0.01,0.0,0.0,0.0,0.0,0.0,0.03,0.0,0.0,0.01,0.0,0.0,0.0,0.01,0.0,0.0,0.0,0.02,0.0,0.0,0.0,0.01,0.03,0.01,0.0,0.0,0.0,0.01,0.01,0.06,0.0,0,0,1.0,0.1111111111111111,1,0.0003484320557491289,0,0.5,0.5,0.44639999999999996,easy,15.461,0,0,1,0,1,0,0,0,0,0,0,1,0,0,0,0,0,1,0,0,0
239,121,2,5d482ea521c9be351f7623cd,2020-05-02 21:16:34.952000+00:00,she has a good reason as to why she thought to ask her husband to help the mom,0.6,1,0.2,5,she has a good reason as to why she thought to ask her husband to help the mom.,9,18,78,1,0.4162485321280381,0.47246718584642705,0.0,0.0,0.0,0.01,0.0,0.0,0.0,0.0,0.0,0.0,0.030000000000000002,0.0,0.0,0.0,0.0,0.0,0.0,0.02,0.0,0.0,0.01,0.02,0.0,0.02,0.0,0.01,0.0,0.0,0.0,0.0,0.07,0.0,0.0,0.0,0.0,0.02,0.0,0.0,0.0,0.0,0.0,0.030000000000000002,0.0,0.02,0.0,0.01,0.030000000000000002,0.04,0.0,0.0,0.0,0.02,0.0,0.11,0.0,0,0,0.8333333333333334,0.0,3,0.0,0,0.6000000000000001,0.7,0.8927999999999999,easy,7.18,0,0,1,0,1,0,0,0,0,0,0,0,0,0,0,0,0,1,0,0,0
239,121,2,5eadd582d5ea945196fab7fc,2020-05-02 21:16:40.216000+00:00,she did want to help her parents but she was putting a lot of stress on her husband,0.6,1,0.2,5,she did want to help her parents but she was putting a lot of stress on her husband,10,18,83,1,0.4162485321280381,0.47246718584642705,0.01,0.0,0.0,0.01,0.0,0.0,0.0,0.0,0.0,0.01,0.04,0.0,0.0,0.0,0.0,0.0,0.0,0.02,0.0,0.01,0.0,0.0,0.0,0.01,0.0,0.02,0.02,0.0,0.0,0.0,0.06999999999999999,0.0,0.0,0.0,0.0,0.0,0.0,0.0,0.0,0.01,0.01,0.03,0.0,0.01,0.01,0.02,0.03,0.03,0.0,0.0,0.0,0.01,0.0,0.11,0.0,0,0,0.8888888888888888,0.0,6,0.0018112256564805922,0,0.0,0.0,0.8927999999999999,easy,5.264,0,0,0,0,0,0,0,0,0,0,0,0,0,0,0,0,0,0,1,0,0
239,121,2,5d482ea521c9be351f7623cd,2020-05-02 21:16:44.620000+00:00,her husband could have refused to take the phone,0.6,1,0.2,5,her husband could have refused to take the phone.,11,9,48,1,-0.4652861076680959,-0.6346156874978632,0.009999999999999998,0.0,0.0,0.0,0.0,0.0,0.0,0.0,0.0,0.0,0.009999999999999998,0.0,0.0,0.0,0.0,0.0,0.0,0.009999999999999998,0.0,0.0,0.0,0.0,0.0,0.019999999999999997,0.0,0.0,0.0,0.0,0.009999999999999998,0.0,0.039999999999999994,0.0,0.0,0.0,0.0,0.0,0.0,0.0,0.0,0.0,0.0,0.03,0.0,0.009999999999999998,0.0,0.019999999999999997,0.019999999999999997,0.009999999999999998,0.0,0.0,0.0,0.0,0.0,0.039999999999999994,0.0,0,0,1.0,0.0,2,0.000727802037845706,0,0.0,0.0,0.44639999999999996,easy,4.404,0,0,0,0,0,0,0,0,0,0,0,0,0,0,0,0,0,0,1,0,0
240,122,1,5d482eab21c9be351f7641d2,2020-05-02 20:05:23.792000+00:00,the parent is the asshole,0.714285714,2,0.285714286,7,the parent is the asshole.,1,5,25,1,-0.8570792809108222,-1.332896896702414,0.0,0.0,0.0,0.0,0.0,0.0,0.0,0.0,0.0,0.0,0.0,0.0,0.01,0.0,0.0,0.0,0.0,0.01,0.0,0.0,0.0,0.0,0.0,0.01,0.0,0.0,0.0,0.0,0.0,0.0,0.01,0.0,0.0,0.0,0.0,0.0,0.01,0.0,0.0,0.0,0.0,0.01,0.0,0.02,0.0,0.01,0.0,0.0,0.0,0.0,0.0,0.0,0.0,0.03,0.0,0,0,0.8,0.0,0,0.0,0,0.0,0.0,0.248,easy,0.0,0,0,0,0,0,0,0,0,0,0,0,0,0,0,0,0,0,0,0,0,0
240,122,1,5eac7804d5ea945196fa417a,2020-05-02 20:05:48.975000+00:00,the parent is not an asshole,0.714285714,2,0.285714286,7,the parent is not an asshole,2,6,28,1,-0.7591309876001406,-1.2036192712697384,0.0,0.0,0.0,0.0,0.0,0.0,0.0,0.0,0.0,0.0,0.0,0.01,0.01,0.0,0.0,0.0,0.0,0.01,0.0,0.0,0.0,0.0,0.0,0.01,0.0,0.0,0.0,0.0,0.0,0.0,0.01,0.0,0.0,0.0,0.0,0.0,0.01,0.0,0.0,0.0,0.01,0.01,0.0,0.02,0.0,0.01,0.01,0.0,0.0,0.0,0.0,0.0,0.0,0.04,0.0,0,0,1.0,0.0,2,0.011189770148547244,0,0.0,0.0,0.2976,easy,25.183,0,0,0,0,0,0,0,0,0,0,0,0,0,0,0,0,0,0,0,0,0
240,122,1,5d482ea721c9be351f762fff,2020-05-02 20:05:51.307000+00:00,i dont think the parent is an asshole,0.714285714,2,0.285714286,7,i don't think the parent is an asshole.,3,8,37,1,-0.6611826942894591,-1.0743416458370627,0.0,0.0,0.0,0.0,0.0,0.0,0.0,0.0,0.0,0.0,0.0,0.01,0.01,0.0,0.0,0.0,0.0,0.01,0.0,0.0,0.0,0.01,0.0,0.030000000000000002,0.0,0.0,0.0,0.0,0.0,0.0,0.01,0.0,0.0,0.0,0.0,0.0,0.01,0.01,0.0,0.0,0.0,0.030000000000000002,0.0,0.02,0.0,0.02,0.01,0.0,0.0,0.0,0.0,0.0,0.01,0.04,0.0,0,0,1.0,0.125,3,0.011189770148547244,0,0.0,0.0,0.3968,easy,2.332,0,0,1,0,1,0,0,0,0,0,0,1,0,0,0,0,0,0,0,0,0
240,122,1,5d482ea821c9be351f763340,2020-05-02 20:05:53.080000+00:00,i agree that the parent is the asshole the person is french they should be allowed to speak their native language,0.714285714,2,0.285714286,7,"i agree that the parent is the asshole. the person is french, they should be allowed to speak their native language.",4,21,113,1,0.6121451187494011,0.6062674847877202,0.009999999999999998,0.009999999999999998,0.0,0.0,0.0,0.0,0.0,0.0,0.0,0.0,0.0,0.0,0.009999999999999998,0.0,0.0,0.0,0.0,0.009999999999999998,0.0,0.0,0.009999999999999998,0.0,0.009999999999999998,0.019999999999999997,0.009999999999999998,0.0,0.0,0.0,0.0,0.0,0.05999999999999999,0.009999999999999998,0.0,0.0,0.0,0.009999999999999998,0.009999999999999998,0.009999999999999998,0.0,0.0,0.0,0.039999999999999994,0.0,0.029999999999999995,0.0,0.039999999999999994,0.019999999999999997,0.009999999999999998,0.0,0.009999999999999998,0.0,0.0,0.009999999999999998,0.11999999999999998,0.0,0,0,0.8571428571428571,0.047619047619047616,5,0.011344953264624215,0,0.0,0.0,1.0415999999999999,easy,1.773,0,0,1,0,0,0,0,0,0,0,0,1,0,0,0,0,0,0,0,0,0
240,122,1,5d482ea621c9be351f762a4c,2020-05-02 20:05:54.905000+00:00,i disagree the son and his husband are being disrespectful for not speaking english,0.714285714,2,0.285714286,7,"i disagree, the son and his husband are being disrespectful for not speaking english",5,14,83,1,-0.07349293442536971,-0.2986758932410091,0.0,0.01,0.0,0.01,0.0,0.01,0.0,0.0,0.0,0.0,0.01,0.01,0.0,0.0,0.0,0.0,0.0,0.02,0.01,0.0,0.0,0.0,0.0,0.01,0.0,0.0,0.0,0.0,0.0,0.0,0.04,0.0,0.0,0.0,0.0,0.0,0.0,0.01,0.0,0.0,0.01,0.02,0.0,0.01,0.01,0.02,0.02,0.01,0.0,0.01,0.0,0.0,0.01,0.08,0.0,0,0,1.0,0.07142857142857142,1,0.00015518311607697082,0,0.0,0.0,0.6944,easy,1.825,0,0,0,0,0,0,0,0,0,0,0,1,0,0,0,0,0,0,1,0,0
240,122,1,5d482eab21c9be351f7641d2,2020-05-02 20:06:01.726000+00:00,the son and his husband are the guests in the parents home,0.714285714,2,0.285714286,7,the son and his husband are the guests in the parent's home.,6,12,58,1,-0.17144122773605125,-0.42795351867368475,0.0,0.0,0.009999999999999998,0.009999999999999998,0.0,0.009999999999999998,0.0,0.0,0.0,0.0,0.009999999999999998,0.0,0.0,0.0,0.0,0.0,0.0,0.03,0.0,0.0,0.0,0.0,0.0,0.009999999999999998,0.0,0.0,0.009999999999999998,0.0,0.0,0.0,0.05,0.0,0.0,0.0,0.0,0.0,0.0,0.0,0.0,0.0,0.0,0.009999999999999998,0.009999999999999998,0.03,0.009999999999999998,0.009999999999999998,0.009999999999999998,0.009999999999999998,0.0,0.0,0.0,0.0,0.0,0.06999999999999999,0.0,0,0,0.8333333333333334,0.0,6,0.0023329384744428167,0,0.0,0.0,0.5952,easy,6.821,0,0,0,0,0,0,0,0,0,0,0,0,0,0,0,0,0,0,0,0,0
240,122,1,5d482ea221c9be351f761dbc,2020-05-02 20:06:05.808000+00:00,she is an asshole  i think she should have taken her son aside in private to talk to him rather than saying it in front of his partner,0.714285714,2,0.285714286,7,she is an asshole.  i think she should have taken her son aside in private to talk to him rather than saying it in front of his partner.,7,28,134,1,1.2977831719241721,1.5112108628164496,0.02,0.01,0.0,0.0,0.0,0.0,0.0,0.0,0.01,0.0,0.049999999999999996,0.0,0.01,0.0,0.0,0.0,0.0,0.01,0.0,0.0,0.0,0.01,0.01,0.03,0.01,0.01,0.03,0.0,0.0,0.0,0.09999999999999999,0.01,0.0,0.0,0.0,0.0,0.01,0.01,0.0,0.0,0.01,0.049999999999999996,0.01,0.01,0.0,0.03,0.03,0.06,0.0,0.01,0.0,0.0,0.01,0.17,0.0,0,0,0.8928571428571429,0.03571428571428571,3,0.0016051364365971107,0,0.375,0.0,1.3888,easy,4.082,0,0,1,0,1,0,0,0,0,0,1,0,0,0,0,0,0,0,0,0,0
240,122,1,5d482eab21c9be351f7641d2,2020-05-02 20:06:06.741000+00:00,its only for a week,0.714285714,2,0.285714286,7,it's only for a week.,8,5,19,1,-0.8570792809108222,-1.332896896702414,0.0,0.0,0.0,0.0,0.0,0.0,0.0,0.0,0.01,0.0,0.0,0.0,0.0,0.0,0.0,0.0,0.0,0.0,0.0,0.0,0.0,0.0,0.0,0.0,0.0,0.0,0.01,0.0,0.0,0.0,0.0,0.01,0.0,0.0,0.0,0.0,0.0,0.0,0.0,0.0,0.0,0.0,0.0,0.01,0.0,0.0,0.0,0.01,0.0,0.0,0.0,0.01,0.0,0.04,0.0,0,0,1.0,0.0,0,0.0,0,1.0,0.0,0.248,easy,0.933,0,0,0,0,0,0,0,0,0,0,0,0,0,0,0,0,0,0,0,0,0
240,122,1,5d482ea721c9be351f762fff,2020-05-02 20:06:07.496000+00:00,she was simply telling them she felt uncomfortable and left out,0.714285714,2,0.285714286,7,she was simply telling them she felt uncomfortable and left out,9,11,63,1,-0.2693895210467328,-0.5572311441063603,0.0,0.0,0.0,0.01,0.0,0.02,0.0,0.0,0.01,0.01,0.02,0.0,0.0,0.0,0.0,0.0,0.0,0.0,0.0,0.0,0.0,0.01,0.0,0.0,0.0,0.02,0.02,0.0,0.0,0.0,0.04,0.0,0.0,0.0,0.0,0.0,0.0,0.0,0.01,0.0,0.0,0.02,0.0,0.0,0.01,0.01,0.03,0.01,0.0,0.01,0.0,0.0,0.0,0.06,0.0,0,0,0.9090909090909091,0.0,0,0.0,0,0.4523809523809524,-0.16666666666666666,5.617554545454546,medium,0.755,0,0,1,0,1,0,0,0,0,0,0,0,0,0,0,0,0,0,1,0,0
240,122,1,5d482ea921c9be351f763591,2020-05-02 20:06:07.775000+00:00,although the couple should not have been having an entire conversation in a different language in front of her the parent needs to bring it up in a different way,0.714285714,2,0.285714286,7,although the couple should not have been having an entire conversation in a different language in front of her the parent needs to bring it up in a different way.,10,30,161,1,1.5916280518562167,1.8990437391144763,0.02,0.0,0.0,0.01,0.01,0.0,0.0,0.0,0.0,0.0,0.01,0.01,0.0,0.0,0.0,0.0,0.0,0.01,0.0,0.02,0.0,0.0,0.0,0.030000000000000002,0.01,0.01,0.060000000000000005,0.0,0.0,0.0,0.04,0.01,0.0,0.0,0.0,0.0,0.0,0.0,0.0,0.0,0.01,0.060000000000000005,0.0,0.05,0.0,0.04,0.04,0.060000000000000005,0.0,0.0,0.0,0.02,0.0,0.18000000000000002,0.0,0,0,0.8333333333333334,0.0,0,0.0,0,0.6083333333333334,0.0,2.0143333333333335,easy,0.279,0,0,1,0,0,0,0,0,0,0,0,0,0,0,0,0,0,0,0,0,0
240,122,1,5ead9428d5ea945196fa97c1,2020-05-02 20:06:10.467000+00:00,i think the son is the asshole theyre in her home and its totally rude for them to be speaking a different language that she doesnt understand,0.714285714,2,0.285714286,7,"i think the son is the asshole, they're in her home and it's totally rude for them to be speaking a different language that she doesn't understand",11,27,142,1,1.1998348786134905,1.3819332373837738,0.0,0.01,0.01,0.01,0.01,0.01,0.0,0.0,0.01,0.0,0.02,0.01,0.01,0.0,0.0,0.0,0.0,0.01,0.01,0.0,0.0,0.02,0.0,0.05,0.0,0.0,0.01,0.0,0.0,0.0,0.06999999999999999,0.02,0.0,0.0,0.0,0.0,0.02,0.01,0.0,0.0,0.0,0.06,0.0,0.03,0.01,0.04,0.04,0.03,0.0,0.01,0.0,0.01,0.01,0.15,0.0,0,0,0.9629629629629629,0.037037037037037035,6,0.007929436192562679,0,0.6,-0.15,1.3392,easy,2.692,0,0,1,0,1,0,0,0,0,0,0,1,0,0,0,0,0,0,1,0,0
240,122,1,5d482ea321c9be351f762181,2020-05-02 20:06:14.058000+00:00,i am under the impression that the parent is not being an asshole as long as the french speaking guy can speak english fluently,0.714285714,2,0.285714286,7,i am under the impression that the parent is not being an asshole as long as the french speaking guy can speak english fluently,12,24,127,1,0.9059899986814458,0.9941003610857471,0.0,0.02,0.0,0.02,0.0,0.0,0.0,0.0,0.0,0.0,0.0,0.01,0.01,0.0,0.0,0.0,0.0,0.01,0.0,0.0,0.01,0.0,0.01,0.03,0.0,0.0,0.02,0.0,0.0,0.0,0.04,0.01,0.0,0.0,0.0,0.0,0.01,0.01,0.0,0.0,0.01,0.04,0.0,0.04,0.0,0.04,0.01,0.03,0.0,0.02,0.0,0.0,0.01,0.14,0.0,0,0,0.875,0.041666666666666664,5,0.003222640794485658,0,0.13333333333333333,-0.016666666666666666,1.1904,easy,3.591,0,0,0,0,0,0,0,0,0,0,0,1,0,0,0,0,0,0,0,0,0
240,122,1,5eac7804d5ea945196fa417a,2020-05-02 20:06:17.873000+00:00,they are in her house and she was right there on sit,0.714285714,2,0.285714286,7,they are in her house and she was right there on sit,13,12,52,1,-0.17144122773605125,-0.42795351867368475,0.0,0.0,0.01,0.01,0.0,0.01,0.0,0.0,0.01,0.0,0.02,0.0,0.0,0.0,0.0,0.0,0.0,0.0,0.0,0.0,0.0,0.0,0.0,0.01,0.0,0.01,0.04,0.0,0.0,0.0,0.030000000000000002,0.0,0.0,0.0,0.0,0.0,0.0,0.0,0.0,0.0,0.0,0.02,0.0,0.0,0.01,0.02,0.01,0.02,0.0,0.0,0.0,0.01,0.0,0.09,0.0,0,0,1.0,0.0,0,0.0,0,0.5357142857142857,0.2857142857142857,0.5952,easy,3.815,0,0,0,0,0,0,0,0,0,0,0,0,0,0,0,0,0,1,0,0,0
240,122,1,5d482ea621c9be351f762a4c,2020-05-02 20:06:33.123000+00:00,the son and husband by speaking french are basically ignoring the mother,0.714285714,2,0.285714286,7,"the son and husband, by speaking french, are basically ignoring the mother",14,12,72,1,-0.17144122773605125,-0.42795351867368475,0.0,0.009999999999999998,0.0,0.009999999999999998,0.0,0.009999999999999998,0.0,0.0,0.009999999999999998,0.0,0.0,0.0,0.0,0.0,0.0,0.0,0.0,0.03,0.009999999999999998,0.0,0.0,0.0,0.0,0.009999999999999998,0.0,0.0,0.0,0.0,0.009999999999999998,0.0,0.039999999999999994,0.0,0.0,0.0,0.0,0.0,0.0,0.0,0.0,0.0,0.0,0.009999999999999998,0.0,0.019999999999999997,0.009999999999999998,0.009999999999999998,0.019999999999999997,0.009999999999999998,0.0,0.009999999999999998,0.0,0.0,0.0,0.05,0.0,0,0,0.9166666666666666,0.0,2,0.0,0,0.0,0.0,0.5952,easy,15.25,0,0,0,0,0,0,0,0,0,0,0,0,0,0,0,0,0,0,0,0,0
240,122,1,5d482ea921c9be351f763591,2020-05-02 20:06:35.018000+00:00,dont call someone disrespectful at first but make it about your feelings about being excluded,0.714285714,2,0.285714286,7,"don't call someone disrespectful at first, but make it about your feelings about being excluded.",15,15,93,1,0.1224036521959934,-0.040120642375657885,0.0,0.0,0.0,0.010000000000000002,0.0,0.0,0.0,0.010000000000000002,0.020000000000000004,0.0,0.0,0.010000000000000002,0.0,0.0,0.0,0.0,0.0,0.0,0.0,0.0,0.0,0.010000000000000002,0.0,0.020000000000000004,0.0,0.0,0.020000000000000004,0.0,0.0,0.0,0.030000000000000002,0.020000000000000004,0.0,0.0,0.0,0.010000000000000002,0.0,0.0,0.010000000000000002,0.010000000000000002,0.020000000000000004,0.030000000000000002,0.0,0.0,0.010000000000000002,0.020000000000000004,0.05,0.030000000000000002,0.0,0.010000000000000002,0.010000000000000002,0.0,0.0,0.07,0.0,1,0,0.9333333333333333,0.0,0,0.0,0,0.3333333333333333,0.25,0.744,easy,1.895,0,0,0,0,0,0,0,0,0,0,0,0,1,0,0,0,0,0,1,0,0
241,122,3,5d482ea721c9be351f762fff,2020-05-02 20:35:12.761000+00:00,i think the son is the asshole,1.0,2,0.25,8,i think the son is the asshole.,1,7,30,1,-0.7591309876001406,-1.470472229868844,0.0,0.0,0.0,0.0,0.0,0.0,0.0,0.0,0.0,0.0,0.0,0.0,0.01,0.0,0.0,0.0,0.0,0.01,0.0,0.0,0.0,0.01,0.0,0.02,0.0,0.0,0.0,0.0,0.0,0.0,0.01,0.0,0.0,0.0,0.0,0.0,0.01,0.01,0.0,0.0,0.0,0.02,0.0,0.02,0.0,0.01,0.01,0.0,0.0,0.0,0.0,0.0,0.01,0.04,0.0,0,0,0.8571428571428571,0.14285714285714285,0,0.0,0,0.0,0.0,0.3472,easy,0.0,0,0,1,0,1,0,0,0,0,0,0,1,0,0,0,0,0,0,0,0,0
241,122,3,5ead9428d5ea945196fa97c1,2020-05-02 20:35:19.015000+00:00,again i think the son is being the asshole,1.0,2,0.25,8,again i think the son is being the asshole,2,9,42,1,-0.5632344009787775,-1.2039213724908058,0.0,0.0,0.0,0.0,0.0,0.0,0.0,0.0,0.009999999999999998,0.0,0.0,0.0,0.009999999999999998,0.0,0.0,0.0,0.0,0.009999999999999998,0.0,0.0,0.0,0.009999999999999998,0.0,0.019999999999999997,0.0,0.0,0.009999999999999998,0.0,0.0,0.0,0.009999999999999998,0.0,0.0,0.0,0.0,0.0,0.009999999999999998,0.009999999999999998,0.0,0.0,0.0,0.03,0.0,0.019999999999999997,0.0,0.019999999999999997,0.009999999999999998,0.0,0.0,0.0,0.0,0.0,0.009999999999999998,0.06,0.0,0,0,0.8888888888888888,0.1111111111111111,3,0.0024289565395791504,0,0.0,0.0,0.44639999999999996,easy,6.254,0,0,1,0,1,0,0,0,0,0,1,0,0,0,0,0,0,0,0,0,0
241,122,3,5eac7804d5ea945196fa417a,2020-05-02 20:35:25.591000+00:00,i think the son is the asshole,1.0,2,0.25,8,i think the son is the asshole,3,7,30,1,-0.7591309876001406,-1.470472229868844,0.0,0.0,0.0,0.0,0.0,0.0,0.0,0.0,0.0,0.0,0.0,0.0,0.01,0.0,0.0,0.0,0.0,0.01,0.0,0.0,0.0,0.01,0.0,0.02,0.0,0.0,0.0,0.0,0.0,0.0,0.01,0.0,0.0,0.0,0.0,0.0,0.01,0.01,0.0,0.0,0.0,0.02,0.0,0.02,0.0,0.01,0.01,0.0,0.0,0.0,0.0,0.0,0.01,0.04,0.0,0,0,0.8571428571428571,0.14285714285714285,3,0.0024289565395791504,0,0.0,0.0,0.3472,easy,6.576,0,0,1,0,1,0,0,0,0,0,0,1,0,0,0,0,0,0,0,0,0
241,122,3,5d482ea321c9be351f762181,2020-05-02 20:35:30.995000+00:00,my initial impression is that the son is not being considerate thus an asshole,1.0,2,0.25,8,"my initial impression is that the son is not being considerate, thus an asshole",4,14,78,1,0.024455358885311848,-0.4042688003566914,0.0,0.0,0.0,0.0,0.0,0.0,0.0,0.0,0.0,0.0,0.0,0.01,0.01,0.0,0.0,0.0,0.0,0.01,0.0,0.0,0.02,0.0,0.0,0.02,0.0,0.0,0.01,0.0,0.0,0.0,0.01,0.01,0.0,0.0,0.0,0.01,0.01,0.01,0.0,0.0,0.01,0.030000000000000002,0.0,0.02,0.0,0.030000000000000002,0.02,0.0,0.0,0.0,0.0,0.01,0.01,0.08,0.0,0,0,0.9285714285714286,0.0,3,0.0019253413677530506,0,0.0,0.0,5.458757142857143,medium,5.404,0,0,0,0,0,0,0,0,0,0,0,1,0,0,0,0,0,1,0,0,0
241,122,3,5d482eab21c9be351f7641d2,2020-05-02 20:35:33.956000+00:00,asshole is a strong word but yes here he is being the asshole,1.0,2,0.25,8,"""asshole"" is a strong word, but yes, here he is being the asshole.",5,13,61,1,-0.07349293442536971,-0.5375442290457104,0.0,0.0,0.0,0.01,0.0,0.0,0.0,0.01,0.01,0.0,0.01,0.0,0.02,0.0,0.0,0.0,0.0,0.0,0.0,0.0,0.01,0.0,0.0,0.02,0.0,0.0,0.0,0.0,0.0,0.0,0.01,0.0,0.0,0.0,0.0,0.0,0.02,0.0,0.0,0.0,0.01,0.03,0.0,0.02,0.02,0.03,0.02,0.0,0.0,0.0,0.0,0.02,0.0,0.08,0.0,0,0,0.8461538461538461,0.0,4,0.0006404098623118795,0,0.7333333333333333,0.4333333333333333,0.6447999999999999,easy,2.961,0,0,0,0,0,0,0,0,0,0,0,0,0,0,0,0,1,1,0,0,0
241,122,3,5d482ea621c9be351f762a4c,2020-05-02 20:35:34.652000+00:00,the son is being unreasonable to not speak english and not to convince his partner to try to speak english,1.0,2,0.25,8,the son is being unreasonable to not speak english and not to convince his partner to try to speak english.,6,20,106,1,0.6121451187494011,0.395383771777423,0.0,0.02,0.0,0.01,0.0,0.01,0.0,0.01,0.0,0.0,0.01,0.02,0.0,0.0,0.0,0.0,0.0,0.01,0.0,0.0,0.01,0.0,0.01,0.02,0.0,0.0,0.0,0.0,0.0,0.0,0.05,0.0,0.0,0.0,0.0,0.0,0.0,0.0,0.0,0.0,0.02,0.030000000000000002,0.01,0.01,0.01,0.02,0.030000000000000002,0.04,0.0,0.02,0.0,0.0,0.0,0.11000000000000001,0.0,0,0,0.7,0.0,3,0.0,0,0.0,0.0,1.7815,easy,0.696,0,0,0,0,0,0,0,0,0,0,0,0,0,0,0,0,0,0,1,0,0
241,122,3,5d482ea221c9be351f761dbc,2020-05-02 20:35:55.081000+00:00,i dont think anyone is an asshole  ,1.0,2,0.25,8,i don't think anyone is an asshole.  ,7,7,35,1,-0.7591309876001406,-1.470472229868844,0.0,0.0,0.0,0.0,0.0,0.0,0.0,0.0,0.0,0.0,0.0,0.009999999999999998,0.009999999999999998,0.0,0.0,0.0,0.0,0.0,0.0,0.0,0.0,0.009999999999999998,0.0,0.03,0.0,0.0,0.0,0.0,0.0,0.0,0.009999999999999998,0.009999999999999998,0.0,0.0,0.0,0.0,0.009999999999999998,0.009999999999999998,0.0,0.009999999999999998,0.0,0.03,0.0,0.009999999999999998,0.0,0.019999999999999997,0.019999999999999997,0.0,0.0,0.0,0.0,0.0,0.009999999999999998,0.03,0.0,0,0,1.0,0.14285714285714285,1,0.0,0,0.0,0.0,0.3472,easy,20.429,0,0,1,0,1,0,0,0,0,0,0,1,0,0,0,0,0,0,0,0,0
241,122,3,5d482ea921c9be351f763591,2020-05-02 20:35:58.339000+00:00,the writer should have let the mom know the issue beforehand so the mom could be prepared for the issue of german conversation,1.0,2,0.25,8,the writer should have let the mom know the issue beforehand so the mom could be prepared for the issue of german conversation.,8,23,126,1,0.9059899986814458,0.7952100578444802,0.02,0.0,0.0,0.01,0.0,0.0,0.0,0.0,0.01,0.0,0.0,0.0,0.0,0.0,0.0,0.0,0.0,0.02,0.0,0.0,0.0,0.01,0.0,0.02,0.01,0.0,0.0,0.0,0.0,0.0,0.03,0.0,0.0,0.0,0.0,0.0,0.0,0.0,0.0,0.0,0.0,0.06,0.0,0.049999999999999996,0.01,0.049999999999999996,0.049999999999999996,0.02,0.0,0.0,0.0,0.0,0.0,0.11,0.0,0,0,0.7391304347826086,0.0,0,0.0,0,0.0,0.0,1.8273217391304348,easy,3.258,0,0,1,0,0,0,0,0,0,0,0,0,0,0,0,0,0,0,1,0,0
241,122,3,5d482ea321c9be351f762181,2020-05-02 20:36:00.549000+00:00,he needs to being considerate of both his mother and his partner hes just being considerate of his partner,1.0,2,0.25,8,"he needs to being considerate of both his mother and his partner, he's just being considerate of his partner",9,19,106,1,0.5141968254387196,0.2621083430884039,0.01,0.0,0.0,0.01,0.0,0.02,0.0,0.0,0.01,0.0,0.05,0.0,0.0,0.0,0.0,0.0,0.0,0.01,0.0,0.01,0.02,0.0,0.02,0.02,0.0,0.0,0.01,0.0,0.0,0.0,0.08,0.0,0.0,0.0,0.0,0.0,0.0,0.0,0.0,0.0,0.01,0.04,0.02,0.0,0.02,0.030000000000000002,0.04,0.030000000000000002,0.0,0.0,0.0,0.02,0.0,0.12000000000000001,0.0,0,0,0.6842105263157895,0.0,2,0.0,0,0.0,0.0,6.241005263157895,difficult,2.21,0,0,0,0,0,0,0,0,0,0,0,0,0,0,0,0,0,1,0,0,0
241,122,3,5d482eab21c9be351f7641d2,2020-05-02 20:36:02.664000+00:00,if the partner is shy he doesnt have to say much at least he can understand the conversation and nod to agreedisagree,1.0,2,0.25,8,"if the partner is shy, he doesn't have to say much. at least he can understand the conversation and nod to agree/disagree.",10,22,117,1,0.8080417053707643,0.6619346291554611,0.01,0.01,0.0,0.02,0.0,0.01,0.0,0.0,0.0,0.01,0.02,0.01,0.0,0.0,0.0,0.0,0.0,0.0,0.01,0.02,0.0,0.01,0.01,0.049999999999999996,0.0,0.0,0.01,0.0,0.0,0.0,0.049999999999999996,0.0,0.0,0.0,0.0,0.0,0.0,0.0,0.0,0.01,0.01,0.049999999999999996,0.01,0.02,0.01,0.04,0.029999999999999995,0.029999999999999995,0.0,0.01,0.0,0.0,0.0,0.11999999999999998,0.0,0,0,0.8636363636363636,0.0,5,0.0027472527472527475,0,0.45,-0.4,1.808927272727273,easy,2.115,0,0,0,0,0,0,0,0,0,0,0,0,0,0,0,0,0,0,0,0,0
241,122,3,5ead9428d5ea945196fa97c1,2020-05-02 20:36:04.167000+00:00,the mom politely told him that she wants to know all about his life since hes been away for so long and its only fair she feels that way,1.0,2,0.25,8,the mom politely told him that she wants to know all about his life since he's been away for so long and it's only fair she feels that way,11,29,136,1,1.4936797585455353,1.5948626299785946,0.01,0.0,0.0,0.02,0.01,0.01,0.01,0.0,0.030000000000000006,0.0,0.05,0.0,0.0,0.0,0.01,0.0,0.0,0.01,0.0,0.0,0.0,0.02,0.0,0.04,0.0,0.02,0.02,0.0,0.0,0.0,0.07,0.030000000000000006,0.0,0.0,0.0,0.01,0.0,0.0,0.01,0.0,0.0,0.06000000000000001,0.0,0.01,0.02,0.02,0.06000000000000001,0.05,0.0,0.01,0.0,0.01,0.0,0.16,0.0,0,0,0.9310344827586207,0.0,3,0.0,0,0.6,0.2125,1.4384,easy,1.503,0,0,1,0,1,0,0,0,0,0,0,0,0,0,0,0,0,1,0,0,0
241,122,3,5d482ea721c9be351f762fff,2020-05-02 20:36:08.625000+00:00,his mother is wanting to catch up with her son as well as his partner after being away ,1.0,2,0.25,8,his mother is wanting to catch up with her son as well as his partner after being away ,12,18,87,1,0.4162485321280381,0.12883291439938488,0.01,0.0,0.0,0.02,0.0,0.01,0.0,0.0,0.01,0.0,0.03,0.0,0.0,0.0,0.0,0.0,0.0,0.02,0.0,0.0,0.01,0.0,0.01,0.01,0.0,0.0,0.04,0.0,0.0,0.0,0.06,0.0,0.0,0.0,0.0,0.0,0.0,0.0,0.0,0.0,0.0,0.02,0.01,0.0,0.01,0.02,0.02,0.06999999999999999,0.0,0.0,0.0,0.01,0.0,0.11000000000000001,0.0,0,0,0.8888888888888888,0.0,3,0.034482758620689655,0,0.0,0.0,0.8927999999999999,easy,4.458,0,0,0,0,0,0,0,0,0,0,0,0,0,0,0,0,0,1,0,0,0
241,122,3,5d482ea621c9be351f762a4c,2020-05-02 20:36:12.479000+00:00,they are guests at the mothers house if they do not speak english then they are basically ignoring the mother ,1.0,2,0.25,8,"they are guests at the mother's house, if they do not speak english then they are basically ignoring the mother. ",13,20,110,1,0.6121451187494011,0.395383771777423,0.01,0.01,0.01,0.02,0.0,0.0,0.0,0.0,0.01,0.0,0.0,0.01,0.0,0.0,0.0,0.0,0.0,0.02,0.01,0.0,0.0,0.0,0.0,0.030000000000000002,0.0,0.0,0.02,0.0,0.01,0.0,0.06999999999999999,0.0,0.0,0.0,0.0,0.0,0.0,0.0,0.0,0.01,0.02,0.030000000000000002,0.01,0.02,0.0,0.030000000000000002,0.030000000000000002,0.01,0.0,0.01,0.0,0.0,0.0,0.12000000000000001,0.0,0,0,0.8,0.0,0,0.0008496176720475786,0,0.0,0.0,0.992,easy,3.854,0,0,0,0,0,0,0,0,0,0,0,0,0,0,0,0,0,0,0,0,0
241,122,3,5d482ea821c9be351f763340,2020-05-02 20:36:17.343000+00:00,i agree that he needs to be considerate of both his mother and his partner,1.0,2,0.25,8,i agree that he needs to be considerate of both his mother and his partner,14,15,74,1,0.024455358885311848,-0.4042688003566914,0.01,0.0,0.0,0.01,0.0,0.02,0.0,0.0,0.0,0.0,0.030000000000000002,0.0,0.0,0.0,0.0,0.0,0.0,0.01,0.0,0.01,0.02,0.0,0.01,0.01,0.0,0.0,0.01,0.0,0.0,0.0,0.05,0.01,0.0,0.0,0.0,0.0,0.0,0.01,0.0,0.0,0.0,0.02,0.01,0.0,0.01,0.01,0.030000000000000002,0.02,0.0,0.0,0.0,0.01,0.01,0.1,0.0,0,0,0.9333333333333333,0.06666666666666667,0,0.0008496176720475786,0,0.0,0.0,5.433166666666667,medium,4.864,0,0,0,0,0,0,0,0,0,0,0,1,0,0,0,0,0,1,0,0,0
241,122,3,5d482ea721c9be351f762fff,2020-05-02 20:36:29.032000+00:00,the son should consider how he is making his mother feel when he speaks only in german,1.0,2,0.25,8,the son should consider how he is making his mother feel when he speaks only in german,15,17,86,1,0.31830023881735653,-0.00444251428963419,0.01,0.01,0.0,0.02,0.0,0.0,0.0,0.0,0.03,0.0,0.03,0.0,0.0,0.0,0.0,0.0,0.0,0.02,0.0,0.0,0.0,0.02,0.0,0.02,0.01,0.0,0.02,0.0,0.0,0.0,0.06,0.0,0.0,0.0,0.0,0.02,0.0,0.0,0.01,0.0,0.0,0.03,0.0,0.01,0.0,0.02,0.049999999999999996,0.01,0.0,0.02,0.0,0.0,0.0,0.09999999999999999,0.0,0,0,0.9411764705882353,0.0,3,0.0008496176720475786,0,0.5,0.0,0.8432,easy,11.689,0,0,1,0,1,0,0,0,0,0,0,0,0,0,0,0,0,0,0,0,0
242,123,2,5d482ea621c9be351f762b66,2020-05-02 23:42:49.862000+00:00,this ones a lot tougher because i can see both sides i think the op is ta though i think asshole is a strong word for it,0.714285714,1,0.142857143,7,"this one's a lot tougher because i can see both sides. i think the op is ta, though. i think asshole is a strong word for it.",1,27,120,1,1.0039382919921274,1.2417689149859623,0.0,0.0,0.0,0.02,0.0,0.01,0.0,0.01,0.01,0.0,0.0,0.0,0.01,0.0,0.0,0.01,0.0,0.0,0.0,0.03,0.01,0.02,0.0,0.06,0.0,0.0,0.02,0.0,0.0,0.0,0.0,0.02,0.0,0.0,0.0,0.01,0.01,0.03,0.0,0.01,0.0,0.06,0.0,0.03,0.01,0.03,0.06,0.01,0.0,0.01,0.0,0.04,0.03,0.13999999999999999,0.0,0,0,0.8148148148148148,0.1111111111111111,0,0.0,0,0.7333333333333333,0.4333333333333333,1.3392,easy,0.0,0,0,1,0,1,0,0,0,0,0,1,1,0,0,0,0,0,1,0,0,0
242,123,2,5d482ea421c9be351f7622ab,2020-05-02 23:42:51.370000+00:00,i think that the son comes off as kind of standoffish using external circumstances america is a land of immigrants instead of trying to base things on the reality,0.714285714,1,0.142857143,7,i think that the son comes off as kind of standoffish using external circumstances (america is a land of immigrants) instead of trying to base things on the reality.,2,29,162,1,1.3957314652348536,1.7014622152451888,0.0,0.0,0.0,0.01,0.0,0.0,0.0,0.01,0.01,0.0,0.0,0.0,0.0,0.0,0.0,0.0,0.0,0.01,0.0,0.0,0.01,0.01,0.0,0.04,0.0,0.0,0.04,0.0,0.0,0.0,0.01,0.02,0.0,0.0,0.0,0.01,0.0,0.01,0.0,0.01,0.0,0.04,0.0,0.03,0.0,0.01,0.04,0.07,0.0,0.0,0.0,0.01,0.01,0.13,0.01,0,0,0.896551724137931,0.034482758620689655,4,0.0005036151718260998,1,0.6666666666666666,-0.0666666666666667,1.4384,easy,1.508,0,0,1,0,1,1,0,0,0,0,0,1,0,0,0,0,0,0,0,0,0
242,123,2,5eadf620d5ea945196fac6b5,2020-05-02 23:42:57.877000+00:00,i believe that the husband may be overacting a bit as he is not translating every single day he is doing the translating every now and then,0.714285714,1,0.142857143,7,"i believe that the husband may be overacting a bit as he is not translating every single day, he is doing the translating every now and then?",3,27,139,1,1.1998348786134905,1.4716155651155756,0.0,0.0,0.0,0.03,0.02,0.01,0.0,0.0,0.01,0.0,0.02,0.01,0.0,0.0,0.0,0.0,0.0,0.01,0.0,0.04,0.0,0.01,0.0,0.03,0.01,0.0,0.03,0.0,0.0,0.0,0.03,0.01,0.0,0.0,0.0,0.0,0.0,0.01,0.0,0.01,0.01,0.06,0.0,0.03,0.01,0.049999999999999996,0.06,0.01,0.0,0.0,0.0,0.01,0.01,0.16,0.0,1,0,0.8148148148148148,0.037037037037037035,7,0.00015518311607697082,0,0.21428571428571427,-0.07142857142857142,1.3392,easy,6.507,0,0,1,0,0,0,0,0,0,0,0,1,0,0,0,0,0,0,0,0,0
242,123,2,5d482ea421c9be351f7622ab,2020-05-02 23:43:04.450000+00:00,agreed with inspiredgorilla hes definitely the asshole,0.714285714,1,0.142857143,7,agreed with inspiredgorilla he's definitely the asshole.,4,7,54,1,-0.6611826942894591,-0.7119276111157501,0.0,0.0,0.0,0.0,0.01,0.01,0.0,0.0,0.01,0.0,0.01,0.0,0.01,0.0,0.0,0.0,0.0,0.0,0.0,0.0,0.03,0.01,0.0,0.01,0.0,0.0,0.0,0.0,0.0,0.0,0.01,0.0,0.0,0.0,0.0,0.0,0.01,0.0,0.0,0.0,0.0,0.01,0.0,0.01,0.0,0.01,0.03,0.01,0.0,0.0,0.0,0.0,0.0,0.02,0.0,0,0,1.0,0.0,1,0.0,0,0.5,0.0,0.3472,easy,6.573,0,0,0,0,0,0,0,0,0,0,0,0,0,0,0,0,0,0,0,0,0
242,123,2,5eadf59ed5ea945196fac6b1,2020-05-02 23:43:06.496000+00:00,while i do agree that when you get married your families blend and become one but i do not agree that the husband should have to be at his mother in laws every beck and call just because his wife says so ,0.714285714,1,0.142857143,7,"while i do agree that when you get married, your families blend and become one, but i do not agree that the husband should have to be at his mother in laws every beck and call just because his wife says so. ",5,42,204,1,2.5711109849630325,3.080542116022868,0.01,0.01,0.01,0.07,0.01,0.02,0.0,0.0,0.03,0.0,0.02,0.01,0.0,0.0,0.0,0.0,0.0,0.05,0.0,0.01,0.02,0.01,0.0,0.05,0.01,0.0,0.04,0.0,0.0,0.0,0.11,0.02,0.0,0.0,0.0,0.01,0.0,0.02,0.0,0.0,0.03,0.07,0.0,0.01,0.06,0.06,0.09000000000000001,0.03,0.0,0.01,0.02,0.0,0.02,0.26,0.0,0,0,0.8571428571428571,0.047619047619047616,1,0.0,0,0.25,0.25,2.0831999999999997,easy,2.046,0,0,1,0,0,0,0,0,0,0,1,0,1,0,0,0,0,0,0,0,0
242,123,2,5eadbdf4d5ea945196faafa2,2020-05-02 23:43:06.680000+00:00,i dont think this guy is an asshole because how can he make his partner do something if he doesnt what do do it,0.714285714,1,0.142857143,7,i dont think this guy is an asshole because how can he 'make' his partner do something if he does'nt what do do it,6,24,111,1,0.9059899986814458,1.1268455899211558,0.01,0.0,0.0,0.030000000000000006,0.0,0.0,0.0,0.0,0.01,0.0,0.030000000000000006,0.02,0.01,0.0,0.0,0.0,0.0,0.0,0.0,0.0,0.0,0.01,0.02,0.09000000000000001,0.0,0.0,0.0,0.0,0.0,0.0,0.05,0.04,0.0,0.0,0.0,0.030000000000000006,0.01,0.01,0.0,0.02,0.02,0.09000000000000001,0.01,0.01,0.01,0.07,0.06000000000000001,0.0,0.0,0.0,0.0,0.0,0.01,0.16,0.0,0,0,0.875,0.041666666666666664,5,0.00015518311607697082,0,0.0,0.0,1.1904,easy,0.184,0,0,1,0,1,0,0,0,0,0,0,1,0,0,0,0,0,0,0,0,0
242,123,2,5eadbe76d5ea945196faafa8,2020-05-02 23:43:09.847000+00:00,i think its reasonable for the guy to ask his husband to help the mother out,0.714285714,1,0.142857143,7,i think it's reasonable for the guy to ask his husband to help the mother out.,7,16,76,1,0.1224036521959934,0.20745898940270285,0.0,0.0,0.0,0.0,0.0,0.01,0.0,0.0,0.0,0.0,0.01,0.0,0.0,0.0,0.0,0.0,0.0,0.02,0.0,0.0,0.0,0.02,0.01,0.02,0.0,0.0,0.01,0.0,0.0,0.0,0.06,0.01,0.0,0.0,0.0,0.01,0.0,0.01,0.0,0.0,0.0,0.02,0.0,0.02,0.0,0.0,0.03,0.04,0.0,0.0,0.0,0.01,0.01,0.09,0.0,0,0,0.875,0.0625,1,0.005822764107996313,0,0.6,0.2,0.7936,easy,3.167,0,0,1,0,1,0,0,0,0,0,0,1,0,0,0,0,0,1,0,0,0
242,123,2,5d482ea421c9be351f762335,2020-05-02 23:43:22.420000+00:00,i believe this person is the asshole his husband should not be the go to for translation if he can help thats great but the family should go to the son first,0.714285714,1,0.142857143,7,"i believe this person is the asshole. his husband should not be the go to for translation. if he can help, that's great, but the family should go to the son first.",8,32,157,1,1.6895763451668984,2.046232190439609,0.03,0.0,0.01,0.02,0.0,0.0,0.0,0.01,0.0,0.0,0.02,0.01,0.01,0.0,0.0,0.0,0.0,0.03,0.0,0.0,0.01,0.01,0.01,0.06,0.02,0.0,0.03,0.0,0.0,0.0,0.06999999999999999,0.02,0.0,0.0,0.0,0.0,0.01,0.01,0.0,0.01,0.03,0.09000000000000001,0.0,0.04,0.01,0.06,0.06,0.03,0.0,0.0,0.0,0.01,0.01,0.19,0.0,0,0,0.8125,0.03125,8,0.0019664087725575633,0,0.5416666666666666,0.525,1.5872,easy,12.573,0,0,1,0,0,0,0,0,0,0,0,1,0,0,0,0,0,1,0,0,0
242,123,2,5d482ea421c9be351f7622ab,2020-05-02 23:43:23.371000+00:00,lighthorse because thats the basis for wanting a relationship to work clearly hes getting fed up with it if he spoke up,0.714285714,1,0.142857143,7,"lighthorse because that's the basis for wanting a relationship to work, clearly he's getting fed up with it if he spoke up",9,22,119,1,0.8080417053707643,1.011922264856349,0.019999999999999997,0.009999999999999998,0.0,0.019999999999999997,0.009999999999999998,0.009999999999999998,0.009999999999999998,0.009999999999999998,0.009999999999999998,0.0,0.019999999999999997,0.0,0.0,0.0,0.0,0.0,0.0,0.0,0.0,0.0,0.0,0.0,0.0,0.019999999999999997,0.0,0.019999999999999997,0.019999999999999997,0.0,0.0,0.0,0.039999999999999994,0.019999999999999997,0.0,0.009999999999999998,0.0,0.019999999999999997,0.0,0.0,0.0,0.009999999999999998,0.009999999999999998,0.039999999999999994,0.0,0.019999999999999997,0.009999999999999998,0.019999999999999997,0.06,0.05,0.0,0.009999999999999998,0.0,0.03,0.0,0.11,0.0,0,0,0.9545454545454546,0.0,6,0.0,0,0.3833333333333333,0.10000000000000002,1.808927272727273,easy,0.951,0,0,0,0,0,0,0,0,0,0,0,0,0,0,0,0,0,1,0,0,0
242,123,2,5eade6c6d5ea945196fac47d,2020-05-02 23:43:23.622000+00:00,ayta i think maybe mom thinks yata ,0.714285714,1,0.142857143,7,ayta? i think maybe mom thinks yata :),10,7,35,1,-0.7591309876001406,-0.8268509361805567,0.0,0.0,0.0,0.0,0.0,0.0,0.0,0.0,0.009999999999999998,0.0,0.0,0.0,0.0,0.0,0.0,0.0,0.0,0.009999999999999998,0.0,0.0,0.0,0.019999999999999997,0.0,0.019999999999999997,0.0,0.0,0.0,0.0,0.0,0.0,0.009999999999999998,0.0,0.0,0.0,0.0,0.0,0.0,0.009999999999999998,0.0,0.009999999999999998,0.0,0.019999999999999997,0.0,0.0,0.0,0.0,0.03,0.0,0.0,0.0,0.0,0.0,0.009999999999999998,0.009999999999999998,0.009999999999999998,1,0,1.0,0.14285714285714285,0,0.0,1,0.0,0.0,0.3472,easy,0.251,0,0,1,0,1,0,0,0,0,0,1,0,0,0,0,0,0,0,0,0,0
242,123,2,5d482ea621c9be351f762b66,2020-05-02 23:43:25.687000+00:00,i agree that the family becomes your family upon marriage but its unreasonable to expect him to do it every time,0.714285714,1,0.142857143,7,i agree that the family becomes your family upon marriage but it's unreasonable to expect him to do it every time.,11,21,112,1,0.6121451187494011,0.7820756147267359,0.01,0.0,0.02,0.01,0.01,0.0,0.0,0.0,0.0,0.0,0.01,0.0,0.0,0.0,0.0,0.0,0.0,0.02,0.0,0.01,0.01,0.01,0.0,0.02,0.0,0.0,0.02,0.0,0.0,0.0,0.05,0.030000000000000002,0.0,0.0,0.0,0.0,0.0,0.01,0.0,0.0,0.01,0.02,0.0,0.01,0.01,0.02,0.04,0.030000000000000002,0.0,0.0,0.01,0.0,0.01,0.11000000000000001,0.0,0,0,0.9047619047619048,0.047619047619047616,0,0.00015518311607697082,0,0.0,0.0,1.793504761904762,easy,2.065,0,0,0,0,0,0,0,0,0,0,0,1,1,0,0,0,0,0,1,0,0
242,123,2,5eadf620d5ea945196fac6b5,2020-05-02 23:43:30.132000+00:00,he acts like his entire life comes to a complete stop for translating,0.714285714,1,0.142857143,7,he acts like his entire life comes to a complete stop for translating.,12,13,69,1,-0.07349293442536971,-0.022387660726910372,0.0,0.0,0.0,0.0,0.02,0.0,0.01,0.0,0.0,0.0,0.02,0.0,0.0,0.0,0.01,0.0,0.0,0.0,0.0,0.01,0.01,0.0,0.0,0.01,0.0,0.0,0.02,0.0,0.01,0.0,0.02,0.0,0.0,0.0,0.0,0.0,0.0,0.0,0.0,0.0,0.0,0.01,0.0,0.01,0.0,0.0,0.029999999999999995,0.02,0.0,0.0,0.0,0.02,0.0,0.049999999999999996,0.0,0,0,1.0,0.0,1,0.0,0,0.5125,0.05,0.6447999999999999,easy,4.445,0,0,0,0,0,0,0,0,0,0,0,0,0,0,0,0,0,1,0,0,0
242,123,2,5eadbe76d5ea945196faafa8,2020-05-02 23:43:50.015000+00:00,yeah its not like hes giving up a huge amount of time,0.714285714,1,0.142857143,7,yeah it's not like he's giving up a huge amount of time.,13,12,53,1,-0.17144122773605125,-0.137310985791717,0.0,0.0,0.0,0.0,0.0,0.0,0.0,0.0,0.0,0.0,0.01,0.01,0.0,0.0,0.0,0.0,0.0,0.0,0.0,0.0,0.02,0.0,0.0,0.01,0.0,0.0,0.030000000000000002,0.0,0.0,0.0,0.02,0.01,0.0,0.0,0.0,0.0,0.0,0.0,0.0,0.0,0.01,0.01,0.0,0.01,0.0,0.01,0.01,0.02,0.0,0.0,0.0,0.02,0.0,0.05,0.0,0,0,1.0,0.0,2,0.0,0,0.9,0.4000000000000001,0.5952,easy,19.883,0,0,0,0,0,0,0,0,0,0,0,0,0,0,0,0,0,1,0,0,0
242,123,2,5eade6c6d5ea945196fac47d,2020-05-02 23:43:51.022000+00:00,maybe they should share charity first always,0.714285714,1,0.142857143,7,maybe they should share. charity first always.,14,7,44,1,-0.6611826942894591,-0.7119276111157501,0.01,0.0,0.0,0.0,0.01,0.0,0.0,0.01,0.01,0.0,0.0,0.0,0.0,0.0,0.0,0.0,0.0,0.0,0.0,0.0,0.02,0.0,0.0,0.0,0.01,0.0,0.02,0.0,0.0,0.0,0.02,0.0,0.0,0.0,0.01,0.0,0.0,0.0,0.0,0.01,0.0,0.01,0.0,0.0,0.0,0.01,0.03,0.0,0.0,0.0,0.0,0.0,0.0,0.02,0.01,0,0,1.0,0.0,0,0.0,1,0.3333333333333333,0.25,0.3472,easy,1.007,0,0,1,0,0,0,0,0,0,0,0,0,0,0,0,0,0,0,0,0,0
242,123,2,5eadf620d5ea945196fac6b5,2020-05-02 23:43:56.767000+00:00,i agree her family is his family now whether he likes it or not ,0.714285714,1,0.142857143,7,"i agree, her family is his family now, whether he likes it or not. ",15,14,64,1,-0.07349293442536971,-0.022387660726910372,0.0,0.0,0.02,0.02,0.0,0.0,0.0,0.0,0.01,0.0,0.03,0.01,0.0,0.0,0.0,0.0,0.0,0.02,0.0,0.0,0.02,0.0,0.0,0.01,0.0,0.0,0.01,0.0,0.0,0.0,0.05,0.01,0.0,0.0,0.0,0.0,0.0,0.01,0.0,0.01,0.03,0.01,0.0,0.0,0.0,0.01,0.03,0.0,0.0,0.0,0.0,0.01,0.01,0.09,0.0,0,0,0.9285714285714286,0.07142857142857142,0,0.0,0,0.0,0.0,0.6944,easy,5.745,0,0,0,0,0,0,0,0,0,0,0,1,0,0,0,0,0,1,0,0,0
242,123,2,5d482ea621c9be351f762b66,2020-05-02 23:43:56.905000+00:00,his entire life would come to a complete stop for it he only learned it in high school he probably has to really think about it,0.714285714,1,0.142857143,7,his entire life would come to a complete stop for it. he only learned it in high school. he probably has to really think about it.,16,26,127,1,1.1998348786134905,1.4716155651155756,0.01,0.0,0.0,0.0,0.02,0.01,0.01,0.0,0.04,0.0,0.03,0.0,0.0,0.0,0.01,0.0,0.0,0.0,0.0,0.01,0.0,0.02,0.0,0.03,0.01,0.0,0.04,0.0,0.01,0.0,0.03,0.03,0.0,0.02,0.0,0.0,0.0,0.0,0.0,0.01,0.01,0.04,0.0,0.01,0.01,0.02,0.09,0.05,0.0,0.0,0.0,0.01,0.0,0.14,0.01,0,0,0.8461538461538461,0.0,6,0.0,1,0.553,0.092,1.2895999999999999,easy,0.138,0,0,1,0,0,1,0,0,0,0,0,0,0,0,0,0,0,0,0,0,0
242,123,2,5d482ea421c9be351f7622ab,2020-05-02 23:43:58.309000+00:00,plus it sounds super toxic because they make fun of him for being gringo,0.714285714,1,0.142857143,7,"plus it sounds super toxic because they make fun of him for being ""gringo""",17,14,72,1,0.024455358885311848,0.09253566433789624,0.0,0.009999999999999998,0.0,0.019999999999999997,0.0,0.009999999999999998,0.009999999999999998,0.009999999999999998,0.0,0.0,0.009999999999999998,0.0,0.0,0.0,0.009999999999999998,0.0,0.0,0.0,0.0,0.0,0.019999999999999997,0.0,0.0,0.009999999999999998,0.0,0.0,0.0,0.0,0.0,0.0,0.019999999999999997,0.009999999999999998,0.0,0.0,0.0,0.019999999999999997,0.0,0.0,0.0,0.0,0.0,0.019999999999999997,0.0,0.0,0.009999999999999998,0.009999999999999998,0.03,0.03,0.0,0.009999999999999998,0.0,0.019999999999999997,0.0,0.06999999999999999,0.0,0,0,1.0,0.0,2,0.0,0,0.43333333333333335,0.31666666666666665,0.6944,easy,1.404,0,0,0,0,0,0,0,0,0,0,0,0,0,0,0,0,0,1,1,0,0
242,123,2,5eadf59ed5ea945196fac6b1,2020-05-02 23:44:03.657000+00:00,so if youre a dentist you have to fix everyones teeth you know who has something wrong and you are an ah if you dont,0.714285714,1,0.142857143,7,"so if you're a dentist, you have to fix everyone's teeth you know who has something wrong? and you are an ah if you don't?",18,25,116,1,1.101886585302809,1.356692240050769,0.019999999999999997,0.0,0.0,0.039999999999999994,0.0,0.009999999999999998,0.019999999999999997,0.0,0.009999999999999998,0.0,0.0,0.009999999999999998,0.0,0.0,0.009999999999999998,0.0,0.009999999999999998,0.0,0.009999999999999998,0.0,0.0,0.009999999999999998,0.0,0.06,0.0,0.0,0.0,0.0,0.0,0.0,0.06999999999999999,0.03,0.0,0.0,0.0,0.0,0.0,0.0,0.0,0.03,0.03,0.06,0.0,0.019999999999999997,0.03,0.05,0.05,0.009999999999999998,0.0,0.0,0.05,0.009999999999999998,0.0,0.15,0.0,2,0,0.84,0.0,0,0.0,0,0.9,-0.5,1.24,easy,5.348,0,0,0,0,0,0,0,0,0,0,0,0,1,1,0,0,1,0,1,0,0
242,123,2,5d482ea621c9be351f762b66,2020-05-02 23:44:16.498000+00:00,she speaks both languages should be easier for her to do it for her own mother,0.714285714,1,0.142857143,7,"she speaks both languages, should be easier for her to do it for her own mother.",19,16,78,1,0.22035194550667497,0.3223823144675095,0.01,0.01,0.0,0.0,0.0,0.01,0.0,0.0,0.0,0.0,0.030000000000000002,0.0,0.0,0.0,0.0,0.0,0.0,0.01,0.0,0.02,0.01,0.0,0.0,0.01,0.01,0.0,0.01,0.0,0.0,0.0,0.060000000000000005,0.01,0.0,0.0,0.0,0.0,0.0,0.0,0.0,0.0,0.0,0.030000000000000002,0.0,0.0,0.0,0.030000000000000002,0.02,0.030000000000000002,0.0,0.01,0.0,0.01,0.0,0.12000000000000001,0.0,0,0,0.875,0.0,1,0.0,0,1.0,0.6,0.7936,easy,12.841,0,0,1,0,0,0,0,0,0,0,0,0,0,0,0,0,0,1,0,0,0
242,123,2,5eadcaf6d5ea945196fab20a,2020-05-02 23:44:18.809000+00:00,unless she is calling multiple times every day then i dont see why it is a problem,0.714285714,1,0.142857143,7,unless she is calling multiple times every day then i don't see why it is a problem,20,17,82,1,0.22035194550667497,0.3223823144675095,0.01,0.0,0.0,0.02,0.01,0.0,0.0,0.0,0.0,0.0,0.01,0.01,0.0,0.0,0.0,0.01,0.0,0.0,0.0,0.01,0.0,0.0,0.0,0.04,0.0,0.0,0.029999999999999995,0.0,0.0,0.0,0.02,0.01,0.0,0.0,0.0,0.01,0.0,0.01,0.0,0.0,0.01,0.04,0.0,0.01,0.0,0.029999999999999995,0.04,0.01,0.0,0.01,0.0,0.01,0.01,0.08,0.0,0,0,0.9411764705882353,0.058823529411764705,2,0.0,0,0.0,0.0,0.8432,easy,2.311,0,0,0,0,0,0,0,0,0,0,1,0,0,0,0,0,0,0,1,0,0
243,123,3,5d482ea421c9be351f7622ab,2020-05-02 23:57:32.475000+00:00,i dont think that theyre an asshole because how can you expect to thrive not just survive if you dont speak the language of the locals,1.0,0,0.0,8,"i don't think that they're an asshole because how can you expect to thrive, not just survive, if you don't speak the language of the locals?",1,26,134,1,1.101886585302809,1.9156829773846376,0.02,0.01,0.0,0.03,0.0,0.0,0.0,0.01,0.02,0.0,0.0,0.03,0.01,0.0,0.0,0.0,0.0,0.0,0.0,0.0,0.0,0.01,0.0,0.049999999999999996,0.0,0.0,0.01,0.0,0.0,0.0,0.049999999999999996,0.01,0.0,0.0,0.0,0.02,0.01,0.01,0.0,0.01,0.03,0.049999999999999996,0.0,0.03,0.02,0.04,0.07,0.02,0.0,0.01,0.02,0.01,0.01,0.15000000000000002,0.0,1,0,0.8846153846153846,0.038461538461538464,0,0.0,0,0.0,0.0,1.2895999999999999,easy,0.0,0,0,1,0,1,0,0,0,0,0,0,1,1,0,0,0,0,1,0,0,1
243,123,3,5d482ea621c9be351f762b66,2020-05-02 23:57:41.198000+00:00,op seemed like an asshole at the beginning but after clarification that he didnt speak to the mom in that manner hes not,1.0,0,0.0,8,op seemed like an asshole at the beginning but after clarification that he didn't speak to the mom in that manner he's not.,2,23,120,1,0.9059899986814458,1.633964892475132,0.0,0.01,0.0,0.01,0.0,0.0,0.0,0.0,0.0,0.0,0.02,0.02,0.01,0.0,0.0,0.0,0.0,0.01,0.0,0.0,0.01,0.02,0.0,0.01,0.0,0.02,0.04,0.0,0.0,0.0,0.04,0.02,0.0,0.0,0.0,0.0,0.01,0.0,0.0,0.01,0.02,0.03,0.0,0.03,0.01,0.02,0.04,0.04,0.0,0.01,0.0,0.01,0.0,0.12,0.0,0,0,0.9130434782608695,0.0,7,0.0013416553908086467,0,0.0,0.0,1.8273217391304348,easy,8.723,0,0,0,0,0,0,0,0,0,0,0,0,0,0,0,0,0,1,0,0,0
243,123,3,5eadf59ed5ea945196fac6b1,2020-05-02 23:57:44.325000+00:00,i do not think this person is the asshole i think he might be an asshole in general but not in this particular scenario ,1.0,0,0.0,8,"i do not think this person is the asshol.e i think he might be an asshole in general, but not in this particular scenario. ",3,24,120,1,0.8080417053707643,1.493105850020379,0.0,0.0,0.0,0.01,0.0,0.0,0.0,0.0,0.0,0.0,0.01,0.02,0.02,0.0,0.0,0.0,0.0,0.0,0.0,0.0,0.0,0.02,0.01,0.04,0.01,0.0,0.02,0.0,0.0,0.0,0.02,0.02,0.0,0.0,0.0,0.0,0.02,0.02,0.0,0.01,0.03,0.06,0.0,0.02,0.01,0.04,0.06999999999999999,0.02,0.0,0.0,0.0,0.0,0.02,0.15,0.0,0,0,0.75,0.08333333333333333,8,0.0006404098623118795,0,0.41666666666666663,0.10833333333333334,1.8483166666666664,easy,3.127,0,0,1,0,1,0,0,0,0,0,1,1,0,0,0,0,0,0,0,0,0
243,123,3,5eadbe76d5ea945196faafa8,2020-05-02 23:57:45.118000+00:00,the guy just wants his mother in law to be independent which is a decent hope,1.0,0,0.0,8,"the guy just wants his mother in law to be independent, which is a decent hope.",4,16,77,1,0.22035194550667497,0.6479515952918626,0.02,0.0,0.0,0.0,0.0,0.0,0.0,0.0,0.01,0.0,0.01,0.0,0.0,0.0,0.0,0.0,0.0,0.01,0.0,0.0,0.01,0.0,0.01,0.03,0.0,0.0,0.01,0.0,0.0,0.0,0.03,0.01,0.0,0.0,0.0,0.01,0.0,0.0,0.0,0.01,0.01,0.04,0.0,0.02,0.01,0.02,0.049999999999999996,0.02,0.0,0.0,0.0,0.02,0.0,0.09,0.0,0,0,1.0,0.0,4,0.0,0,0.2972222222222222,0.12222222222222223,5.416975,medium,0.793,0,0,0,0,0,0,0,0,0,0,0,0,0,0,0,0,0,1,0,0,0
243,123,3,5d482ea421c9be351f762335,2020-05-02 23:57:47.870000+00:00,as long as they actually did tell the mother in law respectfully to learn english they are not the asshole,1.0,0,0.0,8,"as long as they actually did tell the mother in law respectfully to learn english, they are not the asshole.",5,20,106,1,0.6121451187494011,1.2113877651108738,0.0,0.0,0.0,0.02,0.0,0.0,0.0,0.0,0.01,0.0,0.0,0.01,0.01,0.0,0.0,0.0,0.0,0.01,0.0,0.0,0.0,0.01,0.0,0.01,0.0,0.01,0.02,0.0,0.0,0.0,0.04,0.0,0.0,0.01,0.0,0.0,0.01,0.0,0.0,0.0,0.01,0.02,0.0,0.02,0.01,0.02,0.030000000000000002,0.04,0.0,0.0,0.0,0.01,0.0,0.11000000000000001,0.0,0,0,0.85,0.0,4,0.005824742050157031,0,0.3,0.1125,0.992,easy,2.752,0,0,0,0,0,1,0,0,0,0,0,0,0,0,0,0,0,1,0,0,0
243,123,3,5eadf620d5ea945196fac6b5,2020-05-02 23:57:48.436000+00:00,the op is  not an asshole mother in law at this point is becoming a nuisances ,1.0,0,0.0,8,"the op is  not an asshole, mother in law at this point is becoming a nuisances ",6,16,78,1,0.22035194550667497,0.6479515952918626,0.0,0.0,0.0,0.0,0.0,0.0,0.0,0.0,0.0,0.0,0.0,0.01,0.01,0.0,0.0,0.0,0.0,0.01,0.0,0.0,0.0,0.01,0.0,0.02,0.0,0.0,0.030000000000000002,0.0,0.0,0.0,0.01,0.01,0.0,0.0,0.0,0.0,0.01,0.0,0.0,0.0,0.01,0.030000000000000002,0.0,0.030000000000000002,0.0,0.030000000000000002,0.030000000000000002,0.02,0.0,0.0,0.0,0.01,0.0,0.09000000000000001,0.0,0,0,0.9375,0.0,3,0.006144946981312971,0,0.8500000000000001,0.45,0.7936,easy,0.566,0,0,0,0,0,0,0,0,0,0,0,0,0,0,0,0,0,0,0,0,0
243,123,3,5eade6c6d5ea945196fac47d,2020-05-02 23:57:49.582000+00:00,i think the son in law is trying to be helpful in suggesting the esl class,1.0,0,0.0,8,i think the son in law is trying to be helpful in suggesting the esl class,7,16,74,1,0.1224036521959934,0.5070925528371099,0.0,0.0,0.0,0.0,0.0,0.0,0.0,0.01,0.0,0.0,0.0,0.0,0.0,0.0,0.0,0.0,0.0,0.01,0.0,0.0,0.01,0.01,0.0,0.02,0.0,0.0,0.02,0.0,0.0,0.0,0.030000000000000002,0.0,0.0,0.02,0.0,0.0,0.0,0.01,0.0,0.0,0.0,0.030000000000000002,0.0,0.02,0.0,0.02,0.02,0.030000000000000002,0.0,0.0,0.0,0.01,0.01,0.08,0.0,0,0,0.875,0.0625,5,0.004975124378109453,0,0.0,0.0,0.7936,easy,1.146,0,0,1,0,1,0,0,0,0,0,0,1,0,0,0,0,0,1,0,0,0
243,123,3,5d482ea621c9be351f762b66,2020-05-02 23:57:51.549000+00:00,no reason to just give in and not help them flourish,1.0,0,0.0,8,no reason to just give in and not help them flourish.,8,11,52,1,-0.2693895210467328,-0.05634361698190115,0.0,0.0,0.0,0.01,0.0,0.01,0.0,0.0,0.01,0.0,0.0,0.02,0.0,0.0,0.0,0.0,0.0,0.0,0.0,0.0,0.0,0.01,0.0,0.01,0.0,0.0,0.01,0.0,0.0,0.0,0.030000000000000002,0.0,0.0,0.0,0.0,0.01,0.0,0.0,0.0,0.0,0.02,0.01,0.0,0.0,0.030000000000000002,0.0,0.04,0.02,0.0,0.0,0.0,0.01,0.0,0.06999999999999999,0.0,0,0,1.0,0.0,2,0.0,0,0.0,0.0,0.5456,easy,1.967,0,0,0,0,0,0,0,0,0,0,0,0,0,0,0,0,0,1,0,0,0
243,123,3,5eadbdf4d5ea945196faafa2,2020-05-02 23:57:58.677000+00:00,the guy is not an asshole simply because he offered all his help to make his mother a better person,1.0,0,0.0,8,the guy is not an asshole simply because he offered all his help to make his mother a better person.,9,20,99,1,0.6121451187494011,1.2113877651108738,0.0,0.0,0.0,0.01,0.01,0.0,0.0,0.01,0.01,0.0,0.03,0.01,0.01,0.0,0.0,0.0,0.0,0.01,0.0,0.0,0.01,0.0,0.02,0.02,0.0,0.0,0.0,0.0,0.0,0.0,0.08,0.0,0.0,0.0,0.0,0.02,0.01,0.0,0.0,0.0,0.01,0.02,0.0,0.03,0.01,0.01,0.04,0.01,0.0,0.0,0.0,0.02,0.0,0.10999999999999999,0.0,0,0,0.95,0.0,2,0.0010834236186348862,0,0.4285714285714286,0.25,0.992,easy,7.128,0,0,0,0,0,0,0,0,0,0,0,0,0,0,0,0,0,1,0,0,0
243,123,3,5eadf59ed5ea945196fac6b1,2020-05-02 23:57:59.357000+00:00,i agree with everyone ,1.0,0,0.0,8,i agree with everyone. ,10,4,22,1,-1.0529758675321852,-1.1832159566199232,0.0,0.0,0.0,0.0,0.0,0.01,0.0,0.0,0.0,0.0,0.0,0.0,0.0,0.0,0.0,0.0,0.0,0.0,0.0,0.0,0.01,0.0,0.0,0.0,0.0,0.0,0.0,0.0,0.0,0.0,0.01,0.01,0.0,0.0,0.0,0.0,0.0,0.01,0.0,0.0,0.0,0.0,0.0,0.0,0.0,0.0,0.01,0.01,0.0,0.0,0.0,0.0,0.01,0.02,0.0,0,0,1.0,0.25,0,0.0,0,0.0,0.0,0.1984,easy,0.68,0,0,0,0,0,0,0,0,0,0,0,1,0,0,0,0,0,0,0,0,0
243,123,3,5eadf620d5ea945196fac6b5,2020-05-02 23:58:04.251000+00:00,i agree the son in law is trying to help her ,1.0,0,0.0,8,i agree the son in law is trying to help her ,11,11,45,1,-0.36733781435741436,-0.1972026594366539,0.0,0.0,0.0,0.0,0.0,0.0,0.0,0.01,0.0,0.0,0.01,0.0,0.0,0.0,0.0,0.0,0.0,0.01,0.0,0.0,0.01,0.0,0.0,0.01,0.0,0.0,0.01,0.0,0.0,0.0,0.03,0.0,0.0,0.0,0.0,0.0,0.0,0.01,0.0,0.0,0.0,0.01,0.0,0.01,0.0,0.01,0.01,0.02,0.0,0.0,0.0,0.0,0.01,0.06,0.0,0,0,1.0,0.09090909090909091,0,0.0009603360951429933,0,0.0,0.0,0.5456,easy,4.894,0,0,0,0,0,0,0,0,0,0,0,1,0,0,0,0,0,0,0,0,0
243,123,3,5d482ea421c9be351f762335,2020-05-02 23:58:10.014000+00:00,he is being supportive for the mother in law to become independent,1.0,0,0.0,8,he is being supportive for the mother in law to become independent.,12,12,66,1,-0.17144122773605125,0.08451542547285161,0.0,0.0,0.0,0.0,0.0,0.0,0.0,0.0,0.0,0.0,0.01,0.0,0.0,0.0,0.0,0.0,0.0,0.01,0.0,0.0,0.01,0.01,0.0,0.02,0.0,0.0,0.01,0.0,0.0,0.0,0.02,0.0,0.0,0.0,0.0,0.01,0.0,0.0,0.0,0.0,0.0,0.030000000000000002,0.0,0.01,0.0,0.030000000000000002,0.030000000000000002,0.030000000000000002,0.0,0.0,0.0,0.01,0.0,0.07,0.0,0,0,1.0,0.0,4,0.004975124378109453,0,0.5625,0.25,5.547533333333333,medium,5.763,0,0,0,0,0,0,0,0,0,0,0,0,0,0,0,0,0,1,0,0,0
243,123,3,5d482ea421c9be351f7622ab,2020-05-02 23:58:12.660000+00:00,english as a second language is a real thing and not always used in a derogatory sense,1.0,0,0.0,8,english as a second language is a real thing and not always used in a derogatory sense.,13,17,86,1,0.31830023881735653,0.7888106377466154,0.0,0.0,0.0,0.02,0.01,0.01,0.0,0.0,0.0,0.0,0.0,0.01,0.0,0.0,0.0,0.0,0.0,0.0,0.0,0.0,0.0,0.01,0.0,0.01,0.0,0.01,0.02,0.0,0.0,0.0,0.01,0.01,0.0,0.0,0.0,0.01,0.0,0.0,0.0,0.0,0.01,0.02,0.0,0.03,0.01,0.01,0.06,0.02,0.0,0.0,0.0,0.03,0.0,0.08,0.0,0,0,0.8823529411764706,0.0,2,0.0,0,0.10000000000000002,0.06666666666666667,0.8432,easy,2.646,0,0,0,0,0,0,0,0,0,0,0,0,0,0,0,0,0,0,1,0,0
243,123,3,5eade6c6d5ea945196fac47d,2020-05-02 23:58:15.134000+00:00,maybe ml doesnt know about esl,1.0,0,0.0,8,maybe ml doesnt know about esl,14,6,30,1,-0.7591309876001406,-0.760638829255665,0.0,0.0,0.0,0.0,0.0,0.0,0.0,0.0,0.02,0.0,0.0,0.01,0.0,0.0,0.0,0.0,0.0,0.0,0.0,0.0,0.0,0.01,0.0,0.02,0.0,0.0,0.0,0.0,0.0,0.0,0.0,0.0,0.0,0.01,0.0,0.0,0.0,0.0,0.0,0.01,0.0,0.02,0.0,0.0,0.0,0.01,0.02,0.01,0.0,0.0,0.0,0.0,0.0,0.01,0.01,0,0,1.0,0.0,0,0.0,1,0.0,0.0,0.2976,easy,2.474,0,0,1,0,0,0,0,0,0,0,0,0,0,0,0,0,0,0,0,0,0
243,123,3,5eadf620d5ea945196fac6b5,2020-05-02 23:58:20.441000+00:00,i cannot believe they called him racist for trying to help her learn english which will benefit her,1.0,0,0.0,8,i cannot believe they called him racist for trying to help her learn english which will benefit her,15,18,99,1,0.31830023881735653,0.7888106377466154,0.0,0.0,0.0,0.0,0.0,0.0,0.0,0.01,0.0,0.0,0.03,0.01,0.0,0.0,0.0,0.0,0.0,0.0,0.0,0.0,0.01,0.02,0.0,0.02,0.01,0.01,0.0,0.0,0.0,0.0,0.06,0.01,0.0,0.01,0.0,0.0,0.0,0.01,0.0,0.0,0.0,0.04,0.0,0.0,0.0,0.02,0.02,0.02,0.0,0.0,0.0,0.01,0.01,0.09,0.0,0,0,0.9444444444444444,0.05555555555555555,0,0.0,0,0.0,0.0,0.8927999999999999,easy,5.307,0,0,0,0,0,0,0,0,0,0,0,1,0,0,0,0,0,1,1,0,0
243,123,3,5eadbe76d5ea945196faafa8,2020-05-02 23:58:21.466000+00:00,he could maybe be a little nicer in his explanation,1.0,0,0.0,8,he could maybe be a little nicer in his explanation.,16,10,51,1,-0.36733781435741436,-0.1972026594366539,0.01,0.0,0.0,0.0,0.0,0.0,0.0,0.0,0.01,0.0,0.02,0.0,0.0,0.0,0.0,0.0,0.0,0.0,0.0,0.0,0.01,0.01,0.0,0.0,0.0,0.0,0.02,0.0,0.0,0.0,0.02,0.0,0.0,0.0,0.0,0.0,0.0,0.0,0.0,0.01,0.0,0.02,0.0,0.01,0.0,0.02,0.03,0.01,0.0,0.0,0.0,0.02,0.0,0.05,0.02,0,0,1.0,0.0,0,0.0,1,0.5,-0.1875,5.7115,medium,1.025,0,0,1,0,0,0,0,0,0,0,0,0,0,0,0,0,0,1,0,0,0
243,123,3,5eadf59ed5ea945196fac6b1,2020-05-02 23:58:30.680000+00:00,she has been here for 8 years and definitely has the resources to learn another language should she choose to do so,1.0,0,0.0,8,"she has been here for 8 years, and definitely has the resources to learn another language should she choose to do so",17,22,115,1,0.8080417053707643,1.493105850020379,0.01,0.0,0.0,0.02,0.01,0.01,0.0,0.0,0.029999999999999995,0.0,0.02,0.0,0.0,0.0,0.0,0.0,0.0,0.0,0.0,0.0,0.01,0.02,0.0,0.029999999999999995,0.01,0.01,0.01,0.0,0.0,0.0,0.029999999999999995,0.0,0.0,0.02,0.0,0.0,0.0,0.0,0.0,0.0,0.0,0.049999999999999996,0.0,0.01,0.02,0.049999999999999996,0.049999999999999996,0.029999999999999995,0.0,0.0,0.0,0.0,0.0,0.13999999999999999,0.0,0,0,0.8636363636363636,0.0,0,0.0,0,0.5,0.0,1.0912,easy,9.214,0,0,1,0,0,0,0,0,0,0,0,0,0,0,0,0,0,0,0,0,0
243,123,3,5eade6c6d5ea945196fac47d,2020-05-02 23:58:33.446000+00:00,maybe they should all take the esl togethr son in law too,1.0,0,0.0,8,maybe they should all take the esl togethr son in law too,18,12,57,1,-0.17144122773605125,0.08451542547285161,0.009999999999999998,0.0,0.0,0.0,0.009999999999999998,0.0,0.0,0.0,0.019999999999999997,0.0,0.0,0.0,0.0,0.0,0.0,0.0,0.0,0.009999999999999998,0.0,0.0,0.0,0.0,0.0,0.009999999999999998,0.009999999999999998,0.0,0.009999999999999998,0.0,0.0,0.0,0.019999999999999997,0.0,0.0,0.009999999999999998,0.0,0.0,0.0,0.0,0.0,0.009999999999999998,0.0,0.019999999999999997,0.0,0.009999999999999998,0.0,0.009999999999999998,0.039999999999999994,0.009999999999999998,0.0,0.0,0.0,0.0,0.0,0.05999999999999999,0.009999999999999998,0,0,1.0,0.0,2,0.0,1,0.0,0.0,0.5952,easy,2.766,0,0,1,0,0,0,0,0,0,0,0,0,0,0,0,0,0,0,0,0,0
243,123,3,5d482ea621c9be351f762b66,2020-05-02 23:58:37.513000+00:00,i understand how op would feel it could get annoying but he also tried to help in the end,1.0,0,0.0,8,"i understand how op would feel. it could get annoying, but he also tried to help in the end.",19,19,89,1,0.4162485321280381,0.9296696802013682,0.02,0.0,0.0,0.03,0.0,0.0,0.0,0.01,0.02,0.0,0.01,0.0,0.0,0.0,0.0,0.0,0.0,0.0,0.0,0.0,0.0,0.02,0.0,0.03,0.01,0.01,0.02,0.0,0.0,0.0,0.02,0.01,0.0,0.0,0.0,0.01,0.01,0.01,0.01,0.0,0.01,0.06,0.0,0.01,0.01,0.02,0.06,0.02,0.0,0.01,0.0,0.0,0.01,0.08,0.0,0,0,1.0,0.05263157894736842,2,0.0,0,0.9,-0.8,0.9424,easy,4.067,0,0,1,0,1,0,0,0,0,0,0,1,0,0,0,0,0,0,1,0,0
244,124,0,5eab40f6d5ea945196f9629b,2020-05-03 20:51:51.839000+00:00,hey guys,0.833333333,1,0.166666667,6,hey guys,1,2,8,1,-1.1509241608428669,-1.0683737560821756,0.0,0.0,0.0,0.0,0.0,0.0,0.0,0.0,0.0,0.0,0.0,0.0,0.0,0.0,0.0,0.0,0.0,0.0,0.0,0.0,0.0,0.0,0.01,0.0,0.0,0.0,0.0,0.0,0.0,0.0,0.02,0.0,0.0,0.0,0.0,0.0,0.0,0.0,0.0,0.0,0.0,0.0,0.0,0.0,0.0,0.0,0.0,0.0,0.0,0.0,0.0,0.0,0.0,0.0,0.0,0,0,1.0,0.0,0,0.0,0,0.0,0.0,0.0992,easy,0.0,0,0,0,0,0,0,0,0,0,0,0,0,0,0,1,0,0,0,0,0,0
244,124,0,5eae1466d5ea945196fad7a2,2020-05-03 20:51:57.503000+00:00,hi,0.833333333,1,0.166666667,6,hi,2,1,2,1,-1.2488724541535483,-1.1664370477032449,0.0,0.0,0.0,0.0,0.0,0.0,0.0,0.0,0.0,0.0,0.0,0.0,0.0,0.0,0.0,0.0,0.0,0.0,0.0,0.0,0.0,0.0,0.0,0.0,0.0,0.0,0.0,0.0,0.0,0.0,0.01,0.0,0.0,0.0,0.0,0.0,0.0,0.0,0.0,0.0,0.0,0.0,0.0,0.0,0.0,0.0,0.0,0.0,0.0,0.0,0.0,0.0,0.0,0.0,0.0,0,0,1.0,0.0,0,0.0,0,0.0,0.0,0.0496,easy,5.664,0,0,0,0,0,0,0,0,0,0,0,0,0,0,1,0,0,0,0,0,0
244,124,0,5ead8f82d5ea945196fa9747,2020-05-03 20:52:00.734000+00:00,hey hi,0.833333333,1,0.166666667,6,hey hi,3,2,6,1,-1.1509241608428669,-1.0683737560821756,0.0,0.0,0.0,0.0,0.0,0.0,0.0,0.0,0.0,0.0,0.0,0.0,0.0,0.0,0.0,0.0,0.0,0.0,0.0,0.0,0.0,0.0,0.0,0.0,0.0,0.0,0.0,0.0,0.0,0.0,0.019999999999999997,0.0,0.0,0.0,0.0,0.0,0.0,0.0,0.0,0.0,0.0,0.0,0.0,0.0,0.0,0.0,0.0,0.0,0.0,0.0,0.0,0.0,0.0,0.0,0.0,0,0,1.0,0.0,1,0.0,0,0.0,0.0,0.0992,easy,3.231,0,0,0,0,0,0,0,0,0,0,0,0,0,0,1,0,0,0,0,0,0
244,124,0,5d482eab21c9be351f7640b8,2020-05-03 20:52:13.316000+00:00,hi so did you guys already read the prompt,0.833333333,1,0.166666667,6,hi so did you guys already read the prompt,4,9,42,1,-0.5632344009787775,-0.47999400635576006,0.0,0.0,0.0,0.009999999999999998,0.0,0.0,0.0,0.0,0.009999999999999998,0.0,0.0,0.0,0.0,0.0,0.0,0.0,0.0,0.0,0.0,0.0,0.0,0.0,0.009999999999999998,0.0,0.0,0.009999999999999998,0.009999999999999998,0.0,0.0,0.0,0.03,0.0,0.0,0.009999999999999998,0.0,0.0,0.0,0.0,0.0,0.0,0.0,0.009999999999999998,0.0,0.009999999999999998,0.009999999999999998,0.009999999999999998,0.0,0.0,0.0,0.0,0.009999999999999998,0.009999999999999998,0.0,0.039999999999999994,0.0,0,0,1.0,0.1111111111111111,1,0.0,0,0.0,0.0,0.44639999999999996,easy,12.582,0,0,0,0,0,0,0,0,0,0,0,0,1,0,1,0,0,1,0,0,0
244,124,0,5ead8f82d5ea945196fa9747,2020-05-03 20:52:31.769000+00:00,yes,0.833333333,1,0.166666667,6,yes,5,1,3,1,-1.2488724541535483,-1.1664370477032449,0.0,0.0,0.0,0.0,0.0,0.0,0.0,0.0,0.0,0.0,0.0,0.0,0.0,0.0,0.0,0.0,0.0,0.0,0.0,0.0,0.0,0.0,0.0,0.0,0.0,0.0,0.0,0.0,0.0,0.0,0.0,0.0,0.0,0.0,0.0,0.0,0.0,0.0,0.0,0.0,0.0,0.0,0.0,0.0,0.009999999999999998,0.0,0.0,0.0,0.0,0.0,0.0,0.0,0.0,0.0,0.0,0,0,1.0,0.0,0,0.0,0,0.0,0.0,0.0496,easy,18.453,0,0,0,0,0,0,0,0,0,0,0,0,0,0,0,0,0,0,0,0,0
244,124,0,5eadc8b2d5ea945196fab1af,2020-05-03 20:52:33.685000+00:00,yeah,0.833333333,1,0.166666667,6,yeah,6,1,4,1,-1.2488724541535483,-1.1664370477032449,0.0,0.0,0.0,0.0,0.0,0.0,0.0,0.0,0.0,0.0,0.0,0.0,0.0,0.0,0.0,0.0,0.0,0.0,0.0,0.0,0.0,0.0,0.0,0.0,0.0,0.0,0.0,0.0,0.0,0.0,0.0,0.0,0.0,0.0,0.0,0.0,0.0,0.0,0.0,0.0,0.0,0.0,0.0,0.0,0.0,0.0,0.0,0.0,0.0,0.0,0.0,0.0,0.0,0.0,0.0,0,0,1.0,0.0,0,0.0,0,0.0,0.0,0.0496,easy,1.916,0,0,0,0,0,0,0,0,0,0,0,0,0,0,0,0,0,0,0,0,0
244,124,0,5eab40f6d5ea945196f9629b,2020-05-03 20:52:41.440000+00:00,as i was reading this i think that op was not the asshole i think her son and his partner overreacted to an innocent claim,0.833333333,1,0.166666667,6,"as i was reading this, i think that op was *not* the asshole. i think her son and his partner overreacted to an innocent claim.",7,25,122,1,0.8080417053707643,0.8928920763392094,0.0,0.0,0.0,0.02,0.0,0.01,0.0,0.0,0.0,0.0,0.02,0.01,0.01,0.0,0.0,0.0,0.0,0.01,0.0,0.0,0.01,0.02,0.01,0.02,0.0,0.02,0.0,0.0,0.0,0.0,0.04,0.02,0.0,0.0,0.0,0.0,0.01,0.03,0.0,0.0,0.01,0.04,0.01,0.02,0.01,0.02,0.04,0.02,0.0,0.0,0.0,0.0,0.03,0.15,0.0,0,0,0.84,0.12,0,0.0,0,0.7,0.5,1.24,easy,7.755,0,0,1,0,1,0,0,0,0,0,1,0,0,0,0,0,0,0,0,0,0
244,124,0,5d482eab21c9be351f7640b8,2020-05-03 20:52:47.506000+00:00,agreed they were being exclusionary for no real reason ultimately,0.833333333,1,0.166666667,6,agreed they were being exclusionary for no real reason ultimately,8,10,65,1,-0.36733781435741436,-0.28386742311362156,0.0,0.0,0.0,0.0,0.0,0.0,0.0,0.0,0.0,0.0,0.0,0.01,0.0,0.0,0.0,0.0,0.0,0.0,0.0,0.0,0.01,0.01,0.0,0.0,0.0,0.01,0.0,0.0,0.0,0.0,0.01,0.0,0.0,0.0,0.0,0.01,0.0,0.0,0.0,0.0,0.01,0.02,0.0,0.0,0.01,0.02,0.030000000000000002,0.01,0.0,0.0,0.0,0.0,0.0,0.05,0.0,0,0,1.0,0.0,0,0.0,0,0.65,-0.05,5.7115,medium,6.066,0,0,0,0,0,0,0,0,0,0,0,0,0,0,0,0,0,0,0,0,0
244,124,0,5eadc8b2d5ea945196fab1af,2020-05-03 20:52:59.244000+00:00,i think this persons kind of an asshole because they dont know how well the french guy speaks english,0.833333333,1,0.166666667,6,i think this person's kind of an asshole because they don't know how well the french guy speaks english.,9,19,101,1,0.4162485321280381,0.5006389098549324,0.0,0.01,0.0,0.02,0.0,0.0,0.0,0.0,0.02,0.0,0.0,0.01,0.01,0.0,0.0,0.0,0.0,0.0,0.0,0.0,0.02,0.02,0.02,0.03,0.0,0.0,0.0,0.0,0.0,0.0,0.04,0.01,0.0,0.0,0.0,0.02,0.01,0.01,0.0,0.01,0.0,0.03,0.0,0.02,0.02,0.01,0.05,0.01,0.0,0.01,0.0,0.01,0.01,0.08,0.01,0,0,1.0,0.05263157894736842,1,0.0,1,0.3,0.19999999999999998,0.9424,easy,11.738,0,0,1,0,1,0,0,0,0,0,0,1,0,0,0,0,0,1,0,0,0
244,124,0,5ead8f82d5ea945196fa9747,2020-05-03 20:52:59.591000+00:00,shes not an asshole in my opinion i agree,0.833333333,1,0.166666667,6,she's not an asshole in my opinion i agree,10,9,41,1,-0.6611826942894591,-0.5780572979768293,0.0,0.0,0.0,0.0,0.0,0.0,0.0,0.0,0.0,0.0,0.01,0.01,0.01,0.0,0.0,0.0,0.0,0.0,0.0,0.0,0.01,0.0,0.0,0.01,0.0,0.0,0.01,0.0,0.0,0.0,0.01,0.0,0.0,0.0,0.0,0.0,0.01,0.02,0.0,0.01,0.01,0.01,0.0,0.01,0.0,0.01,0.02,0.01,0.0,0.0,0.0,0.0,0.02,0.049999999999999996,0.0,0,0,1.0,0.2222222222222222,1,0.0004753880472329106,0,0.0,0.0,0.44639999999999996,easy,0.347,0,0,0,0,0,0,0,0,0,0,1,0,0,0,0,0,0,0,0,0,0
245,124,1,5eab40f6d5ea945196f9629b,2020-05-03 21:06:46.835000+00:00,nta i doubt ops so is always in every single conversation so id assume that op would also have plenty of time to catch up with his mother and discuss things where his husband is not always around for ,0.666666667,1,0.166666667,6,"nta. i doubt op's so is *always* in every single conversation, so i'd assume that op would also have plenty of time to catch up with his mother and discuss things where his husband is not always around for. ",1,39,200,1,2.375214398341669,2.0881671780397655,0.01,0.0,0.0,0.04,0.03,0.03,0.0,0.0,0.05,0.01,0.02,0.01,0.0,0.0,0.0,0.0,0.0,0.02,0.01,0.03,0.0,0.01,0.0,0.03,0.01,0.0,0.08,0.0,0.0,0.0,0.06,0.02,0.0,0.0,0.0,0.0,0.0,0.01,0.0,0.02,0.01,0.04,0.0,0.0,0.03,0.04,0.1,0.07,0.0,0.0,0.0,0.0,0.01,0.18,0.0,0,0,0.8974358974358975,0.02564102564102564,0,0.0,0,0.21428571428571427,-0.07142857142857142,2.3392717948717947,easy,0.0,0,0,1,0,1,0,0,0,0,0,1,0,0,0,0,0,1,0,1,0,0
245,124,1,5eae1466d5ea945196fad7a2,2020-05-03 21:06:52.155000+00:00,hello,0.666666667,1,0.166666667,6,hello,2,1,5,1,-1.2488724541535483,-1.1995854001505035,0.0,0.0,0.0,0.0,0.0,0.0,0.0,0.0,0.0,0.0,0.0,0.0,0.0,0.0,0.0,0.0,0.0,0.0,0.0,0.0,0.0,0.0,0.0,0.0,0.0,0.0,0.0,0.0,0.0,0.0,0.010000000000000002,0.0,0.0,0.0,0.0,0.0,0.0,0.0,0.0,0.0,0.0,0.0,0.0,0.0,0.0,0.0,0.0,0.0,0.0,0.0,0.0,0.0,0.0,0.0,0.0,0,0,1.0,0.0,0,0.0,0,0.0,0.0,0.0496,easy,5.32,0,0,0,0,0,0,0,0,0,0,0,0,0,0,1,0,0,0,0,0,0
245,124,1,5d482eab21c9be351f7640b8,2020-05-03 21:06:54.563000+00:00,hi,0.666666667,1,0.166666667,6,hi,3,1,2,1,-1.2488724541535483,-1.1995854001505035,0.0,0.0,0.0,0.0,0.0,0.0,0.0,0.0,0.0,0.0,0.0,0.0,0.0,0.0,0.0,0.0,0.0,0.0,0.0,0.0,0.0,0.0,0.0,0.0,0.0,0.0,0.0,0.0,0.0,0.0,0.01,0.0,0.0,0.0,0.0,0.0,0.0,0.0,0.0,0.0,0.0,0.0,0.0,0.0,0.0,0.0,0.0,0.0,0.0,0.0,0.0,0.0,0.0,0.0,0.0,0,0,1.0,0.0,0,0.0,0,0.0,0.0,0.0496,easy,2.408,0,0,0,0,0,0,0,0,0,0,0,0,0,0,1,0,0,0,0,0,0
245,124,1,5eab40f6d5ea945196f9629b,2020-05-03 21:06:57.674000+00:00,similarly i think ops mother could have made more of an effort as well other than just getting upset,0.666666667,1,0.166666667,6,"similarly, i think op's mother could have made more of an effort as well other than just getting upset.",4,19,100,1,0.4162485321280381,0.3110036222612417,0.01,0.0,0.0,0.01,0.0,0.0,0.0,0.01,0.02,0.01,0.0,0.0,0.0,0.0,0.0,0.0,0.0,0.01,0.01,0.01,0.01,0.01,0.0,0.02,0.0,0.01,0.0,0.0,0.0,0.0,0.01,0.01,0.0,0.0,0.0,0.01,0.0,0.01,0.0,0.0,0.01,0.04,0.0,0.01,0.02,0.02,0.04,0.03,0.0,0.0,0.0,0.01,0.01,0.09,0.0,0,0,1.0,0.05263157894736842,0,0.0,0,0.425,0.125,0.9424,easy,3.111,0,0,1,0,1,0,0,0,0,0,1,0,0,0,0,0,0,1,1,0,0
245,124,1,5ead8f82d5ea945196fa9747,2020-05-03 21:06:58.609000+00:00,hi,0.666666667,1,0.166666667,6,hi,5,1,2,1,-1.2488724541535483,-1.1995854001505035,0.0,0.0,0.0,0.0,0.0,0.0,0.0,0.0,0.0,0.0,0.0,0.0,0.0,0.0,0.0,0.0,0.0,0.0,0.0,0.0,0.0,0.0,0.0,0.0,0.0,0.0,0.0,0.0,0.0,0.0,0.01,0.0,0.0,0.0,0.0,0.0,0.0,0.0,0.0,0.0,0.0,0.0,0.0,0.0,0.0,0.0,0.0,0.0,0.0,0.0,0.0,0.0,0.0,0.0,0.0,0,0,1.0,0.0,0,0.0,0,0.0,0.0,0.0496,easy,0.935,0,0,0,0,0,0,0,0,0,0,0,0,0,0,1,0,0,0,0,0,0
245,124,1,5d482eab21c9be351f7640b8,2020-05-03 21:07:09.664000+00:00,agreed pretty much fulfilledhorse,0.666666667,1,0.166666667,6,agreed pretty much fulfilledhorse,6,4,33,1,-0.9550275742215037,-0.933010866783725,0.0,0.0,0.0,0.0,0.0,0.0,0.0,0.01,0.0,0.0,0.0,0.0,0.0,0.0,0.0,0.0,0.0,0.0,0.0,0.01,0.02,0.0,0.0,0.0,0.0,0.0,0.0,0.0,0.0,0.0,0.0,0.0,0.0,0.0,0.0,0.0,0.0,0.0,0.0,0.01,0.0,0.0,0.0,0.0,0.0,0.0,0.01,0.0,0.0,0.0,0.0,0.01,0.0,0.0,0.0,0,0,1.0,0.0,0,0.0,0,0.6,0.225,0.1984,easy,11.055,0,0,0,0,0,0,0,0,0,0,0,0,0,0,0,0,0,1,0,0,0
245,124,1,5eadc8b2d5ea945196fab1af,2020-05-03 21:07:11.586000+00:00,i think the son is kind of an asshole because he could do more to include his mom in the conversation in a compromising way  like maybe teach his mom common german words and phrases,0.666666667,1,0.166666667,6,i think the son is kind of an asshole because he could do more to include his mom in the conversation in a compromising way.  like maybe teach his mom common german words and phrases.,7,35,181,1,1.983421225098943,1.7327344668840607,0.01,0.0,0.0,0.02,0.0,0.02,0.0,0.0,0.01,0.0,0.03,0.0,0.01,0.0,0.0,0.0,0.0,0.03,0.0,0.01,0.02,0.01,0.0,0.03,0.0,0.0,0.03,0.0,0.0,0.0,0.06999999999999999,0.0,0.0,0.01,0.0,0.01,0.01,0.01,0.0,0.02,0.0,0.04,0.0,0.04,0.02,0.03,0.06999999999999999,0.04,0.0,0.0,0.0,0.02,0.01,0.16999999999999998,0.02,0,0,0.8857142857142857,0.02857142857142857,0,0.0,1,0.475,0.2,2.1871428571428573,easy,1.922,0,0,1,0,1,0,0,0,0,0,0,1,0,0,0,0,0,1,0,0,0
245,124,1,5eab40f6d5ea945196f9629b,2020-05-03 21:07:27.505000+00:00,livelyzebra i do agree with this but i wish there was more info,0.666666667,1,0.166666667,6,"livelyzebra i do agree with this, but i wish there was more info",8,13,63,1,-0.2693895210467328,-0.3110036222612417,0.01,0.0,0.0,0.01,0.0,0.01,0.0,0.0,0.01,0.0,0.0,0.0,0.0,0.0,0.0,0.0,0.0,0.0,0.0,0.01,0.02,0.01,0.0,0.02,0.0,0.01,0.0,0.0,0.0,0.0,0.0,0.01,0.0,0.0,0.0,0.0,0.0,0.02,0.0,0.0,0.01,0.03,0.0,0.0,0.01,0.02,0.04,0.01,0.0,0.0,0.0,0.0,0.02,0.09,0.0,0,0,0.9230769230769231,0.15384615384615385,1,0.001693492096607607,0,0.5,0.5,0.6447999999999999,easy,15.919,0,0,0,0,0,0,0,0,0,0,1,0,0,0,0,0,1,0,0,0,0
245,124,1,5d482eab21c9be351f7640b8,2020-05-03 21:07:40.816000+00:00,yeah maybe he could try to speak english but its really not easy to tell how much english he knows or how uncomfortable it is,0.666666667,1,0.166666667,6,yeah maybe he could try to speak english but its really not easy to tell how much english he knows or how uncomfortable it is,9,25,125,1,1.101886585302809,0.933010866783725,0.01,0.01,0.0,0.04,0.0,0.0,0.0,0.01,0.04,0.01,0.02,0.01,0.0,0.0,0.0,0.0,0.0,0.0,0.0,0.01,0.01,0.01,0.0,0.03,0.0,0.0,0.0,0.0,0.0,0.0,0.04,0.02,0.0,0.0,0.0,0.02,0.0,0.0,0.0,0.02,0.04,0.04,0.0,0.0,0.02,0.02,0.09,0.02,0.0,0.01,0.0,0.01,0.0,0.12,0.01,0,0,0.84,0.0,1,0.0,1,0.45833333333333337,-0.17916666666666667,1.8716,easy,13.311,0,0,1,0,0,1,0,0,0,0,0,0,0,0,0,0,0,1,1,0,0
245,124,1,5eae1466d5ea945196fad7a2,2020-05-03 21:08:00.365000+00:00,i think he is the asshole he could make an effort to include his ma and his hubs ,0.666666667,1,0.166666667,6,i think he is the asshole. he could make an effort to include his ma and his hubs. ,10,18,81,1,0.31830023881735653,0.2221454444723155,0.01,0.0,0.0,0.01,0.0,0.02,0.0,0.01,0.0,0.0,0.04,0.0,0.01,0.0,0.0,0.0,0.0,0.01,0.0,0.0,0.0,0.01,0.0,0.03,0.0,0.0,0.0,0.0,0.0,0.0,0.05,0.0,0.0,0.0,0.0,0.01,0.01,0.01,0.0,0.0,0.0,0.04,0.0,0.02,0.01,0.02,0.05,0.01,0.0,0.0,0.0,0.0,0.01,0.11,0.0,0,0,0.8888888888888888,0.05555555555555555,5,0.0,0,0.0,0.0,0.8927999999999999,easy,19.549,0,0,1,0,1,0,0,0,0,0,0,1,0,0,0,0,0,0,0,0,0
246,125,0,5f1322522ce49169326082c9,2020-07-18 16:53:45.241000+00:00,hi,1.0,3,0.5,6,hi,1,1,2,1,-1.2488724541535483,-0.9551668147211438,0.0,0.0,0.0,0.0,0.0,0.0,0.0,0.0,0.0,0.0,0.0,0.0,0.0,0.0,0.0,0.0,0.0,0.0,0.0,0.0,0.0,0.0,0.0,0.0,0.0,0.0,0.0,0.0,0.0,0.0,0.01,0.0,0.0,0.0,0.0,0.0,0.0,0.0,0.0,0.0,0.0,0.0,0.0,0.0,0.0,0.0,0.0,0.0,0.0,0.0,0.0,0.0,0.0,0.0,0.0,0,0,1.0,0.0,0,0.0,0,0.0,0.0,0.0496,easy,0.0,0,0,0,0,0,0,0,0,0,0,0,0,0,0,1,0,0,0,0,0,0
246,125,0,5f13236a2ce49169326082ef,2020-07-18 16:53:54.309000+00:00,hello,1.0,3,0.5,6,hello!,2,1,5,1,-1.2488724541535483,-0.9551668147211438,0.0,0.0,0.0,0.0,0.0,0.0,0.0,0.0,0.0,0.0,0.0,0.0,0.0,0.0,0.0,0.0,0.0,0.0,0.0,0.0,0.0,0.0,0.0,0.0,0.0,0.0,0.0,0.0,0.0,0.0,0.010000000000000002,0.0,0.0,0.0,0.0,0.0,0.0,0.0,0.0,0.0,0.0,0.0,0.0,0.0,0.0,0.0,0.0,0.0,0.0,0.0,0.0,0.0,0.0,0.0,0.0,0,0,1.0,0.0,0,0.0,0,0.0,0.0,0.0496,easy,9.068,0,0,0,0,0,0,0,0,0,0,0,0,0,0,1,0,0,0,0,0,0
246,125,0,5f1322522ce49169326082c9,2020-07-18 16:53:56.656000+00:00,guys  what do you think,1.0,3,0.5,6,"guys , what do you think",3,5,23,1,-0.8570792809108222,-0.39388322256542013,0.0,0.0,0.0,0.0,0.0,0.0,0.0,0.0,0.0,0.0,0.0,0.0,0.0,0.0,0.0,0.0,0.0,0.0,0.0,0.0,0.0,0.01,0.01,0.02,0.0,0.0,0.0,0.0,0.0,0.0,0.02,0.01,0.0,0.0,0.0,0.0,0.0,0.0,0.0,0.0,0.0,0.02,0.0,0.0,0.0,0.01,0.01,0.0,0.0,0.0,0.01,0.0,0.0,0.03,0.0,0,0,1.0,0.0,0,0.0,0,0.0,0.0,0.248,easy,2.347,0,0,1,0,1,0,0,0,0,0,0,0,1,0,0,0,0,0,0,0,0
246,125,0,5ee122b6896280243c134057,2020-07-18 16:54:00.691000+00:00,hello everyone,1.0,3,0.5,6,hello everyone,4,2,14,1,-1.1509241608428669,-0.814845916682213,0.0,0.0,0.0,0.0,0.0,0.0,0.0,0.0,0.0,0.0,0.0,0.0,0.0,0.0,0.0,0.0,0.0,0.0,0.0,0.0,0.0,0.0,0.0,0.0,0.0,0.0,0.0,0.0,0.0,0.0,0.02,0.01,0.0,0.0,0.0,0.0,0.0,0.0,0.0,0.0,0.0,0.0,0.0,0.0,0.0,0.0,0.0,0.0,0.0,0.0,0.0,0.0,0.0,0.0,0.0,0,0,1.0,0.0,0,0.0,0,0.0,0.0,0.0992,easy,4.035,0,0,0,0,0,0,0,0,0,0,0,0,0,0,1,0,0,0,0,0,0
246,125,0,5f1323b02ce4916932608302,2020-07-18 16:54:02.906000+00:00,hello,1.0,3,0.5,6,hello,5,1,5,1,-1.2488724541535483,-0.9551668147211438,0.0,0.0,0.0,0.0,0.0,0.0,0.0,0.0,0.0,0.0,0.0,0.0,0.0,0.0,0.0,0.0,0.0,0.0,0.0,0.0,0.0,0.0,0.0,0.0,0.0,0.0,0.0,0.0,0.0,0.0,0.010000000000000002,0.0,0.0,0.0,0.0,0.0,0.0,0.0,0.0,0.0,0.0,0.0,0.0,0.0,0.0,0.0,0.0,0.0,0.0,0.0,0.0,0.0,0.0,0.0,0.0,0,0,1.0,0.0,0,0.0070921985815602835,0,0.0,0.0,0.0496,easy,2.215,0,0,0,0,0,0,0,0,0,0,0,0,0,0,1,0,0,0,0,0,0
246,125,0,5f1323102ce49169326082e3,2020-07-18 16:54:08.726000+00:00,my initial impression is that hes not the asshole,1.0,3,0.5,6,my initial impression is that he's not the asshole.,6,9,49,1,-0.4652861076680959,0.16740036959030358,0.0,0.0,0.0,0.0,0.0,0.0,0.0,0.0,0.0,0.0,0.009999999999999998,0.009999999999999998,0.009999999999999998,0.0,0.0,0.0,0.0,0.0,0.0,0.0,0.009999999999999998,0.0,0.0,0.019999999999999997,0.0,0.0,0.009999999999999998,0.0,0.0,0.0,0.009999999999999998,0.009999999999999998,0.0,0.0,0.0,0.0,0.009999999999999998,0.009999999999999998,0.0,0.0,0.009999999999999998,0.019999999999999997,0.0,0.009999999999999998,0.0,0.019999999999999997,0.009999999999999998,0.0,0.0,0.0,0.0,0.0,0.009999999999999998,0.05,0.0,0,0,1.0,0.0,0,0.0,0,0.0,0.0,0.44639999999999996,easy,5.82,0,0,0,0,0,0,0,0,0,0,0,1,0,0,0,0,0,0,0,0,0
246,125,0,5f1322982ce49169326082d4,2020-07-18 16:54:12.272000+00:00,hi,1.0,3,0.5,6,hi,7,1,2,1,-1.2488724541535483,-0.9551668147211438,0.0,0.0,0.0,0.0,0.0,0.0,0.0,0.0,0.0,0.0,0.0,0.0,0.0,0.0,0.0,0.0,0.0,0.0,0.0,0.0,0.0,0.0,0.0,0.0,0.0,0.0,0.0,0.0,0.0,0.0,0.01,0.0,0.0,0.0,0.0,0.0,0.0,0.0,0.0,0.0,0.0,0.0,0.0,0.0,0.0,0.0,0.0,0.0,0.0,0.0,0.0,0.0,0.0,0.0,0.0,0,0,1.0,0.0,0,0.0,0,0.0,0.0,0.0496,easy,3.546,0,0,0,0,0,0,0,0,0,0,0,0,0,0,1,0,0,0,0,0,0
246,125,0,5f13237e2ce49169326082f7,2020-07-18 16:54:12.524000+00:00,hello i think the guy is kind of an asshole ,1.0,3,0.5,6,hello! i think the guy is kind of an asshole. ,8,10,44,1,-0.4652861076680959,0.16740036959030358,0.0,0.0,0.0,0.0,0.0,0.0,0.0,0.0,0.0,0.0,0.0,0.0,0.01,0.0,0.0,0.0,0.0,0.0,0.0,0.0,0.01,0.01,0.01,0.02,0.0,0.0,0.0,0.0,0.0,0.0,0.02,0.0,0.0,0.0,0.0,0.0,0.01,0.01,0.0,0.01,0.0,0.02,0.0,0.02,0.0,0.01,0.02,0.01,0.0,0.0,0.0,0.0,0.01,0.049999999999999996,0.01,0,0,1.0,0.1,0,0.0,1,0.9,0.6,0.496,easy,0.252,0,0,1,0,1,0,0,0,0,0,1,0,0,0,1,0,0,0,0,0,0
246,125,0,5f1322522ce49169326082c9,2020-07-18 16:54:22.072000+00:00,i think he is a kind of asshole,1.0,3,0.5,6,i think he is a kind of asshole,9,8,31,1,-0.6611826942894591,-0.11324142648755828,0.0,0.0,0.0,0.0,0.0,0.0,0.0,0.0,0.0,0.0,0.01,0.0,0.01,0.0,0.0,0.0,0.0,0.0,0.0,0.0,0.01,0.01,0.0,0.02,0.0,0.0,0.0,0.0,0.0,0.0,0.01,0.0,0.0,0.0,0.0,0.0,0.01,0.01,0.0,0.01,0.0,0.02,0.0,0.01,0.0,0.01,0.02,0.01,0.0,0.0,0.0,0.01,0.01,0.049999999999999996,0.01,0,0,1.0,0.125,2,0.008399577678739615,1,0.9,0.6,0.3968,easy,9.548,0,0,1,0,1,0,0,0,0,0,0,1,0,0,0,0,0,0,0,0,0
246,125,0,5f1322982ce49169326082d4,2020-07-18 16:54:22.580000+00:00,i think hes an asshole as well,1.0,3,0.5,6,i think he's an asshole as well,10,7,30,1,-0.7591309876001406,-0.2535623245264892,0.0,0.0,0.0,0.01,0.0,0.0,0.0,0.0,0.01,0.0,0.01,0.0,0.01,0.0,0.0,0.0,0.0,0.0,0.0,0.0,0.01,0.01,0.0,0.02,0.0,0.0,0.0,0.0,0.0,0.0,0.01,0.0,0.0,0.0,0.0,0.0,0.01,0.01,0.0,0.0,0.0,0.02,0.0,0.01,0.01,0.01,0.01,0.01,0.0,0.0,0.0,0.01,0.01,0.03,0.0,0,0,1.0,0.14285714285714285,0,0.0008238201029820396,0,0.0,0.0,0.3472,easy,0.508,0,0,1,0,1,0,0,0,0,0,0,1,0,0,0,0,0,1,0,0,0
246,125,0,5f1323b02ce4916932608302,2020-07-18 16:54:23.994000+00:00,i think he is an asshole too,1.0,3,0.5,6,i think he is an asshole too,11,7,28,1,-0.7591309876001406,-0.2535623245264892,0.0,0.0,0.0,0.0,0.0,0.0,0.0,0.0,0.01,0.0,0.01,0.0,0.01,0.0,0.0,0.0,0.0,0.0,0.0,0.0,0.0,0.01,0.0,0.02,0.0,0.0,0.0,0.0,0.0,0.0,0.01,0.0,0.0,0.0,0.0,0.0,0.01,0.01,0.0,0.0,0.0,0.02,0.0,0.01,0.0,0.01,0.01,0.0,0.0,0.0,0.0,0.0,0.01,0.05,0.0,0,0,1.0,0.14285714285714285,1,0.0008238201029820396,0,0.0,0.0,0.3472,easy,1.414,0,0,1,0,1,0,0,0,0,0,0,1,0,0,0,0,0,0,0,0,0
246,125,0,5f13236a2ce49169326082ef,2020-07-18 16:54:24.029000+00:00,same i dont think the guy is an asshole  i just thought that he should have told his mom about it,1.0,3,0.5,6,"same, i don't think the guy is an asshole.  i just thought that he should have told his mom about it.",12,21,97,1,0.5141968254387196,1.570609349979613,0.01,0.0,0.0,0.0,0.0,0.0,0.0,0.0,0.02,0.0,0.02,0.01,0.01,0.0,0.0,0.0,0.0,0.01,0.0,0.01,0.0,0.02,0.01,0.04,0.01,0.02,0.0,0.0,0.0,0.0,0.049999999999999996,0.02,0.0,0.0,0.0,0.0,0.01,0.02,0.0,0.0,0.01,0.06999999999999999,0.0,0.02,0.01,0.04,0.049999999999999996,0.01,0.0,0.0,0.0,0.0,0.02,0.13999999999999999,0.0,0,0,0.9523809523809523,0.09523809523809523,3,0.0009790032190590103,0,0.125,0.0,1.0415999999999999,easy,0.035,0,0,1,0,1,0,0,0,0,0,1,0,0,0,0,0,0,0,0,0,0
246,125,0,5f13237e2ce49169326082f7,2020-07-18 16:54:41.232000+00:00,i think he is because he is not trying to speak in a mix of english and german  or yes i agree he should have told his mom,1.0,3,0.5,6,i think he is because he is not trying to speak in a mix of english and german.  or yes i agree he should have told his mom,13,28,122,1,1.1998348786134905,2.5528556362521293,0.01,0.01,0.0,0.03,0.0,0.01,0.0,0.01,0.0,0.0,0.04,0.01,0.0,0.0,0.0,0.0,0.0,0.01,0.0,0.0,0.01,0.01,0.0,0.04,0.01,0.01,0.01,0.0,0.0,0.0,0.07,0.0,0.0,0.0,0.0,0.01,0.0,0.02,0.0,0.01,0.02,0.06,0.0,0.01,0.03,0.04,0.06,0.03,0.0,0.01,0.0,0.01,0.02,0.18,0.0,0,0,0.8571428571428571,0.07142857142857142,8,0.013461283572402742,0,0.0,0.0,1.3888,easy,17.203,0,0,1,0,1,0,0,0,0,0,1,1,0,0,0,0,0,0,0,0,0
246,125,0,5f1323102ce49169326082e3,2020-07-18 16:54:56.352000+00:00,i mean its a tough situation right either way hes choosing a language that is less comfortable for one of them so he really cant win,1.0,3,0.5,6,"i mean, it's a tough situation, right? either way, he's choosing a language that is less comfortable for one of them. so, he really can't win.",14,26,132,1,1.101886585302809,2.412534738213198,0.0,0.0,0.0,0.01,0.0,0.0,0.0,0.01,0.02,0.0,0.02,0.01,0.0,0.0,0.0,0.0,0.0,0.0,0.0,0.02,0.02,0.02,0.0,0.04,0.0,0.0,0.02,0.0,0.0,0.0,0.04,0.02,0.0,0.0,0.0,0.0,0.0,0.01,0.0,0.0,0.02,0.04,0.0,0.02,0.02,0.030000000000000002,0.04,0.02,0.0,0.0,0.0,0.060000000000000005,0.01,0.11,0.0,1,0,0.9615384615384616,0.038461538461538464,5,0.00015518311607697082,0,0.5033163265306123,0.11680839002267576,1.2895999999999999,easy,15.12,0,0,0,0,0,1,0,0,0,0,0,1,0,0,0,0,0,1,0,0,0
246,125,0,5f13236a2ce49169326082ef,2020-07-18 16:55:09.609000+00:00,true true,1.0,3,0.5,6,"true, true",15,2,9,1,-1.1509241608428669,-0.814845916682213,0.0,0.0,0.0,0.0,0.019999999999999997,0.0,0.0,0.0,0.0,0.0,0.0,0.0,0.0,0.0,0.0,0.0,0.0,0.0,0.0,0.0,0.009999999999999998,0.0,0.0,0.0,0.0,0.0,0.0,0.0,0.0,0.0,0.0,0.0,0.0,0.0,0.0,0.0,0.0,0.0,0.0,0.0,0.0,0.0,0.0,0.0,0.0,0.0,0.019999999999999997,0.0,0.0,0.0,0.0,0.0,0.0,0.0,0.0,0,0,0.5,0.0,0,0.0,0,0.65,0.35,0.0992,easy,13.257,0,0,0,0,0,0,0,0,0,0,0,0,0,0,0,0,0,0,0,0,0
247,125,2,5f1322982ce49169326082d4,2020-07-18 17:23:38.999000+00:00,hello,0.875,1,0.125,8,hello,1,1,5,1,-1.2488724541535483,-1.162303267569648,0.0,0.0,0.0,0.0,0.0,0.0,0.0,0.0,0.0,0.0,0.0,0.0,0.0,0.0,0.0,0.0,0.0,0.0,0.0,0.0,0.0,0.0,0.0,0.0,0.0,0.0,0.0,0.0,0.0,0.0,0.010000000000000002,0.0,0.0,0.0,0.0,0.0,0.0,0.0,0.0,0.0,0.0,0.0,0.0,0.0,0.0,0.0,0.0,0.0,0.0,0.0,0.0,0.0,0.0,0.0,0.0,0,0,1.0,0.0,0,0.0,0,0.0,0.0,0.0496,easy,0.0,0,0,0,0,0,0,0,0,0,0,0,0,0,0,1,0,0,0,0,0,0
247,125,2,5f1322522ce49169326082c9,2020-07-18 17:23:41.775000+00:00,hello team,0.875,1,0.125,8,hello team,2,2,10,1,-1.1509241608428669,-1.0105866906081233,0.0,0.0,0.0,0.0,0.0,0.0,0.0,0.010000000000000002,0.0,0.0,0.0,0.0,0.0,0.0,0.0,0.0,0.0,0.0,0.0,0.0,0.0,0.0,0.0,0.0,0.0,0.0,0.0,0.0,0.0,0.0,0.020000000000000004,0.0,0.0,0.010000000000000002,0.0,0.0,0.0,0.0,0.0,0.0,0.0,0.0,0.0,0.0,0.0,0.0,0.0,0.0,0.0,0.0,0.0,0.0,0.0,0.0,0.0,0,0,1.0,0.0,0,0.0070921985815602835,0,0.0,0.0,0.0992,easy,2.776,0,0,0,0,0,0,0,0,0,0,0,0,0,0,1,0,0,0,0,0,0
247,125,2,5ee122b6896280243c134057,2020-07-18 17:23:42.180000+00:00,hello,0.875,1,0.125,8,hello,3,1,5,1,-1.2488724541535483,-1.162303267569648,0.0,0.0,0.0,0.0,0.0,0.0,0.0,0.0,0.0,0.0,0.0,0.0,0.0,0.0,0.0,0.0,0.0,0.0,0.0,0.0,0.0,0.0,0.0,0.0,0.0,0.0,0.0,0.0,0.0,0.0,0.010000000000000002,0.0,0.0,0.0,0.0,0.0,0.0,0.0,0.0,0.0,0.0,0.0,0.0,0.0,0.0,0.0,0.0,0.0,0.0,0.0,0.0,0.0,0.0,0.0,0.0,0,0,1.0,0.0,0,0.0070921985815602835,0,0.0,0.0,0.0496,easy,0.405,0,0,0,0,0,0,0,0,0,0,0,0,0,0,1,0,0,0,0,0,0
247,125,2,5f1323102ce49169326082e3,2020-07-18 17:23:42.732000+00:00,hi everyone,0.875,1,0.125,8,hi everyone,4,2,11,1,-1.2488724541535483,-1.162303267569648,0.0,0.0,0.0,0.0,0.0,0.0,0.0,0.0,0.0,0.0,0.0,0.0,0.0,0.0,0.0,0.0,0.0,0.0,0.0,0.0,0.0,0.0,0.0,0.0,0.0,0.0,0.0,0.0,0.0,0.0,0.02,0.01,0.0,0.0,0.0,0.0,0.0,0.0,0.0,0.0,0.0,0.0,0.0,0.0,0.0,0.0,0.0,0.0,0.0,0.0,0.0,0.0,0.0,0.0,0.0,0,0,1.0,0.5,0,0.0,0,0.0,0.0,0.0992,easy,0.552,0,0,0,0,0,0,0,0,0,0,0,0,0,0,1,0,0,0,0,0,0
247,125,2,5f1323b02ce4916932608302,2020-07-18 17:23:43.806000+00:00,hi,0.875,1,0.125,8,hi,5,1,2,1,-1.2488724541535483,-1.162303267569648,0.0,0.0,0.0,0.0,0.0,0.0,0.0,0.0,0.0,0.0,0.0,0.0,0.0,0.0,0.0,0.0,0.0,0.0,0.0,0.0,0.0,0.0,0.0,0.0,0.0,0.0,0.0,0.0,0.0,0.0,0.01,0.0,0.0,0.0,0.0,0.0,0.0,0.0,0.0,0.0,0.0,0.0,0.0,0.0,0.0,0.0,0.0,0.0,0.0,0.0,0.0,0.0,0.0,0.0,0.0,0,0,1.0,0.0,1,0.0,0,0.0,0.0,0.0496,easy,1.074,0,0,0,0,0,0,0,0,0,0,0,0,0,0,1,0,0,0,0,0,0
247,125,2,5f13236a2ce49169326082ef,2020-07-18 17:23:46.365000+00:00,greetings,0.875,1,0.125,8,greetings!,6,1,9,1,-1.2488724541535483,-1.162303267569648,0.0,0.0,0.0,0.0,0.0,0.0,0.0,0.0,0.0,0.0,0.0,0.0,0.0,0.0,0.0,0.0,0.0,0.0,0.0,0.0,0.0,0.0,0.0,0.0,0.0,0.0,0.0,0.0,0.0,0.0,0.0,0.0,0.0,0.0,0.0,0.0,0.0,0.0,0.0,0.0,0.0,0.0,0.0,0.0,0.0,0.0,0.0,0.0,0.0,0.0,0.0,0.0,0.0,0.0,0.0,0,0,1.0,0.0,0,0.0,0,0.0,0.0,0.0496,easy,2.559,0,0,0,0,0,0,0,0,0,0,0,0,0,0,0,0,0,0,0,0,0
247,125,2,5f13237e2ce49169326082f7,2020-07-18 17:23:50.824000+00:00,hi any thoughts ,0.875,1,0.125,8,hi! any thoughts? ,7,3,16,1,-1.1509241608428669,-1.0105866906081233,0.0,0.0,0.0,0.0,0.0,0.0,0.0,0.0,0.0,0.0,0.0,0.0,0.0,0.0,0.0,0.0,0.0,0.0,0.0,0.0,0.0,0.01,0.0,0.0,0.0,0.0,0.0,0.0,0.0,0.0,0.01,0.0,0.0,0.0,0.0,0.0,0.0,0.0,0.0,0.01,0.0,0.0,0.0,0.0,0.0,0.0,0.02,0.0,0.0,0.0,0.0,0.0,0.0,0.01,0.0,1,0,1.0,0.3333333333333333,0,0.0,0,0.0,0.0,0.1488,easy,4.459,0,0,0,0,0,0,0,0,0,0,0,0,0,0,1,0,0,0,0,0,0
247,125,2,5f1323b02ce4916932608302,2020-07-18 17:24:00.909000+00:00,she is not,0.875,1,0.125,8,she is not?,8,3,10,1,-1.0529758675321852,-0.8588701136465984,0.0,0.0,0.0,0.0,0.0,0.0,0.0,0.0,0.0,0.0,0.010000000000000002,0.010000000000000002,0.0,0.0,0.0,0.0,0.0,0.0,0.0,0.0,0.0,0.0,0.0,0.010000000000000002,0.0,0.0,0.0,0.0,0.0,0.0,0.010000000000000002,0.0,0.0,0.0,0.0,0.0,0.0,0.0,0.0,0.0,0.010000000000000002,0.010000000000000002,0.0,0.0,0.0,0.010000000000000002,0.010000000000000002,0.0,0.0,0.0,0.0,0.0,0.0,0.03,0.0,1,0,1.0,0.0,0,0.0,0,0.0,0.0,0.1488,easy,10.085,0,0,0,0,0,0,0,0,0,0,0,0,0,0,0,0,0,0,0,0,0
247,125,2,5ee122b6896280243c134057,2020-07-18 17:24:07.371000+00:00,the situation was quite interesting,0.875,1,0.125,8,the situation was quite interesting,9,5,35,1,-0.8570792809108222,-0.5554369597235487,0.0,0.0,0.0,0.0,0.0,0.0,0.0,0.0,0.0,0.0,0.0,0.0,0.0,0.0,0.0,0.0,0.0,0.0,0.0,0.0,0.009999999999999998,0.0,0.0,0.0,0.0,0.009999999999999998,0.0,0.0,0.0,0.0,0.0,0.0,0.0,0.0,0.0,0.0,0.0,0.0,0.0,0.009999999999999998,0.0,0.009999999999999998,0.0,0.009999999999999998,0.0,0.009999999999999998,0.009999999999999998,0.0,0.0,0.0,0.0,0.009999999999999998,0.0,0.019999999999999997,0.0,0,0,1.0,0.0,0,0.0,0,0.5,0.5,7.0425,difficult,6.462,0,0,1,0,0,0,0,0,0,0,0,0,0,0,0,0,0,1,0,0,0
247,125,2,5f1322522ce49169326082c9,2020-07-18 17:24:22.184000+00:00,i think  the person is a not asshole,0.875,1,0.125,8,"i think , the person is a not asshole",10,8,36,1,-0.6611826942894591,-0.25200380580049886,0.0,0.0,0.0,0.0,0.0,0.0,0.0,0.0,0.0,0.0,0.0,0.009999999999999998,0.009999999999999998,0.0,0.0,0.0,0.0,0.0,0.0,0.0,0.0,0.009999999999999998,0.009999999999999998,0.019999999999999997,0.0,0.0,0.0,0.0,0.0,0.0,0.009999999999999998,0.0,0.0,0.0,0.0,0.0,0.009999999999999998,0.009999999999999998,0.0,0.0,0.009999999999999998,0.019999999999999997,0.0,0.019999999999999997,0.0,0.009999999999999998,0.019999999999999997,0.0,0.0,0.0,0.0,0.009999999999999998,0.009999999999999998,0.05,0.0,0,0,1.0,0.125,1,0.0,0,0.0,0.0,0.3968,easy,14.813,0,0,1,0,1,0,0,0,0,0,0,1,0,0,0,0,0,0,0,0,0
247,125,2,5f13237e2ce49169326082f7,2020-07-18 17:24:23.656000+00:00,i agree i mean it is a close call i think but i dont think she is one ,0.875,1,0.125,8,"i agree. i mean it is a close call, i think, but i don't think she is one. ",11,18,70,1,0.024455358885311848,0.8100122329301754,0.0,0.0,0.0,0.009999999999999998,0.0,0.009999999999999998,0.0,0.0,0.0,0.0,0.009999999999999998,0.009999999999999998,0.0,0.0,0.0,0.0,0.0,0.0,0.0,0.0,0.009999999999999998,0.03,0.0,0.06,0.0,0.0,0.009999999999999998,0.0,0.0,0.0,0.019999999999999997,0.009999999999999998,0.0,0.0,0.0,0.0,0.0,0.039999999999999994,0.0,0.0,0.009999999999999998,0.06,0.0,0.009999999999999998,0.009999999999999998,0.03,0.049999999999999996,0.0,0.0,0.0,0.0,0.009999999999999998,0.039999999999999994,0.09999999999999999,0.0,0,0,0.7222222222222222,0.2222222222222222,3,0.0013175965758061411,0,0.6875,-0.3125,0.8927999999999999,easy,1.472,0,0,1,0,1,0,0,0,0,0,1,1,0,0,0,0,1,0,0,0,0
247,125,2,5f1322982ce49169326082d4,2020-07-18 17:24:30.580000+00:00,i dont think the mother is being an asshole,0.875,1,0.125,8,i don't think the mother is being an asshole.,12,9,43,1,-0.5632344009787775,-0.10028722883897395,0.0,0.0,0.0,0.0,0.0,0.0,0.0,0.0,0.0,0.0,0.0,0.01,0.01,0.0,0.0,0.0,0.0,0.01,0.0,0.0,0.0,0.01,0.0,0.03,0.0,0.0,0.0,0.0,0.0,0.0,0.01,0.0,0.0,0.0,0.0,0.0,0.01,0.01,0.0,0.0,0.0,0.04,0.0,0.02,0.0,0.03,0.01,0.0,0.0,0.0,0.0,0.0,0.01,0.049999999999999996,0.0,0,0,1.0,0.1111111111111111,2,0.0005036151718260998,0,0.0,0.0,0.44639999999999996,easy,6.924,0,0,1,0,1,0,0,0,0,0,0,1,0,0,0,0,0,0,0,0,0
247,125,2,5ee122b6896280243c134057,2020-07-18 17:24:33.396000+00:00,i can understand the predicament the person was in,0.875,1,0.125,8,i can understand the predicament the person was in,13,9,50,1,-0.5632344009787775,-0.10028722883897395,0.0,0.0,0.0,0.0,0.0,0.0,0.0,0.0,0.0,0.0,0.0,0.0,0.0,0.0,0.0,0.0,0.0,0.0,0.0,0.0,0.0,0.01,0.01,0.02,0.0,0.01,0.01,0.0,0.0,0.0,0.01,0.0,0.0,0.0,0.0,0.0,0.0,0.01,0.0,0.0,0.0,0.03,0.0,0.02,0.0,0.02,0.01,0.01,0.0,0.0,0.0,0.0,0.01,0.06,0.0,0,0,0.8888888888888888,0.1111111111111111,2,0.00015518311607697082,0,0.0,0.0,5.837344444444444,medium,2.816,0,0,0,0,0,0,0,0,0,0,0,1,0,0,0,0,0,0,1,0,0
247,125,2,5f1323102ce49169326082e3,2020-07-18 17:24:38.449000+00:00,i dont think shes an asshole,0.875,1,0.125,8,i don't think she's an asshole.,14,6,28,1,-0.8570792809108222,-0.5554369597235487,0.0,0.0,0.0,0.0,0.0,0.0,0.0,0.0,0.0,0.0,0.01,0.01,0.01,0.0,0.0,0.0,0.0,0.0,0.0,0.0,0.0,0.01,0.0,0.030000000000000002,0.0,0.0,0.0,0.0,0.0,0.0,0.01,0.0,0.0,0.0,0.0,0.0,0.01,0.01,0.0,0.0,0.0,0.030000000000000002,0.0,0.01,0.0,0.02,0.01,0.0,0.0,0.0,0.0,0.0,0.01,0.02,0.0,0,0,1.0,0.16666666666666666,0,0.00015518311607697082,0,0.0,0.0,0.2976,easy,5.053,0,0,1,0,1,0,0,0,0,0,0,1,0,0,0,0,0,0,0,0,0
247,125,2,5f1322522ce49169326082c9,2020-07-18 17:24:43.537000+00:00,i could put myself in the situation ,0.875,1,0.125,8,"i could put myself in the situation ,",15,7,36,1,-0.8570792809108222,-0.5554369597235487,0.009999999999999998,0.0,0.0,0.0,0.0,0.0,0.0,0.0,0.0,0.0,0.0,0.0,0.0,0.0,0.0,0.0,0.0,0.0,0.0,0.0,0.0,0.0,0.0,0.0,0.0,0.0,0.019999999999999997,0.0,0.0,0.0,0.0,0.0,0.0,0.0,0.0,0.0,0.0,0.019999999999999997,0.0,0.0,0.0,0.009999999999999998,0.0,0.009999999999999998,0.0,0.009999999999999998,0.009999999999999998,0.009999999999999998,0.0,0.0,0.0,0.0,0.019999999999999997,0.039999999999999994,0.0,0,0,1.0,0.2857142857142857,0,0.00015518311607697082,0,0.0,0.0,0.3472,easy,5.088,0,0,0,0,0,0,0,0,0,0,1,1,0,0,0,0,0,0,0,0,0
248,126,1,5d482ea821c9be351f763252,2020-07-22 23:58:32.491000+00:00,hi all  i believe that yes she is the asshole,0.666666667,0,0.0,6,"hi, all.  i believe that yes, she is the asshole.",1,10,45,1,-0.5632344009787775,-0.9084602672399842,0.0,0.0,0.0,0.0,0.01,0.0,0.0,0.0,0.0,0.0,0.01,0.0,0.01,0.0,0.0,0.0,0.0,0.0,0.0,0.0,0.0,0.01,0.0,0.02,0.0,0.0,0.0,0.0,0.0,0.0,0.02,0.01,0.0,0.0,0.0,0.0,0.01,0.01,0.0,0.0,0.0,0.02,0.0,0.01,0.01,0.01,0.02,0.0,0.0,0.0,0.0,0.0,0.01,0.06,0.0,0,0,1.0,0.2,0,0.0,0,0.0,0.0,0.496,easy,0.0,0,0,0,0,0,0,0,0,0,0,1,0,0,0,1,0,0,0,0,0,0
248,126,1,5f18c10846a7f03dda99cf42,2020-07-22 23:58:41.674000+00:00,i think this is an instance where compromise is needed  i think he is being an asshole by not imagining a solution,0.666666667,0,0.0,6,i think this is an instance where compromise is needed.  i think he is being an asshole by not imagining a solution.,2,22,114,1,0.6121451187494011,0.14344109482736597,0.009999999999999998,0.0,0.0,0.0,0.0,0.0,0.0,0.009999999999999998,0.009999999999999998,0.0,0.009999999999999998,0.009999999999999998,0.009999999999999998,0.0,0.0,0.0,0.0,0.0,0.0,0.0,0.0,0.039999999999999994,0.0,0.049999999999999996,0.0,0.009999999999999998,0.019999999999999997,0.0,0.0,0.0,0.009999999999999998,0.009999999999999998,0.0,0.0,0.0,0.009999999999999998,0.009999999999999998,0.019999999999999997,0.0,0.0,0.009999999999999998,0.06999999999999999,0.0,0.029999999999999995,0.0,0.039999999999999994,0.05999999999999999,0.009999999999999998,0.0,0.0,0.0,0.009999999999999998,0.019999999999999997,0.13999999999999999,0.0,0,0,0.7727272727272727,0.09090909090909091,3,0.0006305711633098814,0,0.0,0.0,1.0912,easy,9.183,0,0,1,0,1,0,0,0,0,0,1,1,0,0,0,0,0,0,0,0,0
248,126,1,5f18be8846a7f03dda99caca,2020-07-22 23:58:58.486000+00:00,if they both know how to speak english then they should speak it when the mother is around so yes youre the asshole ,0.666666667,0,0.0,6,if they both know how to speak english then they should speak it when the mother is around so yes you're the asshole. ,3,23,116,1,0.9059899986814458,0.4064164353442035,0.019999999999999997,0.019999999999999997,0.0,0.05,0.0,0.019999999999999997,0.0,0.0,0.039999999999999994,0.0,0.0,0.0,0.009999999999999998,0.0,0.0,0.0,0.0,0.009999999999999998,0.0,0.009999999999999998,0.0,0.009999999999999998,0.0,0.03,0.009999999999999998,0.0,0.039999999999999994,0.0,0.0,0.0,0.06,0.009999999999999998,0.0,0.0,0.0,0.009999999999999998,0.009999999999999998,0.0,0.0,0.009999999999999998,0.009999999999999998,0.039999999999999994,0.0,0.019999999999999997,0.019999999999999997,0.03,0.06,0.019999999999999997,0.0,0.019999999999999997,0.009999999999999998,0.0,0.0,0.13999999999999999,0.0,0,0,0.8695652173913043,0.0,1,0.0003202049311559398,0,0.0,0.0,1.1408,easy,16.812,0,0,1,0,0,0,0,0,0,0,0,0,1,0,0,0,1,0,0,0,0
248,126,1,5f18c72a46a7f03dda99dd17,2020-07-22 23:58:59.302000+00:00,i dont think shes an asshole for making his husband comfortable,0.666666667,0,0.0,6,i don't think shes an asshole for making his husband comfortable,4,11,63,1,-0.36733781435741436,-0.7331433735620925,0.0,0.0,0.0,0.0,0.0,0.0,0.0,0.0,0.0,0.0,0.02,0.01,0.01,0.0,0.0,0.0,0.0,0.01,0.0,0.0,0.01,0.01,0.0,0.03,0.0,0.0,0.0,0.0,0.0,0.0,0.03,0.0,0.0,0.0,0.0,0.01,0.01,0.01,0.0,0.0,0.0,0.03,0.0,0.01,0.0,0.02,0.02,0.01,0.0,0.0,0.0,0.01,0.01,0.04,0.0,0,0,1.0,0.09090909090909091,0,0.0003202049311559398,0,0.8,0.4,0.5456,easy,0.816,0,0,1,0,1,0,0,0,0,0,0,1,0,0,0,0,0,1,0,0,0
248,126,1,5d482ea821c9be351f763252,2020-07-22 23:59:00.691000+00:00,her husband is not a child  he is able to speak english but he prefers not to  ,0.666666667,0,0.0,6,"her husband is not a child.  he is able to speak english, but he prefers not to.  ",5,17,79,1,0.31830023881735653,-0.11953424568947159,0.01,0.01,0.0,0.01,0.0,0.0,0.0,0.01,0.0,0.0,0.030000000000000002,0.02,0.0,0.0,0.0,0.0,0.0,0.01,0.0,0.0,0.0,0.01,0.01,0.02,0.0,0.0,0.0,0.0,0.0,0.0,0.060000000000000005,0.0,0.0,0.0,0.0,0.0,0.0,0.0,0.0,0.0,0.030000000000000002,0.02,0.0,0.01,0.01,0.02,0.04,0.02,0.0,0.01,0.0,0.02,0.0,0.11,0.0,0,0,0.7647058823529411,0.0,0,0.000727802037845706,0,0.3125,0.25,0.8432,easy,1.389,0,0,0,0,0,0,0,0,0,0,0,0,0,0,0,0,0,1,0,0,0
248,126,1,5f18c93c46a7f03dda99e34f,2020-07-22 23:59:09.632000+00:00,since he was at his moms house for a visit he should be more considerate and include the mom,0.666666667,0,0.0,6,"since he was at his mom's house for a visit, he should be more considerate and include the mom",6,19,92,1,0.5141968254387196,0.055782647988420114,0.01,0.0,0.01,0.01,0.0,0.02,0.0,0.0,0.0,0.0,0.03,0.0,0.0,0.0,0.0,0.0,0.0,0.02,0.0,0.01,0.01,0.0,0.0,0.0,0.01,0.01,0.02,0.0,0.0,0.0,0.06,0.0,0.0,0.0,0.0,0.01,0.0,0.0,0.0,0.0,0.0,0.03,0.0,0.02,0.01,0.03,0.04,0.03,0.0,0.0,0.0,0.02,0.0,0.12,0.0,0,0,0.9473684210526315,0.0,3,0.0,0,0.5,0.5,5.409952631578947,medium,8.941,0,0,1,0,0,0,0,0,0,0,0,0,0,0,0,0,0,1,0,0,0
249,126,3,5f18c10846a7f03dda99cf42,2020-07-23 00:28:27.641000+00:00,hello all  i am thinking that she is not the asshole and it is a reasonable request but might have been better made in private,0.833333333,3,0.5,6,"hello all.  i am thinking that she is not the asshole and it is a reasonable request, but might have been better made in private.",1,25,126,1,1.0039382919921274,0.8381580761249495,0.0,0.0,0.0,0.02,0.01,0.01,0.0,0.01,0.0,0.0,0.01,0.01,0.01,0.0,0.0,0.0,0.0,0.0,0.0,0.0,0.01,0.02,0.0,0.04,0.01,0.02,0.01,0.0,0.0,0.0,0.04,0.02,0.0,0.0,0.0,0.02,0.01,0.01,0.0,0.01,0.02,0.06999999999999999,0.0,0.02,0.02,0.06,0.08,0.01,0.0,0.0,0.0,0.03,0.01,0.16,0.0,0,0,0.96,0.04,0,0.0,0,0.4916666666666667,0.2333333333333333,1.24,easy,0.0,0,0,1,0,1,0,0,0,0,0,1,0,0,0,1,0,0,1,0,0,0
249,126,3,5d482ea821c9be351f763252,2020-07-23 00:28:35.631000+00:00,son thinks is ok that his mom felt  awkward while he and hubby were speaking french she is not the asshole and i agree fulfilledbear,0.833333333,3,0.5,6,"son thinks is ok that his mom felt  awkward while he and hubby were speaking french? she is not the asshole, and i agree, fulfilledbear",2,25,132,1,1.0039382919921274,0.8381580761249495,0.0,0.01,0.0,0.030000000000000002,0.0,0.02,0.0,0.01,0.0,0.01,0.030000000000000002,0.01,0.01,0.0,0.0,0.0,0.0,0.030000000000000002,0.0,0.0,0.02,0.02,0.0,0.030000000000000002,0.0,0.02,0.01,0.0,0.0,0.0,0.07,0.01,0.0,0.0,0.0,0.0,0.01,0.01,0.01,0.0,0.01,0.05,0.0,0.01,0.02,0.030000000000000002,0.05,0.0,0.0,0.02,0.0,0.0,0.01,0.13,0.0,1,0,0.92,0.04,8,0.0004753880472329106,0,0.5,-0.033333333333333326,1.24,easy,7.99,0,0,1,0,1,0,0,0,0,0,1,0,0,0,0,0,0,0,1,0,0
249,126,3,5f18c93c46a7f03dda99e34f,2020-07-23 00:29:09.528000+00:00,my initial reaction is no she is not the asshole she could have addressed it differently but her request is not unreasonable,0.833333333,3,0.5,6,"my initial reaction is no, she is not the asshole. she could have addressed it differently but her request is not unreasonable",3,22,124,1,0.8080417053707643,0.5887062677544288,0.01,0.0,0.0,0.01,0.0,0.0,0.0,0.0,0.0,0.0,0.03,0.03,0.01,0.0,0.0,0.0,0.0,0.0,0.0,0.0,0.0,0.0,0.0,0.04,0.0,0.0,0.01,0.0,0.0,0.0,0.04,0.01,0.0,0.0,0.0,0.01,0.01,0.01,0.0,0.0,0.03,0.049999999999999996,0.0,0.01,0.02,0.049999999999999996,0.049999999999999996,0.0,0.0,0.0,0.0,0.0,0.01,0.13999999999999999,0.0,0,0,0.8181818181818182,0.0,8,0.0003202049311559398,0,0.3,0.0,1.808927272727273,easy,33.897,0,0,0,0,0,0,0,0,0,0,0,1,0,0,0,0,0,0,1,0,0
249,126,3,5f1323422ce49169326082e9,2020-07-23 00:29:09.551000+00:00,hello i said she is the asshole because i feel like she didnt have to say she found it disrespectful  she could have simply asked them to speak in english instead,0.833333333,3,0.5,6,"hello, i said she is the asshole because i feel like she didn't have to say she found it disrespectful -- she could have simply asked them to speak in english instead.",4,31,162,1,1.4936797585455353,1.4617875970512513,0.01,0.03,0.0,0.01,0.0,0.0,0.0,0.0,0.02,0.0,0.04,0.01,0.01,0.0,0.0,0.0,0.0,0.0,0.0,0.0,0.01,0.02,0.0,0.04,0.0,0.04,0.01,0.0,0.0,0.0,0.1,0.01,0.0,0.0,0.0,0.01,0.01,0.02,0.01,0.0,0.0,0.09,0.0,0.01,0.01,0.05,0.04,0.03,0.0,0.04,0.0,0.01,0.02,0.16,0.0,0,0,0.8064516129032258,0.06451612903225806,10,0.0003202049311559398,0,0.17857142857142858,0.0,1.5375999999999999,easy,0.023,0,0,1,0,1,0,0,0,0,0,1,0,0,0,1,0,0,1,1,0,0
249,126,3,5f18c72a46a7f03dda99dd17,2020-07-23 00:29:10.421000+00:00,i dont think op is an asshole it is reasonable request she was polite about it,0.833333333,3,0.5,6,"i dont think op is an asshole, it is reasonable request she was polite about it.",5,16,78,1,0.1224036521959934,-0.2843750615423938,0.0,0.0,0.0,0.0,0.0,0.0,0.0,0.0,0.01,0.0,0.01,0.01,0.01,0.0,0.0,0.0,0.0,0.0,0.0,0.0,0.0,0.02,0.0,0.04,0.0,0.01,0.0,0.0,0.0,0.0,0.02,0.02,0.0,0.0,0.0,0.01,0.01,0.01,0.0,0.0,0.0,0.049999999999999996,0.0,0.01,0.0,0.04,0.02,0.01,0.0,0.0,0.0,0.02,0.01,0.09000000000000001,0.0,0,0,0.875,0.0625,5,0.0004753880472329106,0,0.6,0.2,0.7936,easy,0.87,0,0,1,0,1,0,0,0,0,0,0,1,0,0,0,0,0,1,0,0,0
249,126,3,5f18be8846a7f03dda99caca,2020-07-23 00:29:29.385000+00:00,i think her response may have been a little much which is what the son said but its a reasonable request to engage in conversation with her ,0.833333333,3,0.5,6,i think her response may have been a little much which is what the son said but its a reasonable request to engage in conversation with her. ,6,27,140,1,1.1998348786134905,1.0876098844954702,0.0,0.009999999999999998,0.0,0.009999999999999998,0.0,0.009999999999999998,0.0,0.0,0.0,0.0,0.019999999999999997,0.0,0.0,0.0,0.0,0.0,0.0,0.009999999999999998,0.0,0.009999999999999998,0.009999999999999998,0.019999999999999997,0.0,0.03,0.009999999999999998,0.019999999999999997,0.019999999999999997,0.0,0.0,0.0,0.06,0.03,0.0,0.0,0.0,0.019999999999999997,0.0,0.009999999999999998,0.0,0.009999999999999998,0.009999999999999998,0.06,0.0,0.03,0.009999999999999998,0.039999999999999994,0.06,0.03,0.0,0.009999999999999998,0.0,0.03,0.009999999999999998,0.15999999999999998,0.009999999999999998,0,0,0.9259259259259259,0.037037037037037035,1,0.03201622021384291,1,0.4333333333333333,0.07083333333333335,1.9240148148148148,easy,18.964,0,0,1,0,1,0,0,0,0,0,0,1,0,0,0,0,0,1,0,0,0
249,126,3,5f1323422ce49169326082e9,2020-07-23 00:29:35.274000+00:00,i disagree i dont think she was polite about it,0.833333333,3,0.5,6,"i disagree, i don't think she was polite about it",7,10,47,1,-0.5632344009787775,-1.1574563908392164,0.0,0.0,0.0,0.0,0.0,0.0,0.0,0.0,0.009999999999999998,0.0,0.009999999999999998,0.009999999999999998,0.0,0.0,0.0,0.0,0.0,0.0,0.009999999999999998,0.0,0.0,0.009999999999999998,0.0,0.019999999999999997,0.0,0.009999999999999998,0.0,0.0,0.0,0.0,0.009999999999999998,0.009999999999999998,0.0,0.0,0.0,0.0,0.0,0.019999999999999997,0.0,0.0,0.0,0.029999999999999995,0.0,0.0,0.0,0.019999999999999997,0.009999999999999998,0.009999999999999998,0.0,0.0,0.0,0.009999999999999998,0.019999999999999997,0.05999999999999999,0.0,0,0,0.9,0.2,0,0.0006587982879030706,0,0.0,0.0,0.496,easy,5.889,0,0,1,0,1,0,0,0,0,0,1,1,0,0,0,0,0,1,1,0,0
250,127,0,5f18c65846a7f03dda99d9c5,2020-07-22 23:31:00.262000+00:00,hello,1.0,1,0.166666667,6,hello,1,1,5,1,-1.2488724541535483,-0.6931110735065363,0.0,0.0,0.0,0.0,0.0,0.0,0.0,0.0,0.0,0.0,0.0,0.0,0.0,0.0,0.0,0.0,0.0,0.0,0.0,0.0,0.0,0.0,0.0,0.0,0.0,0.0,0.0,0.0,0.0,0.0,0.010000000000000002,0.0,0.0,0.0,0.0,0.0,0.0,0.0,0.0,0.0,0.0,0.0,0.0,0.0,0.0,0.0,0.0,0.0,0.0,0.0,0.0,0.0,0.0,0.0,0.0,0,0,1.0,0.0,0,0.0,0,0.0,0.0,0.0496,easy,0.0,0,0,0,0,0,0,0,0,0,0,0,0,0,0,1,0,0,0,0,0,0
250,127,0,5e9f3c169dc0406f89877a12,2020-07-22 23:31:00.834000+00:00,i dont know theyre the ahole,1.0,1,0.166666667,6,i don't know they're the a-hole,2,6,28,1,-0.8570792809108222,-0.2827492826940022,0.0,0.0,0.0,0.0,0.0,0.0,0.0,0.0,0.0,0.0,0.0,0.01,0.0,0.0,0.0,0.0,0.0,0.0,0.0,0.0,0.0,0.01,0.0,0.030000000000000002,0.0,0.0,0.0,0.0,0.0,0.0,0.01,0.0,0.0,0.0,0.0,0.0,0.0,0.01,0.0,0.0,0.0,0.030000000000000002,0.0,0.01,0.0,0.02,0.01,0.0,0.0,0.0,0.0,0.0,0.01,0.02,0.0,0,0,1.0,0.16666666666666666,0,0.0,0,0.0,0.0,0.2976,easy,0.572,0,0,0,0,0,0,0,0,0,0,0,1,0,0,0,0,0,0,0,0,0
250,127,0,5f18bece46a7f03dda99cad8,2020-07-22 23:31:08.036000+00:00,hi gang so i definitely think this person is the asshole for not speaking english in his moms home,1.0,1,0.166666667,6,"hi gang, so i definitely think this person is the asshole for not speaking english in his moms home",3,19,98,1,0.31830023881735653,0.9483360897436003,0.0,0.009999999999999998,0.009999999999999998,0.009999999999999998,0.009999999999999998,0.0,0.0,0.0,0.019999999999999997,0.0,0.009999999999999998,0.009999999999999998,0.009999999999999998,0.0,0.0,0.0,0.0,0.009999999999999998,0.0,0.0,0.009999999999999998,0.009999999999999998,0.009999999999999998,0.019999999999999997,0.0,0.0,0.009999999999999998,0.0,0.0,0.0,0.05,0.009999999999999998,0.0,0.0,0.0,0.0,0.009999999999999998,0.009999999999999998,0.0,0.0,0.009999999999999998,0.019999999999999997,0.0,0.009999999999999998,0.009999999999999998,0.009999999999999998,0.03,0.019999999999999997,0.0,0.009999999999999998,0.0,0.0,0.009999999999999998,0.09,0.0,0,0,1.0,0.10526315789473684,1,0.00015518311607697082,0,0.25,0.0,0.9424,easy,7.202,0,0,1,0,1,0,0,0,0,0,1,0,0,0,1,0,1,0,0,0,0
250,127,0,5f18c65846a7f03dda99d9c5,2020-07-22 23:31:08.503000+00:00,i dont think they are an asshole i mean yeah i do sorry,1.0,1,0.166666667,6,i don't think they are an asshole i mean yeah i do sorry,4,13,55,1,-0.36733781435741436,0.2302029558216655,0.0,0.0,0.0,0.0,0.0,0.0,0.0,0.0,0.0,0.0,0.0,0.01,0.01,0.0,0.0,0.0,0.0,0.0,0.0,0.0,0.0,0.02,0.0,0.05,0.0,0.0,0.0,0.0,0.0,0.0,0.01,0.0,0.0,0.0,0.0,0.0,0.01,0.030000000000000002,0.0,0.0,0.0,0.05,0.0,0.01,0.0,0.030000000000000002,0.02,0.0,0.0,0.0,0.0,0.0,0.030000000000000002,0.06999999999999999,0.0,0,0,0.8461538461538461,0.23076923076923078,0,0.0011341863351359812,0,0.84375,-0.40625,0.6447999999999999,easy,0.467,0,0,1,0,1,0,0,0,1,0,1,1,0,0,0,0,0,0,1,0,0
250,127,0,5f18c1e446a7f03dda99d07c,2020-07-22 23:31:25.766000+00:00,i was on the fence about this but ultimately because they are in her mothers house and dont see her often it is a little inconsiderate to almost exclusively speak another language around her ,1.0,1,0.166666667,6,"i was on the fence about this, but ultimately because they are in her mother's house and don't see her often, it is a little inconsiderate to almost exclusively speak another language around her. ",5,34,191,1,1.8854729317882615,2.589783252993737,0.0,0.01,0.01,0.03,0.0,0.02,0.0,0.0,0.03,0.0,0.03,0.01,0.0,0.0,0.0,0.01,0.0,0.01,0.0,0.0,0.0,0.0,0.0,0.04,0.0,0.01,0.04,0.0,0.01,0.0,0.06999999999999999,0.02,0.0,0.0,0.0,0.01,0.0,0.01,0.0,0.02,0.02,0.049999999999999996,0.0,0.02,0.03,0.04,0.08,0.049999999999999996,0.0,0.02,0.0,0.01,0.01,0.18999999999999997,0.01,0,0,0.9411764705882353,0.029411764705882353,3,0.00015518311607697082,1,0.75,-0.09375,2.150811764705882,easy,17.263,0,0,1,0,0,0,0,0,0,0,0,1,0,0,0,0,0,0,1,0,0
250,127,0,5e9f3c169dc0406f89877a12,2020-07-22 23:31:28.587000+00:00,oops,1.0,1,0.166666667,6,oops,6,1,4,1,-1.2488724541535483,-0.6931110735065363,0.0,0.0,0.0,0.0,0.0,0.0,0.0,0.0,0.0,0.0,0.0,0.0,0.0,0.0,0.0,0.0,0.0,0.0,0.0,0.0,0.0,0.0,0.0,0.0,0.0,0.0,0.0,0.0,0.0,0.0,0.0,0.0,0.0,0.0,0.0,0.0,0.0,0.0,0.0,0.0,0.0,0.0,0.0,0.0,0.0,0.0,0.0,0.0,0.0,0.0,0.0,0.0,0.0,0.0,0.0,0,0,1.0,0.0,0,0.0,0,0.0,0.0,0.0496,easy,2.821,0,0,0,0,0,0,0,0,1,0,0,0,0,0,0,0,0,0,0,0,0
250,127,0,5f18c65846a7f03dda99d9c5,2020-07-22 23:31:34.622000+00:00,he should have definitely spoken english ,1.0,1,0.166666667,6,he should have definitely spoken english ,7,6,41,1,-0.7591309876001406,-0.18015883499086863,0.01,0.01,0.0,0.0,0.01,0.0,0.0,0.0,0.01,0.0,0.01,0.0,0.0,0.0,0.0,0.0,0.0,0.0,0.0,0.0,0.01,0.0,0.0,0.01,0.01,0.01,0.0,0.0,0.0,0.0,0.02,0.0,0.0,0.0,0.0,0.0,0.0,0.0,0.0,0.0,0.0,0.029999999999999995,0.0,0.0,0.0,0.02,0.02,0.0,0.0,0.01,0.0,0.0,0.0,0.029999999999999995,0.0,0,0,1.0,0.0,0,0.0,0,0.25,0.0,0.2976,easy,6.035,0,0,1,0,0,0,0,0,0,0,0,0,0,0,0,0,0,0,0,0,0
250,127,0,5d482eaa21c9be351f763b92,2020-07-22 23:31:35.821000+00:00,i think that when in rome applies to this scenario  if you are in germany then you speak german if you are in america then you speak english  and not in a racist sense but it helps to keep the brain healthy and flexible ,1.0,1,0.166666667,6,"i think that when in rome applies to this scenario.  if you are in germany then you speak german if you are in america then you speak english.  and not in a racist sense, but it helps to keep the brain healthy and flexible. ",8,44,220,1,2.864955864895077,3.615687730025072,0.02,0.02,0.0,0.08,0.0,0.02,0.02,0.0,0.01,0.0,0.0,0.01,0.0,0.0,0.01,0.0,0.01,0.0,0.0,0.0,0.02,0.02,0.0,0.05,0.0,0.0,0.06999999999999999,0.0,0.01,0.0,0.06999999999999999,0.030000000000000002,0.0,0.0,0.0,0.0,0.0,0.01,0.01,0.02,0.04,0.05,0.0,0.02,0.030000000000000002,0.02,0.09000000000000001,0.060000000000000005,0.0,0.030000000000000002,0.04,0.030000000000000002,0.01,0.27,0.0,0,0,0.7272727272727273,0.022727272727272728,0,0.0006161429451632779,0,0.16666666666666666,0.16666666666666666,2.1824,easy,1.199,0,0,1,0,1,0,0,0,0,0,0,1,1,0,0,0,0,1,1,0,0
250,127,0,5e9f3c169dc0406f89877a12,2020-07-22 23:31:44.748000+00:00,he should have spoken english  my last phrase worded weird,1.0,1,0.166666667,6,he should have spoken english.  my last phrase worded weird,9,10,58,1,-0.4652861076680959,0.12761250811853198,0.009999999999999998,0.009999999999999998,0.0,0.0,0.0,0.0,0.0,0.0,0.0,0.0,0.009999999999999998,0.0,0.0,0.0,0.0,0.0,0.0,0.0,0.009999999999999998,0.0,0.0,0.0,0.0,0.009999999999999998,0.009999999999999998,0.009999999999999998,0.009999999999999998,0.0,0.0,0.0,0.019999999999999997,0.0,0.0,0.0,0.0,0.0,0.0,0.009999999999999998,0.0,0.0,0.0,0.03,0.0,0.0,0.0,0.019999999999999997,0.009999999999999998,0.0,0.0,0.009999999999999998,0.0,0.0,0.009999999999999998,0.039999999999999994,0.0,0,0,1.0,0.1,0,0.0006161429451632779,0,0.35555555555555557,-0.16666666666666666,0.496,easy,8.927,0,0,1,0,0,0,0,0,0,0,1,0,0,0,0,0,0,0,1,0,0
250,127,0,5f18c65846a7f03dda99d9c5,2020-07-22 23:31:52.472000+00:00,i just dont get why he would go to his moms house and then speak german what kind of nonsense is that ,1.0,1,0.166666667,6,i just don't get why he would go to his moms house and then speak german what kind of nonsense is that ,10,22,102,1,0.7100934120600827,1.3586978805561345,0.01,0.01,0.01,0.02,0.0,0.01,0.0,0.0,0.01,0.0,0.02,0.01,0.0,0.0,0.0,0.0,0.0,0.01,0.0,0.0,0.01,0.0,0.0,0.04,0.01,0.0,0.02,0.0,0.0,0.0,0.04,0.02,0.0,0.0,0.0,0.01,0.0,0.01,0.0,0.01,0.01,0.05,0.0,0.0,0.02,0.03,0.05,0.02,0.0,0.01,0.0,0.0,0.01,0.12,0.01,0,0,1.0,0.045454545454545456,1,0.0,1,0.45,0.3,1.0912,easy,7.724,0,0,0,0,0,0,0,0,0,0,0,1,0,0,0,0,0,0,1,0,0
250,127,0,5f18c5b846a7f03dda99d822,2020-07-22 23:32:06.917000+00:00,agreed her mom even hosted them and provided meals,1.0,1,0.166666667,6,agreed. her mom even hosted them and provided meals,11,9,50,1,-0.4652861076680959,0.12761250811853198,0.0,0.0,0.0,0.01,0.0,0.01,0.01,0.0,0.01,0.0,0.01,0.0,0.0,0.0,0.0,0.0,0.0,0.01,0.0,0.0,0.01,0.0,0.0,0.0,0.0,0.0,0.0,0.0,0.0,0.0,0.03,0.0,0.0,0.0,0.0,0.0,0.0,0.0,0.0,0.0,0.0,0.0,0.0,0.0,0.01,0.0,0.01,0.0,0.0,0.0,0.0,0.0,0.0,0.03,0.0,0,0,1.0,0.0,1,0.0,0,0.0,0.0,0.44639999999999996,easy,14.445,0,0,0,0,0,0,0,0,0,0,0,0,0,0,0,0,0,0,0,0,0
251,127,1,5e9f3c169dc0406f89877a12,2020-07-22 23:45:16.953000+00:00,definitely yes,0.833333333,2,0.333333333,6,definitely yes,1,2,14,1,-1.1509241608428669,-1.0517099215452608,0.0,0.0,0.0,0.0,0.01,0.0,0.0,0.0,0.01,0.0,0.0,0.0,0.0,0.0,0.0,0.0,0.0,0.0,0.0,0.0,0.01,0.0,0.0,0.0,0.0,0.0,0.0,0.0,0.0,0.0,0.0,0.0,0.0,0.0,0.0,0.0,0.0,0.0,0.0,0.0,0.0,0.0,0.0,0.0,0.01,0.0,0.01,0.0,0.0,0.0,0.0,0.0,0.0,0.0,0.0,0,0,1.0,0.0,0,0.0,0,0.5,0.0,0.0992,easy,0.0,0,0,0,0,0,0,0,0,0,0,0,0,0,0,0,0,0,0,0,0,0
251,127,1,5f18c1e446a7f03dda99d07c,2020-07-22 23:45:23.116000+00:00,the dad is not the ahole ,0.833333333,2,0.333333333,6,the dad is not the ahole ,2,6,25,1,-0.7591309876001406,-0.491627714805181,0.0,0.0,0.0,0.0,0.0,0.0,0.0,0.0,0.0,0.0,0.0,0.01,0.0,0.0,0.0,0.0,0.0,0.01,0.0,0.0,0.0,0.0,0.0,0.01,0.0,0.0,0.0,0.0,0.0,0.0,0.01,0.0,0.0,0.0,0.0,0.0,0.0,0.0,0.0,0.0,0.01,0.01,0.0,0.02,0.0,0.01,0.01,0.0,0.0,0.0,0.0,0.0,0.0,0.04,0.0,0,0,0.8333333333333334,0.0,0,0.0,0,0.0,0.0,0.2976,easy,6.163,0,0,0,0,0,0,0,0,0,0,0,0,0,0,0,0,0,0,0,0,0
251,127,1,5f18bece46a7f03dda99cad8,2020-07-22 23:45:28.383000+00:00,i think the person is the asshole,0.833333333,2,0.333333333,6,i think the person is the asshole,3,7,33,1,-0.7591309876001406,-0.491627714805181,0.0,0.0,0.0,0.0,0.0,0.0,0.0,0.0,0.0,0.0,0.0,0.0,0.01,0.0,0.0,0.0,0.0,0.0,0.0,0.0,0.0,0.01,0.01,0.02,0.0,0.0,0.0,0.0,0.0,0.0,0.01,0.0,0.0,0.0,0.0,0.0,0.01,0.01,0.0,0.0,0.0,0.02,0.0,0.02,0.0,0.01,0.01,0.0,0.0,0.0,0.0,0.0,0.01,0.04,0.0,0,0,0.8571428571428571,0.14285714285714285,3,0.0,0,0.0,0.0,0.3472,easy,5.267,0,0,1,0,1,0,0,0,0,0,0,1,0,0,0,0,0,0,0,0,0
251,127,1,5f18c1e446a7f03dda99d07c,2020-07-22 23:45:33.367000+00:00,i thinkor were we saying the son,0.833333333,2,0.333333333,6,i think..or were we saying the son?,4,7,32,1,-0.8570792809108222,-0.631648266490201,0.0,0.01,0.0,0.0,0.0,0.01,0.0,0.0,0.0,0.0,0.0,0.0,0.0,0.0,0.0,0.0,0.0,0.01,0.0,0.0,0.0,0.0,0.0,0.0,0.0,0.01,0.0,0.0,0.0,0.0,0.03,0.0,0.0,0.0,0.0,0.0,0.0,0.01,0.0,0.0,0.0,0.01,0.0,0.01,0.0,0.01,0.01,0.0,0.01,0.01,0.0,0.0,0.02,0.04,0.0,1,0,1.0,0.2857142857142857,1,0.00015518311607697082,0,0.0,0.0,0.3472,easy,4.984,0,0,0,0,0,0,0,0,0,1,0,1,0,0,0,0,0,0,0,0,0
251,127,1,5d482eaa21c9be351f763b92,2020-07-22 23:45:37.981000+00:00,i dont think so at all,0.833333333,2,0.333333333,6,i dont' think so at all,5,6,22,1,-0.8570792809108222,-0.631648266490201,0.0,0.0,0.0,0.01,0.01,0.0,0.0,0.0,0.01,0.0,0.0,0.01,0.0,0.0,0.0,0.0,0.0,0.0,0.0,0.0,0.0,0.01,0.0,0.02,0.0,0.0,0.01,0.0,0.0,0.0,0.0,0.0,0.0,0.0,0.0,0.0,0.0,0.01,0.0,0.0,0.0,0.02,0.0,0.0,0.01,0.01,0.02,0.01,0.0,0.0,0.0,0.0,0.01,0.04,0.0,0,0,1.0,0.16666666666666666,0,0.00015518311607697082,0,0.0,0.0,0.2976,easy,4.614,0,0,1,0,1,0,0,0,0,0,0,1,0,0,0,0,0,0,0,0,0
251,127,1,5f18c5b846a7f03dda99d822,2020-07-22 23:45:44.247000+00:00,i dont think the parent is an asshole the parent just wanted to be included the kids should have acted more considerately ,0.833333333,2,0.333333333,6,i don‚äôt think the parent is an asshole. the parent just wanted to be included. the kids should have acted more considerately. ,6,22,122,1,0.7100934120600827,1.6086805604701178,0.02,0.0,0.0,0.0,0.0,0.01,0.0,0.0,0.01,0.0,0.0,0.01,0.01,0.0,0.0,0.0,0.0,0.02,0.0,0.01,0.0,0.01,0.01,0.04,0.01,0.01,0.0,0.0,0.0,0.0,0.03,0.0,0.0,0.0,0.0,0.0,0.01,0.01,0.0,0.0,0.01,0.07,0.0,0.04,0.01,0.049999999999999996,0.049999999999999996,0.01,0.0,0.0,0.0,0.0,0.01,0.12,0.0,0,0,0.8636363636363636,0.045454545454545456,1,0.0005036151718260998,0,0.5,0.5,1.808927272727273,easy,6.266,0,0,1,0,1,0,0,0,0,0,0,1,0,0,0,0,0,0,0,0,0
251,127,1,5d482eaa21c9be351f763b92,2020-07-22 23:45:53.567000+00:00,the person who asked the kids to speak in a common language was just asking for curtesy,0.833333333,2,0.333333333,6,the person who asked the kids to speak in a common language was just asking for curtesy,7,17,87,1,0.31830023881735653,1.048598353730038,0.0,0.01,0.0,0.0,0.0,0.0,0.0,0.0,0.01,0.0,0.0,0.0,0.0,0.0,0.0,0.0,0.0,0.0,0.0,0.0,0.0,0.0,0.02,0.0,0.0,0.02,0.02,0.0,0.0,0.0,0.06999999999999999,0.01,0.0,0.0,0.0,0.0,0.0,0.0,0.0,0.0,0.01,0.02,0.0,0.03,0.01,0.01,0.01,0.03,0.0,0.01,0.0,0.01,0.0,0.09,0.0,0,0,0.9411764705882353,0.0,4,0.034482758620689655,0,0.5,-0.3,0.8432,easy,9.32,0,0,0,0,0,0,0,0,0,0,0,0,0,0,0,0,0,0,0,0,0
251,127,1,5e9f3c169dc0406f89877a12,2020-07-22 23:46:08.653000+00:00,dad no son yes,0.833333333,2,0.333333333,6,"dad, no. son, yes",8,4,14,1,-0.9550275742215037,-0.7716688181752209,0.0,0.0,0.0,0.0,0.0,0.0,0.0,0.0,0.0,0.0,0.0,0.01,0.0,0.0,0.0,0.0,0.0,0.02,0.0,0.0,0.0,0.0,0.0,0.0,0.0,0.0,0.0,0.0,0.0,0.0,0.02,0.0,0.0,0.0,0.0,0.0,0.0,0.0,0.0,0.0,0.0,0.0,0.0,0.0,0.02,0.0,0.0,0.0,0.0,0.0,0.0,0.0,0.0,0.01,0.0,0,0,1.0,0.0,0,0.0,0,0.0,0.0,0.1984,easy,15.086,0,0,0,0,0,0,0,0,0,0,0,0,0,0,0,0,0,0,0,0,0
251,127,1,5f18c1e446a7f03dda99d07c,2020-07-22 23:46:24.931000+00:00,yeah i mean thats so awkward to speak another language in front of a non speaker,0.833333333,2,0.333333333,6,yeah i mean that's so awkward to speak another language in front of a non speaker,9,16,80,1,0.1224036521959934,0.7685572503599982,0.0,0.020000000000000004,0.0,0.010000000000000002,0.0,0.0,0.0,0.0,0.010000000000000002,0.010000000000000002,0.0,0.0,0.0,0.0,0.0,0.0,0.0,0.0,0.0,0.0,0.0,0.010000000000000002,0.0,0.020000000000000004,0.0,0.0,0.020000000000000004,0.0,0.0,0.0,0.020000000000000004,0.010000000000000002,0.0,0.0,0.0,0.0,0.0,0.010000000000000002,0.0,0.0,0.0,0.020000000000000004,0.0,0.010000000000000002,0.010000000000000002,0.010000000000000002,0.010000000000000002,0.03,0.0,0.020000000000000004,0.0,0.010000000000000002,0.010000000000000002,0.06,0.0,0,0,1.0,0.0625,0,0.0,0,0.84375,-0.45625,0.7936,easy,16.278,0,0,0,0,0,0,0,0,0,0,1,0,0,0,0,0,0,0,1,0,0
251,127,1,5f18c65846a7f03dda99d9c5,2020-07-22 23:46:26.747000+00:00,i dont think they are an asshole the parent is not an ass the son is ,0.833333333,2,0.333333333,6,i don't think they are an asshole the parent is not an ass the son is ,10,16,69,1,0.1224036521959934,0.7685572503599982,0.0,0.0,0.0,0.0,0.0,0.0,0.01,0.0,0.0,0.0,0.0,0.02,0.02,0.0,0.0,0.0,0.01,0.02,0.0,0.0,0.0,0.01,0.0,0.049999999999999996,0.0,0.0,0.0,0.01,0.0,0.0,0.029999999999999995,0.0,0.0,0.0,0.0,0.0,0.01,0.01,0.0,0.0,0.01,0.049999999999999996,0.0,0.04,0.0,0.04,0.02,0.0,0.0,0.0,0.0,0.0,0.01,0.09999999999999999,0.0,0,0,0.8125,0.0625,0,0.00015518311607697082,0,0.0,0.0,0.7936,easy,1.816,0,0,1,0,1,0,0,0,0,0,0,1,0,0,0,0,0,0,0,0,0
251,127,1,5d482eaa21c9be351f763b92,2020-07-22 23:46:35.887000+00:00,the dad had the right to want to be included and speaking the language you suck at is just good practice,0.833333333,2,0.333333333,6,the dad had the right to want to be included and speaking the language you suck at is just good practice,11,21,104,1,0.7100934120600827,1.6086805604701178,0.01,0.01,0.0,0.01,0.0,0.02,0.0,0.01,0.01,0.0,0.0,0.0,0.01,0.0,0.0,0.0,0.0,0.01,0.0,0.0,0.01,0.0,0.0,0.030000000000000002,0.0,0.01,0.02,0.0,0.0,0.0,0.04,0.0,0.0,0.01,0.0,0.0,0.01,0.0,0.0,0.0,0.01,0.05,0.0,0.030000000000000002,0.02,0.030000000000000002,0.04,0.030000000000000002,0.0,0.01,0.01,0.02,0.0,0.12000000000000001,0.0,0,0,0.8571428571428571,0.0,4,0.0,0,0.5678571428571428,0.4928571428571428,1.0415999999999999,easy,9.14,0,0,0,0,0,0,0,0,0,0,0,0,1,0,0,0,0,1,1,0,0
251,127,1,5f18c65846a7f03dda99d9c5,2020-07-22 23:46:37.282000+00:00,the husband is,0.833333333,2,0.333333333,6,the husband is,12,3,14,1,-1.0529758675321852,-0.9116893698602407,0.0,0.0,0.0,0.0,0.0,0.0,0.0,0.0,0.0,0.0,0.0,0.0,0.0,0.0,0.0,0.0,0.0,0.01,0.0,0.0,0.0,0.0,0.0,0.01,0.0,0.0,0.0,0.0,0.0,0.0,0.01,0.0,0.0,0.0,0.0,0.0,0.0,0.0,0.0,0.0,0.0,0.01,0.0,0.01,0.0,0.01,0.0,0.0,0.0,0.0,0.0,0.0,0.0,0.02,0.0,0,0,1.0,0.0,2,0.0,0,0.0,0.0,0.1488,easy,1.395,0,0,0,0,0,0,0,0,0,0,0,0,0,0,0,0,0,0,0,0,0
252,128,1,5d482ea821c9be351f7634ee,2020-07-22 23:15:10.210000+00:00,after reading though i think she is the asshole because her husband understands and speaks english,1.0,3,0.6,5,after reading though i think she is the asshole because her husband understands and speaks english.,1,16,98,1,0.1224036521959934,-0.10588047674576205,0.0,0.009999999999999998,0.0,0.03,0.0,0.009999999999999998,0.0,0.0,0.009999999999999998,0.0,0.019999999999999997,0.0,0.009999999999999998,0.0,0.0,0.0,0.0,0.009999999999999998,0.0,0.0,0.0,0.019999999999999997,0.0,0.03,0.0,0.0,0.009999999999999998,0.0,0.0,0.0,0.039999999999999994,0.0,0.0,0.0,0.0,0.009999999999999998,0.009999999999999998,0.009999999999999998,0.0,0.0,0.0,0.03,0.0,0.009999999999999998,0.019999999999999997,0.009999999999999998,0.039999999999999994,0.009999999999999998,0.0,0.009999999999999998,0.0,0.0,0.009999999999999998,0.07999999999999999,0.0,0,0,1.0,0.0625,0,0.0,0,0.0,0.0,0.7936,easy,0.0,0,0,1,0,1,0,0,0,0,0,1,0,0,0,0,0,0,0,0,0,0
252,128,1,5f18bbe046a7f03dda99c932,2020-07-22 23:15:12.258000+00:00,the daughter was right in wanting to make her husband feel comfortable ,1.0,3,0.6,5,the daughter was right in wanting to make her husband feel comfortable. ,2,12,71,1,-0.17144122773605125,-0.460891487010964,0.01,0.0,0.0,0.0,0.0,0.0,0.0,0.0,0.0,0.0,0.01,0.0,0.0,0.0,0.0,0.0,0.0,0.02,0.0,0.0,0.01,0.01,0.0,0.02,0.0,0.01,0.02,0.0,0.0,0.0,0.03,0.0,0.0,0.0,0.0,0.01,0.0,0.0,0.01,0.0,0.0,0.03,0.0,0.01,0.0,0.01,0.03,0.02,0.0,0.01,0.0,0.02,0.0,0.05,0.0,0,0,1.0,0.0,2,0.000727802037845706,0,0.6678571428571429,0.34285714285714286,0.5952,easy,2.048,0,0,1,0,1,0,0,0,0,0,0,0,0,0,0,0,0,1,0,0,0
252,128,1,5d482ea921c9be351f7635df,2020-07-22 23:15:15.849000+00:00,i think the boyfriend should have made more effort to speak in english in respect for the mother,1.0,3,0.6,5,i think the boyfriend should have made more effort to speak in english in respect for the mother.,3,18,96,1,0.31830023881735653,0.13079353009770592,0.009999999999999998,0.009999999999999998,0.0,0.0,0.0,0.0,0.0,0.009999999999999998,0.0,0.0,0.0,0.0,0.0,0.0,0.0,0.0,0.0,0.009999999999999998,0.0,0.009999999999999998,0.009999999999999998,0.009999999999999998,0.0,0.019999999999999997,0.009999999999999998,0.009999999999999998,0.019999999999999997,0.0,0.0,0.0,0.03,0.0,0.0,0.0,0.0,0.009999999999999998,0.0,0.009999999999999998,0.0,0.0,0.0,0.039999999999999994,0.009999999999999998,0.019999999999999997,0.0,0.019999999999999997,0.03,0.039999999999999994,0.0,0.009999999999999998,0.0,0.009999999999999998,0.009999999999999998,0.1,0.0,0,0,0.8888888888888888,0.05555555555555555,5,0.0,0,0.25,0.25,0.8927999999999999,easy,3.591,0,0,1,0,1,0,0,0,0,0,0,1,0,0,0,0,0,1,0,0,0
252,128,1,5f18bd6646a7f03dda99c9f5,2020-07-22 23:15:26.773000+00:00,i can understand both points in this situation his husband feels more comfortable but he needs to think of his mom who has not seen in a while,1.0,3,0.6,5,"i can understand both points in this situation. his husband feels more comfortable, but he needs to think of his mom who has not seen in a while.",4,28,142,1,1.2977831719241721,1.3141635643150458,0.01,0.0,0.0,0.02,0.0,0.01,0.0,0.0,0.0,0.0,0.03,0.01,0.0,0.0,0.0,0.01,0.0,0.02,0.0,0.02,0.01,0.03,0.0,0.06,0.0,0.01,0.04,0.0,0.0,0.0,0.06,0.02,0.0,0.0,0.0,0.0,0.0,0.01,0.01,0.0,0.02,0.06999999999999999,0.0,0.01,0.01,0.02,0.06999999999999999,0.04,0.0,0.02,0.0,0.02,0.01,0.18,0.0,0,0,0.9285714285714286,0.03571428571428571,3,0.0018867410362797652,0,0.65,0.45,1.3888,easy,10.924,0,0,1,0,1,0,0,0,0,0,0,1,0,0,0,0,0,1,0,0,0
252,128,1,5f18bbe046a7f03dda99c932,2020-07-22 23:15:37.320000+00:00,the mother should not of reacted the way she did ,1.0,3,0.6,5,the mother should not of reacted the way she did. ,5,10,49,1,-0.36733781435741436,-0.697565493854432,0.009999999999999998,0.0,0.0,0.0,0.0,0.0,0.0,0.0,0.0,0.0,0.009999999999999998,0.009999999999999998,0.0,0.0,0.0,0.0,0.0,0.009999999999999998,0.0,0.0,0.0,0.0,0.0,0.0,0.009999999999999998,0.009999999999999998,0.009999999999999998,0.0,0.0,0.0,0.019999999999999997,0.0,0.0,0.0,0.0,0.009999999999999998,0.0,0.0,0.0,0.0,0.009999999999999998,0.019999999999999997,0.0,0.019999999999999997,0.0,0.019999999999999997,0.03,0.009999999999999998,0.0,0.0,0.0,0.0,0.0,0.06999999999999999,0.0,0,0,0.9,0.0,2,0.0,0,0.0,0.0,0.496,easy,10.547,0,0,1,0,0,0,0,0,0,0,0,0,0,0,0,0,0,0,0,0,0
252,128,1,5f18ba6446a7f03dda99c924,2020-07-22 23:15:40.400000+00:00,my initial impression is this person is the asshole they went to visit the mother and to not include her in the conversation is rude,1.0,3,0.6,5,my initial impression is this person is the asshole. they went to visit the mother and to not include her in the conversation is rude,6,25,132,1,1.101886585302809,1.0774895574715777,0.0,0.0,0.0,0.01,0.0,0.02,0.0,0.0,0.0,0.0,0.01,0.01,0.01,0.0,0.0,0.0,0.0,0.01,0.01,0.0,0.01,0.0,0.01,0.030000000000000002,0.0,0.01,0.04,0.0,0.0,0.0,0.060000000000000005,0.01,0.0,0.0,0.0,0.0,0.02,0.01,0.0,0.0,0.01,0.04,0.0,0.030000000000000002,0.01,0.030000000000000002,0.030000000000000002,0.030000000000000002,0.0,0.0,0.0,0.0,0.01,0.15,0.0,0,0,0.8,0.0,4,0.0008496176720475786,0,0.3,-0.15,1.8716,easy,3.08,0,0,0,0,0,0,0,0,0,0,0,1,0,0,0,0,0,0,1,0,0
252,128,1,5f18ba6446a7f03dda99c923,2020-07-22 23:15:44.217000+00:00,ya she can speak whatever language she wants but she should speak more english to include her mother ,1.0,3,0.6,5,ya she can speak whatever language she wants but she should speak more english to include her mother. ,7,18,101,1,0.4162485321280381,0.2491305335194399,0.02,0.02,0.0,0.01,0.0,0.01,0.0,0.0,0.0,0.0,0.04,0.0,0.0,0.0,0.0,0.0,0.0,0.01,0.0,0.01,0.0,0.0,0.0,0.02,0.01,0.0,0.0,0.0,0.0,0.0,0.09,0.01,0.0,0.0,0.0,0.0,0.0,0.0,0.0,0.0,0.01,0.03,0.0,0.0,0.01,0.02,0.04,0.01,0.0,0.02,0.01,0.0,0.0,0.09,0.0,0,0,0.8333333333333334,0.0,2,0.007022457178220418,0,0.19999999999999998,0.2333333333333333,0.8927999999999999,easy,3.817,0,0,1,0,0,0,0,0,0,0,0,0,0,0,0,0,1,0,0,0,0
252,128,1,5d482ea821c9be351f763428,2020-07-22 23:15:49.252000+00:00,i think the son was right in speaking german to the husband how would the mom feel in germany,1.0,3,0.6,5,i think the son was right in speaking german to the husband. how would the mom feel in germany?,8,19,93,1,0.4162485321280381,0.2491305335194399,0.010000000000000002,0.010000000000000002,0.0,0.010000000000000002,0.0,0.0,0.0,0.0,0.010000000000000002,0.0,0.0,0.0,0.0,0.0,0.0,0.0,0.0,0.030000000000000002,0.0,0.0,0.0,0.020000000000000004,0.0,0.020000000000000004,0.010000000000000002,0.010000000000000002,0.030000000000000002,0.0,0.0,0.0,0.04000000000000001,0.0,0.0,0.0,0.0,0.010000000000000002,0.0,0.010000000000000002,0.010000000000000002,0.0,0.0,0.04000000000000001,0.0,0.030000000000000002,0.0,0.020000000000000004,0.04000000000000001,0.030000000000000002,0.0,0.020000000000000004,0.0,0.010000000000000002,0.010000000000000002,0.09,0.0,1,0,0.8421052631578947,0.05263157894736842,1,0.0,0,0.26785714285714285,0.14285714285714285,0.9424,easy,5.035,0,0,1,0,1,0,0,0,0,0,0,1,0,0,0,0,0,1,0,0,0
252,128,1,5d482ea821c9be351f7634ee,2020-07-22 23:16:06.501000+00:00,if they are alone or in germany it makes sense to speaks german but if they are around english speakers they should speak english if they can,1.0,3,0.6,5,if they are alone or in germany it makes sense to speaks german but if they are around english speakers they should speak english if they can.,9,27,141,1,1.2977831719241721,1.3141635643150458,0.039999999999999994,0.03,0.0,0.05,0.0,0.009999999999999998,0.0,0.0,0.009999999999999998,0.0,0.0,0.0,0.0,0.0,0.0,0.0,0.0,0.0,0.0,0.0,0.0,0.009999999999999998,0.0,0.039999999999999994,0.009999999999999998,0.0,0.019999999999999997,0.0,0.0,0.009999999999999998,0.06,0.009999999999999998,0.0,0.0,0.0,0.009999999999999998,0.0,0.0,0.0,0.039999999999999994,0.05,0.05,0.0,0.0,0.009999999999999998,0.039999999999999994,0.08999999999999998,0.03,0.0,0.03,0.0,0.0,0.0,0.15999999999999998,0.0,0,0,0.7407407407407407,0.0,2,0.044607843137254896,0,0.0,0.0,1.3392,easy,17.249,0,0,1,0,0,0,0,0,0,0,0,0,0,0,0,0,1,0,0,0,0
252,128,1,5f18bd6646a7f03dda99c9f5,2020-07-22 23:16:19.844000+00:00,i think it would be fine to speak in german when the mom is not around but speak in english when the mom is around otherwise why even visit her,1.0,3,0.6,5,"i think it would be fine to speak in german when the mom is not around, but speak in english when the mom is around. otherwise, why even visit her?",10,30,143,1,1.4936797585455353,1.5508375711585136,0.01,0.02,0.0,0.04,0.0,0.02,0.0,0.0,0.05,0.0,0.01,0.01,0.0,0.0,0.0,0.0,0.0,0.02,0.0,0.0,0.01,0.01,0.0,0.03,0.01,0.0,0.06999999999999999,0.0,0.0,0.0,0.06,0.01,0.0,0.0,0.0,0.01,0.0,0.01,0.0,0.0,0.02,0.05,0.0,0.02,0.01,0.04,0.06999999999999999,0.05,0.0,0.02,0.0,0.01,0.01,0.16,0.0,1,0,0.7666666666666667,0.03333333333333333,5,0.021729252593121442,0,0.16666666666666666,0.1388888888888889,1.488,easy,13.343,0,0,1,0,1,0,0,0,0,0,0,1,0,0,0,0,0,1,0,0,0
253,128,2,5f18bbe046a7f03dda99c932,2020-07-22 23:29:41.814000+00:00,the mother is the subject,1.0,3,0.5,6,the mother is the subject?,1,5,25,1,-0.8570792809108222,-1.3456503368806723,0.0,0.0,0.0,0.0,0.0,0.0,0.0,0.0,0.0,0.0,0.0,0.0,0.0,0.0,0.0,0.0,0.0,0.01,0.0,0.0,0.0,0.0,0.0,0.01,0.0,0.0,0.0,0.0,0.0,0.0,0.01,0.0,0.0,0.0,0.0,0.0,0.0,0.0,0.0,0.0,0.0,0.01,0.0,0.02,0.0,0.01,0.0,0.0,0.0,0.0,0.0,0.0,0.0,0.03,0.0,1,0,0.8,0.0,0,0.0,0,0.3333333333333333,-0.16666666666666666,0.248,easy,0.0,0,0,0,0,0,0,0,0,0,0,0,0,0,0,0,0,0,0,0,0,0
253,128,2,5d482ea821c9be351f7634ee,2020-07-22 23:29:57.278000+00:00,i think that the mother approached the situation poorly making her the asshole,1.0,3,0.5,6,i think that the mother approached the situation poorly making her the asshole.,2,13,78,1,-0.17144122773605125,-0.31975849589243693,0.0,0.0,0.0,0.0,0.0,0.0,0.0,0.0,0.0,0.0,0.01,0.0,0.01,0.0,0.0,0.0,0.0,0.01,0.0,0.0,0.0,0.01,0.0,0.01,0.0,0.0,0.01,0.0,0.0,0.0,0.02,0.01,0.0,0.0,0.01,0.01,0.01,0.01,0.0,0.0,0.0,0.01,0.0,0.030000000000000002,0.0,0.0,0.02,0.0,0.0,0.0,0.0,0.0,0.01,0.060000000000000005,0.0,0,0,0.8461538461538461,0.07692307692307693,3,0.0008496176720475786,0,0.6,-0.4,0.6447999999999999,easy,15.464,0,0,1,0,1,0,0,0,0,0,0,1,0,0,0,0,0,0,1,0,0
253,128,2,5f18bd6646a7f03dda99c9f5,2020-07-22 23:29:57.419000+00:00,i dont think the mother was in the wrong at all,1.0,3,0.5,6,i don't think the mother was in the wrong at all.,3,11,47,1,-0.36733781435741436,-0.6128704504605041,0.0,0.0,0.0,0.0,0.009999999999999998,0.0,0.0,0.0,0.0,0.0,0.0,0.009999999999999998,0.0,0.0,0.0,0.0,0.0,0.009999999999999998,0.009999999999999998,0.0,0.0,0.009999999999999998,0.0,0.019999999999999997,0.0,0.009999999999999998,0.019999999999999997,0.0,0.0,0.0,0.009999999999999998,0.0,0.0,0.0,0.0,0.0,0.0,0.009999999999999998,0.0,0.0,0.0,0.029999999999999995,0.0,0.019999999999999997,0.0,0.019999999999999997,0.019999999999999997,0.019999999999999997,0.0,0.0,0.0,0.0,0.009999999999999998,0.06999999999999999,0.0,0,0,0.9090909090909091,0.09090909090909091,2,0.0013532328438736784,0,0.9,-0.5,0.5456,easy,0.141,0,0,1,0,1,0,0,0,0,0,0,1,0,0,0,0,0,0,1,0,0
253,128,2,5f18ba6446a7f03dda99c924,2020-07-22 23:30:00.660000+00:00,yeah the mother is the subject i think they are the asshole in this situatio,1.0,3,0.5,6,"yeah the mother is the subject, i think they are the asshole in this situatio",4,15,76,1,0.024455358885311848,-0.026646541324369725,0.0,0.0,0.0,0.0,0.0,0.0,0.0,0.0,0.0,0.0,0.0,0.0,0.01,0.0,0.0,0.0,0.0,0.01,0.0,0.0,0.0,0.01,0.0,0.03,0.0,0.0,0.01,0.0,0.0,0.0,0.02,0.01,0.0,0.0,0.0,0.0,0.01,0.01,0.0,0.0,0.0,0.03,0.0,0.03,0.0,0.02,0.01,0.01,0.0,0.0,0.0,0.0,0.01,0.09,0.0,0,0,0.8666666666666667,0.06666666666666667,4,0.0013532328438736784,0,0.3333333333333333,-0.16666666666666666,0.744,easy,3.241,0,0,1,0,1,0,0,0,0,0,1,0,0,0,0,0,0,0,0,0,0
253,128,2,5d482ea821c9be351f763428,2020-07-22 23:30:04.539000+00:00,i feel like the mom is not the asshole she was kind about asking for them to speak english,1.0,3,0.5,6,i feel like the mom is not the asshole. she was kind about asking for them to speak english.,5,19,90,1,0.4162485321280381,0.5595773678117647,0.0,0.01,0.0,0.0,0.0,0.0,0.0,0.0,0.01,0.0,0.01,0.01,0.01,0.0,0.0,0.0,0.0,0.01,0.0,0.0,0.02,0.01,0.0,0.02,0.0,0.01,0.0,0.0,0.0,0.0,0.049999999999999996,0.0,0.0,0.0,0.0,0.0,0.01,0.01,0.01,0.0,0.01,0.03,0.0,0.02,0.0,0.02,0.02,0.03,0.0,0.02,0.0,0.01,0.01,0.11,0.0,0,0,0.9473684210526315,0.05263157894736842,3,0.0004753880472329106,0,0.45,0.3,0.9424,easy,3.879,0,0,1,0,1,0,0,0,0,0,0,1,0,0,0,0,0,1,0,0,0
253,128,2,5f18ba6446a7f03dda99c923,2020-07-22 23:30:23.696000+00:00,ya its her house they should make an effort to include her ,1.0,3,0.5,6,ya it's her house they should make an effort to include her. ,6,12,59,1,-0.17144122773605125,-0.31975849589243693,0.01,0.0,0.01,0.0,0.0,0.01,0.0,0.01,0.0,0.0,0.02,0.0,0.0,0.0,0.0,0.0,0.0,0.0,0.0,0.0,0.0,0.0,0.0,0.01,0.01,0.0,0.0,0.0,0.0,0.0,0.04,0.01,0.0,0.0,0.0,0.01,0.0,0.0,0.0,0.0,0.0,0.02,0.0,0.01,0.0,0.01,0.03,0.01,0.0,0.0,0.01,0.0,0.0,0.06999999999999999,0.0,0,0,0.9166666666666666,0.0,1,0.0,0,0.0,0.0,0.5952,easy,19.157,0,0,1,0,0,0,0,0,0,0,0,0,0,0,0,0,0,0,0,0,0
253,128,2,5f18bbe046a7f03dda99c932,2020-07-22 23:30:25.079000+00:00,she is correct in wanting them to speak english but she could of approached it better ,1.0,3,0.5,6,she is correct in wanting them to speak english but she could of approached it better. ,7,16,86,1,0.22035194550667497,0.2664654132436975,0.02,0.01,0.0,0.01,0.01,0.0,0.0,0.01,0.0,0.0,0.02,0.0,0.0,0.0,0.0,0.0,0.0,0.0,0.0,0.0,0.01,0.0,0.0,0.01,0.0,0.0,0.02,0.0,0.0,0.0,0.04,0.01,0.0,0.0,0.0,0.0,0.0,0.0,0.0,0.0,0.01,0.02,0.0,0.0,0.01,0.02,0.04,0.03,0.0,0.01,0.0,0.02,0.0,0.09,0.0,0,0,0.9375,0.0,1,0.0,0,0.25,0.25,0.7936,easy,1.383,0,0,0,0,0,0,0,0,0,0,0,0,0,0,0,0,0,1,0,0,0
253,128,2,5f18bd6646a7f03dda99c9f5,2020-07-22 23:30:25.264000+00:00,she wanted to talk to the men and asked them to include her they decided to get mad about it,1.0,3,0.5,6,she wanted to talk to the men and asked them to include her. they decided to get mad about it.,8,20,92,1,0.6121451187494011,0.852689322379832,0.01,0.0,0.0,0.01,0.0,0.02,0.0,0.0,0.01,0.0,0.02,0.0,0.0,0.0,0.0,0.0,0.0,0.0,0.01,0.0,0.0,0.01,0.01,0.01,0.0,0.02,0.0,0.0,0.0,0.0,0.07,0.01,0.0,0.0,0.0,0.0,0.01,0.0,0.0,0.0,0.0,0.03,0.0,0.01,0.01,0.0,0.04,0.05,0.0,0.0,0.0,0.0,0.0,0.12,0.0,0,0,0.85,0.0,7,0.0,0,1.0,-0.625,0.992,easy,0.185,0,0,0,0,0,0,0,0,0,0,0,0,0,0,0,0,0,0,1,0,0
253,128,2,5f18ba6446a7f03dda99c923,2020-07-22 23:30:42.544000+00:00,ya they overreacted inside of just talking it out,1.0,3,0.5,6,ya they overreacted inside of just talking it out,9,9,49,1,-0.4652861076680959,-0.7594264277445377,0.0,0.0,0.0,0.0,0.0,0.019999999999999997,0.0,0.0,0.009999999999999998,0.0,0.0,0.0,0.0,0.0,0.0,0.0,0.0,0.0,0.0,0.0,0.0,0.0,0.0,0.0,0.0,0.0,0.019999999999999997,0.0,0.0,0.0,0.03,0.009999999999999998,0.0,0.0,0.0,0.0,0.0,0.0,0.0,0.0,0.009999999999999998,0.0,0.0,0.0,0.009999999999999998,0.0,0.03,0.03,0.0,0.0,0.009999999999999998,0.0,0.0,0.05,0.0,0,0,1.0,0.0,2,0.0,0,0.0,0.0,0.44639999999999996,easy,17.28,0,0,0,0,0,0,0,0,0,0,0,0,0,0,0,0,0,0,0,0,0
253,128,2,5d482ea821c9be351f763428,2020-07-22 23:30:42.730000+00:00,i think the sons partner was the asshole and the son was supporting him too much instead of his mom,1.0,3,0.5,6,i think the son's partner was the asshole and the son was supporting him too much instead of his mom.,10,20,99,1,0.5141968254387196,0.7061333450957983,0.0,0.0,0.0,0.01,0.0,0.01,0.0,0.0,0.02,0.0,0.02,0.0,0.01,0.0,0.0,0.0,0.0,0.03,0.0,0.01,0.01,0.01,0.01,0.01,0.0,0.02,0.0,0.0,0.0,0.0,0.06,0.0,0.0,0.0,0.0,0.0,0.01,0.01,0.0,0.0,0.0,0.03,0.01,0.03,0.01,0.02,0.02,0.01,0.0,0.0,0.0,0.01,0.01,0.10999999999999999,0.0,0,0,0.85,0.05,1,0.0,0,0.225,0.225,0.992,easy,0.186,0,0,1,0,1,0,0,0,0,0,0,1,0,0,0,0,0,1,0,0,0
253,128,2,5f18ba6446a7f03dda99c924,2020-07-22 23:30:47.265000+00:00,in my opinion it seemed like she didnt give them a chance before saying they were being disrespectful,1.0,3,0.5,6,"in my opinion, it seemed like she didnt give them a chance before saying they were being disrespectful.",11,18,101,1,0.31830023881735653,0.4130213905277311,0.0,0.01,0.0,0.0,0.0,0.0,0.0,0.0,0.0,0.0,0.01,0.01,0.0,0.0,0.0,0.0,0.0,0.0,0.0,0.0,0.01,0.01,0.0,0.01,0.0,0.03,0.02,0.0,0.0,0.0,0.05,0.01,0.0,0.0,0.0,0.0,0.0,0.01,0.0,0.03,0.0,0.05,0.0,0.01,0.0,0.03,0.03,0.02,0.0,0.01,0.0,0.02,0.01,0.1,0.0,0,0,1.0,0.05555555555555555,0,0.0,0,0.0,0.0,0.8927999999999999,easy,4.535,0,0,0,0,0,0,0,0,0,0,1,0,0,0,0,0,0,1,1,0,0
254,129,0,5f18ba4646a7f03dda99c8d4,2020-07-22 22:54:58.799000+00:00,so can we agree that his initial post is probably closer to reality than his attempt at redeeming himself at the end,1.0,3,0.375,8,"so, can we agree that his initial post is probably closer to reality than his attempt at redeeming himself at the end?",1,22,116,1,0.7100934120600827,0.9468151411965047,0.0,0.0,0.0,0.009999999999999998,0.0,0.009999999999999998,0.0,0.009999999999999998,0.019999999999999997,0.0,0.03,0.0,0.0,0.0,0.0,0.0,0.0,0.0,0.0,0.0,0.009999999999999998,0.0,0.0,0.019999999999999997,0.0,0.0,0.06,0.0,0.0,0.0,0.039999999999999994,0.009999999999999998,0.0,0.0,0.0,0.0,0.0,0.0,0.0,0.009999999999999998,0.0,0.019999999999999997,0.0,0.009999999999999998,0.009999999999999998,0.019999999999999997,0.03,0.039999999999999994,0.009999999999999998,0.0,0.0,0.009999999999999998,0.009999999999999998,0.13,0.009999999999999998,1,0,0.9090909090909091,0.045454545454545456,0,0.0,1,0.25,0.25,1.0912,easy,0.0,0,0,1,0,0,0,0,0,0,1,0,0,0,0,0,0,1,1,0,0,0
254,129,0,5f18b86646a7f03dda99c8ba,2020-07-22 22:55:20.807000+00:00,i can agree to that tho i dont think hes an asshole,1.0,3,0.375,8,"i can agree to that, tho i dont think hes an asshole",2,12,51,1,-0.36733781435741436,-0.5512279931623486,0.0,0.0,0.0,0.01,0.0,0.0,0.0,0.0,0.01,0.0,0.01,0.01,0.01,0.0,0.0,0.0,0.0,0.0,0.0,0.0,0.01,0.01,0.0,0.04,0.0,0.0,0.0,0.0,0.0,0.0,0.01,0.01,0.0,0.0,0.0,0.0,0.01,0.02,0.0,0.0,0.0,0.04,0.0,0.01,0.0,0.03,0.01,0.01,0.0,0.0,0.0,0.0,0.02,0.06,0.0,0,0,0.9166666666666666,0.16666666666666666,3,0.0008051529790660225,0,0.0,0.0,0.5952,easy,22.008,0,0,1,0,1,0,0,0,0,0,1,1,0,0,0,0,0,0,0,0,0
254,129,0,5f18be3846a7f03dda99ca57,2020-07-22 22:55:27.844000+00:00,i also dont think hes the asshole,1.0,3,0.375,8,i also don't think he's the asshole,3,7,33,1,-0.7591309876001406,-1.0959709511110225,0.0,0.0,0.0,0.01,0.0,0.0,0.0,0.0,0.01,0.0,0.01,0.01,0.01,0.0,0.0,0.0,0.0,0.0,0.0,0.0,0.0,0.01,0.0,0.030000000000000002,0.0,0.0,0.0,0.0,0.0,0.0,0.01,0.0,0.0,0.0,0.0,0.0,0.01,0.01,0.0,0.0,0.0,0.030000000000000002,0.0,0.01,0.0,0.02,0.01,0.0,0.0,0.0,0.0,0.0,0.01,0.02,0.0,0,0,1.0,0.14285714285714285,2,0.0008238201029820396,0,0.0,0.0,0.3472,easy,7.037,0,0,1,0,1,0,0,0,0,0,0,1,0,0,0,0,0,0,0,0,0
254,129,0,5ee16ad2896280243c13835a,2020-07-22 22:55:28.667000+00:00,i agree his last ditch effort at explaining himself as not and asshole was unbelievable,1.0,3,0.375,8,"i agree, his last ditch effort at explaining himself as not and asshole was unbelievable",4,15,87,1,0.024455358885311848,-0.006485035213674667,0.0,0.0,0.0,0.02,0.0,0.01,0.0,0.01,0.0,0.0,0.02,0.01,0.01,0.0,0.0,0.0,0.0,0.0,0.0,0.0,0.01,0.01,0.0,0.0,0.0,0.01,0.02,0.0,0.0,0.0,0.03,0.0,0.0,0.0,0.0,0.0,0.01,0.01,0.0,0.0,0.01,0.01,0.0,0.0,0.01,0.01,0.03,0.02,0.0,0.0,0.0,0.0,0.01,0.08,0.0,0,0,1.0,0.06666666666666667,0,0.0004753880472329106,0,0.5333333333333333,-0.125,5.433166666666667,medium,0.823,0,0,0,0,0,0,0,0,0,0,0,1,0,0,0,0,0,0,1,0,0
254,129,0,5e3ae9a1c73b496680fad95e,2020-07-22 22:55:29.979000+00:00,i dont think hes an asshole,1.0,3,0.375,8,i dont think hes an asshole,5,6,27,1,-0.8570792809108222,-1.232156690598191,0.0,0.0,0.0,0.0,0.0,0.0,0.0,0.0,0.0,0.0,0.01,0.01,0.01,0.0,0.0,0.0,0.0,0.0,0.0,0.0,0.0,0.01,0.0,0.03,0.0,0.0,0.0,0.0,0.0,0.0,0.01,0.0,0.0,0.0,0.0,0.0,0.01,0.01,0.0,0.0,0.0,0.03,0.0,0.01,0.0,0.02,0.01,0.0,0.0,0.0,0.0,0.0,0.01,0.02,0.0,0,0,1.0,0.16666666666666666,0,0.0004753880472329106,0,0.0,0.0,0.2976,easy,1.312,0,0,1,0,1,0,0,0,0,0,0,1,0,0,0,0,0,0,0,0,0
254,129,0,5f18bce446a7f03dda99c96a,2020-07-22 22:55:34.698000+00:00,id say thats just speculation  maybe they were venting their frustrations in the post,1.0,3,0.375,8,i'd say that's just speculation.  maybe they were venting their frustrations in the post.,6,14,85,1,0.024455358885311848,-0.006485035213674667,0.0,0.01,0.0,0.0,0.0,0.0,0.0,0.0,0.02,0.0,0.0,0.0,0.0,0.0,0.0,0.0,0.0,0.0,0.0,0.0,0.0,0.0,0.0,0.01,0.0,0.01,0.02,0.0,0.0,0.0,0.03,0.01,0.0,0.0,0.0,0.0,0.01,0.0,0.0,0.01,0.01,0.02,0.0,0.01,0.01,0.02,0.02,0.01,0.0,0.01,0.0,0.0,0.0,0.06,0.01,0,0,1.0,0.0,0,0.0,1,0.0,0.0,5.458757142857143,medium,4.719,0,0,1,0,0,0,0,0,0,0,0,1,0,0,0,0,0,0,1,0,0
254,129,0,5d482eab21c9be351f763e0c,2020-07-22 22:55:42.116000+00:00,i think he was in the way he was expressing himself,1.0,3,0.375,8,i think he was in the way he was expressing himself.,7,11,51,1,-0.36733781435741436,-0.5512279931623486,0.0,0.0,0.0,0.0,0.0,0.0,0.0,0.0,0.0,0.0,0.03,0.0,0.0,0.0,0.0,0.0,0.0,0.0,0.0,0.0,0.0,0.01,0.0,0.01,0.0,0.02,0.02,0.0,0.0,0.0,0.04,0.0,0.0,0.0,0.0,0.0,0.0,0.01,0.0,0.0,0.0,0.03,0.0,0.01,0.0,0.02,0.01,0.01,0.0,0.0,0.0,0.0,0.01,0.08,0.0,0,0,0.8181818181818182,0.09090909090909091,2,0.0,0,0.0,0.0,0.5456,easy,7.418,0,0,1,0,1,0,0,0,0,0,0,1,0,0,0,0,0,0,0,0,0
254,129,0,5f18bc0846a7f03dda99c935,2020-07-22 22:55:43.888000+00:00,i do not agree that his initial post is who he is    it could be an expression of frustration if he claims he was respectful then i give him the benefit of that the doubt,1.0,3,0.375,8,"i do not agree that his initial post is who he is . . . it could be an expression of frustration. if he claims he was respectful, then i give him the benefit of that the doubt.",8,35,170,1,1.8854729317882615,2.5810440150425267,0.02,0.0,0.0,0.02,0.0,0.0,0.0,0.0,0.0,0.01,0.049999999999999996,0.01,0.0,0.0,0.0,0.0,0.0,0.0,0.01,0.0,0.02,0.0,0.0,0.04,0.0,0.01,0.03,0.0,0.0,0.0,0.08,0.04,0.0,0.0,0.0,0.0,0.01,0.02,0.0,0.02,0.02,0.06999999999999999,0.0,0.03,0.0,0.06,0.04,0.02,0.0,0.0,0.0,0.02,0.02,0.24,0.0,0,0,0.8,0.05714285714285714,6,0.00031036623215394165,0,0.35,0.25,1.736,easy,1.772,0,0,1,0,1,0,0,0,0,0,1,1,0,0,0,0,1,1,1,0,0
254,129,0,5f18b78a46a7f03dda99c86a,2020-07-22 22:55:46.726000+00:00,yes and while his frustration is understandable and not exactly racist it is rather insensitive,1.0,3,0.375,8,"yes. and while his frustration is understandable, and not exactly racist, it is rather insensitive",9,15,95,1,0.1224036521959934,0.1297007042734938,0.009999999999999998,0.0,0.0,0.03,0.009999999999999998,0.019999999999999997,0.0,0.0,0.009999999999999998,0.0,0.009999999999999998,0.009999999999999998,0.0,0.0,0.0,0.0,0.0,0.0,0.0,0.0,0.0,0.009999999999999998,0.0,0.019999999999999997,0.0,0.0,0.009999999999999998,0.0,0.0,0.0,0.009999999999999998,0.009999999999999998,0.0,0.0,0.0,0.0,0.009999999999999998,0.0,0.0,0.0,0.019999999999999997,0.019999999999999997,0.0,0.0,0.03,0.019999999999999997,0.06,0.0,0.0,0.0,0.0,0.009999999999999998,0.0,0.07999999999999999,0.0,0,0,0.8666666666666667,0.0,5,0.016666666666666666,0,0.25,-0.125,6.485833333333334,difficult,2.838,0,0,1,0,0,0,0,0,0,0,0,0,0,0,0,0,0,1,1,0,0
254,129,0,5ee16ad2896280243c13835a,2020-07-22 22:55:52.003000+00:00,i think he could have encouraged her differently more positively,1.0,3,0.375,8,"i think he could have ""encouraged"" her differently, more positively",10,10,64,1,-0.4652861076680959,-0.6874137326495171,0.01,0.0,0.0,0.0,0.01,0.0,0.0,0.0,0.0,0.0,0.02,0.0,0.0,0.0,0.0,0.0,0.0,0.0,0.0,0.01,0.02,0.01,0.0,0.02,0.0,0.0,0.0,0.0,0.0,0.0,0.03,0.0,0.0,0.0,0.0,0.0,0.0,0.01,0.0,0.0,0.0,0.03,0.0,0.0,0.0,0.02,0.03,0.0,0.0,0.0,0.0,0.01,0.01,0.05,0.0,0,0,1.0,0.1,0,0.0,0,0.5227272727272727,0.36363636363636365,0.496,easy,5.277,0,0,1,0,1,0,0,0,0,0,0,1,0,0,0,0,0,1,0,0,0
254,129,0,5e3ae9a1c73b496680fad95e,2020-07-22 22:55:55.200000+00:00,he married his wife knowing this may be an issue,1.0,3,0.375,8,he married his wife knowing this may be an issue,11,10,48,1,-0.36733781435741436,-0.5512279931623486,0.0,0.0,0.0,0.0,0.0,0.0,0.0,0.0,0.0,0.0,0.019999999999999997,0.0,0.0,0.0,0.0,0.0,0.0,0.019999999999999997,0.0,0.0,0.0,0.009999999999999998,0.0,0.0,0.009999999999999998,0.0,0.0,0.0,0.0,0.0,0.039999999999999994,0.009999999999999998,0.0,0.0,0.0,0.0,0.0,0.0,0.0,0.009999999999999998,0.0,0.019999999999999997,0.0,0.009999999999999998,0.0,0.019999999999999997,0.03,0.0,0.0,0.0,0.0,0.0,0.0,0.05,0.0,0,0,1.0,0.0,1,0.0,0,0.25,0.25,0.496,easy,3.197,0,0,1,0,0,0,0,0,0,0,0,0,0,0,0,0,0,0,1,0,0
254,129,0,5d482eab21c9be351f763e0c,2020-07-22 22:55:55.980000+00:00,was he venting yes in a very asshole way,1.0,3,0.375,8,was he venting yes in a very asshole way.,12,9,40,1,-0.4652861076680959,-0.6874137326495171,0.0,0.0,0.0,0.0,0.0,0.0,0.0,0.0,0.010000000000000002,0.0,0.010000000000000002,0.0,0.010000000000000002,0.0,0.0,0.0,0.0,0.0,0.0,0.0,0.0,0.0,0.0,0.0,0.0,0.010000000000000002,0.010000000000000002,0.0,0.0,0.0,0.010000000000000002,0.0,0.0,0.0,0.0,0.0,0.010000000000000002,0.0,0.0,0.0,0.0,0.010000000000000002,0.0,0.010000000000000002,0.010000000000000002,0.010000000000000002,0.0,0.010000000000000002,0.0,0.0,0.0,0.010000000000000002,0.0,0.05,0.0,0,0,1.0,0.0,1,0.0,0,0.3,0.2,0.44639999999999996,easy,0.78,0,0,0,0,0,0,0,0,0,0,0,0,0,0,0,0,0,0,0,0,0
254,129,0,5f18be3846a7f03dda99ca57,2020-07-22 22:56:05.080000+00:00,i think at the worst he was probably a little harshunkind but i do think it was somewhat warranted,1.0,3,0.375,8,"i think at the worst he was probably a little harsh/unkind, but i do think it was somewhat warranted",13,19,98,1,0.31830023881735653,0.4020721832478308,0.0,0.0,0.0,0.009999999999999998,0.0,0.0,0.0,0.0,0.009999999999999998,0.0,0.009999999999999998,0.0,0.0,0.0,0.0,0.0,0.0,0.0,0.009999999999999998,0.019999999999999997,0.0,0.019999999999999997,0.0,0.03,0.0,0.019999999999999997,0.019999999999999997,0.0,0.0,0.0,0.009999999999999998,0.009999999999999998,0.0,0.0,0.0,0.0,0.0,0.019999999999999997,0.0,0.019999999999999997,0.009999999999999998,0.05,0.0,0.019999999999999997,0.009999999999999998,0.03,0.05,0.009999999999999998,0.0,0.0,0.0,0.009999999999999998,0.019999999999999997,0.11,0.019999999999999997,0,0,0.8421052631578947,0.10526315789473684,4,0.0,1,0.75,-0.59375,0.9424,easy,9.1,0,0,1,0,1,0,0,0,0,0,1,1,0,0,0,0,1,0,1,0,0
254,129,0,5ee16ad2896280243c13835a,2020-07-22 22:56:13.314000+00:00,he came off as an asshole even if it wasnt his intent,1.0,3,0.375,8,he came off as an asshole even if it wasn't his intent,14,12,53,1,-0.17144122773605125,-0.27885651418801166,0.01,0.0,0.0,0.02,0.0,0.01,0.0,0.0,0.01,0.0,0.02,0.01,0.01,0.0,0.0,0.0,0.0,0.0,0.0,0.0,0.0,0.0,0.0,0.0,0.0,0.02,0.02,0.0,0.0,0.0,0.02,0.01,0.0,0.0,0.0,0.01,0.01,0.0,0.0,0.01,0.01,0.02,0.0,0.01,0.0,0.01,0.030000000000000002,0.02,0.0,0.0,0.0,0.0,0.0,0.07,0.0,0,0,1.0,0.0,2,0.0,0,0.0,0.0,0.5952,easy,8.234,0,0,0,0,0,0,0,0,0,0,0,0,0,0,0,0,0,0,0,0,0
254,129,0,5f18bc0846a7f03dda99c935,2020-07-22 22:56:16.818000+00:00,i would be really annoyed too  as long as he was not rude he is not an asshole in my book,1.0,3,0.375,8,"i would be really annoyed too.  as long as he was not rude, he is not an asshole in my book.",15,21,89,1,0.5141968254387196,0.6744436622221678,0.01,0.0,0.0,0.02,0.0,0.0,0.0,0.0,0.02,0.0,0.02,0.02,0.01,0.0,0.0,0.0,0.0,0.0,0.01,0.0,0.0,0.0,0.0,0.01,0.01,0.01,0.02,0.0,0.0,0.0,0.02,0.0,0.0,0.01,0.0,0.0,0.03,0.02,0.0,0.0,0.03,0.04,0.0,0.01,0.01,0.04,0.04,0.03,0.0,0.0,0.0,0.0,0.02,0.13999999999999999,0.0,0,0,0.8571428571428571,0.09523809523809523,5,0.0003202049311559398,0,0.6000000000000001,-0.10000000000000002,1.0415999999999999,easy,3.504,0,0,0,0,0,1,0,0,0,0,1,1,0,0,0,0,0,0,1,0,0
254,129,0,5d482eab21c9be351f763e0c,2020-07-22 22:56:19.565000+00:00,very true he knew the situation he was marrying into,1.0,3,0.375,8,very true he knew the situation he was marrying into,16,10,52,1,-0.36733781435741436,-0.5512279931623486,0.0,0.0,0.0,0.0,0.01,0.01,0.0,0.0,0.01,0.0,0.02,0.0,0.0,0.0,0.0,0.0,0.0,0.0,0.0,0.0,0.01,0.01,0.0,0.0,0.0,0.02,0.01,0.0,0.0,0.0,0.02,0.0,0.0,0.0,0.0,0.0,0.0,0.0,0.0,0.0,0.0,0.02,0.0,0.01,0.0,0.01,0.030000000000000002,0.01,0.0,0.0,0.0,0.0,0.0,0.060000000000000005,0.0,0,0,0.9,0.0,3,0.0,0,0.8450000000000001,0.45499999999999996,0.496,easy,2.747,0,0,0,0,0,0,0,0,0,0,0,0,0,0,0,0,0,0,0,0,0
255,129,2,5f18bce446a7f03dda99c96a,2020-07-22 23:24:44.459000+00:00,this is a tough one,0.75,1,0.125,8,this is a tough one.,1,5,19,1,-0.8570792809108222,-1.2316891934798668,0.0,0.0,0.0,0.0,0.0,0.0,0.0,0.0,0.0,0.0,0.0,0.0,0.0,0.0,0.0,0.0,0.0,0.0,0.0,0.0,0.0,0.0,0.0,0.01,0.0,0.0,0.0,0.0,0.0,0.0,0.0,0.01,0.0,0.0,0.0,0.0,0.0,0.0,0.0,0.0,0.0,0.01,0.0,0.01,0.0,0.01,0.0,0.0,0.0,0.0,0.0,0.02,0.0,0.03,0.0,0,0,1.0,0.0,0,0.0,0,0.8333333333333334,-0.3888888888888889,0.248,easy,0.0,0,0,0,0,0,0,0,0,0,0,0,0,0,0,0,0,0,1,0,0,0
255,129,2,5f18be3846a7f03dda99ca57,2020-07-22 23:24:51.605000+00:00,i think shes the asshole,0.75,1,0.125,8,i think she's the asshole.,2,5,24,1,-0.9550275742215037,-1.377149420317213,0.0,0.0,0.0,0.0,0.0,0.0,0.0,0.0,0.0,0.0,0.009999999999999998,0.0,0.009999999999999998,0.0,0.0,0.0,0.0,0.0,0.0,0.0,0.0,0.009999999999999998,0.0,0.019999999999999997,0.0,0.0,0.0,0.0,0.0,0.0,0.009999999999999998,0.0,0.0,0.0,0.0,0.0,0.009999999999999998,0.009999999999999998,0.0,0.0,0.0,0.019999999999999997,0.0,0.009999999999999998,0.0,0.009999999999999998,0.009999999999999998,0.0,0.0,0.0,0.0,0.0,0.009999999999999998,0.019999999999999997,0.0,0,0,1.0,0.2,0,0.0,0,0.0,0.0,0.248,easy,7.146,0,0,1,0,1,0,0,0,0,0,0,1,0,0,0,0,0,0,0,0,0
255,129,2,5f18ba4646a7f03dda99c8d4,2020-07-22 23:24:51.866000+00:00,so shes mad at him for not liking her dump her parents on him all the time,0.75,1,0.125,8,so she's mad at him for not liking her dump her parents on him all the time,3,17,74,1,0.31830023881735653,0.5138335285682879,0.0,0.0,0.0,0.01,0.01,0.0,0.0,0.0,0.01,0.0,0.05,0.01,0.0,0.0,0.0,0.0,0.0,0.01,0.02,0.0,0.01,0.0,0.0,0.01,0.0,0.0,0.030000000000000002,0.0,0.0,0.0,0.060000000000000005,0.0,0.0,0.0,0.0,0.0,0.02,0.0,0.0,0.0,0.01,0.01,0.0,0.01,0.01,0.01,0.02,0.030000000000000002,0.0,0.0,0.0,0.01,0.0,0.11,0.0,0,0,0.8823529411764706,0.0,2,0.0,0,1.0,-0.625,0.8432,easy,0.261,0,0,0,0,0,0,0,0,0,0,0,0,0,0,0,0,1,1,1,0,0
255,129,2,5d482eab21c9be351f763e0c,2020-07-22 23:24:55.801000+00:00,i felt that she was overwhelmed by her situation,0.75,1,0.125,8,i felt that she was overwhelmed by her situation.,4,9,48,1,-0.5632344009787775,-0.7953085129678281,0.0,0.0,0.0,0.0,0.0,0.0,0.0,0.0,0.0,0.009999999999999998,0.019999999999999997,0.0,0.0,0.0,0.0,0.0,0.0,0.0,0.0,0.0,0.0,0.009999999999999998,0.0,0.0,0.0,0.019999999999999997,0.0,0.0,0.0,0.009999999999999998,0.019999999999999997,0.009999999999999998,0.0,0.0,0.0,0.0,0.0,0.009999999999999998,0.009999999999999998,0.0,0.0,0.019999999999999997,0.0,0.0,0.0,0.009999999999999998,0.009999999999999998,0.009999999999999998,0.0,0.009999999999999998,0.0,0.0,0.009999999999999998,0.06,0.0,0,0,1.0,0.1111111111111111,1,0.0,0,0.0,0.0,0.44639999999999996,easy,3.935,0,0,1,0,1,0,0,0,0,0,0,1,0,0,0,0,0,0,1,0,0
255,129,2,5f18b86646a7f03dda99c8ba,2020-07-22 23:24:57.140000+00:00,i agree personally im leaning towards shes the asshole,0.75,1,0.125,8,"i agree, personally im leaning towards shes the asshole",5,9,54,1,-0.5632344009787775,-0.7953085129678281,0.0,0.0,0.0,0.0,0.0,0.0,0.0,0.0,0.0,0.0,0.01,0.0,0.01,0.0,0.0,0.0,0.0,0.0,0.0,0.0,0.01,0.0,0.0,0.01,0.0,0.0,0.01,0.0,0.0,0.0,0.01,0.0,0.0,0.0,0.0,0.0,0.01,0.01,0.0,0.0,0.0,0.01,0.0,0.01,0.0,0.01,0.0,0.01,0.0,0.0,0.0,0.0,0.01,0.02,0.0,0,0,1.0,0.1111111111111111,0,0.00015518311607697082,0,0.3,0.0,0.44639999999999996,easy,1.339,0,0,0,0,0,0,0,0,0,0,1,1,0,0,0,0,0,0,0,0,0
255,129,2,5f18ba4646a7f03dda99c8d4,2020-07-22 23:24:59.474000+00:00,i definitely think shes the asshole,0.75,1,0.125,8,i definitely think she's the asshole,6,6,35,1,-0.8570792809108222,-1.2316891934798668,0.0,0.0,0.0,0.0,0.009999999999999998,0.0,0.0,0.0,0.009999999999999998,0.0,0.009999999999999998,0.0,0.009999999999999998,0.0,0.0,0.0,0.0,0.0,0.0,0.0,0.009999999999999998,0.009999999999999998,0.0,0.019999999999999997,0.0,0.0,0.0,0.0,0.0,0.0,0.009999999999999998,0.0,0.0,0.0,0.0,0.0,0.009999999999999998,0.009999999999999998,0.0,0.0,0.0,0.019999999999999997,0.0,0.009999999999999998,0.0,0.009999999999999998,0.019999999999999997,0.0,0.0,0.0,0.0,0.0,0.009999999999999998,0.019999999999999997,0.0,0,0,1.0,0.16666666666666666,2,0.0004753880472329106,0,0.5,0.0,0.2976,easy,2.334,0,0,1,0,1,0,0,0,0,0,0,1,0,0,0,0,0,0,0,0,0
255,129,2,5ee16ad2896280243c13835a,2020-07-22 23:25:01.285000+00:00,it is assholish for her to pass the responsibilty of her mother to her husband,0.75,1,0.125,8,it is assholish for her to pass the responsibilty of her mother to her husband,7,15,78,1,0.1224036521959934,0.22291307489359544,0.0,0.0,0.0,0.0,0.0,0.0,0.0,0.01,0.0,0.0,0.030000000000000002,0.0,0.0,0.0,0.0,0.0,0.0,0.02,0.0,0.0,0.0,0.0,0.0,0.01,0.0,0.0,0.01,0.0,0.01,0.0,0.049999999999999996,0.01,0.0,0.01,0.0,0.0,0.0,0.0,0.0,0.0,0.0,0.01,0.0,0.01,0.0,0.01,0.01,0.04,0.0,0.0,0.0,0.0,0.0,0.09999999999999999,0.0,0,0,0.8,0.0,1,0.0,0,0.0,0.0,5.433166666666667,medium,1.811,0,0,0,0,0,0,0,0,0,0,0,0,0,0,0,0,0,0,0,0,0
255,129,2,5f18bc0846a7f03dda99c935,2020-07-22 23:25:04.307000+00:00,the key is she admits she is trying to make my husband    do it,0.75,1,0.125,8,the key is she admits she is trying to 'make my husband . . .' do it,8,14,63,1,-0.07349293442536971,-0.06800737878109703,0.0,0.0,0.0,0.0,0.0,0.0,0.0,0.01,0.0,0.0,0.02,0.0,0.0,0.0,0.0,0.0,0.0,0.01,0.0,0.0,0.0,0.01,0.0,0.049999999999999996,0.0,0.0,0.0,0.0,0.0,0.0,0.04,0.01,0.0,0.0,0.0,0.01,0.0,0.01,0.0,0.0,0.0,0.049999999999999996,0.0,0.01,0.0,0.03,0.02,0.01,0.0,0.0,0.0,0.0,0.01,0.09,0.0,1,0,0.8571428571428571,0.07142857142857142,5,0.000727802037845706,0,1.0,0.0,0.6944,easy,3.022,0,0,0,0,0,0,0,0,0,0,1,0,0,0,0,0,0,0,0,0,0
255,129,2,5f18be3846a7f03dda99ca57,2020-07-22 23:25:05.120000+00:00,if she doesnt have time for her mom than why should he,0.75,1,0.125,8,"if she doesn't have time for her mom, than why should he?",9,12,54,1,-0.17144122773605125,-0.21346760561844325,0.02,0.0,0.0,0.01,0.0,0.0,0.0,0.0,0.0,0.0,0.03,0.01,0.0,0.0,0.0,0.0,0.0,0.01,0.0,0.0,0.0,0.0,0.0,0.02,0.01,0.0,0.01,0.0,0.0,0.0,0.04,0.0,0.0,0.0,0.0,0.01,0.0,0.0,0.0,0.01,0.01,0.03,0.0,0.0,0.0,0.03,0.03,0.02,0.0,0.0,0.0,0.0,0.0,0.09,0.0,1,0,1.0,0.0,1,0.0,0,0.0,0.0,0.5952,easy,0.813,0,0,1,0,1,0,0,0,0,0,0,0,0,0,0,0,0,0,0,0,0
255,129,2,5d482eab21c9be351f763e0c,2020-07-22 23:25:07.647000+00:00,i dont feel she is an asshole,0.75,1,0.125,8,i don't feel she is an asshole.,10,7,29,1,-0.7591309876001406,-1.0862289666425207,0.0,0.0,0.0,0.0,0.0,0.0,0.0,0.0,0.0,0.0,0.009999999999999998,0.009999999999999998,0.009999999999999998,0.0,0.0,0.0,0.0,0.0,0.0,0.0,0.0,0.009999999999999998,0.0,0.03,0.0,0.0,0.0,0.0,0.0,0.0,0.009999999999999998,0.0,0.0,0.0,0.0,0.0,0.009999999999999998,0.009999999999999998,0.009999999999999998,0.0,0.0,0.03,0.0,0.009999999999999998,0.0,0.019999999999999997,0.009999999999999998,0.0,0.0,0.009999999999999998,0.0,0.0,0.009999999999999998,0.039999999999999994,0.0,0,0,1.0,0.14285714285714285,1,0.0,0,0.0,0.0,0.3472,easy,2.527,0,0,1,0,1,0,0,0,0,0,0,1,0,0,0,0,0,0,0,0,0
255,129,2,5f18b78a46a7f03dda99c86a,2020-07-22 23:25:19.832000+00:00,i think it shouldnt be a problem as long is its not all the time,0.75,1,0.125,8,i think it shouldn't be a problem as long is its not all the time,11,15,64,1,0.024455358885311848,0.0774528480562492,0.02,0.0,0.0,0.01,0.01,0.0,0.0,0.0,0.0,0.0,0.0,0.02,0.0,0.0,0.0,0.0,0.0,0.0,0.0,0.0,0.0,0.01,0.0,0.02,0.01,0.0,0.02,0.0,0.0,0.0,0.0,0.02,0.0,0.0,0.0,0.0,0.0,0.01,0.0,0.0,0.01,0.04,0.0,0.02,0.0,0.03,0.05,0.01,0.0,0.0,0.0,0.01,0.01,0.1,0.0,0,0,1.0,0.06666666666666667,1,0.00015518311607697082,0,0.4,-0.05,0.744,easy,12.185,0,0,1,0,1,0,0,0,0,0,0,1,0,0,0,0,0,0,1,0,0
255,129,2,5f18ba4646a7f03dda99c8d4,2020-07-22 23:25:26.848000+00:00,she flat out said she dumped it off on him,0.75,1,0.125,8,she flat out said she dumped it off on him,12,10,42,1,-0.36733781435741436,-0.5043880592931357,0.0,0.009999999999999998,0.0,0.0,0.0,0.009999999999999998,0.0,0.0,0.0,0.0,0.03,0.0,0.0,0.0,0.0,0.0,0.0,0.0,0.009999999999999998,0.0,0.0,0.0,0.0,0.0,0.0,0.009999999999999998,0.03,0.0,0.0,0.0,0.039999999999999994,0.009999999999999998,0.0,0.0,0.0,0.0,0.009999999999999998,0.0,0.0,0.0,0.0,0.009999999999999998,0.0,0.0,0.0,0.0,0.009999999999999998,0.03,0.0,0.009999999999999998,0.0,0.0,0.0,0.06999999999999999,0.0,0,0,0.9,0.0,1,0.0,0,0.125,-0.025,0.496,easy,7.016,0,0,0,0,0,0,0,0,0,0,0,0,0,0,0,0,0,0,1,0,0
255,129,2,5ee16ad2896280243c13835a,2020-07-22 23:25:28.855000+00:00,if it shouldnt be a problem for him to spare 10mins why cant she also spare that time for her own mother,0.75,1,0.125,8,"if it shouldn't be a problem for him to spare 10mins, why can't she also spare that time for her own mother?",13,22,104,1,0.8080417053707643,1.241134662755019,0.030000000000000002,0.0,0.0,0.02,0.0,0.0,0.0,0.0,0.01,0.0,0.030000000000000002,0.02,0.0,0.0,0.0,0.0,0.0,0.01,0.0,0.01,0.0,0.0,0.0,0.01,0.01,0.0,0.01,0.0,0.0,0.0,0.04,0.02,0.0,0.0,0.0,0.01,0.0,0.0,0.0,0.01,0.01,0.030000000000000002,0.0,0.01,0.0,0.030000000000000002,0.04,0.030000000000000002,0.0,0.0,0.0,0.01,0.0,0.13,0.0,1,0,0.9090909090909091,0.0,3,0.0,0,1.0,0.6,1.0912,easy,2.007,0,0,1,0,0,0,0,0,0,0,0,0,0,0,0,0,0,0,1,0,0
255,129,2,5d482eab21c9be351f763e0c,2020-07-22 23:25:29.122000+00:00,again when you marry into hispanic culture you have to care for the parents,0.75,1,0.125,8,again when you marry into hispanic culture you have to care for the parents.,14,14,75,1,0.024455358885311848,0.0774528480562492,0.0,0.0,0.0,0.01,0.0,0.01,0.0,0.0,0.02,0.0,0.0,0.0,0.0,0.0,0.0,0.0,0.0,0.01,0.0,0.0,0.01,0.0,0.0,0.02,0.0,0.0,0.03,0.0,0.0,0.0,0.04,0.0,0.0,0.0,0.0,0.0,0.0,0.0,0.0,0.0,0.0,0.02,0.0,0.01,0.0,0.01,0.01,0.03,0.0,0.0,0.02,0.0,0.0,0.09,0.0,0,0,0.9285714285714286,0.0,2,0.0,0,0.0,0.0,0.6944,easy,0.267,0,0,0,0,0,0,0,0,0,0,0,0,1,0,0,0,0,0,0,0,0
255,129,2,5f18ba4646a7f03dda99c8d4,2020-07-22 23:25:34.765000+00:00,because she values her time more than she values his,0.75,1,0.125,8,because she values her time more than she values his,15,10,52,1,-0.36733781435741436,-0.5043880592931357,0.0,0.0,0.0,0.01,0.0,0.0,0.0,0.0,0.0,0.0,0.04,0.0,0.0,0.0,0.0,0.0,0.0,0.0,0.0,0.01,0.02,0.0,0.0,0.0,0.0,0.0,0.01,0.0,0.0,0.0,0.04,0.0,0.0,0.0,0.0,0.01,0.0,0.0,0.0,0.0,0.0,0.0,0.0,0.0,0.01,0.0,0.01,0.01,0.0,0.0,0.0,0.0,0.0,0.06999999999999999,0.0,0,0,0.8,0.0,0,0.0,0,0.5,0.5,0.496,easy,5.643,0,0,0,0,0,0,0,0,0,0,0,0,0,0,0,0,0,0,0,0,0
255,129,2,5f18b86646a7f03dda99c8ba,2020-07-22 23:25:38.685000+00:00,i hated the fact that she said she felt she had to be t he trailblazer for her family and lead the way she couldnt have thought to teach her parents some english as she was learning it,0.75,1,0.125,8,i hated the fact that she said she felt she had to be t he trailblazer for her family and lead the way. she couldnt have thought to teach her parents some english as she was learning it?,16,38,184,1,2.2772661050309875,3.4230380653152124,0.01,0.01,0.01,0.02,0.01,0.01,0.0,0.01,0.0,0.0,0.08,0.01,0.0,0.0,0.0,0.0,0.0,0.02,0.0,0.01,0.0,0.03,0.0,0.01,0.0,0.06,0.02,0.0,0.0,0.0,0.11000000000000001,0.02,0.0,0.03,0.0,0.01,0.01,0.01,0.01,0.01,0.0,0.09000000000000001,0.0,0.02,0.01,0.05,0.08,0.04,0.0,0.02,0.0,0.01,0.01,0.24,0.0,1,0,0.8157894736842105,0.02631578947368421,7,0.0,0,0.35,-0.45,1.8848,easy,3.92,0,0,1,0,1,0,0,0,0,0,0,1,0,0,0,0,0,1,1,0,0
255,129,2,5f18bc0846a7f03dda99c935,2020-07-22 23:25:48.004000+00:00,she is in the wrong    she shouldnt be making him pressuring him    she should be helping her mom herself or getting her mom a translator,0.75,1,0.125,8,"she is in the wrong . . . she shouldn't be making him, pressuring him . . . she should be helping her mom herself, or getting her mom a translator",17,25,137,1,1.101886585302809,1.6775153432670578,0.02,0.0,0.0,0.01,0.0,0.0,0.0,0.0,0.0,0.01,0.08,0.01,0.0,0.0,0.0,0.0,0.0,0.02,0.01,0.0,0.01,0.0,0.0,0.01,0.02,0.0,0.01,0.0,0.0,0.0,0.11,0.0,0.0,0.0,0.0,0.01,0.0,0.0,0.0,0.01,0.01,0.05,0.0,0.02,0.0,0.05,0.04,0.01,0.0,0.0,0.0,0.02,0.0,0.16,0.0,0,0,0.76,0.0,8,0.0,0,0.9,-0.5,1.24,easy,9.319,0,0,1,0,0,0,0,0,0,0,0,0,0,0,0,0,0,1,1,0,0
255,129,2,5f18be3846a7f03dda99ca57,2020-07-22 23:25:50.071000+00:00,yeah but shes not shes making her husband do it and doing something else she prefers to do,0.75,1,0.125,8,"yeah, but she's not. she's making her husband do it and doing something else she prefers to do.",18,18,90,1,0.4162485321280381,0.6592937554056341,0.01,0.0,0.0,0.02,0.0,0.01,0.0,0.0,0.0,0.0,0.04,0.01,0.0,0.0,0.0,0.0,0.0,0.01,0.0,0.01,0.0,0.01,0.0,0.04,0.0,0.0,0.0,0.0,0.0,0.0,0.049999999999999996,0.02,0.0,0.0,0.0,0.01,0.0,0.0,0.0,0.01,0.03,0.049999999999999996,0.0,0.0,0.02,0.049999999999999996,0.06,0.01,0.0,0.0,0.0,0.01,0.0,0.09999999999999999,0.0,0,0,0.8888888888888888,0.0,2,0.005780346820809248,0,0.0,0.0,0.8927999999999999,easy,2.067,0,0,0,0,0,0,0,0,0,0,0,0,0,0,0,0,1,1,0,0,0
255,129,2,5f18bce446a7f03dda99c96a,2020-07-22 23:25:54.403000+00:00,i feel like the way shes talking about her husband is pretty assholeish but i dont think asking for his help is necessarily a bad thing,0.75,1,0.125,8,"i feel like the way she's talking about her husband is pretty assholeish, but i don't think asking for his help is necessarily a bad thing.",19,26,135,1,1.0039382919921274,1.5320551164297114,0.0,0.0,0.0,0.01,0.01,0.0,0.0,0.0,0.01,0.0,0.030000000000000002,0.01,0.01,0.0,0.0,0.0,0.0,0.01,0.0,0.0,0.02,0.02,0.0,0.060000000000000005,0.0,0.0,0.01,0.0,0.0,0.0,0.07,0.01,0.0,0.0,0.0,0.0,0.01,0.02,0.01,0.01,0.01,0.060000000000000005,0.0,0.02,0.01,0.04,0.05,0.02,0.0,0.01,0.0,0.030000000000000002,0.02,0.11000000000000001,0.0,0,0,0.9230769230769231,0.07692307692307693,3,0.000727802037845706,0,0.8333333333333333,-0.22499999999999992,1.8969076923076922,easy,4.332,0,0,1,0,1,0,0,0,0,0,1,1,0,0,0,0,1,1,1,0,0
255,129,2,5d482eab21c9be351f763e0c,2020-07-22 23:26:07.932000+00:00,he knew what he was marrying into,0.75,1,0.125,8,he knew what he was marrying into.,20,7,33,1,-0.6611826942894591,-0.9407687398051744,0.0,0.0,0.0,0.0,0.0,0.01,0.0,0.0,0.0,0.0,0.02,0.0,0.0,0.0,0.0,0.0,0.0,0.0,0.0,0.0,0.0,0.01,0.0,0.0,0.0,0.02,0.01,0.0,0.0,0.0,0.02,0.01,0.0,0.0,0.0,0.0,0.0,0.0,0.0,0.0,0.0,0.02,0.0,0.0,0.0,0.01,0.02,0.01,0.0,0.0,0.0,0.0,0.0,0.05,0.0,0,0,0.8571428571428571,0.0,0,0.0,0,0.0,0.0,0.3472,easy,13.529,0,0,0,0,0,0,0,0,0,0,0,0,0,0,0,0,0,0,0,0,0
256,130,0,5f18bc3a46a7f03dda99c94b,2020-07-22 22:49:43.070000+00:00,hello,1.0,2,0.25,8,hello,1,1,5,1,-1.2488724541535483,-0.9245732027598117,0.0,0.0,0.0,0.0,0.0,0.0,0.0,0.0,0.0,0.0,0.0,0.0,0.0,0.0,0.0,0.0,0.0,0.0,0.0,0.0,0.0,0.0,0.0,0.0,0.0,0.0,0.0,0.0,0.0,0.0,0.010000000000000002,0.0,0.0,0.0,0.0,0.0,0.0,0.0,0.0,0.0,0.0,0.0,0.0,0.0,0.0,0.0,0.0,0.0,0.0,0.0,0.0,0.0,0.0,0.0,0.0,0,0,1.0,0.0,0,0.0,0,0.0,0.0,0.0496,easy,0.0,0,0,0,0,0,0,0,0,0,0,0,0,0,0,1,0,0,0,0,0,0
256,130,0,5ee16cf8896280243c138460,2020-07-22 22:49:45.748000+00:00,hi,1.0,2,0.25,8,hi,2,1,2,1,-1.2488724541535483,-0.9245732027598117,0.0,0.0,0.0,0.0,0.0,0.0,0.0,0.0,0.0,0.0,0.0,0.0,0.0,0.0,0.0,0.0,0.0,0.0,0.0,0.0,0.0,0.0,0.0,0.0,0.0,0.0,0.0,0.0,0.0,0.0,0.01,0.0,0.0,0.0,0.0,0.0,0.0,0.0,0.0,0.0,0.0,0.0,0.0,0.0,0.0,0.0,0.0,0.0,0.0,0.0,0.0,0.0,0.0,0.0,0.0,0,0,1.0,0.0,0,0.0,0,0.0,0.0,0.0496,easy,2.678,0,0,0,0,0,0,0,0,0,0,0,0,0,0,1,0,0,0,0,0,0
256,130,0,5d482eab21c9be351f763e16,2020-07-22 22:49:47.808000+00:00,hello,1.0,2,0.25,8,hello,3,1,5,1,-1.2488724541535483,-0.9245732027598117,0.0,0.0,0.0,0.0,0.0,0.0,0.0,0.0,0.0,0.0,0.0,0.0,0.0,0.0,0.0,0.0,0.0,0.0,0.0,0.0,0.0,0.0,0.0,0.0,0.0,0.0,0.0,0.0,0.0,0.0,0.010000000000000002,0.0,0.0,0.0,0.0,0.0,0.0,0.0,0.0,0.0,0.0,0.0,0.0,0.0,0.0,0.0,0.0,0.0,0.0,0.0,0.0,0.0,0.0,0.0,0.0,0,0,1.0,0.0,0,0.0,0,0.0,0.0,0.0496,easy,2.06,0,0,0,0,0,0,0,0,0,0,0,0,0,0,1,0,0,0,0,0,0
256,130,0,5f18bbea46a7f03dda99c933,2020-07-22 22:49:49.399000+00:00,hello,1.0,2,0.25,8,hello,4,1,5,1,-1.2488724541535483,-0.9245732027598117,0.0,0.0,0.0,0.0,0.0,0.0,0.0,0.0,0.0,0.0,0.0,0.0,0.0,0.0,0.0,0.0,0.0,0.0,0.0,0.0,0.0,0.0,0.0,0.0,0.0,0.0,0.0,0.0,0.0,0.0,0.010000000000000002,0.0,0.0,0.0,0.0,0.0,0.0,0.0,0.0,0.0,0.0,0.0,0.0,0.0,0.0,0.0,0.0,0.0,0.0,0.0,0.0,0.0,0.0,0.0,0.0,0,0,1.0,0.0,0,0.0070921985815602835,0,0.0,0.0,0.0496,easy,1.591,0,0,0,0,0,0,0,0,0,0,0,0,0,0,1,0,0,0,0,0,0
256,130,0,5d482ea921c9be351f763721,2020-07-22 22:49:50.779000+00:00,hi,1.0,2,0.25,8,hi,5,1,2,1,-1.2488724541535483,-0.9245732027598117,0.0,0.0,0.0,0.0,0.0,0.0,0.0,0.0,0.0,0.0,0.0,0.0,0.0,0.0,0.0,0.0,0.0,0.0,0.0,0.0,0.0,0.0,0.0,0.0,0.0,0.0,0.0,0.0,0.0,0.0,0.01,0.0,0.0,0.0,0.0,0.0,0.0,0.0,0.0,0.0,0.0,0.0,0.0,0.0,0.0,0.0,0.0,0.0,0.0,0.0,0.0,0.0,0.0,0.0,0.0,0,0,1.0,0.0,0,0.0,0,0.0,0.0,0.0496,easy,1.38,0,0,0,0,0,0,0,0,0,0,0,0,0,0,1,0,0,0,0,0,0
256,130,0,5d482eaa21c9be351f763934,2020-07-22 22:49:51.003000+00:00,hi,1.0,2,0.25,8,hi,6,1,2,1,-1.2488724541535483,-0.9245732027598117,0.0,0.0,0.0,0.0,0.0,0.0,0.0,0.0,0.0,0.0,0.0,0.0,0.0,0.0,0.0,0.0,0.0,0.0,0.0,0.0,0.0,0.0,0.0,0.0,0.0,0.0,0.0,0.0,0.0,0.0,0.01,0.0,0.0,0.0,0.0,0.0,0.0,0.0,0.0,0.0,0.0,0.0,0.0,0.0,0.0,0.0,0.0,0.0,0.0,0.0,0.0,0.0,0.0,0.0,0.0,0,0,1.0,0.0,1,0.0,0,0.0,0.0,0.0496,easy,0.224,0,0,0,0,0,0,0,0,0,0,0,0,0,0,1,0,0,0,0,0,0
256,130,0,5ee16cf8896280243c138460,2020-07-22 22:50:19.944000+00:00,my impression is that the guy is the asshole,1.0,2,0.25,8,my impression is that the guy is the asshole.,7,9,44,1,-0.4652861076680959,-0.26526752056897107,0.0,0.0,0.0,0.0,0.0,0.0,0.0,0.0,0.0,0.0,0.0,0.0,0.01,0.0,0.0,0.0,0.0,0.0,0.0,0.0,0.01,0.0,0.01,0.02,0.0,0.0,0.0,0.0,0.0,0.0,0.01,0.01,0.0,0.0,0.0,0.0,0.01,0.01,0.0,0.0,0.0,0.02,0.0,0.02,0.0,0.02,0.0,0.0,0.0,0.0,0.0,0.0,0.01,0.06,0.0,0,0,0.7777777777777778,0.0,0,0.0,0,0.0,0.0,0.44639999999999996,easy,28.941,0,0,0,0,0,0,0,0,0,0,0,1,0,0,0,0,0,0,0,0,0
256,130,0,5f18bbea46a7f03dda99c933,2020-07-22 22:50:20.419000+00:00,i think that the daughter is the asshole by not interpreting andor at least encouraging her husband to use his english,1.0,2,0.25,8,i think that the daughter is the asshole by not interpreting and/or at least encouraging her husband to use his english,8,21,118,1,0.6121451187494011,0.6412777924434349,0.0,0.0,0.0,0.0,0.0,0.0,0.0,0.0,0.0,0.0,0.02,0.01,0.01,0.0,0.0,0.0,0.0,0.02,0.0,0.01,0.01,0.02,0.0,0.03,0.0,0.0,0.01,0.0,0.0,0.0,0.049999999999999996,0.01,0.0,0.0,0.0,0.01,0.01,0.01,0.0,0.0,0.01,0.03,0.0,0.02,0.0,0.01,0.04,0.03,0.0,0.0,0.0,0.01,0.01,0.11,0.0,0,0,0.9523809523809523,0.047619047619047616,4,0.0003202049311559398,0,0.2,-0.15,1.793504761904762,easy,0.475,0,0,1,0,1,0,0,0,0,0,0,1,0,0,0,0,0,1,0,0,0
256,130,0,5f18bc3a46a7f03dda99c94b,2020-07-22 22:50:28.166000+00:00,i agree,1.0,2,0.25,8,i agree,9,2,7,1,-1.2488724541535483,-0.9245732027598117,0.0,0.0,0.0,0.0,0.0,0.0,0.0,0.0,0.0,0.0,0.0,0.0,0.0,0.0,0.0,0.0,0.0,0.0,0.0,0.0,0.01,0.0,0.0,0.0,0.0,0.0,0.0,0.0,0.0,0.0,0.0,0.0,0.0,0.0,0.0,0.0,0.0,0.01,0.0,0.0,0.0,0.0,0.0,0.0,0.0,0.0,0.0,0.0,0.0,0.0,0.0,0.0,0.01,0.01,0.0,0,0,1.0,0.5,0,0.00015518311607697082,0,0.0,0.0,0.0992,easy,7.747,0,0,0,0,0,0,0,0,0,0,0,1,0,0,0,0,0,0,0,0,0
256,130,0,5ee16cf8896280243c138460,2020-07-22 22:50:31.658000+00:00,i think theyre both men btw im american 25m and recently married a german guy 23m,1.0,2,0.25,8,"i think they're both men btw ""i'm american (25m) and recently married a german guy (23m).""",10,16,81,1,0.1224036521959934,0.22921174107415945,0.0,0.0,0.0,0.01,0.0,0.02,0.0,0.0,0.0,0.0,0.0,0.0,0.0,0.0,0.0,0.0,0.0,0.01,0.0,0.01,0.0,0.01,0.02,0.02,0.0,0.0,0.02,0.0,0.0,0.0,0.04,0.0,0.0,0.0,0.0,0.0,0.0,0.01,0.0,0.0,0.0,0.02,0.0,0.01,0.01,0.01,0.03,0.0,0.0,0.0,0.0,0.01,0.01,0.04,0.0,0,0,1.0,0.0625,0,0.00015518311607697082,0,0.08333333333333333,0.08333333333333333,0.7936,easy,3.492,0,0,1,0,1,0,0,0,0,0,1,1,0,0,0,0,0,0,0,0,0
256,130,0,5f18bbea46a7f03dda99c933,2020-07-22 22:50:48.124000+00:00,the husband is definitely an asshole but were judging the oops my mistake womans child here,1.0,2,0.25,8,"the husband is definitely an asshole, but we're judging the (oops my mistake) woman's child here.",11,16,91,1,0.1224036521959934,0.22921174107415945,0.010000000000000002,0.0,0.0,0.010000000000000002,0.010000000000000002,0.0,0.0,0.0,0.020000000000000004,0.0,0.0,0.0,0.010000000000000002,0.0,0.0,0.0,0.0,0.010000000000000002,0.0,0.0,0.010000000000000002,0.0,0.010000000000000002,0.010000000000000002,0.0,0.010000000000000002,0.0,0.0,0.0,0.0,0.020000000000000004,0.0,0.0,0.0,0.0,0.0,0.010000000000000002,0.010000000000000002,0.0,0.0,0.010000000000000002,0.020000000000000004,0.0,0.030000000000000002,0.010000000000000002,0.020000000000000004,0.030000000000000002,0.0,0.0,0.0,0.0,0.0,0.010000000000000002,0.08000000000000002,0.0,0,0,0.9375,0.0625,0,0.0,0,0.5,0.0,0.7936,easy,16.466,0,0,0,0,0,0,0,0,1,0,1,0,0,0,0,0,0,0,1,0,0
256,130,0,5f18bc7646a7f03dda99c960,2020-07-22 22:50:49.930000+00:00,no daughter son,1.0,2,0.25,8,"no daughter, son.",12,3,15,1,-1.0529758675321852,-0.7597467822121016,0.0,0.0,0.0,0.0,0.0,0.0,0.0,0.0,0.0,0.0,0.0,0.01,0.0,0.0,0.0,0.0,0.0,0.02,0.0,0.0,0.0,0.0,0.0,0.0,0.0,0.0,0.0,0.0,0.0,0.0,0.02,0.0,0.0,0.0,0.0,0.0,0.0,0.0,0.0,0.0,0.0,0.0,0.0,0.0,0.01,0.0,0.0,0.0,0.0,0.0,0.0,0.0,0.0,0.01,0.0,0,0,1.0,0.0,0,0.0,0,0.0,0.0,0.1488,easy,1.806,0,0,0,0,0,0,0,0,0,0,0,0,0,0,0,0,0,0,0,0,0
256,130,0,5f18bbea46a7f03dda99c933,2020-07-22 22:50:59.950000+00:00,i misread thank you for calling that out,1.0,2,0.25,8,i misread thank you for calling that out!,13,8,40,1,-0.6611826942894591,-0.4300939411166812,0.0,0.0,0.0,0.0,0.0,0.010000000000000002,0.0,0.0,0.0,0.0,0.0,0.0,0.0,0.0,0.0,0.0,0.0,0.0,0.0,0.0,0.010000000000000002,0.0,0.0,0.010000000000000002,0.0,0.0,0.010000000000000002,0.0,0.0,0.0,0.020000000000000004,0.010000000000000002,0.0,0.0,0.0,0.0,0.0,0.010000000000000002,0.0,0.0,0.0,0.010000000000000002,0.0,0.0,0.0,0.0,0.010000000000000002,0.020000000000000004,0.0,0.0,0.010000000000000002,0.010000000000000002,0.010000000000000002,0.05,0.0,0,0,1.0,0.125,0,0.0,0,0.0,0.0,0.3968,easy,10.02,0,0,0,0,0,0,0,1,0,0,0,1,1,0,0,0,0,1,1,0,0
256,130,0,5d482eab21c9be351f763e16,2020-07-22 22:51:03.529000+00:00,the two men went to visit his american mother so they should have respected her,1.0,2,0.25,8,the two men went to visit his american mother so they should have respected her.,14,15,79,1,0.1224036521959934,0.22921174107415945,0.01,0.0,0.0,0.01,0.0,0.0,0.0,0.0,0.01,0.0,0.02,0.0,0.0,0.0,0.0,0.0,0.0,0.01,0.0,0.0,0.0,0.0,0.01,0.01,0.01,0.01,0.02,0.0,0.0,0.0,0.060000000000000005,0.0,0.0,0.0,0.0,0.0,0.0,0.0,0.0,0.0,0.0,0.030000000000000002,0.0,0.01,0.01,0.02,0.01,0.01,0.0,0.0,0.0,0.0,0.0,0.08,0.0,0,0,1.0,0.0,0,0.0,0,0.0,0.0,0.744,easy,3.579,0,0,1,0,0,0,0,0,0,0,0,0,0,0,0,0,0,0,0,0,0
256,130,0,5f18bc3a46a7f03dda99c94b,2020-07-22 22:51:08.069000+00:00,i mean it seems the german guy could probably at least listen to the english,1.0,2,0.25,8,"i mean, it seems the german guy could probably at least listen to the english",15,15,76,1,0.024455358885311848,0.14679853080030436,0.01,0.01,0.0,0.0,0.0,0.0,0.0,0.0,0.01,0.0,0.0,0.0,0.0,0.0,0.0,0.0,0.0,0.0,0.0,0.01,0.0,0.02,0.01,0.03,0.0,0.0,0.01,0.0,0.0,0.0,0.02,0.01,0.0,0.0,0.0,0.0,0.0,0.01,0.0,0.02,0.0,0.04,0.0,0.02,0.0,0.01,0.04,0.02,0.0,0.01,0.0,0.0,0.01,0.06,0.01,0,0,0.9333333333333333,0.06666666666666667,3,0.0,1,0.271875,-0.153125,0.744,easy,4.54,0,0,1,0,1,0,0,0,0,0,0,1,0,0,0,0,0,0,0,0,0
256,130,0,5d482ea921c9be351f763721,2020-07-22 22:51:09.410000+00:00,yes i also agree definitively an asshole,1.0,2,0.25,8,yes i also agree definitively an asshole,16,7,40,1,-0.7591309876001406,-0.5125071513905363,0.0,0.0,0.0,0.010000000000000002,0.010000000000000002,0.0,0.0,0.0,0.010000000000000002,0.0,0.0,0.0,0.010000000000000002,0.0,0.0,0.0,0.0,0.0,0.0,0.0,0.010000000000000002,0.0,0.0,0.0,0.0,0.0,0.0,0.0,0.0,0.0,0.0,0.0,0.0,0.0,0.0,0.0,0.010000000000000002,0.010000000000000002,0.0,0.0,0.0,0.0,0.0,0.010000000000000002,0.010000000000000002,0.0,0.010000000000000002,0.0,0.0,0.0,0.0,0.0,0.010000000000000002,0.020000000000000004,0.0,0,0,1.0,0.14285714285714285,0,0.00015518311607697082,0,0.0,0.0,0.3472,easy,1.341,0,0,0,0,0,0,0,0,0,0,1,0,0,0,0,0,0,0,0,0,0
257,130,2,5f18bbea46a7f03dda99c933,2020-07-22 23:19:34.119000+00:00,hi everyone,1.0,0,0.0,8,hi everyone,1,2,11,1,-1.2488724541535483,-1.1027277386592147,0.0,0.0,0.0,0.0,0.0,0.0,0.0,0.0,0.0,0.0,0.0,0.0,0.0,0.0,0.0,0.0,0.0,0.0,0.0,0.0,0.0,0.0,0.0,0.0,0.0,0.0,0.0,0.0,0.0,0.0,0.02,0.01,0.0,0.0,0.0,0.0,0.0,0.0,0.0,0.0,0.0,0.0,0.0,0.0,0.0,0.0,0.0,0.0,0.0,0.0,0.0,0.0,0.0,0.0,0.0,0,0,1.0,0.5,0,0.0,0,0.0,0.0,0.0992,easy,0.0,0,0,0,0,0,0,0,0,0,0,0,0,0,0,1,0,0,0,0,0,0
257,130,2,5ee16cf8896280243c138460,2020-07-22 23:19:34.395000+00:00,hello,1.0,0,0.0,8,hello,2,1,5,1,-1.2488724541535483,-1.1027277386592147,0.0,0.0,0.0,0.0,0.0,0.0,0.0,0.0,0.0,0.0,0.0,0.0,0.0,0.0,0.0,0.0,0.0,0.0,0.0,0.0,0.0,0.0,0.0,0.0,0.0,0.0,0.0,0.0,0.0,0.0,0.010000000000000002,0.0,0.0,0.0,0.0,0.0,0.0,0.0,0.0,0.0,0.0,0.0,0.0,0.0,0.0,0.0,0.0,0.0,0.0,0.0,0.0,0.0,0.0,0.0,0.0,0,0,1.0,0.0,0,0.0,0,0.0,0.0,0.0496,easy,0.276,0,0,0,0,0,0,0,0,0,0,0,0,0,0,1,0,0,0,0,0,0
257,130,2,5d482eaa21c9be351f763934,2020-07-22 23:19:38.067000+00:00,hi,1.0,0,0.0,8,hi,3,1,2,1,-1.2488724541535483,-1.1027277386592147,0.0,0.0,0.0,0.0,0.0,0.0,0.0,0.0,0.0,0.0,0.0,0.0,0.0,0.0,0.0,0.0,0.0,0.0,0.0,0.0,0.0,0.0,0.0,0.0,0.0,0.0,0.0,0.0,0.0,0.0,0.01,0.0,0.0,0.0,0.0,0.0,0.0,0.0,0.0,0.0,0.0,0.0,0.0,0.0,0.0,0.0,0.0,0.0,0.0,0.0,0.0,0.0,0.0,0.0,0.0,0,0,1.0,0.0,0,0.0,0,0.0,0.0,0.0496,easy,3.672,0,0,0,0,0,0,0,0,0,0,0,0,0,0,1,0,0,0,0,0,0
257,130,2,5f18ba6446a7f03dda99c925,2020-07-22 23:19:40.408000+00:00,hi all,1.0,0,0.0,8,hi all!,4,2,6,1,-1.2488724541535483,-1.1027277386592147,0.0,0.0,0.0,0.0,0.009999999999999998,0.0,0.0,0.0,0.0,0.0,0.0,0.0,0.0,0.0,0.0,0.0,0.0,0.0,0.0,0.0,0.0,0.0,0.0,0.0,0.0,0.0,0.0,0.0,0.0,0.0,0.009999999999999998,0.0,0.0,0.0,0.0,0.0,0.0,0.0,0.0,0.0,0.0,0.0,0.0,0.0,0.0,0.0,0.009999999999999998,0.0,0.0,0.0,0.0,0.0,0.0,0.009999999999999998,0.0,0,0,1.0,0.5,1,0.0,0,0.0,0.0,0.0992,easy,2.341,0,0,0,0,0,0,0,0,0,0,0,0,0,0,1,0,0,0,0,0,0
257,130,2,5ee16cf8896280243c138460,2020-07-22 23:19:44.083000+00:00,this is kinda the reverse of the first scenario,1.0,0,0.0,8,this is kinda the reverse of the first scenario,5,9,47,1,-0.4652861076680959,-0.3113241900700157,0.0,0.0,0.0,0.0,0.0,0.0,0.0,0.009999999999999998,0.0,0.0,0.0,0.0,0.0,0.0,0.0,0.0,0.0,0.0,0.0,0.0,0.0,0.0,0.0,0.009999999999999998,0.0,0.0,0.009999999999999998,0.0,0.0,0.0,0.0,0.009999999999999998,0.0,0.0,0.0,0.0,0.0,0.0,0.0,0.009999999999999998,0.0,0.009999999999999998,0.0,0.019999999999999997,0.0,0.009999999999999998,0.009999999999999998,0.009999999999999998,0.0,0.0,0.0,0.0,0.0,0.049999999999999996,0.0,0,0,0.8888888888888888,0.0,0,0.0,0,0.3333333333333333,0.25,0.44639999999999996,easy,3.675,0,0,0,0,0,0,0,0,0,0,0,0,0,0,0,0,0,0,0,0,0
257,130,2,5d482eab21c9be351f763e16,2020-07-22 23:19:48.164000+00:00,this is just like the first one but in reverse,1.0,0,0.0,8,this is just like the first one but in reverse.,6,10,46,1,-0.36733781435741436,-0.21239874649636584,0.0,0.0,0.0,0.01,0.0,0.0,0.0,0.01,0.01,0.0,0.0,0.0,0.0,0.0,0.0,0.0,0.0,0.0,0.0,0.0,0.01,0.0,0.0,0.01,0.0,0.0,0.02,0.0,0.0,0.0,0.0,0.01,0.0,0.0,0.0,0.0,0.0,0.0,0.0,0.0,0.02,0.01,0.0,0.01,0.02,0.01,0.02,0.01,0.0,0.0,0.0,0.01,0.0,0.06,0.0,0,0,1.0,0.0,3,0.25636942675159236,0,0.3333333333333333,0.25,0.496,easy,4.081,0,0,0,0,0,0,0,0,0,0,0,0,0,0,0,0,0,1,0,0,0
257,130,2,5f18bbea46a7f03dda99c933,2020-07-22 23:19:54.701000+00:00,this reminds me of the first aita except from the mothers point of view and french ha,1.0,0,0.0,8,this reminds me of the first aita except from the mother's point of view (and french ha),7,17,85,1,0.22035194550667497,0.38115391494553336,0.0,0.0,0.0,0.01,0.0,0.01,0.0,0.01,0.0,0.0,0.0,0.0,0.0,0.0,0.0,0.01,0.0,0.01,0.0,0.0,0.01,0.0,0.0,0.0,0.0,0.0,0.02,0.0,0.0,0.0,0.01,0.01,0.0,0.0,0.0,0.0,0.0,0.01,0.0,0.0,0.01,0.0,0.0,0.02,0.01,0.0,0.02,0.04,0.0,0.01,0.0,0.0,0.01,0.08,0.0,0,0,0.8823529411764706,0.058823529411764705,3,0.006369426751592357,0,0.16666666666666666,0.125,0.8432,easy,6.537,0,0,0,0,0,0,0,0,0,0,0,0,0,0,0,0,0,0,0,0,0
257,130,2,5f18bc7646a7f03dda99c960,2020-07-22 23:19:57.553000+00:00,if her description of the event is actually accurate may not be she wouldnt be the asshole,1.0,0,0.0,8,"if her description of the event is actually accurate (may not be), she wouldn't be the asshole.",8,17,90,1,0.31830023881735653,0.4800793585191832,0.02,0.0,0.0,0.01,0.01,0.0,0.0,0.0,0.01,0.0,0.02,0.02,0.01,0.0,0.0,0.0,0.0,0.0,0.0,0.0,0.0,0.0,0.0,0.01,0.02,0.0,0.01,0.0,0.0,0.0,0.02,0.0,0.0,0.0,0.0,0.0,0.01,0.0,0.0,0.02,0.02,0.049999999999999996,0.0,0.02,0.01,0.049999999999999996,0.049999999999999996,0.01,0.0,0.0,0.0,0.01,0.0,0.09999999999999999,0.0,0,0,0.8823529411764706,0.0,3,0.0,0,0.6333333333333334,0.4000000000000001,0.8432,easy,2.852,0,0,1,0,0,1,0,0,0,0,0,0,0,0,0,0,0,1,0,0,0
257,130,2,5ee16cf8896280243c138460,2020-07-22 23:20:02.211000+00:00,haha same thoughts eagerzebra,1.0,0,0.0,8,haha same thoughts eagerzebra,9,4,29,1,-0.9550275742215037,-0.805951407938265,0.0,0.0,0.0,0.0,0.0,0.0,0.0,0.0,0.0,0.0,0.0,0.0,0.0,0.0,0.0,0.0,0.0,0.0,0.0,0.009999999999999998,0.019999999999999997,0.009999999999999998,0.0,0.0,0.0,0.0,0.0,0.0,0.0,0.0,0.0,0.0,0.0,0.0,0.0,0.0,0.0,0.0,0.0,0.0,0.0,0.0,0.0,0.0,0.0,0.0,0.019999999999999997,0.0,0.0,0.0,0.0,0.0,0.0,0.009999999999999998,0.0,0,0,1.0,0.0,0,0.0,0,0.2125,0.1,0.1984,easy,4.658,0,0,0,0,0,0,0,0,0,0,0,0,0,0,0,0,0,0,0,0,0
257,130,2,5f18bc7646a7f03dda99c960,2020-07-22 23:20:05.686000+00:00,curiousdolphin exactly,1.0,0,0.0,8,curiousdolphin exactly!,10,2,22,1,-1.1509241608428669,-1.0038022950855647,0.0,0.0,0.0,0.0,0.01,0.0,0.0,0.0,0.0,0.0,0.0,0.0,0.0,0.0,0.0,0.0,0.0,0.0,0.0,0.0,0.0,0.01,0.0,0.0,0.0,0.0,0.0,0.0,0.0,0.0,0.0,0.0,0.0,0.0,0.0,0.0,0.0,0.0,0.0,0.0,0.0,0.0,0.0,0.0,0.0,0.0,0.02,0.0,0.0,0.0,0.0,0.0,0.0,0.0,0.0,0,0,1.0,0.0,0,0.0,0,0.25,0.25,11.630700000000001,difficult,3.475,0,0,0,0,0,0,0,0,0,0,0,0,0,0,0,0,0,0,0,0,0
257,130,2,5d482eab21c9be351f763e16,2020-07-22 23:20:06.251000+00:00,yes delightedelephant,1.0,0,0.0,8,yes delightedelephant,11,2,21,1,-1.1509241608428669,-1.0038022950855647,0.0,0.0,0.0,0.0,0.0,0.0,0.0,0.0,0.0,0.0,0.0,0.0,0.0,0.0,0.0,0.0,0.0,0.0,0.0,0.0,0.009999999999999998,0.0,0.0,0.0,0.0,0.0,0.0,0.0,0.0,0.0,0.0,0.0,0.0,0.0,0.0,0.0,0.0,0.0,0.0,0.0,0.0,0.0,0.0,0.0,0.009999999999999998,0.0,0.0,0.0,0.0,0.0,0.0,0.0,0.0,0.0,0.0,0,0,1.0,0.0,0,0.0,0,0.0,0.0,0.0992,easy,0.565,0,0,0,0,0,0,0,0,0,0,0,0,0,0,0,0,0,0,0,0,0
257,130,2,5f18bbea46a7f03dda99c933,2020-07-22 23:20:07.738000+00:00,i agree excitedbear,1.0,0,0.0,8,i agree excitedbear,12,3,19,1,-1.1509241608428669,-1.0038022950855647,0.0,0.0,0.0,0.0,0.0,0.0,0.0,0.0,0.0,0.0,0.0,0.0,0.0,0.0,0.0,0.0,0.0,0.0,0.0,0.0,0.02,0.0,0.0,0.0,0.0,0.0,0.0,0.0,0.0,0.0,0.0,0.0,0.0,0.0,0.0,0.0,0.0,0.01,0.0,0.0,0.0,0.0,0.0,0.0,0.0,0.0,0.0,0.0,0.0,0.0,0.0,0.0,0.01,0.01,0.0,0,0,1.0,0.3333333333333333,0,0.0,0,0.0,0.0,0.1488,easy,1.487,0,0,0,0,0,0,0,0,0,0,0,1,0,0,0,0,0,0,0,0,0
257,130,2,5ee16cf8896280243c138460,2020-07-22 23:20:16.838000+00:00,yeah its a fair request,1.0,0,0.0,8,"yeah, it's a fair request",13,5,23,1,-0.8570792809108222,-0.7070259643646152,0.0,0.0,0.0,0.0,0.0,0.0,0.0,0.0,0.0,0.0,0.0,0.0,0.0,0.0,0.0,0.0,0.0,0.0,0.0,0.0,0.0,0.0,0.0,0.0,0.0,0.0,0.0,0.0,0.0,0.0,0.01,0.01,0.0,0.0,0.0,0.0,0.0,0.0,0.0,0.0,0.0,0.0,0.0,0.01,0.0,0.0,0.0,0.0,0.0,0.0,0.0,0.02,0.0,0.02,0.0,0,0,1.0,0.0,0,0.0,0,0.9,0.7,0.248,easy,9.1,0,0,0,0,0,0,0,0,0,0,0,0,0,0,0,0,0,1,0,0,0
257,130,2,5d482eab21c9be351f763e16,2020-07-22 23:20:17.658000+00:00,the mother is not an asshole,1.0,0,0.0,8,the mother is not an asshole,14,6,28,1,-0.7591309876001406,-0.6081005207909653,0.0,0.0,0.0,0.0,0.0,0.0,0.0,0.0,0.0,0.0,0.0,0.01,0.01,0.0,0.0,0.0,0.0,0.01,0.0,0.0,0.0,0.0,0.0,0.01,0.0,0.0,0.0,0.0,0.0,0.0,0.01,0.0,0.0,0.0,0.0,0.0,0.01,0.0,0.0,0.0,0.01,0.01,0.0,0.02,0.0,0.01,0.01,0.0,0.0,0.0,0.0,0.0,0.0,0.04,0.0,0,0,1.0,0.0,0,0.0,0,0.0,0.0,0.2976,easy,0.82,0,0,0,0,0,0,0,0,0,0,0,0,0,0,0,0,0,0,0,0,0
257,130,2,5ee16cf8896280243c138460,2020-07-22 23:20:22.515000+00:00,i dont think she was impolite about it,1.0,0,0.0,8,i don't think she was impolite about it,15,8,38,1,-0.6611826942894591,-0.5091750772173155,0.0,0.0,0.0,0.0,0.0,0.0,0.0,0.0,0.01,0.0,0.01,0.01,0.0,0.0,0.0,0.0,0.0,0.0,0.01,0.0,0.0,0.01,0.0,0.02,0.0,0.01,0.0,0.0,0.0,0.0,0.01,0.01,0.0,0.0,0.0,0.0,0.0,0.01,0.0,0.0,0.0,0.03,0.0,0.0,0.0,0.02,0.01,0.01,0.0,0.0,0.0,0.0,0.01,0.049999999999999996,0.0,0,0,1.0,0.125,0,0.0,0,0.0,0.0,0.3968,easy,4.857,0,0,1,0,1,0,0,0,0,0,0,1,0,0,0,0,0,0,1,0,0
257,130,2,5d482eab21c9be351f763ed6,2020-07-22 23:20:25.802000+00:00,yup definitely like the first scenario,1.0,0,0.0,8,"yup, definitely like the first scenario.",16,6,38,1,-0.7591309876001406,-0.6081005207909653,0.0,0.0,0.0,0.0,0.01,0.0,0.0,0.01,0.01,0.0,0.0,0.0,0.0,0.0,0.0,0.0,0.0,0.0,0.0,0.0,0.02,0.0,0.0,0.0,0.0,0.0,0.01,0.0,0.0,0.0,0.0,0.0,0.0,0.0,0.0,0.0,0.0,0.0,0.0,0.0,0.0,0.0,0.0,0.01,0.0,0.0,0.01,0.0,0.0,0.0,0.0,0.01,0.0,0.01,0.0,0,0,1.0,0.0,0,0.0,0,0.41666666666666663,0.125,0.2976,easy,3.287,0,0,0,0,0,0,0,0,0,0,0,0,0,0,0,0,0,1,0,0,0
257,130,2,5f18bc3a46a7f03dda99c94b,2020-07-22 23:20:33.280000+00:00,so i think the son is being the asshole because they were all sitting together the husband can speak english why wouldnt they just speak english,1.0,0,0.0,8,"so i think the son is being the asshole because they were all sitting together, the husband can speak english, why wouldn't they just speak english?",17,26,144,1,1.101886585302809,1.2714829071083822,0.009999999999999998,0.019999999999999997,0.0,0.019999999999999997,0.009999999999999998,0.0,0.0,0.0,0.019999999999999997,0.0,0.0,0.009999999999999998,0.009999999999999998,0.0,0.0,0.0,0.0,0.019999999999999997,0.0,0.0,0.0,0.009999999999999998,0.0,0.03,0.009999999999999998,0.009999999999999998,0.019999999999999997,0.0,0.0,0.0,0.06,0.0,0.0,0.0,0.0,0.019999999999999997,0.009999999999999998,0.009999999999999998,0.0,0.0,0.009999999999999998,0.06,0.0,0.03,0.03,0.05,0.06,0.0,0.0,0.019999999999999997,0.0,0.0,0.009999999999999998,0.15,0.0,1,0,0.8076923076923077,0.038461538461538464,3,0.0,0,0.0,0.0,1.2895999999999999,easy,7.478,0,0,1,0,1,0,0,0,0,0,1,0,0,0,0,0,1,0,0,0,0
258,131,0,5f18b79446a7f03dda99c86e,2020-07-22 22:37:35.491000+00:00,hi guys,0.625,1,0.125,8,hi guys,1,2,7,1,-1.2488724541535483,-1.1326053424798663,0.0,0.0,0.0,0.0,0.0,0.0,0.0,0.0,0.0,0.0,0.0,0.0,0.0,0.0,0.0,0.0,0.0,0.0,0.0,0.0,0.0,0.0,0.01,0.0,0.0,0.0,0.0,0.0,0.0,0.0,0.02,0.0,0.0,0.0,0.0,0.0,0.0,0.0,0.0,0.0,0.0,0.0,0.0,0.0,0.0,0.0,0.0,0.0,0.0,0.0,0.0,0.0,0.0,0.0,0.0,0,0,1.0,0.5,0,0.0,0,0.0,0.0,0.0992,easy,0.0,0,0,0,0,0,0,0,0,0,0,0,0,0,0,1,0,0,0,0,0,0
258,131,0,5f18b75846a7f03dda99c864,2020-07-22 22:37:48.398000+00:00,hi,0.625,1,0.125,8,hi,2,1,2,1,-1.2488724541535483,-1.1326053424798663,0.0,0.0,0.0,0.0,0.0,0.0,0.0,0.0,0.0,0.0,0.0,0.0,0.0,0.0,0.0,0.0,0.0,0.0,0.0,0.0,0.0,0.0,0.0,0.0,0.0,0.0,0.0,0.0,0.0,0.0,0.01,0.0,0.0,0.0,0.0,0.0,0.0,0.0,0.0,0.0,0.0,0.0,0.0,0.0,0.0,0.0,0.0,0.0,0.0,0.0,0.0,0.0,0.0,0.0,0.0,0,0,1.0,0.0,1,0.0,0,0.0,0.0,0.0496,easy,12.907,0,0,0,0,0,0,0,0,0,0,0,0,0,0,1,0,0,0,0,0,0
258,131,0,5d482eaa21c9be351f763a7a,2020-07-22 22:37:53.974000+00:00,hi,0.625,1,0.125,8,hi,3,1,2,1,-1.2488724541535483,-1.1326053424798663,0.0,0.0,0.0,0.0,0.0,0.0,0.0,0.0,0.0,0.0,0.0,0.0,0.0,0.0,0.0,0.0,0.0,0.0,0.0,0.0,0.0,0.0,0.0,0.0,0.0,0.0,0.0,0.0,0.0,0.0,0.01,0.0,0.0,0.0,0.0,0.0,0.0,0.0,0.0,0.0,0.0,0.0,0.0,0.0,0.0,0.0,0.0,0.0,0.0,0.0,0.0,0.0,0.0,0.0,0.0,0,0,1.0,0.0,1,0.0,0,0.0,0.0,0.0496,easy,5.576,0,0,0,0,0,0,0,0,0,0,0,0,0,0,1,0,0,0,0,0,0
258,131,0,5f1323102ce49169326082e2,2020-07-22 22:37:57.964000+00:00,hi there,0.625,1,0.125,8,hi there,4,2,8,1,-1.2488724541535483,-1.1326053424798663,0.0,0.0,0.0,0.0,0.0,0.0,0.0,0.0,0.01,0.0,0.0,0.0,0.0,0.0,0.0,0.0,0.0,0.0,0.0,0.0,0.0,0.0,0.0,0.0,0.0,0.0,0.0,0.0,0.0,0.0,0.01,0.0,0.0,0.0,0.0,0.0,0.0,0.0,0.0,0.0,0.0,0.0,0.0,0.0,0.0,0.0,0.0,0.0,0.0,0.0,0.0,0.0,0.0,0.01,0.0,0,0,1.0,0.5,1,0.0,0,0.0,0.0,0.0992,easy,3.99,0,0,0,0,0,0,0,0,0,0,0,0,0,0,1,0,0,0,0,0,0
258,131,0,5d482eaa21c9be351f763c6e,2020-07-22 22:37:58.848000+00:00,hello i think hes an asshole,0.625,1,0.125,8,"hello, i think he's an asshole.",5,6,28,1,-0.8570792809108222,-0.7841113909475997,0.0,0.0,0.0,0.0,0.0,0.0,0.0,0.0,0.0,0.0,0.01,0.0,0.01,0.0,0.0,0.0,0.0,0.0,0.0,0.0,0.0,0.01,0.0,0.02,0.0,0.0,0.0,0.0,0.0,0.0,0.02,0.0,0.0,0.0,0.0,0.0,0.01,0.01,0.0,0.0,0.0,0.02,0.0,0.01,0.0,0.01,0.01,0.0,0.0,0.0,0.0,0.0,0.01,0.02,0.0,0,0,1.0,0.16666666666666666,0,0.0,0,0.0,0.0,0.2976,easy,0.884,0,0,1,0,1,0,0,0,0,0,1,0,0,0,1,0,0,0,0,0,0
258,131,0,5f18b78a46a7f03dda99c869,2020-07-22 22:37:58.964000+00:00,hello,0.625,1,0.125,8,hello,6,1,5,1,-1.2488724541535483,-1.1326053424798663,0.0,0.0,0.0,0.0,0.0,0.0,0.0,0.0,0.0,0.0,0.0,0.0,0.0,0.0,0.0,0.0,0.0,0.0,0.0,0.0,0.0,0.0,0.0,0.0,0.0,0.0,0.0,0.0,0.0,0.0,0.010000000000000002,0.0,0.0,0.0,0.0,0.0,0.0,0.0,0.0,0.0,0.0,0.0,0.0,0.0,0.0,0.0,0.0,0.0,0.0,0.0,0.0,0.0,0.0,0.0,0.0,0,0,1.0,0.0,0,0.0070921985815602835,0,0.0,0.0,0.0496,easy,0.116,0,0,0,0,0,0,0,0,0,0,0,0,0,0,1,0,0,0,0,0,0
258,131,0,5f1323102ce49169326082e2,2020-07-22 22:38:04.324000+00:00,i dont believe hes the asshole  he has his own life to live and his mil needs to stop being a crutch after so many years,0.625,1,0.125,8,i don't believe he's the asshole.  he has his own life to live and his mil needs to stop being a crutch after so many years.,7,26,120,1,1.101886585302809,0.958358366713733,0.01,0.0,0.0,0.02,0.0,0.01,0.01,0.0,0.01,0.0,0.04,0.01,0.01,0.0,0.01,0.0,0.0,0.0,0.0,0.02,0.0,0.01,0.0,0.049999999999999996,0.0,0.0,0.03,0.0,0.01,0.0,0.04,0.0,0.0,0.0,0.0,0.0,0.01,0.01,0.0,0.0,0.0,0.06,0.0,0.02,0.02,0.04,0.04,0.03,0.0,0.0,0.0,0.01,0.01,0.13999999999999999,0.0,0,0,0.9230769230769231,0.038461538461538464,0,0.0,0,0.6666666666666666,0.4121212121212121,1.2895999999999999,easy,5.36,0,0,0,0,0,0,0,0,0,0,0,1,0,0,0,0,0,0,0,0,0
258,131,0,5d482eaa21c9be351f763900,2020-07-22 22:38:07.905000+00:00,i am voting that this guy is being the asshole but it is his decision to make hes just not going to be looked at well by his in laws ,0.625,1,0.125,8,"i am voting that this guy is being the asshole, but it is his decision to make, he's just not going to be looked at well by his in laws ",8,30,133,1,1.4936797585455353,1.3068523182459995,0.0,0.0,0.0,0.01,0.0,0.0,0.0,0.0,0.02,0.0,0.03,0.01,0.01,0.0,0.0,0.01,0.0,0.0,0.0,0.0,0.01,0.01,0.01,0.05,0.0,0.01,0.03,0.0,0.0,0.0,0.04,0.03,0.0,0.0,0.0,0.01,0.01,0.01,0.0,0.0,0.03,0.08,0.0,0.01,0.03,0.06,0.05,0.05,0.0,0.01,0.0,0.01,0.01,0.2,0.0,0,0,0.9,0.03333333333333333,7,0.0004753880472329106,0,0.0,0.0,1.488,easy,3.581,0,0,0,0,0,0,0,0,0,0,0,1,0,0,0,0,0,1,0,0,0
258,131,0,5f18b78a46a7f03dda99c869,2020-07-22 22:38:16.912000+00:00,i think he is asshole,0.625,1,0.125,8,i think he is asshole,9,5,21,1,-0.9550275742215037,-0.8712348788306663,0.0,0.0,0.0,0.0,0.0,0.0,0.0,0.0,0.0,0.0,0.009999999999999998,0.0,0.009999999999999998,0.0,0.0,0.0,0.0,0.0,0.0,0.0,0.0,0.009999999999999998,0.0,0.019999999999999997,0.0,0.0,0.0,0.0,0.0,0.0,0.009999999999999998,0.0,0.0,0.0,0.0,0.0,0.009999999999999998,0.009999999999999998,0.0,0.0,0.0,0.019999999999999997,0.0,0.0,0.0,0.009999999999999998,0.009999999999999998,0.0,0.0,0.0,0.0,0.0,0.009999999999999998,0.03,0.0,0,0,1.0,0.2,1,0.0004753880472329106,0,0.0,0.0,0.248,easy,9.007,0,0,1,0,1,0,0,0,0,0,0,1,0,0,0,0,0,0,0,0,0
258,131,0,5f18b75846a7f03dda99c864,2020-07-22 22:38:25.928000+00:00,yeah i think so,0.625,1,0.125,8,yeah i think so,10,4,15,1,-1.0529758675321852,-0.958358366713733,0.0,0.0,0.0,0.01,0.0,0.0,0.0,0.0,0.01,0.0,0.0,0.0,0.0,0.0,0.0,0.0,0.0,0.0,0.0,0.0,0.0,0.01,0.0,0.01,0.0,0.0,0.0,0.0,0.0,0.0,0.0,0.0,0.0,0.0,0.0,0.0,0.0,0.01,0.0,0.0,0.0,0.01,0.0,0.0,0.01,0.0,0.01,0.0,0.0,0.0,0.0,0.0,0.01,0.02,0.0,0,0,1.0,0.25,0,0.0005036151718260998,0,0.0,0.0,0.1984,easy,9.016,0,0,1,0,1,0,0,0,0,0,1,0,0,0,0,0,0,0,0,0,0
259,131,1,5d482eaa21c9be351f763c6e,2020-07-22 22:51:40.076000+00:00,hi,0.75,5,0.625,8,hi,1,1,2,1,-1.2488724541535483,-1.0285173306201953,0.0,0.0,0.0,0.0,0.0,0.0,0.0,0.0,0.0,0.0,0.0,0.0,0.0,0.0,0.0,0.0,0.0,0.0,0.0,0.0,0.0,0.0,0.0,0.0,0.0,0.0,0.0,0.0,0.0,0.0,0.01,0.0,0.0,0.0,0.0,0.0,0.0,0.0,0.0,0.0,0.0,0.0,0.0,0.0,0.0,0.0,0.0,0.0,0.0,0.0,0.0,0.0,0.0,0.0,0.0,0,0,1.0,0.0,0,0.0,0,0.0,0.0,0.0496,easy,0.0,0,0,0,0,0,0,0,0,0,0,0,0,0,0,1,0,0,0,0,0,0
259,131,1,5f18b78a46a7f03dda99c869,2020-07-22 22:51:42.736000+00:00,hi guys,0.75,5,0.625,8,hi guys,2,2,7,1,-1.2488724541535483,-1.0285173306201953,0.0,0.0,0.0,0.0,0.0,0.0,0.0,0.0,0.0,0.0,0.0,0.0,0.0,0.0,0.0,0.0,0.0,0.0,0.0,0.0,0.0,0.0,0.01,0.0,0.0,0.0,0.0,0.0,0.0,0.0,0.02,0.0,0.0,0.0,0.0,0.0,0.0,0.0,0.0,0.0,0.0,0.0,0.0,0.0,0.0,0.0,0.0,0.0,0.0,0.0,0.0,0.0,0.0,0.0,0.0,0,0,1.0,0.5,1,0.0,0,0.0,0.0,0.0992,easy,2.66,0,0,0,0,0,0,0,0,0,0,0,0,0,0,1,0,0,0,0,0,0
259,131,1,5f1323102ce49169326082e2,2020-07-22 22:51:45.133000+00:00,hi all,0.75,5,0.625,8,hi all,3,2,6,1,-1.2488724541535483,-1.0285173306201953,0.0,0.0,0.0,0.0,0.009999999999999998,0.0,0.0,0.0,0.0,0.0,0.0,0.0,0.0,0.0,0.0,0.0,0.0,0.0,0.0,0.0,0.0,0.0,0.0,0.0,0.0,0.0,0.0,0.0,0.0,0.0,0.009999999999999998,0.0,0.0,0.0,0.0,0.0,0.0,0.0,0.0,0.0,0.0,0.0,0.0,0.0,0.0,0.0,0.009999999999999998,0.0,0.0,0.0,0.0,0.0,0.0,0.009999999999999998,0.0,0,0,1.0,0.5,1,0.0,0,0.0,0.0,0.0992,easy,2.397,0,0,0,0,0,0,0,0,0,0,0,0,0,0,1,0,0,0,0,0,0
259,131,1,5d482eaa21c9be351f763900,2020-07-22 22:51:46.537000+00:00,hey,0.75,5,0.625,8,hey,4,1,3,1,-1.2488724541535483,-1.0285173306201953,0.0,0.0,0.0,0.0,0.0,0.0,0.0,0.0,0.0,0.0,0.0,0.0,0.0,0.0,0.0,0.0,0.0,0.0,0.0,0.0,0.0,0.0,0.0,0.0,0.0,0.0,0.0,0.0,0.0,0.0,0.009999999999999998,0.0,0.0,0.0,0.0,0.0,0.0,0.0,0.0,0.0,0.0,0.0,0.0,0.0,0.0,0.0,0.0,0.0,0.0,0.0,0.0,0.0,0.0,0.0,0.0,0,0,1.0,0.0,0,0.0,0,0.0,0.0,0.0496,easy,1.404,0,0,0,0,0,0,0,0,0,0,0,0,0,0,1,0,0,0,0,0,0
259,131,1,5f18b79446a7f03dda99c86e,2020-07-22 22:51:51.804000+00:00,hai,0.75,5,0.625,8,hai,5,1,3,1,-1.2488724541535483,-1.0285173306201953,0.0,0.0,0.0,0.0,0.0,0.0,0.0,0.0,0.0,0.0,0.0,0.0,0.0,0.0,0.0,0.0,0.0,0.0,0.0,0.0,0.0,0.0,0.0,0.0,0.0,0.0,0.0,0.0,0.0,0.0,0.0,0.0,0.0,0.0,0.0,0.0,0.0,0.0,0.0,0.0,0.0,0.0,0.0,0.0,0.0,0.0,0.0,0.0,0.0,0.0,0.0,0.0,0.0,0.0,0.0,0,0,1.0,0.0,0,0.0,0,0.0,0.0,0.0496,easy,5.267,0,0,0,0,0,0,0,0,0,0,0,0,0,0,0,0,0,0,0,0,0
259,131,1,5f18b75846a7f03dda99c864,2020-07-22 22:51:55.683000+00:00,hello everyone,0.75,5,0.625,8,hello everyone,6,2,14,1,-1.1509241608428669,-0.9197501917605457,0.0,0.0,0.0,0.0,0.0,0.0,0.0,0.0,0.0,0.0,0.0,0.0,0.0,0.0,0.0,0.0,0.0,0.0,0.0,0.0,0.0,0.0,0.0,0.0,0.0,0.0,0.0,0.0,0.0,0.0,0.02,0.01,0.0,0.0,0.0,0.0,0.0,0.0,0.0,0.0,0.0,0.0,0.0,0.0,0.0,0.0,0.0,0.0,0.0,0.0,0.0,0.0,0.0,0.0,0.0,0,0,1.0,0.0,0,0.0,0,0.0,0.0,0.0992,easy,3.879,0,0,0,0,0,0,0,0,0,0,0,0,0,0,1,0,0,0,0,0,0
259,131,1,5d482eaa21c9be351f763a7a,2020-07-22 22:51:59.317000+00:00,hi,0.75,5,0.625,8,hi,7,1,2,1,-1.2488724541535483,-1.0285173306201953,0.0,0.0,0.0,0.0,0.0,0.0,0.0,0.0,0.0,0.0,0.0,0.0,0.0,0.0,0.0,0.0,0.0,0.0,0.0,0.0,0.0,0.0,0.0,0.0,0.0,0.0,0.0,0.0,0.0,0.0,0.01,0.0,0.0,0.0,0.0,0.0,0.0,0.0,0.0,0.0,0.0,0.0,0.0,0.0,0.0,0.0,0.0,0.0,0.0,0.0,0.0,0.0,0.0,0.0,0.0,0,0,1.0,0.0,0,0.0,0,0.0,0.0,0.0496,easy,3.634,0,0,0,0,0,0,0,0,0,0,0,0,0,0,1,0,0,0,0,0,0
259,131,1,5f1323102ce49169326082e2,2020-07-22 22:52:03.973000+00:00,im going with the person is an asshole,0.75,5,0.625,8,i'm going with the person is an asshole,8,8,38,1,-0.5632344009787775,-0.26714735860264816,0.0,0.0,0.0,0.0,0.0,0.01,0.0,0.0,0.0,0.0,0.0,0.0,0.01,0.0,0.0,0.0,0.0,0.0,0.0,0.0,0.0,0.0,0.01,0.01,0.0,0.0,0.01,0.0,0.0,0.0,0.01,0.0,0.0,0.0,0.0,0.0,0.01,0.0,0.0,0.0,0.0,0.01,0.0,0.02,0.0,0.01,0.01,0.01,0.0,0.0,0.0,0.0,0.0,0.04,0.0,0,0,1.0,0.0,0,0.0,0,0.0,0.0,0.3968,easy,4.656,0,0,0,0,0,0,0,0,0,0,0,1,0,0,0,0,0,0,0,0,0
259,131,1,5d482eab21c9be351f764033,2020-07-22 22:52:07.343000+00:00,i do think that she is the asshole ,0.75,5,0.625,8,i do think that she is the asshole. ,9,8,35,1,-0.6611826942894591,-0.37591449746229777,0.0,0.0,0.0,0.0,0.0,0.0,0.0,0.0,0.0,0.0,0.009999999999999998,0.0,0.009999999999999998,0.0,0.0,0.0,0.0,0.0,0.0,0.0,0.0,0.009999999999999998,0.0,0.03,0.0,0.0,0.0,0.0,0.0,0.0,0.009999999999999998,0.009999999999999998,0.0,0.0,0.0,0.0,0.009999999999999998,0.009999999999999998,0.0,0.0,0.0,0.03,0.0,0.009999999999999998,0.0,0.019999999999999997,0.009999999999999998,0.0,0.0,0.0,0.0,0.0,0.009999999999999998,0.06,0.0,0,0,1.0,0.125,2,0.0003202049311559398,0,0.0,0.0,0.3968,easy,3.37,0,0,1,0,1,0,0,0,0,0,0,1,0,0,0,0,0,0,0,0,0
259,131,1,5f18b78a46a7f03dda99c869,2020-07-22 22:52:07.687000+00:00,i think he is an asshole,0.75,5,0.625,8,i think he is an asshole,10,6,24,1,-0.8570792809108222,-0.5934487751815969,0.0,0.0,0.0,0.0,0.0,0.0,0.0,0.0,0.0,0.0,0.009999999999999998,0.0,0.009999999999999998,0.0,0.0,0.0,0.0,0.0,0.0,0.0,0.0,0.009999999999999998,0.0,0.019999999999999997,0.0,0.0,0.0,0.0,0.0,0.0,0.009999999999999998,0.0,0.0,0.0,0.0,0.0,0.009999999999999998,0.009999999999999998,0.0,0.0,0.0,0.019999999999999997,0.0,0.009999999999999998,0.0,0.009999999999999998,0.009999999999999998,0.0,0.0,0.0,0.0,0.0,0.009999999999999998,0.039999999999999994,0.0,0,0,1.0,0.16666666666666666,1,0.0008238201029820396,0,0.0,0.0,0.2976,easy,0.344,0,0,1,0,1,0,0,0,0,0,0,1,0,0,0,0,0,0,0,0,0
259,131,1,5f18b79446a7f03dda99c86e,2020-07-22 22:52:08.253000+00:00,ithi so,0.75,5,0.625,8,ithi so,11,2,7,1,-1.2488724541535483,-1.0285173306201953,0.0,0.0,0.0,0.01,0.0,0.0,0.0,0.0,0.01,0.0,0.0,0.0,0.0,0.0,0.0,0.0,0.0,0.0,0.0,0.0,0.0,0.0,0.0,0.0,0.0,0.0,0.0,0.0,0.0,0.0,0.0,0.0,0.0,0.0,0.0,0.0,0.0,0.0,0.0,0.0,0.0,0.0,0.0,0.0,0.01,0.0,0.0,0.0,0.0,0.0,0.0,0.0,0.0,0.01,0.0,0,0,1.0,0.5,0,0.0,0,0.0,0.0,0.0992,easy,0.566,0,0,0,0,0,0,0,0,0,0,0,0,0,0,0,0,1,0,0,0,0
259,131,1,5d482eaa21c9be351f763900,2020-07-22 22:52:15.296000+00:00,i dont think so ,0.75,5,0.625,8,i don't think so ,12,4,16,1,-1.0529758675321852,-0.8109830529008961,0.0,0.0,0.0,0.01,0.0,0.0,0.0,0.0,0.01,0.0,0.0,0.01,0.0,0.0,0.0,0.0,0.0,0.0,0.0,0.0,0.0,0.01,0.0,0.02,0.0,0.0,0.0,0.0,0.0,0.0,0.0,0.0,0.0,0.0,0.0,0.0,0.0,0.01,0.0,0.0,0.0,0.02,0.0,0.0,0.01,0.01,0.01,0.0,0.0,0.0,0.0,0.0,0.01,0.02,0.0,0,0,1.0,0.25,1,0.0,0,0.0,0.0,0.1984,easy,7.043,0,0,1,0,1,0,0,0,0,0,0,1,0,0,0,0,0,0,0,0,0
259,131,1,5d482eaa21c9be351f763a7a,2020-07-22 22:52:15.690000+00:00,asshole for sure,0.75,5,0.625,8,asshole for sure,13,3,16,1,-1.0529758675321852,-0.8109830529008961,0.0,0.0,0.0,0.0,0.01,0.0,0.0,0.0,0.0,0.0,0.0,0.0,0.01,0.0,0.0,0.0,0.0,0.0,0.0,0.0,0.01,0.0,0.0,0.0,0.0,0.0,0.0,0.0,0.0,0.0,0.0,0.0,0.0,0.0,0.0,0.0,0.01,0.0,0.0,0.0,0.0,0.0,0.0,0.0,0.0,0.0,0.01,0.01,0.0,0.0,0.0,0.0,0.0,0.01,0.0,0,0,1.0,0.0,0,0.0,0,0.8888888888888888,0.5,0.1488,easy,0.394,0,0,0,0,0,0,0,0,0,0,0,0,0,0,0,0,0,0,0,0,0
259,131,1,5f18b79446a7f03dda99c86e,2020-07-22 22:52:19.236000+00:00,i think so,0.75,5,0.625,8,i think so,14,3,10,1,-1.1509241608428669,-0.9197501917605457,0.0,0.0,0.0,0.010000000000000002,0.0,0.0,0.0,0.0,0.010000000000000002,0.0,0.0,0.0,0.0,0.0,0.0,0.0,0.0,0.0,0.0,0.0,0.0,0.010000000000000002,0.0,0.010000000000000002,0.0,0.0,0.0,0.0,0.0,0.0,0.0,0.0,0.0,0.0,0.0,0.0,0.0,0.010000000000000002,0.0,0.0,0.0,0.010000000000000002,0.0,0.0,0.010000000000000002,0.0,0.010000000000000002,0.0,0.0,0.0,0.0,0.0,0.010000000000000002,0.020000000000000004,0.0,0,0,1.0,0.3333333333333333,0,0.0,0,0.0,0.0,0.1488,easy,3.546,0,0,1,0,1,0,0,0,0,0,0,1,0,0,0,0,0,0,0,0,0
259,131,1,5d482eaa21c9be351f763c6e,2020-07-22 22:52:19.238000+00:00,i dont think shes an asshole she did those things her since she moved here doesnt know gringo,0.75,5,0.625,8,"i dont think she's an asshole, she did those things her since she moved here, doesnt know gringo",15,18,93,1,0.31830023881735653,0.7117568911341982,0.0,0.0,0.0,0.0,0.0,0.0,0.0,0.0,0.010000000000000002,0.0,0.04000000000000001,0.020000000000000004,0.010000000000000002,0.0,0.0,0.0,0.0,0.0,0.0,0.0,0.0,0.020000000000000004,0.0,0.05,0.0,0.020000000000000004,0.010000000000000002,0.0,0.0,0.0,0.04000000000000001,0.020000000000000004,0.0,0.0,0.0,0.010000000000000002,0.010000000000000002,0.010000000000000002,0.0,0.0,0.0,0.07,0.0,0.010000000000000002,0.0,0.04000000000000001,0.030000000000000002,0.010000000000000002,0.0,0.0,0.0,0.0,0.010000000000000002,0.08000000000000002,0.0,0,0,0.9444444444444444,0.05555555555555555,0,0.0005036151718260998,0,0.0,0.0,0.8927999999999999,easy,0.002,0,0,1,0,1,0,0,0,0,0,0,1,0,0,0,0,0,0,0,0,0
260,132,1,5ee168c0896280243c138219,2020-07-22 22:44:04.444000+00:00,i think his overall tone was not great i know he edited what he said but over all i think it was really harsh and something this woman has probably been told her entire life ,0.75,1,0.125,8,"i think his overall tone was not great. i know he edited what he said, but over all i think it was really harsh and something this woman has probably been told her entire life ",1,35,174,1,1.7875246384775798,1.5261367906428964,0.0,0.01,0.0,0.02,0.02,0.01,0.01,0.0,0.02,0.0,0.04,0.01,0.0,0.0,0.01,0.0,0.0,0.0,0.0,0.01,0.01,0.03,0.01,0.04,0.0,0.049999999999999996,0.01,0.0,0.0,0.0,0.06999999999999999,0.04,0.0,0.01,0.0,0.0,0.0,0.03,0.0,0.03,0.04,0.09,0.0,0.0,0.03,0.04,0.12,0.01,0.0,0.01,0.0,0.01,0.03,0.19,0.01,0,0,0.8571428571428571,0.08571428571428572,0,0.0,1,0.51875,-0.15000000000000002,1.736,easy,0.0,0,0,1,0,1,1,0,0,0,0,1,1,0,0,0,0,0,1,1,0,0
260,132,1,5d482eaa21c9be351f763dab,2020-07-22 22:44:16.143000+00:00,i feel that the poster is not the asshole,0.75,1,0.125,8,"i feel that the poster is not the ""asshole"".",2,9,41,1,-0.5632344009787775,-1.2810637293717746,0.0,0.0,0.0,0.0,0.0,0.0,0.0,0.0,0.0,0.0,0.0,0.01,0.01,0.0,0.0,0.0,0.0,0.0,0.0,0.0,0.0,0.01,0.0,0.02,0.0,0.0,0.0,0.0,0.0,0.0,0.0,0.01,0.0,0.0,0.0,0.0,0.01,0.01,0.01,0.0,0.01,0.02,0.0,0.02,0.0,0.01,0.02,0.0,0.0,0.01,0.0,0.0,0.01,0.05999999999999999,0.0,0,0,0.8888888888888888,0.1111111111111111,1,0.00015518311607697082,0,0.0,0.0,0.44639999999999996,easy,11.699,0,0,1,0,1,0,0,0,0,0,0,1,0,0,0,0,0,0,0,0,0
260,132,1,5ee14958896280243c135bcb,2020-07-22 22:44:33.918000+00:00,i feel like he is the asshole,0.75,1,0.125,8,"i feel like he is the ""asshole.""",3,7,29,1,-0.7591309876001406,-1.5149971060396636,0.0,0.0,0.0,0.0,0.0,0.0,0.0,0.0,0.0,0.0,0.009999999999999998,0.0,0.009999999999999998,0.0,0.0,0.0,0.0,0.0,0.0,0.0,0.009999999999999998,0.009999999999999998,0.0,0.019999999999999997,0.0,0.0,0.0,0.0,0.0,0.0,0.009999999999999998,0.0,0.0,0.0,0.0,0.0,0.009999999999999998,0.009999999999999998,0.009999999999999998,0.0,0.0,0.019999999999999997,0.0,0.009999999999999998,0.0,0.009999999999999998,0.009999999999999998,0.0,0.0,0.009999999999999998,0.0,0.009999999999999998,0.009999999999999998,0.039999999999999994,0.0,0,0,1.0,0.14285714285714285,2,0.0020831050890335536,0,0.0,0.0,0.3472,easy,17.775,0,0,1,0,1,0,0,0,0,0,0,1,0,0,0,0,0,1,0,0,0
260,132,1,5f18b78a46a7f03dda99c86c,2020-07-22 22:44:35.361000+00:00,i believe the poster is an asshole,0.75,1,0.125,8,i believe the poster is an asshole,4,7,34,1,-0.7591309876001406,-1.5149971060396636,0.0,0.0,0.0,0.0,0.0,0.0,0.0,0.0,0.0,0.0,0.0,0.0,0.01,0.0,0.0,0.0,0.0,0.0,0.0,0.0,0.0,0.01,0.0,0.02,0.0,0.0,0.0,0.0,0.0,0.0,0.0,0.0,0.0,0.0,0.0,0.0,0.01,0.01,0.0,0.0,0.0,0.02,0.0,0.02,0.0,0.01,0.01,0.0,0.0,0.0,0.0,0.0,0.01,0.04,0.0,0,0,1.0,0.14285714285714285,2,0.0004753880472329106,0,0.0,0.0,0.3472,easy,1.443,0,0,0,0,0,0,0,0,0,0,0,1,0,0,0,0,0,0,0,0,0
260,132,1,5ee168c0896280243c138219,2020-07-22 22:44:39.686000+00:00,i think he is also the asshole,0.75,1,0.125,8,i think he is also the asshole,5,7,30,1,-0.7591309876001406,-1.5149971060396636,0.0,0.0,0.0,0.01,0.0,0.0,0.0,0.0,0.01,0.0,0.01,0.0,0.01,0.0,0.0,0.0,0.0,0.0,0.0,0.0,0.0,0.01,0.0,0.02,0.0,0.0,0.0,0.0,0.0,0.0,0.01,0.0,0.0,0.0,0.0,0.0,0.01,0.01,0.0,0.0,0.0,0.02,0.0,0.01,0.0,0.01,0.01,0.0,0.0,0.0,0.0,0.0,0.01,0.04,0.0,0,0,1.0,0.14285714285714285,2,0.0004753880472329106,0,0.0,0.0,0.3472,easy,4.325,0,0,1,0,1,0,0,0,0,0,0,1,0,0,0,0,0,0,0,0,0
260,132,1,5d482eaa21c9be351f763d40,2020-07-22 22:44:40.155000+00:00,my initial impression is that this person has a horrible attitude especially with the amount of cursing and hostile language,0.75,1,0.125,8,"my initial impression is that this person has a horrible attitude, especially with the amount of cursing and hostile language.",6,20,124,1,0.6121451187494011,0.12253653063556101,0.0,0.0,0.0,0.01,0.0,0.02,0.0,0.0,0.01,0.01,0.0,0.0,0.0,0.0,0.0,0.0,0.0,0.0,0.0,0.0,0.01,0.0,0.01,0.02,0.0,0.0,0.01,0.0,0.0,0.0,0.02,0.02,0.0,0.0,0.0,0.0,0.01,0.01,0.0,0.0,0.0,0.02,0.0,0.02,0.01,0.02,0.02,0.02,0.0,0.0,0.0,0.01,0.01,0.09999999999999999,0.0,0,0,1.0,0.0,2,0.0,0,0.6666666666666666,-0.3333333333333333,0.992,easy,0.469,0,0,0,0,0,0,0,0,0,0,0,1,0,0,0,0,0,0,1,0,0
260,132,1,5d482eab21c9be351f763e5d,2020-07-22 22:44:44.906000+00:00,i feel like this guy was way out of line i also dont trust that he spoke kindly to his mother in law based on the language he was using in the post,0.75,1,0.125,8,i feel like this guy was way out of line. i also don't trust that he spoke kindly to his mother in law based on the language he was using in the post.,7,33,147,1,1.6895763451668984,1.4091701023089518,0.0,0.01,0.0,0.01,0.0,0.01,0.0,0.0,0.01,0.0,0.029999999999999995,0.01,0.0,0.0,0.0,0.0,0.0,0.01,0.0,0.0,0.029999999999999995,0.01,0.01,0.029999999999999995,0.0,0.029999999999999995,0.05999999999999999,0.0,0.0,0.0,0.06999999999999999,0.02,0.0,0.0,0.0,0.02,0.0,0.02,0.01,0.0,0.0,0.05999999999999999,0.0,0.02,0.0,0.029999999999999995,0.05,0.05999999999999999,0.0,0.02,0.0,0.029999999999999995,0.02,0.17,0.0,0,0,0.8484848484848485,0.06060606060606061,5,0.001218026796589525,0,0.9,0.6,1.6368,easy,4.751,0,0,1,0,1,0,0,0,0,0,1,1,0,0,0,0,0,1,0,0,0
260,132,1,5d482eaa21c9be351f763dab,2020-07-22 22:44:46.795000+00:00,i feel that if you go to another country to live you should learn the language,0.75,1,0.125,8,"i feel that if you go to another country to live, you should learn the language.",8,16,78,1,0.1224036521959934,-0.4622969110341621,0.02,0.0,0.0,0.01,0.0,0.0,0.0,0.0,0.0,0.0,0.0,0.0,0.0,0.0,0.0,0.0,0.0,0.0,0.0,0.0,0.0,0.02,0.0,0.02,0.01,0.0,0.02,0.0,0.0,0.0,0.030000000000000002,0.01,0.0,0.01,0.0,0.0,0.0,0.01,0.01,0.01,0.01,0.030000000000000002,0.0,0.01,0.0,0.01,0.04,0.02,0.0,0.01,0.02,0.0,0.01,0.09000000000000001,0.0,0,0,0.875,0.0625,4,0.002980926954467139,0,0.5,0.13636363636363635,0.7936,easy,1.889,0,0,1,0,1,0,0,0,0,0,0,1,1,0,0,0,0,0,0,0,0
260,132,1,5ee16b36896280243c138383,2020-07-22 22:44:48.846000+00:00,i dont think he is the asshole,0.75,1,0.125,8,i don't think he is the asshole,9,7,30,1,-0.7591309876001406,-1.5149971060396636,0.0,0.0,0.0,0.0,0.0,0.0,0.0,0.0,0.0,0.0,0.01,0.01,0.01,0.0,0.0,0.0,0.0,0.0,0.0,0.0,0.0,0.01,0.0,0.03,0.0,0.0,0.0,0.0,0.0,0.0,0.01,0.0,0.0,0.0,0.0,0.0,0.01,0.01,0.0,0.0,0.0,0.03,0.0,0.01,0.0,0.02,0.01,0.0,0.0,0.0,0.0,0.0,0.01,0.04,0.0,0,0,1.0,0.14285714285714285,1,0.00015518311607697082,0,0.0,0.0,0.3472,easy,2.051,0,0,1,0,1,0,0,0,0,0,0,1,0,0,0,0,0,0,0,0,0
260,132,1,5ee14958896280243c135bcb,2020-07-22 22:44:54.892000+00:00,i felt that he could have went about it a different way,0.75,1,0.125,8,i felt that he could have went about it a different way.,10,12,55,1,-0.2693895210467328,-0.9301636643699406,0.01,0.0,0.0,0.0,0.0,0.0,0.0,0.0,0.01,0.0,0.01,0.0,0.0,0.0,0.0,0.0,0.0,0.0,0.0,0.0,0.0,0.01,0.0,0.01,0.0,0.02,0.01,0.0,0.0,0.0,0.01,0.02,0.0,0.0,0.0,0.0,0.0,0.01,0.01,0.0,0.0,0.04,0.0,0.01,0.0,0.02,0.02,0.01,0.0,0.01,0.0,0.01,0.01,0.06999999999999999,0.0,0,0,1.0,0.08333333333333333,1,0.00015518311607697082,0,0.6,0.0,0.5952,easy,6.046,0,0,1,0,1,0,0,0,0,0,0,1,0,0,0,0,0,0,0,0,0
260,132,1,5f18b78a46a7f03dda99c86c,2020-07-22 22:45:06.331000+00:00,i believe in this case that he could have said that he cant respond during work hours or when busy instead of being so harsh and rude,0.75,1,0.125,8,i believe in this case that he could have said that he can't respond during work hours or when busy instead of being so harsh and rude.,11,27,133,1,1.1998348786134905,0.8243366606392287,0.01,0.01,0.0,0.04,0.0,0.01,0.0,0.01,0.03,0.0,0.02,0.01,0.0,0.0,0.0,0.0,0.0,0.0,0.01,0.0,0.0,0.01,0.0,0.03,0.0,0.01,0.05,0.0,0.0,0.0,0.04,0.03,0.0,0.02,0.0,0.0,0.01,0.01,0.0,0.01,0.01,0.06,0.0,0.0,0.02,0.04,0.04,0.03,0.0,0.01,0.0,0.01,0.01,0.15,0.0,0,0,0.9259259259259259,0.037037037037037035,6,0.00015518311607697082,0,0.5333333333333333,-0.13333333333333333,1.3392,easy,11.439,0,0,0,0,0,0,0,0,0,0,0,1,0,0,0,0,0,1,1,0,0
261,132,2,5ee168c0896280243c138219,2020-07-22 22:58:52.331000+00:00,i dont think this person is the asshole ,0.625,0,0.0,8,i don't think this person is the asshole ,1,8,40,1,-0.6611826942894591,-0.9834530559594782,0.0,0.0,0.0,0.0,0.0,0.0,0.0,0.0,0.0,0.0,0.0,0.010000000000000002,0.010000000000000002,0.0,0.0,0.0,0.0,0.0,0.0,0.0,0.0,0.010000000000000002,0.010000000000000002,0.03,0.0,0.0,0.0,0.0,0.0,0.0,0.010000000000000002,0.010000000000000002,0.0,0.0,0.0,0.0,0.010000000000000002,0.010000000000000002,0.0,0.0,0.0,0.03,0.0,0.010000000000000002,0.0,0.020000000000000004,0.010000000000000002,0.0,0.0,0.0,0.0,0.0,0.010000000000000002,0.04000000000000001,0.0,0,0,1.0,0.125,0,0.0,0,0.0,0.0,0.3968,easy,0.0,0,0,1,0,1,0,0,0,0,0,0,1,0,0,0,0,0,0,0,0,0
261,132,2,5f18b78a46a7f03dda99c86c,2020-07-22 22:58:58.638000+00:00,i believe this person is an asshole,0.625,0,0.0,8,i believe this person is an asshole,2,7,35,1,-0.7591309876001406,-1.075174066359844,0.0,0.0,0.0,0.0,0.0,0.0,0.0,0.0,0.0,0.0,0.0,0.0,0.009999999999999998,0.0,0.0,0.0,0.0,0.0,0.0,0.0,0.0,0.009999999999999998,0.009999999999999998,0.019999999999999997,0.0,0.0,0.0,0.0,0.0,0.0,0.009999999999999998,0.009999999999999998,0.0,0.0,0.0,0.0,0.009999999999999998,0.009999999999999998,0.0,0.0,0.0,0.019999999999999997,0.0,0.009999999999999998,0.0,0.009999999999999998,0.009999999999999998,0.0,0.0,0.0,0.0,0.0,0.009999999999999998,0.039999999999999994,0.0,0,0,1.0,0.14285714285714285,2,0.0025037856131558314,0,0.0,0.0,0.3472,easy,6.307,0,0,0,0,0,0,0,0,0,0,0,1,0,0,0,0,0,0,0,0,0
261,132,2,5d482eab21c9be351f763f17,2020-07-22 22:59:06.623000+00:00,i believe that the man wasnt being an asshole and wants her stepmom to be independent,0.625,0,0.0,8,i believe that the man wasn't being an asshole and wants her stepmom to be independent.,3,16,85,1,0.1224036521959934,-0.24968497275655138,0.01,0.0,0.0,0.01,0.0,0.01,0.0,0.0,0.0,0.0,0.01,0.01,0.01,0.0,0.0,0.0,0.0,0.0,0.0,0.0,0.0,0.01,0.01,0.02,0.0,0.01,0.0,0.0,0.0,0.0,0.02,0.01,0.0,0.0,0.0,0.01,0.01,0.01,0.0,0.0,0.0,0.049999999999999996,0.0,0.02,0.01,0.03,0.04,0.01,0.0,0.0,0.0,0.0,0.01,0.09,0.0,0,0,1.0,0.0625,1,0.005062544010535663,0,0.1125,0.1,5.416975,medium,7.985,0,0,0,0,0,0,0,0,0,0,0,1,0,0,0,0,0,0,0,0,0
261,132,2,5ee16b36896280243c138383,2020-07-22 22:59:07.577000+00:00,he is an asshole,0.625,0,0.0,8,he is an asshole,4,4,16,1,-0.9550275742215037,-1.2586160871605756,0.0,0.0,0.0,0.0,0.0,0.0,0.0,0.0,0.0,0.0,0.01,0.0,0.01,0.0,0.0,0.0,0.0,0.0,0.0,0.0,0.0,0.0,0.0,0.01,0.0,0.0,0.0,0.0,0.0,0.0,0.01,0.0,0.0,0.0,0.0,0.0,0.01,0.0,0.0,0.0,0.0,0.01,0.0,0.01,0.0,0.01,0.0,0.0,0.0,0.0,0.0,0.0,0.0,0.03,0.0,0,0,1.0,0.0,1,0.0003202049311559398,0,0.0,0.0,0.1984,easy,0.954,0,0,0,0,0,0,0,0,0,0,0,0,0,0,0,0,0,0,0,0,0
261,132,2,5d482eaa21c9be351f763dab,2020-07-22 22:59:09.012000+00:00,if the wife is making her husband help her mom she is the asshole,0.625,0,0.0,8,"if the wife is making her husband ""help"" her mom she is the asshole.",5,14,65,1,0.024455358885311848,-0.3414059831569172,0.01,0.0,0.0,0.01,0.0,0.0,0.0,0.0,0.0,0.0,0.030000000000000002,0.0,0.01,0.0,0.0,0.0,0.0,0.030000000000000002,0.0,0.0,0.0,0.0,0.0,0.02,0.0,0.0,0.0,0.0,0.0,0.0,0.07,0.0,0.0,0.0,0.0,0.01,0.01,0.0,0.0,0.01,0.01,0.02,0.0,0.02,0.0,0.02,0.02,0.0,0.0,0.0,0.0,0.0,0.0,0.08,0.0,0,0,0.7857142857142857,0.0,2,0.0003202049311559398,0,0.0,0.0,0.6944,easy,1.435,0,0,0,0,0,0,0,0,0,0,0,0,0,0,0,0,0,0,0,0,0
261,132,2,5ee14958896280243c135bcb,2020-07-22 22:59:11.579000+00:00,i feel like the wife should not depend on the husband so much,0.625,0,0.0,8,i feel like the wife should not depend on the husband so much.,6,13,61,1,-0.17144122773605125,-0.524848003957649,0.01,0.0,0.0,0.01,0.0,0.0,0.0,0.0,0.01,0.0,0.0,0.01,0.0,0.0,0.0,0.0,0.0,0.02,0.0,0.01,0.01,0.01,0.0,0.01,0.01,0.0,0.01,0.0,0.0,0.0,0.02,0.0,0.0,0.0,0.0,0.01,0.0,0.01,0.01,0.01,0.01,0.02,0.0,0.02,0.01,0.01,0.04,0.01,0.0,0.01,0.0,0.01,0.01,0.07,0.0,0,0,0.9230769230769231,0.07692307692307693,2,0.004050061174058331,0,0.2,0.2,0.6447999999999999,easy,2.567,0,0,1,0,1,0,0,0,0,0,0,1,0,0,0,0,0,1,0,0,0
261,132,2,5ee168c0896280243c138219,2020-07-22 22:59:13.085000+00:00,i think that they could have a conversation surrounding it and talk more but i dont think the wife is the asshole,0.625,0,0.0,8,"i think that they could have a conversation surrounding it and talk more, but i don't think the wife is the asshole",7,22,113,1,0.6121451187494011,0.20892007924527783,0.009999999999999998,0.0,0.0,0.019999999999999997,0.0,0.009999999999999998,0.0,0.0,0.0,0.0,0.0,0.009999999999999998,0.009999999999999998,0.0,0.0,0.0,0.0,0.009999999999999998,0.0,0.009999999999999998,0.0,0.019999999999999997,0.0,0.049999999999999996,0.0,0.0,0.009999999999999998,0.0,0.0,0.0,0.039999999999999994,0.019999999999999997,0.0,0.0,0.0,0.0,0.009999999999999998,0.019999999999999997,0.0,0.0,0.009999999999999998,0.05999999999999999,0.0,0.029999999999999995,0.019999999999999997,0.039999999999999994,0.049999999999999996,0.0,0.0,0.0,0.0,0.009999999999999998,0.019999999999999997,0.12999999999999998,0.0,0,0,0.8636363636363636,0.09090909090909091,2,0.0036326253683665664,0,0.5,0.5,1.808927272727273,easy,1.506,0,0,1,0,1,0,0,0,0,0,1,1,0,0,0,0,0,0,0,0,0
261,132,2,5f18b78a46a7f03dda99c86c,2020-07-22 22:59:20.351000+00:00,one piece of information that is missing is whether he is working or not,0.625,0,0.0,8,one piece of information that is missing is whether he is working or not,8,14,72,1,0.024455358885311848,-0.3414059831569172,0.0,0.0,0.0,0.019999999999999997,0.0,0.0,0.0,0.009999999999999998,0.0,0.0,0.009999999999999998,0.009999999999999998,0.0,0.0,0.0,0.0,0.0,0.0,0.0,0.009999999999999998,0.0,0.009999999999999998,0.0,0.03,0.0,0.0,0.0,0.0,0.0,0.009999999999999998,0.009999999999999998,0.009999999999999998,0.0,0.009999999999999998,0.0,0.0,0.0,0.0,0.0,0.009999999999999998,0.03,0.03,0.0,0.0,0.0,0.03,0.039999999999999994,0.009999999999999998,0.0,0.0,0.0,0.0,0.0,0.07999999999999999,0.0,0,0,0.8571428571428571,0.0,4,0.0,0,0.05,-0.2,5.458757142857143,medium,7.266,0,0,0,0,0,0,0,0,0,0,0,0,0,0,0,0,0,0,0,0,0
261,132,2,5d482eab21c9be351f763e5d,2020-07-22 22:59:21.727000+00:00,i dont think the wife is out of line her husband married into the whole family and should be happy to help,0.625,0,0.0,8,i don't think the wife is out of line. her husband married into the whole family and should be happy to help.,9,22,106,1,0.7100934120600827,0.3006410896456437,0.01,0.0,0.01,0.01,0.0,0.030000000000000002,0.0,0.0,0.0,0.0,0.01,0.01,0.0,0.0,0.0,0.0,0.0,0.04,0.0,0.01,0.01,0.01,0.0,0.030000000000000002,0.01,0.0,0.02,0.0,0.0,0.0,0.060000000000000005,0.0,0.0,0.0,0.0,0.0,0.0,0.01,0.0,0.0,0.0,0.05,0.0,0.02,0.01,0.04,0.05,0.04,0.0,0.0,0.0,0.01,0.01,0.12000000000000001,0.0,0,0,0.9545454545454546,0.045454545454545456,2,0.0,0,0.5499999999999999,0.4166666666666667,1.0912,easy,1.376,0,0,1,0,1,0,0,0,0,0,0,1,0,0,0,0,0,1,0,0,0
262,133,2,5f197d8246a7f03dda9a0ba5,2020-07-23 13:17:47.025000+00:00,hello,0.8,2,0.4,5,hello,1,1,5,1,-1.2488724541535483,-1.1122604373431793,0.0,0.0,0.0,0.0,0.0,0.0,0.0,0.0,0.0,0.0,0.0,0.0,0.0,0.0,0.0,0.0,0.0,0.0,0.0,0.0,0.0,0.0,0.0,0.0,0.0,0.0,0.0,0.0,0.0,0.0,0.010000000000000002,0.0,0.0,0.0,0.0,0.0,0.0,0.0,0.0,0.0,0.0,0.0,0.0,0.0,0.0,0.0,0.0,0.0,0.0,0.0,0.0,0.0,0.0,0.0,0.0,0,0,1.0,0.0,0,0.0,0,0.0,0.0,0.0496,easy,0.0,0,0,0,0,0,0,0,0,0,0,0,0,0,0,1,0,0,0,0,0,0
262,133,2,5d482eab21c9be351f763f96,2020-07-23 13:17:51.033000+00:00,hello,0.8,2,0.4,5,hello,2,1,5,1,-1.2488724541535483,-1.1122604373431793,0.0,0.0,0.0,0.0,0.0,0.0,0.0,0.0,0.0,0.0,0.0,0.0,0.0,0.0,0.0,0.0,0.0,0.0,0.0,0.0,0.0,0.0,0.0,0.0,0.0,0.0,0.0,0.0,0.0,0.0,0.010000000000000002,0.0,0.0,0.0,0.0,0.0,0.0,0.0,0.0,0.0,0.0,0.0,0.0,0.0,0.0,0.0,0.0,0.0,0.0,0.0,0.0,0.0,0.0,0.0,0.0,0,0,1.0,0.0,0,0.0070921985815602835,0,0.0,0.0,0.0496,easy,4.008,0,0,0,0,0,0,0,0,0,0,0,0,0,0,1,0,0,0,0,0,0
262,133,2,5f19803e46a7f03dda9a0c0a,2020-07-23 13:17:52.646000+00:00,hi,0.8,2,0.4,5,hi,3,1,2,1,-1.2488724541535483,-1.1122604373431793,0.0,0.0,0.0,0.0,0.0,0.0,0.0,0.0,0.0,0.0,0.0,0.0,0.0,0.0,0.0,0.0,0.0,0.0,0.0,0.0,0.0,0.0,0.0,0.0,0.0,0.0,0.0,0.0,0.0,0.0,0.01,0.0,0.0,0.0,0.0,0.0,0.0,0.0,0.0,0.0,0.0,0.0,0.0,0.0,0.0,0.0,0.0,0.0,0.0,0.0,0.0,0.0,0.0,0.0,0.0,0,0,1.0,0.0,0,0.0,0,0.0,0.0,0.0496,easy,1.613,0,0,0,0,0,0,0,0,0,0,0,0,0,0,1,0,0,0,0,0,0
262,133,2,5f19811046a7f03dda9a0c13,2020-07-23 13:17:57.653000+00:00,hi,0.8,2,0.4,5,hi,4,1,2,1,-1.2488724541535483,-1.1122604373431793,0.0,0.0,0.0,0.0,0.0,0.0,0.0,0.0,0.0,0.0,0.0,0.0,0.0,0.0,0.0,0.0,0.0,0.0,0.0,0.0,0.0,0.0,0.0,0.0,0.0,0.0,0.0,0.0,0.0,0.0,0.01,0.0,0.0,0.0,0.0,0.0,0.0,0.0,0.0,0.0,0.0,0.0,0.0,0.0,0.0,0.0,0.0,0.0,0.0,0.0,0.0,0.0,0.0,0.0,0.0,0,0,1.0,0.0,1,0.0,0,0.0,0.0,0.0496,easy,5.007,0,0,0,0,0,0,0,0,0,0,0,0,0,0,1,0,0,0,0,0,0
262,133,2,5f197f2646a7f03dda9a0bf2,2020-07-23 13:18:00.905000+00:00,hi,0.8,2,0.4,5,hi,5,1,2,1,-1.2488724541535483,-1.1122604373431793,0.0,0.0,0.0,0.0,0.0,0.0,0.0,0.0,0.0,0.0,0.0,0.0,0.0,0.0,0.0,0.0,0.0,0.0,0.0,0.0,0.0,0.0,0.0,0.0,0.0,0.0,0.0,0.0,0.0,0.0,0.01,0.0,0.0,0.0,0.0,0.0,0.0,0.0,0.0,0.0,0.0,0.0,0.0,0.0,0.0,0.0,0.0,0.0,0.0,0.0,0.0,0.0,0.0,0.0,0.0,0,0,1.0,0.0,1,0.0,0,0.0,0.0,0.0496,easy,3.252,0,0,0,0,0,0,0,0,0,0,0,0,0,0,1,0,0,0,0,0,0
262,133,2,5f197dbe46a7f03dda9a0be0,2020-07-23 13:18:04.446000+00:00,hello,0.8,2,0.4,5,hello,6,1,5,1,-1.2488724541535483,-1.1122604373431793,0.0,0.0,0.0,0.0,0.0,0.0,0.0,0.0,0.0,0.0,0.0,0.0,0.0,0.0,0.0,0.0,0.0,0.0,0.0,0.0,0.0,0.0,0.0,0.0,0.0,0.0,0.0,0.0,0.0,0.0,0.010000000000000002,0.0,0.0,0.0,0.0,0.0,0.0,0.0,0.0,0.0,0.0,0.0,0.0,0.0,0.0,0.0,0.0,0.0,0.0,0.0,0.0,0.0,0.0,0.0,0.0,0,0,1.0,0.0,0,0.0,0,0.0,0.0,0.0496,easy,3.541,0,0,0,0,0,0,0,0,0,0,0,0,0,0,1,0,0,0,0,0,0
262,133,2,5f197d8246a7f03dda9a0ba5,2020-07-23 13:18:11.947000+00:00,now lets get to the discussion,0.8,2,0.4,5,now lets get to the discussion,7,6,30,1,-0.8570792809108222,-0.6919926499431507,0.0,0.0,0.0,0.0,0.0,0.0,0.0,0.0,0.01,0.0,0.0,0.0,0.0,0.0,0.0,0.0,0.0,0.0,0.0,0.0,0.0,0.0,0.0,0.02,0.0,0.0,0.01,0.0,0.0,0.0,0.02,0.0,0.0,0.0,0.0,0.0,0.0,0.0,0.0,0.0,0.0,0.02,0.0,0.01,0.0,0.0,0.0,0.01,0.01,0.0,0.0,0.0,0.01,0.03,0.0,0,0,1.0,0.16666666666666666,0,0.0,0,0.0,0.0,0.2976,easy,7.501,0,0,0,0,0,0,0,0,0,0,0,0,0,0,0,0,0,0,0,0,0
262,133,2,5f19803e46a7f03dda9a0c0a,2020-07-23 13:18:28.798000+00:00,yeah lets do that,0.8,2,0.4,5,yeah... let's do that,8,4,17,1,-1.0529758675321852,-0.9021265436431649,0.0,0.0,0.0,0.0,0.0,0.0,0.0,0.0,0.0,0.0,0.0,0.0,0.0,0.0,0.0,0.0,0.0,0.0,0.0,0.0,0.0,0.0,0.0,0.02,0.0,0.0,0.0,0.0,0.0,0.0,0.01,0.01,0.0,0.0,0.0,0.0,0.0,0.0,0.0,0.0,0.0,0.02,0.0,0.0,0.0,0.01,0.0,0.0,0.01,0.0,0.0,0.0,0.01,0.02,0.0,0,0,1.0,0.25,0,0.047619047619047616,0,0.0,0.0,0.1984,easy,16.851,0,0,0,0,0,0,0,0,0,0,0,0,0,0,0,0,0,0,0,0,0
263,133,3,5f19811046a7f03dda9a0c13,2020-07-23 13:32:42.496000+00:00,hi,0.8,1,0.2,5,hi,1,1,2,1,-1.2488724541535483,-1.3122193632939307,0.0,0.0,0.0,0.0,0.0,0.0,0.0,0.0,0.0,0.0,0.0,0.0,0.0,0.0,0.0,0.0,0.0,0.0,0.0,0.0,0.0,0.0,0.0,0.0,0.0,0.0,0.0,0.0,0.0,0.0,0.01,0.0,0.0,0.0,0.0,0.0,0.0,0.0,0.0,0.0,0.0,0.0,0.0,0.0,0.0,0.0,0.0,0.0,0.0,0.0,0.0,0.0,0.0,0.0,0.0,0,0,1.0,0.0,0,0.0,0,0.0,0.0,0.0496,easy,0.0,0,0,0,0,0,0,0,0,0,0,0,0,0,0,1,0,0,0,0,0,0
263,133,3,5f19803e46a7f03dda9a0c0a,2020-07-23 13:32:43.446000+00:00,hello,0.8,1,0.2,5,hello,2,1,5,1,-1.2488724541535483,-1.3122193632939307,0.0,0.0,0.0,0.0,0.0,0.0,0.0,0.0,0.0,0.0,0.0,0.0,0.0,0.0,0.0,0.0,0.0,0.0,0.0,0.0,0.0,0.0,0.0,0.0,0.0,0.0,0.0,0.0,0.0,0.0,0.010000000000000002,0.0,0.0,0.0,0.0,0.0,0.0,0.0,0.0,0.0,0.0,0.0,0.0,0.0,0.0,0.0,0.0,0.0,0.0,0.0,0.0,0.0,0.0,0.0,0.0,0,0,1.0,0.0,0,0.0,0,0.0,0.0,0.0496,easy,0.95,0,0,0,0,0,0,0,0,0,0,0,0,0,0,1,0,0,0,0,0,0
263,133,3,5d482eab21c9be351f763f96,2020-07-23 13:32:45.053000+00:00,hi,0.8,1,0.2,5,hi,3,1,2,1,-1.2488724541535483,-1.3122193632939307,0.0,0.0,0.0,0.0,0.0,0.0,0.0,0.0,0.0,0.0,0.0,0.0,0.0,0.0,0.0,0.0,0.0,0.0,0.0,0.0,0.0,0.0,0.0,0.0,0.0,0.0,0.0,0.0,0.0,0.0,0.01,0.0,0.0,0.0,0.0,0.0,0.0,0.0,0.0,0.0,0.0,0.0,0.0,0.0,0.0,0.0,0.0,0.0,0.0,0.0,0.0,0.0,0.0,0.0,0.0,0,0,1.0,0.0,0,0.0,0,0.0,0.0,0.0496,easy,1.607,0,0,0,0,0,0,0,0,0,0,0,0,0,0,1,0,0,0,0,0,0
263,133,3,5f197f2646a7f03dda9a0bf2,2020-07-23 13:32:51.388000+00:00,hi,0.8,1,0.2,5,hi,4,1,2,1,-1.2488724541535483,-1.3122193632939307,0.0,0.0,0.0,0.0,0.0,0.0,0.0,0.0,0.0,0.0,0.0,0.0,0.0,0.0,0.0,0.0,0.0,0.0,0.0,0.0,0.0,0.0,0.0,0.0,0.0,0.0,0.0,0.0,0.0,0.0,0.01,0.0,0.0,0.0,0.0,0.0,0.0,0.0,0.0,0.0,0.0,0.0,0.0,0.0,0.0,0.0,0.0,0.0,0.0,0.0,0.0,0.0,0.0,0.0,0.0,0,0,1.0,0.0,1,0.0,0,0.0,0.0,0.0496,easy,6.335,0,0,0,0,0,0,0,0,0,0,0,0,0,0,1,0,0,0,0,0,0
263,133,3,5f19811046a7f03dda9a0c13,2020-07-23 13:32:59.059000+00:00,lets discuss the issue,0.8,1,0.2,5,lets discuss the issue,5,4,22,1,-0.9550275742215037,-0.9503941712092072,0.0,0.0,0.0,0.0,0.0,0.0,0.0,0.0,0.0,0.0,0.0,0.0,0.0,0.0,0.0,0.0,0.0,0.0,0.0,0.0,0.0,0.0,0.0,0.01,0.0,0.0,0.0,0.0,0.0,0.0,0.02,0.0,0.0,0.0,0.0,0.0,0.0,0.0,0.0,0.0,0.0,0.01,0.0,0.01,0.0,0.0,0.01,0.0,0.01,0.0,0.0,0.0,0.01,0.01,0.0,0,0,1.0,0.0,0,0.0,0,0.0,0.0,0.1984,easy,7.671,0,0,0,0,0,0,0,0,0,0,0,0,0,0,0,0,0,0,1,0,0
263,133,3,5d482eab21c9be351f763f96,2020-07-23 13:33:04.270000+00:00,i think this person is the ahole he could have just translated back and forth when they were all together,0.8,1,0.2,5,i think this person is the a**hole. he could have just translated back and forth when they were all together.,6,20,105,1,0.5141968254387196,0.8587317892144104,0.010000000000000002,0.0,0.0,0.020000000000000004,0.010000000000000002,0.010000000000000002,0.0,0.0,0.03,0.0,0.010000000000000002,0.0,0.0,0.0,0.0,0.0,0.0,0.0,0.0,0.0,0.0,0.010000000000000002,0.010000000000000002,0.03,0.0,0.010000000000000002,0.03,0.0,0.0,0.0,0.03,0.010000000000000002,0.0,0.0,0.0,0.0,0.0,0.010000000000000002,0.0,0.0,0.010000000000000002,0.05,0.0,0.010000000000000002,0.020000000000000004,0.04000000000000001,0.05,0.0,0.0,0.0,0.0,0.0,0.010000000000000002,0.12,0.0,0,0,1.0,0.05,1,0.0,0,0.0,0.0,0.992,easy,5.211,0,0,1,0,1,0,0,0,0,0,0,1,0,0,0,0,0,0,0,0,0
263,133,3,5f197dbe46a7f03dda9a0be0,2020-07-23 13:33:23.747000+00:00,this was a borderline one to me but still ass,0.8,1,0.2,5,"this was a borderline one to me, but still ass",7,10,45,1,-0.4652861076680959,-0.34735218440133464,0.0,0.0,0.0,0.01,0.0,0.0,0.01,0.0,0.01,0.0,0.0,0.0,0.01,0.0,0.0,0.0,0.01,0.0,0.0,0.0,0.0,0.0,0.0,0.0,0.0,0.01,0.01,0.01,0.0,0.0,0.0,0.01,0.0,0.0,0.0,0.0,0.0,0.01,0.0,0.01,0.01,0.01,0.0,0.01,0.01,0.01,0.02,0.01,0.0,0.0,0.0,0.01,0.01,0.06,0.0,0,0,1.0,0.1,1,0.0,0,0.0,0.0,0.496,easy,19.477,0,0,0,0,0,0,0,0,0,0,0,0,0,0,0,0,0,0,0,0,0
264,134,2,5f13239c2ce49169326082fd,2020-07-23 13:00:14.387000+00:00,i do not think op is an asshole he is just trying to make his husband feel comfortable,0.5,0,0.0,6,i do not think op is an asshole; he is just trying to make his husband feel comfortable.,1,18,86,1,0.31830023881735653,0.0940720868383599,0.0,0.0,0.0,0.0,0.0,0.0,0.0,0.01,0.01,0.0,0.02,0.01,0.01,0.0,0.0,0.0,0.0,0.01,0.0,0.0,0.01,0.02,0.0,0.06,0.0,0.0,0.0,0.0,0.0,0.0,0.03,0.0,0.0,0.0,0.0,0.01,0.01,0.01,0.01,0.0,0.02,0.06,0.0,0.01,0.01,0.03,0.049999999999999996,0.01,0.0,0.01,0.0,0.01,0.01,0.09999999999999999,0.0,0,0,0.9444444444444444,0.05555555555555555,0,0.0,0,0.8,0.4,0.8927999999999999,easy,0.0,0,0,1,0,1,0,0,0,0,0,0,1,0,0,0,0,0,1,0,0,0
264,134,2,5f18c35646a7f03dda99d40d,2020-07-23 13:00:19.919000+00:00,after reading the scenario i can see it from both perspectives,0.5,0,0.0,6,"after reading the scenario, i can see it from both perspectives.",2,11,62,1,-0.36733781435741436,-0.8936848249644173,0.0,0.0,0.0,0.0,0.0,0.01,0.0,0.0,0.0,0.0,0.0,0.0,0.0,0.0,0.0,0.01,0.0,0.0,0.0,0.01,0.0,0.0,0.0,0.02,0.0,0.0,0.02,0.0,0.0,0.0,0.0,0.01,0.0,0.0,0.0,0.0,0.0,0.01,0.0,0.0,0.0,0.02,0.0,0.01,0.0,0.01,0.01,0.02,0.0,0.01,0.0,0.0,0.01,0.06999999999999999,0.0,0,0,1.0,0.09090909090909091,0,0.00015518311607697082,0,0.0,0.0,0.5456,easy,5.532,0,0,0,0,0,0,0,0,0,0,1,0,0,0,0,0,0,0,0,0,0
264,134,2,5f18cc4846a7f03dda99ed0a,2020-07-23 13:00:36.490000+00:00,i think he should have to speak in what ever language he wants to ,0.5,0,0.0,6,i think he should have to speak in what ever language he wants to ,3,14,66,1,-0.07349293442536971,-0.47036043419179846,0.02,0.01,0.0,0.0,0.01,0.0,0.0,0.0,0.01,0.0,0.02,0.0,0.0,0.0,0.0,0.0,0.0,0.0,0.0,0.0,0.0,0.01,0.0,0.030000000000000002,0.01,0.0,0.02,0.0,0.0,0.0,0.04,0.01,0.0,0.0,0.0,0.0,0.0,0.01,0.0,0.0,0.0,0.04,0.0,0.0,0.0,0.02,0.04,0.030000000000000002,0.0,0.01,0.0,0.0,0.01,0.09,0.0,0,0,0.8571428571428571,0.07142857142857142,0,0.00015518311607697082,0,0.1,0.2,0.6944,easy,16.571,0,0,1,0,1,0,0,0,0,0,0,1,0,0,0,0,0,0,0,0,0
264,134,2,5ea8745c7d50722703c528b9,2020-07-23 13:00:36.676000+00:00,yes you are and asshole and your husband is too you are a guest in your mothers home and should speak english,0.5,0,0.0,6,"yes, you are and asshole and your husband is too. you are a guest in your mother's home and should speak english.",4,22,109,1,0.8080417053707643,0.7996127381260578,0.010000000000000002,0.010000000000000002,0.010000000000000002,0.030000000000000002,0.0,0.030000000000000002,0.0,0.0,0.010000000000000002,0.0,0.0,0.0,0.010000000000000002,0.0,0.0,0.0,0.0,0.020000000000000004,0.0,0.0,0.0,0.0,0.0,0.030000000000000002,0.010000000000000002,0.0,0.010000000000000002,0.0,0.0,0.0,0.08000000000000002,0.0,0.0,0.0,0.0,0.0,0.010000000000000002,0.0,0.0,0.0,0.0,0.04000000000000001,0.010000000000000002,0.010000000000000002,0.04000000000000001,0.04000000000000001,0.04000000000000001,0.010000000000000002,0.0,0.010000000000000002,0.04000000000000001,0.010000000000000002,0.0,0.14,0.0,0,0,0.7727272727272727,0.0,2,0.0010214504596527069,0,0.0,0.0,1.0912,easy,0.186,0,0,1,0,0,0,0,0,0,0,0,0,1,0,0,0,0,0,0,0,0
264,134,2,5f18c35646a7f03dda99d40d,2020-07-23 13:00:57.547000+00:00,i can see how the daughter wants to make sure her husband is kept in the loop and the mother doesnt want to be left out,0.5,0,0.0,6,i can see how the daughter wants to make sure her husband is kept in the loop and the mother doesn't want to be left out.,5,26,119,1,1.101886585302809,1.2229371288986766,0.019999999999999997,0.0,0.0,0.019999999999999997,0.009999999999999998,0.019999999999999997,0.0,0.0,0.009999999999999998,0.0,0.009999999999999998,0.009999999999999998,0.0,0.0,0.0,0.009999999999999998,0.0,0.03,0.0,0.0,0.009999999999999998,0.0,0.0,0.06999999999999999,0.0,0.009999999999999998,0.03,0.0,0.009999999999999998,0.0,0.039999999999999994,0.0,0.0,0.0,0.0,0.019999999999999997,0.0,0.009999999999999998,0.0,0.0,0.0,0.09,0.0,0.03,0.009999999999999998,0.039999999999999994,0.07999999999999999,0.039999999999999994,0.0,0.009999999999999998,0.0,0.0,0.009999999999999998,0.13999999999999999,0.0,0,0,0.8846153846153846,0.038461538461538464,3,0.000727802037845706,0,0.3296296296296296,0.2333333333333333,1.2895999999999999,easy,20.871,0,0,0,0,0,0,0,0,0,0,0,1,0,0,0,0,0,0,0,0,0
264,134,2,5f13239c2ce49169326082fd,2020-07-23 13:01:02.529000+00:00,he only has to deal with his mother temporarily but he has to live with his husband everyday i think it is more important to keep the husband happy,0.5,0,0.0,6,"he only has to deal with his mother temporarily, but he has to live with his husband everyday. i think it is more important to keep the husband happy.",6,29,147,1,1.3957314652348536,1.6462615196712953,0.0,0.0,0.0,0.01,0.0,0.02,0.0,0.01,0.01,0.0,0.04,0.0,0.0,0.0,0.0,0.0,0.0,0.029999999999999995,0.0,0.01,0.02,0.01,0.0,0.05,0.0,0.0,0.02,0.0,0.01,0.0,0.08,0.01,0.0,0.0,0.0,0.0,0.0,0.01,0.0,0.01,0.01,0.05,0.0,0.01,0.01,0.029999999999999995,0.05999999999999999,0.05,0.0,0.0,0.0,0.02,0.01,0.18,0.0,0,0,0.7586206896551724,0.034482758620689655,5,0.0024604048638159613,0,0.7666666666666666,0.27272727272727276,1.9828827586206894,easy,4.982,0,0,1,0,1,0,0,0,0,0,1,0,0,0,0,0,0,1,0,0,0
264,134,2,5f18b77646a7f03dda99c867,2020-07-23 13:01:11.497000+00:00,i think since her mom is hosting them and she is only with her for a limited time she should try to accomodate her mother,0.5,0,0.0,6,i think since her mom is hosting them and she is only with her for a limited time she should try to accomodate her mother,7,25,121,1,1.0039382919921274,1.0818289986411371,0.01,0.0,0.0,0.01,0.0,0.02,0.0,0.02,0.01,0.0,0.05,0.0,0.0,0.0,0.0,0.0,0.0,0.02,0.0,0.0,0.0,0.01,0.0,0.04,0.01,0.0,0.01,0.0,0.01,0.0,0.08,0.0,0.0,0.0,0.0,0.01,0.0,0.01,0.0,0.0,0.0,0.05,0.0,0.01,0.01,0.03,0.06,0.04,0.0,0.0,0.0,0.01,0.01,0.16,0.0,0,0,0.84,0.04,4,0.004610561834101691,0,0.5714285714285714,-0.03571428571428571,1.8716,easy,8.968,0,0,1,0,1,0,0,0,0,0,0,1,0,0,0,0,0,0,1,0,0
264,134,2,5ea8745c7d50722703c528b9,2020-07-23 13:01:17.726000+00:00,your husband should use this opportunity to learn english phrases and innuendos better it is a great time since he is with family,0.5,0,0.0,6,your husband should use this opportunity to learn english phrases and innuendos better. it is a great time since he is with family.,8,23,129,1,0.9059899986814458,0.9407208683835975,0.01,0.0,0.01,0.01,0.0,0.02,0.0,0.02,0.0,0.0,0.01,0.0,0.0,0.0,0.0,0.0,0.0,0.02,0.0,0.0,0.03,0.01,0.0,0.03,0.01,0.0,0.01,0.0,0.0,0.0,0.04,0.02,0.0,0.01,0.0,0.02,0.0,0.0,0.0,0.0,0.0,0.04,0.0,0.01,0.01,0.03,0.06,0.03,0.0,0.0,0.01,0.03,0.0,0.11,0.0,0,0,0.9565217391304348,0.0,7,0.006249669679192432,0,0.4166666666666667,0.43333333333333335,6.1503434782608695,difficult,6.229,0,0,1,0,0,0,0,0,0,0,0,0,0,1,0,0,0,1,0,0,0
264,134,2,5f18c35646a7f03dda99d40d,2020-07-23 13:01:21.977000+00:00,i do not believe the daughter is an asshole because she is accommodating her husband,0.5,0,0.0,6,i do not believe the daughter is an asshole because she is accommodating her husband.,9,15,84,1,0.024455358885311848,-0.32925230393425886,0.0,0.0,0.0,0.009999999999999998,0.0,0.0,0.0,0.0,0.0,0.0,0.019999999999999997,0.009999999999999998,0.009999999999999998,0.0,0.0,0.0,0.0,0.019999999999999997,0.0,0.0,0.0,0.009999999999999998,0.0,0.039999999999999994,0.0,0.0,0.0,0.0,0.0,0.0,0.039999999999999994,0.0,0.0,0.0,0.0,0.009999999999999998,0.009999999999999998,0.009999999999999998,0.0,0.0,0.009999999999999998,0.039999999999999994,0.0,0.019999999999999997,0.009999999999999998,0.03,0.03,0.0,0.0,0.0,0.0,0.0,0.009999999999999998,0.09999999999999999,0.0,0,0,0.9333333333333333,0.06666666666666667,2,0.000727802037845706,0,0.0,0.0,5.433166666666667,medium,4.251,0,0,0,0,0,0,0,0,0,0,0,1,0,0,0,0,0,0,0,0,0
265,134,3,5ea8745c7d50722703c528b9,2020-07-23 13:15:28.002000+00:00,no she is not the asshole the son and partner are disrespecting her by speaking french in her home,0.5,2,0.333333333,6,"no, she is not the asshole. the son and partner are disrespecting her by speaking french in her home.",1,19,98,1,0.5141968254387196,0.06512810473302663,0.0,0.009999999999999998,0.009999999999999998,0.009999999999999998,0.0,0.009999999999999998,0.0,0.0,0.0,0.0,0.03,0.019999999999999997,0.009999999999999998,0.0,0.0,0.0,0.0,0.009999999999999998,0.0,0.0,0.0,0.0,0.009999999999999998,0.019999999999999997,0.0,0.0,0.009999999999999998,0.0,0.0,0.0,0.06,0.0,0.0,0.0,0.0,0.0,0.009999999999999998,0.0,0.0,0.0,0.009999999999999998,0.019999999999999997,0.009999999999999998,0.019999999999999997,0.019999999999999997,0.019999999999999997,0.019999999999999997,0.019999999999999997,0.0,0.009999999999999998,0.0,0.0,0.0,0.12,0.0,0,0,0.8947368421052632,0.0,0,0.0,0,0.0,0.0,0.9424,easy,0.0,0,0,0,0,0,0,0,0,0,0,0,0,0,0,0,0,0,0,1,0,0
265,134,3,5f18c35646a7f03dda99d40d,2020-07-23 13:15:30.105000+00:00,when looking at the situation and seeing that the partner did know how to speak english but was choosing not to was the part that made me feel like they were being assholes,0.5,2,0.333333333,6,when looking at the situation and seeing that the partner did know how to speak english but was choosing not to was the part that made me feel like they were being assholes.,2,33,172,1,1.7875246384775798,1.4120957253478927,0.0,0.01,0.0,0.04,0.0,0.01,0.0,0.0,0.02,0.0,0.0,0.01,0.01,0.0,0.0,0.02,0.0,0.0,0.0,0.01,0.01,0.03,0.01,0.02,0.0,0.049999999999999996,0.02,0.0,0.0,0.0,0.03,0.02,0.0,0.0,0.0,0.02,0.01,0.01,0.01,0.0,0.02,0.08,0.01,0.03,0.02,0.049999999999999996,0.08,0.03,0.0,0.04,0.0,0.01,0.01,0.19999999999999998,0.0,1,0,0.8484848484848485,0.030303030303030304,5,0.0027472527472527475,0,0.0,0.0,1.6368,easy,2.103,0,0,1,0,1,0,0,0,0,0,0,0,0,0,0,0,0,1,0,0,0
265,134,3,5f18b77646a7f03dda99c867,2020-07-23 13:15:38.111000+00:00,thought that op was overreacting slightly,0.5,2,0.333333333,6,thought that op was overreacting slightly,3,6,41,1,-0.7591309876001406,-1.2818395158818394,0.0,0.0,0.0,0.0,0.0,0.0,0.0,0.0,0.0,0.0,0.0,0.0,0.0,0.0,0.0,0.0,0.0,0.0,0.0,0.0,0.0,0.01,0.0,0.0,0.0,0.02,0.0,0.0,0.0,0.0,0.0,0.01,0.0,0.0,0.0,0.0,0.0,0.0,0.0,0.0,0.0,0.02,0.0,0.0,0.0,0.01,0.01,0.0,0.0,0.0,0.0,0.0,0.0,0.02,0.0,0,0,1.0,0.0,2,0.0,0,0.16666666666666666,-0.16666666666666666,6.565766666666667,difficult,8.006,0,0,1,0,0,0,0,0,0,0,0,0,0,0,0,0,0,0,0,0,0
265,134,3,5f18cc4846a7f03dda99ed0a,2020-07-23 13:15:42.083000+00:00,i mean it was kinda mean they did that to her they are there for a week they could could teach her some ,0.5,2,0.333333333,6,i mean it was kinda mean they did that to her they are there for a week they could could teach her some ,4,23,104,1,0.8080417053707643,0.3759667864133803,0.02,0.0,0.0,0.0,0.0,0.0,0.0,0.0,0.01,0.0,0.02,0.0,0.0,0.0,0.0,0.0,0.0,0.0,0.0,0.01,0.0,0.02,0.0,0.030000000000000002,0.0,0.02,0.01,0.0,0.0,0.0,0.05,0.02,0.0,0.01,0.0,0.0,0.0,0.01,0.0,0.02,0.0,0.06999999999999999,0.0,0.01,0.0,0.05,0.060000000000000005,0.02,0.0,0.0,0.0,0.01,0.01,0.16,0.0,0,0,0.782608695652174,0.043478260869565216,2,0.0,0,0.6875,-0.3125,1.1408,easy,3.972,0,0,0,0,0,0,0,0,0,0,0,1,0,0,0,0,0,0,0,0,0
265,134,3,5f13239c2ce49169326082fd,2020-07-23 13:15:52.479000+00:00,i think op is an asshole she should be more worried about making her sons husband feel comfortable than being included in a single conversation,0.5,2,0.333333333,6,i think op is an asshole; she should be more worried about making her son's husband feel comfortable than being included in a single conversation.,5,25,143,1,1.0039382919921274,0.5831925742002828,0.01,0.0,0.0,0.0,0.0,0.01,0.0,0.0,0.01,0.01,0.02,0.0,0.01,0.0,0.0,0.0,0.0,0.02,0.01,0.02,0.01,0.02,0.0,0.03,0.01,0.0,0.01,0.0,0.0,0.0,0.05,0.0,0.0,0.0,0.0,0.01,0.01,0.01,0.01,0.0,0.0,0.06,0.0,0.02,0.0,0.04,0.05,0.03,0.0,0.01,0.0,0.02,0.01,0.13,0.0,0,0,1.0,0.04,2,0.00015518311607697082,0,0.5047619047619047,0.2761904761904762,1.8716,easy,10.396,0,0,1,0,1,0,0,0,0,0,0,1,0,0,0,0,0,1,1,0,0
265,134,3,5f18c82446a7f03dda99dff3,2020-07-23 13:15:53.277000+00:00,i think the son is the asshole here his husband is taking his cues from him the polite thing to do is speak the language of your host if you can when around them no one should feel excluded,0.5,2,0.333333333,6,i think the son is the asshole here. his husband is taking his cues from him. the polite thing to do is speak the language of your host (if you can) when around them. no one should feel excluded.,6,39,189,1,2.375214398341669,2.0337730887086,0.019999999999999997,0.009999999999999998,0.0,0.019999999999999997,0.0,0.009999999999999998,0.0,0.0,0.029999999999999995,0.0,0.029999999999999995,0.009999999999999998,0.009999999999999998,0.0,0.0,0.0,0.0,0.019999999999999997,0.0,0.0,0.0,0.019999999999999997,0.0,0.07999999999999999,0.009999999999999998,0.0,0.019999999999999997,0.0,0.0,0.0,0.09999999999999999,0.009999999999999998,0.0,0.0,0.0,0.0,0.009999999999999998,0.009999999999999998,0.009999999999999998,0.009999999999999998,0.019999999999999997,0.09,0.0,0.039999999999999994,0.009999999999999998,0.05999999999999999,0.05999999999999999,0.039999999999999994,0.0,0.019999999999999997,0.019999999999999997,0.009999999999999998,0.009999999999999998,0.23999999999999996,0.0,0,0,0.8461538461538461,0.02564102564102564,4,0.0031593391826283887,0,0.0,0.0,1.9344,easy,0.798,0,0,1,0,1,0,0,0,0,0,0,1,1,0,0,0,0,1,0,0,0
265,134,3,5f18c35646a7f03dda99d40d,2020-07-23 13:15:57.868000+00:00,so the mom is not the asshole,0.5,2,0.333333333,6,so the mom is not the asshole.,7,7,29,1,-0.6611826942894591,-1.1782266219883881,0.0,0.0,0.0,0.009999999999999998,0.0,0.0,0.0,0.0,0.009999999999999998,0.0,0.0,0.009999999999999998,0.009999999999999998,0.0,0.0,0.0,0.0,0.009999999999999998,0.0,0.0,0.0,0.0,0.0,0.009999999999999998,0.0,0.0,0.0,0.0,0.0,0.0,0.009999999999999998,0.0,0.0,0.0,0.0,0.0,0.009999999999999998,0.0,0.0,0.0,0.009999999999999998,0.009999999999999998,0.0,0.019999999999999997,0.009999999999999998,0.009999999999999998,0.009999999999999998,0.0,0.0,0.0,0.0,0.0,0.0,0.05,0.0,0,0,0.8571428571428571,0.0,3,0.0003202049311559398,0,0.0,0.0,0.3472,easy,4.591,0,0,0,0,0,0,0,0,0,0,0,0,0,0,0,0,1,0,0,0,0
265,134,3,5ea8745c7d50722703c528b9,2020-07-23 13:16:20.121000+00:00,she was not overreacting she has every right to expect that the partner and son speak english in her home the partner does speak english,0.5,2,0.333333333,6,"she was not overreacting, she has every right to expect that the partner and son speak english in her home. the partner does speak english.",8,25,136,1,1.101886585302809,0.686805468093734,0.01,0.02,0.01,0.01,0.01,0.01,0.0,0.0,0.0,0.0,0.030000000000000006,0.01,0.0,0.0,0.0,0.0,0.0,0.01,0.0,0.01,0.0,0.0,0.02,0.02,0.0,0.01,0.02,0.0,0.0,0.0,0.08,0.01,0.0,0.0,0.0,0.0,0.0,0.0,0.0,0.0,0.01,0.030000000000000006,0.02,0.02,0.01,0.030000000000000006,0.04,0.02,0.0,0.02,0.0,0.01,0.0,0.13,0.0,0,0,0.8,0.0,3,0.0,0,0.17857142857142858,0.09523809523809523,1.8716,easy,22.253,0,0,0,0,0,0,0,0,0,0,0,0,0,0,0,0,0,1,0,0,0
265,134,3,5f18b77646a7f03dda99c867,2020-07-23 13:16:33.491000+00:00,it seems like one conversation he outright says they are being disrespectful which is not necessarily the case,0.5,2,0.333333333,6,it seems like one conversation. he outright says they are being disrespectful which is not necessarily the case,9,18,110,1,0.4162485321280381,-0.03848478916042461,0.0,0.01,0.0,0.0,0.01,0.0,0.0,0.0,0.0,0.0,0.01,0.01,0.0,0.0,0.0,0.0,0.0,0.0,0.0,0.0,0.01,0.01,0.0,0.030000000000000002,0.0,0.0,0.0,0.0,0.0,0.0,0.04,0.02,0.0,0.0,0.0,0.0,0.0,0.0,0.0,0.01,0.01,0.04,0.0,0.01,0.0,0.030000000000000002,0.030000000000000002,0.0,0.0,0.01,0.0,0.01,0.0,0.09000000000000001,0.0,0,0,1.0,0.0,2,0.0,0,1.0,0.0,6.283744444444444,difficult,13.37,0,0,1,0,1,0,0,0,0,0,0,0,0,0,0,0,0,1,1,0,0
266,135,0,5ebca97c78f5b8169eccbc45,2020-07-23 13:01:06.461000+00:00,this person isnt an asshole but probably could learn tact,0.666666667,1,0.333333333,3,this person isn‚äôt an asshole but probably could learn tact.,1,10,57,1,-0.36733781435741436,0.023177946734497242,0.009999999999999998,0.0,0.0,0.009999999999999998,0.0,0.0,0.0,0.0,0.009999999999999998,0.0,0.0,0.009999999999999998,0.009999999999999998,0.0,0.0,0.0,0.0,0.0,0.0,0.0,0.0,0.009999999999999998,0.009999999999999998,0.009999999999999998,0.0,0.0,0.0,0.0,0.0,0.0,0.009999999999999998,0.009999999999999998,0.0,0.009999999999999998,0.0,0.0,0.009999999999999998,0.0,0.0,0.009999999999999998,0.009999999999999998,0.019999999999999997,0.0,0.009999999999999998,0.009999999999999998,0.019999999999999997,0.039999999999999994,0.0,0.0,0.0,0.0,0.0,0.0,0.029999999999999995,0.009999999999999998,0,0,1.0,0.0,0,0.0,1,0.0,0.0,0.496,easy,0.0,0,0,1,0,0,0,0,0,0,0,0,0,0,0,0,0,0,0,0,0,0
266,135,0,5e7e4efc31f4e454e196c986,2020-07-23 13:01:12.267000+00:00,agreed,0.666666667,1,0.333333333,3,agreed.,2,1,6,1,-1.2488724541535483,-1.1588973367248663,0.0,0.0,0.0,0.0,0.0,0.0,0.0,0.0,0.0,0.0,0.0,0.0,0.0,0.0,0.0,0.0,0.0,0.0,0.0,0.0,0.009999999999999998,0.0,0.0,0.0,0.0,0.0,0.0,0.0,0.0,0.0,0.0,0.0,0.0,0.0,0.0,0.0,0.0,0.0,0.0,0.0,0.0,0.0,0.0,0.0,0.0,0.0,0.0,0.0,0.0,0.0,0.0,0.0,0.0,0.0,0.0,0,0,1.0,0.0,0,0.0,0,0.0,0.0,0.0496,easy,5.806,0,0,0,0,0,0,0,0,0,0,0,0,0,0,0,0,0,0,0,0,0
266,135,0,5ebca97c78f5b8169eccbc45,2020-07-23 13:01:30.493000+00:00,i think its fair she spoke up saying she felt left out and isolated but maybe taking her son aside would be better,0.666666667,1,0.333333333,3,i think it‚äôs fair she spoke up saying she felt left out and isolated. but maybe taking her son aside would be better.,3,23,114,1,0.8080417053707643,1.5992783246803153,0.009999999999999998,0.019999999999999997,0.0,0.019999999999999997,0.0,0.019999999999999997,0.0,0.009999999999999998,0.009999999999999998,0.0,0.029999999999999995,0.0,0.0,0.0,0.0,0.0,0.0,0.009999999999999998,0.009999999999999998,0.0,0.009999999999999998,0.019999999999999997,0.0,0.019999999999999997,0.009999999999999998,0.019999999999999997,0.029999999999999995,0.0,0.0,0.009999999999999998,0.05999999999999999,0.009999999999999998,0.0,0.0,0.0,0.0,0.0,0.009999999999999998,0.009999999999999998,0.009999999999999998,0.009999999999999998,0.05999999999999999,0.0,0.0,0.019999999999999997,0.019999999999999997,0.06999999999999999,0.019999999999999997,0.0,0.029999999999999995,0.0,0.019999999999999997,0.009999999999999998,0.09999999999999999,0.009999999999999998,0,0,0.9565217391304348,0.043478260869565216,0,0.0,1,0.4666666666666666,0.39999999999999997,1.1408,easy,18.226,0,0,1,0,1,0,0,0,0,0,0,1,0,0,0,0,0,1,1,0,0
266,135,0,5f19824646a7f03dda9a0c93,2020-07-23 13:01:40.609000+00:00,i agree i definitely dont think theyre an asshole but could learn how to say it in another way its not the partners fault he doesnt speak english,0.666666667,1,0.333333333,3,"i agree. i definitely don't think they're an asshole, but could learn how to say it in another way. it's not the partner's fault he doesn't speak english.",4,28,145,1,1.1998348786134905,2.1246451173289214,0.01,0.02,0.0,0.02,0.01,0.0,0.0,0.0,0.02,0.0,0.01,0.03,0.01,0.0,0.0,0.0,0.0,0.0,0.0,0.0,0.02,0.02,0.01,0.04,0.0,0.0,0.02,0.0,0.0,0.0,0.049999999999999996,0.02,0.0,0.01,0.0,0.01,0.01,0.02,0.0,0.0,0.02,0.049999999999999996,0.01,0.02,0.01,0.04,0.06999999999999999,0.02,0.0,0.02,0.0,0.0,0.02,0.12,0.0,0,0,0.9642857142857143,0.07142857142857142,2,0.0006587982879030706,0,0.25,0.0,1.3888,easy,10.116,0,0,1,0,1,0,0,0,0,0,1,1,0,0,0,0,0,0,1,0,0
266,135,0,5f19804846a7f03dda9a0c0c,2020-07-23 13:01:41.647000+00:00,i found that the sons bf was a guest in the home and should try to be more open in a different environment especially in the home of another person but could have used more tact i agree,0.666666667,1,0.333333333,3,"i found that the son's bf was a guest in the home and should try to be more open in a different environment, especially in the home of another person but could have used more tact i agree",5,38,185,1,2.1793178117203063,3.4380620989504362,0.02,0.0,0.02,0.02,0.0,0.02,0.0,0.01,0.01,0.0,0.0,0.0,0.0,0.0,0.0,0.0,0.0,0.01,0.0,0.02,0.01,0.01,0.01,0.02,0.01,0.030000000000000002,0.05,0.0,0.0,0.0,0.04,0.01,0.0,0.0,0.0,0.01,0.0,0.02,0.0,0.0,0.01,0.08,0.02,0.05,0.02,0.05,0.07,0.05,0.0,0.0,0.0,0.02,0.02,0.21000000000000002,0.0,0,0,0.7894736842105263,0.05263157894736842,9,0.008522926618627372,0,0.62,0.2,2.3003263157894738,easy,1.038,0,0,1,0,0,0,0,0,0,0,1,1,0,0,0,0,0,0,0,0,0
266,135,0,5f19814c46a7f03dda9a0c18,2020-07-23 13:02:09.231000+00:00,no she should have just call her son and explain things to him,0.666666667,1,0.333333333,3,no! she should have just call her son and explain things to him,6,13,62,1,-0.07349293442536971,0.41720304122095175,0.01,0.0,0.0,0.01,0.0,0.01,0.0,0.0,0.01,0.0,0.03,0.01,0.0,0.0,0.0,0.0,0.0,0.01,0.0,0.0,0.0,0.01,0.0,0.02,0.01,0.0,0.0,0.0,0.0,0.0,0.06,0.01,0.0,0.0,0.0,0.0,0.0,0.0,0.0,0.0,0.01,0.03,0.0,0.0,0.03,0.02,0.04,0.01,0.0,0.0,0.0,0.0,0.0,0.09000000000000001,0.0,0,0,1.0,0.0,4,0.0,0,0.0,0.0,0.6447999999999999,easy,27.584,0,0,1,0,0,0,0,0,0,0,0,0,0,0,0,0,0,0,0,0,0
266,135,0,5e7e4efc31f4e454e196c986,2020-07-23 13:02:14.782000+00:00,yeah wasnt very respectful of the son and partner to exclude her from the conversation,0.666666667,1,0.333333333,3,"yeah, wasn't very respectful of the son and partner to exclude her from the conversation.",7,15,86,1,0.1224036521959934,0.6798864375452548,0.0,0.0,0.0,0.01,0.0,0.01,0.0,0.0,0.01,0.0,0.01,0.01,0.0,0.0,0.0,0.0,0.0,0.01,0.0,0.0,0.0,0.0,0.01,0.0,0.0,0.01,0.0,0.0,0.0,0.0,0.04,0.0,0.0,0.0,0.0,0.0,0.0,0.0,0.0,0.0,0.01,0.01,0.01,0.02,0.01,0.01,0.02,0.03,0.0,0.0,0.0,0.01,0.0,0.08,0.0,0,0,0.9333333333333333,0.0,3,0.0016051364365971107,0,0.9099999999999999,0.65,5.433166666666667,medium,5.551,0,0,0,0,0,0,0,0,0,0,0,0,0,0,0,0,0,1,0,0,0
266,135,0,5f19824646a7f03dda9a0c93,2020-07-23 13:02:16.865000+00:00,taking the son aside would have been better,0.666666667,1,0.333333333,3,taking the son aside would have been better.,8,8,43,1,-0.5632344009787775,-0.23950544958980577,0.01,0.0,0.0,0.0,0.0,0.0,0.0,0.01,0.0,0.0,0.0,0.0,0.0,0.0,0.0,0.0,0.0,0.01,0.0,0.0,0.01,0.0,0.0,0.02,0.01,0.01,0.0,0.0,0.0,0.0,0.01,0.0,0.0,0.0,0.0,0.0,0.0,0.0,0.0,0.0,0.0,0.04,0.0,0.01,0.0,0.03,0.01,0.0,0.0,0.0,0.0,0.01,0.0,0.03,0.0,0,0,1.0,0.0,1,0.0016051364365971107,0,0.5,0.5,0.3968,easy,2.083,0,0,0,0,0,0,0,0,0,0,0,0,0,0,0,0,0,1,0,0,0
266,135,0,5f1982d246a7f03dda9a0cd2,2020-07-23 13:02:21.264000+00:00,the conversation wasnt necessary if theyre speaking french,0.666666667,1,0.333333333,3,the conversation wasn't necessary if they're speaking french,9,8,58,1,-0.5632344009787775,-0.23950544958980577,0.009999999999999998,0.009999999999999998,0.0,0.009999999999999998,0.009999999999999998,0.0,0.0,0.0,0.0,0.0,0.0,0.009999999999999998,0.0,0.0,0.0,0.0,0.0,0.0,0.0,0.0,0.0,0.0,0.0,0.009999999999999998,0.0,0.009999999999999998,0.0,0.0,0.0,0.0,0.03,0.0,0.0,0.0,0.0,0.0,0.0,0.0,0.0,0.009999999999999998,0.009999999999999998,0.019999999999999997,0.0,0.009999999999999998,0.0,0.019999999999999997,0.019999999999999997,0.0,0.0,0.009999999999999998,0.0,0.0,0.0,0.019999999999999997,0.0,0,0,1.0,0.0,1,0.0,0,0.5,0.0,6.00705,difficult,4.399,0,0,0,0,0,0,0,0,0,0,0,0,0,0,0,0,0,0,0,0,0
267,135,2,5e7e4efc31f4e454e196c986,2020-07-23 13:30:40.448000+00:00,i think the sons the asshole personally  as a guest he should respect the wishes of his mother,0.666666667,0,0.0,3,"i think the son's the asshole personally.  as a guest, he should respect the wishes of his mother.",1,18,94,1,0.31830023881735653,1.1231536270471478,0.019999999999999997,0.0,0.0,0.009999999999999998,0.0,0.0,0.0,0.0,0.0,0.0,0.019999999999999997,0.0,0.009999999999999998,0.0,0.0,0.0,0.0,0.019999999999999997,0.0,0.0,0.009999999999999998,0.009999999999999998,0.0,0.019999999999999997,0.009999999999999998,0.0,0.0,0.0,0.0,0.0,0.049999999999999996,0.0,0.0,0.0,0.0,0.0,0.009999999999999998,0.009999999999999998,0.0,0.0,0.0,0.029999999999999995,0.009999999999999998,0.039999999999999994,0.0,0.009999999999999998,0.029999999999999995,0.019999999999999997,0.0,0.0,0.0,0.019999999999999997,0.009999999999999998,0.09999999999999999,0.0,0,0,0.8888888888888888,0.05555555555555555,0,0.0,0,0.3,0.0,0.8927999999999999,easy,0.0,0,0,1,0,1,0,0,0,0,0,0,1,0,0,0,0,0,1,0,0,0
267,135,2,5ebca97c78f5b8169eccbc45,2020-07-23 13:30:41.680000+00:00,i am on the fence here but i think asshole,0.666666667,0,0.0,3,i am on the fence here but i think asshole.,2,10,42,1,-0.5632344009787775,-0.32635029917973746,0.0,0.0,0.0,0.009999999999999998,0.0,0.0,0.0,0.0,0.009999999999999998,0.0,0.0,0.0,0.009999999999999998,0.0,0.0,0.0,0.0,0.0,0.0,0.0,0.0,0.009999999999999998,0.0,0.019999999999999997,0.0,0.0,0.009999999999999998,0.0,0.009999999999999998,0.0,0.0,0.0,0.0,0.0,0.0,0.0,0.009999999999999998,0.019999999999999997,0.0,0.0,0.009999999999999998,0.019999999999999997,0.0,0.009999999999999998,0.009999999999999998,0.009999999999999998,0.03,0.009999999999999998,0.0,0.0,0.0,0.0,0.019999999999999997,0.06999999999999999,0.0,0,0,0.9,0.2,1,0.0009790032190590103,0,0.0,0.0,0.496,easy,1.232,0,0,1,0,1,0,0,0,0,0,1,1,0,0,0,0,1,0,0,0,0
267,135,2,5f19824646a7f03dda9a0c93,2020-07-23 13:30:44.318000+00:00,i believe he is an asshole because his partner can speak english ,0.666666667,0,0.0,3,i believe he is an asshole because his partner can speak english. ,3,12,65,1,-0.2693895210467328,0.15681767622922432,0.0,0.01,0.0,0.01,0.0,0.0,0.0,0.0,0.0,0.0,0.02,0.0,0.01,0.0,0.0,0.0,0.0,0.0,0.0,0.0,0.0,0.01,0.01,0.030000000000000002,0.0,0.0,0.0,0.0,0.0,0.0,0.04,0.0,0.0,0.0,0.0,0.01,0.01,0.01,0.0,0.0,0.0,0.030000000000000002,0.01,0.01,0.01,0.02,0.02,0.0,0.0,0.01,0.0,0.0,0.01,0.07,0.0,0,0,1.0,0.08333333333333333,0,0.0004753880472329106,0,0.0,0.0,0.5952,easy,2.638,0,0,0,0,0,0,0,0,0,0,0,1,0,0,0,0,0,0,0,0,0
267,135,2,5ebca97c78f5b8169eccbc45,2020-07-23 13:30:57.592000+00:00,she should respect her mother that is hosting her and her husband ,0.666666667,0,0.0,3,she should respect her mother that is hosting her and her husband ,4,12,66,1,-0.17144122773605125,0.31787366803221156,0.01,0.0,0.0,0.01,0.0,0.01,0.0,0.0,0.0,0.0,0.04,0.0,0.0,0.0,0.0,0.0,0.0,0.02,0.0,0.0,0.01,0.0,0.0,0.01,0.01,0.0,0.0,0.0,0.0,0.0,0.060000000000000005,0.01,0.0,0.0,0.0,0.0,0.0,0.0,0.0,0.0,0.0,0.02,0.0,0.0,0.01,0.02,0.02,0.0,0.0,0.0,0.0,0.01,0.0,0.08,0.0,0,0,0.8333333333333334,0.0,1,0.0,0,0.0,0.0,0.5952,easy,13.274,0,0,1,0,0,0,0,0,0,0,0,0,0,0,0,0,0,1,0,0,0
267,135,2,5f19804846a7f03dda9a0c0c,2020-07-23 13:30:58.118000+00:00,unlike the french citizen example before the german citizen truly doesnt understand english,0.666666667,0,0.0,3,"unlike the french citizen example before, the german citizen truly doesn't understand english",5,13,91,1,-0.07349293442536971,0.4789296598351988,0.0,0.0,0.0,0.0,0.010000000000000002,0.0,0.0,0.0,0.010000000000000002,0.0,0.0,0.010000000000000002,0.0,0.0,0.0,0.0,0.0,0.0,0.0,0.010000000000000002,0.010000000000000002,0.010000000000000002,0.020000000000000004,0.020000000000000004,0.0,0.0,0.010000000000000002,0.0,0.0,0.0,0.020000000000000004,0.0,0.0,0.0,0.0,0.0,0.0,0.0,0.0,0.0,0.0,0.020000000000000004,0.0,0.020000000000000004,0.0,0.010000000000000002,0.020000000000000004,0.010000000000000002,0.0,0.0,0.0,0.0,0.0,0.030000000000000002,0.0,0,0,0.8461538461538461,0.0,0,0.0,0,0.0,0.0,0.6447999999999999,easy,0.526,0,0,0,0,0,0,0,0,0,0,0,0,0,0,0,0,0,0,0,0,0
267,135,2,5f19824646a7f03dda9a0c93,2020-07-23 13:31:00.160000+00:00,he can speak english he just doesnt know some words ,0.666666667,0,0.0,3,he can speak english he just doesn't know some words. ,6,10,52,1,-0.36733781435741436,-0.004238315573762943,0.0,0.01,0.0,0.0,0.0,0.0,0.0,0.0,0.01,0.0,0.02,0.01,0.0,0.0,0.0,0.0,0.0,0.0,0.0,0.01,0.0,0.01,0.0,0.030000000000000002,0.0,0.0,0.0,0.0,0.0,0.0,0.030000000000000002,0.0,0.0,0.0,0.0,0.0,0.0,0.0,0.0,0.01,0.01,0.030000000000000002,0.0,0.0,0.01,0.02,0.030000000000000002,0.0,0.0,0.01,0.0,0.0,0.0,0.05,0.0,0,0,0.9,0.0,0,0.002743802519631363,0,0.0,0.0,0.496,easy,2.042,0,0,0,0,0,0,0,0,0,0,0,0,0,0,0,0,0,0,0,0,0
267,135,2,5f19814c46a7f03dda9a0c18,2020-07-23 13:31:27.824000+00:00,shes not an asshole she should talk to the husband to make use of the english language ,0.666666667,0,0.0,3,"shes not an asshole, she should talk to the husband to make use of the english language ",7,17,87,1,0.31830023881735653,1.1231536270471478,0.01,0.0,0.0,0.0,0.0,0.0,0.0,0.0,0.0,0.0,0.02,0.01,0.01,0.0,0.0,0.0,0.0,0.01,0.0,0.0,0.0,0.0,0.0,0.03,0.01,0.0,0.0,0.0,0.0,0.0,0.049999999999999996,0.0,0.0,0.0,0.0,0.02,0.01,0.0,0.0,0.0,0.01,0.04,0.0,0.03,0.0,0.02,0.04,0.03,0.0,0.0,0.0,0.0,0.0,0.09,0.0,0,0,0.8823529411764706,0.0,0,0.0006161429451632779,0,0.0,0.0,0.8432,easy,27.664,0,0,1,0,0,0,0,0,0,0,0,0,0,0,0,0,0,0,0,0,0
267,135,2,5e7e4efc31f4e454e196c986,2020-07-23 13:31:33.141000+00:00,yeah he can speak it well enough that they should just speak english when around the mother,0.666666667,0,0.0,3,"yeah, he can speak it well enough that they should just speak english when around the mother.",8,17,91,1,0.31830023881735653,1.1231536270471478,0.010000000000000002,0.020000000000000004,0.0,0.010000000000000002,0.0,0.010000000000000002,0.0,0.0,0.04000000000000001,0.0,0.010000000000000002,0.0,0.0,0.0,0.0,0.0,0.0,0.010000000000000002,0.0,0.010000000000000002,0.010000000000000002,0.0,0.0,0.010000000000000002,0.010000000000000002,0.0,0.020000000000000004,0.0,0.0,0.0,0.05,0.020000000000000004,0.0,0.0,0.0,0.0,0.0,0.0,0.0,0.0,0.010000000000000002,0.020000000000000004,0.0,0.010000000000000002,0.020000000000000004,0.020000000000000004,0.030000000000000002,0.010000000000000002,0.0,0.020000000000000004,0.0,0.020000000000000004,0.0,0.09,0.0,0,0,0.9411764705882353,0.0,2,0.0006161429451632779,0,0.25,0.0,0.8432,easy,5.317,0,0,1,0,0,0,0,0,0,0,0,0,0,0,0,0,0,1,0,0,0
267,135,2,5f1982d246a7f03dda9a0cd2,2020-07-23 13:31:36.220000+00:00,since the partner can speak english but misses some words it safe to speak,0.666666667,0,0.0,3,"since the partner can speak english but misses some words, it safe to speak.",9,14,74,1,0.024455358885311848,0.6399856516381861,0.0,0.02,0.0,0.01,0.0,0.0,0.0,0.0,0.0,0.0,0.0,0.0,0.0,0.0,0.0,0.0,0.0,0.0,0.0,0.01,0.01,0.0,0.01,0.02,0.0,0.0,0.0,0.0,0.01,0.01,0.030000000000000002,0.01,0.0,0.0,0.0,0.01,0.0,0.0,0.0,0.01,0.01,0.02,0.01,0.01,0.01,0.01,0.04,0.02,0.0,0.02,0.0,0.01,0.0,0.060000000000000005,0.0,0,0,0.9285714285714286,0.0,3,0.0026590438644686918,0,0.25,0.25,0.6944,easy,3.079,0,0,0,0,0,0,0,0,0,0,0,0,0,0,0,0,0,1,1,0,0
267,135,2,5ebca97c78f5b8169eccbc45,2020-07-23 13:31:42.102000+00:00,i think she should encourage the husband ,0.666666667,0,0.0,3,i think she should encourage the husband ,10,7,41,1,-0.7591309876001406,-0.6484622827857119,0.01,0.0,0.0,0.0,0.0,0.0,0.0,0.0,0.0,0.0,0.01,0.0,0.0,0.0,0.0,0.0,0.0,0.01,0.0,0.0,0.01,0.01,0.0,0.01,0.01,0.0,0.0,0.0,0.0,0.0,0.029999999999999995,0.0,0.0,0.0,0.0,0.0,0.0,0.01,0.0,0.0,0.0,0.02,0.0,0.01,0.0,0.01,0.02,0.0,0.0,0.0,0.0,0.01,0.01,0.04,0.0,0,0,1.0,0.14285714285714285,1,0.0,0,0.0,0.0,0.3472,easy,5.882,0,0,1,0,1,0,0,0,0,0,0,1,0,0,0,0,0,1,0,0,0
268,136,0,5f18b78046a7f03dda99c868,2020-07-23 16:23:25.497000+00:00,im ready,1.0,0,0.0,5,i'm ready,1,2,8,1,-1.1509241608428669,-0.7732612237195273,0.0,0.0,0.0,0.0,0.0,0.0,0.0,0.0,0.0,0.0,0.0,0.0,0.0,0.0,0.0,0.0,0.0,0.0,0.0,0.0,0.01,0.0,0.0,0.0,0.0,0.0,0.0,0.0,0.0,0.0,0.0,0.0,0.0,0.0,0.0,0.0,0.0,0.0,0.0,0.0,0.0,0.0,0.0,0.0,0.0,0.0,0.0,0.0,0.0,0.0,0.0,0.01,0.0,0.0,0.0,0,0,1.0,0.0,0,0.0,0,0.5,0.2,0.0992,easy,0.0,0,0,0,0,0,0,0,0,0,0,0,1,0,0,0,0,0,1,0,0,0
268,136,0,5f19adfc46a7f03dda9a2b7c,2020-07-23 16:23:36.258000+00:00,im ready,1.0,0,0.0,5,i'm ready,2,2,8,1,-1.1509241608428669,-0.7732612237195273,0.0,0.0,0.0,0.0,0.0,0.0,0.0,0.0,0.0,0.0,0.0,0.0,0.0,0.0,0.0,0.0,0.0,0.0,0.0,0.0,0.01,0.0,0.0,0.0,0.0,0.0,0.0,0.0,0.0,0.0,0.0,0.0,0.0,0.0,0.0,0.0,0.0,0.0,0.0,0.0,0.0,0.0,0.0,0.0,0.0,0.0,0.0,0.0,0.0,0.0,0.0,0.01,0.0,0.0,0.0,0,0,1.0,0.0,0,0.09395787139689579,0,0.5,0.2,0.0992,easy,10.761,0,0,0,0,0,0,0,0,0,0,0,1,0,0,0,0,0,1,0,0,0
268,136,0,5f18b78046a7f03dda99c868,2020-07-23 16:23:42.122000+00:00,hi,1.0,0,0.0,5,hi,3,1,2,1,-1.2488724541535483,-0.8713994096620494,0.0,0.0,0.0,0.0,0.0,0.0,0.0,0.0,0.0,0.0,0.0,0.0,0.0,0.0,0.0,0.0,0.0,0.0,0.0,0.0,0.0,0.0,0.0,0.0,0.0,0.0,0.0,0.0,0.0,0.0,0.01,0.0,0.0,0.0,0.0,0.0,0.0,0.0,0.0,0.0,0.0,0.0,0.0,0.0,0.0,0.0,0.0,0.0,0.0,0.0,0.0,0.0,0.0,0.0,0.0,0,0,1.0,0.0,0,0.0,0,0.0,0.0,0.0496,easy,5.864,0,0,0,0,0,0,0,0,0,0,0,0,0,0,1,0,0,0,0,0,0
268,136,0,5f1322fc2ce49169326082e1,2020-07-23 16:23:46.311000+00:00,i am ready,1.0,0,0.0,5,i am ready,4,3,10,1,-1.1509241608428669,-0.7732612237195273,0.0,0.0,0.0,0.0,0.0,0.0,0.0,0.0,0.0,0.0,0.0,0.0,0.0,0.0,0.0,0.0,0.0,0.0,0.0,0.0,0.010000000000000002,0.0,0.0,0.010000000000000002,0.0,0.0,0.0,0.0,0.0,0.0,0.0,0.0,0.0,0.0,0.0,0.0,0.0,0.010000000000000002,0.0,0.0,0.0,0.010000000000000002,0.0,0.0,0.0,0.010000000000000002,0.0,0.0,0.0,0.0,0.0,0.010000000000000002,0.010000000000000002,0.020000000000000004,0.0,0,0,1.0,0.3333333333333333,0,0.0,0,0.5,0.2,0.1488,easy,4.189,0,0,0,0,0,0,0,0,0,0,0,1,0,0,0,0,0,1,0,0,0
268,136,0,5d482ea821c9be351f7632c5,2020-07-23 16:23:47.399000+00:00,im ready,1.0,0,0.0,5,i'm ready,5,2,8,1,-1.1509241608428669,-0.7732612237195273,0.0,0.0,0.0,0.0,0.0,0.0,0.0,0.0,0.0,0.0,0.0,0.0,0.0,0.0,0.0,0.0,0.0,0.0,0.0,0.0,0.01,0.0,0.0,0.0,0.0,0.0,0.0,0.0,0.0,0.0,0.0,0.0,0.0,0.0,0.0,0.0,0.0,0.0,0.0,0.0,0.0,0.0,0.0,0.0,0.0,0.0,0.0,0.0,0.0,0.0,0.0,0.01,0.0,0.0,0.0,0,0,1.0,0.0,0,0.09090909090909091,0,0.5,0.2,0.0992,easy,1.088,0,0,0,0,0,0,0,0,0,0,0,1,0,0,0,0,0,1,0,0,0
268,136,0,5f19a73046a7f03dda9a2584,2020-07-23 16:23:48.147000+00:00,i understand how he can come off as an asshole but i understand his frustration having to get depended on liek that all the time,1.0,0,0.0,5,"i understand how he can come off as an asshole, but i understand his frustration having to get depended on liek that all the time",6,25,128,1,0.9059899986814458,1.2876406810734364,0.0,0.0,0.0,0.03,0.01,0.01,0.0,0.0,0.01,0.0,0.02,0.0,0.01,0.0,0.0,0.0,0.0,0.0,0.0,0.0,0.0,0.02,0.0,0.05,0.0,0.01,0.04,0.0,0.0,0.0,0.02,0.01,0.0,0.0,0.0,0.02,0.02,0.02,0.0,0.01,0.01,0.07,0.0,0.02,0.01,0.02,0.07,0.04,0.0,0.0,0.0,0.0,0.02,0.16,0.0,0,0,0.92,0.08,0,0.0,0,0.0,0.0,1.24,easy,0.748,0,0,0,0,0,0,0,0,0,0,1,1,0,0,0,0,0,0,1,0,0
268,136,0,5f19adfc46a7f03dda9a2b7c,2020-07-23 16:24:02.523000+00:00,i agree livelybear,1.0,0,0.0,5,i agree livelybear,7,3,18,1,-1.1509241608428669,-0.7732612237195273,0.0,0.0,0.0,0.0,0.0,0.0,0.0,0.0,0.0,0.0,0.0,0.0,0.0,0.0,0.0,0.0,0.0,0.0,0.0,0.0,0.019999999999999997,0.0,0.0,0.0,0.0,0.0,0.0,0.0,0.0,0.0,0.0,0.0,0.0,0.0,0.0,0.0,0.0,0.009999999999999998,0.0,0.0,0.0,0.0,0.0,0.0,0.0,0.0,0.0,0.0,0.0,0.0,0.0,0.0,0.009999999999999998,0.009999999999999998,0.0,0,0,1.0,0.3333333333333333,0,0.00015518311607697082,0,0.0,0.0,0.1488,easy,14.376,0,0,0,0,0,0,0,0,0,0,0,1,0,0,0,0,0,0,0,0,0
268,136,0,5f19afd246a7f03dda9a2e1b,2020-07-23 16:24:07.106000+00:00,hi,1.0,0,0.0,5,hi!,8,1,2,1,-1.2488724541535483,-0.8713994096620494,0.0,0.0,0.0,0.0,0.0,0.0,0.0,0.0,0.0,0.0,0.0,0.0,0.0,0.0,0.0,0.0,0.0,0.0,0.0,0.0,0.0,0.0,0.0,0.0,0.0,0.0,0.0,0.0,0.0,0.0,0.01,0.0,0.0,0.0,0.0,0.0,0.0,0.0,0.0,0.0,0.0,0.0,0.0,0.0,0.0,0.0,0.0,0.0,0.0,0.0,0.0,0.0,0.0,0.0,0.0,0,0,1.0,0.0,0,0.0,0,0.0,0.0,0.0496,easy,4.583,0,0,0,0,0,0,0,0,0,0,0,0,0,0,1,0,0,0,0,0,0
268,136,0,5f1322fc2ce49169326082e1,2020-07-23 16:24:07.916000+00:00,yes i agree that he is asshole,1.0,0,0.0,5,yes i agree that he is asshole,9,7,30,1,-0.7591309876001406,-0.380708479949439,0.0,0.0,0.0,0.0,0.0,0.0,0.0,0.0,0.0,0.0,0.01,0.0,0.01,0.0,0.0,0.0,0.0,0.0,0.0,0.0,0.01,0.0,0.0,0.01,0.0,0.0,0.0,0.0,0.0,0.0,0.01,0.01,0.0,0.0,0.0,0.0,0.01,0.01,0.0,0.0,0.0,0.01,0.0,0.0,0.01,0.01,0.0,0.0,0.0,0.0,0.0,0.0,0.01,0.04,0.0,0,0,1.0,0.14285714285714285,0,0.0,0,0.0,0.0,0.3472,easy,0.81,0,0,0,0,0,0,0,0,0,0,1,0,0,0,0,0,0,0,0,0,0
268,136,0,5d482ea821c9be351f7632c5,2020-07-23 16:24:09.506000+00:00,i definitely agree with livelybear,1.0,0,0.0,5,i definitely agree with livelybear,10,5,34,1,-0.9550275742215037,-0.5769848518344832,0.0,0.0,0.0,0.0,0.01,0.01,0.0,0.0,0.01,0.0,0.0,0.0,0.0,0.0,0.0,0.0,0.0,0.0,0.0,0.0,0.030000000000000006,0.0,0.0,0.0,0.0,0.0,0.0,0.0,0.0,0.0,0.0,0.0,0.0,0.0,0.0,0.0,0.0,0.01,0.0,0.0,0.0,0.0,0.0,0.0,0.0,0.0,0.02,0.01,0.0,0.0,0.0,0.0,0.01,0.02,0.0,0,0,1.0,0.2,0,0.0009603360951429933,0,0.5,0.0,0.248,easy,1.59,0,0,0,0,0,0,0,0,0,0,0,1,0,0,0,0,0,0,0,0,0
268,136,0,5f18b78046a7f03dda99c868,2020-07-23 16:24:09.548000+00:00,yeah im ready hii,1.0,0,0.0,5,yeah i'm ready hii,11,4,17,1,-0.9550275742215037,-0.5769848518344832,0.0,0.0,0.0,0.0,0.0,0.0,0.0,0.0,0.0,0.0,0.0,0.0,0.0,0.0,0.0,0.0,0.0,0.0,0.0,0.0,0.01,0.0,0.0,0.0,0.0,0.0,0.0,0.0,0.0,0.0,0.0,0.0,0.0,0.0,0.0,0.0,0.0,0.0,0.0,0.0,0.0,0.0,0.0,0.0,0.0,0.0,0.0,0.0,0.0,0.0,0.0,0.01,0.0,0.0,0.0,0,0,1.0,0.0,0,0.0,0,0.5,0.2,0.1984,easy,0.042,0,0,0,0,0,0,0,0,0,0,0,1,0,0,0,0,0,1,0,0,0
268,136,0,5f1322fc2ce49169326082e1,2020-07-23 16:24:26.259000+00:00,he is just getting frustrating himself,1.0,0,0.0,5,he is just getting frustrating himself,12,6,38,1,-0.7591309876001406,-0.380708479949439,0.0,0.0,0.0,0.0,0.0,0.0,0.0,0.0,0.01,0.0,0.02,0.0,0.0,0.0,0.0,0.0,0.0,0.0,0.0,0.0,0.0,0.0,0.0,0.01,0.0,0.0,0.0,0.0,0.0,0.0,0.02,0.0,0.0,0.0,0.0,0.0,0.01,0.0,0.0,0.0,0.01,0.01,0.0,0.0,0.01,0.01,0.01,0.0,0.0,0.0,0.0,0.0,0.0,0.04,0.0,0,0,1.0,0.0,0,0.0,0,0.9,-0.4,0.2976,easy,16.711,0,0,0,0,0,0,0,0,0,0,0,0,0,0,0,0,0,0,1,0,0
268,136,0,5f19adfc46a7f03dda9a2b7c,2020-07-23 16:24:29.714000+00:00,he has some stress and he kind of took it out on her but he offered to help her in every way as well overall not an asshole just stressed out,1.0,0,0.0,5,"he has some stress and he kind of took it out on her, but he offered to help her in every way as well. overall, not an asshole just stressed out.",13,31,141,1,1.6895763451668984,2.072746168613613,0.0,0.0,0.0,0.03,0.009999999999999998,0.03,0.0,0.0,0.019999999999999997,0.019999999999999997,0.05,0.009999999999999998,0.009999999999999998,0.0,0.0,0.0,0.0,0.0,0.0,0.019999999999999997,0.019999999999999997,0.0,0.0,0.009999999999999998,0.0,0.009999999999999998,0.06,0.0,0.0,0.0,0.06999999999999999,0.009999999999999998,0.0,0.0,0.0,0.0,0.009999999999999998,0.0,0.0,0.03,0.03,0.019999999999999997,0.0,0.009999999999999998,0.039999999999999994,0.009999999999999998,0.1,0.06999999999999999,0.0,0.0,0.0,0.009999999999999998,0.0,0.2,0.009999999999999998,0,0,0.8709677419354839,0.0,4,0.0,1,0.45,0.3,1.5375999999999999,easy,3.455,0,0,0,0,0,0,0,0,0,0,0,0,0,0,0,0,1,1,1,0,0
268,136,0,5f19b28446a7f03dda9a3368,2020-07-23 16:24:34.882000+00:00,i think that as long as he did it in a nice and respectful way then hes not the asshole,1.0,0,0.0,5,i think that as long as he did it in a nice and respectful way then he's not the asshole.,14,20,87,1,0.5141968254387196,0.895087937303348,0.0,0.0,0.0,0.04,0.0,0.01,0.0,0.0,0.0,0.0,0.02,0.01,0.01,0.0,0.0,0.0,0.0,0.0,0.0,0.0,0.01,0.01,0.0,0.02,0.0,0.01,0.04,0.0,0.0,0.0,0.02,0.02,0.0,0.0,0.0,0.0,0.01,0.01,0.0,0.0,0.01,0.03,0.0,0.02,0.01,0.02,0.03,0.03,0.0,0.0,0.0,0.03,0.01,0.13,0.0,0,0,0.95,0.05,7,0.002328237059669996,0,0.6999999999999998,0.3499999999999999,0.992,easy,5.168,0,0,1,0,1,0,0,0,0,0,0,1,0,0,0,0,0,1,0,0,0
268,136,0,5f18b78046a7f03dda99c868,2020-07-23 16:24:42.418000+00:00,pk ok,1.0,0,0.0,5,pk ok,15,2,5,1,-1.1509241608428669,-0.7732612237195273,0.0,0.0,0.0,0.0,0.0,0.0,0.0,0.0,0.0,0.0,0.0,0.0,0.0,0.0,0.0,0.0,0.0,0.0,0.0,0.0,0.010000000000000002,0.0,0.0,0.0,0.0,0.0,0.0,0.0,0.0,0.0,0.0,0.0,0.0,0.0,0.0,0.0,0.0,0.0,0.0,0.0,0.0,0.0,0.0,0.0,0.0,0.0,0.0,0.0,0.0,0.0,0.0,0.0,0.0,0.0,0.0,0,0,1.0,0.0,0,0.0,0,0.5,0.5,0.0992,easy,7.536,0,0,0,0,0,0,0,0,0,0,0,0,0,0,0,0,0,0,0,0,0
269,136,3,5f18b78046a7f03dda99c868,2020-07-23 17:08:15.421000+00:00,hi hi,0.6,1,0.2,5,hi hi,1,2,5,1,-1.2488724541535483,-1.0452677739554235,0.0,0.0,0.0,0.0,0.0,0.0,0.0,0.0,0.0,0.0,0.0,0.0,0.0,0.0,0.0,0.0,0.0,0.0,0.0,0.0,0.0,0.0,0.0,0.0,0.0,0.0,0.0,0.0,0.0,0.0,0.020000000000000004,0.0,0.0,0.0,0.0,0.0,0.0,0.0,0.0,0.0,0.0,0.0,0.0,0.0,0.0,0.0,0.0,0.0,0.0,0.0,0.0,0.0,0.0,0.0,0.0,0,0,0.5,0.5,0,0.0,0,0.0,0.0,0.0992,easy,0.0,0,0,0,0,0,0,0,0,0,0,0,0,0,0,1,0,0,0,0,0,0
269,136,3,5f19afd246a7f03dda9a2e1b,2020-07-23 17:08:17.561000+00:00,hi,0.6,1,0.2,5,hi,2,1,2,1,-1.2488724541535483,-1.0452677739554235,0.0,0.0,0.0,0.0,0.0,0.0,0.0,0.0,0.0,0.0,0.0,0.0,0.0,0.0,0.0,0.0,0.0,0.0,0.0,0.0,0.0,0.0,0.0,0.0,0.0,0.0,0.0,0.0,0.0,0.0,0.01,0.0,0.0,0.0,0.0,0.0,0.0,0.0,0.0,0.0,0.0,0.0,0.0,0.0,0.0,0.0,0.0,0.0,0.0,0.0,0.0,0.0,0.0,0.0,0.0,0,0,1.0,0.0,1,0.0,0,0.0,0.0,0.0496,easy,2.14,0,0,0,0,0,0,0,0,0,0,0,0,0,0,1,0,0,0,0,0,0
269,136,3,5d482ea821c9be351f7632c5,2020-07-23 17:08:18.589000+00:00,hello,0.6,1,0.2,5,hello,3,1,5,1,-1.2488724541535483,-1.0452677739554235,0.0,0.0,0.0,0.0,0.0,0.0,0.0,0.0,0.0,0.0,0.0,0.0,0.0,0.0,0.0,0.0,0.0,0.0,0.0,0.0,0.0,0.0,0.0,0.0,0.0,0.0,0.0,0.0,0.0,0.0,0.010000000000000002,0.0,0.0,0.0,0.0,0.0,0.0,0.0,0.0,0.0,0.0,0.0,0.0,0.0,0.0,0.0,0.0,0.0,0.0,0.0,0.0,0.0,0.0,0.0,0.0,0,0,1.0,0.0,0,0.0,0,0.0,0.0,0.0496,easy,1.028,0,0,0,0,0,0,0,0,0,0,0,0,0,0,1,0,0,0,0,0,0
269,136,3,5f1322fc2ce49169326082e1,2020-07-23 17:08:20.191000+00:00,hi,0.6,1,0.2,5,hi,4,1,2,1,-1.2488724541535483,-1.0452677739554235,0.0,0.0,0.0,0.0,0.0,0.0,0.0,0.0,0.0,0.0,0.0,0.0,0.0,0.0,0.0,0.0,0.0,0.0,0.0,0.0,0.0,0.0,0.0,0.0,0.0,0.0,0.0,0.0,0.0,0.0,0.01,0.0,0.0,0.0,0.0,0.0,0.0,0.0,0.0,0.0,0.0,0.0,0.0,0.0,0.0,0.0,0.0,0.0,0.0,0.0,0.0,0.0,0.0,0.0,0.0,0,0,1.0,0.0,0,0.0,0,0.0,0.0,0.0496,easy,1.602,0,0,0,0,0,0,0,0,0,0,0,0,0,0,1,0,0,0,0,0,0
269,136,3,5f18b78046a7f03dda99c868,2020-07-23 17:08:25.962000+00:00,how are you,0.6,1,0.2,5,how are you,5,3,11,1,-1.0529758675321852,-0.8335679716353377,0.0,0.0,0.0,0.01,0.0,0.0,0.0,0.0,0.01,0.0,0.0,0.0,0.0,0.0,0.0,0.0,0.0,0.0,0.0,0.0,0.0,0.0,0.0,0.01,0.0,0.0,0.0,0.0,0.0,0.0,0.01,0.0,0.0,0.0,0.0,0.01,0.0,0.0,0.0,0.0,0.0,0.01,0.0,0.0,0.0,0.01,0.01,0.0,0.0,0.0,0.01,0.0,0.0,0.03,0.0,1,0,1.0,0.0,0,0.0,0,0.0,0.0,0.1488,easy,5.771,0,0,0,0,0,0,0,0,0,0,0,0,1,0,0,1,0,0,0,0,0
269,136,3,5f19adfc46a7f03dda9a2b7c,2020-07-23 17:08:36.211000+00:00,hello my first impression is that she is reasonable ,0.6,1,0.2,5,hello. my first impression is that she is reasonable. ,6,9,52,1,-0.5632344009787775,-0.3043184658351233,0.0,0.0,0.0,0.0,0.0,0.0,0.0,0.01,0.0,0.0,0.01,0.0,0.0,0.0,0.0,0.0,0.0,0.0,0.0,0.0,0.01,0.01,0.0,0.02,0.0,0.0,0.01,0.0,0.0,0.0,0.02,0.01,0.0,0.0,0.0,0.01,0.0,0.01,0.0,0.0,0.0,0.02,0.0,0.0,0.0,0.02,0.01,0.0,0.0,0.0,0.0,0.01,0.01,0.05,0.0,0,0,0.8888888888888888,0.1111111111111111,0,0.0,0,0.4666666666666667,0.225,0.44639999999999996,easy,10.249,0,0,0,0,0,0,0,0,0,0,1,0,0,0,1,0,0,1,0,0,0
269,136,3,5f19afd246a7f03dda9a2e1b,2020-07-23 17:08:48.057000+00:00,me too del,0.6,1,0.2,5,"me, too! del",7,3,10,1,-1.0529758675321852,-0.8335679716353377,0.0,0.0,0.0,0.0,0.0,0.0,0.0,0.0,0.010000000000000002,0.0,0.0,0.0,0.0,0.0,0.0,0.0,0.0,0.0,0.0,0.0,0.0,0.0,0.0,0.0,0.0,0.0,0.0,0.0,0.0,0.0,0.0,0.0,0.0,0.0,0.0,0.0,0.0,0.010000000000000002,0.0,0.0,0.0,0.0,0.0,0.0,0.0,0.0,0.0,0.0,0.0,0.0,0.0,0.0,0.010000000000000002,0.020000000000000004,0.0,0,0,1.0,0.0,0,0.0,0,0.0,0.0,0.1488,easy,11.846,0,0,0,0,0,0,0,0,0,0,0,0,0,0,0,0,0,0,0,0,0
269,136,3,5f1322fc2ce49169326082e1,2020-07-23 17:08:50.597000+00:00,i think the person in the scenario is not asshole,0.6,1,0.2,5,"i think, the person in the scenario is not asshole",8,10,49,1,-0.4652861076680959,-0.1984685646750804,0.0,0.0,0.0,0.0,0.0,0.0,0.0,0.0,0.0,0.0,0.0,0.009999999999999998,0.009999999999999998,0.0,0.0,0.0,0.0,0.0,0.0,0.0,0.0,0.009999999999999998,0.009999999999999998,0.019999999999999997,0.0,0.0,0.009999999999999998,0.0,0.0,0.0,0.009999999999999998,0.0,0.0,0.0,0.0,0.0,0.009999999999999998,0.009999999999999998,0.0,0.0,0.009999999999999998,0.019999999999999997,0.0,0.019999999999999997,0.0,0.009999999999999998,0.019999999999999997,0.009999999999999998,0.0,0.0,0.0,0.0,0.009999999999999998,0.06,0.0,0,0,0.9,0.1,0,0.0,0,0.0,0.0,0.496,easy,2.54,0,0,1,0,1,0,0,0,0,0,0,1,0,0,0,0,0,0,0,0,0
269,136,3,5f19adfc46a7f03dda9a2b7c,2020-07-23 17:08:53.395000+00:00,i feel like the husband slightly overreacted,0.6,1,0.2,5,i feel like the husband slightly overreacted.,9,7,44,1,-0.7591309876001406,-0.516018268155209,0.0,0.0,0.0,0.0,0.0,0.0,0.0,0.0,0.0,0.0,0.0,0.0,0.0,0.0,0.0,0.0,0.0,0.01,0.0,0.0,0.01,0.01,0.0,0.01,0.0,0.0,0.0,0.0,0.0,0.0,0.01,0.0,0.0,0.0,0.0,0.0,0.0,0.01,0.01,0.0,0.0,0.01,0.0,0.01,0.0,0.0,0.01,0.0,0.0,0.01,0.0,0.01,0.01,0.02,0.0,0,0,1.0,0.14285714285714285,1,0.00015518311607697082,0,0.16666666666666666,-0.16666666666666666,0.3472,easy,2.798,0,0,1,0,1,0,0,0,0,0,0,1,0,0,0,0,0,1,0,0,0
269,136,3,5f19a73046a7f03dda9a2584,2020-07-23 17:09:00.151000+00:00,i dont think it should be expected of him to have to help like that,0.6,1,0.2,5,i don't think it should be expected of him to have to help like that.,10,15,67,1,0.024455358885311848,0.330780941125134,0.02,0.0,0.0,0.0,0.0,0.0,0.0,0.0,0.0,0.0,0.01,0.01,0.0,0.0,0.0,0.0,0.0,0.0,0.0,0.0,0.01,0.01,0.0,0.03,0.01,0.0,0.0,0.0,0.0,0.0,0.02,0.02,0.0,0.0,0.0,0.0,0.0,0.01,0.0,0.0,0.0,0.049999999999999996,0.0,0.0,0.0,0.04,0.03,0.03,0.0,0.0,0.0,0.01,0.01,0.09999999999999999,0.0,0,0,0.9333333333333333,0.06666666666666667,1,0.00015518311607697082,0,0.4,-0.1,0.744,easy,6.756,0,0,1,0,1,0,0,0,0,0,0,1,0,0,0,0,0,1,0,0,0
269,136,3,5d482ea821c9be351f7632c5,2020-07-23 17:09:05.960000+00:00,i think this one is tough while i dont think their husband should have to serve as translator i dont think its right to just suggest they should learn english and stop bothering him because he was able to learn spanish,0.6,1,0.2,5,i think this one is tough. while i don't think their husband should have to serve as translator i don't think it's right to just suggest they should learn english and stop bothering him because he was able to learn spanish.,11,41,218,1,2.375214398341669,2.871178568966163,0.020000000000000004,0.0,0.0,0.04000000000000001,0.0,0.010000000000000002,0.0,0.010000000000000002,0.010000000000000002,0.0,0.020000000000000004,0.020000000000000004,0.0,0.0,0.0,0.0,0.0,0.010000000000000002,0.0,0.0,0.0,0.05000000000000001,0.0,0.07,0.020000000000000004,0.010000000000000002,0.030000000000000002,0.0,0.010000000000000002,0.0,0.060000000000000005,0.020000000000000004,0.0,0.020000000000000004,0.0,0.010000000000000002,0.010000000000000002,0.030000000000000002,0.0,0.0,0.010000000000000002,0.10000000000000002,0.0,0.0,0.030000000000000002,0.07,0.11000000000000001,0.04000000000000001,0.0,0.0,0.0,0.020000000000000004,0.030000000000000002,0.22000000000000003,0.0,0,0,0.7804878048780488,0.07317073170731707,9,0.0015108455154782992,0,0.39880952380952384,0.07936507936507936,2.0336,easy,5.809,0,0,1,0,1,0,0,0,0,0,1,1,0,0,0,0,0,1,1,0,0
269,136,3,5f19a73046a7f03dda9a2584,2020-07-23 17:09:06.479000+00:00,it would be nice,0.6,1,0.2,5,it would be nice.,12,4,16,1,-0.9550275742215037,-0.7277180704752948,0.01,0.0,0.0,0.0,0.0,0.0,0.0,0.0,0.0,0.0,0.0,0.0,0.0,0.0,0.0,0.0,0.0,0.0,0.0,0.0,0.01,0.0,0.0,0.0,0.01,0.0,0.0,0.0,0.0,0.0,0.0,0.01,0.0,0.0,0.0,0.0,0.0,0.0,0.0,0.0,0.0,0.02,0.0,0.0,0.0,0.02,0.01,0.0,0.0,0.0,0.0,0.01,0.0,0.02,0.0,0,0,1.0,0.0,0,0.0,0,1.0,0.6,0.1984,easy,0.519,0,0,0,0,0,0,0,0,0,0,0,0,0,0,0,0,0,1,0,0,0
269,136,3,5f19b28446a7f03dda9a3368,2020-07-23 17:09:07.168000+00:00,i think it should be her responsibility to translate for her mom and not her husbands ,0.6,1,0.2,5,i think it should be her responsibility to translate for her mom and not her husbands. ,13,16,86,1,0.1224036521959934,0.4366308422851769,0.01,0.0,0.0,0.01,0.0,0.01,0.0,0.01,0.0,0.0,0.03,0.01,0.0,0.0,0.0,0.0,0.0,0.02,0.0,0.0,0.0,0.01,0.0,0.01,0.01,0.0,0.0,0.0,0.01,0.0,0.049999999999999996,0.01,0.0,0.01,0.0,0.0,0.0,0.01,0.0,0.0,0.01,0.03,0.0,0.0,0.01,0.02,0.049999999999999996,0.02,0.0,0.0,0.0,0.0,0.01,0.11,0.0,0,0,0.875,0.0625,2,0.0,0,0.0,0.0,5.416975,medium,0.689,0,0,1,0,1,0,0,0,0,0,0,1,0,0,0,0,0,0,0,0,0
269,136,3,5f1322fc2ce49169326082e1,2020-07-23 17:09:14.684000+00:00,of course you are true lighthorse,0.6,1,0.2,5,of course you are true lighthorse,14,6,33,1,-0.7591309876001406,-0.516018268155209,0.0,0.0,0.0,0.0,0.01,0.0,0.0,0.0,0.0,0.0,0.0,0.0,0.0,0.0,0.0,0.0,0.0,0.0,0.0,0.0,0.01,0.0,0.0,0.01,0.0,0.0,0.0,0.0,0.0,0.0,0.01,0.0,0.0,0.01,0.0,0.0,0.0,0.0,0.0,0.0,0.0,0.01,0.0,0.0,0.0,0.01,0.01,0.01,0.0,0.0,0.01,0.0,0.0,0.030000000000000002,0.0,0,0,1.0,0.0,0,0.0,0,0.65,0.35,0.2976,easy,7.516,0,0,0,0,0,0,0,0,0,0,0,0,1,0,0,0,0,0,0,0,0
270,137,0,5f19af0046a7f03dda9a2ca5,2020-07-23 16:10:05.310000+00:00,hi members are you there ,0.714285714,0,0.0,7,hi members are you there ,1,5,25,1,-0.9550275742215037,-0.5941021107373053,0.0,0.0,0.0,0.0,0.0,0.0,0.0,0.0,0.01,0.0,0.0,0.0,0.0,0.0,0.0,0.0,0.0,0.0,0.0,0.0,0.0,0.0,0.01,0.01,0.0,0.0,0.0,0.0,0.0,0.0,0.03,0.0,0.0,0.0,0.0,0.0,0.0,0.0,0.0,0.0,0.0,0.01,0.0,0.0,0.0,0.01,0.0,0.0,0.0,0.0,0.01,0.0,0.0,0.03,0.0,0,0,1.0,0.2,0,0.0,0,0.0,0.0,0.248,easy,0.0,0,0,0,0,0,0,0,0,0,0,0,0,1,0,1,0,0,0,0,0,0
270,137,0,5d482ea721c9be351f762f9f,2020-07-23 16:10:16.145000+00:00,hello,0.714285714,0,0.0,7,hello!,2,1,5,1,-1.2488724541535483,-0.8894261250863728,0.0,0.0,0.0,0.0,0.0,0.0,0.0,0.0,0.0,0.0,0.0,0.0,0.0,0.0,0.0,0.0,0.0,0.0,0.0,0.0,0.0,0.0,0.0,0.0,0.0,0.0,0.0,0.0,0.0,0.0,0.010000000000000002,0.0,0.0,0.0,0.0,0.0,0.0,0.0,0.0,0.0,0.0,0.0,0.0,0.0,0.0,0.0,0.0,0.0,0.0,0.0,0.0,0.0,0.0,0.0,0.0,0,0,1.0,0.0,0,0.0,0,0.0,0.0,0.0496,easy,10.835,0,0,0,0,0,0,0,0,0,0,0,0,0,0,1,0,0,0,0,0,0
270,137,0,5d482ea721c9be351f762d3e,2020-07-23 16:10:20.081000+00:00,hello,0.714285714,0,0.0,7,hello,3,1,5,1,-1.2488724541535483,-0.8894261250863728,0.0,0.0,0.0,0.0,0.0,0.0,0.0,0.0,0.0,0.0,0.0,0.0,0.0,0.0,0.0,0.0,0.0,0.0,0.0,0.0,0.0,0.0,0.0,0.0,0.0,0.0,0.0,0.0,0.0,0.0,0.010000000000000002,0.0,0.0,0.0,0.0,0.0,0.0,0.0,0.0,0.0,0.0,0.0,0.0,0.0,0.0,0.0,0.0,0.0,0.0,0.0,0.0,0.0,0.0,0.0,0.0,0,0,1.0,0.0,0,0.0070921985815602835,0,0.0,0.0,0.0496,easy,3.936,0,0,0,0,0,0,0,0,0,0,0,0,0,0,1,0,0,0,0,0,0
270,137,0,5d482eab21c9be351f76421d,2020-07-23 16:10:25.076000+00:00,hello everyone im thinking this guy is the asshole,0.714285714,0,0.0,7,"hello everyone, i'm thinking this guy is the asshole.",4,9,50,1,-0.4652861076680959,-0.10189542015552613,0.0,0.0,0.0,0.0,0.0,0.0,0.0,0.0,0.0,0.0,0.0,0.0,0.01,0.0,0.0,0.0,0.0,0.0,0.0,0.0,0.0,0.01,0.01,0.01,0.0,0.0,0.0,0.0,0.0,0.0,0.03,0.02,0.0,0.0,0.0,0.0,0.01,0.0,0.0,0.0,0.0,0.01,0.0,0.01,0.0,0.01,0.01,0.0,0.0,0.0,0.0,0.0,0.0,0.03,0.0,0,0,1.0,0.0,0,0.0070921985815602835,0,0.0,0.0,0.44639999999999996,easy,4.995,0,0,1,0,1,0,0,0,0,0,1,0,0,0,1,0,0,0,0,0,0
270,137,0,5f19af0046a7f03dda9a2ca5,2020-07-23 16:10:28.296000+00:00,hi friends ,0.714285714,0,0.0,7,hi friends ,5,2,11,1,-1.2488724541535483,-0.8894261250863728,0.0,0.0,0.0,0.0,0.0,0.0,0.0,0.0,0.0,0.0,0.0,0.0,0.0,0.0,0.0,0.0,0.0,0.0,0.0,0.0,0.01,0.0,0.0,0.0,0.0,0.0,0.0,0.0,0.0,0.0,0.02,0.0,0.0,0.0,0.0,0.0,0.0,0.0,0.0,0.0,0.0,0.0,0.01,0.0,0.0,0.0,0.0,0.0,0.0,0.0,0.0,0.0,0.0,0.0,0.0,0,0,1.0,0.5,0,0.0,0,0.0,0.0,0.0992,easy,3.22,0,0,0,0,0,0,0,0,0,0,0,0,0,0,1,0,0,0,0,0,0
270,137,0,5f19ad2a46a7f03dda9a29f5,2020-07-23 16:10:29.122000+00:00,i think that the story writer is a bit blunt but hes not an asshole he wants his mil to be independent,0.714285714,0,0.0,7,i think that the story writer is a bit blunt but hes not an asshole. he wants his mil to be independent.,6,22,102,1,0.7100934120600827,1.0794006372407439,0.01,0.0,0.0,0.01,0.0,0.0,0.0,0.0,0.0,0.0,0.03,0.01,0.01,0.0,0.0,0.0,0.0,0.0,0.0,0.01,0.0,0.01,0.0,0.04,0.0,0.0,0.0,0.0,0.0,0.0,0.04,0.01,0.0,0.0,0.0,0.01,0.01,0.01,0.0,0.0,0.02,0.05,0.0,0.03,0.01,0.03,0.06,0.01,0.0,0.0,0.0,0.01,0.01,0.12,0.0,0,0,1.0,0.045454545454545456,0,0.0,0,0.1125,0.1,1.808927272727273,easy,0.826,0,0,1,0,1,0,0,0,0,0,0,1,0,0,0,0,0,0,1,0,0
270,137,0,5d482ea721c9be351f762d3e,2020-07-23 16:10:29.577000+00:00,i think the person was being an asshole if it bothered them so much they should just stop answering those calls or putting themself in that situation,0.714285714,0,0.0,7,"i think the person was being an asshole. if it bothered them so much, they should just stop answering those calls or putting themself in that situation.",7,27,149,1,1.1998348786134905,1.571607327822523,0.02,0.0,0.0,0.03,0.0,0.0,0.0,0.0,0.02,0.0,0.0,0.0,0.01,0.0,0.0,0.0,0.0,0.0,0.0,0.01,0.0,0.02,0.01,0.01,0.01,0.01,0.03,0.0,0.01,0.0,0.04,0.03,0.0,0.0,0.0,0.0,0.02,0.01,0.0,0.02,0.03,0.04,0.0,0.02,0.02,0.03,0.07,0.01,0.0,0.0,0.0,0.0,0.01,0.16,0.0,0,0,1.0,0.037037037037037035,3,0.0008238201029820396,0,0.2,0.2,1.3392,easy,0.455,0,0,1,0,1,0,0,0,0,0,0,1,0,0,0,0,0,0,1,0,0
270,137,0,5f19abfe46a7f03dda9a27dd,2020-07-23 16:10:32.006000+00:00,hi guys,0.714285714,0,0.0,7,hi guys,8,2,7,1,-1.2488724541535483,-0.8894261250863728,0.0,0.0,0.0,0.0,0.0,0.0,0.0,0.0,0.0,0.0,0.0,0.0,0.0,0.0,0.0,0.0,0.0,0.0,0.0,0.0,0.0,0.0,0.01,0.0,0.0,0.0,0.0,0.0,0.0,0.0,0.02,0.0,0.0,0.0,0.0,0.0,0.0,0.0,0.0,0.0,0.0,0.0,0.0,0.0,0.0,0.0,0.0,0.0,0.0,0.0,0.0,0.0,0.0,0.0,0.0,0,0,1.0,0.5,0,0.0,0,0.0,0.0,0.0992,easy,2.429,0,0,0,0,0,0,0,0,0,0,0,0,0,0,1,0,0,0,0,0,0
270,137,0,5f19a71c46a7f03dda9a257c,2020-07-23 16:10:54.030000+00:00,i dont think op is an asshole  they expressed their feelings and said that they came at the situation politely  maybe op could have said something like hey i cant be your translator for everything lets work on teaching you english,0.714285714,0,0.0,7,"i dont think op is an asshole.  they expressed their feelings and said that they came at the situation politely.  maybe op could have said something like ""hey i cant be your translator for everything, lets work on teaching you english""",9,41,230,1,2.375214398341669,2.7529033852187927,0.01,0.02,0.0,0.01,0.01,0.02,0.0,0.01,0.01,0.0,0.0,0.02,0.01,0.0,0.0,0.0,0.0,0.0,0.0,0.0,0.01,0.02,0.0,0.05999999999999999,0.0,0.029999999999999995,0.029999999999999995,0.0,0.0,0.0,0.11,0.029999999999999995,0.0,0.02,0.0,0.0,0.01,0.02,0.01,0.02,0.01,0.11,0.0,0.02,0.01,0.05999999999999999,0.08,0.029999999999999995,0.01,0.029999999999999995,0.02,0.02,0.029999999999999995,0.16999999999999998,0.01,0,0,0.9024390243902439,0.07317073170731707,0,0.0,1,0.0,0.0,2.0336,easy,22.024,0,0,1,0,1,0,0,0,0,0,1,1,1,0,1,0,0,1,0,0,0
270,137,0,5f19abfe46a7f03dda9a27dd,2020-07-23 16:10:59.544000+00:00,he said he lived there,0.714285714,0,0.0,7,he said he lived there,10,5,22,1,-0.8570792809108222,-0.4956607726209495,0.0,0.01,0.0,0.0,0.0,0.0,0.0,0.0,0.01,0.0,0.02,0.0,0.0,0.0,0.0,0.0,0.0,0.0,0.0,0.0,0.0,0.0,0.0,0.0,0.0,0.02,0.0,0.0,0.0,0.0,0.03,0.0,0.0,0.0,0.0,0.0,0.0,0.0,0.0,0.0,0.0,0.02,0.0,0.0,0.0,0.0,0.0,0.0,0.0,0.01,0.0,0.0,0.0,0.03,0.0,0,0,0.8,0.0,0,0.002680965147453083,0,0.0,0.0,0.248,easy,5.514,0,0,0,0,0,0,0,0,0,0,0,0,0,0,0,0,0,0,0,0,0
270,137,0,5d482ea721c9be351f762d3e,2020-07-23 16:11:11.010000+00:00,the story writer should remember it is harder for older adults to pick up new languages and english is notoriously hard,0.714285714,0,0.0,7,"the story writer should remember it is harder for older adults to pick up new languages, and english is notoriously hard.",11,21,119,1,0.7100934120600827,1.0794006372407439,0.009999999999999998,0.0,0.0,0.009999999999999998,0.0,0.009999999999999998,0.0,0.0,0.0,0.0,0.0,0.0,0.0,0.0,0.0,0.0,0.0,0.0,0.0,0.0,0.0,0.009999999999999998,0.009999999999999998,0.019999999999999997,0.009999999999999998,0.0,0.03,0.0,0.0,0.0,0.03,0.009999999999999998,0.0,0.0,0.0,0.009999999999999998,0.0,0.0,0.019999999999999997,0.0,0.0,0.03,0.0,0.009999999999999998,0.009999999999999998,0.03,0.05,0.03,0.0,0.019999999999999997,0.0,0.0,0.0,0.09,0.0,0,0,0.9523809523809523,0.0,0,0.0,0,0.26590909090909093,-0.017727272727272737,1.0415999999999999,easy,11.466,0,0,1,0,0,0,0,0,0,0,0,0,0,0,0,0,0,0,1,0,0
270,137,0,5f19af0046a7f03dda9a2ca5,2020-07-23 16:11:14.738000+00:00,what can we do next,0.714285714,0,0.0,7,what can we do next,12,5,19,1,-0.9550275742215037,-0.5941021107373053,0.0,0.0,0.0,0.0,0.0,0.01,0.0,0.0,0.0,0.0,0.0,0.0,0.0,0.0,0.0,0.0,0.0,0.0,0.0,0.0,0.0,0.0,0.0,0.02,0.0,0.0,0.01,0.0,0.0,0.0,0.01,0.01,0.0,0.0,0.0,0.0,0.0,0.0,0.0,0.0,0.0,0.02,0.0,0.0,0.0,0.02,0.01,0.0,0.01,0.0,0.0,0.0,0.01,0.04,0.0,1,0,1.0,0.2,0,0.0,0,0.0,0.0,0.248,easy,3.728,0,0,0,0,0,0,0,0,0,1,0,0,0,0,0,1,0,0,0,0,0
270,137,0,5d482ea721c9be351f76300e,2020-07-23 16:11:19.286000+00:00,i do not think this person is the asshole in this scenario it is not unreasonable to ask a family member who has lived in the country for 8 years to learn to speak english  ,0.714285714,0,0.0,7,i do not think this person is the asshole in this scenario. it is not unreasonable to ask a family member who has lived in the country for 8 years to learn to speak english.  ,13,35,173,1,1.983421225098943,2.3591380327533695,0.0,0.01,0.01,0.0,0.0,0.0,0.0,0.0,0.0,0.0,0.0,0.02,0.01,0.0,0.0,0.0,0.0,0.01,0.0,0.0,0.0,0.02,0.01,0.05999999999999999,0.0,0.01,0.04,0.0,0.0,0.0,0.049999999999999996,0.04,0.0,0.01,0.0,0.0,0.01,0.01,0.0,0.0,0.02,0.07,0.0,0.029999999999999995,0.0,0.04,0.04,0.05999999999999999,0.0,0.01,0.0,0.01,0.01,0.19999999999999998,0.0,0,0,0.8,0.02857142857142857,1,0.0,0,0.0,0.0,2.1871428571428573,easy,4.548,0,0,1,0,1,0,0,0,0,0,0,1,0,0,0,0,0,0,1,0,0
270,137,0,5d482ea721c9be351f762f9f,2020-07-23 16:11:22.367000+00:00,i think hes the asshole good for him that he is able to learn languages but his mil may have a harder time,0.714285714,0,0.0,7,"i think he's the asshole. good for him, that he is able to learn languages, but his mil may have a harder time.",14,23,106,1,0.8080417053707643,1.1778419753570997,0.0,0.0,0.0,0.01,0.0,0.0,0.0,0.01,0.0,0.0,0.04,0.0,0.01,0.0,0.0,0.0,0.0,0.0,0.0,0.0,0.01,0.02,0.0,0.04,0.01,0.0,0.01,0.0,0.0,0.0,0.05,0.01,0.0,0.01,0.0,0.0,0.01,0.01,0.01,0.01,0.01,0.05,0.0,0.02,0.01,0.04,0.04,0.02,0.0,0.01,0.0,0.02,0.01,0.12000000000000001,0.0,0,0,1.0,0.043478260869565216,5,0.001996153045537725,0,0.4083333333333334,0.36666666666666664,1.1408,easy,3.081,0,0,1,0,1,0,0,0,0,0,0,1,0,0,0,0,0,1,0,0,0
270,137,0,5f19abfe46a7f03dda9a27dd,2020-07-23 16:11:24.660000+00:00,he also opted in to help her learn,0.714285714,0,0.0,7,he also opted in to help her learn,15,8,34,1,-0.5632344009787775,-0.20033675827188197,0.0,0.0,0.0,0.01,0.0,0.0,0.0,0.0,0.01,0.0,0.02,0.0,0.0,0.0,0.0,0.0,0.0,0.0,0.0,0.0,0.0,0.01,0.0,0.0,0.0,0.0,0.01,0.0,0.0,0.0,0.030000000000000006,0.0,0.0,0.01,0.0,0.0,0.0,0.0,0.0,0.0,0.0,0.0,0.0,0.0,0.0,0.0,0.01,0.02,0.0,0.0,0.0,0.0,0.0,0.04,0.0,0,0,1.0,0.0,2,0.0011723329425556857,0,0.0,0.0,0.3968,easy,2.293,0,0,0,0,0,0,0,0,0,0,0,0,0,0,0,0,0,0,0,0,0
271,137,1,5f19ad2a46a7f03dda9a29f5,2020-07-23 16:24:12.339000+00:00,hello,1.0,2,0.285714286,7,hello!,1,1,5,1,-1.2488724541535483,-0.7778654391426466,0.0,0.0,0.0,0.0,0.0,0.0,0.0,0.0,0.0,0.0,0.0,0.0,0.0,0.0,0.0,0.0,0.0,0.0,0.0,0.0,0.0,0.0,0.0,0.0,0.0,0.0,0.0,0.0,0.0,0.0,0.010000000000000002,0.0,0.0,0.0,0.0,0.0,0.0,0.0,0.0,0.0,0.0,0.0,0.0,0.0,0.0,0.0,0.0,0.0,0.0,0.0,0.0,0.0,0.0,0.0,0.0,0,0,1.0,0.0,0,0.0,0,0.0,0.0,0.0496,easy,0.0,0,0,0,0,0,0,0,0,0,0,0,0,0,0,1,0,0,0,0,0,0
271,137,1,5f19abfe46a7f03dda9a27dd,2020-07-23 16:24:12.510000+00:00,hi team,1.0,2,0.285714286,7,hi team,2,2,7,1,-1.2488724541535483,-0.7778654391426466,0.0,0.0,0.0,0.0,0.0,0.0,0.0,0.01,0.0,0.0,0.0,0.0,0.0,0.0,0.0,0.0,0.0,0.0,0.0,0.0,0.0,0.0,0.0,0.0,0.0,0.0,0.0,0.0,0.0,0.0,0.02,0.0,0.0,0.01,0.0,0.0,0.0,0.0,0.0,0.0,0.0,0.0,0.0,0.0,0.0,0.0,0.0,0.0,0.0,0.0,0.0,0.0,0.0,0.0,0.0,0,0,1.0,0.5,0,0.0,0,0.0,0.0,0.0992,easy,0.171,0,0,0,0,0,0,0,0,0,0,0,0,0,0,1,0,0,0,0,0,0
271,137,1,5d482ea721c9be351f762d3e,2020-07-23 16:24:19.727000+00:00,hey everyone,1.0,2,0.285714286,7,hey everyone,3,2,12,1,-1.1509241608428669,-0.612619413210789,0.0,0.0,0.0,0.0,0.0,0.0,0.0,0.0,0.0,0.0,0.0,0.0,0.0,0.0,0.0,0.0,0.0,0.0,0.0,0.0,0.0,0.0,0.0,0.0,0.0,0.0,0.0,0.0,0.0,0.0,0.019999999999999997,0.009999999999999998,0.0,0.0,0.0,0.0,0.0,0.0,0.0,0.0,0.0,0.0,0.0,0.0,0.0,0.0,0.0,0.0,0.0,0.0,0.0,0.0,0.0,0.0,0.0,0,0,1.0,0.0,0,0.0,0,0.0,0.0,0.0992,easy,7.217,0,0,0,0,0,0,0,0,0,0,0,0,0,0,1,0,0,0,0,0,0
271,137,1,5f19a71c46a7f03dda9a257c,2020-07-23 16:24:20.866000+00:00,so tldr aita for making my husband translate stuff for my mom,1.0,2,0.285714286,7,so tl;dr: aita for making my husband translate stuff for my mom?,4,12,61,1,-0.36733781435741436,0.7093487942440716,0.0,0.0,0.0,0.01,0.0,0.0,0.0,0.0,0.01,0.0,0.0,0.0,0.0,0.0,0.0,0.0,0.0,0.02,0.0,0.0,0.0,0.0,0.0,0.0,0.0,0.0,0.0,0.0,0.0,0.0,0.02,0.01,0.0,0.0,0.0,0.01,0.0,0.02,0.0,0.0,0.0,0.0,0.0,0.0,0.01,0.0,0.01,0.02,0.0,0.0,0.0,0.0,0.02,0.049999999999999996,0.0,1,0,0.8333333333333334,0.16666666666666666,0,0.0,0,0.0,0.0,0.5952,easy,1.139,0,0,0,0,0,0,0,0,0,0,1,0,0,0,0,0,1,0,0,0,0
271,137,1,5d482eab21c9be351f76421d,2020-07-23 16:24:22.574000+00:00,hi everyone,1.0,2,0.285714286,7,hi everyone.,5,2,11,1,-1.2488724541535483,-0.7778654391426466,0.0,0.0,0.0,0.0,0.0,0.0,0.0,0.0,0.0,0.0,0.0,0.0,0.0,0.0,0.0,0.0,0.0,0.0,0.0,0.0,0.0,0.0,0.0,0.0,0.0,0.0,0.0,0.0,0.0,0.0,0.02,0.01,0.0,0.0,0.0,0.0,0.0,0.0,0.0,0.0,0.0,0.0,0.0,0.0,0.0,0.0,0.0,0.0,0.0,0.0,0.0,0.0,0.0,0.0,0.0,0,0,1.0,0.5,0,0.0,0,0.0,0.0,0.0992,easy,1.708,0,0,0,0,0,0,0,0,0,0,0,0,0,0,1,0,0,0,0,0,0
271,137,1,5f19af0046a7f03dda9a2ca5,2020-07-23 16:24:24.711000+00:00,hey,1.0,2,0.285714286,7,hey,6,1,3,1,-1.2488724541535483,-0.7778654391426466,0.0,0.0,0.0,0.0,0.0,0.0,0.0,0.0,0.0,0.0,0.0,0.0,0.0,0.0,0.0,0.0,0.0,0.0,0.0,0.0,0.0,0.0,0.0,0.0,0.0,0.0,0.0,0.0,0.0,0.0,0.009999999999999998,0.0,0.0,0.0,0.0,0.0,0.0,0.0,0.0,0.0,0.0,0.0,0.0,0.0,0.0,0.0,0.0,0.0,0.0,0.0,0.0,0.0,0.0,0.0,0.0,0,0,1.0,0.0,0,0.0,0,0.0,0.0,0.0496,easy,2.137,0,0,0,0,0,0,0,0,0,0,0,0,0,0,1,0,0,0,0,0,0
271,137,1,5f19a71c46a7f03dda9a257c,2020-07-23 16:24:26.787000+00:00,this makes them the asshole you cant make someone do something,1.0,2,0.285714286,7,this makes them the asshole you cant make someone do something,7,11,62,1,-0.2693895210467328,0.8745948201759293,0.0,0.0,0.0,0.0,0.0,0.0,0.0,0.0,0.0,0.0,0.0,0.01,0.01,0.0,0.0,0.0,0.0,0.0,0.0,0.0,0.0,0.0,0.0,0.04,0.0,0.0,0.0,0.0,0.0,0.0,0.03,0.03,0.0,0.0,0.0,0.02,0.01,0.0,0.0,0.02,0.01,0.04,0.0,0.01,0.0,0.02,0.04,0.0,0.0,0.0,0.01,0.0,0.0,0.049999999999999996,0.0,0,0,1.0,0.0,0,0.0,0,0.0,0.0,0.5456,easy,2.076,0,0,0,0,0,0,0,0,0,0,0,0,1,0,0,0,0,0,0,0,0
271,137,1,5f19abfe46a7f03dda9a27dd,2020-07-23 16:24:40.275000+00:00,i think she was being an asshole,1.0,2,0.285714286,7,i think she was being an asshole,8,7,32,1,-0.7591309876001406,0.04836469051664129,0.0,0.0,0.0,0.0,0.0,0.0,0.0,0.0,0.0,0.0,0.01,0.0,0.01,0.0,0.0,0.0,0.0,0.0,0.0,0.0,0.0,0.01,0.0,0.01,0.0,0.01,0.0,0.0,0.0,0.0,0.01,0.0,0.0,0.0,0.0,0.0,0.01,0.01,0.0,0.0,0.0,0.03,0.0,0.01,0.0,0.02,0.01,0.0,0.0,0.0,0.0,0.0,0.01,0.05,0.0,0,0,1.0,0.14285714285714285,0,0.0003202049311559398,0,0.0,0.0,0.3472,easy,13.488,0,0,1,0,1,0,0,0,0,0,0,1,0,0,0,0,0,0,0,0,0
271,137,1,5d482ea721c9be351f762f9f,2020-07-23 16:24:41.162000+00:00,i think she is the asshole for expecting her husband to do something just because hes her husband,1.0,2,0.285714286,7,"i think she is the asshole for expecting her husband to do something, just because he's her husband.",9,18,97,1,0.31830023881735653,1.8660709757670748,0.01,0.0,0.0,0.01,0.0,0.0,0.0,0.0,0.01,0.0,0.04,0.0,0.01,0.0,0.0,0.0,0.0,0.02,0.0,0.0,0.0,0.01,0.0,0.04,0.0,0.0,0.0,0.0,0.0,0.0,0.06,0.01,0.0,0.0,0.0,0.01,0.01,0.01,0.0,0.01,0.02,0.04,0.0,0.01,0.02,0.03,0.049999999999999996,0.02,0.0,0.0,0.0,0.0,0.01,0.11,0.0,0,0,0.8888888888888888,0.05555555555555555,1,0.0008238201029820396,0,0.0,0.0,0.8927999999999999,easy,0.887,0,0,1,0,1,0,0,0,0,0,0,1,0,0,0,0,0,0,0,0,0
271,137,1,5d482ea721c9be351f762d3e,2020-07-23 16:24:43.355000+00:00,i think the woman was being the asshole you cant just make your partner do things without considering what they want,1.0,2,0.285714286,7,i think the woman was being the asshole. you can't just make your partner do things without considering what they want,10,21,116,1,0.6121451187494011,2.3618090535626477,0.009999999999999998,0.0,0.0,0.0,0.0,0.0,0.0,0.0,0.009999999999999998,0.0,0.0,0.019999999999999997,0.009999999999999998,0.0,0.0,0.0,0.0,0.0,0.0,0.0,0.0,0.019999999999999997,0.019999999999999997,0.05,0.0,0.009999999999999998,0.0,0.0,0.0,0.0,0.05,0.019999999999999997,0.0,0.0,0.0,0.009999999999999998,0.009999999999999998,0.009999999999999998,0.0,0.0,0.019999999999999997,0.06999999999999999,0.009999999999999998,0.019999999999999997,0.009999999999999998,0.039999999999999994,0.06,0.009999999999999998,0.0,0.0,0.019999999999999997,0.0,0.009999999999999998,0.10999999999999999,0.0,0,0,0.9523809523809523,0.047619047619047616,4,0.0008238201029820396,0,0.0,0.0,1.793504761904762,easy,2.193,0,0,1,0,1,0,0,0,0,0,0,1,1,0,0,0,0,0,0,0,0
271,137,1,5d482eab21c9be351f76421d,2020-07-23 16:24:45.784000+00:00,she might be the asshole if shes making him do anything,1.0,2,0.285714286,7,"she might be the asshole if she's ""making him"" do anything.",11,11,55,1,-0.2693895210467328,0.8745948201759293,0.01,0.0,0.0,0.01,0.0,0.0,0.0,0.0,0.0,0.0,0.030000000000000002,0.0,0.01,0.0,0.0,0.0,0.0,0.0,0.0,0.0,0.0,0.0,0.0,0.02,0.01,0.0,0.0,0.0,0.0,0.0,0.030000000000000002,0.01,0.0,0.0,0.0,0.01,0.01,0.0,0.0,0.030000000000000002,0.01,0.04,0.0,0.01,0.0,0.04,0.04,0.0,0.0,0.0,0.0,0.0,0.0,0.060000000000000005,0.0,0,0,1.0,0.0,2,0.0003202049311559398,0,0.0,0.0,0.5456,easy,2.429,0,0,1,0,0,0,0,0,0,0,0,0,0,0,0,0,0,0,0,0,0
271,137,1,5f19af0046a7f03dda9a2ca5,2020-07-23 16:24:49.072000+00:00,sleep weel he can pay or not any one tell me,1.0,2,0.285714286,7,sleep weel he can pay or not] any one tell me,12,11,44,1,-0.2693895210467328,0.8745948201759293,0.0,0.0,0.0,0.01,0.0,0.0,0.01,0.0,0.0,0.0,0.01,0.01,0.0,0.0,0.0,0.0,0.01,0.0,0.0,0.0,0.0,0.0,0.0,0.01,0.0,0.0,0.0,0.0,0.0,0.0,0.02,0.0,0.0,0.01,0.01,0.0,0.0,0.01,0.0,0.02,0.02,0.01,0.0,0.0,0.0,0.01,0.03,0.0,0.0,0.0,0.0,0.0,0.01,0.06,0.0,0,0,1.0,0.0,0,0.0,0,0.0,0.0,0.5456,easy,3.288,0,0,0,0,0,0,0,0,0,0,0,0,0,0,0,0,0,0,0,0,0
271,137,1,5d482ea721c9be351f76300e,2020-07-23 16:25:04.114000+00:00,he is not the asshole,1.0,2,0.285714286,7,he is not the asshole.,13,5,21,1,-0.8570792809108222,-0.1168813354152163,0.0,0.0,0.0,0.0,0.0,0.0,0.0,0.0,0.0,0.0,0.009999999999999998,0.009999999999999998,0.009999999999999998,0.0,0.0,0.0,0.0,0.0,0.0,0.0,0.0,0.0,0.0,0.009999999999999998,0.0,0.0,0.0,0.0,0.0,0.0,0.009999999999999998,0.0,0.0,0.0,0.0,0.0,0.009999999999999998,0.0,0.0,0.0,0.009999999999999998,0.009999999999999998,0.0,0.009999999999999998,0.0,0.009999999999999998,0.009999999999999998,0.0,0.0,0.0,0.0,0.0,0.0,0.039999999999999994,0.0,0,0,1.0,0.0,2,0.0,0,0.0,0.0,0.248,easy,15.042,0,0,0,0,0,0,0,0,0,0,0,0,0,0,0,0,0,0,0,0,0
271,137,1,5f19abfe46a7f03dda9a27dd,2020-07-23 16:25:12.972000+00:00,she said he is married to the whole family lol,1.0,2,0.285714286,7,"she said he is married to the whole family, lol",14,10,46,1,-0.36733781435741436,0.7093487942440716,0.0,0.01,0.01,0.0,0.0,0.0,0.0,0.0,0.0,0.0,0.02,0.0,0.0,0.0,0.0,0.0,0.0,0.02,0.0,0.01,0.0,0.0,0.0,0.01,0.0,0.01,0.0,0.0,0.0,0.0,0.05,0.0,0.0,0.0,0.0,0.0,0.0,0.0,0.0,0.0,0.0,0.02,0.0,0.01,0.0,0.01,0.0,0.01,0.0,0.01,0.0,0.0,0.0,0.05,0.0,0,0,1.0,0.0,3,0.0,0,0.45,0.4166666666666667,0.496,easy,8.858,0,0,0,0,0,0,0,0,0,0,0,0,0,0,0,0,0,0,0,0,0
271,137,1,5f19ad2a46a7f03dda9a29f5,2020-07-23 16:25:13.735000+00:00,yeah i think im with brightzebra  inspiredmonkey,1.0,2,0.285714286,7,yeah i think im with brightzebra & inspiredmonkey,15,7,48,1,-0.7591309876001406,0.04836469051664129,0.0,0.0,0.0,0.0,0.0,0.009999999999999998,0.0,0.0,0.0,0.0,0.0,0.0,0.0,0.0,0.0,0.009999999999999998,0.0,0.0,0.0,0.0,0.019999999999999997,0.019999999999999997,0.0,0.009999999999999998,0.0,0.0,0.0,0.0,0.0,0.0,0.0,0.0,0.0,0.0,0.0,0.0,0.0,0.009999999999999998,0.0,0.0,0.0,0.009999999999999998,0.0,0.0,0.0,0.0,0.03,0.009999999999999998,0.0,0.009999999999999998,0.0,0.0,0.009999999999999998,0.019999999999999997,0.0,0,0,1.0,0.14285714285714285,0,0.0,0,0.0,0.0,6.239414285714286,difficult,0.763,0,0,1,0,1,0,0,0,0,0,1,0,0,0,0,0,0,0,0,0,0
271,137,1,5d482eab21c9be351f76421d,2020-07-23 16:25:21.892000+00:00,i know you cant make anyone do anything but if thats how shes putting it then yeah thats an asshole move,1.0,2,0.285714286,7,"i know you can't ""make"" anyone do anything, but if that's how she's putting it then yeah, that's an asshole move.",16,21,104,1,0.6121451187494011,2.3618090535626477,0.01,0.0,0.0,0.04,0.0,0.0,0.0,0.0,0.01,0.0,0.01,0.01,0.01,0.0,0.0,0.0,0.0,0.0,0.0,0.0,0.0,0.01,0.0,0.06999999999999999,0.0,0.0,0.030000000000000002,0.0,0.0,0.0,0.030000000000000002,0.05,0.0,0.0,0.0,0.02,0.01,0.01,0.0,0.030000000000000002,0.02,0.06999999999999999,0.0,0.01,0.01,0.05,0.06999999999999999,0.0,0.0,0.0,0.01,0.0,0.01,0.09,0.0,0,0,0.9523809523809523,0.047619047619047616,1,0.00015518311607697082,0,0.0,0.0,1.0415999999999999,easy,8.157,0,0,0,0,0,0,0,0,0,0,0,1,1,0,0,0,1,0,0,0,0
271,137,1,5f19abfe46a7f03dda9a27dd,2020-07-23 16:25:47.141000+00:00,she is an asshole for that feeling of entitlement ,1.0,2,0.285714286,7,she is an asshole for that feeling of entitlement ,17,9,50,1,-0.4652861076680959,0.544102768312214,0.0,0.0,0.0,0.0,0.0,0.0,0.0,0.0,0.0,0.0,0.01,0.0,0.01,0.0,0.0,0.0,0.0,0.0,0.0,0.0,0.0,0.01,0.0,0.01,0.0,0.0,0.0,0.0,0.0,0.0,0.01,0.01,0.0,0.0,0.0,0.0,0.01,0.0,0.01,0.0,0.0,0.01,0.0,0.01,0.0,0.01,0.01,0.02,0.0,0.01,0.0,0.0,0.0,0.06,0.0,0,0,1.0,0.0,1,0.0003202049311559398,0,0.0,0.0,5.837344444444444,medium,25.249,0,0,0,0,0,0,0,0,0,0,0,0,0,0,0,0,0,0,0,0,0
271,137,1,5d482eab21c9be351f76421d,2020-07-23 16:25:50.504000+00:00,just bc you married someone does not mean you get to control them,1.0,2,0.285714286,7,just bc you married someone does not mean you get to control them,18,13,65,1,-0.07349293442536971,1.2050868720396444,0.0,0.0,0.0,0.0,0.0,0.0,0.0,0.01,0.01,0.0,0.0,0.01,0.0,0.0,0.0,0.0,0.0,0.01,0.0,0.0,0.0,0.01,0.0,0.030000000000000002,0.0,0.0,0.0,0.0,0.01,0.0,0.05,0.01,0.0,0.0,0.0,0.01,0.0,0.0,0.0,0.01,0.02,0.030000000000000002,0.0,0.0,0.01,0.01,0.05,0.01,0.0,0.0,0.02,0.0,0.0,0.07,0.0,0,0,0.9230769230769231,0.0,0,0.0,0,0.46875,0.203125,0.6447999999999999,easy,3.363,0,0,0,0,0,0,0,0,0,0,0,0,1,0,0,0,0,0,0,0,0
271,137,1,5f19a71c46a7f03dda9a257c,2020-07-23 16:25:51.282000+00:00,so tldr aita for making my husband translate stuff for my mom this was literally her summary,1.0,2,0.285714286,7,"""so tl;dr: aita for making my husband translate stuff for my mom?"" this was literally her summary",19,17,92,1,0.1224036521959934,1.5355789239033595,0.0,0.0,0.0,0.01,0.0,0.0,0.0,0.0,0.01,0.0,0.01,0.0,0.0,0.0,0.0,0.0,0.0,0.02,0.0,0.0,0.0,0.0,0.0,0.0,0.0,0.01,0.0,0.0,0.0,0.0,0.03,0.02,0.0,0.0,0.0,0.01,0.0,0.02,0.0,0.0,0.0,0.01,0.0,0.0,0.01,0.01,0.01,0.02,0.0,0.0,0.0,0.0,0.02,0.08,0.0,0,0,0.8823529411764706,0.11764705882352941,0,0.0,0,0.0,0.0,0.8432,easy,0.778,0,0,0,0,0,0,0,0,0,0,1,0,0,0,0,0,1,0,0,0,0
271,137,1,5f19af0046a7f03dda9a2ca5,2020-07-23 16:25:53.429000+00:00,he can tell giving 19,1.0,2,0.285714286,7,he can tell giving 19$,20,5,21,1,-0.8570792809108222,-0.1168813354152163,0.0,0.0,0.0,0.0,0.0,0.0,0.0,0.0,0.0,0.0,0.009999999999999998,0.0,0.0,0.0,0.0,0.0,0.0,0.0,0.0,0.0,0.009999999999999998,0.0,0.0,0.009999999999999998,0.0,0.0,0.0,0.0,0.0,0.0,0.03,0.0,0.0,0.0,0.0,0.0,0.0,0.0,0.0,0.0,0.0,0.009999999999999998,0.0,0.0,0.0,0.009999999999999998,0.0,0.0,0.0,0.0,0.0,0.0,0.0,0.019999999999999997,0.0,0,0,1.0,0.0,0,0.0,0,0.0,0.0,0.248,easy,2.147,0,0,0,0,0,0,0,0,0,0,0,0,0,0,0,0,0,0,0,0,0
271,137,1,5f19a71c46a7f03dda9a257c,2020-07-23 16:25:55.947000+00:00,that makes her the asshole ,1.0,2,0.285714286,7,that makes her the asshole ,21,5,27,1,-0.8570792809108222,-0.1168813354152163,0.0,0.0,0.0,0.0,0.0,0.0,0.0,0.0,0.0,0.0,0.01,0.0,0.01,0.0,0.0,0.0,0.0,0.0,0.0,0.0,0.0,0.0,0.0,0.01,0.0,0.0,0.0,0.0,0.0,0.0,0.01,0.01,0.0,0.0,0.0,0.01,0.01,0.0,0.0,0.0,0.0,0.01,0.0,0.01,0.0,0.0,0.01,0.0,0.0,0.0,0.0,0.0,0.0,0.03,0.0,0,0,1.0,0.0,0,0.0,0,0.0,0.0,0.248,easy,2.518,0,0,0,0,0,0,0,0,0,0,0,0,0,0,0,0,0,0,0,0,0
272,138,1,5d482ea821c9be351f7632a5,2020-07-23 15:56:49.407000+00:00,i kind of feel like everyone is an asshole in this situation,1.0,0,0.0,7,i kind of feel like everyone is an asshole in this situation,1,12,60,1,-0.2693895210467328,-0.24474296164786116,0.0,0.0,0.0,0.0,0.0,0.0,0.0,0.0,0.0,0.0,0.0,0.0,0.01,0.0,0.0,0.0,0.0,0.0,0.0,0.0,0.02,0.01,0.0,0.02,0.0,0.0,0.01,0.0,0.0,0.0,0.01,0.02,0.0,0.0,0.0,0.0,0.01,0.01,0.01,0.01,0.0,0.02,0.0,0.01,0.0,0.01,0.02,0.02,0.0,0.01,0.0,0.01,0.01,0.06,0.01,0,0,1.0,0.08333333333333333,0,0.0,1,0.9,0.6,0.5952,easy,0.0,0,0,1,0,1,0,0,0,0,0,0,1,0,0,0,0,0,1,0,0,0
272,138,1,5d482ea821c9be351f7632eb,2020-07-23 15:57:03.856000+00:00,i can see where the mom is coming fromshe hasnt seen her son and wants to be part of his life,1.0,0,0.0,7,i can see where the mom is coming from-she hasn't seen her son and wants to be part of his life.,2,21,93,1,0.6121451187494011,0.7058902262264629,0.010000000000000002,0.0,0.0,0.010000000000000002,0.0,0.010000000000000002,0.010000000000000002,0.0,0.010000000000000002,0.0,0.020000000000000004,0.010000000000000002,0.0,0.0,0.010000000000000002,0.020000000000000004,0.0,0.020000000000000004,0.0,0.010000000000000002,0.0,0.0,0.0,0.05,0.0,0.010000000000000002,0.020000000000000004,0.0,0.0,0.0,0.04000000000000001,0.0,0.0,0.0,0.0,0.0,0.0,0.010000000000000002,0.0,0.0,0.0,0.07,0.0,0.010000000000000002,0.010000000000000002,0.04000000000000001,0.020000000000000004,0.020000000000000004,0.0,0.020000000000000004,0.0,0.0,0.010000000000000002,0.11000000000000001,0.0,0,0,1.0,0.047619047619047616,2,0.00015518311607697082,0,0.1,0.2,1.0415999999999999,easy,14.449,0,0,0,0,0,0,0,0,0,0,0,1,0,0,0,0,0,0,0,0,0
272,138,1,5f19a7b246a7f03dda9a2595,2020-07-23 15:57:07.573000+00:00,i think the best way that his husband could get more comfortable with english would be to use this time to speak it with the family,1.0,0,0.0,7,i think the best way that his husband could get more comfortable with english would be to use this time to speak it with the family.,3,26,131,1,1.101886585302809,1.234019775045532,0.02,0.01,0.01,0.0,0.0,0.02,0.0,0.01,0.0,0.0,0.01,0.0,0.0,0.0,0.0,0.0,0.0,0.02,0.0,0.02,0.02,0.01,0.0,0.030000000000000002,0.01,0.0,0.02,0.0,0.0,0.0,0.04,0.030000000000000002,0.0,0.0,0.0,0.01,0.0,0.01,0.0,0.0,0.0,0.060000000000000005,0.0,0.02,0.0,0.030000000000000002,0.060000000000000005,0.04,0.0,0.01,0.0,0.02,0.01,0.13,0.0,0,0,0.8846153846153846,0.038461538461538464,6,0.00015518311607697082,0,0.4,0.475,1.2895999999999999,easy,3.717,0,0,1,0,1,0,0,0,0,0,0,1,0,0,0,0,0,1,0,0,0
272,138,1,5f18bcf846a7f03dda99c96e,2020-07-23 15:57:25.072000+00:00,me too but i think hes the asshole,1.0,0,0.0,7,me too but i think he‚äôs the asshole.,4,8,34,1,-0.6611826942894591,-0.6672466007031164,0.0,0.0,0.0,0.01,0.0,0.0,0.0,0.0,0.01,0.0,0.01,0.0,0.01,0.0,0.0,0.0,0.0,0.0,0.0,0.0,0.0,0.01,0.0,0.02,0.0,0.0,0.0,0.0,0.0,0.0,0.01,0.0,0.0,0.0,0.0,0.0,0.01,0.02,0.0,0.0,0.01,0.02,0.0,0.01,0.01,0.01,0.02,0.0,0.0,0.0,0.0,0.0,0.02,0.05,0.0,0,0,1.0,0.125,1,0.0005036151718260998,0,0.0,0.0,0.3968,easy,17.499,0,0,1,0,1,0,0,0,0,0,1,0,0,0,0,0,1,0,0,0,0
272,138,1,5d482eab21c9be351f763f5e,2020-07-23 15:57:28.643000+00:00,i think she could find a way to bridge the gap between her mom and husband so they both felt included,1.0,0,0.0,7,i think she could find a way to bridge the gap between her mom and husband so they both felt included.,5,21,101,1,0.6121451187494011,0.7058902262264629,0.01,0.0,0.0,0.02,0.0,0.03,0.0,0.0,0.01,0.0,0.02,0.0,0.0,0.0,0.0,0.0,0.0,0.02,0.0,0.01,0.0,0.03,0.0,0.01,0.0,0.01,0.02,0.0,0.0,0.0,0.05,0.0,0.0,0.0,0.0,0.0,0.0,0.01,0.01,0.0,0.0,0.03,0.0,0.02,0.02,0.01,0.07,0.02,0.0,0.01,0.0,0.01,0.01,0.11,0.0,0,0,1.0,0.047619047619047616,1,0.0005036151718260998,0,0.0,0.0,1.0415999999999999,easy,3.571,0,0,1,0,1,0,0,0,0,0,0,1,0,0,0,0,0,0,0,0,0
272,138,1,5f19a88e46a7f03dda9a26c0,2020-07-23 15:57:31.948000+00:00,i agree especially because the mom is being so gracious to house them and feed them wanting to have a conversation isnt a crazy demand,1.0,0,0.0,7,"i agree^ especially because the mom is being so gracious to house them and feed them, wanting to have a conversation isn't a crazy demand",6,25,134,1,1.0039382919921274,1.128393865281718,0.01,0.0,0.01,0.03,0.0,0.01,0.01,0.0,0.02,0.01,0.0,0.01,0.0,0.0,0.0,0.0,0.0,0.01,0.0,0.0,0.02,0.0,0.0,0.03,0.0,0.0,0.0,0.0,0.0,0.0,0.04,0.0,0.0,0.0,0.0,0.01,0.0,0.01,0.0,0.0,0.0,0.04,0.0,0.03,0.03,0.04,0.03,0.02,0.0,0.0,0.0,0.03,0.01,0.14,0.0,0,0,0.88,0.04,7,0.0015940320369402803,0,0.95,-0.3,1.8716,easy,3.305,0,0,0,0,0,0,0,0,0,0,0,1,0,0,0,0,0,1,1,0,0
272,138,1,5d482ea821c9be351f7632eb,2020-07-23 15:57:34.600000+00:00,i agree some patient conversation among all parties would be helpful,1.0,0,0.0,7,"i agree, some patient conversation among all parties would be helpful.",7,11,68,1,-0.36733781435741436,-0.35036887141167494,0.01,0.0,0.0,0.0,0.01,0.0,0.0,0.0,0.0,0.0,0.0,0.0,0.0,0.0,0.0,0.0,0.0,0.0,0.0,0.01,0.030000000000000006,0.0,0.0,0.0,0.01,0.0,0.01,0.0,0.0,0.0,0.030000000000000006,0.0,0.0,0.0,0.0,0.0,0.0,0.01,0.0,0.01,0.0,0.02,0.0,0.0,0.0,0.02,0.030000000000000006,0.01,0.0,0.0,0.0,0.02,0.01,0.04,0.0,0,0,1.0,0.09090909090909091,0,0.0035244386592455574,0,0.0,0.0,5.617554545454546,medium,2.652,0,0,0,0,0,0,0,0,0,0,0,1,0,0,0,0,0,1,0,0,0
272,138,1,5f18bcf846a7f03dda99c96e,2020-07-23 15:57:38.349000+00:00,he could have translated for the mom,1.0,0,0.0,7,he could have translated for the mom,8,7,36,1,-0.6611826942894591,-0.6672466007031164,0.009999999999999998,0.0,0.0,0.0,0.0,0.0,0.0,0.0,0.0,0.0,0.009999999999999998,0.0,0.0,0.0,0.0,0.0,0.0,0.009999999999999998,0.0,0.0,0.0,0.0,0.0,0.009999999999999998,0.0,0.0,0.0,0.0,0.0,0.0,0.019999999999999997,0.0,0.0,0.0,0.0,0.0,0.0,0.0,0.0,0.0,0.0,0.019999999999999997,0.0,0.009999999999999998,0.0,0.019999999999999997,0.009999999999999998,0.009999999999999998,0.0,0.0,0.0,0.0,0.0,0.039999999999999994,0.0,0,0,1.0,0.0,0,0.0,0,0.0,0.0,0.3472,easy,3.749,0,0,0,0,0,0,0,0,0,0,0,0,0,0,0,0,0,0,0,0,0
272,138,1,5d482ea821c9be351f7632a5,2020-07-23 15:57:40.714000+00:00,exactly,1.0,0,0.0,7,exactly,9,1,7,1,-1.2488724541535483,-1.301002059285999,0.0,0.0,0.0,0.0,0.01,0.0,0.0,0.0,0.0,0.0,0.0,0.0,0.0,0.0,0.0,0.0,0.0,0.0,0.0,0.0,0.0,0.0,0.0,0.0,0.0,0.0,0.0,0.0,0.0,0.0,0.0,0.0,0.0,0.0,0.0,0.0,0.0,0.0,0.0,0.0,0.0,0.0,0.0,0.0,0.0,0.0,0.01,0.0,0.0,0.0,0.0,0.0,0.0,0.0,0.0,0,0,1.0,0.0,0,0.0,0,0.25,0.25,0.0496,easy,2.365,0,0,0,0,0,0,0,0,0,0,0,0,0,0,0,0,0,0,0,0,0
272,138,1,5f19a7b246a7f03dda9a2595,2020-07-23 15:57:42.636000+00:00,being anywhere and not feeling comfortable in the language of that country is hard so i feel for the husband,1.0,0,0.0,7,"being anywhere and not feeling comfortable in the language of that country is hard, so i feel for the husband.",10,20,108,1,0.5141968254387196,0.6002643164626492,0.0,0.0,0.0,0.02,0.0,0.01,0.0,0.0,0.02,0.0,0.0,0.01,0.0,0.0,0.0,0.0,0.0,0.01,0.0,0.0,0.01,0.02,0.0,0.02,0.0,0.0,0.03,0.0,0.0,0.0,0.02,0.01,0.0,0.0,0.0,0.0,0.0,0.01,0.03,0.01,0.01,0.03,0.0,0.02,0.02,0.02,0.05,0.03,0.0,0.03,0.0,0.01,0.01,0.12,0.0,0,0,0.95,0.05,0,0.0,0,0.6708333333333334,0.05416666666666667,0.992,easy,1.922,0,0,1,0,1,0,0,0,0,0,1,0,0,0,0,0,0,1,1,0,0
272,138,1,5f1986ec46a7f03dda9a0f75,2020-07-23 15:57:46.035000+00:00,i kind of agree however i think if the author is staying at his moms house he should at least have the decency to include her in the conversation,1.0,0,0.0,7,"i kind of agree. however, i think if the author is staying at his mom‚äôs house, he should at least have the decency to include her in the conversation.",11,29,145,1,1.2977831719241721,1.4452715945731596,0.02,0.0,0.01,0.02,0.0,0.01,0.0,0.0,0.01,0.0,0.03,0.0,0.0,0.0,0.0,0.0,0.0,0.01,0.0,0.01,0.02,0.01,0.0,0.03,0.01,0.0,0.04,0.0,0.0,0.0,0.049999999999999996,0.0,0.0,0.0,0.0,0.0,0.0,0.02,0.0,0.02,0.01,0.04,0.0,0.03,0.0,0.03,0.049999999999999996,0.049999999999999996,0.0,0.0,0.0,0.01,0.02,0.16999999999999998,0.01,0,0,0.8620689655172413,0.06896551724137931,6,0.00031036623215394165,1,0.65,0.15,1.9828827586206894,easy,3.399,0,0,1,0,1,0,0,0,0,0,1,1,0,0,0,0,0,1,0,0,0
273,138,3,5d482ea821c9be351f7632a5,2020-07-23 16:26:41.055000+00:00,i dont feel like the poster is an asshole,1.0,2,0.285714286,7,i don't feel like the poster is an asshole,1,9,41,1,-0.5632344009787775,-0.21325398324372594,0.0,0.0,0.0,0.0,0.0,0.0,0.0,0.0,0.0,0.0,0.0,0.01,0.01,0.0,0.0,0.0,0.0,0.0,0.0,0.0,0.01,0.01,0.0,0.029999999999999995,0.0,0.0,0.0,0.0,0.0,0.0,0.0,0.0,0.0,0.0,0.0,0.0,0.01,0.01,0.01,0.0,0.0,0.029999999999999995,0.0,0.02,0.0,0.02,0.01,0.0,0.0,0.01,0.0,0.01,0.01,0.04,0.0,0,0,1.0,0.1111111111111111,0,0.0,0,0.0,0.0,0.44639999999999996,easy,0.0,0,0,1,0,1,0,0,0,0,0,0,1,0,0,0,0,0,1,0,0,0
273,138,3,5f19a89846a7f03dda9a26c2,2020-07-23 16:26:56.541000+00:00,i feel like the author is not the asshole here  i do think its a big deal to exclude someone from the conversation in their own home,1.0,2,0.285714286,7,i feel like the author is not the asshole here.  i do think it's a big deal to exclude someone from the conversation in their own home.,2,27,132,1,1.101886585302809,1.858356139695326,0.0,0.0,0.01,0.0,0.0,0.0,0.0,0.0,0.01,0.0,0.0,0.01,0.01,0.0,0.0,0.0,0.0,0.0,0.0,0.01,0.01,0.02,0.0,0.04,0.0,0.0,0.02,0.0,0.0,0.0,0.04,0.02,0.0,0.0,0.0,0.0,0.01,0.02,0.01,0.01,0.02,0.04,0.0,0.04,0.0,0.02,0.05,0.030000000000000002,0.0,0.01,0.0,0.02,0.02,0.16,0.0,0,0,0.8888888888888888,0.07407407407407407,5,0.0022382882051105247,0,0.55,0.3,1.9240148148148148,easy,15.486,0,0,1,0,1,0,0,0,0,0,1,1,0,0,0,0,0,1,0,0,0
273,138,3,5d482ea821c9be351f7632eb,2020-07-23 16:27:04.969000+00:00,i dont think mom is the ass,1.0,2,0.285714286,7,i don't think mom is the ass.,3,7,27,1,-0.7591309876001406,-0.4569728212365556,0.0,0.0,0.0,0.0,0.0,0.0,0.01,0.0,0.0,0.0,0.0,0.01,0.01,0.0,0.0,0.0,0.01,0.01,0.0,0.0,0.0,0.01,0.0,0.03,0.0,0.0,0.0,0.01,0.0,0.0,0.01,0.0,0.0,0.0,0.0,0.0,0.0,0.01,0.0,0.0,0.0,0.03,0.0,0.01,0.0,0.02,0.01,0.0,0.0,0.0,0.0,0.0,0.01,0.03,0.0,0,0,1.0,0.14285714285714285,2,0.0005036151718260998,0,0.0,0.0,0.3472,easy,8.428,0,0,1,0,1,0,0,0,0,0,0,1,0,0,0,0,0,0,0,0,0
273,138,3,5f18bcf846a7f03dda99c96e,2020-07-23 16:27:06.686000+00:00,my initial impression id shes a little bit of an asshol,1.0,2,0.285714286,7,my initial impression i‚äôd she‚äôs a little bit of an asshol,4,11,55,1,-0.2693895210467328,0.15232427374551852,0.0,0.0,0.0,0.0,0.0,0.0,0.0,0.0,0.0,0.0,0.01,0.0,0.0,0.0,0.0,0.0,0.0,0.0,0.0,0.01,0.01,0.0,0.0,0.01,0.0,0.0,0.02,0.0,0.0,0.0,0.01,0.0,0.0,0.0,0.0,0.0,0.0,0.01,0.0,0.0,0.0,0.01,0.0,0.02,0.0,0.01,0.0,0.01,0.0,0.0,0.0,0.01,0.01,0.04,0.01,0,0,1.0,0.0,0,0.0,1,0.25,-0.09375,0.5456,easy,1.717,0,0,0,0,0,0,0,0,0,0,1,1,0,0,0,0,0,0,0,0,0
273,138,3,5f19a7b246a7f03dda9a2595,2020-07-23 16:27:06.801000+00:00,i think the son is the asshole here op was just wanted to be included in a conversation that was being had while she was in the room,1.0,2,0.285714286,7,i think the son is the asshole here... op was just wanted to be included in a conversation that was being had while she was in the room.,5,28,132,1,1.2977831719241721,2.1020749776881558,0.01,0.0,0.01,0.01,0.0,0.01,0.0,0.0,0.02,0.0,0.01,0.0,0.01,0.0,0.0,0.0,0.0,0.01,0.0,0.0,0.0,0.01,0.0,0.02,0.0,0.05,0.04,0.0,0.0,0.0,0.030000000000000002,0.01,0.0,0.0,0.0,0.0,0.01,0.01,0.0,0.0,0.01,0.09,0.0,0.04,0.01,0.07,0.04,0.030000000000000002,0.0,0.0,0.0,0.01,0.01,0.2,0.0,0,0,0.8214285714285714,0.03571428571428571,1,0.0,0,0.0,0.0,1.9527285714285716,easy,0.115,0,0,1,0,1,0,0,0,0,0,0,1,0,0,0,0,0,0,0,0,0
273,138,3,5f18bcf846a7f03dda99c96e,2020-07-23 16:27:30.671000+00:00,i just think she could have phrased her objection a little differently ,1.0,2,0.285714286,7,i just think she could have phrased her objection a little differently ,6,12,71,1,-0.2693895210467328,0.15232427374551852,0.01,0.0,0.0,0.0,0.0,0.0,0.0,0.0,0.01,0.0,0.02,0.0,0.0,0.0,0.0,0.0,0.0,0.0,0.0,0.0,0.0,0.01,0.0,0.02,0.0,0.0,0.01,0.0,0.0,0.0,0.02,0.0,0.0,0.0,0.0,0.0,0.0,0.01,0.0,0.0,0.01,0.03,0.0,0.01,0.01,0.02,0.03,0.0,0.0,0.0,0.0,0.01,0.01,0.06,0.01,0,0,1.0,0.08333333333333333,3,0.0005036151718260998,1,0.55,-0.09375,0.5952,easy,23.87,0,0,1,0,1,0,0,0,0,0,0,1,0,0,0,0,0,0,1,0,0
273,138,3,5f19a88e46a7f03dda9a26c0,2020-07-23 16:27:32.363000+00:00,yea i mean maybe she could have privately said something to op,1.0,2,0.285714286,7,yea i mean maybe she could have privately said something to op,7,12,62,1,-0.2693895210467328,0.15232427374551852,0.01,0.01,0.0,0.0,0.0,0.0,0.0,0.0,0.01,0.0,0.01,0.0,0.0,0.0,0.0,0.0,0.0,0.0,0.0,0.0,0.0,0.01,0.0,0.02,0.0,0.01,0.0,0.0,0.0,0.0,0.02,0.01,0.0,0.0,0.0,0.0,0.0,0.01,0.0,0.02,0.01,0.04,0.0,0.0,0.0,0.02,0.04,0.01,0.0,0.01,0.0,0.0,0.01,0.04,0.01,0,0,1.0,0.08333333333333333,3,0.00015518311607697082,1,0.53125,-0.15625,0.5952,easy,1.692,0,0,1,0,0,0,0,0,0,0,1,0,0,0,0,0,0,0,0,0,0
273,138,3,5d482ea821c9be351f7632eb,2020-07-23 16:27:33.623000+00:00,son can speak both languageshe should bridge the communication gap,1.0,2,0.285714286,7,son can speak both languages-he should bridge the communication gap.,8,10,66,1,-0.36733781435741436,0.030464854749103706,0.01,0.01,0.0,0.0,0.0,0.01,0.0,0.0,0.0,0.0,0.0,0.0,0.0,0.0,0.0,0.0,0.0,0.01,0.0,0.01,0.0,0.0,0.0,0.01,0.01,0.0,0.01,0.0,0.0,0.0,0.04,0.0,0.0,0.0,0.0,0.0,0.0,0.0,0.0,0.0,0.0,0.02,0.0,0.01,0.0,0.02,0.02,0.0,0.0,0.01,0.0,0.0,0.0,0.04,0.0,0,0,1.0,0.0,0,0.0,0,0.0,0.0,5.7115,medium,1.26,0,0,1,0,0,0,0,0,0,0,0,0,0,0,0,0,0,0,0,0,0
273,138,3,5d482eab21c9be351f763f5e,2020-07-23 16:27:34.018000+00:00,i do think the mom could have approached it better ,1.0,2,0.285714286,7,i do think the mom could have approached it better. ,9,10,51,1,-0.4652861076680959,-0.09139456424731111,0.01,0.0,0.0,0.0,0.0,0.0,0.0,0.01,0.0,0.0,0.0,0.0,0.0,0.0,0.0,0.0,0.0,0.01,0.0,0.0,0.01,0.01,0.0,0.03,0.0,0.0,0.01,0.0,0.0,0.0,0.01,0.01,0.0,0.0,0.0,0.0,0.0,0.01,0.0,0.0,0.0,0.04,0.0,0.01,0.0,0.03,0.02,0.0,0.0,0.0,0.0,0.01,0.01,0.05,0.0,0,0,1.0,0.1,1,0.0,0,0.5,0.5,0.496,easy,0.395,0,0,1,0,1,0,0,0,0,0,0,1,0,0,0,0,0,1,0,0,0
273,138,3,5f18bcf846a7f03dda99c96e,2020-07-23 16:27:50.109000+00:00,maybe she could have asked to be includes,1.0,2,0.285714286,7,maybe she could have asked to be includes,10,8,41,1,-0.5632344009787775,-0.21325398324372594,0.01,0.0,0.0,0.0,0.0,0.01,0.0,0.0,0.01,0.0,0.01,0.0,0.0,0.0,0.0,0.0,0.0,0.0,0.0,0.0,0.0,0.0,0.0,0.01,0.0,0.01,0.0,0.0,0.0,0.0,0.02,0.0,0.0,0.0,0.0,0.0,0.0,0.0,0.0,0.01,0.0,0.04,0.0,0.0,0.0,0.029999999999999995,0.029999999999999995,0.01,0.0,0.0,0.0,0.0,0.0,0.04,0.01,0,0,1.0,0.0,2,0.0,1,0.0,0.0,0.3968,easy,16.091,0,0,1,0,0,0,0,0,0,0,0,0,0,0,0,0,0,0,0,0,0
273,138,3,5f1986ec46a7f03dda9a0f75,2020-07-23 16:27:51.349000+00:00,i also dont feel like the poster is an asshole he seemingly made his feelings aware in a polite way and the son just went off the deep end,1.0,2,0.285714286,7,"i also don‚äôt feel like the poster is an asshole. he seemingly made his feelings aware in a polite way, and the son just went off the deep end",11,29,138,1,1.3957314652348536,2.2239343966845704,0.0,0.0,0.0,0.02,0.0,0.01,0.0,0.0,0.02,0.0,0.02,0.01,0.01,0.0,0.0,0.0,0.0,0.01,0.0,0.0,0.01,0.04,0.0,0.029999999999999995,0.0,0.02,0.05999999999999999,0.0,0.0,0.0,0.029999999999999995,0.0,0.0,0.0,0.0,0.01,0.01,0.01,0.02,0.01,0.01,0.049999999999999996,0.0,0.049999999999999996,0.02,0.02,0.06999999999999999,0.02,0.0,0.02,0.0,0.029999999999999995,0.01,0.13,0.0,0,0,0.9310344827586207,0.034482758620689655,0,0.0,0,0.325,0.125,1.4384,easy,1.24,0,0,1,0,1,0,0,0,0,0,0,1,0,0,0,0,0,1,0,0,0
273,138,3,5f18bcf846a7f03dda99c96e,2020-07-23 16:28:00.191000+00:00,or asked for her son to translate ,1.0,2,0.285714286,7,or asked for her son to translate ,12,7,34,1,-0.6611826942894591,-0.33511340224014075,0.0,0.0,0.0,0.01,0.0,0.0,0.0,0.0,0.0,0.0,0.01,0.0,0.0,0.0,0.0,0.0,0.0,0.01,0.0,0.0,0.0,0.0,0.0,0.0,0.0,0.01,0.0,0.0,0.0,0.0,0.030000000000000006,0.0,0.0,0.0,0.0,0.0,0.0,0.0,0.0,0.01,0.01,0.01,0.0,0.0,0.0,0.0,0.01,0.02,0.0,0.0,0.0,0.0,0.0,0.04,0.0,0,0,1.0,0.0,0,0.0016051364365971107,0,0.0,0.0,0.3472,easy,8.842,0,0,0,0,0,0,0,0,0,0,0,0,0,0,0,0,1,0,0,0,0
273,138,3,5f19a88e46a7f03dda9a26c0,2020-07-23 16:28:02.327000+00:00,i get that the partner may have felt awkward  like op was blaming them,1.0,2,0.285714286,7,i get that the partner may have felt awkward / like op was blaming them,13,14,70,1,-0.07349293442536971,0.39604311173834816,0.0,0.0,0.0,0.0,0.0,0.0,0.0,0.0,0.0,0.009999999999999998,0.0,0.0,0.0,0.0,0.0,0.0,0.0,0.0,0.0,0.0,0.009999999999999998,0.009999999999999998,0.009999999999999998,0.019999999999999997,0.009999999999999998,0.019999999999999997,0.0,0.0,0.0,0.0,0.03,0.009999999999999998,0.0,0.0,0.0,0.0,0.009999999999999998,0.009999999999999998,0.009999999999999998,0.009999999999999998,0.0,0.049999999999999996,0.009999999999999998,0.009999999999999998,0.0,0.03,0.019999999999999997,0.0,0.0,0.009999999999999998,0.0,0.009999999999999998,0.009999999999999998,0.06,0.0,0,0,1.0,0.07142857142857142,0,0.0,0,1.0,-0.6,0.6944,easy,2.136,0,0,1,0,1,0,0,0,0,0,0,1,0,0,0,0,0,1,1,0,0
274,139,0,5f19a83446a7f03dda9a25ee,2020-07-23 15:36:13.274000+00:00,i dont think shes an asshole ,0.625,3,0.375,8,i dont think shes an asshole ,1,6,29,1,-0.8570792809108222,-0.8922012852529295,0.0,0.0,0.0,0.0,0.0,0.0,0.0,0.0,0.0,0.0,0.009999999999999998,0.009999999999999998,0.009999999999999998,0.0,0.0,0.0,0.0,0.0,0.0,0.0,0.0,0.009999999999999998,0.0,0.03,0.0,0.0,0.0,0.0,0.0,0.0,0.009999999999999998,0.0,0.0,0.0,0.0,0.0,0.009999999999999998,0.009999999999999998,0.0,0.0,0.0,0.03,0.0,0.009999999999999998,0.0,0.019999999999999997,0.009999999999999998,0.0,0.0,0.0,0.0,0.0,0.009999999999999998,0.019999999999999997,0.0,0,0,1.0,0.16666666666666666,0,0.0,0,0.0,0.0,0.2976,easy,0.0,0,0,1,0,1,0,0,0,0,0,0,1,0,0,0,0,0,0,0,0,0
274,139,0,5f19a83446a7f03dda9a25ef,2020-07-23 15:36:23.334000+00:00,hi my preliminary vote was that she is the asshole,0.625,3,0.375,8,hi. my preliminary vote was that she is the asshole.,2,10,50,1,-0.4652861076680959,-0.4333549099799944,0.0,0.0,0.0,0.0,0.0,0.0,0.0,0.0,0.0,0.0,0.01,0.0,0.01,0.0,0.0,0.0,0.0,0.0,0.0,0.0,0.0,0.0,0.0,0.01,0.0,0.01,0.0,0.0,0.0,0.0,0.02,0.01,0.0,0.0,0.0,0.0,0.01,0.01,0.0,0.0,0.0,0.02,0.0,0.01,0.0,0.02,0.0,0.0,0.0,0.0,0.0,0.0,0.01,0.06,0.0,0,0,1.0,0.1,0,0.0003202049311559398,0,0.0,0.0,5.7115,medium,10.06,0,0,0,0,0,0,0,0,0,0,1,0,0,0,1,0,0,0,0,0,0
274,139,0,5f19a7a846a7f03dda9a2593,2020-07-23 15:36:34.351000+00:00,she is not an asshole ,0.625,3,0.375,8,she is not an asshole ,3,5,22,1,-0.8570792809108222,-0.8922012852529295,0.0,0.0,0.0,0.0,0.0,0.0,0.0,0.0,0.0,0.0,0.01,0.01,0.01,0.0,0.0,0.0,0.0,0.0,0.0,0.0,0.0,0.0,0.0,0.01,0.0,0.0,0.0,0.0,0.0,0.0,0.01,0.0,0.0,0.0,0.0,0.0,0.01,0.0,0.0,0.0,0.01,0.01,0.0,0.01,0.0,0.01,0.01,0.0,0.0,0.0,0.0,0.0,0.0,0.04,0.0,0,0,1.0,0.0,2,0.0003202049311559398,0,0.0,0.0,0.248,easy,11.017,0,0,0,0,0,0,0,0,0,0,0,0,0,0,0,0,0,0,0,0,0
274,139,0,5f19a8ac46a7f03dda9a26c6,2020-07-23 15:36:39.388000+00:00,i think she is the asshole,0.625,3,0.375,8,i think she is the asshole,4,6,26,1,-0.8570792809108222,-0.8922012852529295,0.0,0.0,0.0,0.0,0.0,0.0,0.0,0.0,0.0,0.0,0.01,0.0,0.01,0.0,0.0,0.0,0.0,0.0,0.0,0.0,0.0,0.01,0.0,0.02,0.0,0.0,0.0,0.0,0.0,0.0,0.01,0.0,0.0,0.0,0.0,0.0,0.01,0.01,0.0,0.0,0.0,0.02,0.0,0.01,0.0,0.01,0.01,0.0,0.0,0.0,0.0,0.0,0.01,0.04,0.0,0,0,1.0,0.16666666666666666,2,0.0003202049311559398,0,0.0,0.0,0.2976,easy,5.037,0,0,1,0,1,0,0,0,0,0,0,1,0,0,0,0,0,0,0,0,0
274,139,0,5f19a80246a7f03dda9a25e9,2020-07-23 15:36:42.121000+00:00,this person is the asshole,0.625,3,0.375,8,this person is the asshole.,5,5,26,1,-0.8570792809108222,-0.8922012852529295,0.0,0.0,0.0,0.0,0.0,0.0,0.0,0.0,0.0,0.0,0.0,0.0,0.01,0.0,0.0,0.0,0.0,0.0,0.0,0.0,0.0,0.0,0.01,0.01,0.0,0.0,0.0,0.0,0.0,0.0,0.01,0.01,0.0,0.0,0.0,0.0,0.01,0.0,0.0,0.0,0.0,0.01,0.0,0.01,0.0,0.01,0.0,0.0,0.0,0.0,0.0,0.0,0.0,0.030000000000000002,0.0,0,0,1.0,0.0,2,0.0003202049311559398,0,0.0,0.0,0.248,easy,2.733,0,0,0,0,0,0,0,0,0,0,0,0,0,0,0,0,0,0,0,0,0
274,139,0,5f19a83446a7f03dda9a25ee,2020-07-23 15:36:44.280000+00:00,its stated in the article she asked politely ,0.625,3,0.375,8,it's stated in the article she asked politely ,6,8,45,1,-0.5632344009787775,-0.5480665037982282,0.0,0.0,0.0,0.0,0.0,0.0,0.0,0.0,0.0,0.0,0.01,0.0,0.0,0.0,0.0,0.0,0.0,0.0,0.0,0.0,0.0,0.0,0.0,0.0,0.0,0.01,0.01,0.0,0.0,0.0,0.02,0.01,0.0,0.0,0.0,0.0,0.0,0.0,0.0,0.0,0.0,0.01,0.0,0.01,0.0,0.0,0.0,0.01,0.0,0.0,0.0,0.0,0.0,0.04,0.0,0,0,1.0,0.0,1,0.0,0,0.0,0.0,0.3968,easy,2.159,0,0,0,0,0,0,0,0,0,0,0,0,0,0,0,0,0,0,0,0,0
274,139,0,5d482eab21c9be351f76404d,2020-07-23 15:37:01.271000+00:00,there are so many players involved in that scenario i believe i answered incorrectly  i think the bratty 20 year old is an ass not the motherfather in this situation,0.625,3,0.375,8,"there are so many players involved in that scenario, i believe i answered incorrectly.  i think the bratty 20 year old is an ass not the mother/father in this situation.",7,30,165,1,1.2977831719241721,1.6314537787482137,0.0,0.0,0.0,0.01,0.0,0.0,0.01,0.0,0.02,0.0,0.0,0.01,0.02,0.0,0.0,0.0,0.01,0.0,0.0,0.01,0.0,0.029999999999999995,0.0,0.04,0.0,0.0,0.04,0.01,0.0,0.0,0.01,0.02,0.0,0.0,0.0,0.0,0.0,0.029999999999999995,0.0,0.0,0.01,0.04,0.0,0.029999999999999995,0.01,0.02,0.04,0.02,0.0,0.0,0.0,0.0,0.029999999999999995,0.15,0.0,0,0,0.8666666666666667,0.1,4,0.0,0,0.35,0.3,1.488,easy,16.991,0,0,1,0,1,0,0,0,0,0,1,0,0,0,0,0,0,0,1,0,0
274,139,0,5f19a80246a7f03dda9a25e9,2020-07-23 15:37:07.880000+00:00, speaking in another tongue isnt disrespectful and she didnt ask she told ,0.625,3,0.375,8," speaking in another tongue isn't disrespectful, and she didn't ask, she told. ",8,12,74,1,-0.17144122773605125,-0.08922012852529304,0.0,0.01,0.0,0.01,0.0,0.01,0.01,0.0,0.0,0.0,0.02,0.02,0.0,0.0,0.0,0.0,0.01,0.0,0.0,0.0,0.0,0.0,0.0,0.02,0.0,0.02,0.01,0.0,0.0,0.0,0.05,0.0,0.0,0.0,0.0,0.0,0.0,0.0,0.0,0.0,0.0,0.04,0.0,0.0,0.01,0.02,0.01,0.01,0.0,0.02,0.0,0.0,0.0,0.04,0.0,0,0,0.9166666666666666,0.0,1,0.0,0,0.0,0.0,0.5952,easy,6.609,0,0,0,0,0,0,0,0,0,0,0,0,0,0,0,0,0,0,1,0,0
274,139,0,5f19a83446a7f03dda9a25ef,2020-07-23 15:37:10.080000+00:00,i understand her frustration but all she says about her sons husband is that he can speak french,0.625,3,0.375,8,i understand her frustration. but all she says about her son's husband is that he can speak french.,9,18,96,1,0.31830023881735653,0.4843378405658759,0.0,0.019999999999999997,0.0,0.009999999999999998,0.009999999999999998,0.0,0.0,0.0,0.009999999999999998,0.0,0.039999999999999994,0.0,0.0,0.0,0.0,0.0,0.0,0.019999999999999997,0.0,0.0,0.0,0.009999999999999998,0.0,0.03,0.0,0.0,0.0,0.0,0.0,0.0,0.07999999999999999,0.009999999999999998,0.0,0.0,0.0,0.0,0.009999999999999998,0.009999999999999998,0.0,0.0,0.009999999999999998,0.03,0.0,0.0,0.009999999999999998,0.019999999999999997,0.03,0.009999999999999998,0.0,0.019999999999999997,0.0,0.0,0.009999999999999998,0.10999999999999999,0.0,0,0,0.9444444444444444,0.05555555555555555,1,0.0,0,0.0,0.0,0.8927999999999999,easy,2.2,0,0,0,0,0,0,0,0,0,0,0,1,0,0,0,0,0,0,1,0,0
274,139,0,5f19a83446a7f03dda9a25ee,2020-07-23 15:37:30.955000+00:00,he can speak english too,0.625,3,0.375,8,he can speak english too,10,5,24,1,-0.8570792809108222,-0.8922012852529295,0.0,0.009999999999999998,0.0,0.0,0.0,0.0,0.0,0.0,0.009999999999999998,0.0,0.009999999999999998,0.0,0.0,0.0,0.0,0.0,0.0,0.0,0.0,0.0,0.0,0.0,0.0,0.009999999999999998,0.0,0.0,0.0,0.0,0.0,0.0,0.019999999999999997,0.0,0.0,0.0,0.0,0.0,0.0,0.0,0.0,0.0,0.0,0.009999999999999998,0.0,0.0,0.0,0.009999999999999998,0.0,0.0,0.0,0.009999999999999998,0.0,0.0,0.0,0.03,0.0,0,0,1.0,0.0,2,0.0010214504596527069,0,0.0,0.0,0.248,easy,20.875,0,0,0,0,0,0,0,0,0,0,0,0,0,0,0,0,0,0,0,0,0
274,139,0,5f19a83446a7f03dda9a25ef,2020-07-23 15:37:36.275000+00:00,it may be very difficult for him to speak enlish,0.625,3,0.375,8,it may be very difficult for him to speak enlish.,11,10,48,1,-0.36733781435741436,-0.3186433161617606,0.0,0.009999999999999998,0.0,0.0,0.0,0.0,0.0,0.0,0.009999999999999998,0.0,0.009999999999999998,0.0,0.0,0.0,0.0,0.0,0.0,0.0,0.009999999999999998,0.0,0.0,0.0,0.0,0.0,0.009999999999999998,0.0,0.0,0.0,0.0,0.0,0.019999999999999997,0.009999999999999998,0.0,0.0,0.0,0.0,0.0,0.0,0.0,0.009999999999999998,0.0,0.019999999999999997,0.0,0.0,0.0,0.019999999999999997,0.009999999999999998,0.019999999999999997,0.0,0.009999999999999998,0.0,0.0,0.0,0.06,0.0,0,0,1.0,0.0,0,0.0010214504596527069,0,1.0,-0.65,0.496,easy,5.32,0,0,1,0,0,0,0,0,0,0,0,0,0,0,0,0,0,0,1,0,0
274,139,0,5f19a80246a7f03dda9a25e9,2020-07-23 15:37:55.722000+00:00,yes but from the sounds of it with him speaking little english while he is there he might not be fluent ,0.625,3,0.375,8,"yes, but from the sounds of it, with him speaking little english while he is there, he might not be fluent. ",12,21,104,1,0.7100934120600827,0.9431842158388111,0.0,0.02,0.0,0.02,0.0,0.01,0.0,0.0,0.01,0.0,0.030000000000000002,0.01,0.0,0.0,0.0,0.0,0.0,0.0,0.0,0.0,0.0,0.0,0.0,0.01,0.01,0.0,0.02,0.0,0.0,0.0,0.04,0.01,0.0,0.0,0.0,0.0,0.0,0.0,0.0,0.01,0.02,0.030000000000000002,0.0,0.01,0.02,0.030000000000000002,0.04,0.030000000000000002,0.0,0.02,0.0,0.01,0.0,0.13999999999999999,0.0,0,0,0.9523809523809523,0.0,3,0.0,0,0.25,-0.09375,1.0415999999999999,easy,19.447,0,0,1,0,0,0,0,0,0,0,0,0,0,0,0,0,0,1,0,0,0
275,139,2,5f19a80246a7f03dda9a25e9,2020-07-23 16:05:43.288000+00:00,i think that this person is the asshole ,0.666666667,0,0.0,6,i think that this person is the asshole ,1,8,40,1,-0.6611826942894591,-0.46580486229932955,0.0,0.0,0.0,0.0,0.0,0.0,0.0,0.0,0.0,0.0,0.0,0.0,0.010000000000000002,0.0,0.0,0.0,0.0,0.0,0.0,0.0,0.0,0.010000000000000002,0.010000000000000002,0.020000000000000004,0.0,0.0,0.0,0.0,0.0,0.0,0.010000000000000002,0.020000000000000004,0.0,0.0,0.0,0.0,0.010000000000000002,0.010000000000000002,0.0,0.0,0.0,0.020000000000000004,0.0,0.010000000000000002,0.0,0.010000000000000002,0.010000000000000002,0.0,0.0,0.0,0.0,0.0,0.010000000000000002,0.05,0.0,0,0,1.0,0.125,0,0.0,0,0.0,0.0,0.3968,easy,0.0,0,0,1,0,1,0,0,0,0,0,0,1,0,0,0,0,0,0,0,0,0
275,139,2,5d482eab21c9be351f76404d,2020-07-23 16:05:47.291000+00:00,me too,0.666666667,0,0.0,6,me too,2,2,6,1,-1.1509241608428669,-1.0314250522342299,0.0,0.0,0.0,0.0,0.0,0.0,0.0,0.0,0.009999999999999998,0.0,0.0,0.0,0.0,0.0,0.0,0.0,0.0,0.0,0.0,0.0,0.0,0.0,0.0,0.0,0.0,0.0,0.0,0.0,0.0,0.0,0.0,0.0,0.0,0.0,0.0,0.0,0.0,0.009999999999999998,0.0,0.0,0.0,0.0,0.0,0.0,0.0,0.0,0.0,0.0,0.0,0.0,0.0,0.0,0.009999999999999998,0.019999999999999997,0.0,0,0,1.0,0.0,0,0.0,0,0.0,0.0,0.0992,easy,4.003,0,0,0,0,0,0,0,0,0,0,0,0,0,0,0,0,0,0,0,0,0
275,139,2,5f19a83446a7f03dda9a25ee,2020-07-23 16:05:55.892000+00:00,i think shes not an asshole ,0.666666667,0,0.0,6,i think shes not an asshole ,3,6,28,1,-0.8570792809108222,-0.6920529382732896,0.0,0.0,0.0,0.0,0.0,0.0,0.0,0.0,0.0,0.0,0.01,0.01,0.01,0.0,0.0,0.0,0.0,0.0,0.0,0.0,0.0,0.01,0.0,0.02,0.0,0.0,0.0,0.0,0.0,0.0,0.01,0.0,0.0,0.0,0.0,0.0,0.01,0.01,0.0,0.0,0.01,0.02,0.0,0.01,0.0,0.01,0.02,0.0,0.0,0.0,0.0,0.0,0.01,0.030000000000000002,0.0,0,0,1.0,0.16666666666666666,0,0.0,0,0.0,0.0,0.2976,easy,8.601,0,0,1,0,1,0,0,0,0,0,0,1,0,0,0,0,0,0,0,0,0
275,139,2,5d482eab21c9be351f76404d,2020-07-23 16:06:04.269000+00:00,you come to your moms house and dont include her in conversation rude,0.666666667,0,0.0,6,"you come to your moms house, and don't include her in conversation! rude!",4,13,69,1,-0.07349293442536971,0.21293936562255072,0.0,0.0,0.01,0.01,0.0,0.029999999999999995,0.0,0.0,0.0,0.0,0.01,0.01,0.0,0.0,0.0,0.0,0.0,0.01,0.01,0.0,0.0,0.0,0.0,0.02,0.0,0.0,0.02,0.0,0.0,0.0,0.049999999999999996,0.0,0.0,0.0,0.0,0.0,0.01,0.0,0.0,0.0,0.0,0.02,0.0,0.0,0.01,0.01,0.029999999999999995,0.02,0.0,0.0,0.02,0.0,0.0,0.05999999999999999,0.0,0,0,1.0,0.0,0,0.0,0,0.6,-0.3,5.495915384615385,medium,8.377,0,0,0,0,0,0,0,0,0,0,0,0,1,1,0,0,0,0,1,0,0
275,139,2,5f19a7a846a7f03dda9a2593,2020-07-23 16:06:06.679000+00:00,that person is an asshole,0.666666667,0,0.0,6,that person is an asshole.,5,5,25,1,-0.8570792809108222,-0.6920529382732896,0.0,0.0,0.0,0.0,0.0,0.0,0.0,0.0,0.0,0.0,0.0,0.0,0.01,0.0,0.0,0.0,0.0,0.0,0.0,0.0,0.0,0.0,0.01,0.01,0.0,0.0,0.0,0.0,0.0,0.0,0.01,0.01,0.0,0.0,0.0,0.0,0.01,0.0,0.0,0.0,0.0,0.01,0.0,0.01,0.0,0.01,0.0,0.0,0.0,0.0,0.0,0.0,0.0,0.03,0.0,0,0,1.0,0.0,0,0.0,0,0.0,0.0,0.248,easy,2.41,0,0,0,0,0,0,0,0,0,0,0,0,0,0,0,0,0,0,0,0,0
275,139,2,5f19a83446a7f03dda9a25ee,2020-07-23 16:06:15.532000+00:00,you think,0.666666667,0,0.0,6,you think?,6,2,9,1,-1.1509241608428669,-1.0314250522342299,0.0,0.0,0.0,0.0,0.0,0.0,0.0,0.0,0.0,0.0,0.0,0.0,0.0,0.0,0.0,0.0,0.0,0.0,0.0,0.0,0.0,0.009999999999999998,0.0,0.009999999999999998,0.0,0.0,0.0,0.0,0.0,0.0,0.009999999999999998,0.0,0.0,0.0,0.0,0.0,0.0,0.0,0.0,0.0,0.0,0.009999999999999998,0.0,0.0,0.0,0.0,0.009999999999999998,0.0,0.0,0.0,0.009999999999999998,0.0,0.0,0.009999999999999998,0.0,1,0,1.0,0.0,0,0.0,0,0.0,0.0,0.0992,easy,8.853,0,0,1,0,1,0,0,0,0,0,0,0,0,1,0,0,0,0,0,0,0
275,139,2,5f19a8ac46a7f03dda9a26c5,2020-07-23 16:06:23.801000+00:00,i also think asshole  pretty sure mom would have understood her sil had he tried no matter to get through an english sentence,0.666666667,0,0.0,6,"i also think 'asshole'.  pretty sure mom would have understood her sil had he tried, no matter, to get through an english sentence.",7,23,125,1,0.8080417053707643,1.2310557075053712,0.01,0.0,0.0,0.01,0.01,0.0,0.0,0.01,0.01,0.0,0.02,0.01,0.01,0.0,0.0,0.0,0.0,0.01,0.0,0.0,0.02,0.02,0.0,0.03,0.01,0.03,0.0,0.0,0.0,0.0,0.03,0.0,0.0,0.0,0.0,0.0,0.01,0.01,0.0,0.01,0.0,0.07,0.0,0.01,0.01,0.03,0.06,0.02,0.0,0.0,0.0,0.01,0.01,0.09,0.0,0,0,1.0,0.043478260869565216,0,0.0003484320557491289,0,0.6296296296296297,0.25,1.1408,easy,8.269,0,0,1,0,1,0,0,0,0,0,0,1,0,0,0,0,0,1,0,0,0
275,139,2,5d482eab21c9be351f76404d,2020-07-23 16:06:34.424000+00:00,right,0.666666667,0,0.0,6,right!,8,1,5,1,-1.2488724541535483,-1.1445490902212099,0.0,0.0,0.0,0.0,0.0,0.0,0.0,0.0,0.0,0.0,0.0,0.0,0.0,0.0,0.0,0.0,0.0,0.0,0.0,0.0,0.0,0.0,0.0,0.0,0.0,0.0,0.010000000000000002,0.0,0.0,0.0,0.0,0.0,0.0,0.0,0.0,0.0,0.0,0.0,0.0,0.0,0.0,0.0,0.0,0.0,0.0,0.0,0.0,0.0,0.0,0.0,0.0,0.010000000000000002,0.0,0.0,0.0,0,0,1.0,0.0,0,0.0,0,0.5357142857142857,0.2857142857142857,0.0496,easy,10.623,0,0,0,0,0,0,0,0,0,0,0,0,0,0,0,0,0,1,0,0,0
275,139,2,5f19a8ac46a7f03dda9a26c5,2020-07-23 16:06:45.802000+00:00,it would be different were they at a hotel with nonfamily  ,0.666666667,0,0.0,6,it would be different were they at a hotel with non-family.  ,9,11,59,1,-0.2693895210467328,-0.01330871035140937,0.01,0.0,0.0,0.0,0.0,0.01,0.0,0.0,0.0,0.0,0.0,0.0,0.0,0.0,0.0,0.0,0.0,0.0,0.0,0.0,0.0,0.0,0.0,0.0,0.01,0.01,0.01,0.0,0.0,0.0,0.01,0.01,0.0,0.0,0.0,0.0,0.0,0.0,0.0,0.0,0.0,0.03,0.0,0.01,0.0,0.03,0.02,0.02,0.0,0.0,0.0,0.01,0.0,0.06999999999999999,0.0,0,0,1.0,0.0,0,0.0,0,0.6,0.0,0.5456,easy,11.378,0,0,0,0,0,0,0,0,0,0,0,0,0,0,0,0,0,0,0,0,0
275,139,2,5f19a7bc46a7f03dda9a2596,2020-07-23 16:06:51.512000+00:00,i think she is the asshole because her mother feel intimidated because she dont understand anything and she look strange to her since it been long you are away from her,0.666666667,0,0.0,6,i think she is the asshole because her mother feel intimidated because she don‚äôt understand anything and she look strange to her since it been long you are away from her,10,31,168,1,1.5916280518562167,2.1360480114012117,0.0,0.0,0.0,0.03,0.0,0.009999999999999998,0.0,0.0,0.0,0.0,0.06,0.009999999999999998,0.009999999999999998,0.0,0.0,0.009999999999999998,0.0,0.009999999999999998,0.009999999999999998,0.0,0.0,0.03,0.0,0.06999999999999999,0.0,0.009999999999999998,0.019999999999999997,0.0,0.0,0.0,0.07999999999999999,0.019999999999999997,0.0,0.0,0.0,0.03,0.019999999999999997,0.009999999999999998,0.009999999999999998,0.009999999999999998,0.0,0.07999999999999999,0.0,0.009999999999999998,0.03,0.039999999999999994,0.07999999999999999,0.039999999999999994,0.0,0.019999999999999997,0.009999999999999998,0.0,0.009999999999999998,0.18,0.0,0,0,0.8387096774193549,0.03225806451612903,1,0.0,0,0.275,-0.05,2.046954838709677,easy,5.71,0,0,1,0,1,0,0,0,0,0,0,1,1,0,0,0,0,0,1,0,0
275,139,2,5f19a80246a7f03dda9a25e9,2020-07-23 16:06:53.545000+00:00,while that might not be true this seems to be a case where its more than one conversation where she has been in the room and shes not been included ,0.666666667,0,0.0,6,"while that might not be true, this seems to be a case where it's more than one conversation where she has been in the room, and she's not been included. ",11,30,148,1,1.5916280518562167,2.1360480114012117,0.0,0.0,0.01,0.02,0.01,0.02,0.0,0.0,0.02,0.0,0.02,0.02,0.0,0.0,0.0,0.0,0.0,0.0,0.0,0.01,0.01,0.01,0.0,0.030000000000000002,0.01,0.02,0.05,0.0,0.0,0.0,0.030000000000000002,0.030000000000000002,0.0,0.0,0.0,0.0,0.0,0.0,0.0,0.02,0.02,0.08,0.0,0.02,0.01,0.07,0.07,0.030000000000000002,0.0,0.0,0.0,0.01,0.0,0.21,0.0,0,0,0.8666666666666667,0.0,6,0.0,0,0.575,0.425,2.0143333333333335,easy,2.033,0,0,1,0,1,0,0,0,0,0,0,0,0,0,0,0,0,0,0,0,0
275,139,2,5f19a83446a7f03dda9a25ee,2020-07-23 16:07:13.017000+00:00,guess you guys change my opinion ,0.666666667,0,0.0,6,guess you guys change my opinion ,12,6,33,1,-0.8570792809108222,-0.6920529382732896,0.0,0.0,0.0,0.0,0.0,0.0,0.0,0.0,0.0,0.0,0.0,0.0,0.0,0.0,0.0,0.0,0.0,0.0,0.0,0.0,0.0,0.0,0.01,0.01,0.0,0.0,0.01,0.0,0.0,0.0,0.02,0.0,0.0,0.0,0.0,0.01,0.0,0.01,0.0,0.02,0.0,0.01,0.0,0.0,0.0,0.0,0.030000000000000002,0.0,0.0,0.0,0.01,0.0,0.01,0.02,0.0,0,0,1.0,0.16666666666666666,0,0.0,0,0.0,0.0,0.2976,easy,19.472,0,0,1,0,0,0,0,0,0,0,1,0,1,0,0,0,0,0,0,0,0
275,139,2,5d482eab21c9be351f76404d,2020-07-23 16:07:19.362000+00:00,yes have those conversations privately but include everyone when in mixed language company,0.666666667,0,0.0,6,"yes, have those conversations privately but include everyone when in mixed language company",13,13,90,1,-0.07349293442536971,0.21293936562255072,0.0,0.0,0.0,0.02,0.0,0.01,0.0,0.0,0.01,0.0,0.0,0.0,0.0,0.0,0.0,0.0,0.0,0.0,0.0,0.0,0.0,0.0,0.0,0.01,0.0,0.0,0.02,0.0,0.0,0.0,0.03,0.02,0.0,0.01,0.0,0.0,0.0,0.0,0.0,0.0,0.01,0.01,0.0,0.0,0.02,0.01,0.02,0.01,0.0,0.0,0.0,0.0,0.0,0.049999999999999996,0.0,0,0,1.0,0.0,0,0.0,0,0.3125,0.0,5.495915384615385,medium,6.345,0,0,0,0,0,0,0,0,0,0,0,0,0,0,0,0,0,0,0,0,0
276,140,0,5f19843046a7f03dda9a0d50,2020-07-23 15:30:40.443000+00:00,hai everyone,0.5,0,0.0,2,hai everyone,1,2,12,1,-1.2488724541535483,-0.847562775232592,0.0,0.0,0.0,0.0,0.0,0.0,0.0,0.0,0.0,0.0,0.0,0.0,0.0,0.0,0.0,0.0,0.0,0.0,0.0,0.0,0.0,0.0,0.0,0.0,0.0,0.0,0.0,0.0,0.0,0.0,0.009999999999999998,0.009999999999999998,0.0,0.0,0.0,0.0,0.0,0.0,0.0,0.0,0.0,0.0,0.0,0.0,0.0,0.0,0.0,0.0,0.0,0.0,0.0,0.0,0.0,0.0,0.0,0,0,1.0,0.5,0,0.0,0,0.0,0.0,0.0992,easy,0.0,0,0,0,0,0,0,0,0,0,0,0,0,0,0,0,0,0,0,0,0,0
276,140,0,5f19841246a7f03dda9a0d3c,2020-07-23 15:30:48.553000+00:00,hi,0.5,0,0.0,2,hi,2,1,2,1,-1.2488724541535483,-0.847562775232592,0.0,0.0,0.0,0.0,0.0,0.0,0.0,0.0,0.0,0.0,0.0,0.0,0.0,0.0,0.0,0.0,0.0,0.0,0.0,0.0,0.0,0.0,0.0,0.0,0.0,0.0,0.0,0.0,0.0,0.0,0.01,0.0,0.0,0.0,0.0,0.0,0.0,0.0,0.0,0.0,0.0,0.0,0.0,0.0,0.0,0.0,0.0,0.0,0.0,0.0,0.0,0.0,0.0,0.0,0.0,0,0,1.0,0.0,0,0.0,0,0.0,0.0,0.0496,easy,8.11,0,0,0,0,0,0,0,0,0,0,0,0,0,0,1,0,0,0,0,0,0
276,140,0,5f19a74446a7f03dda9a2588,2020-07-23 15:31:01.455000+00:00,hello here how are you doing,0.5,0,0.0,2,hello here how are you doing,3,6,28,1,-0.7591309876001406,0.10497337124440359,0.0,0.0,0.0,0.01,0.0,0.0,0.0,0.0,0.02,0.0,0.0,0.0,0.0,0.0,0.0,0.0,0.0,0.0,0.0,0.0,0.0,0.0,0.0,0.01,0.0,0.0,0.0,0.0,0.0,0.0,0.02,0.0,0.0,0.0,0.0,0.01,0.0,0.0,0.0,0.0,0.0,0.02,0.0,0.0,0.0,0.02,0.01,0.0,0.0,0.0,0.01,0.0,0.0,0.05,0.0,0,0,1.0,0.0,0,0.0,0,0.0,0.0,0.2976,easy,12.902,0,0,0,0,0,0,0,0,0,0,0,0,1,0,1,0,0,0,0,0,0
276,140,0,5d482eaa21c9be351f763b05,2020-07-23 15:31:02.458000+00:00,hey,0.5,0,0.0,2,hey,4,1,3,1,-1.2488724541535483,-0.847562775232592,0.0,0.0,0.0,0.0,0.0,0.0,0.0,0.0,0.0,0.0,0.0,0.0,0.0,0.0,0.0,0.0,0.0,0.0,0.0,0.0,0.0,0.0,0.0,0.0,0.0,0.0,0.0,0.0,0.0,0.0,0.009999999999999998,0.0,0.0,0.0,0.0,0.0,0.0,0.0,0.0,0.0,0.0,0.0,0.0,0.0,0.0,0.0,0.0,0.0,0.0,0.0,0.0,0.0,0.0,0.0,0.0,0,0,1.0,0.0,0,0.0,0,0.0,0.0,0.0496,easy,1.003,0,0,0,0,0,0,0,0,0,0,0,0,0,0,1,0,0,0,0,0,0
276,140,0,5f19a74446a7f03dda9a2588,2020-07-23 15:31:15.319000+00:00,how are you,0.5,0,0.0,2,how are you,5,3,11,1,-1.0529758675321852,-0.4665483166417938,0.0,0.0,0.0,0.01,0.0,0.0,0.0,0.0,0.01,0.0,0.0,0.0,0.0,0.0,0.0,0.0,0.0,0.0,0.0,0.0,0.0,0.0,0.0,0.01,0.0,0.0,0.0,0.0,0.0,0.0,0.01,0.0,0.0,0.0,0.0,0.01,0.0,0.0,0.0,0.0,0.0,0.01,0.0,0.0,0.0,0.01,0.01,0.0,0.0,0.0,0.01,0.0,0.0,0.03,0.0,1,0,1.0,0.0,0,0.0,0,0.0,0.0,0.1488,easy,12.861,0,0,0,0,0,0,0,0,0,0,0,0,1,0,0,1,0,0,0,0,0
276,140,0,5ee25938896280243c139475,2020-07-23 15:31:20.348000+00:00,hi,0.5,0,0.0,2,hi,6,1,2,1,-1.2488724541535483,-0.847562775232592,0.0,0.0,0.0,0.0,0.0,0.0,0.0,0.0,0.0,0.0,0.0,0.0,0.0,0.0,0.0,0.0,0.0,0.0,0.0,0.0,0.0,0.0,0.0,0.0,0.0,0.0,0.0,0.0,0.0,0.0,0.01,0.0,0.0,0.0,0.0,0.0,0.0,0.0,0.0,0.0,0.0,0.0,0.0,0.0,0.0,0.0,0.0,0.0,0.0,0.0,0.0,0.0,0.0,0.0,0.0,0,0,1.0,0.0,0,0.0,0,0.0,0.0,0.0496,easy,5.029,0,0,0,0,0,0,0,0,0,0,0,0,0,0,1,0,0,0,0,0,0
276,140,0,5f19843046a7f03dda9a0d50,2020-07-23 15:31:21.144000+00:00,i am fine,0.5,0,0.0,2,i am fine,7,3,9,1,-1.1509241608428669,-0.657055545937193,0.0,0.0,0.0,0.0,0.0,0.0,0.0,0.0,0.0,0.0,0.0,0.0,0.0,0.0,0.0,0.0,0.0,0.0,0.0,0.0,0.009999999999999998,0.0,0.0,0.009999999999999998,0.0,0.0,0.0,0.0,0.0,0.0,0.0,0.0,0.0,0.0,0.0,0.0,0.0,0.009999999999999998,0.0,0.0,0.0,0.009999999999999998,0.0,0.0,0.0,0.009999999999999998,0.0,0.0,0.0,0.0,0.0,0.009999999999999998,0.009999999999999998,0.019999999999999997,0.0,0,0,1.0,0.3333333333333333,0,0.0,0,0.5,0.4166666666666667,0.1488,easy,0.796,0,0,0,0,0,0,0,0,0,0,0,1,0,0,0,0,0,1,0,0,0
276,140,0,5f19a71c46a7f03dda9a257d,2020-07-23 15:31:23.984000+00:00,hi,0.5,0,0.0,2,hi,8,1,2,1,-1.2488724541535483,-0.847562775232592,0.0,0.0,0.0,0.0,0.0,0.0,0.0,0.0,0.0,0.0,0.0,0.0,0.0,0.0,0.0,0.0,0.0,0.0,0.0,0.0,0.0,0.0,0.0,0.0,0.0,0.0,0.0,0.0,0.0,0.0,0.01,0.0,0.0,0.0,0.0,0.0,0.0,0.0,0.0,0.0,0.0,0.0,0.0,0.0,0.0,0.0,0.0,0.0,0.0,0.0,0.0,0.0,0.0,0.0,0.0,0,0,1.0,0.0,0,0.0,0,0.0,0.0,0.0496,easy,2.84,0,0,0,0,0,0,0,0,0,0,0,0,0,0,1,0,0,0,0,0,0
276,140,0,5d482eaa21c9be351f763b05,2020-07-23 15:31:35.159000+00:00,im ok hows it going,0.5,0,0.0,2,i‚äôm ok how‚äôs it goingüôç,9,5,19,1,-0.8570792809108222,-0.08553385805099555,0.0,0.0,0.0,0.0,0.0,0.0,0.0,0.0,0.0,0.0,0.0,0.0,0.0,0.0,0.0,0.0,0.0,0.0,0.0,0.0,0.01,0.0,0.0,0.01,0.0,0.0,0.01,0.0,0.0,0.0,0.0,0.01,0.0,0.0,0.0,0.01,0.0,0.0,0.0,0.0,0.0,0.01,0.0,0.0,0.0,0.0,0.01,0.0,0.0,0.0,0.0,0.0,0.0,0.01,0.0,0,0,1.0,0.0,0,0.0,0,0.5,0.5,0.248,easy,11.175,0,0,0,0,0,0,0,0,0,0,0,1,0,0,0,0,0,0,0,0,0
276,140,0,5f19843046a7f03dda9a0d50,2020-07-23 15:31:39.018000+00:00,then how are you,0.5,0,0.0,2,then how are you,10,4,16,1,-0.9550275742215037,-0.27604108734639465,0.0,0.0,0.0,0.02,0.0,0.0,0.0,0.0,0.01,0.0,0.0,0.0,0.0,0.0,0.0,0.0,0.0,0.0,0.0,0.0,0.0,0.0,0.0,0.01,0.0,0.0,0.01,0.0,0.0,0.0,0.01,0.0,0.0,0.0,0.0,0.01,0.0,0.0,0.0,0.0,0.0,0.01,0.0,0.0,0.0,0.01,0.01,0.0,0.0,0.0,0.01,0.0,0.0,0.04,0.0,0,0,1.0,0.0,0,0.0,0,0.0,0.0,0.1984,easy,3.859,0,0,0,0,0,0,0,0,0,0,0,0,1,0,0,1,1,0,0,0,0
276,140,0,5f19a74446a7f03dda9a2588,2020-07-23 15:31:57.695000+00:00,nice,0.5,0,0.0,2,nice,11,1,4,1,-1.2488724541535483,-0.847562775232592,0.0,0.0,0.0,0.0,0.0,0.0,0.0,0.0,0.0,0.0,0.0,0.0,0.0,0.0,0.0,0.0,0.0,0.0,0.0,0.0,0.01,0.0,0.0,0.0,0.0,0.0,0.0,0.0,0.0,0.0,0.0,0.0,0.0,0.0,0.0,0.0,0.0,0.0,0.0,0.0,0.0,0.0,0.0,0.0,0.0,0.0,0.0,0.0,0.0,0.0,0.0,0.01,0.0,0.0,0.0,0,0,1.0,0.0,0,0.0,0,1.0,0.6,0.0496,easy,18.677,0,0,0,0,0,0,1,0,0,0,0,0,0,0,0,0,0,1,0,0,0
276,140,0,5f19843046a7f03dda9a0d50,2020-07-23 15:32:01.773000+00:00,good,0.5,0,0.0,2,good,12,1,4,1,-1.2488724541535483,-0.847562775232592,0.0,0.0,0.0,0.0,0.0,0.0,0.0,0.0,0.0,0.0,0.0,0.0,0.0,0.0,0.0,0.0,0.0,0.0,0.0,0.0,0.01,0.0,0.0,0.0,0.0,0.0,0.0,0.0,0.0,0.0,0.0,0.0,0.0,0.0,0.0,0.0,0.0,0.0,0.0,0.0,0.0,0.0,0.0,0.0,0.0,0.0,0.0,0.0,0.0,0.0,0.0,0.01,0.0,0.0,0.0,0,0,1.0,0.0,0,0.0,0,0.6000000000000001,0.7,0.0496,easy,4.078,0,0,0,0,0,0,1,0,0,0,0,0,0,0,0,0,0,1,0,0,0
276,140,0,5f19a71c46a7f03dda9a257d,2020-07-23 15:32:02.686000+00:00,this scenario is somehow complicated,0.5,0,0.0,2,this scenario is somehow complicated,13,5,36,1,-0.8570792809108222,-0.08553385805099555,0.0,0.0,0.0,0.0,0.0,0.0,0.0,0.0,0.009999999999999998,0.0,0.0,0.0,0.0,0.0,0.0,0.0,0.0,0.0,0.0,0.0,0.0,0.009999999999999998,0.0,0.009999999999999998,0.0,0.0,0.0,0.0,0.0,0.0,0.0,0.009999999999999998,0.0,0.0,0.0,0.0,0.0,0.0,0.0,0.009999999999999998,0.0,0.009999999999999998,0.0,0.0,0.0,0.009999999999999998,0.019999999999999997,0.0,0.0,0.0,0.0,0.0,0.0,0.019999999999999997,0.0,0,0,1.0,0.0,0,0.0,0,1.0,-0.5,0.248,easy,0.913,0,0,0,0,0,0,0,0,0,0,0,0,0,0,0,0,0,0,1,0,0
277,140,1,5f19a71c46a7f03dda9a257d,2020-07-23 15:44:59.050000+00:00,hi,1.0,0,0.0,4,hi,1,1,2,1,-1.2488724541535483,-0.8665794574742076,0.0,0.0,0.0,0.0,0.0,0.0,0.0,0.0,0.0,0.0,0.0,0.0,0.0,0.0,0.0,0.0,0.0,0.0,0.0,0.0,0.0,0.0,0.0,0.0,0.0,0.0,0.0,0.0,0.0,0.0,0.01,0.0,0.0,0.0,0.0,0.0,0.0,0.0,0.0,0.0,0.0,0.0,0.0,0.0,0.0,0.0,0.0,0.0,0.0,0.0,0.0,0.0,0.0,0.0,0.0,0,0,1.0,0.0,0,0.0,0,0.0,0.0,0.0496,easy,0.0,0,0,0,0,0,0,0,0,0,0,0,0,0,0,1,0,0,0,0,0,0
277,140,1,5f19841246a7f03dda9a0d3c,2020-07-23 15:45:02.198000+00:00,hi,1.0,0,0.0,4,hi,2,1,2,1,-1.2488724541535483,-0.8665794574742076,0.0,0.0,0.0,0.0,0.0,0.0,0.0,0.0,0.0,0.0,0.0,0.0,0.0,0.0,0.0,0.0,0.0,0.0,0.0,0.0,0.0,0.0,0.0,0.0,0.0,0.0,0.0,0.0,0.0,0.0,0.01,0.0,0.0,0.0,0.0,0.0,0.0,0.0,0.0,0.0,0.0,0.0,0.0,0.0,0.0,0.0,0.0,0.0,0.0,0.0,0.0,0.0,0.0,0.0,0.0,0,0,1.0,0.0,1,0.0,0,0.0,0.0,0.0496,easy,3.148,0,0,0,0,0,0,0,0,0,0,0,0,0,0,1,0,0,0,0,0,0
277,140,1,5f19843046a7f03dda9a0d50,2020-07-23 15:45:02.482000+00:00,hai every one,1.0,0,0.0,4,hai every one,3,3,13,1,-1.1509241608428669,-0.7260530589648766,0.0,0.0,0.0,0.0,0.01,0.0,0.0,0.0,0.0,0.0,0.0,0.0,0.0,0.0,0.0,0.0,0.0,0.0,0.0,0.01,0.0,0.0,0.0,0.0,0.0,0.0,0.0,0.0,0.0,0.0,0.0,0.0,0.0,0.0,0.0,0.0,0.0,0.0,0.0,0.0,0.0,0.0,0.0,0.0,0.0,0.0,0.01,0.0,0.0,0.0,0.0,0.0,0.0,0.0,0.0,0,0,1.0,0.3333333333333333,0,0.0,0,0.0,0.0,0.1488,easy,0.284,0,0,0,0,0,0,0,0,0,0,0,0,0,0,0,0,0,0,0,0,0
277,140,1,5ee25938896280243c139475,2020-07-23 15:45:07.598000+00:00,hey,1.0,0,0.0,4,hey,4,1,3,1,-1.2488724541535483,-0.8665794574742076,0.0,0.0,0.0,0.0,0.0,0.0,0.0,0.0,0.0,0.0,0.0,0.0,0.0,0.0,0.0,0.0,0.0,0.0,0.0,0.0,0.0,0.0,0.0,0.0,0.0,0.0,0.0,0.0,0.0,0.0,0.009999999999999998,0.0,0.0,0.0,0.0,0.0,0.0,0.0,0.0,0.0,0.0,0.0,0.0,0.0,0.0,0.0,0.0,0.0,0.0,0.0,0.0,0.0,0.0,0.0,0.0,0,0,1.0,0.0,0,0.0,0,0.0,0.0,0.0496,easy,5.116,0,0,0,0,0,0,0,0,0,0,0,0,0,0,1,0,0,0,0,0,0
277,140,1,5f19843046a7f03dda9a0d50,2020-07-23 15:45:53.959000+00:00,hi discuss the material,1.0,0,0.0,4,hi discuss the material,5,4,23,1,-1.0529758675321852,-0.5855266604555457,0.0,0.0,0.0,0.0,0.0,0.0,0.0,0.0,0.0,0.0,0.0,0.0,0.0,0.0,0.0,0.0,0.0,0.0,0.0,0.0,0.0,0.0,0.0,0.0,0.0,0.0,0.0,0.0,0.0,0.0,0.02,0.0,0.0,0.0,0.0,0.0,0.0,0.0,0.0,0.0,0.0,0.0,0.0,0.01,0.0,0.0,0.0,0.0,0.0,0.0,0.0,0.0,0.0,0.01,0.0,0,0,1.0,0.25,0,0.0,0,0.0,0.0,7.7824,difficult,46.361,0,0,0,0,0,0,0,0,0,0,0,0,0,0,1,0,0,0,0,0,0
277,140,1,5ee25938896280243c139475,2020-07-23 15:46:13.022000+00:00,i think he isnt the asshole because he has already tried to help the parents and offered to help them learn english,1.0,0,0.0,4,i think he isn't the asshole because he has already tried to help the parents and offered to help them learn english,6,22,115,1,0.7100934120600827,1.9439485127124114,0.0,0.0,0.0,0.02,0.0,0.01,0.0,0.01,0.0,0.0,0.02,0.01,0.01,0.0,0.0,0.0,0.0,0.01,0.0,0.0,0.0,0.02,0.0,0.029999999999999995,0.0,0.01,0.01,0.0,0.0,0.0,0.06999999999999999,0.0,0.0,0.01,0.0,0.01,0.01,0.01,0.0,0.0,0.0,0.04,0.0,0.02,0.02,0.02,0.04,0.02,0.0,0.0,0.0,0.0,0.01,0.11,0.0,0,0,0.8181818181818182,0.045454545454545456,2,0.0,0,0.0,0.0,1.0912,easy,19.063,0,0,1,0,1,0,0,0,0,0,0,1,0,0,0,0,0,0,0,0,0
277,140,1,5f19a71c46a7f03dda9a257d,2020-07-23 15:46:15.003000+00:00,we all have to agree on something and to me this guy is not an asshole,1.0,0,0.0,4,"we all have to agree on something, and to me this guy is not an asshole",7,16,70,1,0.1224036521959934,1.1007901216564258,0.0,0.0,0.0,0.009999999999999998,0.009999999999999998,0.019999999999999997,0.0,0.0,0.0,0.0,0.0,0.009999999999999998,0.009999999999999998,0.0,0.0,0.0,0.0,0.0,0.0,0.0,0.009999999999999998,0.0,0.009999999999999998,0.019999999999999997,0.0,0.0,0.009999999999999998,0.0,0.0,0.0,0.019999999999999997,0.019999999999999997,0.0,0.0,0.0,0.0,0.009999999999999998,0.009999999999999998,0.0,0.009999999999999998,0.019999999999999997,0.019999999999999997,0.0,0.009999999999999998,0.009999999999999998,0.019999999999999997,0.049999999999999996,0.03,0.009999999999999998,0.0,0.0,0.0,0.019999999999999997,0.12,0.0,0,0,0.9375,0.0625,3,0.0003202049311559398,0,0.0,0.0,0.7936,easy,1.981,0,0,0,0,0,0,0,0,0,1,0,0,0,0,0,0,0,0,0,0,0
277,140,1,5ee25938896280243c139475,2020-07-23 15:46:18.759000+00:00,teach a man to fish and all that,1.0,0,0.0,4,teach a man to fish and all that,8,8,32,1,-0.5632344009787775,0.11710533209110909,0.0,0.0,0.0,0.01,0.01,0.01,0.0,0.0,0.0,0.0,0.0,0.0,0.0,0.0,0.0,0.0,0.0,0.0,0.0,0.0,0.0,0.0,0.01,0.0,0.0,0.0,0.0,0.0,0.0,0.0,0.01,0.01,0.0,0.01,0.0,0.0,0.0,0.0,0.0,0.0,0.0,0.0,0.0,0.01,0.01,0.0,0.02,0.01,0.0,0.0,0.0,0.01,0.0,0.05,0.0,0,0,1.0,0.0,3,0.0,0,0.0,0.0,0.3968,easy,3.756,0,0,0,0,0,0,0,0,0,0,0,0,0,0,0,0,0,0,0,0,0
277,140,1,5f19843046a7f03dda9a0d50,2020-07-23 15:46:39.153000+00:00,i think she learn the english,1.0,0,0.0,4,i think she learn the english,9,6,29,1,-0.8570792809108222,-0.30447386343688376,0.0,0.0,0.0,0.0,0.0,0.0,0.0,0.0,0.0,0.0,0.009999999999999998,0.0,0.0,0.0,0.0,0.0,0.0,0.0,0.0,0.0,0.0,0.019999999999999997,0.0,0.009999999999999998,0.0,0.0,0.0,0.0,0.0,0.0,0.009999999999999998,0.0,0.0,0.009999999999999998,0.0,0.0,0.0,0.009999999999999998,0.0,0.0,0.0,0.009999999999999998,0.0,0.009999999999999998,0.0,0.0,0.019999999999999997,0.0,0.0,0.0,0.0,0.0,0.009999999999999998,0.03,0.0,0,0,1.0,0.16666666666666666,0,0.0,0,0.0,0.0,0.2976,easy,20.394,0,0,1,0,1,0,0,0,0,0,0,1,0,0,0,0,0,0,0,0,0
278,141,0,5ebca97278f5b8169eccbc44,2020-07-23 15:26:06.334000+00:00,my initial impression is that this guy is ta i dont see how he can justify not speaking english when he is visiting his mother he is around his husband 247 but he only visits his mother every so often  however i see how he would not want to make his husband uncomfortable or make him feel like he has to speak english if he is not comfortable doing so  my thought is that the husband does not have to participate in conversation with they are speaking english unless he wants to but that when the mom is out of the room they can just speak german ,0.666666667,1,0.166666667,6,"my initial impression is that this guy is ta. i don't see how he can justify not speaking english when he is visiting his mother. he is around his husband 24/7 but he only visits his mother every so often.  however, i see how he would not want to make his husband uncomfortable or make him feel like he has to speak english if he is not comfortable doing so.  my thought is that the husband does not have to participate in conversation with they are speaking english unless he wants to, but that when the mom is out of the room, they can just speak german. ",1,107,547,1,8.839801756846652,4.117586527746067,0.04,0.04,0.01,0.12,0.01,0.03,0.0,0.0,0.11,0.01,0.13,0.049999999999999996,0.0,0.0,0.0,0.02,0.0,0.06,0.0,0.01,0.03,0.03,0.01,0.21,0.01,0.01,0.09,0.0,0.0,0.0,0.3,0.04,0.0,0.0,0.0,0.049999999999999996,0.0,0.04,0.01,0.03,0.09999999999999999,0.24,0.0,0.03,0.049999999999999996,0.16,0.24999999999999997,0.09999999999999999,0.0,0.07,0.0,0.02,0.04,0.64,0.0,0,0,0.5981308411214953,0.028037383177570093,0,0.0,0,0.3222222222222222,-0.05555555555555555,5.749910280373832,medium,0.0,0,0,1,0,1,0,0,0,0,0,1,1,0,0,0,0,1,1,1,0,0
278,141,0,5eab24aed5ea945196f95bc9,2020-07-23 15:27:11.737000+00:00,completely agree  if you are going to live with your mother at her own gesture she should be included in the conversation  the german has the ability to speak english so theres really no reasoning for it,0.666666667,1,0.166666667,6,"completely agree.  if you are going to live with your mother at her own gesture, she should be included in the conversation.  the german has the ability to speak english, so there's really no reasoning for it.",2,37,203,1,2.2772661050309875,0.810654521626723,0.019999999999999997,0.009999999999999998,0.0,0.019999999999999997,0.009999999999999998,0.019999999999999997,0.0,0.009999999999999998,0.039999999999999994,0.0,0.019999999999999997,0.009999999999999998,0.0,0.0,0.0,0.0,0.0,0.009999999999999998,0.0,0.009999999999999998,0.009999999999999998,0.009999999999999998,0.0,0.029999999999999995,0.009999999999999998,0.0,0.029999999999999995,0.0,0.0,0.0,0.06999999999999999,0.009999999999999998,0.0,0.0,0.0,0.009999999999999998,0.0,0.0,0.0,0.009999999999999998,0.019999999999999997,0.049999999999999996,0.0,0.029999999999999995,0.029999999999999995,0.049999999999999996,0.06999999999999999,0.05999999999999999,0.0,0.009999999999999998,0.019999999999999997,0.0,0.0,0.22,0.0,0,0,0.918918918918919,0.0,10,0.009875729282929128,0,0.35000000000000003,0.12272727272727273,2.261956756756757,easy,65.403,0,0,1,0,0,1,0,0,0,0,0,0,1,0,0,0,0,0,0,0,0
278,141,0,5f18c2f246a7f03dda99d2ec,2020-07-23 15:27:12.785000+00:00,i agree in that i think he is ta i think his mother was kind enough to host them i think as a sign of appreciation he should also make her feel comfortable,0.666666667,1,0.166666667,6,"i agree, in that i think he is ta. i think, his mother was kind enough to host them. i think as a sign of appreciation he should also make her feel comfortable.",3,33,155,1,1.4936797585455353,0.4157969686572491,0.01,0.0,0.0,0.02,0.0,0.0,0.0,0.0,0.01,0.0,0.04,0.0,0.0,0.0,0.0,0.0,0.0,0.01,0.0,0.01,0.04,0.05,0.0,0.060000000000000005,0.01,0.01,0.01,0.0,0.0,0.0,0.060000000000000005,0.01,0.0,0.0,0.0,0.01,0.0,0.04,0.01,0.0,0.0,0.08,0.0,0.01,0.0,0.030000000000000002,0.08,0.04,0.0,0.01,0.0,0.030000000000000002,0.04,0.18000000000000002,0.0,0,0,0.8181818181818182,0.12121212121212122,4,0.0016547706511136013,0,0.7333333333333334,0.3333333333333333,2.1152848484848485,easy,1.048,0,0,1,0,1,0,0,0,0,0,1,1,0,0,0,0,0,1,0,0,0
278,141,0,5f18c9a046a7f03dda99e50c,2020-07-23 15:27:24.278000+00:00,my initial impression is that while its good to make his husband feel comfortable by speaking german only his husband said he only has trouble speaking english finding the right words ,0.666666667,1,0.166666667,6,"my initial impression is that while it's good to make his husband feel comfortable by speaking german only, his husband said he only has trouble speaking english (finding the right words). ",4,31,184,1,1.6895763451668984,0.5145113568996176,0.0,0.03,0.0,0.01,0.0,0.0,0.0,0.0,0.02,0.0,0.03,0.0,0.0,0.0,0.0,0.0,0.0,0.02,0.0,0.0,0.03,0.02,0.0,0.04,0.0,0.01,0.03,0.0,0.0,0.0,0.08,0.02,0.0,0.0,0.0,0.01,0.0,0.01,0.01,0.0,0.0,0.05,0.0,0.01,0.0,0.02,0.03,0.02,0.0,0.04,0.0,0.03,0.01,0.14,0.0,0,0,0.8709677419354839,0.0,6,0.007850602953717287,0,0.45952380952380956,0.13174603174603178,1.5375999999999999,easy,11.493,0,0,1,0,1,0,0,0,0,0,0,1,0,0,0,0,0,1,1,0,0
278,141,0,5ebca97278f5b8169eccbc44,2020-07-23 15:27:42.332000+00:00,right he should at least be able to understand english and chime in if he really wants to,0.666666667,1,0.166666667,6,"right, he should at least be able to understand english and chime in if he really wants to",5,18,89,1,0.4162485321280381,-0.1271321666757775,0.03,0.0,0.0,0.02,0.0,0.01,0.0,0.01,0.01,0.0,0.02,0.0,0.0,0.0,0.0,0.0,0.0,0.0,0.0,0.01,0.0,0.01,0.0,0.02,0.01,0.0,0.03,0.0,0.0,0.0,0.02,0.0,0.0,0.0,0.0,0.0,0.0,0.0,0.0,0.01,0.02,0.04,0.0,0.0,0.02,0.02,0.06,0.04,0.0,0.0,0.0,0.01,0.0,0.1,0.0,0,0,0.8888888888888888,0.0,5,0.0006161429451632779,0,0.3321428571428572,0.13714285714285715,0.8927999999999999,easy,18.054,0,0,1,0,0,1,0,0,0,0,0,0,0,0,0,0,0,1,0,0,0
278,141,0,5eab24aed5ea945196f95bc9,2020-07-23 15:27:47.894000+00:00,correct only has some trouble speaking it  not that he cant speak it  ,0.666666667,1,0.166666667,6,correct! only has some trouble speaking it - not that he can't speak it.  ,6,13,70,1,-0.07349293442536971,-0.3739181372816987,0.0,0.019999999999999997,0.0,0.0,0.009999999999999998,0.0,0.0,0.0,0.009999999999999998,0.0,0.009999999999999998,0.019999999999999997,0.0,0.0,0.0,0.0,0.0,0.0,0.0,0.009999999999999998,0.0,0.0,0.0,0.019999999999999997,0.0,0.0,0.0,0.0,0.0,0.0,0.03,0.03,0.0,0.0,0.0,0.0,0.0,0.0,0.0,0.009999999999999998,0.009999999999999998,0.019999999999999997,0.0,0.0,0.0,0.019999999999999997,0.03,0.0,0.0,0.019999999999999997,0.0,0.009999999999999998,0.0,0.07999999999999999,0.0,0,0,0.9230769230769231,0.0,1,0.0,0,0.6,-0.1,0.6447999999999999,easy,5.562,0,0,0,0,0,0,0,0,0,0,0,0,0,0,0,0,0,1,1,0,0
278,141,0,5f18c9a046a7f03dda99e50c,2020-07-23 15:27:51.479000+00:00,the german husband doesnt have to speak he can listenunderstand english while the american speaks to both of them mom and hubby,0.666666667,1,0.166666667,6,the german husband doesn't have to speak. he can listen/understand english while the american speaks to both of them (mom and hubby).,7,22,127,1,0.8080417053707643,0.07029660980895944,0.0,0.02,0.0,0.02,0.0,0.02,0.0,0.0,0.0,0.0,0.01,0.01,0.0,0.0,0.0,0.0,0.0,0.03,0.0,0.01,0.0,0.0,0.0,0.03,0.0,0.0,0.02,0.0,0.0,0.0,0.07,0.0,0.0,0.0,0.0,0.0,0.0,0.0,0.0,0.0,0.0,0.03,0.0,0.02,0.01,0.03,0.02,0.03,0.0,0.02,0.0,0.0,0.0,0.12,0.0,0,0,0.9090909090909091,0.0,1,0.0010214504596527069,0,0.0,0.0,1.0912,easy,3.585,0,0,0,0,0,0,0,0,0,0,0,0,0,0,0,0,0,0,0,0,0
278,141,0,5f18b81646a7f03dda99c875,2020-07-23 15:27:54.301000+00:00,i dont think the person is asshole simply because she is speaking german with her husband her mother may feel indignant or left out by this discourse but this reminds me that she is simply providing language accommodations this should be an argument between her husband and her mother why is her mother not talking with her husband,0.666666667,1,0.166666667,6,"i don't think the person is asshole simply because she is speaking german with her husband. her mother may feel indignant or left out by this discourse, but this reminds me that she is simply providing language accommodations. this should be an argument between her husband and her mother, why is her mother not talking with her husband?",8,58,331,1,4.138283677933938,1.7484412099292233,0.01,0.01,0.0,0.04,0.0,0.04,0.0,0.0,0.02,0.0,0.08,0.02,0.01,0.0,0.0,0.0,0.0,0.060000000000000005,0.0,0.0,0.0,0.02,0.01,0.07,0.02,0.0,0.02,0.0,0.0,0.0,0.19,0.04,0.0,0.0,0.0,0.02,0.02,0.02,0.01,0.02,0.030000000000000002,0.1,0.0,0.02,0.030000000000000002,0.08,0.13,0.05,0.0,0.02,0.0,0.0,0.02,0.33,0.0,1,0,0.7068965517241379,0.034482758620689655,2,0.005124582584125353,0,0.17857142857142858,0.0,3.1490413793103444,easy,2.822,0,0,1,0,1,0,0,0,0,0,0,1,0,0,0,0,0,0,1,0,0
278,141,0,5eaf2e6ed5ea945196fadf80,2020-07-23 15:28:14.880000+00:00,i too think hes being an asshole there should be some time when english can be spoken its like being around people who are whisperingit is just rude,0.666666667,1,0.166666667,6,i too think he's being an asshole. there should be some time when english can be spoken. it's like being around people who are whispering...it is just rude.,9,28,148,1,1.2977831719241721,0.31708258041488063,0.01,0.02,0.0,0.01,0.0,0.01,0.0,0.0,0.05,0.0,0.01,0.0,0.01,0.0,0.0,0.0,0.0,0.0,0.01,0.01,0.01,0.01,0.01,0.05,0.01,0.01,0.030000000000000002,0.0,0.0,0.0,0.04,0.02,0.0,0.0,0.0,0.0,0.02,0.01,0.0,0.01,0.01,0.11,0.0,0.01,0.01,0.09000000000000001,0.05,0.01,0.0,0.02,0.0,0.01,0.01,0.17,0.0,0,0,0.9285714285714286,0.03571428571428571,5,0.0008238201029820396,0,0.3,-0.15,1.3888,easy,20.579,0,0,1,0,1,0,0,0,0,0,0,1,0,0,0,0,0,1,1,0,0
279,141,2,5f18c9a046a7f03dda99e50c,2020-07-23 15:55:32.310000+00:00,while i understand being selfconscious about an accent if the sons partner speaks and understands english very well he should be able to respect the mom enough to speak english in her home  this is very different from being in public where everyone is welcome and assuming a store your money is doing all the talking this is a family issue and a home where you are a guest ,1.0,1,0.166666667,6,"while i understand being self-conscious about an accent, if the son's partner speaks and understands english very well, he should be able to respect the mom enough to speak english in her home.  this is very different from being in public (where everyone is welcome and, assuming a store, your money is doing all the talking). this is a family issue and a home where you are a guest. ",1,69,373,1,5.313663197662116,3.571895970084521,0.02,0.02,0.03,0.05,0.01,0.03,0.0,0.01,0.06,0.0,0.02,0.0,0.0,0.0,0.0,0.0,0.0,0.03,0.0,0.01,0.03,0.03,0.01,0.06999999999999999,0.01,0.0,0.05,0.0,0.0,0.0,0.15,0.03,0.0,0.0,0.02,0.0,0.0,0.01,0.0,0.02,0.01,0.12,0.02,0.08,0.04,0.1,0.1,0.06,0.0,0.02,0.02,0.08,0.01,0.41000000000000003,0.0,0,0,0.7391304347826086,0.014492753623188406,0,0.0,0,0.39645833333333336,0.1875,3.4223999999999997,easy,0.0,0,0,1,0,0,0,0,0,0,0,1,0,1,0,0,0,0,1,1,0,0
279,141,2,5ebca97278f5b8169eccbc44,2020-07-23 15:55:49.051000+00:00,i agree my initial impression is that the mom is nta and she was valid in what she said to them,1.0,1,0.166666667,6,"i agree, my initial impression is that the mom is nta and she was valid in what she said to them",2,21,95,1,0.5141968254387196,0.16637958822917293,0.0,0.009999999999999998,0.0,0.009999999999999998,0.0,0.009999999999999998,0.0,0.0,0.0,0.0,0.019999999999999997,0.0,0.0,0.0,0.0,0.0,0.0,0.009999999999999998,0.0,0.0,0.019999999999999997,0.0,0.0,0.019999999999999997,0.0,0.019999999999999997,0.019999999999999997,0.0,0.0,0.0,0.049999999999999996,0.019999999999999997,0.0,0.0,0.0,0.0,0.0,0.019999999999999997,0.0,0.0,0.0,0.039999999999999994,0.0,0.009999999999999998,0.009999999999999998,0.03,0.009999999999999998,0.019999999999999997,0.0,0.009999999999999998,0.0,0.0,0.019999999999999997,0.13999999999999999,0.0,0,0,0.9047619047619048,0.09523809523809523,6,0.0015940320369402803,0,0.0,0.0,1.0415999999999999,easy,16.741,0,0,0,0,0,0,0,0,0,0,1,1,0,0,0,0,0,0,0,0,0
279,141,2,5f18b81646a7f03dda99c875,2020-07-23 15:55:50.072000+00:00,i agree the son should be kind to his mother she will do everything for him this is not very nice,1.0,1,0.166666667,6,"i agree, the son should be kind to his mother she will do everything for him. this is not very nice.",3,21,97,1,0.6121451187494011,0.23587992255275145,0.01,0.0,0.0,0.0,0.01,0.0,0.0,0.0,0.01,0.0,0.03,0.01,0.0,0.0,0.0,0.0,0.0,0.02,0.0,0.0,0.03,0.0,0.0,0.02,0.02,0.0,0.0,0.0,0.0,0.0,0.06,0.02,0.0,0.0,0.0,0.0,0.0,0.01,0.0,0.0,0.01,0.049999999999999996,0.0,0.01,0.0,0.049999999999999996,0.03,0.02,0.0,0.0,0.0,0.01,0.01,0.15,0.0,0,0,1.0,0.047619047619047616,4,0.0009603360951429933,0,0.8346153846153845,0.18461538461538463,1.0415999999999999,easy,1.021,0,0,1,0,0,0,0,0,0,0,0,1,0,0,0,0,0,1,0,0,0
279,141,2,5eaf2e6ed5ea945196fadf80,2020-07-23 15:55:56.767000+00:00,i dont think she was being an ta i think she went about it in the wrong way,1.0,1,0.166666667,6,i dont think she was being an ta. i think she went about it in the wrong way.,4,18,75,1,0.22035194550667497,-0.04212141474156272,0.0,0.0,0.0,0.0,0.0,0.0,0.0,0.0,0.01,0.0,0.02,0.01,0.0,0.0,0.0,0.0,0.0,0.0,0.01,0.0,0.0,0.02,0.0,0.03,0.0,0.02,0.02,0.0,0.0,0.0,0.02,0.01,0.0,0.0,0.0,0.0,0.0,0.02,0.0,0.0,0.0,0.06,0.0,0.02,0.0,0.03,0.02,0.02,0.0,0.0,0.0,0.0,0.02,0.11,0.0,0,0,0.8333333333333334,0.1111111111111111,3,0.00031036623215394165,0,0.9,-0.5,0.8927999999999999,easy,6.695,0,0,1,0,1,0,0,0,0,0,0,1,0,0,0,0,0,0,1,0,0
279,141,2,5eab24aed5ea945196f95bc9,2020-07-23 15:56:08.933000+00:00,agreed  should speak english  if they all can speak english and he is just shy of it it would be more beneficial for him to speak english,1.0,1,0.166666667,6,"agreed - should speak english.  if they all can speak english (and he is just shy of it), it would be more beneficial for him to speak english.",5,27,137,1,1.2977831719241721,0.7223822628178013,0.030000000000000002,0.030000000000000002,0.0,0.02,0.01,0.01,0.0,0.0,0.01,0.01,0.02,0.0,0.0,0.0,0.0,0.0,0.0,0.0,0.01,0.01,0.02,0.0,0.0,0.02,0.02,0.0,0.0,0.0,0.0,0.0,0.060000000000000005,0.02,0.0,0.0,0.0,0.0,0.0,0.0,0.0,0.01,0.02,0.05,0.0,0.0,0.02,0.05,0.060000000000000005,0.030000000000000002,0.0,0.030000000000000002,0.0,0.01,0.0,0.17,0.0,0,0,0.8148148148148148,0.0,2,0.0,0,0.2,0.0,1.9240148148148148,easy,12.166,0,0,1,0,0,0,0,0,0,0,0,0,0,0,0,0,0,1,0,0,0
279,141,2,5ebca97278f5b8169eccbc44,2020-07-23 15:56:20.976000+00:00,i think she was right in saying it was disrespectful its almost like them texting each other while shes in the room,1.0,1,0.166666667,6,"i think she was right in saying it was disrespectful, it's almost like them texting each other while she's in the room",6,22,115,1,0.7100934120600827,0.30538025687633,0.0,0.01,0.01,0.01,0.0,0.01,0.0,0.0,0.0,0.0,0.02,0.0,0.0,0.0,0.0,0.0,0.0,0.0,0.0,0.01,0.01,0.01,0.0,0.02,0.0,0.02,0.049999999999999996,0.0,0.0,0.0,0.04,0.029999999999999995,0.0,0.0,0.0,0.0,0.0,0.01,0.0,0.01,0.0,0.04,0.0,0.01,0.0,0.029999999999999995,0.029999999999999995,0.02,0.0,0.01,0.0,0.02,0.01,0.12999999999999998,0.0,0,0,0.9090909090909091,0.045454545454545456,1,0.0,0,0.45535714285714285,0.08035714285714285,1.0912,easy,12.043,0,0,1,0,1,0,0,0,0,0,0,1,0,0,0,0,0,1,1,0,0
279,141,2,5f18c9a046a7f03dda99e50c,2020-07-23 15:56:37.351000+00:00,in a store youre a paying customer not simply a guest of a loved ones hospitality very different i think the sons the asshole not the mom ,1.0,1,0.166666667,6,"in a store, you're a paying customer, not simply a guest of a loved one's hospitality. very different. i think the son's the asshole, not the mom. ",7,27,138,1,1.1998348786134905,0.6528819284942228,0.0,0.0,0.0,0.0,0.0,0.0,0.02,0.0,0.02,0.0,0.0,0.02,0.01,0.0,0.01,0.0,0.0,0.02,0.0,0.01,0.01,0.01,0.0,0.02,0.0,0.01,0.01,0.01,0.0,0.0,0.049999999999999996,0.0,0.0,0.02,0.029999999999999995,0.0,0.01,0.01,0.0,0.0,0.02,0.029999999999999995,0.01,0.06999999999999999,0.0,0.01,0.029999999999999995,0.02,0.0,0.0,0.01,0.049999999999999996,0.01,0.13,0.0,0,0,0.7777777777777778,0.037037037037037035,4,0.0005036151718260998,0,0.6457142857142858,0.2333333333333333,1.9240148148148148,easy,16.375,0,0,1,0,1,0,0,0,0,0,1,0,1,0,0,0,0,1,0,0,0
279,141,2,5ebca97278f5b8169eccbc44,2020-07-23 15:56:38.614000+00:00,idk if it even said he was shy about it just that he has an accent which is fine,1.0,1,0.166666667,6,"idk if it even said he was shy about it, just that he has an accent, which is fine",8,19,80,1,0.5141968254387196,0.16637958822917293,0.010000000000000002,0.010000000000000002,0.0,0.010000000000000002,0.0,0.0,0.0,0.0,0.03,0.010000000000000002,0.020000000000000004,0.0,0.0,0.0,0.0,0.0,0.0,0.0,0.010000000000000002,0.0,0.010000000000000002,0.0,0.0,0.020000000000000004,0.0,0.020000000000000004,0.0,0.0,0.0,0.0,0.03,0.04000000000000001,0.0,0.0,0.0,0.0,0.0,0.0,0.0,0.010000000000000002,0.020000000000000004,0.04000000000000001,0.0,0.010000000000000002,0.010000000000000002,0.03,0.020000000000000004,0.010000000000000002,0.0,0.010000000000000002,0.0,0.010000000000000002,0.0,0.13,0.0,0,0,0.8947368421052632,0.0,0,0.0,0,0.5,-0.04166666666666666,0.9424,easy,1.263,0,0,0,0,0,0,0,0,0,0,0,0,0,0,0,0,0,1,0,0,0
279,141,2,5f18c2f246a7f03dda99d2ec,2020-07-23 15:56:42.460000+00:00,that was an interesting situation i know we need to take what the op has at face vailue but she emphaiszed i stopped them and nicely told them that i find it disrespectful that theyre speaking language i dont understand and excluding me from conversation,1.0,1,0.166666667,6,"that was an interesting situation. i know we need to take what the op has at face vailue but, she emphaiszed i stopped them and nicely told them that i find it disrespectful that they‚äôre speaking language i don‚äôt understand and excluding me from conversation.",9,45,254,1,2.473162691652351,1.5563862747007438,0.01,0.01,0.0,0.03,0.0,0.03,0.01,0.0,0.0,0.0,0.01,0.01,0.0,0.0,0.0,0.0,0.01,0.0,0.0,0.0,0.02,0.03,0.0,0.07,0.0,0.03,0.02,0.0,0.01,0.0,0.09,0.05,0.0,0.0,0.0,0.0,0.0,0.05,0.0,0.0,0.02,0.1,0.0,0.02,0.03,0.04,0.1,0.03,0.01,0.01,0.0,0.02,0.06,0.24,0.0,0,0,0.8444444444444444,0.13333333333333333,6,0.0018832391713747645,0,0.75,0.55,2.9337777777777774,easy,3.846,0,0,0,0,0,0,0,0,0,1,1,0,0,0,0,0,1,1,1,0,0
280,142,0,5f18c59a46a7f03dda99d805,2020-07-24 00:21:26.518000+00:00,so what do you guys think,1.0,1,0.333333333,3,so what do you guys think?,1,6,25,1,-0.7591309876001406,-0.968477008537947,0.0,0.0,0.0,0.01,0.0,0.0,0.0,0.0,0.01,0.0,0.0,0.0,0.0,0.0,0.0,0.0,0.0,0.0,0.0,0.0,0.0,0.01,0.01,0.02,0.0,0.0,0.0,0.0,0.0,0.0,0.02,0.01,0.0,0.0,0.0,0.0,0.0,0.0,0.0,0.0,0.0,0.02,0.0,0.0,0.01,0.01,0.01,0.0,0.0,0.0,0.01,0.0,0.0,0.04,0.0,1,0,1.0,0.0,0,0.0,0,0.0,0.0,0.2976,easy,0.0,0,0,1,0,1,0,0,0,0,0,0,0,1,0,0,1,1,0,0,0,0
280,142,0,5d482ea721c9be351f762c9f,2020-07-24 00:21:27.257000+00:00,i thing that the guy is sort of stuck between a rock and a hard place trying to please two different people,1.0,1,0.333333333,3,i thing that the guy is sort of stuck between a rock and a hard place trying to please two different people.,2,22,107,1,0.7100934120600827,0.9241453144851538,0.0,0.0,0.0,0.01,0.0,0.01,0.0,0.01,0.0,0.0,0.0,0.0,0.0,0.0,0.0,0.0,0.0,0.0,0.0,0.0,0.01,0.0,0.02,0.01,0.0,0.01,0.01,0.0,0.0,0.0,0.02,0.02,0.0,0.0,0.0,0.0,0.0,0.01,0.01,0.01,0.0,0.02,0.0,0.030000000000000002,0.01,0.01,0.02,0.030000000000000002,0.0,0.01,0.0,0.02,0.01,0.1,0.01,0,0,0.9545454545454546,0.045454545454545456,0,0.0,1,0.5708333333333333,-0.14583333333333334,1.0912,easy,0.739,1,0,0,0,0,0,0,0,0,0,0,1,0,0,0,0,0,0,1,0,0
280,142,0,5f18c59a46a7f03dda99d805,2020-07-24 00:21:33.527000+00:00,i think shes in the wrong here,1.0,1,0.333333333,3,i think she's in the wrong here,3,7,30,1,-0.7591309876001406,-0.968477008537947,0.0,0.0,0.0,0.0,0.0,0.0,0.0,0.0,0.01,0.0,0.01,0.0,0.0,0.0,0.0,0.0,0.0,0.0,0.01,0.0,0.0,0.01,0.0,0.02,0.0,0.0,0.01,0.0,0.0,0.0,0.01,0.0,0.0,0.0,0.0,0.0,0.0,0.01,0.0,0.0,0.0,0.02,0.0,0.01,0.0,0.01,0.01,0.01,0.0,0.0,0.0,0.0,0.01,0.04,0.0,0,0,1.0,0.14285714285714285,1,0.00015518311607697082,0,0.9,-0.5,0.3472,easy,6.27,0,0,1,0,1,0,0,0,0,0,0,1,0,0,0,0,0,0,1,0,0
280,142,0,5f18c48246a7f03dda99d597,2020-07-24 00:21:46.342000+00:00,the mans mom was nice enough to make them comfortable in her house his husband and himself should have been nice enough back to talk in english and include her ,1.0,1,0.333333333,3,the mans mom was nice enough to make them comfortable in her house his husband and himself should have been nice enough back to talk in english and include her. ,4,30,160,1,1.5916280518562167,2.059718708299014,0.010000000000000002,0.0,0.010000000000000002,0.020000000000000004,0.0,0.03,0.0,0.0,0.010000000000000002,0.0,0.04000000000000001,0.0,0.0,0.0,0.0,0.0,0.0,0.020000000000000004,0.0,0.020000000000000004,0.03,0.0,0.0,0.020000000000000004,0.010000000000000002,0.020000000000000004,0.03,0.0,0.0,0.0,0.08000000000000002,0.0,0.0,0.0,0.0,0.010000000000000002,0.0,0.0,0.0,0.0,0.0,0.05,0.0,0.010000000000000002,0.020000000000000004,0.04000000000000001,0.05,0.04000000000000001,0.0,0.0,0.0,0.05,0.0,0.16000000000000003,0.0,0,0,0.8,0.0,3,0.0,0,0.5428571428571428,0.2285714285714286,1.488,easy,12.815,0,0,1,0,0,0,0,0,0,0,0,0,0,0,0,0,0,1,0,0,0
280,142,0,5d482ea721c9be351f762c9f,2020-07-24 00:21:51.313000+00:00,i feel like the mom and husband need to figure out some sort of compromise,1.0,1,0.333333333,3,i feel like the mom and husband need to figure out some sort of compromise.,5,15,74,1,0.024455358885311848,0.04092156374104005,0.01,0.0,0.0,0.01,0.0,0.02,0.0,0.0,0.0,0.0,0.0,0.0,0.0,0.0,0.0,0.0,0.0,0.02,0.0,0.01,0.01,0.02,0.0,0.02,0.0,0.0,0.01,0.0,0.0,0.0,0.02,0.0,0.0,0.0,0.0,0.0,0.0,0.01,0.01,0.02,0.0,0.02,0.0,0.01,0.01,0.0,0.07,0.030000000000000002,0.0,0.01,0.0,0.01,0.01,0.07,0.01,0,0,1.0,0.06666666666666667,3,0.0021666509587090154,1,0.0,0.0,0.744,easy,4.971,0,0,1,0,1,0,0,0,0,0,0,1,0,0,0,0,0,1,0,0,0
280,142,0,5f1a21f646a7f03dda9a6b99,2020-07-24 00:21:59.515000+00:00,i think the girl and mother are hosts herald should be considerate to the guy,1.0,1,0.333333333,3,i think the girl and mother are hosts herald should be considerate to the guy,6,15,77,1,0.024455358885311848,0.04092156374104005,0.01,0.0,0.0,0.01,0.0,0.01,0.0,0.0,0.0,0.0,0.0,0.0,0.0,0.0,0.0,0.0,0.0,0.01,0.0,0.0,0.01,0.01,0.02,0.02,0.01,0.0,0.0,0.0,0.0,0.0,0.03,0.0,0.0,0.0,0.0,0.0,0.0,0.01,0.0,0.0,0.0,0.04,0.0,0.02,0.01,0.03,0.03,0.01,0.0,0.0,0.0,0.01,0.01,0.08,0.0,0,0,0.9333333333333333,0.06666666666666667,4,0.00015518311607697082,0,0.0,0.0,5.433166666666667,medium,8.202,0,0,1,0,1,0,0,0,0,0,0,1,0,0,0,0,0,1,0,0,0
280,142,0,5f18c59a46a7f03dda99d805,2020-07-24 00:22:01.599000+00:00,true exactly also he speaks english whereas the mom doesnt know any german at all,1.0,1,0.333333333,3,true exactly. also he speaks english whereas the mom doesn't know any german at all,7,15,81,1,0.1224036521959934,0.16709638527591344,0.0,0.01,0.0,0.02,0.03,0.0,0.0,0.0,0.01,0.0,0.01,0.01,0.0,0.0,0.0,0.0,0.0,0.01,0.0,0.0,0.01,0.01,0.0,0.02,0.0,0.0,0.01,0.0,0.0,0.0,0.03,0.0,0.0,0.0,0.0,0.0,0.0,0.0,0.0,0.01,0.0,0.02,0.0,0.01,0.0,0.01,0.05,0.01,0.0,0.01,0.0,0.0,0.0,0.05,0.0,0,0,1.0,0.0,1,0.0,0,0.225,0.15,0.744,easy,2.084,0,0,0,0,0,0,0,0,0,0,0,0,0,0,0,0,0,0,0,0,0
280,142,0,5eaca6e4d5ea945196fa62b0,2020-07-24 00:22:02.741000+00:00,yeah id say hes in the wrong at least his husband can speak some english,1.0,1,0.333333333,3,yeah i'd say he's in the wrong. at least his husband can speak some english.,8,15,72,1,0.1224036521959934,0.16709638527591344,0.0,0.019999999999999997,0.0,0.0,0.0,0.0,0.0,0.0,0.0,0.0,0.019999999999999997,0.0,0.0,0.0,0.0,0.0,0.0,0.009999999999999998,0.009999999999999998,0.019999999999999997,0.0,0.0,0.0,0.019999999999999997,0.0,0.0,0.019999999999999997,0.0,0.0,0.0,0.05,0.0,0.0,0.0,0.0,0.0,0.0,0.0,0.0,0.009999999999999998,0.0,0.019999999999999997,0.0,0.009999999999999998,0.0,0.019999999999999997,0.009999999999999998,0.019999999999999997,0.0,0.019999999999999997,0.0,0.0,0.0,0.06,0.0,0,0,1.0,0.0,2,0.0006161429451632779,0,0.43333333333333335,-0.26666666666666666,0.744,easy,1.142,0,0,0,0,0,0,0,0,0,0,1,0,0,0,0,0,0,0,1,0,0
280,142,0,5eade946d5ea945196fac5d7,2020-07-24 00:22:12.949000+00:00,i understand the complexity of the situation isolating a host that is giving you food shelter and is your mum makes me believe she is in the wrong,1.0,1,0.333333333,3,"i understand the complexity of the situation. isolating a host that is giving you food, shelter, and is your mum makes me believe she is in the wrong.",9,28,146,1,1.1998348786134905,1.5550194221595206,0.0,0.0,0.0,0.009999999999999998,0.0,0.009999999999999998,0.009999999999999998,0.0,0.0,0.0,0.009999999999999998,0.0,0.0,0.0,0.0,0.0,0.0,0.009999999999999998,0.019999999999999997,0.0,0.009999999999999998,0.03,0.0,0.06,0.0,0.0,0.009999999999999998,0.0,0.0,0.009999999999999998,0.049999999999999996,0.009999999999999998,0.0,0.0,0.0,0.009999999999999998,0.0,0.019999999999999997,0.0,0.0,0.0,0.06,0.0,0.039999999999999994,0.009999999999999998,0.03,0.049999999999999996,0.019999999999999997,0.0,0.0,0.019999999999999997,0.009999999999999998,0.019999999999999997,0.15999999999999998,0.0,0,0,0.8571428571428571,0.07142857142857142,4,0.00390625,0,0.9,-0.5,1.3888,easy,10.208,0,0,0,0,0,0,0,0,0,0,0,1,1,0,0,0,0,0,1,0,0
280,142,0,5f18c59a46a7f03dda99d805,2020-07-24 00:22:13.258000+00:00,exactly i agree,1.0,1,0.333333333,3,exactly i agree,10,3,15,1,-1.1509241608428669,-1.4731762946774407,0.0,0.0,0.0,0.0,0.01,0.0,0.0,0.0,0.0,0.0,0.0,0.0,0.0,0.0,0.0,0.0,0.0,0.0,0.0,0.0,0.01,0.0,0.0,0.0,0.0,0.0,0.0,0.0,0.0,0.0,0.0,0.0,0.0,0.0,0.0,0.0,0.0,0.01,0.0,0.0,0.0,0.0,0.0,0.0,0.0,0.0,0.01,0.0,0.0,0.0,0.0,0.0,0.01,0.01,0.0,0,0,1.0,0.3333333333333333,0,0.00015518311607697082,0,0.25,0.25,0.1488,easy,0.309,0,0,0,0,0,0,0,0,0,0,1,0,0,0,0,0,0,0,0,0,0
281,142,1,5f18c59a46a7f03dda99d805,2020-07-24 00:35:40.084000+00:00,the son is the asshole here for sure,0.5,0,0.0,4,the son is the asshole here for sure,1,8,36,1,-0.5632344009787775,-0.6014671222133365,0.0,0.0,0.0,0.0,0.009999999999999998,0.0,0.0,0.0,0.009999999999999998,0.0,0.0,0.0,0.009999999999999998,0.0,0.0,0.0,0.0,0.009999999999999998,0.0,0.0,0.009999999999999998,0.0,0.0,0.009999999999999998,0.0,0.0,0.0,0.0,0.0,0.0,0.009999999999999998,0.0,0.0,0.0,0.0,0.0,0.009999999999999998,0.0,0.0,0.0,0.0,0.009999999999999998,0.0,0.019999999999999997,0.0,0.009999999999999998,0.009999999999999998,0.009999999999999998,0.0,0.0,0.0,0.0,0.0,0.05,0.0,0,0,0.875,0.0,0,0.0,0,0.8888888888888888,0.5,0.3968,easy,0.0,0,0,0,0,0,0,0,0,0,0,0,0,0,0,0,0,0,0,0,0,0
281,142,1,5d482ea721c9be351f762c9f,2020-07-24 00:35:43.458000+00:00,i think they should speak in english in respect to their hostess,0.5,0,0.0,4,i think they should speak in english in respect to their hostess,2,12,64,1,-0.2693895210467328,-0.17219421644010838,0.01,0.01,0.0,0.0,0.0,0.0,0.0,0.0,0.0,0.0,0.0,0.0,0.0,0.0,0.0,0.0,0.0,0.0,0.0,0.0,0.01,0.01,0.0,0.01,0.01,0.0,0.02,0.0,0.0,0.0,0.03,0.0,0.0,0.0,0.0,0.0,0.0,0.01,0.0,0.0,0.0,0.02,0.0,0.0,0.0,0.01,0.02,0.03,0.0,0.01,0.0,0.01,0.01,0.07,0.0,0,0,0.9166666666666666,0.08333333333333333,0,0.0,0,0.0,0.0,0.5952,easy,3.374,0,0,1,0,1,0,0,0,0,0,0,1,0,0,0,0,0,1,0,0,0
281,142,1,5f18c48246a7f03dda99d597,2020-07-24 00:35:46.142000+00:00,mom just wanted to eb included ,0.5,0,0.0,4,mom just wanted to eb included. ,3,6,31,1,-0.7591309876001406,-0.8876490593954887,0.01,0.0,0.0,0.0,0.0,0.01,0.0,0.0,0.01,0.0,0.0,0.0,0.0,0.0,0.0,0.0,0.0,0.01,0.0,0.0,0.0,0.0,0.0,0.0,0.0,0.01,0.0,0.0,0.0,0.0,0.01,0.0,0.0,0.0,0.0,0.0,0.0,0.0,0.0,0.0,0.01,0.01,0.0,0.0,0.01,0.0,0.03,0.01,0.0,0.0,0.0,0.0,0.0,0.02,0.0,0,0,1.0,0.0,1,0.0,0,0.0,0.0,0.2976,easy,2.684,0,0,0,0,0,0,0,0,0,0,0,0,0,0,0,0,0,0,0,0,0
281,142,1,5eaca6e4d5ea945196fa62b0,2020-07-24 00:35:48.799000+00:00,i would side with the mother but she probably did handle it the wrong way,0.5,0,0.0,4,i would side with the mother but she probably did handle it the wrong way.,4,15,73,1,0.024455358885311848,0.2570786893331197,0.009999999999999998,0.0,0.0,0.009999999999999998,0.0,0.009999999999999998,0.0,0.0,0.009999999999999998,0.0,0.009999999999999998,0.0,0.0,0.0,0.0,0.0,0.0,0.009999999999999998,0.009999999999999998,0.0,0.0,0.0,0.0,0.0,0.009999999999999998,0.009999999999999998,0.009999999999999998,0.0,0.0,0.0,0.019999999999999997,0.009999999999999998,0.0,0.0,0.0,0.0,0.0,0.009999999999999998,0.0,0.009999999999999998,0.009999999999999998,0.019999999999999997,0.0,0.019999999999999997,0.009999999999999998,0.019999999999999997,0.039999999999999994,0.009999999999999998,0.0,0.0,0.0,0.0,0.009999999999999998,0.07999999999999999,0.009999999999999998,0,0,0.9333333333333333,0.06666666666666667,0,0.0,1,0.9,-0.5,0.744,easy,2.657,0,0,1,0,0,0,0,0,0,0,0,1,0,0,0,0,0,0,1,0,0
281,142,1,5eade946d5ea945196fac5d7,2020-07-24 00:35:55.780000+00:00,this is a challenging case i do not prefer how the mum handled it ,0.5,0,0.0,4,this is a challenging case. i do not prefer how the mum handled it. ,5,14,66,1,-0.07349293442536971,0.1139877207420437,0.01,0.0,0.0,0.01,0.0,0.0,0.0,0.01,0.01,0.0,0.0,0.01,0.0,0.0,0.0,0.0,0.0,0.01,0.0,0.0,0.01,0.01,0.0,0.02,0.0,0.0,0.0,0.0,0.0,0.0,0.01,0.02,0.0,0.01,0.0,0.01,0.0,0.01,0.0,0.0,0.01,0.02,0.0,0.02,0.0,0.02,0.030000000000000002,0.0,0.0,0.0,0.0,0.02,0.01,0.09,0.0,0,0,1.0,0.07142857142857142,2,0.00015518311607697082,0,1.0,0.5,0.6944,easy,6.981,0,0,0,0,0,0,0,0,0,0,1,0,0,0,0,0,0,1,1,0,0
281,142,1,5f18c59a46a7f03dda99d805,2020-07-24 00:35:57.225000+00:00,the mom asked nicely it says and the sons husband speaks english too,0.5,0,0.0,4,the mom asked nicely it says and the son's husband speaks english too,6,13,68,1,-0.07349293442536971,0.1139877207420437,0.0,0.02,0.0,0.01,0.0,0.01,0.0,0.0,0.01,0.0,0.0,0.0,0.0,0.0,0.0,0.0,0.0,0.030000000000000006,0.0,0.0,0.01,0.0,0.0,0.0,0.0,0.01,0.0,0.0,0.0,0.0,0.06000000000000001,0.01,0.0,0.0,0.0,0.0,0.0,0.0,0.0,0.0,0.0,0.01,0.0,0.02,0.01,0.0,0.01,0.0,0.0,0.02,0.0,0.01,0.0,0.05,0.0,0,0,0.9230769230769231,0.0,3,0.0,0,0.5,0.3,0.6447999999999999,easy,1.445,0,0,0,0,0,0,0,0,0,0,0,0,0,0,0,0,0,1,0,0,0
281,142,1,5f1a1c4246a7f03dda9a657f,2020-07-24 00:36:15.057000+00:00,yes the mom did ask nicely ,0.5,0,0.0,4,"yes, the mom did ask nicely. ",7,6,27,1,-0.7591309876001406,-0.8876490593954887,0.0,0.0,0.0,0.0,0.0,0.0,0.0,0.0,0.0,0.0,0.0,0.0,0.0,0.0,0.0,0.0,0.0,0.01,0.0,0.0,0.01,0.0,0.0,0.01,0.0,0.01,0.0,0.0,0.0,0.0,0.02,0.0,0.0,0.0,0.0,0.0,0.0,0.0,0.0,0.0,0.0,0.02,0.0,0.01,0.01,0.01,0.0,0.0,0.0,0.0,0.0,0.01,0.0,0.02,0.0,0,0,1.0,0.0,1,0.018982708569986115,0,1.0,0.6,0.2976,easy,17.832,0,0,0,0,0,0,0,0,0,0,0,0,0,0,0,0,0,1,0,0,0
281,142,1,5d482ea721c9be351f762c9f,2020-07-24 00:36:16.320000+00:00,ya it said mom was respectful when she said how she felt,0.5,0,0.0,4,"ya, it said mom was respectful when she said how she felt",8,12,56,1,-0.17144122773605125,-0.02910324784903234,0.0,0.02,0.0,0.02,0.0,0.0,0.0,0.0,0.02,0.0,0.02,0.0,0.0,0.0,0.0,0.0,0.0,0.01,0.0,0.0,0.0,0.01,0.0,0.0,0.0,0.04,0.01,0.0,0.0,0.0,0.060000000000000005,0.01,0.0,0.0,0.0,0.01,0.0,0.0,0.01,0.0,0.0,0.04,0.0,0.0,0.0,0.01,0.02,0.0,0.0,0.030000000000000002,0.01,0.01,0.0,0.060000000000000005,0.0,0,0,0.8333333333333334,0.0,0,0.0014388489208633094,0,0.7,0.5,0.5952,easy,1.263,0,0,1,0,1,0,0,0,0,0,0,0,0,0,0,0,0,1,0,0,0
281,142,1,5f1a21f646a7f03dda9a6b99,2020-07-24 00:36:29.636000+00:00,mom is an a agreed it was not appropriate for them not to be speaking in english when they could  but she should not have made an issue with a guest in her home,0.5,0,0.0,4,"mom is an a. agreed it was not appropriate for them not to be speaking in english when they could , but she should not have made an issue with a guest in her home",9,34,160,1,1.983421225098943,3.1188980611546406,0.020000000000000004,0.010000000000000002,0.010000000000000002,0.020000000000000004,0.0,0.010000000000000002,0.0,0.0,0.010000000000000002,0.0,0.020000000000000004,0.03,0.0,0.0,0.0,0.0,0.0,0.010000000000000002,0.0,0.0,0.010000000000000002,0.0,0.0,0.020000000000000004,0.010000000000000002,0.020000000000000004,0.03,0.0,0.0,0.0,0.06999999999999999,0.010000000000000002,0.0,0.0,0.0,0.010000000000000002,0.0,0.0,0.0,0.0,0.04000000000000001,0.06999999999999999,0.010000000000000002,0.04000000000000001,0.010000000000000002,0.06,0.09000000000000001,0.05,0.0,0.010000000000000002,0.0,0.03,0.0,0.24,0.0,0,0,0.8529411764705882,0.0,4,0.0014388489208633094,0,0.25,-0.125,2.150811764705882,easy,13.316,0,0,1,0,0,0,0,0,0,0,0,0,0,0,0,0,0,1,1,0,0
281,142,1,5d482ea721c9be351f762c9f,2020-07-24 00:36:31.645000+00:00,the boyfriend seemed like the most jerk,0.5,0,0.0,4,the boyfriend seemed like the most jerk,10,7,39,1,-0.6611826942894591,-0.7445580908044126,0.0,0.0,0.0,0.0,0.0,0.0,0.0,0.0,0.0,0.0,0.0,0.0,0.0,0.0,0.0,0.0,0.0,0.0,0.01,0.01,0.01,0.01,0.0,0.0,0.0,0.01,0.0,0.0,0.0,0.0,0.01,0.0,0.0,0.0,0.0,0.0,0.01,0.0,0.0,0.02,0.0,0.01,0.01,0.02,0.0,0.0,0.02,0.0,0.0,0.0,0.0,0.01,0.0,0.030000000000000002,0.0,0,0,0.8571428571428571,0.0,0,0.0,0,0.5,0.5,0.3472,easy,2.009,0,0,0,0,0,0,0,0,0,0,0,0,0,0,0,0,0,1,1,0,0
281,142,1,5f18c59a46a7f03dda99d805,2020-07-24 00:36:32.589000+00:00,son is clearly the ahole no doubt,0.5,0,0.0,4,son is clearly the ahole no doubt,11,7,33,1,-0.6611826942894591,-0.7445580908044126,0.0,0.0,0.0,0.0,0.01,0.0,0.0,0.0,0.01,0.01,0.0,0.01,0.0,0.0,0.0,0.0,0.0,0.01,0.01,0.0,0.0,0.0,0.0,0.01,0.0,0.0,0.0,0.0,0.0,0.0,0.01,0.0,0.0,0.0,0.0,0.0,0.0,0.0,0.0,0.01,0.0,0.01,0.0,0.01,0.01,0.01,0.02,0.0,0.0,0.0,0.0,0.01,0.0,0.030000000000000002,0.0,0,0,1.0,0.0,1,0.0,0,0.3833333333333333,0.10000000000000002,0.3472,easy,0.944,0,0,1,0,0,0,0,0,0,0,0,0,0,0,0,0,0,1,1,0,0
281,142,1,5f1a1c4246a7f03dda9a657f,2020-07-24 00:36:37.616000+00:00,right if he could speak english he should have so no one is left out,0.5,0,0.0,4,right! if he could speak english he should have so no one is left out.,12,15,68,1,0.1224036521959934,0.4001696579241958,0.030000000000000006,0.01,0.0,0.02,0.0,0.01,0.0,0.0,0.01,0.0,0.02,0.01,0.0,0.0,0.0,0.0,0.0,0.0,0.0,0.0,0.0,0.0,0.0,0.02,0.01,0.0,0.030000000000000006,0.0,0.0,0.0,0.030000000000000006,0.0,0.0,0.0,0.0,0.0,0.0,0.0,0.0,0.01,0.01,0.04,0.0,0.0,0.02,0.04,0.04,0.01,0.0,0.01,0.0,0.01,0.0,0.09000000000000001,0.0,0,0,0.9333333333333333,0.0,2,0.0,0,0.17857142857142858,0.09523809523809523,0.744,easy,5.027,0,0,1,0,0,0,0,0,0,0,0,0,0,0,0,0,0,1,0,0,0
281,142,1,5eaca6e4d5ea945196fa62b0,2020-07-24 00:36:38.347000+00:00,like she was right but its one of those things you dont really need to call someone out for on the spot,0.5,0,0.0,4,"like, she was right but it's one of those things you don't really need to call someone out for on the spot.",13,22,103,1,0.8080417053707643,1.401806438061728,0.01,0.0,0.0,0.01,0.0,0.01,0.0,0.0,0.01,0.0,0.01,0.01,0.0,0.0,0.0,0.0,0.0,0.0,0.0,0.0,0.01,0.0,0.0,0.02,0.0,0.01,0.030000000000000002,0.0,0.0,0.0,0.04,0.04,0.0,0.0,0.0,0.0,0.0,0.0,0.0,0.01,0.02,0.030000000000000002,0.0,0.01,0.02,0.02,0.05,0.05,0.0,0.0,0.01,0.02,0.0,0.12000000000000001,0.0,0,0,1.0,0.0,3,0.0,0,0.3678571428571429,0.24285714285714285,1.0912,easy,0.731,0,0,0,0,0,1,0,0,0,0,0,0,1,0,0,0,1,1,0,0,0
281,142,1,5f18c48246a7f03dda99d597,2020-07-24 00:36:38.703000+00:00,i agree the son was the a hole here mom just wanted to be included and as hosted i feel she had that right ,0.5,0,0.0,4,i agree the son was the a hole here. mom just wanted to be included and as hosted i feel she had that right. ,14,24,107,1,0.8080417053707643,1.401806438061728,0.01,0.0,0.0,0.02,0.0,0.02,0.0,0.0,0.02,0.0,0.01,0.0,0.0,0.0,0.0,0.0,0.0,0.02,0.0,0.0,0.01,0.01,0.0,0.01,0.0,0.030000000000000002,0.01,0.0,0.0,0.0,0.030000000000000002,0.01,0.0,0.0,0.0,0.0,0.0,0.02,0.01,0.0,0.01,0.05,0.0,0.030000000000000002,0.02,0.030000000000000002,0.05,0.02,0.0,0.01,0.0,0.02,0.02,0.15,0.0,0,0,0.9166666666666666,0.08333333333333333,6,0.0,0,0.5357142857142857,0.2857142857142857,1.1904,easy,0.356,0,0,1,0,1,0,0,0,0,0,1,1,0,0,0,0,0,1,0,0,0
281,142,1,5f18c59a46a7f03dda99d805,2020-07-24 00:37:05.467000+00:00,exactly i agree,0.5,0,0.0,4,exactly i agree,15,3,15,1,-1.1509241608428669,-1.4600129337597927,0.0,0.0,0.0,0.0,0.01,0.0,0.0,0.0,0.0,0.0,0.0,0.0,0.0,0.0,0.0,0.0,0.0,0.0,0.0,0.0,0.01,0.0,0.0,0.0,0.0,0.0,0.0,0.0,0.0,0.0,0.0,0.0,0.0,0.0,0.0,0.0,0.0,0.01,0.0,0.0,0.0,0.0,0.0,0.0,0.0,0.0,0.01,0.0,0.0,0.0,0.0,0.0,0.01,0.01,0.0,0,0,1.0,0.3333333333333333,0,0.0009603360951429933,0,0.25,0.25,0.1488,easy,26.764,0,0,0,0,0,0,0,0,0,0,1,0,0,0,0,0,0,0,0,0,0
282,143,0,5ee147e6896280243c135b3d,2020-07-24 00:06:11.594000+00:00,hi all,0.75,2,0.5,4,hi all,1,2,6,1,-1.2488724541535483,-0.9907607450808544,0.0,0.0,0.0,0.0,0.009999999999999998,0.0,0.0,0.0,0.0,0.0,0.0,0.0,0.0,0.0,0.0,0.0,0.0,0.0,0.0,0.0,0.0,0.0,0.0,0.0,0.0,0.0,0.0,0.0,0.0,0.0,0.009999999999999998,0.0,0.0,0.0,0.0,0.0,0.0,0.0,0.0,0.0,0.0,0.0,0.0,0.0,0.0,0.0,0.009999999999999998,0.0,0.0,0.0,0.0,0.0,0.0,0.009999999999999998,0.0,0,0,1.0,0.5,0,0.0,0,0.0,0.0,0.0992,easy,0.0,0,0,0,0,0,0,0,0,0,0,0,0,0,0,1,0,0,0,0,0,0
282,143,0,5d482ea621c9be351f7628b6,2020-07-24 00:06:15.095000+00:00,hey,0.75,2,0.5,4,hey,2,1,3,1,-1.2488724541535483,-0.9907607450808544,0.0,0.0,0.0,0.0,0.0,0.0,0.0,0.0,0.0,0.0,0.0,0.0,0.0,0.0,0.0,0.0,0.0,0.0,0.0,0.0,0.0,0.0,0.0,0.0,0.0,0.0,0.0,0.0,0.0,0.0,0.009999999999999998,0.0,0.0,0.0,0.0,0.0,0.0,0.0,0.0,0.0,0.0,0.0,0.0,0.0,0.0,0.0,0.0,0.0,0.0,0.0,0.0,0.0,0.0,0.0,0.0,0,0,1.0,0.0,0,0.0,0,0.0,0.0,0.0496,easy,3.501,0,0,0,0,0,0,0,0,0,0,0,0,0,0,1,0,0,0,0,0,0
282,143,0,5ee12306896280243c13405e,2020-07-24 00:06:25.864000+00:00,hi i really didnt think anyone the asshole they just have different opinions about their obligations to this family,0.75,2,0.5,4,hi! i really didn't think anyone the asshole. they just have different opinions about their obligations to this family.,3,19,115,1,0.31830023881735653,0.3096127328377671,0.0,0.0,0.01,0.0,0.0,0.0,0.0,0.0,0.029999999999999995,0.0,0.0,0.01,0.01,0.0,0.0,0.0,0.0,0.01,0.0,0.0,0.0,0.01,0.0,0.02,0.0,0.01,0.0,0.0,0.0,0.0,0.049999999999999996,0.02,0.0,0.0,0.0,0.0,0.01,0.01,0.0,0.01,0.02,0.029999999999999995,0.0,0.01,0.02,0.02,0.04,0.02,0.0,0.0,0.0,0.0,0.01,0.09,0.0,0,0,1.0,0.10526315789473684,0,0.0,0,0.4,0.1,5.409952631578947,medium,10.769,0,0,1,0,1,1,0,0,0,0,1,0,0,0,1,0,0,0,0,0,0
282,143,0,5d482eaa21c9be351f763aa3,2020-07-24 00:06:26.332000+00:00,hi,0.75,2,0.5,4,hi,4,1,2,1,-1.2488724541535483,-0.9907607450808544,0.0,0.0,0.0,0.0,0.0,0.0,0.0,0.0,0.0,0.0,0.0,0.0,0.0,0.0,0.0,0.0,0.0,0.0,0.0,0.0,0.0,0.0,0.0,0.0,0.0,0.0,0.0,0.0,0.0,0.0,0.01,0.0,0.0,0.0,0.0,0.0,0.0,0.0,0.0,0.0,0.0,0.0,0.0,0.0,0.0,0.0,0.0,0.0,0.0,0.0,0.0,0.0,0.0,0.0,0.0,0,0,1.0,0.0,1,0.0,0,0.0,0.0,0.0496,easy,0.468,0,0,0,0,0,0,0,0,0,0,0,0,0,0,1,0,0,0,0,0,0
282,143,0,5f1a1bca46a7f03dda9a6561,2020-07-24 00:06:31.895000+00:00,hi  ,0.75,2,0.5,4,hi.  ,5,1,4,1,-1.34682074746423,-1.0720340874507683,0.0,0.0,0.0,0.0,0.0,0.0,0.0,0.0,0.0,0.0,0.0,0.0,0.0,0.0,0.0,0.0,0.0,0.0,0.0,0.0,0.0,0.0,0.0,0.0,0.0,0.0,0.0,0.0,0.0,0.0,0.01,0.0,0.0,0.0,0.0,0.0,0.0,0.0,0.0,0.0,0.0,0.0,0.0,0.0,0.0,0.0,0.0,0.0,0.0,0.0,0.0,0.0,0.0,0.0,0.0,0,0,1.0,1.0,1,0.0,0,0.0,0.0,0.0496,easy,5.563,0,0,0,0,0,0,0,0,0,0,0,0,0,0,1,0,0,0,0,0,0
282,143,0,5ee147e6896280243c135b3d,2020-07-24 00:06:37.318000+00:00,yeah i felt that way too,0.75,2,0.5,4,"yeah, i felt that way too",6,6,24,1,-0.8570792809108222,-0.665667375601199,0.0,0.0,0.0,0.0,0.0,0.0,0.0,0.0,0.009999999999999998,0.0,0.0,0.0,0.0,0.0,0.0,0.0,0.0,0.0,0.0,0.0,0.0,0.009999999999999998,0.0,0.0,0.0,0.009999999999999998,0.009999999999999998,0.0,0.0,0.0,0.0,0.009999999999999998,0.0,0.0,0.0,0.0,0.0,0.009999999999999998,0.009999999999999998,0.0,0.0,0.009999999999999998,0.0,0.0,0.0,0.0,0.009999999999999998,0.0,0.0,0.009999999999999998,0.0,0.0,0.009999999999999998,0.03,0.0,0,0,1.0,0.16666666666666666,0,0.0,0,0.0,0.0,0.2976,easy,5.423,0,0,1,0,1,0,0,0,0,0,1,0,0,0,0,0,0,0,0,0,0
282,143,0,5d482eaa21c9be351f763a30,2020-07-24 00:06:57.620000+00:00,yea the person writing was not an asshole,0.75,2,0.5,4,yea the person writing was not an asshole.,7,8,41,1,-0.5632344009787775,-0.42184734849145755,0.0,0.0,0.0,0.0,0.0,0.0,0.0,0.0,0.0,0.0,0.0,0.01,0.01,0.0,0.0,0.0,0.0,0.0,0.0,0.0,0.0,0.0,0.01,0.0,0.0,0.01,0.0,0.0,0.0,0.0,0.02,0.0,0.0,0.0,0.0,0.0,0.01,0.0,0.0,0.0,0.01,0.01,0.0,0.02,0.0,0.01,0.02,0.0,0.0,0.0,0.0,0.0,0.0,0.04,0.0,0,0,1.0,0.0,0,0.0,0,0.0,0.0,0.3968,easy,20.302,0,0,0,0,0,0,0,0,0,0,0,0,0,0,0,0,0,0,0,0,0
282,143,0,5ee147e6896280243c135b3d,2020-07-24 00:07:02.025000+00:00,if i had to answer id say no but it sounds like they need to have better communication and maybe set up a better system,0.75,2,0.5,4,"if i had to answer i'd say no, but it sounds like they need to have better communication, and maybe set up a better system",8,25,119,1,1.0039382919921274,0.878526129427164,0.019999999999999997,0.019999999999999997,0.0,0.03,0.0,0.009999999999999998,0.0,0.019999999999999997,0.009999999999999998,0.0,0.0,0.009999999999999998,0.0,0.0,0.0,0.0,0.0,0.0,0.0,0.0,0.03,0.009999999999999998,0.0,0.019999999999999997,0.0,0.009999999999999998,0.03,0.0,0.0,0.0,0.03,0.009999999999999998,0.0,0.0,0.0,0.0,0.0,0.009999999999999998,0.0,0.019999999999999997,0.019999999999999997,0.03,0.0,0.009999999999999998,0.03,0.019999999999999997,0.06,0.03,0.0,0.019999999999999997,0.0,0.039999999999999994,0.009999999999999998,0.13,0.009999999999999998,0,0,0.92,0.04,0,0.0,1,0.5,0.5,1.8716,easy,4.405,0,0,1,0,0,0,0,0,0,0,1,0,0,0,0,0,1,1,0,0,0
282,143,0,5f1a1bca46a7f03dda9a6561,2020-07-24 00:07:02.773000+00:00,i agree  its reasonable for the person with more free time currently to take on the small extra task of helping out,0.75,2,0.5,4,i agree.  it's reasonable for the person with more free time currently to take on the small extra task of helping out.,9,22,115,1,0.7100934120600827,0.6347061023174224,0.0,0.0,0.0,0.0,0.0,0.02,0.0,0.0,0.0,0.0,0.0,0.0,0.0,0.0,0.0,0.0,0.0,0.0,0.0,0.02,0.029999999999999995,0.01,0.01,0.01,0.0,0.0,0.049999999999999996,0.0,0.0,0.0,0.02,0.01,0.0,0.0,0.01,0.01,0.0,0.01,0.0,0.0,0.0,0.01,0.0,0.02,0.0,0.0,0.029999999999999995,0.05999999999999999,0.0,0.0,0.0,0.029999999999999995,0.01,0.11,0.0,0,0,0.9545454545454546,0.045454545454545456,1,0.00015518311607697082,0,0.46666666666666673,0.1416666666666667,1.0912,easy,0.748,0,0,0,0,0,0,0,0,0,0,0,1,0,0,0,0,0,1,0,0,0
282,143,0,5d482ea621c9be351f7628b6,2020-07-24 00:07:12.024000+00:00,yeah i can agree with that i think that the husband could very easily convey his feelings to the mom though like he could just help her learn how to figure stuff out on her own by showing her duolingo or rosetta stone and how to use them,0.75,2,0.5,4,"yeah, i can agree with that. i think that the husband could very easily convey his feelings to the mom though. like he could just help her learn how to figure stuff out on her own by showing her duolingo or rosetta stone and how to use them",10,48,237,1,3.158800744827122,2.6665396615652686,0.02,0.0,0.0,0.05,0.0,0.030000000000000002,0.0,0.0,0.05,0.0,0.05,0.0,0.0,0.0,0.0,0.0,0.0,0.02,0.0,0.01,0.030000000000000002,0.04,0.0,0.030000000000000002,0.0,0.0,0.02,0.0,0.0,0.0,0.09000000000000001,0.030000000000000002,0.0,0.01,0.0,0.030000000000000002,0.0,0.02,0.01,0.01,0.02,0.05,0.0,0.02,0.02,0.030000000000000002,0.14,0.07,0.0,0.01,0.0,0.01,0.02,0.27,0.0,0,0,0.8125,0.041666666666666664,8,0.0011155192112199642,0,1.0,0.5816666666666667,2.3808,easy,9.251,0,0,1,0,1,0,0,0,0,0,1,0,0,0,0,0,0,1,0,0,0
282,143,0,5ee147e6896280243c135b3d,2020-07-24 00:07:26.804000+00:00,yeah good point,0.75,2,0.5,4,yeah good point,11,3,15,1,-1.0529758675321852,-0.8282140603410267,0.0,0.0,0.0,0.0,0.0,0.0,0.0,0.0,0.0,0.0,0.0,0.0,0.0,0.0,0.0,0.0,0.0,0.0,0.0,0.0,0.01,0.0,0.0,0.0,0.0,0.0,0.01,0.0,0.0,0.0,0.0,0.0,0.0,0.0,0.0,0.0,0.0,0.0,0.0,0.0,0.0,0.0,0.0,0.0,0.0,0.0,0.0,0.0,0.0,0.0,0.0,0.01,0.0,0.0,0.0,0,0,1.0,0.0,1,0.0,0,0.6000000000000001,0.7,0.1488,easy,14.78,0,0,0,0,0,0,0,0,0,0,0,0,0,0,0,0,0,1,0,0,0
283,143,2,5ee12306896280243c13405e,2020-07-24 00:35:43.134000+00:00,hey,1.0,1,0.166666667,6,hey,1,1,3,1,-1.2488724541535483,-1.254946586724224,0.0,0.0,0.0,0.0,0.0,0.0,0.0,0.0,0.0,0.0,0.0,0.0,0.0,0.0,0.0,0.0,0.0,0.0,0.0,0.0,0.0,0.0,0.0,0.0,0.0,0.0,0.0,0.0,0.0,0.0,0.009999999999999998,0.0,0.0,0.0,0.0,0.0,0.0,0.0,0.0,0.0,0.0,0.0,0.0,0.0,0.0,0.0,0.0,0.0,0.0,0.0,0.0,0.0,0.0,0.0,0.0,0,0,1.0,0.0,0,0.0,0,0.0,0.0,0.0496,easy,0.0,0,0,0,0,0,0,0,0,0,0,0,0,0,0,1,0,0,0,0,0,0
283,143,2,5f1a1bca46a7f03dda9a6561,2020-07-24 00:35:45.878000+00:00,hello,1.0,1,0.166666667,6,hello,2,1,5,1,-1.2488724541535483,-1.254946586724224,0.0,0.0,0.0,0.0,0.0,0.0,0.0,0.0,0.0,0.0,0.0,0.0,0.0,0.0,0.0,0.0,0.0,0.0,0.0,0.0,0.0,0.0,0.0,0.0,0.0,0.0,0.0,0.0,0.0,0.0,0.010000000000000002,0.0,0.0,0.0,0.0,0.0,0.0,0.0,0.0,0.0,0.0,0.0,0.0,0.0,0.0,0.0,0.0,0.0,0.0,0.0,0.0,0.0,0.0,0.0,0.0,0,0,1.0,0.0,0,0.0,0,0.0,0.0,0.0496,easy,2.744,0,0,0,0,0,0,0,0,0,0,0,0,0,0,1,0,0,0,0,0,0
283,143,2,5d482eaa21c9be351f763aa3,2020-07-24 00:35:47.366000+00:00,hello,1.0,1,0.166666667,6,hello,3,1,5,1,-1.2488724541535483,-1.254946586724224,0.0,0.0,0.0,0.0,0.0,0.0,0.0,0.0,0.0,0.0,0.0,0.0,0.0,0.0,0.0,0.0,0.0,0.0,0.0,0.0,0.0,0.0,0.0,0.0,0.0,0.0,0.0,0.0,0.0,0.0,0.010000000000000002,0.0,0.0,0.0,0.0,0.0,0.0,0.0,0.0,0.0,0.0,0.0,0.0,0.0,0.0,0.0,0.0,0.0,0.0,0.0,0.0,0.0,0.0,0.0,0.0,0,0,1.0,0.0,0,0.0070921985815602835,0,0.0,0.0,0.0496,easy,1.488,0,0,0,0,0,0,0,0,0,0,0,0,0,0,1,0,0,0,0,0,0
283,143,2,5ee147e6896280243c135b3d,2020-07-24 00:35:47.552000+00:00,hi there,1.0,1,0.166666667,6,hi there,4,2,8,1,-1.2488724541535483,-1.254946586724224,0.0,0.0,0.0,0.0,0.0,0.0,0.0,0.0,0.01,0.0,0.0,0.0,0.0,0.0,0.0,0.0,0.0,0.0,0.0,0.0,0.0,0.0,0.0,0.0,0.0,0.0,0.0,0.0,0.0,0.0,0.01,0.0,0.0,0.0,0.0,0.0,0.0,0.0,0.0,0.0,0.0,0.0,0.0,0.0,0.0,0.0,0.0,0.0,0.0,0.0,0.0,0.0,0.0,0.01,0.0,0,0,1.0,0.5,0,0.0,0,0.0,0.0,0.0992,easy,0.186,0,0,0,0,0,0,0,0,0,0,0,0,0,0,1,0,0,0,0,0,0
283,143,2,5f1a1fa846a7f03dda9a68c5,2020-07-24 00:35:49.644000+00:00,hi,1.0,1,0.166666667,6,hi,5,1,2,1,-1.2488724541535483,-1.254946586724224,0.0,0.0,0.0,0.0,0.0,0.0,0.0,0.0,0.0,0.0,0.0,0.0,0.0,0.0,0.0,0.0,0.0,0.0,0.0,0.0,0.0,0.0,0.0,0.0,0.0,0.0,0.0,0.0,0.0,0.0,0.01,0.0,0.0,0.0,0.0,0.0,0.0,0.0,0.0,0.0,0.0,0.0,0.0,0.0,0.0,0.0,0.0,0.0,0.0,0.0,0.0,0.0,0.0,0.0,0.0,0,0,1.0,0.0,1,0.0,0,0.0,0.0,0.0496,easy,2.092,0,0,0,0,0,0,0,0,0,0,0,0,0,0,1,0,0,0,0,0,0
283,143,2,5d482ea621c9be351f7628b6,2020-07-24 00:35:51.714000+00:00,hi,1.0,1,0.166666667,6,hi,6,1,2,1,-1.2488724541535483,-1.254946586724224,0.0,0.0,0.0,0.0,0.0,0.0,0.0,0.0,0.0,0.0,0.0,0.0,0.0,0.0,0.0,0.0,0.0,0.0,0.0,0.0,0.0,0.0,0.0,0.0,0.0,0.0,0.0,0.0,0.0,0.0,0.01,0.0,0.0,0.0,0.0,0.0,0.0,0.0,0.0,0.0,0.0,0.0,0.0,0.0,0.0,0.0,0.0,0.0,0.0,0.0,0.0,0.0,0.0,0.0,0.0,0,0,1.0,0.0,1,0.0,0,0.0,0.0,0.0496,easy,2.07,0,0,0,0,0,0,0,0,0,0,0,0,0,0,1,0,0,0,0,0,0
283,143,2,5d482eaa21c9be351f763a30,2020-07-24 00:35:53.586000+00:00,ola,1.0,1,0.166666667,6,ola,7,1,3,1,-1.2488724541535483,-1.254946586724224,0.0,0.0,0.0,0.0,0.0,0.0,0.0,0.0,0.0,0.0,0.0,0.0,0.0,0.0,0.0,0.0,0.0,0.0,0.0,0.0,0.0,0.0,0.0,0.0,0.0,0.0,0.0,0.0,0.0,0.0,0.0,0.0,0.0,0.0,0.0,0.0,0.0,0.0,0.0,0.0,0.0,0.0,0.0,0.0,0.0,0.0,0.0,0.0,0.0,0.0,0.0,0.0,0.0,0.0,0.0,0,0,1.0,0.0,0,0.0,0,0.0,0.0,0.0496,easy,1.872,0,0,0,0,0,0,0,0,0,0,0,0,0,0,0,0,0,0,0,0,0
283,143,2,5f1a1bca46a7f03dda9a6561,2020-07-24 00:35:59.971000+00:00,ola ,1.0,1,0.166666667,6,ola :),8,1,4,1,-1.2488724541535483,-1.254946586724224,0.0,0.0,0.0,0.0,0.0,0.0,0.0,0.0,0.0,0.0,0.0,0.0,0.0,0.0,0.0,0.0,0.0,0.0,0.0,0.0,0.0,0.0,0.0,0.0,0.0,0.0,0.0,0.0,0.0,0.0,0.0,0.0,0.0,0.0,0.0,0.0,0.0,0.0,0.0,0.0,0.0,0.0,0.0,0.0,0.0,0.0,0.0,0.0,0.0,0.0,0.0,0.0,0.0,0.0,0.0,0,0,1.0,0.0,0,0.5,0,0.0,0.0,0.0496,easy,6.385,0,0,0,0,0,0,0,0,0,0,0,0,0,0,0,0,0,0,0,0,0
283,143,2,5ee12306896280243c13405e,2020-07-24 00:36:01.431000+00:00,any initial thoughts,1.0,1,0.166666667,6,any initial thoughts?,9,3,20,1,-1.0529758675321852,-1.0201027810214451,0.0,0.0,0.0,0.0,0.0,0.0,0.0,0.0,0.0,0.0,0.0,0.0,0.0,0.0,0.0,0.0,0.0,0.0,0.0,0.0,0.0,0.010000000000000002,0.0,0.0,0.0,0.0,0.010000000000000002,0.0,0.0,0.0,0.0,0.0,0.0,0.0,0.0,0.0,0.0,0.0,0.0,0.010000000000000002,0.0,0.0,0.0,0.0,0.0,0.0,0.020000000000000004,0.0,0.0,0.0,0.0,0.0,0.0,0.010000000000000002,0.0,1,0,1.0,0.0,0,0.0,0,0.0,0.0,0.1488,easy,1.46,0,0,0,0,0,0,0,0,0,0,0,0,0,0,0,0,0,0,0,0,0
283,143,2,5d482eaa21c9be351f763aa3,2020-07-24 00:36:07.270000+00:00,i think hes the asshole,1.0,1,0.166666667,6,i think he's the asshole,10,5,23,1,-0.9550275742215037,-0.9026808781700558,0.0,0.0,0.0,0.0,0.0,0.0,0.0,0.0,0.0,0.0,0.01,0.0,0.01,0.0,0.0,0.0,0.0,0.0,0.0,0.0,0.0,0.01,0.0,0.02,0.0,0.0,0.0,0.0,0.0,0.0,0.01,0.0,0.0,0.0,0.0,0.0,0.01,0.01,0.0,0.0,0.0,0.02,0.0,0.01,0.0,0.01,0.01,0.0,0.0,0.0,0.0,0.0,0.01,0.02,0.0,0,0,1.0,0.2,0,0.0,0,0.0,0.0,0.248,easy,5.839,0,0,1,0,1,0,0,0,0,0,0,1,0,0,0,0,0,0,0,0,0
283,143,2,5ee147e6896280243c135b3d,2020-07-24 00:36:13.228000+00:00,so i feel like this guy is the asshole,1.0,1,0.166666667,6,"so, i feel like this guy is the asshole",11,9,38,1,-0.5632344009787775,-0.43299326676449834,0.0,0.0,0.0,0.01,0.0,0.0,0.0,0.0,0.01,0.0,0.0,0.0,0.01,0.0,0.0,0.0,0.0,0.0,0.0,0.0,0.01,0.01,0.01,0.02,0.0,0.0,0.0,0.0,0.0,0.0,0.01,0.01,0.0,0.0,0.0,0.0,0.01,0.01,0.01,0.0,0.0,0.02,0.0,0.01,0.01,0.01,0.01,0.0,0.0,0.01,0.0,0.01,0.01,0.049999999999999996,0.0,0,0,1.0,0.1111111111111111,1,0.0004753880472329106,0,0.0,0.0,0.44639999999999996,easy,5.958,0,0,1,0,1,0,0,0,0,0,1,0,0,0,0,0,1,1,0,0,0
283,143,2,5d482eaa21c9be351f763a30,2020-07-24 00:36:15.712000+00:00,i agree on him being the asshole,1.0,1,0.166666667,6,i agree on him being the asshole,12,7,32,1,-0.7591309876001406,-0.6678370724672771,0.0,0.0,0.0,0.0,0.0,0.0,0.0,0.0,0.0,0.0,0.01,0.0,0.01,0.0,0.0,0.0,0.0,0.0,0.0,0.0,0.01,0.0,0.0,0.0,0.0,0.0,0.01,0.0,0.0,0.0,0.01,0.0,0.0,0.0,0.0,0.0,0.01,0.01,0.0,0.0,0.0,0.01,0.0,0.01,0.0,0.01,0.0,0.01,0.0,0.0,0.0,0.0,0.01,0.05,0.0,0,0,1.0,0.14285714285714285,1,0.0004753880472329106,0,0.0,0.0,0.3472,easy,2.484,0,0,0,0,0,0,0,0,0,0,0,1,0,0,0,0,0,0,0,0,0
283,143,2,5d482ea621c9be351f7628b6,2020-07-24 00:36:16.441000+00:00,definitely sounds like an asshole with his mindset,1.0,1,0.166666667,6,definitely sounds like an asshole with his mindset,13,8,50,1,-0.5632344009787775,-0.43299326676449834,0.0,0.01,0.0,0.0,0.01,0.01,0.0,0.0,0.01,0.0,0.01,0.0,0.01,0.0,0.0,0.0,0.0,0.0,0.0,0.0,0.02,0.0,0.0,0.0,0.0,0.0,0.0,0.0,0.0,0.0,0.01,0.0,0.0,0.0,0.0,0.0,0.01,0.0,0.0,0.0,0.0,0.0,0.0,0.01,0.0,0.0,0.02,0.01,0.0,0.01,0.0,0.01,0.0,0.03,0.0,0,0,1.0,0.0,0,0.0003202049311559398,0,0.5,0.0,0.3968,easy,0.729,0,0,0,0,0,0,0,0,0,0,0,0,0,0,0,0,0,1,0,0,0
283,143,2,5d482eaa21c9be351f763a30,2020-07-24 00:36:31.073000+00:00,also does anyone else find this post familiar at all,1.0,1,0.166666667,6,also does anyone else find this post familiar at all?,14,10,52,1,-0.36733781435741436,-0.19814946106171957,0.0,0.0,0.0,0.01,0.01,0.0,0.0,0.0,0.01,0.0,0.0,0.0,0.0,0.0,0.0,0.0,0.0,0.0,0.0,0.01,0.0,0.01,0.0,0.01,0.0,0.0,0.02,0.0,0.0,0.0,0.01,0.02,0.0,0.0,0.0,0.0,0.0,0.0,0.0,0.01,0.0,0.01,0.0,0.0,0.0,0.01,0.030000000000000002,0.01,0.0,0.0,0.0,0.0,0.0,0.04,0.0,1,0,1.0,0.0,0,0.0,0,0.5,0.375,5.7115,medium,14.632,0,0,0,0,0,0,0,0,0,0,0,0,0,0,0,0,0,0,0,0,0
283,143,2,5f1a1bca46a7f03dda9a6561,2020-07-24 00:36:32.271000+00:00,i agree  it is harsh to tell others to just learn a language,1.0,1,0.166666667,6,i agree.  it is harsh to tell others to just learn a language,15,13,60,1,-0.17144122773605125,0.03669434464105918,0.0,0.0,0.0,0.0,0.0,0.0,0.0,0.0,0.01,0.0,0.0,0.0,0.0,0.0,0.0,0.0,0.0,0.0,0.0,0.0,0.01,0.01,0.0,0.01,0.0,0.0,0.0,0.0,0.0,0.0,0.02,0.02,0.0,0.01,0.0,0.0,0.0,0.01,0.0,0.0,0.01,0.01,0.0,0.01,0.01,0.01,0.02,0.02,0.0,0.0,0.0,0.01,0.01,0.06999999999999999,0.0,0,0,0.9230769230769231,0.07692307692307693,0,0.0,0,0.7,-0.2,0.6447999999999999,easy,1.198,0,0,0,0,0,0,0,0,0,0,0,1,0,0,0,0,0,0,1,0,0
283,143,2,5ee12306896280243c13405e,2020-07-24 00:36:33.401000+00:00,i also thought he was an asshole for the way he treated the mom and his mindset since english really isnt a national language of the us,1.0,1,0.166666667,6,i also thought he was an asshole for the way he treated the mom and his mindset since english really isn't a national language of the u.s.,16,27,135,1,1.1998348786134905,1.6806009845605105,0.0,0.0,0.0,0.02,0.0,0.01,0.0,0.0,0.02,0.0,0.030000000000000002,0.01,0.01,0.0,0.0,0.0,0.0,0.01,0.0,0.0,0.0,0.01,0.0,0.01,0.0,0.02,0.02,0.0,0.0,0.0,0.060000000000000005,0.0,0.0,0.0,0.0,0.01,0.01,0.01,0.0,0.0,0.01,0.030000000000000002,0.0,0.05,0.02,0.02,0.04,0.030000000000000002,0.01,0.0,0.0,0.01,0.01,0.13,0.0,0,0,0.8888888888888888,0.037037037037037035,1,0.0013732099126664958,0,0.1,0.1,1.3392,easy,1.13,0,0,1,0,1,1,0,0,0,1,0,1,0,0,0,0,0,0,0,0,0
284,144,0,5d482ea621c9be351f762b78,2020-07-23 23:56:21.878000+00:00,this guy is definitely the asshole its disrespectful to speak a language that your host doesnt know,1.0,1,0.2,5,this guy is definitely the asshole. it's disrespectful to speak a language that your host doesn't know,1,17,99,1,0.31830023881735653,0.08641170481727416,0.0,0.01,0.0,0.0,0.01,0.0,0.0,0.0,0.01,0.0,0.0,0.01,0.01,0.0,0.0,0.0,0.0,0.0,0.0,0.0,0.01,0.01,0.01,0.03,0.0,0.0,0.0,0.0,0.0,0.0,0.04,0.03,0.0,0.0,0.0,0.0,0.01,0.0,0.0,0.0,0.0,0.03,0.0,0.02,0.0,0.02,0.02,0.01,0.0,0.01,0.01,0.01,0.0,0.08,0.0,0,0,1.0,0.0,0,0.0,0,0.5,0.0,0.8432,easy,0.0,0,0,0,0,0,0,0,0,0,0,0,0,1,0,0,0,0,0,1,0,0
284,144,0,5f1a1d5046a7f03dda9a66d5,2020-07-23 23:56:30.530000+00:00,so personally i thought this was a little muddled however i did think that for just a weekend stay at the mothers the couple should try and speak a language all know,1.0,1,0.2,5,"so, personally, i thought this was a little muddled. however, i did think that for just a weekend -stay at the mother's the couple should try and speak a language all know",2,32,165,1,1.5916280518562167,1.3167497876917948,0.01,0.01,0.0,0.029999999999999995,0.01,0.01,0.0,0.01,0.029999999999999995,0.0,0.0,0.0,0.0,0.0,0.0,0.0,0.0,0.01,0.0,0.01,0.0,0.029999999999999995,0.0,0.029999999999999995,0.01,0.029999999999999995,0.04,0.0,0.0,0.0,0.029999999999999995,0.02,0.0,0.0,0.0,0.0,0.0,0.02,0.0,0.0,0.01,0.07,0.0,0.049999999999999996,0.029999999999999995,0.029999999999999995,0.07,0.02,0.0,0.01,0.0,0.029999999999999995,0.02,0.18,0.01,0,0,0.875,0.0625,7,0.0049642728965692065,1,0.4,-0.09375,1.5872,easy,8.652,0,0,1,0,1,0,0,0,0,0,1,0,0,0,0,0,1,0,0,0,0
284,144,0,5f1a1ac646a7f03dda9a650a,2020-07-23 23:56:35.614000+00:00,i think this person is an asshole because hes at his moms who is the host ,1.0,1,0.2,5,"i think this person is an asshole. because he's at his mom's, who is the host. ",3,16,74,1,0.1224036521959934,-0.10287107716342132,0.0,0.0,0.0,0.01,0.0,0.0,0.0,0.0,0.0,0.0,0.02,0.0,0.01,0.0,0.0,0.0,0.0,0.01,0.0,0.0,0.0,0.01,0.01,0.04,0.0,0.0,0.01,0.0,0.0,0.0,0.05,0.02,0.0,0.0,0.0,0.01,0.01,0.01,0.0,0.0,0.0,0.04,0.0,0.02,0.01,0.030000000000000002,0.02,0.01,0.0,0.0,0.0,0.0,0.01,0.1,0.0,0,0,0.9375,0.0625,3,0.0005036151718260998,0,0.0,0.0,0.7936,easy,5.084,0,0,1,0,1,0,0,0,0,0,0,1,0,0,0,0,0,0,0,0,0
284,144,0,5d482ea621c9be351f762b78,2020-07-23 23:56:39.495000+00:00,especially a family member especially a mother,1.0,1,0.2,5,"especially a family member, especially a mother.",4,7,46,1,-0.6611826942894591,-0.8600022050862032,0.0,0.0,0.01,0.0,0.0,0.0,0.0,0.0,0.02,0.0,0.0,0.0,0.0,0.0,0.0,0.0,0.0,0.02,0.0,0.0,0.0,0.0,0.0,0.0,0.0,0.0,0.0,0.0,0.0,0.0,0.02,0.0,0.0,0.0,0.0,0.0,0.0,0.0,0.0,0.0,0.0,0.0,0.0,0.02,0.0,0.0,0.0,0.0,0.0,0.0,0.0,0.02,0.0,0.02,0.0,0,0,0.7142857142857143,0.0,0,0.0,0,1.0,0.0,0.3472,easy,3.881,0,0,0,0,0,0,0,0,0,0,0,0,0,0,0,0,0,0,0,0,0
284,144,0,5f18c1b246a7f03dda99d022,2020-07-23 23:56:40.850000+00:00,if they live part time in germany they can speak german while there  his mother feels left out in the conversation  she only gets the opportunity to see her son half the time ,1.0,1,0.2,5,"if they live part time in germany, they can speak german while there.  his mother feels left out in the conversation.  she only gets the opportunity to see her son half the time. ",5,33,175,1,1.8854729317882615,1.600673960662838,0.01,0.01,0.0,0.02,0.0,0.01,0.0,0.01,0.02,0.0,0.030000000000000002,0.0,0.0,0.0,0.0,0.01,0.0,0.02,0.0,0.01,0.01,0.01,0.0,0.04,0.0,0.0,0.07,0.0,0.0,0.0,0.09,0.0,0.0,0.0,0.0,0.0,0.0,0.0,0.01,0.01,0.01,0.04,0.0,0.030000000000000002,0.0,0.01,0.030000000000000002,0.04,0.0,0.030000000000000002,0.0,0.0,0.0,0.16999999999999998,0.0,0,0,0.8484848484848485,0.0,0,0.0008496176720475786,0,0.33333333333333337,-0.006060606060606061,6.230269696969697,difficult,1.355,0,0,1,0,1,0,0,0,0,0,0,0,0,0,0,0,0,0,0,0,0
284,144,0,5f1a1ac646a7f03dda9a650a,2020-07-23 23:56:55.031000+00:00,also the partner knows english even thought its not good english so why not try to speak english for the weekend,1.0,1,0.2,5,"also, the partner knows english, even thought it's not good english. so, why not try to speak english for the weekend.",6,21,112,1,0.7100934120600827,0.46497726877866513,0.0,0.01,0.0,0.02,0.0,0.0,0.0,0.01,0.030000000000000002,0.0,0.0,0.02,0.0,0.0,0.0,0.0,0.0,0.0,0.0,0.0,0.01,0.02,0.01,0.02,0.0,0.01,0.01,0.0,0.0,0.0,0.02,0.01,0.0,0.0,0.0,0.01,0.0,0.0,0.0,0.0,0.02,0.030000000000000002,0.01,0.02,0.01,0.0,0.05,0.02,0.0,0.01,0.0,0.01,0.0,0.09000000000000001,0.0,0,0,0.8095238095238095,0.0,3,0.0010214504596527069,0,0.15000000000000002,-0.0875,1.0415999999999999,easy,14.181,0,0,1,0,1,0,0,0,0,0,0,0,0,0,0,1,1,1,0,0,0
285,144,1,5f1a1d5046a7f03dda9a66d5,2020-07-24 00:10:44.430000+00:00,while i thouht the poster could have probably phrased the conversation better i do agree that people should try and speak a language all know especially when someone is hosting you,1.0,1,0.2,5,"while i thouht the poster could have probably phrased the conversation better, i do agree that people should try and speak a language all know. especially when someone is hosting you.",1,31,180,1,1.4936797585455353,1.6773915853805614,0.02,0.01,0.0,0.03,0.01,0.01,0.0,0.02,0.03,0.0,0.0,0.0,0.0,0.0,0.0,0.0,0.0,0.0,0.0,0.0,0.02,0.01,0.01,0.049999999999999996,0.01,0.0,0.02,0.0,0.0,0.0,0.06,0.02,0.0,0.0,0.0,0.0,0.0,0.02,0.0,0.02,0.0,0.07,0.0,0.03,0.01,0.049999999999999996,0.07,0.0,0.0,0.01,0.01,0.02,0.02,0.15,0.01,0,0,0.9354838709677419,0.06451612903225806,0,0.0,1,0.75,0.25,2.046954838709677,easy,0.0,0,0,1,0,0,0,0,0,0,0,1,1,1,0,0,0,0,1,0,0,0
285,144,1,5f18c1b246a7f03dda99d022,2020-07-24 00:10:53.185000+00:00,seems like the other case  he seems like a sensitive person to go upstairs and pout  ,1.0,1,0.2,5,seems like the other case.  he seems like a sensitive person to go upstairs and pout.  ,2,16,85,1,0.22035194550667497,0.3042120759380364,0.0,0.0,0.0,0.01,0.0,0.01,0.0,0.0,0.0,0.0,0.01,0.0,0.0,0.0,0.0,0.0,0.0,0.0,0.0,0.0,0.02,0.02,0.01,0.03,0.0,0.0,0.02,0.0,0.0,0.0,0.02,0.01,0.0,0.0,0.0,0.0,0.0,0.0,0.0,0.02,0.0,0.03,0.0,0.02,0.01,0.0,0.03,0.01,0.0,0.0,0.0,0.04,0.0,0.06,0.0,0,0,0.875,0.0,3,0.0,0,0.6375,-0.012499999999999997,0.7936,easy,8.755,0,0,1,0,1,0,0,0,0,0,0,0,0,0,0,0,0,1,1,0,0
285,144,1,5f1a1d5046a7f03dda9a66d5,2020-07-24 00:10:56.513000+00:00,so i do not think she was an asshole,1.0,1,0.2,5,so i do not think she was an asshole,3,9,36,1,-0.5632344009787775,-0.5408214683342867,0.0,0.0,0.0,0.009999999999999998,0.0,0.0,0.0,0.0,0.009999999999999998,0.0,0.009999999999999998,0.009999999999999998,0.009999999999999998,0.0,0.0,0.0,0.0,0.0,0.0,0.0,0.0,0.009999999999999998,0.0,0.019999999999999997,0.0,0.009999999999999998,0.0,0.0,0.0,0.0,0.009999999999999998,0.0,0.0,0.0,0.0,0.0,0.009999999999999998,0.009999999999999998,0.0,0.0,0.009999999999999998,0.03,0.0,0.009999999999999998,0.009999999999999998,0.019999999999999997,0.019999999999999997,0.0,0.0,0.0,0.0,0.0,0.009999999999999998,0.06999999999999999,0.0,0,0,1.0,0.1111111111111111,0,0.0,0,0.0,0.0,0.44639999999999996,easy,3.328,0,0,1,0,1,0,0,0,0,0,1,0,0,0,0,0,1,0,0,0,0
285,144,1,5d482ea621c9be351f762b78,2020-07-24 00:11:00.061000+00:00,i dont think this person is wrong or the asshole calling her son and his partner disrespectful might have been extreme i agree with her,1.0,1,0.2,5,"i don't think this person is wrong or the asshole. calling her son and his partner disrespectful might have been extreme, i agree with her",4,25,135,1,0.9059899986814458,1.043616427176319,0.0,0.0,0.0,0.02,0.0,0.02,0.0,0.0,0.0,0.0,0.030000000000000002,0.01,0.01,0.0,0.0,0.0,0.0,0.01,0.01,0.0,0.01,0.01,0.02,0.04,0.01,0.01,0.0,0.0,0.0,0.0,0.07,0.01,0.0,0.0,0.0,0.0,0.01,0.02,0.0,0.02,0.01,0.060000000000000005,0.01,0.01,0.01,0.05,0.05,0.01,0.0,0.0,0.0,0.0,0.02,0.13,0.0,0,0,0.92,0.08,0,0.0009790032190590103,0,0.95,-0.3125,1.24,easy,3.548,0,0,1,0,1,0,0,0,0,0,1,1,0,0,0,0,0,0,1,0,0
285,144,1,5f1a1ac646a7f03dda9a650a,2020-07-24 00:11:06.285000+00:00,i dont think the mom was an asshole she asked nicely and explained it was disrespectful also the husband knows english so why couldnt he make an effort for his mother in law,1.0,1,0.2,5,"i don't think the mom was an asshole. she asked nicely and explained it was disrespectful. also, the husband knows english, so why couldn't he make an effort for his mother in law.",5,33,173,1,1.7875246384775798,1.9942791644826827,0.01,0.0,0.0,0.029999999999999995,0.0,0.01,0.0,0.01,0.02,0.0,0.029999999999999995,0.02,0.01,0.0,0.0,0.0,0.0,0.029999999999999995,0.0,0.0,0.01,0.029999999999999995,0.0,0.04,0.0,0.04,0.01,0.0,0.0,0.0,0.08,0.01,0.0,0.0,0.0,0.02,0.01,0.01,0.0,0.0,0.0,0.09,0.0,0.04,0.02,0.04,0.08,0.02,0.0,0.0,0.0,0.01,0.01,0.16,0.0,0,0,0.9090909090909091,0.030303030303030304,5,0.006258602711677692,0,0.5,0.3,1.6368,easy,6.224,0,0,1,0,1,0,0,0,0,0,0,1,0,0,0,1,1,1,1,0,0
285,144,1,5d482ea621c9be351f762b78,2020-07-24 00:11:40.312000+00:00,shes allowed to express her feelings and her comfort level,1.0,1,0.2,5,she's allowed to express her feelings and her comfort level.,6,10,58,1,-0.36733781435741436,-0.3295630822662059,0.0,0.0,0.0,0.009999999999999998,0.0,0.009999999999999998,0.0,0.0,0.0,0.0,0.03,0.0,0.0,0.0,0.0,0.0,0.0,0.0,0.0,0.0,0.009999999999999998,0.009999999999999998,0.0,0.009999999999999998,0.0,0.0,0.009999999999999998,0.0,0.0,0.0,0.039999999999999994,0.0,0.0,0.0,0.0,0.009999999999999998,0.0,0.0,0.009999999999999998,0.0,0.0,0.009999999999999998,0.0,0.0,0.009999999999999998,0.009999999999999998,0.03,0.009999999999999998,0.0,0.009999999999999998,0.0,0.009999999999999998,0.0,0.039999999999999994,0.0,0,0,0.9,0.0,1,0.0,0,0.0,0.0,0.496,easy,34.027,0,0,0,0,0,0,0,0,0,0,0,0,0,0,0,0,0,1,0,0,0
285,144,1,5f1a1ac646a7f03dda9a650a,2020-07-24 00:11:43.553000+00:00,i also agree that he was very immature to go upstairs over this matter and for the son to be acting in this sense,1.0,1,0.2,5,i also agree that he was very immature to go upstairs over this matter and for the son to be acting in this sense.,7,24,113,1,0.9059899986814458,1.043616427176319,0.0,0.0,0.0,0.019999999999999997,0.0,0.009999999999999998,0.0,0.0,0.019999999999999997,0.0,0.009999999999999998,0.0,0.0,0.0,0.0,0.0,0.0,0.009999999999999998,0.0,0.0,0.009999999999999998,0.009999999999999998,0.0,0.009999999999999998,0.0,0.009999999999999998,0.039999999999999994,0.0,0.0,0.0,0.019999999999999997,0.029999999999999995,0.0,0.0,0.0,0.0,0.0,0.009999999999999998,0.0,0.0,0.0,0.029999999999999995,0.0,0.009999999999999998,0.009999999999999998,0.019999999999999997,0.029999999999999995,0.049999999999999996,0.0,0.0,0.0,0.0,0.009999999999999998,0.15,0.0,0,0,0.9166666666666666,0.041666666666666664,3,0.0,0,0.15,0.1,1.1904,easy,3.241,0,0,0,0,0,0,0,0,0,0,0,1,0,0,0,0,0,0,1,0,0
286,145,1,5d482ea721c9be351f762c60,2020-07-24 00:03:51.101000+00:00,conversations are capable of being had without someone,0.6,0,0.0,5,conversations are capable of being had without someone.,1,8,54,1,-0.5632344009787775,-0.7457374299593746,0.0,0.0,0.0,0.0,0.0,0.0,0.0,0.01,0.0,0.0,0.0,0.01,0.0,0.0,0.0,0.0,0.0,0.0,0.0,0.0,0.0,0.0,0.0,0.01,0.0,0.01,0.0,0.0,0.0,0.0,0.02,0.01,0.0,0.0,0.0,0.0,0.0,0.0,0.0,0.01,0.01,0.03,0.0,0.0,0.0,0.03,0.02,0.02,0.0,0.0,0.0,0.01,0.0,0.04,0.0,0,0,1.0,0.0,0,0.0,0,0.4,0.2,6.00705,difficult,0.0,0,0,0,0,0,0,0,0,0,0,0,0,0,0,0,0,0,1,0,0,0
286,145,1,5f19b2d446a7f03dda9a3497,2020-07-24 00:03:54.931000+00:00,initially i felt like he may be the asshole but i think ultimately he isnt i agree that conversations can be had without all participants but theyre guests in his home and everyone is sitting in a more intimate setting,0.6,0,0.0,5,"initially i felt like he may be the asshole, but i think ultimately he isn't. i agree that conversations can be had without all participants, but they're guests in his home and everyone is sitting in a more intimate setting.",2,40,218,1,2.2772661050309875,2.211716993127376,0.0,0.0,0.010000000000000002,0.030000000000000002,0.010000000000000002,0.010000000000000002,0.0,0.0,0.0,0.0,0.030000000000000002,0.020000000000000004,0.010000000000000002,0.0,0.0,0.0,0.0,0.0,0.0,0.010000000000000002,0.020000000000000004,0.020000000000000004,0.010000000000000002,0.05000000000000001,0.010000000000000002,0.020000000000000004,0.04000000000000001,0.0,0.0,0.0,0.08000000000000002,0.020000000000000004,0.0,0.0,0.0,0.0,0.010000000000000002,0.030000000000000002,0.010000000000000002,0.010000000000000002,0.030000000000000002,0.10000000000000002,0.010000000000000002,0.020000000000000004,0.030000000000000002,0.08000000000000002,0.08000000000000002,0.030000000000000002,0.0,0.010000000000000002,0.0,0.030000000000000002,0.030000000000000002,0.21000000000000002,0.0,0,0,0.85,0.075,2,0.011235955056179775,0,0.525,0.175,2.37875,easy,3.83,0,0,1,0,1,0,0,0,0,0,1,1,0,0,0,0,0,1,0,0,0
286,145,1,5d482ea721c9be351f762c60,2020-07-24 00:04:17.121000+00:00,i think the parent is slightly the asshole because they made the scenario about their insecurity,0.6,0,0.0,5,i think the parent is slightly the asshole because they made the scenario about their insecurity.,3,16,96,1,0.1224036521959934,-0.03186912093843481,0.0,0.0,0.0,0.009999999999999998,0.0,0.0,0.0,0.0,0.009999999999999998,0.009999999999999998,0.0,0.0,0.009999999999999998,0.0,0.0,0.0,0.0,0.009999999999999998,0.009999999999999998,0.0,0.0,0.009999999999999998,0.0,0.019999999999999997,0.0,0.009999999999999998,0.0,0.0,0.0,0.0,0.03,0.0,0.0,0.0,0.0,0.019999999999999997,0.009999999999999998,0.009999999999999998,0.0,0.0,0.0,0.03,0.0,0.03,0.009999999999999998,0.009999999999999998,0.03,0.009999999999999998,0.0,0.0,0.0,0.0,0.009999999999999998,0.09,0.0,0,0,0.875,0.0625,4,0.0008238201029820396,0,0.16666666666666666,-0.16666666666666666,5.416975,medium,22.19,0,0,1,0,1,0,0,0,0,0,0,1,0,0,0,0,0,0,1,0,0
286,145,1,5d482ea721c9be351f762f15,2020-07-24 00:04:19.767000+00:00,i dont think the person needed to be part of the conversation that was in french,0.6,0,0.0,5,i dont think the person needed to be part of the conversation that was in french,4,16,80,1,0.1224036521959934,-0.03186912093843481,0.010000000000000002,0.0,0.0,0.0,0.0,0.0,0.0,0.0,0.0,0.0,0.0,0.010000000000000002,0.0,0.0,0.0,0.0,0.0,0.0,0.0,0.010000000000000002,0.0,0.010000000000000002,0.010000000000000002,0.020000000000000004,0.0,0.020000000000000004,0.010000000000000002,0.0,0.0,0.0,0.020000000000000004,0.010000000000000002,0.0,0.0,0.0,0.0,0.0,0.010000000000000002,0.0,0.0,0.0,0.05,0.0,0.020000000000000004,0.0,0.03,0.020000000000000004,0.03,0.0,0.0,0.0,0.0,0.010000000000000002,0.09000000000000001,0.0,0,0,0.9375,0.0625,2,0.0005036151718260998,0,0.0,0.0,5.416975,medium,2.646,0,0,1,0,1,0,0,0,0,0,0,1,0,0,0,0,0,0,0,0,0
286,145,1,5d482eab21c9be351f764144,2020-07-24 00:04:20.820000+00:00,i dont think this person is the asshole the son is being rude by not including her in the conversation when shes right there,0.6,0,0.0,5,i don't think this person is the asshole. the son is being rude by not including her in the conversation when she's right there,5,24,124,1,0.9059899986814458,0.7839803750854963,0.0,0.0,0.0,0.01,0.0,0.01,0.0,0.0,0.02,0.0,0.02,0.02,0.01,0.0,0.0,0.0,0.0,0.01,0.01,0.0,0.0,0.01,0.01,0.049999999999999996,0.0,0.0,0.03,0.0,0.0,0.0,0.049999999999999996,0.01,0.0,0.0,0.0,0.0,0.02,0.01,0.0,0.0,0.01,0.06,0.0,0.03,0.0,0.049999999999999996,0.03,0.02,0.0,0.0,0.0,0.01,0.01,0.13999999999999999,0.0,0,0,0.875,0.041666666666666664,5,0.005096115301851585,0,0.5678571428571428,-0.007142857142857145,1.8483166666666664,easy,1.053,0,0,1,0,1,0,0,0,0,0,0,1,0,0,0,0,0,1,1,0,0
286,145,1,5d482ea721c9be351f762c60,2020-07-24 00:04:35.533000+00:00,nobody is entitled to be a part of a conversation,0.6,0,0.0,5,nobody is entitled to be a part of a conversation.,6,10,49,1,-0.36733781435741436,-0.5417750559533918,0.0,0.0,0.0,0.0,0.0,0.0,0.0,0.0,0.0,0.0,0.0,0.009999999999999998,0.0,0.0,0.0,0.0,0.0,0.0,0.0,0.009999999999999998,0.0,0.0,0.0,0.009999999999999998,0.0,0.0,0.0,0.0,0.0,0.0,0.009999999999999998,0.009999999999999998,0.0,0.0,0.0,0.0,0.0,0.0,0.0,0.0,0.0,0.019999999999999997,0.0,0.019999999999999997,0.0,0.019999999999999997,0.0,0.019999999999999997,0.0,0.0,0.0,0.019999999999999997,0.0,0.06,0.0,0,0,0.9,0.0,1,0.002564102564102564,0,0.0,0.0,5.7115,medium,14.713,0,0,0,0,0,0,0,0,0,0,0,0,0,0,0,0,0,0,0,0,0
286,145,1,5f19b2d446a7f03dda9a3497,2020-07-24 00:04:41.572000+00:00,i think he could have maybe presented it as i would like to be included in the conversation,0.6,0,0.0,5,"i think he could have maybe presented it as ""i would like to be included in the conversation"".",7,18,91,1,0.22035194550667497,0.07011206606455658,0.020000000000000004,0.0,0.0,0.010000000000000002,0.0,0.010000000000000002,0.0,0.0,0.010000000000000002,0.0,0.010000000000000002,0.0,0.0,0.0,0.0,0.0,0.0,0.0,0.0,0.0,0.010000000000000002,0.010000000000000002,0.0,0.020000000000000004,0.010000000000000002,0.0,0.010000000000000002,0.0,0.0,0.0,0.020000000000000004,0.010000000000000002,0.0,0.0,0.0,0.0,0.0,0.020000000000000004,0.0,0.010000000000000002,0.0,0.05,0.0,0.010000000000000002,0.0,0.04000000000000001,0.05,0.030000000000000002,0.0,0.0,0.0,0.010000000000000002,0.020000000000000004,0.1,0.010000000000000002,0,0,0.9444444444444444,0.1111111111111111,2,0.002564102564102564,1,0.0,0.0,5.406522222222222,medium,6.039,0,0,1,0,1,0,0,0,0,0,1,1,0,0,0,0,0,1,0,0,0
286,145,1,5d482eaa21c9be351f763db4,2020-07-24 00:04:50.637000+00:00,initially i felt like they arent the asshole because the partner has been actively excluding them when they are a guest,0.6,0,0.0,5,initially i felt like they arent the asshole because the partner has been actively excluding them when they are a guest,8,21,119,1,0.6121451187494011,0.4780368140765222,0.0,0.0,0.0,0.019999999999999997,0.0,0.0,0.0,0.0,0.009999999999999998,0.0,0.0,0.009999999999999998,0.009999999999999998,0.0,0.0,0.0,0.0,0.0,0.0,0.0,0.019999999999999997,0.009999999999999998,0.009999999999999998,0.03,0.0,0.019999999999999997,0.019999999999999997,0.0,0.0,0.0,0.05,0.0,0.0,0.0,0.0,0.009999999999999998,0.009999999999999998,0.009999999999999998,0.009999999999999998,0.0,0.009999999999999998,0.05,0.019999999999999997,0.03,0.009999999999999998,0.039999999999999994,0.03,0.0,0.0,0.009999999999999998,0.0,0.019999999999999997,0.009999999999999998,0.12,0.0,0,0,0.9047619047619048,0.047619047619047616,3,0.00015518311607697082,0,0.3,-0.06666666666666667,1.0415999999999999,easy,9.065,0,0,1,0,1,0,0,0,0,0,1,0,0,0,0,0,0,1,0,0,0
287,145,3,5d482ea721c9be351f762c60,2020-07-24 00:33:34.330000+00:00,the op is trying to keep the waters calm i dont think they are the asshole,0.6,0,0.0,5,the op is trying to keep the waters calm. i don't think they are the asshole.,1,16,74,1,0.1224036521959934,0.060770215308681846,0.0,0.0,0.0,0.0,0.0,0.0,0.0,0.01,0.0,0.0,0.0,0.01,0.01,0.0,0.0,0.0,0.0,0.0,0.0,0.0,0.01,0.01,0.0,0.05,0.0,0.0,0.0,0.0,0.01,0.0,0.01,0.0,0.0,0.0,0.0,0.0,0.01,0.01,0.0,0.0,0.0,0.05,0.0,0.030000000000000002,0.0,0.030000000000000002,0.02,0.01,0.0,0.0,0.0,0.01,0.01,0.08,0.0,0,0,0.875,0.0625,0,0.0,0,0.75,0.30000000000000004,0.7936,easy,0.0,0,0,1,0,1,0,0,0,0,0,1,0,0,0,0,0,0,1,0,0,0
287,145,3,5f19b2d446a7f03dda9a3497,2020-07-24 00:33:52.019000+00:00,i think that she is the asshole even if she was just trying to make sure her husband felt comfortable,0.6,0,0.0,5,i think that she is the asshole even if she was just trying to make sure her husband felt comfortable.,2,20,101,1,0.5141968254387196,0.5853131263941468,0.01,0.0,0.0,0.01,0.01,0.0,0.0,0.01,0.02,0.0,0.03,0.0,0.01,0.0,0.0,0.0,0.0,0.01,0.0,0.0,0.02,0.02,0.0,0.03,0.0,0.02,0.0,0.0,0.0,0.0,0.04,0.01,0.0,0.0,0.0,0.01,0.01,0.01,0.01,0.01,0.02,0.05,0.0,0.01,0.01,0.02,0.06,0.01,0.0,0.01,0.0,0.01,0.01,0.11,0.0,0,0,0.95,0.05,3,0.00582382010298204,0,0.8444444444444444,0.45,0.992,easy,17.689,0,0,1,0,1,0,0,0,0,0,0,1,0,0,0,0,0,1,0,0,0
287,145,3,5d482ea721c9be351f762c60,2020-07-24 00:33:55.564000+00:00,however peoplepleasing will give the you title of asshole,0.6,0,0.0,5,"however, people-pleasing will give the you title of asshole.",3,9,57,1,-0.4652861076680959,-0.7260441513195155,0.0,0.0,0.0,0.009999999999999998,0.0,0.0,0.0,0.0,0.009999999999999998,0.0,0.0,0.0,0.009999999999999998,0.0,0.0,0.0,0.0,0.0,0.0,0.0,0.0,0.0,0.009999999999999998,0.009999999999999998,0.009999999999999998,0.0,0.0,0.0,0.0,0.0,0.029999999999999995,0.0,0.0,0.0,0.0,0.0,0.009999999999999998,0.0,0.0,0.0,0.0,0.019999999999999997,0.0,0.009999999999999998,0.0,0.009999999999999998,0.0,0.009999999999999998,0.0,0.0,0.009999999999999998,0.0,0.0,0.039999999999999994,0.0,0,0,1.0,0.0,1,0.0003202049311559398,0,0.0,0.0,0.44639999999999996,easy,3.545,0,0,0,0,0,0,0,0,0,0,0,0,1,0,0,0,0,0,0,0,0
287,145,3,5d482eaa21c9be351f763db4,2020-07-24 00:33:56.554000+00:00,i think he is the asshole for not being considerate of his parents when they are guests  there are ways to balance keeping his husband comfortable and including his mom,0.6,0,0.0,5,"i think he is the asshole, for not being considerate of his parents when they are guests.  there are ways to balance keeping his husband comfortable and including his mom.",4,30,168,1,1.4936797585455353,1.896670404107809,0.0,0.0,0.0,0.019999999999999997,0.0,0.019999999999999997,0.0,0.0,0.019999999999999997,0.0,0.039999999999999994,0.009999999999999998,0.009999999999999998,0.0,0.0,0.0,0.0,0.03,0.0,0.0,0.019999999999999997,0.009999999999999998,0.0,0.039999999999999994,0.0,0.0,0.009999999999999998,0.0,0.009999999999999998,0.0,0.09,0.0,0.0,0.0,0.0,0.0,0.009999999999999998,0.009999999999999998,0.0,0.0,0.009999999999999998,0.049999999999999996,0.009999999999999998,0.009999999999999998,0.009999999999999998,0.039999999999999994,0.049999999999999996,0.03,0.0,0.0,0.0,0.019999999999999997,0.009999999999999998,0.18,0.0,0,0,0.9,0.03333333333333333,2,0.0003202049311559398,0,0.8,0.4,2.0143333333333335,easy,0.99,0,0,1,0,1,0,0,0,0,0,0,1,0,0,0,0,0,1,0,0,0
287,145,3,5d482ea721c9be351f762f15,2020-07-24 00:34:04.137000+00:00,i agree i dont think the guy is the asshole,0.6,0,0.0,5,"i agree, i don't think the guy is the asshole",5,10,43,1,-0.5632344009787775,-0.8571798790908818,0.0,0.0,0.0,0.0,0.0,0.0,0.0,0.0,0.0,0.0,0.0,0.01,0.01,0.0,0.0,0.0,0.0,0.0,0.0,0.0,0.01,0.01,0.01,0.03,0.0,0.0,0.0,0.0,0.0,0.0,0.01,0.0,0.0,0.0,0.0,0.0,0.01,0.02,0.0,0.0,0.0,0.03,0.0,0.02,0.0,0.02,0.01,0.0,0.0,0.0,0.0,0.0,0.02,0.049999999999999996,0.0,0,0,0.8,0.2,3,0.0009790032190590103,0,0.0,0.0,0.496,easy,7.583,0,0,1,0,1,0,0,0,0,0,1,1,0,0,0,0,0,0,0,0,0
287,145,3,5d482eab21c9be351f764144,2020-07-24 00:34:11.495000+00:00,i dont think they are either,0.6,0,0.0,5,i don't think they are either.,6,6,28,1,-0.8570792809108222,-1.2505870624049804,0.0,0.0,0.0,0.0,0.0,0.0,0.0,0.0,0.0,0.0,0.0,0.01,0.0,0.0,0.0,0.0,0.0,0.0,0.0,0.01,0.0,0.01,0.0,0.030000000000000002,0.0,0.0,0.0,0.0,0.0,0.0,0.01,0.0,0.0,0.0,0.0,0.0,0.0,0.01,0.0,0.0,0.01,0.030000000000000002,0.0,0.0,0.0,0.02,0.02,0.0,0.0,0.0,0.0,0.0,0.01,0.030000000000000002,0.0,0,0,1.0,0.16666666666666666,1,0.0005036151718260998,0,0.0,0.0,0.2976,easy,7.358,0,0,1,0,1,0,0,0,0,0,0,1,0,0,0,0,0,0,0,0,0
287,145,3,5d482ea721c9be351f762c60,2020-07-24 00:34:12.346000+00:00,he can have a conversation with them individually,0.6,0,0.0,5,he can have a conversation with them individually.,7,8,49,1,-0.5632344009787775,-0.8571798790908818,0.0,0.0,0.0,0.0,0.0,0.009999999999999998,0.0,0.0,0.0,0.0,0.009999999999999998,0.0,0.0,0.0,0.0,0.0,0.0,0.0,0.0,0.0,0.0,0.0,0.009999999999999998,0.019999999999999997,0.0,0.0,0.0,0.0,0.0,0.0,0.039999999999999994,0.0,0.0,0.0,0.0,0.0,0.0,0.0,0.0,0.0,0.0,0.019999999999999997,0.0,0.009999999999999998,0.0,0.019999999999999997,0.009999999999999998,0.009999999999999998,0.0,0.0,0.0,0.009999999999999998,0.0,0.06,0.0,0,0,1.0,0.0,0,0.0,0,0.4,0.0,7.9808,difficult,0.851,0,0,0,0,0,0,0,0,0,0,0,0,0,0,0,0,0,0,0,0,0
287,145,3,5d482eab21c9be351f764144,2020-07-24 00:34:38.138000+00:00,im sure when speaking english the other guy probably feels just as uncomfortable as a nonnative speaker,0.6,0,0.0,5,i'm sure when speaking english the other guy probably feels just as uncomfortable as a non-native speaker,8,17,103,1,0.31830023881735653,0.3230416708514143,0.0,0.02,0.0,0.030000000000000002,0.01,0.0,0.0,0.0,0.030000000000000002,0.01,0.0,0.0,0.0,0.0,0.0,0.0,0.0,0.0,0.0,0.0,0.01,0.01,0.01,0.01,0.0,0.0,0.01,0.0,0.0,0.0,0.02,0.01,0.0,0.0,0.0,0.0,0.0,0.0,0.01,0.01,0.01,0.01,0.0,0.02,0.01,0.0,0.04,0.02,0.0,0.030000000000000002,0.0,0.01,0.0,0.06999999999999999,0.01,0,0,0.9411764705882353,0.0,1,0.0,1,0.5659722222222222,-0.03125,5.408523529411765,medium,25.792,0,0,1,0,1,0,0,0,0,0,0,1,0,0,0,0,0,0,1,0,0
287,145,3,5f19b2d446a7f03dda9a3497,2020-07-24 00:34:38.221000+00:00,i think that op could have spent time with their mother to ensure that they were able to have meaningful conversations,0.6,0,0.0,5,i think that op could have spent time with their mother to ensure that they were able to have meaningful conversations.,9,21,118,1,0.6121451187494011,0.716448854165513,0.01,0.0,0.0,0.0,0.0,0.01,0.0,0.01,0.0,0.0,0.0,0.0,0.0,0.0,0.0,0.0,0.0,0.01,0.0,0.0,0.0,0.02,0.0,0.03,0.0,0.02,0.01,0.0,0.0,0.0,0.04,0.02,0.0,0.0,0.01,0.0,0.0,0.01,0.0,0.0,0.0,0.06,0.0,0.0,0.0,0.04,0.04,0.03,0.0,0.0,0.0,0.01,0.01,0.11,0.0,0,0,0.8571428571428571,0.047619047619047616,0,0.0,0,0.4083333333333334,0.3,1.793504761904762,easy,0.083,0,0,1,0,1,0,0,0,0,0,0,1,0,0,0,0,0,1,0,0,0
287,145,3,5d482ea721c9be351f762c60,2020-07-24 00:34:41.882000+00:00,to expect someone to speak a language they arent confident with makes one an asshole,0.6,0,0.0,5,to expect someone to speak a language they aren't confident with makes one an asshole.,10,15,84,1,0.1224036521959934,0.060770215308681846,0.009999999999999998,0.009999999999999998,0.0,0.0,0.009999999999999998,0.009999999999999998,0.0,0.009999999999999998,0.0,0.0,0.0,0.009999999999999998,0.009999999999999998,0.0,0.0,0.0,0.0,0.0,0.0,0.0,0.009999999999999998,0.0,0.0,0.019999999999999997,0.0,0.0,0.0,0.0,0.0,0.0,0.039999999999999994,0.009999999999999998,0.0,0.0,0.0,0.009999999999999998,0.009999999999999998,0.0,0.0,0.009999999999999998,0.0,0.019999999999999997,0.0,0.019999999999999997,0.0,0.009999999999999998,0.049999999999999996,0.03,0.0,0.009999999999999998,0.0,0.019999999999999997,0.0,0.06,0.0,0,0,0.9333333333333333,0.0,4,0.0,0,0.8333333333333334,0.5,0.744,easy,3.661,0,0,0,0,0,0,0,0,0,0,0,0,0,0,0,0,0,1,0,0,0
287,145,3,5d482ea721c9be351f762f15,2020-07-24 00:34:43.726000+00:00,i think the mother did very little to try to be part of the conversation and just demanded and gave a sob story about how much she felt left out she acted immature,0.6,0,0.0,5,i think the mother did very little to try to be part of the conversation and just demanded and gave a sob story about how much she felt left out. she acted immature,11,33,163,1,1.7875246384775798,2.2900775874219073,0.0,0.0,0.0,0.03,0.0,0.03,0.0,0.01,0.04,0.0,0.02,0.0,0.01,0.0,0.0,0.0,0.0,0.01,0.0,0.02,0.0,0.02,0.0,0.02,0.0,0.03,0.03,0.0,0.0,0.01,0.06,0.0,0.0,0.0,0.0,0.01,0.0,0.01,0.01,0.0,0.01,0.06,0.0,0.03,0.03,0.02,0.08,0.049999999999999996,0.0,0.01,0.0,0.01,0.01,0.18,0.0,0,0,0.8787878787878788,0.030303030303030304,3,0.0,0,0.2833333333333334,-0.014583333333333337,2.1152848484848485,easy,1.844,0,0,1,0,1,0,0,0,0,0,0,1,0,0,0,0,0,0,1,0,0
288,146,0,5f1a192246a7f03dda9a6305,2020-07-23 23:41:41.622000+00:00,so i personally think that it would not have been that difficult to include both the husband and the mother in the conversation,1.0,2,0.285714286,7,"so, i personally think that it would not have been that difficult to include both the husband and the mother in the conversation.",1,23,127,1,0.8080417053707643,0.4327608459312425,0.01,0.0,0.0,0.02,0.0,0.03,0.0,0.0,0.01,0.0,0.0,0.01,0.0,0.0,0.0,0.0,0.0,0.02,0.01,0.01,0.0,0.01,0.0,0.02,0.01,0.01,0.02,0.0,0.0,0.0,0.03,0.03,0.0,0.0,0.0,0.0,0.0,0.01,0.0,0.0,0.01,0.04,0.0,0.03,0.02,0.03,0.06,0.02,0.0,0.0,0.0,0.0,0.01,0.15,0.0,0,0,0.8695652173913043,0.043478260869565216,0,0.0,0,0.65,-0.25,1.8273217391304348,easy,0.0,0,0,1,0,1,0,0,0,0,0,1,0,0,0,0,0,1,0,1,0,0
288,146,0,5d482eab21c9be351f7640fa,2020-07-23 23:42:03.570000+00:00,i agree with that,1.0,2,0.285714286,7,i agree with that,2,4,17,1,-1.0529758675321852,-1.0794149835296507,0.0,0.0,0.0,0.0,0.0,0.01,0.0,0.0,0.0,0.0,0.0,0.0,0.0,0.0,0.0,0.0,0.0,0.0,0.0,0.0,0.01,0.0,0.0,0.0,0.0,0.0,0.0,0.0,0.0,0.0,0.0,0.01,0.0,0.0,0.0,0.0,0.0,0.01,0.0,0.0,0.0,0.0,0.0,0.0,0.0,0.0,0.01,0.01,0.0,0.0,0.0,0.0,0.01,0.030000000000000006,0.0,0,0,1.0,0.25,1,0.00015518311607697082,0,0.0,0.0,0.1984,easy,21.948,0,0,0,0,0,0,0,0,0,0,0,1,0,0,0,0,0,0,0,0,0
288,146,0,5d482eab21c9be351f76424b,2020-07-23 23:42:10.798000+00:00,i think its rude to go to someone elses home and speak another language,1.0,2,0.285714286,7,i think it's rude to go to someone elses home and speak another language,3,14,71,1,-0.07349293442536971,-0.2835329680239175,0.0,0.01,0.01,0.01,0.0,0.01,0.0,0.0,0.0,0.0,0.0,0.0,0.0,0.0,0.0,0.0,0.0,0.0,0.01,0.0,0.0,0.01,0.0,0.02,0.0,0.0,0.01,0.0,0.0,0.0,0.03,0.02,0.0,0.0,0.0,0.0,0.01,0.01,0.0,0.01,0.0,0.02,0.0,0.0,0.01,0.0,0.03,0.02,0.0,0.01,0.0,0.0,0.01,0.05,0.0,0,0,0.9285714285714286,0.07142857142857142,0,0.00015518311607697082,0,0.6,-0.3,0.6944,easy,7.228,0,0,1,0,1,0,0,0,0,0,0,1,0,0,0,0,0,0,1,0,0
288,146,0,5d482eab21c9be351f7640fa,2020-07-23 23:42:13.969000+00:00,talk to the husband in german and then fill the mother in on what was said,1.0,2,0.285714286,7,talk to the husband in german and then fill the mother in on what was said,4,16,74,1,0.22035194550667497,-0.044768363372197494,0.0,0.01,0.0,0.02,0.0,0.01,0.0,0.0,0.0,0.0,0.0,0.0,0.0,0.0,0.0,0.0,0.0,0.02,0.0,0.0,0.0,0.0,0.0,0.0,0.0,0.02,0.05,0.0,0.0,0.0,0.04,0.01,0.0,0.0,0.0,0.0,0.0,0.0,0.0,0.0,0.0,0.02,0.0,0.02,0.01,0.01,0.01,0.04,0.0,0.01,0.0,0.0,0.0,0.1,0.0,0,0,0.875,0.0,2,0.0,0,0.0,0.0,0.7936,easy,3.171,0,0,0,0,0,0,0,0,0,0,0,0,0,0,0,0,0,0,0,0,0
288,146,0,5f13234c2ce49169326082eb,2020-07-23 23:42:22.296000+00:00,i somewhat agree in this seems to be a case where not enough effort is being put into reaching a compromise or a solution,1.0,2,0.285714286,7,i somewhat agree in this seems to be a case where not enough effort is being put into reaching a compromise or a solution,5,24,121,1,0.9059899986814458,0.5123490474818158,0.0,0.0,0.0,0.01,0.0,0.01,0.0,0.02,0.01,0.0,0.0,0.01,0.0,0.0,0.0,0.0,0.0,0.0,0.0,0.02,0.01,0.02,0.0,0.02,0.0,0.0,0.04,0.0,0.0,0.0,0.0,0.01,0.0,0.0,0.0,0.01,0.0,0.01,0.0,0.03,0.02,0.04,0.0,0.03,0.0,0.03,0.06,0.03,0.0,0.0,0.0,0.04,0.01,0.14,0.0,0,0,0.9166666666666666,0.041666666666666664,2,0.0,0,0.5,0.0,1.1904,easy,8.327,0,0,1,0,0,0,0,0,0,0,0,1,0,0,0,0,0,1,0,0,0
288,146,0,5f1a192246a7f03dda9a6305,2020-07-23 23:42:30.195000+00:00,i agree with livelybison ,1.0,2,0.285714286,7,i agree with livelybison ,6,4,25,1,-1.0529758675321852,-1.0794149835296507,0.0,0.0,0.0,0.0,0.0,0.01,0.0,0.0,0.0,0.0,0.0,0.0,0.0,0.0,0.0,0.0,0.0,0.0,0.0,0.0,0.02,0.0,0.0,0.0,0.0,0.0,0.0,0.0,0.0,0.0,0.0,0.0,0.0,0.0,0.0,0.0,0.0,0.01,0.0,0.0,0.0,0.0,0.0,0.0,0.0,0.0,0.01,0.01,0.0,0.0,0.0,0.0,0.01,0.02,0.0,0,0,1.0,0.25,0,0.0009603360951429933,0,0.0,0.0,0.1984,easy,7.899,0,0,0,0,0,0,0,0,0,0,0,1,0,0,0,0,0,0,0,0,0
288,146,0,5f13228e2ce49169326082d0,2020-07-23 23:42:31.569000+00:00,i agree there are ways to include both the mother and husband there are options such as google translate etc,1.0,2,0.285714286,7,"i agree, there are ways to include both the mother and husband. there are options such as google translate, etc",7,20,108,1,0.5141968254387196,0.19399624127952247,0.0,0.0,0.0,0.02,0.0,0.03,0.0,0.0,0.03,0.0,0.0,0.0,0.0,0.0,0.0,0.0,0.0,0.02,0.0,0.02,0.01,0.0,0.0,0.02,0.0,0.0,0.01,0.0,0.0,0.0,0.02,0.0,0.0,0.0,0.0,0.0,0.0,0.01,0.0,0.0,0.0,0.02,0.0,0.01,0.01,0.02,0.03,0.02,0.0,0.0,0.0,0.0,0.01,0.11,0.0,0,0,0.9,0.05,0,0.0009603360951429933,0,0.5,0.0,0.992,easy,1.374,0,0,0,0,0,0,0,0,0,0,0,1,0,0,0,0,0,0,0,0,0
288,146,0,5f1a1a9e46a7f03dda9a6500,2020-07-23 23:42:45.037000+00:00,i agree opengorilla  i cant imagine going to my parents hous eand purposefully speaking so they cant undesrstand it,1.0,2,0.285714286,7,i agree opengorilla ‚äì i can't imagine going to my parents hous eand purposefully speaking so they can't undesrstand it.,8,19,115,1,0.22035194550667497,-0.044768363372197494,0.0,0.01,0.0,0.01,0.0,0.0,0.0,0.01,0.01,0.0,0.0,0.02,0.0,0.0,0.0,0.0,0.0,0.01,0.0,0.0,0.01,0.01,0.0,0.02,0.0,0.0,0.01,0.0,0.0,0.0,0.029999999999999995,0.01,0.0,0.0,0.0,0.01,0.0,0.029999999999999995,0.0,0.0,0.0,0.02,0.0,0.0,0.01,0.02,0.02,0.01,0.0,0.01,0.0,0.0,0.029999999999999995,0.06999999999999999,0.0,0,0,0.8947368421052632,0.15789473684210525,1,0.0011155192112199642,0,0.0,0.0,0.9424,easy,13.468,0,0,0,0,0,0,0,0,0,0,1,1,0,0,0,0,0,0,0,0,0
289,146,1,5d482eab21c9be351f7640fa,2020-07-23 23:56:14.386000+00:00,i feel like she was not being an asshole at all seemed like she handled the situation very well,0.75,2,0.25,8,i feel like she was not being an asshole at all seemed like she handled the situation very well,1,19,95,1,0.4162485321280381,0.4861371251562671,0.0,0.0,0.0,0.0,0.009999999999999998,0.0,0.0,0.0,0.019999999999999997,0.0,0.019999999999999997,0.009999999999999998,0.009999999999999998,0.0,0.0,0.0,0.0,0.0,0.0,0.0,0.03,0.019999999999999997,0.0,0.009999999999999998,0.0,0.019999999999999997,0.009999999999999998,0.0,0.0,0.0,0.019999999999999997,0.0,0.0,0.0,0.0,0.0,0.009999999999999998,0.009999999999999998,0.009999999999999998,0.009999999999999998,0.009999999999999998,0.039999999999999994,0.0,0.019999999999999997,0.009999999999999998,0.019999999999999997,0.039999999999999994,0.009999999999999998,0.0,0.009999999999999998,0.0,0.03,0.009999999999999998,0.11,0.0,0,0,0.8947368421052632,0.05263157894736842,0,0.0,0,0.3,0.2,0.9424,easy,0.0,0,0,1,0,1,0,0,0,0,0,0,1,0,0,0,0,0,1,0,0,0
289,146,1,5f1a192246a7f03dda9a6305,2020-07-23 23:56:24.951000+00:00,i think that this person was being ta because she could have said that in a much nicer way they may not have even realized they were excluding her,0.75,2,0.25,8,"i think that this person was being ta, because she could have said that in a much nicer way they may not have even realized they were excluding her",2,29,146,1,1.3957314652348536,1.4838858099748065,0.009999999999999998,0.009999999999999998,0.0,0.009999999999999998,0.0,0.0,0.0,0.0,0.009999999999999998,0.0,0.019999999999999997,0.009999999999999998,0.0,0.0,0.0,0.0,0.0,0.0,0.0,0.009999999999999998,0.009999999999999998,0.019999999999999997,0.009999999999999998,0.03,0.009999999999999998,0.03,0.019999999999999997,0.0,0.0,0.0,0.06,0.03,0.0,0.0,0.0,0.009999999999999998,0.0,0.009999999999999998,0.0,0.009999999999999998,0.019999999999999997,0.09,0.0,0.009999999999999998,0.009999999999999998,0.06999999999999999,0.06999999999999999,0.009999999999999998,0.0,0.009999999999999998,0.0,0.019999999999999997,0.009999999999999998,0.16999999999999998,0.0,0,0,0.896551724137931,0.034482758620689655,4,0.00015518311607697082,0,0.2,0.2,1.4384,easy,10.565,0,0,1,0,1,0,0,0,0,0,0,1,0,0,0,0,0,1,0,0,0
289,146,1,5f13234c2ce49169326082eb,2020-07-23 23:56:41.026000+00:00,so long as she is telling the truth which we assume is the case and she did in fact say her feelings nicely she isnt an asshole,0.75,2,0.25,8,"so long as she is telling the truth, which we assume is the case, and she did in fact say her feelings nicely, she isn't an asshole.",3,27,127,1,1.1998348786134905,1.2843360730110986,0.0,0.01,0.0,0.03,0.02,0.02,0.0,0.0,0.01,0.0,0.04,0.01,0.01,0.0,0.0,0.0,0.0,0.0,0.0,0.0,0.02,0.02,0.0,0.03,0.0,0.01,0.02,0.0,0.0,0.0,0.07,0.01,0.0,0.0,0.0,0.0,0.01,0.0,0.01,0.01,0.0,0.04,0.0,0.03,0.02,0.04,0.06,0.02,0.01,0.02,0.0,0.01,0.01,0.16,0.0,0,0,0.8518518518518519,0.037037037037037035,5,0.0,0,0.7,0.27499999999999997,1.3392,easy,16.075,0,0,1,0,1,1,0,0,0,1,0,0,0,0,0,0,1,1,0,0,0
289,146,1,5d482eab21c9be351f76424b,2020-07-23 23:56:48.162000+00:00,i wonder did the son and partner consider they were making things awkward by speaking french when he could clearly speak english,0.75,2,0.25,8,i wonder did the son and partner consider they were making things awkward by speaking french when he could clearly speak english,4,22,128,1,0.7100934120600827,0.7854617306018289,0.01,0.02,0.0,0.02,0.01,0.01,0.0,0.0,0.02,0.01,0.01,0.0,0.0,0.0,0.0,0.0,0.0,0.01,0.0,0.0,0.0,0.02,0.01,0.01,0.0,0.02,0.01,0.0,0.0,0.0,0.06,0.01,0.0,0.0,0.0,0.01,0.0,0.01,0.0,0.01,0.0,0.04,0.01,0.01,0.01,0.03,0.06,0.01,0.0,0.02,0.0,0.02,0.01,0.09,0.0,0,0,1.0,0.045454545454545456,3,0.0,0,0.3458333333333333,-0.12499999999999999,1.0912,easy,7.136,0,0,0,0,0,0,0,0,0,0,0,1,0,0,0,0,0,1,1,0,0
289,146,1,5d482eab21c9be351f7640fa,2020-07-23 23:56:53.104000+00:00,she said she very nicely told them she thought it was rude they were speaking a language she didnt understand seemed ok to me,0.75,2,0.25,8,she said she very nicely told them she thought it was rude they were speaking a language she didnt understand seemed ok to me,5,24,125,1,1.0039382919921274,1.0847863360473908,0.0,0.02,0.0,0.0,0.0,0.0,0.0,0.0,0.01,0.0,0.04,0.01,0.0,0.0,0.0,0.0,0.0,0.0,0.01,0.0,0.02,0.03,0.0,0.01,0.0,0.07,0.0,0.0,0.0,0.0,0.1,0.01,0.0,0.0,0.0,0.0,0.01,0.01,0.0,0.01,0.0,0.08,0.0,0.01,0.0,0.03,0.03,0.01,0.0,0.02,0.0,0.02,0.01,0.13,0.0,0,0,0.875,0.0,2,0.0027472527472527475,0,0.7000000000000001,0.32666666666666666,1.1904,easy,4.942,0,0,1,0,1,0,0,0,0,0,0,0,0,0,0,0,0,1,1,0,0
289,146,1,5f1a1a9e46a7f03dda9a6500,2020-07-23 23:57:00.481000+00:00,same i didnt think the son was necessarily being rude by speaking a few sentences in french the partner could have been telling him he felt sick or something but the son is ta for telling the mom it made things awkward and making a big,0.75,2,0.25,8,"same. i didn't think the son was necessarily being rude by speaking a few sentences in french (the partner could have been telling him he felt sick or something), but the son is ta for telling the mom it made things awkward and making a big",6,46,235,1,3.06085245151644,3.1800585741663236,0.01,0.01,0.0,0.03,0.01,0.01,0.01,0.0,0.0,0.01,0.02,0.01,0.0,0.0,0.01,0.0,0.0,0.03,0.01,0.02,0.0,0.02,0.01,0.03,0.0,0.05,0.02,0.0,0.0,0.0,0.09,0.03,0.0,0.0,0.0,0.02,0.01,0.01,0.01,0.02,0.03,0.1,0.01,0.06,0.02,0.07,0.11,0.03,0.0,0.02,0.0,0.02,0.01,0.23,0.0,0,0,0.8695652173913043,0.021739130434782608,5,0.0053719246632632466,0,0.4727678571428572,-0.2267857142857143,2.6248608695652176,easy,7.377,0,0,1,0,1,0,0,0,0,0,1,0,0,0,0,0,0,0,1,0,0
289,146,1,5f13228e2ce49169326082d0,2020-07-23 23:57:05.011000+00:00,yes itss reasonable that she want to be included because it is her house and they are guests i dont think shes ta,0.75,2,0.25,8,yes its's reasonable that she want to be included because it is her house and they are guests. i dont think shes ta,7,23,113,1,0.8080417053707643,0.8852365990836829,0.009999999999999998,0.0,0.009999999999999998,0.019999999999999997,0.0,0.019999999999999997,0.0,0.0,0.0,0.0,0.029999999999999995,0.009999999999999998,0.0,0.0,0.0,0.0,0.0,0.0,0.0,0.0,0.0,0.019999999999999997,0.0,0.05999999999999999,0.0,0.0,0.0,0.0,0.0,0.0,0.049999999999999996,0.019999999999999997,0.0,0.0,0.0,0.019999999999999997,0.0,0.009999999999999998,0.0,0.0,0.0,0.06999999999999999,0.009999999999999998,0.0,0.029999999999999995,0.049999999999999996,0.05999999999999999,0.009999999999999998,0.0,0.0,0.0,0.009999999999999998,0.009999999999999998,0.11999999999999998,0.0,0,0,1.0,0.043478260869565216,3,0.010920281838492765,0,0.6,0.2,1.1408,easy,4.53,0,0,1,0,1,0,0,0,0,0,1,0,0,0,0,0,1,1,0,0,0
289,146,1,5f1a1a9e46a7f03dda9a6500,2020-07-23 23:57:10.259000+00:00,deal out of nothing i dont think the mom was ta at all,0.75,2,0.25,8,deal out of nothing. i don't think the mom was ta at all.,8,13,54,1,-0.17144122773605125,-0.11251208573485658,0.0,0.0,0.0,0.0,0.01,0.01,0.0,0.0,0.0,0.0,0.0,0.02,0.0,0.0,0.0,0.0,0.0,0.01,0.0,0.0,0.0,0.01,0.0,0.02,0.0,0.01,0.02,0.0,0.0,0.0,0.02,0.0,0.0,0.0,0.0,0.0,0.0,0.01,0.0,0.0,0.0,0.03,0.0,0.01,0.0,0.02,0.03,0.03,0.0,0.0,0.0,0.0,0.01,0.07,0.0,0,0,1.0,0.07692307692307693,1,0.010920281838492765,0,0.0,0.0,0.6447999999999999,easy,5.248,0,0,1,0,1,0,0,0,0,0,1,0,0,0,0,0,0,0,0,0,0
289,146,1,5f1a192246a7f03dda9a6305,2020-07-23 23:57:12.892000+00:00,she said she found it disrespectful they were excluding her ,0.75,2,0.25,8,"she said she ""found it disrespectful they were excluding her"" ",9,10,60,1,-0.36733781435741436,-0.3120618226985645,0.0,0.01,0.0,0.0,0.0,0.0,0.0,0.0,0.0,0.0,0.03,0.0,0.0,0.0,0.0,0.0,0.0,0.0,0.0,0.0,0.0,0.01,0.0,0.0,0.0,0.03,0.0,0.0,0.0,0.0,0.049999999999999996,0.01,0.0,0.0,0.0,0.0,0.0,0.0,0.0,0.0,0.01,0.03,0.0,0.0,0.0,0.01,0.02,0.0,0.0,0.01,0.0,0.0,0.0,0.06,0.0,0,0,0.9,0.0,0,0.0,0,0.0,0.0,0.496,easy,2.633,0,0,0,0,0,0,0,0,0,0,0,0,0,0,0,0,0,0,1,0,0
289,146,1,5d482eab21c9be351f7640fa,2020-07-23 23:57:17.896000+00:00,i agree livelygiraffe,0.75,2,0.25,8,i agree livelygiraffe,10,3,21,1,-1.1509241608428669,-1.110260770553396,0.0,0.0,0.0,0.0,0.0,0.0,0.0,0.0,0.0,0.0,0.0,0.0,0.0,0.0,0.0,0.0,0.0,0.0,0.0,0.0,0.019999999999999997,0.0,0.0,0.0,0.0,0.0,0.0,0.0,0.0,0.0,0.0,0.0,0.0,0.0,0.0,0.0,0.0,0.009999999999999998,0.0,0.0,0.0,0.0,0.0,0.0,0.0,0.0,0.0,0.0,0.0,0.0,0.0,0.0,0.009999999999999998,0.009999999999999998,0.0,0,0,1.0,0.3333333333333333,0,0.0,0,0.0,0.0,0.1488,easy,5.004,0,0,0,0,0,0,0,0,0,0,0,1,0,0,0,0,0,0,0,0,0
289,146,1,5f1a192246a7f03dda9a6305,2020-07-23 23:57:20.125000+00:00,that doesnt sound very nice ,0.75,2,0.25,8,that doesn't sound very nice ,11,5,28,1,-0.8570792809108222,-0.8109361651078342,0.0,0.01,0.0,0.0,0.0,0.0,0.0,0.0,0.01,0.0,0.0,0.01,0.0,0.0,0.0,0.0,0.0,0.0,0.0,0.0,0.01,0.0,0.0,0.01,0.0,0.0,0.0,0.0,0.0,0.0,0.0,0.01,0.0,0.0,0.0,0.0,0.0,0.0,0.0,0.0,0.0,0.01,0.0,0.0,0.0,0.01,0.0,0.0,0.0,0.01,0.0,0.01,0.0,0.02,0.0,0,0,1.0,0.0,0,0.0,0,0.7,0.5900000000000001,0.248,easy,2.229,0,0,0,0,0,0,0,0,0,0,0,0,0,0,0,0,0,1,0,0,0
289,146,1,5f1a1a9e46a7f03dda9a6500,2020-07-23 23:57:33.612000+00:00,curioushippo,0.75,2,0.25,8,curioushippo,12,1,12,1,-1.2488724541535483,-1.21003563903525,0.0,0.0,0.0,0.0,0.0,0.0,0.0,0.0,0.0,0.0,0.0,0.0,0.0,0.0,0.0,0.0,0.0,0.0,0.0,0.0,0.0,0.009999999999999998,0.0,0.0,0.0,0.0,0.0,0.0,0.0,0.0,0.0,0.0,0.0,0.0,0.0,0.0,0.0,0.0,0.0,0.0,0.0,0.0,0.0,0.0,0.0,0.0,0.009999999999999998,0.0,0.0,0.0,0.0,0.0,0.0,0.0,0.0,0,0,1.0,0.0,0,0.0,0,0.0,0.0,0.0496,easy,13.487,0,0,0,0,0,0,0,0,0,0,0,0,0,0,0,0,0,0,0,0,0
290,147,0,5f18bbea46a7f03dda99c934,2020-07-23 23:34:55.113000+00:00,i feel the writer is the asshole in this situation,1.0,2,0.285714286,7,i feel the writer is the asshole in this situation,1,10,50,1,-0.4652861076680959,-0.294385650475661,0.0,0.0,0.0,0.0,0.0,0.0,0.0,0.0,0.0,0.0,0.0,0.0,0.01,0.0,0.0,0.0,0.0,0.0,0.0,0.0,0.0,0.01,0.0,0.02,0.0,0.0,0.01,0.0,0.0,0.0,0.0,0.01,0.0,0.0,0.0,0.0,0.01,0.01,0.01,0.0,0.0,0.02,0.0,0.02,0.0,0.01,0.01,0.01,0.0,0.01,0.0,0.0,0.01,0.06,0.0,0,0,0.9,0.1,0,0.0,0,0.0,0.0,0.496,easy,0.0,0,0,1,0,1,0,0,0,0,0,0,1,0,0,0,0,0,0,0,0,0
290,147,0,5d482ea821c9be351f7633a5,2020-07-23 23:35:03.081000+00:00,yes i think she is an asshole,1.0,2,0.285714286,7,"yes, i think she is an asshole",2,7,29,1,-0.7591309876001406,-0.7164252555823607,0.0,0.0,0.0,0.0,0.0,0.0,0.0,0.0,0.0,0.0,0.009999999999999998,0.0,0.009999999999999998,0.0,0.0,0.0,0.0,0.0,0.0,0.0,0.0,0.009999999999999998,0.0,0.019999999999999997,0.0,0.0,0.0,0.0,0.0,0.0,0.009999999999999998,0.0,0.0,0.0,0.0,0.0,0.009999999999999998,0.009999999999999998,0.0,0.0,0.0,0.019999999999999997,0.0,0.009999999999999998,0.009999999999999998,0.009999999999999998,0.009999999999999998,0.0,0.0,0.0,0.0,0.0,0.009999999999999998,0.039999999999999994,0.0,0,0,1.0,0.14285714285714285,1,0.0004753880472329106,0,0.0,0.0,0.3472,easy,7.968,0,0,1,0,1,0,0,0,0,0,1,0,0,0,0,0,0,0,0,0,0
290,147,0,5d482ea921c9be351f76382b,2020-07-23 23:35:09.700000+00:00,i agree i think he was the asshole too,1.0,2,0.285714286,7,"i agree, i think he was the asshole too.",3,9,38,1,-0.6611826942894591,-0.5757453872134608,0.0,0.0,0.0,0.0,0.0,0.0,0.0,0.0,0.01,0.0,0.01,0.0,0.01,0.0,0.0,0.0,0.0,0.0,0.0,0.0,0.01,0.01,0.0,0.01,0.0,0.01,0.0,0.0,0.0,0.0,0.01,0.0,0.0,0.0,0.0,0.0,0.01,0.02,0.0,0.0,0.0,0.02,0.0,0.01,0.0,0.01,0.01,0.0,0.0,0.0,0.0,0.0,0.02,0.06,0.0,0,0,0.8888888888888888,0.2222222222222222,0,0.0009790032190590103,0,0.0,0.0,0.44639999999999996,easy,6.619,0,0,1,0,1,0,0,0,0,0,1,1,0,0,0,0,0,0,0,0,0
290,147,0,5f18c56846a7f03dda99d7ab,2020-07-23 23:35:16.308000+00:00,i feel like this person is the asshole i know his husband feels uncomfortable finding the right words but you wont learn if you dont practice,1.0,2,0.285714286,7,i feel like this person is the asshole. i know his husband feels uncomfortable finding the right words but you won't learn if you don't practice,4,26,141,1,1.0039382919921274,1.8158123750578374,0.009999999999999998,0.0,0.0,0.019999999999999997,0.0,0.0,0.0,0.009999999999999998,0.0,0.009999999999999998,0.009999999999999998,0.019999999999999997,0.009999999999999998,0.0,0.0,0.0,0.0,0.009999999999999998,0.0,0.0,0.009999999999999998,0.05,0.009999999999999998,0.05,0.009999999999999998,0.0,0.009999999999999998,0.0,0.0,0.0,0.05,0.009999999999999998,0.0,0.019999999999999997,0.0,0.0,0.009999999999999998,0.019999999999999997,0.019999999999999997,0.009999999999999998,0.019999999999999997,0.06,0.0,0.019999999999999997,0.009999999999999998,0.03,0.06999999999999999,0.0,0.0,0.019999999999999997,0.019999999999999997,0.019999999999999997,0.019999999999999997,0.11,0.0,0,0,0.8846153846153846,0.07692307692307693,2,0.0006305711633098814,0,0.7678571428571428,-0.10714285714285715,1.8969076923076922,easy,6.608,0,0,1,0,1,0,0,0,0,0,1,1,1,0,0,0,0,1,1,0,0
290,147,0,5d482ea821c9be351f7633a5,2020-07-23 23:35:17.441000+00:00,its just for the weekend she can speak english infront of her mother,1.0,2,0.285714286,7,"its just for the weekend, she can speak english infront of her mother",5,13,68,1,-0.07349293442536971,0.2683338229999386,0.0,0.01,0.0,0.0,0.0,0.0,0.0,0.0,0.01,0.0,0.02,0.0,0.0,0.0,0.0,0.0,0.0,0.01,0.0,0.0,0.0,0.0,0.0,0.01,0.0,0.0,0.01,0.0,0.0,0.0,0.04,0.01,0.0,0.0,0.0,0.0,0.0,0.0,0.0,0.0,0.01,0.01,0.0,0.01,0.01,0.01,0.01,0.02,0.0,0.01,0.0,0.0,0.0,0.08,0.0,0,0,1.0,0.0,1,0.0,0,0.0,0.0,0.6447999999999999,easy,1.133,0,0,0,0,0,0,0,0,0,0,0,0,0,0,0,0,0,0,0,0,0
290,147,0,5f18cc2046a7f03dda99ece2,2020-07-23 23:35:25.472000+00:00,yes me to the writer is an asshole because he lived in his mother house,1.0,2,0.285714286,7,yes me to the writer is an asshole because he lived in his mother house,6,15,71,1,0.024455358885311848,0.4090136913688385,0.0,0.0,0.01,0.01,0.0,0.0,0.0,0.0,0.0,0.0,0.02,0.0,0.01,0.0,0.0,0.0,0.0,0.01,0.0,0.0,0.0,0.0,0.0,0.01,0.0,0.01,0.01,0.0,0.0,0.0,0.03,0.0,0.0,0.0,0.0,0.01,0.01,0.01,0.0,0.0,0.0,0.02,0.0,0.02,0.02,0.01,0.01,0.02,0.0,0.0,0.0,0.0,0.01,0.09,0.0,0,0,1.0,0.06666666666666667,1,0.0008496176720475786,0,0.0,0.0,0.744,easy,8.031,0,0,0,0,0,0,0,0,0,0,0,0,0,0,0,0,0,0,0,0,0
290,147,0,5d482ea821c9be351f7633a5,2020-07-23 23:35:28.473000+00:00,he understands english just shy about it,1.0,2,0.285714286,7,"he understands english, just shy about it",7,7,40,1,-0.6611826942894591,-0.5757453872134608,0.0,0.0,0.0,0.0,0.0,0.0,0.0,0.0,0.020000000000000004,0.010000000000000002,0.010000000000000002,0.0,0.0,0.0,0.0,0.0,0.0,0.0,0.010000000000000002,0.0,0.0,0.010000000000000002,0.0,0.010000000000000002,0.0,0.0,0.0,0.0,0.0,0.0,0.010000000000000002,0.010000000000000002,0.0,0.0,0.0,0.0,0.0,0.0,0.0,0.0,0.010000000000000002,0.010000000000000002,0.0,0.0,0.010000000000000002,0.0,0.020000000000000004,0.010000000000000002,0.0,0.0,0.0,0.0,0.0,0.04000000000000001,0.0,0,0,1.0,0.0,1,0.0,0,0.25,-0.25,0.3472,easy,3.001,0,0,0,0,0,0,0,0,0,0,0,0,0,0,0,0,0,0,0,0,0
290,147,0,5f18c56846a7f03dda99d7ab,2020-07-23 23:35:31.162000+00:00,they should make a better attempt to bond with the mother,1.0,2,0.285714286,7,they should make a better attempt to bond with the mother,8,11,57,1,-0.2693895210467328,-0.013025913737861222,0.009999999999999998,0.0,0.0,0.0,0.0,0.009999999999999998,0.0,0.019999999999999997,0.0,0.0,0.0,0.0,0.0,0.0,0.0,0.0,0.0,0.009999999999999998,0.0,0.0,0.009999999999999998,0.0,0.0,0.009999999999999998,0.009999999999999998,0.0,0.0,0.0,0.0,0.0,0.019999999999999997,0.0,0.0,0.0,0.0,0.009999999999999998,0.0,0.0,0.0,0.0,0.0,0.019999999999999997,0.0,0.019999999999999997,0.0,0.009999999999999998,0.029999999999999995,0.019999999999999997,0.0,0.0,0.0,0.019999999999999997,0.0,0.05999999999999999,0.0,0,0,1.0,0.0,0,0.0,0,0.5,0.5,0.5456,easy,2.689,0,0,1,0,0,0,0,0,0,0,0,0,0,0,0,0,0,1,0,0,0
290,147,0,5f19ac6246a7f03dda9a27ef,2020-07-23 23:35:32.103000+00:00,i think her husband is  if they are going to live in both countries he needs to speak english and not be shy,1.0,2,0.285714286,7,i think her husband is.  if they are going to live in both countries he needs to speak english and not be shy.,9,23,108,1,0.8080417053707643,1.5344526383200376,0.02,0.01,0.0,0.02,0.0,0.02,0.0,0.0,0.0,0.01,0.02,0.01,0.0,0.0,0.0,0.0,0.0,0.01,0.01,0.01,0.0,0.01,0.0,0.04,0.0,0.0,0.04,0.0,0.0,0.0,0.05,0.0,0.0,0.0,0.0,0.0,0.0,0.01,0.0,0.01,0.02,0.05,0.0,0.0,0.01,0.03,0.06,0.03,0.0,0.01,0.0,0.0,0.01,0.14,0.0,0,0,0.9565217391304348,0.043478260869565216,3,0.0,0,0.3333333333333333,-0.12121212121212122,1.1408,easy,0.941,0,0,1,0,1,0,0,0,0,0,0,1,0,0,0,0,0,0,0,0,0
290,147,0,5d482eaa21c9be351f763dd0,2020-07-23 23:35:33.144000+00:00,agreed  i sympathize with the husband but at least he can follow somewhat,1.0,2,0.285714286,7,"agreed.  i sympathize with the husband, but at least he can follow somewhat.",10,13,73,1,-0.17144122773605125,0.12765395463103868,0.0,0.0,0.0,0.009999999999999998,0.0,0.009999999999999998,0.0,0.0,0.0,0.0,0.009999999999999998,0.0,0.0,0.0,0.0,0.0,0.0,0.009999999999999998,0.0,0.019999999999999997,0.009999999999999998,0.0,0.0,0.019999999999999997,0.0,0.0,0.019999999999999997,0.0,0.0,0.0,0.019999999999999997,0.0,0.0,0.0,0.0,0.0,0.0,0.009999999999999998,0.0,0.009999999999999998,0.009999999999999998,0.019999999999999997,0.0,0.009999999999999998,0.009999999999999998,0.009999999999999998,0.03,0.019999999999999997,0.0,0.0,0.0,0.0,0.009999999999999998,0.06999999999999999,0.0,0,0,1.0,0.07692307692307693,1,0.0008829851539226769,0,0.4,-0.3,0.6447999999999999,easy,1.041,0,0,1,0,0,0,0,0,0,0,1,0,0,0,0,0,0,0,0,0,0
290,147,0,5f18cc2046a7f03dda99ece2,2020-07-23 23:35:39.043000+00:00,he is not the owner so he needed to respect his mother,1.0,2,0.285714286,7,he is not the owner so he needed to respect his mother,11,12,54,1,-0.17144122773605125,0.12765395463103868,0.01,0.0,0.0,0.01,0.0,0.0,0.0,0.0,0.01,0.0,0.03,0.01,0.0,0.0,0.0,0.0,0.0,0.01,0.0,0.0,0.01,0.0,0.0,0.01,0.0,0.01,0.0,0.0,0.0,0.0,0.05,0.0,0.0,0.0,0.0,0.0,0.0,0.0,0.0,0.0,0.01,0.02,0.0,0.01,0.01,0.01,0.02,0.01,0.0,0.0,0.0,0.01,0.0,0.08,0.0,0,0,0.9166666666666666,0.0,3,0.0,0,0.0,0.0,0.5952,easy,5.899,0,0,0,0,0,0,0,0,0,0,0,0,0,0,0,0,0,1,0,0,0
290,147,0,5d482ea821c9be351f7633a5,2020-07-23 23:35:41.374000+00:00,this is an opportunity for him to improve,1.0,2,0.285714286,7,this is an opportunity for him to improve,12,8,41,1,-0.5632344009787775,-0.4350655188445609,0.0,0.0,0.0,0.0,0.0,0.0,0.0,0.02,0.0,0.0,0.01,0.0,0.0,0.0,0.0,0.0,0.0,0.0,0.0,0.0,0.02,0.0,0.0,0.01,0.0,0.0,0.0,0.0,0.0,0.0,0.01,0.01,0.0,0.0,0.0,0.0,0.0,0.0,0.0,0.0,0.0,0.01,0.0,0.01,0.0,0.01,0.0,0.02,0.0,0.0,0.0,0.01,0.0,0.05999999999999999,0.0,0,0,1.0,0.0,2,0.0,0,0.0,0.0,6.00705,difficult,2.331,0,0,0,0,0,0,0,0,0,0,0,0,0,0,0,0,0,1,0,0,0
290,147,0,5f18bbea46a7f03dda99c934,2020-07-23 23:35:44.420000+00:00,his mother provided housing and food and her son wouldnt even speak her language in her home,1.0,2,0.285714286,7,"his mother provided housing and food, and her son wouldn't even speak her language in her home.",13,17,92,1,0.31830023881735653,0.8310532964755382,0.01,0.01,0.02,0.02,0.0,0.02,0.01,0.0,0.01,0.0,0.04,0.01,0.0,0.0,0.0,0.0,0.0,0.02,0.0,0.0,0.0,0.0,0.0,0.0,0.01,0.0,0.01,0.0,0.0,0.0,0.08,0.0,0.0,0.0,0.0,0.0,0.0,0.0,0.0,0.0,0.0,0.01,0.0,0.0,0.02,0.01,0.03,0.01,0.0,0.01,0.0,0.0,0.0,0.07,0.0,0,0,0.8235294117647058,0.0,0,0.0,0,0.0,0.0,0.8432,easy,3.046,0,0,0,0,0,0,0,0,0,0,0,0,0,0,0,0,0,0,0,0,0
290,147,0,5d482ea921c9be351f76382b,2020-07-23 23:35:56.741000+00:00,i think the big problem was that the mother was hosting both of them so its rude to not include her in conversations in her own house,1.0,2,0.285714286,7,"i think the big problem was that the mother was hosting both of them, so it's rude to not include her in conversations in her own house",14,27,133,1,1.1998348786134905,2.0971721117956372,0.01,0.0,0.01,0.01,0.0,0.02,0.0,0.0,0.01,0.0,0.02,0.01,0.0,0.0,0.0,0.0,0.0,0.01,0.01,0.02,0.0,0.01,0.0,0.01,0.0,0.02,0.04,0.0,0.0,0.0,0.05,0.02,0.0,0.0,0.0,0.0,0.01,0.01,0.0,0.0,0.01,0.03,0.0,0.02,0.01,0.02,0.05,0.04,0.0,0.0,0.0,0.0,0.01,0.18,0.0,0,0,0.8518518518518519,0.037037037037037035,4,0.0008496176720475786,0,0.5666666666666667,0.09999999999999999,1.9240148148148148,easy,12.321,0,0,1,0,1,0,0,0,0,0,0,1,0,0,0,0,0,0,1,0,0
291,147,3,5f18bbea46a7f03dda99c934,2020-07-24 00:19:27.190000+00:00,i feel that the mother is not the asshole in this situation,1.0,0,0.0,7,i feel that the mother is not the asshole in this situation,1,12,59,1,-0.2693895210467328,0.01537292445216658,0.0,0.0,0.0,0.0,0.0,0.0,0.0,0.0,0.0,0.0,0.0,0.01,0.01,0.0,0.0,0.0,0.0,0.01,0.0,0.0,0.0,0.01,0.0,0.02,0.0,0.0,0.01,0.0,0.0,0.0,0.01,0.02,0.0,0.0,0.0,0.0,0.01,0.01,0.01,0.0,0.01,0.02,0.0,0.02,0.0,0.01,0.02,0.01,0.0,0.01,0.0,0.0,0.01,0.08,0.0,0,0,0.9166666666666666,0.08333333333333333,0,0.0,0,0.0,0.0,0.5952,easy,0.0,0,0,1,0,1,0,0,0,0,0,0,1,0,0,0,0,0,0,0,0,0
291,147,3,5f18c56846a7f03dda99d7ab,2020-07-24 00:19:27.452000+00:00,this person is not the asshole,1.0,0,0.0,7,this person is not the asshole,2,6,30,1,-0.7591309876001406,-0.5666020726655654,0.0,0.0,0.0,0.0,0.0,0.0,0.0,0.0,0.0,0.0,0.0,0.01,0.01,0.0,0.0,0.0,0.0,0.0,0.0,0.0,0.0,0.0,0.01,0.01,0.0,0.0,0.0,0.0,0.0,0.0,0.01,0.01,0.0,0.0,0.0,0.0,0.01,0.0,0.0,0.0,0.01,0.01,0.0,0.01,0.0,0.01,0.01,0.0,0.0,0.0,0.0,0.0,0.0,0.04,0.0,0,0,1.0,0.0,4,0.0003202049311559398,0,0.0,0.0,0.2976,easy,0.262,0,0,0,0,0,0,0,0,0,0,0,0,0,0,0,0,0,0,0,0,0
291,147,3,5f18cc2046a7f03dda99ece2,2020-07-24 00:19:29.100000+00:00,in my view the writer is not an asshole,1.0,0,0.0,7,in my view the writer is not an asshole,3,9,39,1,-0.5632344009787775,-0.3338120738184726,0.0,0.0,0.0,0.0,0.0,0.0,0.0,0.0,0.0,0.0,0.0,0.01,0.01,0.0,0.0,0.01,0.0,0.0,0.0,0.0,0.0,0.0,0.0,0.01,0.0,0.0,0.01,0.0,0.0,0.0,0.0,0.0,0.0,0.0,0.0,0.0,0.01,0.01,0.0,0.0,0.01,0.01,0.0,0.02,0.0,0.01,0.01,0.01,0.0,0.01,0.0,0.0,0.01,0.060000000000000005,0.0,0,0,1.0,0.1111111111111111,3,0.0003202049311559398,0,0.0,0.0,0.44639999999999996,easy,1.648,0,0,0,0,0,0,0,0,0,0,1,0,0,0,0,0,0,0,0,0,0
291,147,3,5f19ac6246a7f03dda9a27ef,2020-07-24 00:19:33.980000+00:00,the mother is not the asshole,1.0,0,0.0,7,the mother is not the asshole,4,6,29,1,-0.7591309876001406,-0.5666020726655654,0.0,0.0,0.0,0.0,0.0,0.0,0.0,0.0,0.0,0.0,0.0,0.009999999999999998,0.009999999999999998,0.0,0.0,0.0,0.0,0.009999999999999998,0.0,0.0,0.0,0.0,0.0,0.009999999999999998,0.0,0.0,0.0,0.0,0.0,0.0,0.009999999999999998,0.0,0.0,0.0,0.0,0.0,0.009999999999999998,0.0,0.0,0.0,0.009999999999999998,0.009999999999999998,0.0,0.019999999999999997,0.0,0.009999999999999998,0.009999999999999998,0.0,0.0,0.0,0.0,0.0,0.0,0.039999999999999994,0.0,0,0,0.8333333333333334,0.0,4,0.0003202049311559398,0,0.0,0.0,0.2976,easy,4.88,0,0,0,0,0,0,0,0,0,0,0,0,0,0,0,0,0,0,0,0,0
291,147,3,5d482ea921c9be351f76382b,2020-07-24 00:19:37.395000+00:00,i dont think the writer is an asshole either,1.0,0,0.0,7,i don't think the writer is an asshole either,5,9,44,1,-0.5632344009787775,-0.3338120738184726,0.0,0.0,0.0,0.0,0.0,0.0,0.0,0.0,0.0,0.0,0.0,0.01,0.01,0.0,0.0,0.0,0.0,0.0,0.0,0.01,0.0,0.01,0.0,0.03,0.0,0.0,0.0,0.0,0.0,0.0,0.0,0.0,0.0,0.0,0.0,0.0,0.01,0.01,0.0,0.0,0.01,0.03,0.0,0.02,0.0,0.02,0.02,0.0,0.0,0.0,0.0,0.0,0.01,0.04,0.0,0,0,1.0,0.1111111111111111,2,0.0003202049311559398,0,0.0,0.0,0.44639999999999996,easy,3.415,0,0,1,0,1,0,0,0,0,0,0,1,0,0,0,0,0,0,0,0,0
291,147,3,5d482eaa21c9be351f763dd0,2020-07-24 00:19:41.470000+00:00,shes definitely not the asshole,1.0,0,0.0,7,she's definitely not the asshole,6,5,31,1,-0.8570792809108222,-0.6829970720891119,0.0,0.0,0.0,0.0,0.01,0.0,0.0,0.0,0.01,0.0,0.01,0.01,0.01,0.0,0.0,0.0,0.0,0.0,0.0,0.0,0.01,0.0,0.0,0.01,0.0,0.0,0.0,0.0,0.0,0.0,0.01,0.0,0.0,0.0,0.0,0.0,0.01,0.0,0.0,0.0,0.01,0.01,0.0,0.01,0.0,0.01,0.02,0.0,0.0,0.0,0.0,0.0,0.0,0.02,0.0,0,0,1.0,0.0,1,0.0003202049311559398,0,0.5,0.0,0.248,easy,4.075,0,0,0,0,0,0,0,0,0,0,0,0,0,0,0,0,0,0,0,0,0
291,147,3,5d482ea821c9be351f7633a5,2020-07-24 00:19:42.230000+00:00,i agree the mother is not the asshole,1.0,0,0.0,7,"i agree, the mother is not the asshole",7,8,37,1,-0.6611826942894591,-0.45020707324201903,0.0,0.0,0.0,0.0,0.0,0.0,0.0,0.0,0.0,0.0,0.0,0.01,0.01,0.0,0.0,0.0,0.0,0.01,0.0,0.0,0.01,0.0,0.0,0.01,0.0,0.0,0.0,0.0,0.0,0.0,0.01,0.0,0.0,0.0,0.0,0.0,0.01,0.01,0.0,0.0,0.01,0.01,0.0,0.02,0.0,0.01,0.01,0.0,0.0,0.0,0.0,0.0,0.01,0.05,0.0,0,0,0.875,0.125,3,0.0003202049311559398,0,0.0,0.0,0.3968,easy,0.76,0,0,0,0,0,0,0,0,0,0,0,1,0,0,0,0,0,0,0,0,0
291,147,3,5d482eaa21c9be351f763dd0,2020-07-24 00:19:46.860000+00:00,shes just asking them to respect her,1.0,0,0.0,7,she's just asking them to respect her,8,7,36,1,-0.6611826942894591,-0.45020707324201903,0.0,0.0,0.0,0.0,0.0,0.0,0.0,0.0,0.009999999999999998,0.0,0.019999999999999997,0.0,0.0,0.0,0.0,0.0,0.0,0.0,0.0,0.0,0.009999999999999998,0.0,0.0,0.009999999999999998,0.0,0.0,0.0,0.0,0.0,0.0,0.039999999999999994,0.0,0.0,0.0,0.0,0.0,0.0,0.0,0.0,0.0,0.009999999999999998,0.009999999999999998,0.0,0.0,0.009999999999999998,0.009999999999999998,0.009999999999999998,0.009999999999999998,0.0,0.0,0.0,0.009999999999999998,0.0,0.039999999999999994,0.0,0,0,1.0,0.0,0,0.0,0,0.0,0.0,0.3472,easy,4.63,0,0,0,0,0,0,0,0,0,0,0,0,0,0,0,0,0,1,0,0,0
291,147,3,5f18cc2046a7f03dda99ece2,2020-07-24 00:19:46.955000+00:00,the fact that the partner can speak english they are guess at the house so they needed to respect the owner of the house,1.0,0,0.0,7,the fact that the partner can speak english they are guess at the house so they needed to respect the owner of the house,9,24,120,1,1.0039382919921274,1.5285079169582698,0.01,0.01,0.02,0.01,0.01,0.0,0.0,0.0,0.01,0.0,0.0,0.0,0.0,0.0,0.0,0.0,0.0,0.0,0.0,0.0,0.01,0.0,0.01,0.03,0.0,0.01,0.01,0.0,0.0,0.0,0.049999999999999996,0.01,0.0,0.0,0.0,0.0,0.0,0.0,0.0,0.01,0.0,0.04,0.01,0.049999999999999996,0.01,0.02,0.03,0.03,0.0,0.01,0.0,0.01,0.0,0.13999999999999999,0.0,0,0,0.75,0.0,1,0.009345794392523364,0,0.0,0.0,1.1904,easy,0.095,0,0,1,0,0,0,0,0,0,0,0,0,0,0,0,0,0,1,0,0,0
291,147,3,5d482ea821c9be351f7633a5,2020-07-24 00:20:08.171000+00:00,if all can speak english but not all speak french its only reasonable,1.0,0,0.0,7,"if all can speak english but not all speak french, its only reasonable.",10,13,69,1,-0.07349293442536971,0.24816292329925937,0.01,0.02,0.0,0.02,0.02,0.0,0.0,0.0,0.01,0.0,0.0,0.01,0.0,0.0,0.0,0.0,0.0,0.0,0.0,0.0,0.0,0.01,0.0,0.01,0.0,0.0,0.0,0.0,0.0,0.0,0.02,0.01,0.0,0.0,0.0,0.01,0.0,0.0,0.0,0.01,0.029999999999999995,0.01,0.0,0.0,0.01,0.01,0.05999999999999999,0.0,0.0,0.02,0.0,0.01,0.0,0.08,0.0,0,0,0.8461538461538461,0.0,1,0.0026590438644686918,0,0.4,0.05,0.6447999999999999,easy,21.216,0,0,0,0,0,0,0,0,0,0,0,0,0,0,0,0,0,1,0,0,0
291,147,3,5f18c56846a7f03dda99d7ab,2020-07-24 00:20:08.776000+00:00,its just a week the son in law has to speak english why wouldnt you want to communicate with someone you are visiting,1.0,0,0.0,7,it's just a week the son in law has to speak english... why wouldn't you want to communicate with someone you are visiting?,11,23,117,1,0.9059899986814458,1.4121129175347233,0.02,0.01,0.0,0.0,0.0,0.01,0.0,0.0,0.01,0.0,0.0,0.01,0.0,0.0,0.0,0.0,0.0,0.01,0.0,0.0,0.0,0.0,0.0,0.029999999999999995,0.01,0.0,0.029999999999999995,0.0,0.0,0.0,0.06999999999999999,0.02,0.0,0.0,0.0,0.01,0.0,0.0,0.0,0.01,0.01,0.04,0.0,0.02,0.01,0.029999999999999995,0.06999999999999999,0.04,0.0,0.01,0.02,0.01,0.0,0.12999999999999998,0.0,1,0,0.9130434782608695,0.0,1,0.0016375934048159847,0,0.0,0.0,1.8273217391304348,easy,0.605,0,0,0,0,0,0,0,0,0,0,0,0,1,0,0,0,0,0,0,0,0
291,147,3,5f18bbea46a7f03dda99c934,2020-07-24 00:20:09.764000+00:00,it is entirely reasonable for her to ask that,1.0,0,0.0,7,it is entirely reasonable for her to ask that.,12,9,45,1,-0.4652861076680959,-0.21741707439492622,0.0,0.0,0.0,0.0,0.01,0.0,0.0,0.0,0.0,0.0,0.01,0.0,0.0,0.0,0.0,0.0,0.0,0.0,0.0,0.01,0.0,0.01,0.0,0.02,0.0,0.0,0.0,0.0,0.0,0.0,0.02,0.02,0.0,0.0,0.0,0.01,0.0,0.0,0.0,0.0,0.0,0.02,0.0,0.0,0.0,0.01,0.02,0.02,0.0,0.0,0.0,0.01,0.0,0.06,0.0,0,0,1.0,0.0,1,0.0,0,0.6,0.2,0.44639999999999996,easy,0.988,0,0,0,0,0,0,0,0,0,0,0,0,0,0,0,0,0,1,0,0,0
291,147,3,5f19ac6246a7f03dda9a27ef,2020-07-24 00:20:14.415000+00:00,the partner has a slight accent  big deal  people from different parts of the us have accents,1.0,0,0.0,7,the partner has a slight accent.  big deal.  people from different parts of the us have accents.,13,17,93,1,0.31830023881735653,0.7137429209934449,0.0,0.0,0.0,0.0,0.0,0.0,0.0,0.0,0.0,0.0,0.0,0.0,0.0,0.0,0.0,0.0,0.0,0.0,0.0,0.0,0.0,0.0,0.020000000000000004,0.020000000000000004,0.0,0.0,0.010000000000000002,0.0,0.0,0.0,0.04000000000000001,0.0,0.0,0.0,0.0,0.0,0.0,0.0,0.0,0.0,0.0,0.020000000000000004,0.010000000000000002,0.030000000000000002,0.0,0.020000000000000004,0.0,0.020000000000000004,0.010000000000000002,0.0,0.0,0.010000000000000002,0.0,0.07,0.0,0,0,0.9411764705882353,0.0,0,0.0,0,0.2888888888888889,-0.05555555555555555,0.8432,easy,4.651,0,0,0,0,0,0,0,0,0,1,0,0,0,0,0,0,0,0,0,0,0
291,147,3,5f18cc2046a7f03dda99ece2,2020-07-24 00:20:17.706000+00:00,they need to communicate better between each person,1.0,0,0.0,7,they need to communicate better between each person,14,8,51,1,-0.5632344009787775,-0.3338120738184726,0.01,0.0,0.0,0.0,0.0,0.01,0.0,0.01,0.0,0.0,0.0,0.0,0.0,0.0,0.0,0.0,0.0,0.0,0.0,0.01,0.01,0.0,0.01,0.01,0.0,0.0,0.0,0.0,0.0,0.0,0.03,0.0,0.0,0.0,0.0,0.0,0.0,0.0,0.0,0.0,0.0,0.01,0.0,0.0,0.0,0.0,0.02,0.02,0.0,0.0,0.0,0.01,0.0,0.04,0.0,0,0,1.0,0.0,0,0.0,0,0.5,0.5,6.00705,difficult,3.291,0,0,0,0,0,0,0,0,0,0,0,0,0,0,0,0,0,1,0,0,0
292,148,0,5d482ea921c9be351f763633,2020-07-23 23:30:37.464000+00:00,i think this person is in the wrong about speaking only german while shes staying at her mothers house i think shes being rude,1.0,2,0.25,8,i think this person is in the wrong about speaking only german while she's staying at her mother's house. i think she's being rude.,1,24,126,1,0.8080417053707643,0.5273387970712488,0.0,0.01,0.01,0.01,0.0,0.0,0.0,0.0,0.02,0.0,0.03,0.0,0.0,0.0,0.0,0.0,0.0,0.01,0.02,0.0,0.0,0.02,0.01,0.049999999999999996,0.0,0.0,0.04,0.0,0.0,0.0,0.06,0.01,0.0,0.0,0.0,0.0,0.01,0.02,0.0,0.0,0.0,0.06,0.0,0.01,0.0,0.04,0.02,0.03,0.0,0.01,0.0,0.0,0.02,0.12,0.0,0,0,0.875,0.08333333333333333,0,0.0,0,0.625,-0.2,1.1904,easy,0.0,0,0,1,0,1,0,0,0,0,0,1,1,0,0,0,0,0,0,1,0,0
292,148,0,5f18c62646a7f03dda99d97b,2020-07-23 23:30:48.356000+00:00,personally i believe this person is the asshole i realize there is a dilemma between choosing between the husband and his mother but his mother has been so gracious in providing lodging and meals,1.0,2,0.25,8,"personally, i believe this person is the asshole. i realize there is a dilemma between choosing between the husband and his mother, but his mother has been so gracious in providing lodging and meals.",2,34,195,1,1.7875246384775798,1.4823618153892584,0.0,0.0,0.0,0.04,0.0,0.02,0.01,0.0,0.02,0.0,0.02,0.0,0.01,0.0,0.0,0.0,0.0,0.030000000000000002,0.0,0.0,0.01,0.030000000000000002,0.01,0.04,0.0,0.01,0.01,0.0,0.0,0.0,0.060000000000000005,0.01,0.0,0.0,0.0,0.0,0.01,0.02,0.0,0.0,0.01,0.049999999999999996,0.0,0.030000000000000002,0.04,0.04,0.060000000000000005,0.030000000000000002,0.0,0.0,0.0,0.02,0.02,0.19999999999999998,0.0,0,0,0.7941176470588235,0.058823529411764705,6,0.0023387637980768626,0,0.3,0.0,1.6864,easy,10.892,0,0,0,0,0,0,0,0,0,0,1,0,0,0,0,0,0,1,1,0,0
292,148,0,5f19b0c246a7f03dda9a2f89,2020-07-23 23:30:57.836000+00:00,i think that since everybody spoke english to some degree op should have spoken english,1.0,2,0.25,8,"i think that since everybody spoke english to some degree, op should have spoken english.",3,15,87,1,0.024455358885311848,-0.23667961758315906,0.01,0.02,0.0,0.0,0.01,0.0,0.0,0.0,0.0,0.0,0.0,0.0,0.0,0.0,0.0,0.0,0.0,0.0,0.0,0.01,0.0,0.01,0.0,0.02,0.01,0.02,0.0,0.0,0.0,0.0,0.03,0.02,0.0,0.0,0.0,0.01,0.0,0.01,0.0,0.01,0.0,0.049999999999999996,0.0,0.0,0.0,0.02,0.049999999999999996,0.02,0.0,0.02,0.0,0.0,0.01,0.06,0.0,0,0,0.9333333333333333,0.06666666666666667,0,0.00015518311607697082,0,0.0,0.0,0.744,easy,9.48,0,0,1,0,1,0,0,0,0,0,0,1,0,0,0,0,0,0,0,0,0
292,148,0,5eaf2a68d5ea945196fadf4c,2020-07-23 23:31:00.055000+00:00,yes this person is the asshole  shes staying in her mothers house and eating her food,1.0,2,0.25,8,"yes, this person is the asshole.  she's staying in her mother's house and eating her food.",4,16,85,1,0.22035194550667497,-0.045675013919557104,0.0,0.0,0.01,0.01,0.0,0.01,0.02,0.0,0.0,0.0,0.03,0.0,0.01,0.0,0.0,0.0,0.0,0.01,0.0,0.0,0.0,0.0,0.01,0.02,0.0,0.0,0.02,0.0,0.0,0.0,0.049999999999999996,0.01,0.0,0.0,0.0,0.0,0.01,0.0,0.0,0.0,0.0,0.02,0.0,0.01,0.02,0.02,0.01,0.01,0.0,0.0,0.0,0.0,0.0,0.06999999999999999,0.0,0,0,0.9375,0.0,0,0.0,0,0.0,0.0,0.7936,easy,2.219,0,0,0,0,0,0,0,0,0,0,0,0,0,0,0,0,0,0,0,0,0
292,148,0,5d482ea921c9be351f763633,2020-07-23 23:31:15.827000+00:00,also i think that with all that her mothers providing the least she can do is speak to her in her own language,1.0,2,0.25,8,"also, i think that with all that her mother's providing the least she can do is speak to her in her own language.",5,23,110,1,0.8080417053707643,0.5273387970712488,0.0,0.01,0.0,0.01,0.01,0.01,0.0,0.0,0.01,0.0,0.04,0.0,0.0,0.0,0.0,0.0,0.0,0.01,0.0,0.02,0.0,0.01,0.0,0.04,0.0,0.0,0.01,0.0,0.0,0.0,0.06999999999999999,0.02,0.0,0.0,0.0,0.0,0.0,0.01,0.0,0.0,0.0,0.04,0.0,0.01,0.0,0.030000000000000002,0.030000000000000002,0.030000000000000002,0.0,0.01,0.0,0.0,0.01,0.16,0.0,0,0,0.8695652173913043,0.043478260869565216,6,0.009259259259259259,0,0.7,0.15,1.1408,easy,15.772,0,0,1,0,1,0,0,0,0,0,1,0,0,0,0,0,0,0,0,0,0
292,148,0,5f18b85246a7f03dda99c87a,2020-07-23 23:31:20.773000+00:00,i think this person is the asshole i know they were trying to please their husband buti really dont think it was right to talk german the entire time sge was with her mom and not include her in the conversation,1.0,2,0.25,8,"i think this person is the asshole. i know they were trying to please their husband, buti really don‚äôt think it was right to talk german the entire time sge was with her mom and not include her in the conversation.",6,41,210,1,2.375214398341669,2.0553756263800644,0.0,0.0,0.0,0.010000000000000002,0.010000000000000002,0.03,0.0,0.010000000000000002,0.010000000000000002,0.0,0.020000000000000004,0.020000000000000004,0.010000000000000002,0.0,0.0,0.0,0.0,0.020000000000000004,0.0,0.010000000000000002,0.010000000000000002,0.03,0.010000000000000002,0.05,0.0,0.03,0.03,0.0,0.0,0.0,0.09000000000000001,0.020000000000000004,0.0,0.0,0.0,0.0,0.010000000000000002,0.020000000000000004,0.0,0.0,0.020000000000000004,0.08000000000000002,0.0,0.03,0.020000000000000004,0.05,0.09000000000000001,0.04000000000000001,0.0,0.0,0.0,0.010000000000000002,0.020000000000000004,0.21000000000000002,0.0,0,0,0.8292682926829268,0.07317073170731707,10,0.0010072303436521996,0,0.34017857142857144,0.12142857142857143,2.418721951219512,easy,4.946,1,0,1,0,1,1,0,0,0,0,1,1,0,0,0,0,0,1,0,0,0
292,148,0,5ee16aa0896280243c13831f,2020-07-23 23:31:27.753000+00:00,i think its important to consider language barriers here i dont think theyre the asshole because in conversations where mother had to be included they could have included her,1.0,2,0.25,8,"i think it's important to consider language barriers here. i don't think they're the asshole, because in conversations where mother had to be included, they could have included her",7,29,174,1,1.2977831719241721,1.0048503062302536,0.01,0.0,0.0,0.01,0.0,0.02,0.0,0.01,0.02,0.0,0.01,0.01,0.01,0.0,0.0,0.0,0.0,0.01,0.0,0.0,0.01,0.03,0.0,0.049999999999999996,0.0,0.01,0.02,0.0,0.0,0.0,0.06,0.01,0.0,0.0,0.0,0.01,0.01,0.02,0.0,0.0,0.0,0.08,0.0,0.01,0.01,0.06,0.08,0.03,0.0,0.0,0.0,0.01,0.02,0.15000000000000002,0.0,0,0,0.8620689655172413,0.06896551724137931,7,0.0013274352748081394,0,1.0,0.4,1.9828827586206894,easy,6.98,0,0,1,0,1,0,0,0,0,0,1,1,0,0,0,0,0,1,0,0,0
292,148,0,5d482ea921c9be351f763633,2020-07-23 23:31:43.578000+00:00,if she wants to speak to her husband in german that is fine but she shouldnt purposefully exclude her own mother just because she doesnt speak german she wants to be involved too,1.0,2,0.25,8,"if she wants to speak to her husband in german, that is fine, but she shouldn't purposefully exclude her own mother just because she doesn't speak german. she wants to be involved, too.",8,33,178,1,1.8854729317882615,1.5778641172210595,0.04,0.02,0.0,0.03,0.0,0.0,0.0,0.01,0.02,0.0,0.06,0.02,0.0,0.0,0.0,0.0,0.0,0.02,0.0,0.01,0.01,0.0,0.0,0.04,0.01,0.0,0.01,0.0,0.0,0.0,0.11,0.01,0.0,0.0,0.0,0.02,0.0,0.0,0.0,0.01,0.04,0.06,0.0,0.0,0.03,0.04,0.09,0.04,0.0,0.02,0.0,0.01,0.0,0.19,0.0,0,0,0.7272727272727273,0.0,8,0.0008496176720475786,0,0.2833333333333334,0.23611111111111113,1.6368,easy,15.825,0,0,1,0,0,0,0,0,0,0,0,0,0,0,0,0,1,1,0,0,0
292,148,0,5f19b0c246a7f03dda9a2f89,2020-07-23 23:31:48.813000+00:00,while i see not wanting to make the persons husband uncomfortable they were guests and they should accommodate the mother,1.0,2,0.25,8,"while i see not wanting to make the person's husband uncomfortable, they were guests and they should accommodate the mother.",9,20,121,1,0.5141968254387196,0.2408318915758458,0.02,0.0,0.0,0.02,0.0,0.01,0.0,0.0,0.0,0.01,0.0,0.01,0.0,0.0,0.0,0.01,0.0,0.02,0.0,0.0,0.0,0.0,0.01,0.02,0.01,0.01,0.01,0.0,0.0,0.0,0.06,0.0,0.0,0.0,0.0,0.01,0.0,0.01,0.0,0.0,0.01,0.04,0.01,0.02,0.01,0.02,0.05,0.01,0.0,0.01,0.0,0.0,0.01,0.11,0.0,0,0,0.9,0.05,1,0.0015774197098932846,0,1.0,-0.5,6.2075,difficult,5.235,0,0,1,0,0,0,0,0,0,0,1,0,0,0,0,0,0,0,1,0,0
292,148,0,5f18c16246a7f03dda99cf9d,2020-07-23 23:31:53.464000+00:00,i dont think this person is an asshole for making his husband more comfortable however he should at least translate for his mom,1.0,2,0.25,8,"i don't think this person is an asshole for making his husband more comfortable. however, he should at least translate for his mom.",10,23,127,1,0.8080417053707643,0.5273387970712488,0.01,0.0,0.0,0.01,0.0,0.0,0.0,0.0,0.01,0.0,0.03,0.01,0.01,0.0,0.0,0.0,0.0,0.02,0.0,0.02,0.01,0.01,0.01,0.03,0.01,0.0,0.01,0.0,0.0,0.0,0.06,0.01,0.0,0.0,0.0,0.01,0.01,0.01,0.0,0.0,0.0,0.04,0.0,0.01,0.0,0.03,0.03,0.03,0.0,0.0,0.0,0.01,0.01,0.12,0.0,0,0,0.9130434782608695,0.043478260869565216,1,0.0008829851539226769,0,0.5666666666666668,0.20000000000000004,1.1408,easy,4.651,0,0,1,0,1,0,0,0,0,0,0,1,0,0,0,0,0,1,0,0,0
292,148,0,5eaf2a68d5ea945196fadf4c,2020-07-23 23:32:07.414000+00:00,its inconsiderate to not include her mother in conversation  its understandable her husband is uncomfortable but what better way to learn than practice with those that will help,1.0,2,0.25,8,it's inconsiderate to not include her mother in conversation.  it's understandable her husband is uncomfortable but what better way to learn than practice with those that will help.,11,28,177,1,1.3957314652348536,1.1003526080620545,0.0,0.0,0.0,0.01,0.0,0.02,0.0,0.02,0.0,0.01,0.02,0.01,0.0,0.0,0.0,0.0,0.0,0.02,0.0,0.0,0.01,0.02,0.0,0.01,0.01,0.0,0.02,0.0,0.0,0.0,0.06,0.05,0.0,0.02,0.0,0.0,0.0,0.0,0.0,0.0,0.02,0.02,0.0,0.0,0.01,0.02,0.06,0.05,0.0,0.0,0.0,0.02,0.0,0.16,0.0,0,0,0.8928571428571429,0.0,1,0.000727802037845706,0,0.75,0.0,7.281014285714286,difficult,13.95,0,0,0,0,0,0,0,0,0,0,0,0,0,0,0,0,0,1,1,0,0
292,148,0,5f197d2846a7f03dda9a0b99,2020-07-23 23:32:12.873000+00:00,i agree this person is the asshole they can have private conversations in german when they are alone the mother is providing them a space to be and probably wants to talk with her daughter ,1.0,2,0.25,8,"i agree, this person is the asshole. they can have private conversations in german when they are alone. the mother is providing them a space to be and probably wants to talk with her daughter. ",12,35,189,1,1.983421225098943,1.6733664190528603,0.009999999999999998,0.0,0.0,0.019999999999999997,0.0,0.019999999999999997,0.0,0.0,0.019999999999999997,0.0,0.009999999999999998,0.0,0.009999999999999998,0.0,0.0,0.0,0.0,0.019999999999999997,0.0,0.0,0.009999999999999998,0.0,0.009999999999999998,0.05999999999999999,0.0,0.0,0.029999999999999995,0.0,0.0,0.009999999999999998,0.09999999999999999,0.009999999999999998,0.0,0.0,0.0,0.0,0.009999999999999998,0.009999999999999998,0.0,0.009999999999999998,0.0,0.06999999999999999,0.0,0.029999999999999995,0.009999999999999998,0.05999999999999999,0.039999999999999994,0.039999999999999994,0.0,0.0,0.0,0.009999999999999998,0.009999999999999998,0.20999999999999996,0.009999999999999998,0,0,0.8857142857142857,0.02857142857142857,7,0.0008496176720475786,1,0.15833333333333333,0.06666666666666667,2.1871428571428573,easy,5.459,0,0,1,0,0,0,0,0,0,0,0,1,0,0,0,0,0,0,0,0,0
293,148,2,5d482ea921c9be351f763633,2020-07-23 23:59:45.918000+00:00,my initial impression of the situation tells me that this person isnt the asshole they were feeling left out and were polite in expressing their feelings,1.0,3,0.375,8,my initial impression of the situation tells me that this person isn't the asshole. they were feeling left out and were polite in expressing their feelings.,1,26,153,1,1.101886585302809,1.0804219787486349,0.0,0.0,0.0,0.01,0.0,0.02,0.0,0.0,0.0,0.0,0.0,0.01,0.01,0.0,0.0,0.0,0.0,0.0,0.0,0.0,0.01,0.02,0.01,0.01,0.0,0.02,0.04,0.0,0.0,0.0,0.05,0.02,0.0,0.0,0.0,0.0,0.01,0.02,0.02,0.0,0.0,0.03,0.0,0.02,0.01,0.03,0.04,0.03,0.0,0.02,0.0,0.01,0.02,0.13999999999999999,0.0,0,0,0.9230769230769231,0.038461538461538464,0,0.0,0,0.0,0.0,1.2895999999999999,easy,0.0,0,0,0,0,0,0,0,0,0,0,0,1,0,0,0,0,0,1,0,0,0
293,148,2,5ee16aa0896280243c13831f,2020-07-23 23:59:46.838000+00:00,hey everyone i think the parent has the right to be included in the conversation so theyre not really the asshole here,1.0,3,0.375,8,"hey everyone. i think the parent has the right to be included in the conversation, so they're not really the asshole here",2,22,118,1,0.7100934120600827,0.6528023324228595,0.0,0.0,0.0,0.01,0.0,0.01,0.0,0.0,0.03,0.0,0.0,0.01,0.01,0.0,0.0,0.0,0.0,0.01,0.0,0.0,0.0,0.01,0.0,0.03,0.0,0.0,0.02,0.0,0.0,0.0,0.049999999999999996,0.01,0.0,0.0,0.0,0.0,0.01,0.01,0.0,0.0,0.02,0.04,0.0,0.04,0.02,0.03,0.04,0.02,0.0,0.0,0.0,0.01,0.01,0.12,0.0,0,0,0.8636363636363636,0.045454545454545456,5,0.0003202049311559398,0,0.3678571428571429,0.09285714285714285,1.808927272727273,easy,0.92,0,0,1,0,1,1,0,0,0,0,1,0,0,0,1,0,0,1,0,0,0
293,148,2,5f18c62646a7f03dda99d97b,2020-07-23 23:59:55.422000+00:00,this person is not the asshole the partner should make an effort to be considerate to the mother for allowing them to stay,1.0,3,0.375,8,this person is not the asshole. the partner should make an effort to be considerate to the mother for allowing them to stay.,3,23,122,1,0.9059899986814458,0.8666121555857472,0.01,0.0,0.0,0.0,0.0,0.0,0.0,0.01,0.0,0.0,0.0,0.01,0.01,0.0,0.0,0.0,0.0,0.01,0.0,0.0,0.01,0.0,0.02,0.02,0.01,0.0,0.01,0.0,0.0,0.0,0.04,0.01,0.0,0.0,0.0,0.02,0.01,0.0,0.0,0.0,0.01,0.04,0.01,0.04,0.0,0.03,0.04,0.04,0.0,0.0,0.0,0.01,0.0,0.14,0.0,0,0,0.8260869565217391,0.0,8,0.0003202049311559398,0,0.0,0.0,1.8273217391304348,easy,8.584,0,0,1,0,0,0,0,0,0,0,0,0,0,0,0,0,0,1,0,0,0
293,148,2,5ee16aa0896280243c13831f,2020-07-23 23:59:59.050000+00:00,definitely ,1.0,3,0.375,8,definitely ,4,1,11,1,-1.2488724541535483,-1.4852958992060181,0.0,0.0,0.0,0.0,0.01,0.0,0.0,0.0,0.01,0.0,0.0,0.0,0.0,0.0,0.0,0.0,0.0,0.0,0.0,0.0,0.01,0.0,0.0,0.0,0.0,0.0,0.0,0.0,0.0,0.0,0.0,0.0,0.0,0.0,0.0,0.0,0.0,0.0,0.0,0.0,0.0,0.0,0.0,0.0,0.0,0.0,0.01,0.0,0.0,0.0,0.0,0.0,0.0,0.0,0.0,0,0,1.0,0.0,0,0.0,0,0.5,0.0,0.0496,easy,3.628,0,0,0,0,0,0,0,0,0,0,0,0,0,0,0,0,0,0,0,0,0
293,148,2,5f18b85246a7f03dda99c87a,2020-07-24 00:00:08.540000+00:00,i dont think the mother is an asshole for asking them to speak english in front of her,1.0,3,0.375,8,i don‚äôt think the mother is an asshole for asking them to speak english in front of her.,5,18,86,1,0.31830023881735653,0.22518268609708395,0.0,0.01,0.0,0.0,0.0,0.0,0.0,0.0,0.0,0.0,0.01,0.01,0.01,0.0,0.0,0.0,0.0,0.01,0.0,0.0,0.0,0.01,0.0,0.03,0.0,0.0,0.02,0.0,0.0,0.0,0.049999999999999996,0.0,0.0,0.0,0.0,0.0,0.01,0.01,0.0,0.0,0.0,0.03,0.0,0.02,0.0,0.02,0.01,0.04,0.0,0.01,0.0,0.0,0.01,0.09999999999999999,0.0,0,0,1.0,0.05555555555555555,0,0.0,0,0.0,0.0,0.8927999999999999,easy,9.49,0,0,1,0,1,0,0,0,0,0,0,1,0,0,0,0,0,0,0,0,0
293,148,2,5f19b0c246a7f03dda9a2f89,2020-07-24 00:00:11.131000+00:00,considering that his son only spoke in french one time the person is an asshole,1.0,3,0.375,8,"considering that his son only spoke in french one time, the person is an asshole.",6,15,79,1,0.1224036521959934,0.011372862934196185,0.0,0.01,0.0,0.0,0.0,0.0,0.0,0.0,0.01,0.0,0.01,0.0,0.01,0.0,0.0,0.0,0.0,0.01,0.0,0.0,0.0,0.01,0.01,0.01,0.0,0.01,0.02,0.0,0.0,0.0,0.04,0.01,0.0,0.0,0.0,0.0,0.01,0.0,0.0,0.0,0.0,0.02,0.0,0.02,0.0,0.01,0.01,0.01,0.0,0.01,0.0,0.0,0.0,0.07,0.0,0,0,1.0,0.0,4,0.0003202049311559398,0,0.5,0.0,5.433166666666667,medium,2.591,0,0,0,0,0,0,0,0,0,0,0,0,0,0,0,0,0,0,0,0,0
293,148,2,5eaf2a68d5ea945196fadf4c,2020-07-24 00:00:11.761000+00:00,shes not the asshole  her house show some respect,1.0,3,0.375,8,"she's not the asshole.  her house, show some respect.",7,9,49,1,-0.4652861076680959,-0.630056606554467,0.0,0.0,0.009999999999999998,0.0,0.0,0.0,0.0,0.0,0.0,0.0,0.019999999999999997,0.009999999999999998,0.009999999999999998,0.0,0.0,0.0,0.0,0.0,0.0,0.009999999999999998,0.0,0.0,0.0,0.009999999999999998,0.0,0.0,0.0,0.0,0.0,0.0,0.019999999999999997,0.0,0.0,0.0,0.0,0.0,0.009999999999999998,0.0,0.0,0.009999999999999998,0.009999999999999998,0.009999999999999998,0.0,0.009999999999999998,0.0,0.009999999999999998,0.019999999999999997,0.0,0.0,0.0,0.0,0.009999999999999998,0.0,0.039999999999999994,0.0,0,0,1.0,0.0,1,0.0003202049311559398,0,0.0,0.0,0.44639999999999996,easy,0.63,0,0,0,0,0,0,0,0,0,0,0,0,0,0,0,0,0,1,0,0,0
293,148,2,5f197d2846a7f03dda9a0b99,2020-07-24 00:00:12.625000+00:00,i dont think this person is an asshole they were only stating that they felt uncomfortable the son and his partner should have accommodated her need ,1.0,3,0.375,8,"i don't think this person is an asshole, they were only stating that they felt uncomfortable the son and his partner should have accommodated her need ",8,26,149,1,1.101886585302809,1.0804219787486349,0.02,0.0,0.0,0.01,0.0,0.01,0.0,0.0,0.01,0.01,0.02,0.01,0.01,0.0,0.0,0.0,0.0,0.01,0.0,0.0,0.0,0.02,0.02,0.05,0.01,0.02,0.0,0.0,0.0,0.0,0.07,0.02,0.0,0.0,0.0,0.0,0.01,0.01,0.01,0.0,0.0,0.08,0.01,0.02,0.01,0.05,0.05,0.0,0.0,0.01,0.0,0.0,0.01,0.15,0.0,0,0,0.9615384615384616,0.038461538461538464,2,0.0003202049311559398,0,1.0,-0.25,6.140715384615384,difficult,0.864,0,0,1,0,1,0,0,0,0,0,0,1,0,0,0,0,0,0,1,0,0
293,148,2,5d482ea921c9be351f763633,2020-07-24 00:00:28.074000+00:00,i agree exciteddolphin the partner is also able to speak english with no language barrier difficulties an accent isnt an excuse to ignore the mother,1.0,3,0.375,8,"i agree, exciteddolphin the partner is also able to speak english with no language barrier difficulties. an accent isn't an excuse to ignore the mother.",9,25,148,1,1.0039382919921274,0.9735170671671911,0.0,0.01,0.0,0.01,0.0,0.01,0.0,0.01,0.01,0.0,0.0,0.02,0.0,0.0,0.0,0.0,0.0,0.01,0.02,0.0,0.02,0.0,0.01,0.02,0.0,0.0,0.0,0.0,0.01,0.0,0.05,0.0,0.0,0.0,0.0,0.0,0.0,0.01,0.0,0.0,0.0,0.02,0.01,0.04,0.01,0.02,0.030000000000000002,0.030000000000000002,0.0,0.01,0.0,0.0,0.01,0.1,0.0,0,0,0.88,0.04,5,0.002902435863329718,0,0.225,0.15,1.8716,easy,15.449,0,0,0,0,0,0,0,0,0,0,0,1,0,0,0,0,0,0,1,0,0
293,148,2,5f197d2846a7f03dda9a0b99,2020-07-24 00:00:49.120000+00:00,the partner also sounds rude and immature for just leaving,1.0,3,0.375,8,the partner also sounds rude and immature for just leaving,10,10,58,1,-0.36733781435741436,-0.5231516949730232,0.0,0.009999999999999998,0.0,0.019999999999999997,0.0,0.009999999999999998,0.0,0.0,0.019999999999999997,0.0,0.0,0.0,0.0,0.0,0.0,0.0,0.0,0.0,0.009999999999999998,0.0,0.0,0.0,0.009999999999999998,0.0,0.0,0.0,0.009999999999999998,0.0,0.0,0.0,0.009999999999999998,0.0,0.0,0.0,0.0,0.0,0.009999999999999998,0.0,0.0,0.0,0.009999999999999998,0.0,0.009999999999999998,0.009999999999999998,0.019999999999999997,0.0,0.019999999999999997,0.009999999999999998,0.0,0.009999999999999998,0.0,0.0,0.0,0.039999999999999994,0.0,0,0,1.0,0.0,1,0.004739284619762708,0,0.6,-0.3,0.496,easy,21.046,0,0,0,0,0,0,0,0,0,0,0,0,0,0,0,0,0,0,1,0,0
293,148,2,5eaf2a68d5ea945196fadf4c,2020-07-24 00:00:50.174000+00:00,the husband knows the language  group setting in your hosts house speak the language,1.0,3,0.375,8,"the husband knows the language.  group setting in your hosts house, speak the language.",11,14,84,1,0.024455358885311848,-0.0955320486472477,0.0,0.009999999999999998,0.009999999999999998,0.0,0.0,0.0,0.0,0.0,0.0,0.0,0.0,0.0,0.0,0.0,0.0,0.0,0.0,0.009999999999999998,0.0,0.0,0.0,0.009999999999999998,0.0,0.009999999999999998,0.0,0.0,0.009999999999999998,0.0,0.0,0.0,0.06,0.0,0.0,0.0,0.0,0.0,0.0,0.0,0.0,0.0,0.0,0.009999999999999998,0.0,0.03,0.0,0.0,0.009999999999999998,0.009999999999999998,0.0,0.009999999999999998,0.009999999999999998,0.0,0.0,0.049999999999999996,0.0,0,0,0.7857142857142857,0.0,3,0.0,0,0.0,0.0,0.6944,easy,1.054,0,0,0,0,0,0,0,0,0,0,0,0,1,0,0,0,0,0,0,0,0
293,148,2,5f18c62646a7f03dda99d97b,2020-07-24 00:00:55.481000+00:00,inspiredelephant the partner needs to be the one to respect the mother in this situation not the son the son hasnt done much wrong but he is complicit,1.0,3,0.375,8,"inspiredelephant the partner needs to be the one to respect the mother in this situation, not the son. the son hasn't done much wrong but he is complicit",12,28,150,1,1.3957314652348536,1.4011367134929666,0.01,0.0,0.0,0.01,0.0,0.0,0.0,0.0,0.0,0.0,0.01,0.02,0.0,0.0,0.0,0.0,0.0,0.03,0.01,0.01,0.02,0.01,0.01,0.03,0.0,0.01,0.01,0.0,0.0,0.0,0.05,0.01,0.0,0.0,0.0,0.0,0.0,0.0,0.0,0.0,0.02,0.05,0.01,0.05,0.01,0.04,0.04,0.03,0.0,0.0,0.0,0.01,0.0,0.14,0.0,0,0,0.7857142857142857,0.0,6,0.0,0,0.9,-0.5,1.3888,easy,5.307,0,0,0,0,0,0,0,0,0,0,0,0,0,0,0,0,0,1,1,0,0
294,149,1,5f1adfc446a7f03dda9a9d49,2020-07-24 14:05:16.986000+00:00,i do think that they should speak english at their house to include their mom in the conversation it is impolite not too ,0.8,2,0.4,5,i do think that they should speak english at their house to include their mom in the conversation. it is impolite not too. ,1,23,121,1,0.8080417053707643,1.064823721337069,0.01,0.01,0.01,0.0,0.0,0.01,0.0,0.0,0.01,0.0,0.0,0.01,0.0,0.0,0.0,0.0,0.0,0.01,0.01,0.0,0.0,0.01,0.0,0.03,0.01,0.0,0.02,0.0,0.0,0.0,0.06,0.02,0.0,0.0,0.0,0.0,0.0,0.01,0.0,0.0,0.01,0.04,0.0,0.01,0.0,0.03,0.04,0.03,0.0,0.01,0.0,0.0,0.01,0.15,0.0,0,0,0.9565217391304348,0.043478260869565216,0,0.0,0,0.0,0.0,1.8273217391304348,easy,0.0,0,0,1,0,1,0,0,0,0,0,0,1,0,0,0,0,0,0,1,0,0
294,149,1,5f19a74446a7f03dda9a2587,2020-07-24 14:05:28.140000+00:00,he is not a bad person he loves his husband and respect his feelings,0.8,2,0.4,5,he is not a bad person. he loves his husband and respect his feelings.,2,14,68,1,0.024455358885311848,0.21296474426741382,0.0,0.0,0.0,0.01,0.0,0.01,0.01,0.0,0.0,0.0,0.04,0.01,0.0,0.0,0.0,0.0,0.0,0.01,0.0,0.0,0.02,0.01,0.01,0.02,0.0,0.0,0.0,0.01,0.0,0.0,0.07,0.0,0.0,0.0,0.0,0.0,0.0,0.0,0.01,0.0,0.01,0.02,0.0,0.01,0.01,0.01,0.030000000000000006,0.0,0.0,0.01,0.0,0.030000000000000006,0.0,0.08,0.0,0,0,0.8571428571428571,0.0,2,0.0,0,0.6666666666666666,0.3499999999999999,0.6944,easy,11.154,0,0,0,0,0,0,0,0,0,0,0,0,0,0,0,0,0,1,1,0,0
294,149,1,5f1adfc446a7f03dda9a9d49,2020-07-24 14:05:33.849000+00:00,however i do not think that this makes him an asshole he seemed very polite and reasonable ,0.8,2,0.4,5,"however, i do not think that this makes him an asshole. he seemed very polite and reasonable. ",3,17,91,1,0.22035194550667497,0.42592948853482765,0.0,0.0,0.0,0.020000000000000004,0.0,0.010000000000000002,0.0,0.0,0.020000000000000004,0.0,0.020000000000000004,0.010000000000000002,0.010000000000000002,0.0,0.0,0.0,0.0,0.0,0.0,0.0,0.0,0.030000000000000002,0.0,0.030000000000000002,0.0,0.010000000000000002,0.0,0.0,0.0,0.0,0.020000000000000004,0.020000000000000004,0.0,0.0,0.0,0.020000000000000004,0.010000000000000002,0.010000000000000002,0.0,0.010000000000000002,0.010000000000000002,0.04000000000000001,0.0,0.010000000000000002,0.010000000000000002,0.010000000000000002,0.060000000000000005,0.0,0.0,0.0,0.0,0.020000000000000004,0.010000000000000002,0.1,0.0,0,0,1.0,0.058823529411764705,3,0.0,0,0.44999999999999996,0.2,0.8432,easy,5.709,0,0,1,0,1,0,0,0,0,0,1,0,0,0,0,0,0,1,0,0,0
294,149,1,5ee14692896280243c135226,2020-07-24 14:05:43.023000+00:00,this is a difficult one to decide but i think she was right,0.8,2,0.4,5,this is a difficult one to decide but i think she was right.,4,13,59,1,-0.17144122773605125,0.0,0.0,0.0,0.0,0.01,0.0,0.0,0.0,0.0,0.0,0.0,0.01,0.0,0.0,0.0,0.0,0.0,0.0,0.0,0.01,0.0,0.0,0.02,0.0,0.02,0.0,0.01,0.01,0.0,0.0,0.0,0.01,0.01,0.0,0.0,0.0,0.0,0.0,0.01,0.0,0.0,0.01,0.03,0.0,0.01,0.01,0.02,0.03,0.01,0.0,0.0,0.0,0.02,0.01,0.08,0.0,0,0,1.0,0.07692307692307693,1,0.0005036151718260998,0,0.7678571428571428,-0.10714285714285715,0.6447999999999999,easy,9.174,0,0,1,0,1,0,0,0,0,0,1,0,0,0,0,0,0,1,1,0,0
294,149,1,5d482ea721c9be351f762e32,2020-07-24 14:05:44.254000+00:00,the man is trying to be respectful to his husband,0.8,2,0.4,5,the man is trying to be respectful to his husband,5,10,49,1,-0.36733781435741436,-0.21296474426741382,0.0,0.0,0.0,0.0,0.0,0.0,0.0,0.009999999999999998,0.0,0.0,0.009999999999999998,0.0,0.0,0.0,0.0,0.0,0.0,0.009999999999999998,0.0,0.0,0.0,0.0,0.009999999999999998,0.009999999999999998,0.0,0.0,0.0,0.0,0.0,0.0,0.03,0.0,0.0,0.0,0.0,0.0,0.0,0.0,0.0,0.0,0.0,0.019999999999999997,0.0,0.009999999999999998,0.0,0.019999999999999997,0.0,0.019999999999999997,0.0,0.0,0.0,0.009999999999999998,0.0,0.06,0.0,0,0,0.9,0.0,3,0.0,0,0.7,0.5,0.496,easy,1.231,0,0,0,0,0,0,0,0,0,0,0,0,0,0,0,0,0,1,0,0,0
294,149,1,5d482ea721c9be351f762da1,2020-07-24 14:05:52.807000+00:00,son is being an asshole to his mother all three know english and its good practice for his huband,0.8,2,0.4,5,son is being an asshole to his mother. all three know english and it's good practice for his huband,6,19,97,1,0.5141968254387196,0.7453766049359484,0.0,0.0,0.0,0.01,0.01,0.01,0.0,0.01,0.0,0.0,0.02,0.0,0.01,0.0,0.0,0.0,0.0,0.02,0.0,0.0,0.01,0.01,0.0,0.02,0.0,0.0,0.0,0.0,0.0,0.0,0.04,0.01,0.0,0.01,0.0,0.0,0.01,0.0,0.0,0.0,0.0,0.03,0.0,0.01,0.01,0.02,0.03,0.02,0.0,0.0,0.0,0.01,0.0,0.09999999999999999,0.0,0,0,0.9473684210526315,0.0,4,0.0,0,0.30000000000000004,0.35,0.9424,easy,8.553,0,0,0,0,0,0,0,0,0,0,0,0,0,0,0,0,0,1,0,0,0
294,149,1,5f1adfc446a7f03dda9a9d49,2020-07-24 14:06:10.838000+00:00,i think that they should speak english and it rude not to but i do not think this makes him an asshole,0.8,2,0.4,5,i think that they should speak english and it rude not to but i do not think this makes him an asshole,7,22,102,1,0.6121451187494011,0.8518589770696553,0.01,0.01,0.0,0.02,0.0,0.01,0.0,0.0,0.0,0.0,0.01,0.02,0.01,0.0,0.0,0.0,0.0,0.0,0.01,0.0,0.0,0.02,0.0,0.04,0.01,0.0,0.0,0.0,0.0,0.0,0.03,0.03,0.0,0.0,0.0,0.01,0.02,0.02,0.0,0.0,0.03,0.05,0.0,0.01,0.02,0.02,0.08,0.01,0.0,0.01,0.0,0.0,0.02,0.15,0.0,0,0,0.8636363636363636,0.09090909090909091,3,0.0009363478763192176,0,0.3,-0.15,1.0912,easy,18.031,0,0,1,0,1,0,0,0,0,0,1,1,0,0,0,0,0,0,1,0,0
294,149,1,5ee14692896280243c135226,2020-07-24 14:06:16.175000+00:00,her mother should understand,0.8,2,0.4,5,her mother should understand.,8,4,28,1,-0.9550275742215037,-0.8518589770696553,0.01,0.0,0.0,0.0,0.0,0.0,0.0,0.0,0.0,0.0,0.01,0.0,0.0,0.0,0.0,0.0,0.0,0.01,0.0,0.0,0.0,0.01,0.0,0.01,0.01,0.0,0.0,0.0,0.0,0.0,0.02,0.0,0.0,0.0,0.0,0.0,0.0,0.0,0.0,0.0,0.0,0.02,0.0,0.0,0.0,0.01,0.02,0.0,0.0,0.0,0.0,0.0,0.0,0.02,0.0,0,0,1.0,0.0,1,0.0,0,0.0,0.0,0.1984,easy,5.337,0,0,1,0,0,0,0,0,0,0,0,0,0,0,0,0,0,0,0,0,0
294,149,1,5e31d694e31c5304c46f13ec,2020-07-24 14:06:22.313000+00:00,its only respectful to use a language that includes everybody he can understand english so it should be used around the mothers house,0.8,2,0.4,5,"its only respectful to use a language that includes everybody, he can understand english so it should be used around the mothers house.",9,23,133,1,0.9059899986814458,1.171306093470776,0.01,0.0,0.01,0.01,0.01,0.02,0.0,0.0,0.03,0.0,0.01,0.0,0.0,0.0,0.0,0.0,0.0,0.01,0.0,0.0,0.0,0.01,0.0,0.03,0.01,0.01,0.01,0.0,0.0,0.0,0.04,0.04,0.0,0.0,0.0,0.02,0.0,0.0,0.0,0.0,0.0,0.06,0.0,0.02,0.01,0.03,0.07,0.02,0.0,0.0,0.0,0.02,0.0,0.12,0.0,0,0,1.0,0.0,1,0.0022935779816513763,0,0.5666666666666667,0.16666666666666666,1.1408,easy,6.138,0,0,1,0,0,0,0,0,0,0,0,0,0,0,0,0,1,1,0,0,0
294,149,1,5d482ea721c9be351f762da1,2020-07-24 14:06:34.917000+00:00,son can switch between english and german if need be he doesnt have to exclude his mother,0.8,2,0.4,5,son can switch between english and german if need be. he doesn't have to exclude his mother.,10,17,89,1,0.31830023881735653,0.5324118606685345,0.02,0.0,0.0,0.02,0.0,0.01,0.0,0.0,0.0,0.0,0.02,0.01,0.0,0.0,0.0,0.0,0.0,0.02,0.0,0.0,0.0,0.0,0.0,0.04,0.0,0.0,0.0,0.0,0.0,0.0,0.04,0.0,0.0,0.0,0.0,0.0,0.0,0.0,0.0,0.01,0.02,0.05,0.0,0.0,0.01,0.04,0.04,0.02,0.0,0.0,0.0,0.0,0.0,0.09,0.0,0,0,1.0,0.0,4,0.0006161429451632779,0,0.0,0.0,0.8432,easy,12.604,0,0,0,0,0,0,0,0,0,0,0,0,0,0,0,0,0,0,0,0,0
294,149,1,5f1adfc446a7f03dda9a9d49,2020-07-24 14:06:45.182000+00:00,yes true why can he not just speak both at home,0.8,2,0.4,5,yes true why can he not just speak both at home,11,11,47,1,-0.2693895210467328,-0.10648237213370691,0.0,0.009999999999999998,0.009999999999999998,0.0,0.009999999999999998,0.009999999999999998,0.0,0.0,0.009999999999999998,0.0,0.009999999999999998,0.009999999999999998,0.0,0.0,0.0,0.0,0.0,0.0,0.0,0.009999999999999998,0.009999999999999998,0.0,0.0,0.009999999999999998,0.0,0.0,0.019999999999999997,0.0,0.0,0.0,0.019999999999999997,0.0,0.0,0.0,0.0,0.009999999999999998,0.0,0.0,0.0,0.0,0.019999999999999997,0.009999999999999998,0.0,0.0,0.019999999999999997,0.009999999999999998,0.049999999999999996,0.009999999999999998,0.0,0.009999999999999998,0.0,0.0,0.0,0.06999999999999999,0.0,0,0,1.0,0.0,2,0.0,0,0.65,0.35,0.5456,easy,10.265,0,0,0,0,0,0,0,0,0,0,0,0,0,0,0,0,0,0,0,0,0
295,149,3,5f19a74446a7f03dda9a2587,2020-07-24 14:35:21.717000+00:00,i think that he doesnt care his mother feelings,0.5,2,0.333333333,6,i think that he doesn't care his mother feelings.,1,9,47,1,-0.5632344009787775,-0.40984836944784747,0.0,0.0,0.0,0.0,0.0,0.0,0.0,0.0,0.0,0.0,0.019999999999999997,0.009999999999999998,0.0,0.0,0.0,0.0,0.0,0.009999999999999998,0.0,0.0,0.009999999999999998,0.019999999999999997,0.0,0.029999999999999995,0.0,0.0,0.0,0.0,0.0,0.0,0.029999999999999995,0.009999999999999998,0.0,0.0,0.0,0.0,0.0,0.009999999999999998,0.009999999999999998,0.0,0.0,0.029999999999999995,0.0,0.0,0.0,0.009999999999999998,0.019999999999999997,0.0,0.0,0.009999999999999998,0.0,0.0,0.009999999999999998,0.039999999999999994,0.0,0,0,1.0,0.1111111111111111,0,0.0,0,0.0,0.0,0.44639999999999996,easy,0.0,0,0,1,0,1,0,0,0,0,0,0,1,0,0,0,0,0,0,0,0,0
295,149,3,5d482ea721c9be351f762e32,2020-07-24 14:35:26.377000+00:00,well it seems the sons partner speaks english well just with an accent,0.5,2,0.333333333,6,"well, it seems the son's partner speaks english well, just with an accent.",2,13,70,1,-0.07349293442536971,0.29020319327363103,0.0,0.009999999999999998,0.0,0.0,0.0,0.009999999999999998,0.0,0.0,0.03,0.0,0.0,0.0,0.0,0.0,0.0,0.0,0.0,0.009999999999999998,0.0,0.0,0.019999999999999997,0.009999999999999998,0.009999999999999998,0.009999999999999998,0.0,0.0,0.0,0.0,0.0,0.0,0.03,0.009999999999999998,0.0,0.0,0.0,0.0,0.0,0.0,0.0,0.009999999999999998,0.009999999999999998,0.009999999999999998,0.009999999999999998,0.019999999999999997,0.03,0.0,0.03,0.009999999999999998,0.0,0.009999999999999998,0.0,0.019999999999999997,0.0,0.049999999999999996,0.0,0,0,0.9230769230769231,0.0,0,0.0,0,0.0,0.0,0.6447999999999999,easy,4.66,0,0,1,0,1,0,0,0,0,0,0,0,0,0,0,0,0,1,0,0,0
295,149,3,5e31d694e31c5304c46f13ec,2020-07-24 14:35:30.858000+00:00,the mother has a right to stop them,0.5,2,0.333333333,6,the mother has a right to stop them,3,8,35,1,-0.5632344009787775,-0.40984836944784747,0.0,0.0,0.0,0.0,0.0,0.0,0.0,0.0,0.0,0.0,0.0,0.0,0.0,0.0,0.0,0.0,0.0,0.009999999999999998,0.0,0.0,0.0,0.0,0.0,0.009999999999999998,0.0,0.0,0.019999999999999997,0.0,0.009999999999999998,0.0,0.019999999999999997,0.0,0.0,0.0,0.0,0.0,0.0,0.0,0.0,0.0,0.0,0.009999999999999998,0.0,0.019999999999999997,0.0,0.009999999999999998,0.009999999999999998,0.009999999999999998,0.0,0.0,0.0,0.019999999999999997,0.0,0.049999999999999996,0.0,0,0,1.0,0.0,1,0.0,0,0.5357142857142857,0.2857142857142857,0.3968,easy,4.481,0,0,0,0,0,0,0,0,0,0,0,0,0,0,0,0,0,1,0,0,0
295,149,3,5d482ea721c9be351f762da1,2020-07-24 14:35:33.585000+00:00,it was a private conversation and her addressing of the situation was an asshole move she could have started a convo in english,0.5,2,0.333333333,6,it was a private conversation and her addressing of the situation was an asshole move. she could have started a convo in english.,4,23,127,1,0.9059899986814458,1.690306318716588,0.01,0.0,0.0,0.01,0.0,0.01,0.0,0.0,0.0,0.0,0.02,0.0,0.01,0.0,0.0,0.0,0.0,0.0,0.0,0.0,0.0,0.0,0.0,0.01,0.0,0.03,0.03,0.0,0.0,0.0,0.04,0.01,0.0,0.0,0.0,0.0,0.01,0.0,0.0,0.0,0.0,0.05,0.0,0.04,0.01,0.04,0.02,0.02,0.0,0.0,0.0,0.02,0.0,0.13,0.0,0,0,0.9130434782608695,0.0,3,0.0,0,0.1875,0.0,1.8273217391304348,easy,2.727,0,0,0,0,0,0,0,0,0,0,0,0,0,0,0,0,0,0,0,0,0
295,149,3,5ee14692896280243c135226,2020-07-24 14:35:41.027000+00:00,this is also another difficult scenario but i feel they shouldnt exclude the mother,0.5,2,0.333333333,6,this is also another difficult scenario but i feel they shouldn't exclude the mother.,5,14,83,1,-0.07349293442536971,0.29020319327363103,0.01,0.0,0.0,0.02,0.0,0.0,0.0,0.0,0.01,0.0,0.0,0.01,0.0,0.0,0.0,0.0,0.0,0.01,0.01,0.0,0.0,0.01,0.0,0.02,0.01,0.0,0.0,0.0,0.0,0.0,0.02,0.01,0.0,0.0,0.0,0.0,0.0,0.01,0.01,0.0,0.02,0.03,0.0,0.01,0.01,0.02,0.04,0.0,0.0,0.01,0.0,0.0,0.01,0.06,0.0,0,0,1.0,0.07142857142857142,1,0.0,0,1.0,-0.5,0.6944,easy,7.442,0,0,1,0,1,0,0,0,0,0,1,0,0,0,0,0,0,0,1,0,0
295,149,3,5f1adfc446a7f03dda9a9d49,2020-07-24 14:35:49.420000+00:00,i have mixed feelings about this,0.5,2,0.333333333,6,i have mixed feelings about this,6,6,32,1,-0.8570792809108222,-0.8298793070807347,0.0,0.0,0.0,0.0,0.0,0.0,0.0,0.0,0.01,0.0,0.0,0.0,0.0,0.0,0.0,0.0,0.0,0.0,0.0,0.0,0.0,0.01,0.0,0.01,0.0,0.0,0.0,0.0,0.0,0.0,0.0,0.01,0.0,0.0,0.0,0.0,0.0,0.01,0.01,0.0,0.0,0.01,0.0,0.0,0.0,0.01,0.01,0.01,0.0,0.01,0.0,0.0,0.01,0.04,0.0,0,0,1.0,0.16666666666666666,1,0.00015518311607697082,0,0.25,0.0,0.2976,easy,8.393,0,0,0,0,0,0,0,0,0,0,0,1,0,0,0,0,0,0,0,0,0
295,149,3,5d482ea721c9be351f762e32,2020-07-24 14:35:52.336000+00:00,the mother seems to be making a reasonable request to ask them to speak english,0.5,2,0.333333333,6,the mother seems to be making a reasonable request to ask them to speak english,7,15,79,1,0.1224036521959934,0.5702238183622225,0.0,0.01,0.0,0.0,0.0,0.0,0.0,0.0,0.0,0.0,0.0,0.0,0.0,0.0,0.0,0.0,0.0,0.01,0.0,0.0,0.0,0.02,0.0,0.02,0.0,0.0,0.0,0.0,0.0,0.0,0.05,0.0,0.0,0.0,0.0,0.02,0.0,0.0,0.0,0.01,0.0,0.030000000000000002,0.0,0.02,0.0,0.01,0.030000000000000002,0.030000000000000002,0.0,0.01,0.0,0.02,0.0,0.07,0.0,0,0,0.8666666666666667,0.0,0,0.0,0,0.3,0.1,0.744,easy,2.916,0,0,1,0,1,0,0,0,0,0,0,0,0,0,0,0,0,1,0,0,0
295,149,3,5d482ea721c9be351f762da1,2020-07-24 14:35:57.375000+00:00,inspiredzebra it was a private convo,0.5,2,0.333333333,6,inspiredzebra it was a private convo,8,6,36,1,-0.7591309876001406,-0.6898689945364389,0.0,0.0,0.0,0.0,0.0,0.0,0.0,0.0,0.0,0.0,0.0,0.0,0.0,0.0,0.0,0.0,0.0,0.0,0.0,0.0,0.009999999999999998,0.009999999999999998,0.0,0.0,0.0,0.009999999999999998,0.0,0.0,0.0,0.0,0.009999999999999998,0.009999999999999998,0.0,0.0,0.0,0.0,0.0,0.0,0.0,0.0,0.0,0.009999999999999998,0.0,0.009999999999999998,0.0,0.009999999999999998,0.009999999999999998,0.0,0.0,0.0,0.0,0.009999999999999998,0.0,0.03,0.0,0,0,1.0,0.0,1,0.0,0,0.375,0.0,0.2976,easy,5.039,0,0,0,0,0,0,0,0,0,0,0,0,0,0,0,0,0,0,0,0,0
295,149,3,5d482ea721c9be351f762e18,2020-07-24 14:36:01.961000+00:00,why are they treating his mother like an outcast,0.5,2,0.333333333,6,why are they treating his mother like an outcast?,9,9,48,1,-0.4652861076680959,-0.2698380569035518,0.0,0.0,0.0,0.0,0.0,0.0,0.0,0.0,0.0,0.0,0.009999999999999998,0.0,0.0,0.0,0.0,0.0,0.0,0.009999999999999998,0.0,0.0,0.009999999999999998,0.0,0.0,0.009999999999999998,0.0,0.0,0.0,0.0,0.0,0.0,0.03,0.0,0.0,0.0,0.0,0.009999999999999998,0.0,0.0,0.0,0.0,0.0,0.009999999999999998,0.0,0.009999999999999998,0.0,0.009999999999999998,0.009999999999999998,0.0,0.0,0.0,0.0,0.009999999999999998,0.0,0.05,0.0,1,0,1.0,0.0,0,0.0,0,0.0,0.0,0.44639999999999996,easy,4.586,0,0,0,0,0,0,0,0,0,0,0,0,0,0,0,1,0,1,1,0,0
295,149,3,5e31d694e31c5304c46f13ec,2020-07-24 14:36:03.925000+00:00,private conversations should not be near the mother,0.5,2,0.333333333,6,private conversations should not be near the mother,10,8,51,1,-0.5632344009787775,-0.40984836944784747,0.01,0.0,0.0,0.0,0.0,0.0,0.0,0.0,0.0,0.0,0.0,0.01,0.0,0.0,0.0,0.0,0.0,0.01,0.0,0.0,0.0,0.0,0.0,0.0,0.01,0.0,0.01,0.0,0.0,0.0,0.03,0.0,0.0,0.0,0.0,0.0,0.0,0.0,0.0,0.0,0.01,0.02,0.0,0.01,0.0,0.02,0.02,0.01,0.0,0.0,0.0,0.0,0.0,0.04,0.0,0,0,1.0,0.0,0,0.0008496176720475786,0,0.3875,0.05,6.00705,difficult,1.964,0,0,1,0,0,0,0,0,0,0,0,0,0,0,0,0,0,0,0,0,0
295,149,3,5d482ea721c9be351f762da1,2020-07-24 14:36:04.495000+00:00,exciteddolphin she didnt do it polite,0.5,2,0.333333333,6,exciteddolphin she didn't do it polite,11,6,37,1,-0.7591309876001406,-0.6898689945364389,0.0,0.0,0.0,0.0,0.0,0.0,0.0,0.0,0.0,0.0,0.01,0.01,0.0,0.0,0.0,0.0,0.0,0.0,0.0,0.0,0.01,0.0,0.0,0.01,0.0,0.01,0.0,0.0,0.0,0.0,0.01,0.01,0.0,0.0,0.0,0.0,0.0,0.0,0.0,0.0,0.0,0.02,0.0,0.0,0.0,0.02,0.0,0.0,0.0,0.0,0.0,0.01,0.0,0.030000000000000002,0.0,0,0,1.0,0.0,0,0.0,0,0.0,0.0,6.565766666666667,difficult,0.57,0,0,0,0,0,0,0,0,0,0,0,0,0,0,0,0,0,1,0,0,0
295,149,3,5f1adfc446a7f03dda9a9d49,2020-07-24 14:36:17.400000+00:00,theyve only said a few sentences to her which is rude,0.5,2,0.333333333,6,they've only said a few sentences to her which is rude,12,11,53,1,-0.2693895210467328,0.010182568185039629,0.0,0.01,0.0,0.0,0.0,0.0,0.0,0.0,0.01,0.0,0.01,0.0,0.0,0.0,0.0,0.0,0.0,0.0,0.01,0.01,0.0,0.0,0.0,0.02,0.0,0.01,0.0,0.0,0.0,0.0,0.030000000000000002,0.01,0.0,0.0,0.0,0.0,0.01,0.0,0.0,0.0,0.0,0.030000000000000002,0.0,0.01,0.0,0.02,0.0,0.01,0.0,0.01,0.0,0.01,0.0,0.07,0.0,0,0,1.0,0.0,0,0.0,0,0.5666666666666668,-0.16666666666666666,0.5456,easy,12.905,0,0,0,0,0,0,0,0,0,0,0,0,0,0,0,0,0,0,1,0,0
295,149,3,5ee14692896280243c135226,2020-07-24 14:36:24.103000+00:00,it is reasonable since they are in her house they use a common language,0.5,2,0.333333333,6,it is reasonable since they are in her house they use a common language.,13,14,71,1,0.024455358885311848,0.4302135058179268,0.0,0.0,0.01,0.0,0.0,0.0,0.0,0.0,0.0,0.0,0.01,0.0,0.0,0.0,0.0,0.0,0.0,0.0,0.0,0.0,0.0,0.01,0.0,0.03,0.0,0.0,0.02,0.0,0.0,0.0,0.04,0.01,0.0,0.0,0.0,0.03,0.0,0.0,0.0,0.0,0.0,0.03,0.0,0.01,0.0,0.02,0.03,0.02,0.0,0.0,0.0,0.02,0.0,0.08,0.0,0,0,0.9285714285714286,0.0,3,0.0,0,0.55,-0.04999999999999999,0.6944,easy,6.703,0,0,0,0,0,0,0,0,0,0,0,0,0,0,0,0,0,1,0,0,0
295,149,3,5f1adfc446a7f03dda9a9d49,2020-07-24 14:36:30.938000+00:00,and its her house and if it was me i would also probably feel excluded if they did that,0.5,2,0.333333333,6,and it's her house and if it was me i would also probably feel excluded if they did that,14,19,87,1,0.31830023881735653,0.8502444434508138,0.03,0.0,0.01,0.049999999999999996,0.0,0.02,0.0,0.0,0.02,0.0,0.01,0.0,0.0,0.0,0.0,0.0,0.0,0.0,0.0,0.0,0.0,0.01,0.0,0.01,0.01,0.02,0.0,0.0,0.0,0.0,0.02,0.03,0.0,0.0,0.0,0.0,0.0,0.02,0.01,0.03,0.03,0.04,0.0,0.0,0.02,0.03,0.08,0.0,0.0,0.01,0.0,0.0,0.02,0.13,0.01,0,0,0.8947368421052632,0.10526315789473684,3,0.004081632653061225,1,0.0,0.0,0.9424,easy,6.835,0,0,1,0,1,0,0,0,0,0,1,0,0,0,0,0,1,0,0,0,0
296,150,0,5d482ea821c9be351f7631de,2020-07-24 13:41:42.537000+00:00,the person seems stuck between two sides to me i  dont blame the man for what he did,1.0,0,0.0,2,the person seems stuck between two sides to me. i  don't blame the man for what he did.,1,18,84,1,0.22035194550667497,0.052819283722873554,0.0,0.0,0.0,0.0,0.0,0.0,0.0,0.0,0.0,0.0,0.009999999999999998,0.009999999999999998,0.0,0.0,0.0,0.0,0.0,0.0,0.0,0.0,0.0,0.009999999999999998,0.019999999999999997,0.019999999999999997,0.0,0.019999999999999997,0.009999999999999998,0.0,0.0,0.0,0.039999999999999994,0.009999999999999998,0.0,0.0,0.0,0.0,0.009999999999999998,0.019999999999999997,0.0,0.009999999999999998,0.0,0.039999999999999994,0.0,0.019999999999999997,0.0,0.019999999999999997,0.009999999999999998,0.03,0.0,0.0,0.0,0.0,0.019999999999999997,0.09999999999999999,0.0,0,0,0.9444444444444444,0.1111111111111111,0,0.0,0,0.0,0.0,0.8927999999999999,easy,0.0,0,0,1,0,1,0,0,0,0,0,1,0,0,0,0,0,0,0,1,0,0
296,150,0,5f19b1da46a7f03dda9a327a,2020-07-24 13:41:58.128000+00:00,either way someone is going to feel uncomfortable,1.0,0,0.0,2,"either way, someone is going to feel uncomfortable.",2,8,49,1,-0.5632344009787775,-0.7017419123181765,0.0,0.0,0.0,0.0,0.0,0.0,0.0,0.0,0.0,0.009999999999999998,0.0,0.0,0.0,0.0,0.0,0.0,0.0,0.0,0.0,0.009999999999999998,0.0,0.009999999999999998,0.0,0.019999999999999997,0.0,0.0,0.019999999999999997,0.0,0.0,0.0,0.009999999999999998,0.009999999999999998,0.0,0.0,0.0,0.0,0.0,0.0,0.009999999999999998,0.009999999999999998,0.009999999999999998,0.019999999999999997,0.0,0.0,0.0,0.009999999999999998,0.03,0.009999999999999998,0.0,0.009999999999999998,0.0,0.0,0.0,0.019999999999999997,0.0,0,0,1.0,0.0,1,0.0,0,1.0,-0.5,6.00705,difficult,15.591,0,0,1,0,0,0,0,0,0,0,0,0,0,0,0,0,0,0,1,0,0
296,150,0,5d482ea821c9be351f7631de,2020-07-24 13:42:05.800000+00:00,he could translate things to his mom instead ,1.0,0,0.0,2,he could translate things to his mom instead. ,3,8,45,1,-0.5632344009787775,-0.7017419123181765,0.01,0.0,0.0,0.0,0.0,0.0,0.0,0.0,0.01,0.0,0.02,0.0,0.0,0.0,0.0,0.0,0.0,0.01,0.0,0.0,0.0,0.0,0.0,0.0,0.0,0.0,0.0,0.0,0.0,0.0,0.03,0.01,0.0,0.0,0.0,0.0,0.0,0.0,0.0,0.0,0.0,0.01,0.0,0.0,0.0,0.01,0.01,0.01,0.0,0.0,0.0,0.0,0.0,0.03,0.0,0,0,1.0,0.0,1,0.0,0,0.0,0.0,0.3968,easy,7.672,0,0,0,0,0,0,0,0,0,0,0,0,0,0,0,0,0,0,0,0,0
296,150,0,5f19b1da46a7f03dda9a327a,2020-07-24 13:42:23.202000+00:00,that was my thought as well he could simply translate what is being said,1.0,0,0.0,2,that was my thought as well. he could simply translate what is being said.,4,14,72,1,-0.07349293442536971,-0.23014116479252023,0.009999999999999998,0.009999999999999998,0.0,0.009999999999999998,0.0,0.0,0.0,0.0,0.019999999999999997,0.0,0.009999999999999998,0.0,0.0,0.0,0.0,0.0,0.0,0.0,0.0,0.0,0.009999999999999998,0.009999999999999998,0.0,0.009999999999999998,0.0,0.03,0.0,0.0,0.0,0.0,0.019999999999999997,0.019999999999999997,0.0,0.0,0.0,0.0,0.0,0.009999999999999998,0.0,0.0,0.0,0.06,0.0,0.0,0.009999999999999998,0.039999999999999994,0.019999999999999997,0.009999999999999998,0.0,0.009999999999999998,0.0,0.009999999999999998,0.009999999999999998,0.07999999999999999,0.0,0,0,1.0,0.07142857142857142,2,0.002898550724637681,0,0.35714285714285715,0.0,0.6944,easy,17.402,0,0,1,0,0,0,0,0,0,0,1,0,0,0,0,0,0,1,0,0,0
296,150,0,5d482ea821c9be351f7631de,2020-07-24 13:42:43.328000+00:00,but then they could just leave his moms house and go home ,1.0,0,0.0,2,"but then, they could just leave his mom's house and go home. ",5,12,58,1,-0.17144122773605125,-0.3244613142976515,0.009999999999999998,0.0,0.019999999999999997,0.03,0.0,0.009999999999999998,0.0,0.0,0.009999999999999998,0.0,0.009999999999999998,0.0,0.0,0.0,0.0,0.0,0.0,0.009999999999999998,0.0,0.0,0.0,0.0,0.0,0.009999999999999998,0.0,0.0,0.03,0.0,0.0,0.0,0.03,0.0,0.0,0.0,0.0,0.0,0.0,0.0,0.0,0.0,0.019999999999999997,0.019999999999999997,0.0,0.0,0.03,0.009999999999999998,0.039999999999999994,0.0,0.0,0.0,0.0,0.0,0.0,0.06,0.0,0,0,1.0,0.0,1,0.0,0,0.0,0.0,0.5952,easy,20.126,0,0,0,0,0,0,0,0,0,0,0,0,0,0,0,0,1,0,0,0,0
296,150,0,5f1adee846a7f03dda9a9cec,2020-07-24 13:42:50.231000+00:00,i dont believe this person is the asshole here i can understand the mothers point of view but they are living together for 6 months the mother will probably begin to pick up on german and thats a plus a free skill,1.0,0,0.0,2,"i don't believe this person is the asshole here. i can understand the mothers point of view but they are living together for 6 months, the mother will probably begin to pick up on german and that's a plus, a free skill.",6,42,213,1,2.5711109849630325,2.316502871846024,0.0,0.0,0.0,0.03,0.0,0.02,0.01,0.01,0.02,0.0,0.0,0.01,0.01,0.0,0.01,0.01,0.0,0.02,0.0,0.0,0.01,0.02,0.01,0.08,0.01,0.0,0.06,0.0,0.0,0.0,0.04,0.02,0.0,0.0,0.01,0.01,0.01,0.02,0.0,0.01,0.01,0.09,0.0,0.049999999999999996,0.02,0.06,0.07,0.06,0.0,0.01,0.0,0.04,0.02,0.20999999999999996,0.01,0,0,0.9047619047619048,0.047619047619047616,3,0.0,1,0.4,0.2,2.0831999999999997,easy,6.903,0,0,1,0,0,0,0,0,0,0,1,1,0,0,0,0,0,1,0,0,0
296,150,0,5f19afaa46a7f03dda9a2de5,2020-07-24 13:43:17.559000+00:00,were now at my mothers house it means i have to choose between including my mother in the conversation or making my husband comfortable i chose the latter but this means that over the weekend ive talked mostly,1.0,0,0.0,2,"we're now at my mother's house. it means i have to choose between including my mother in the conversation or making my husband comfortable. i chose the latter, but this means that over the weekend i've talked mostly",7,38,209,1,1.8854729317882615,1.6562618253101051,0.0,0.0,0.009999999999999998,0.019999999999999997,0.0,0.009999999999999998,0.0,0.0,0.019999999999999997,0.0,0.0,0.0,0.0,0.0,0.0,0.0,0.0,0.03,0.0,0.0,0.009999999999999998,0.03,0.0,0.039999999999999994,0.0,0.019999999999999997,0.049999999999999996,0.0,0.0,0.0,0.049999999999999996,0.03,0.0,0.0,0.0,0.009999999999999998,0.0,0.06,0.0,0.019999999999999997,0.019999999999999997,0.06,0.0,0.03,0.009999999999999998,0.03,0.07999999999999999,0.049999999999999996,0.0,0.0,0.0,0.009999999999999998,0.049999999999999996,0.21,0.0,0,0,0.8421052631578947,0.13157894736842105,6,0.010419243163460778,0,0.43333333333333335,0.3,2.3003263157894738,easy,27.328,0,0,1,0,0,0,0,0,0,0,1,0,0,0,0,0,0,1,0,0,0
297,150,2,5f1adee846a7f03dda9a9cec,2020-07-24 14:11:01.316000+00:00,the mother is being pretty stuck up in this scenario,0.5,0,0.0,4,the mother is being pretty stuck up in this scenario,1,10,52,1,-0.36733781435741436,-0.6484181353014964,0.0,0.0,0.0,0.0,0.0,0.0,0.0,0.0,0.0,0.0,0.0,0.0,0.0,0.0,0.0,0.0,0.0,0.01,0.0,0.0,0.01,0.0,0.0,0.01,0.0,0.01,0.02,0.0,0.0,0.0,0.01,0.01,0.0,0.0,0.0,0.0,0.0,0.0,0.0,0.01,0.0,0.030000000000000002,0.0,0.01,0.0,0.02,0.01,0.02,0.0,0.0,0.0,0.01,0.0,0.060000000000000005,0.0,0,0,1.0,0.0,0,0.0,0,1.0,0.25,0.496,easy,0.0,0,0,0,0,0,0,0,0,0,0,0,0,0,0,0,0,0,1,1,0,0
297,150,2,5f19afaa46a7f03dda9a2de5,2020-07-24 14:11:16.592000+00:00,they said what i did was incredibly disrpesectful and that im flaunting my white privlege by doing this shit and im acting racist somehow telling someone you should learn the language of the country you live in is racist,0.5,0,0.0,4,they said what i did was incredibly disrpesectful and that i'm flaunting my white privlege by doing this shit and i'm acting racist. somehow telling someone you should learn the language of the country you live in is racist.,2,39,220,1,2.2772661050309875,2.9672177713253247,0.01,0.01,0.0,0.02,0.0,0.02,0.01,0.0,0.01,0.0,0.0,0.0,0.01,0.0,0.0,0.01,0.01,0.0,0.01,0.0,0.0,0.01,0.0,0.01,0.01,0.030000000000000002,0.02,0.0,0.0,0.0,0.06999999999999999,0.04,0.0,0.01,0.0,0.0,0.01,0.02,0.0,0.02,0.0,0.060000000000000005,0.0,0.02,0.02,0.05,0.060000000000000005,0.030000000000000002,0.0,0.02,0.02,0.01,0.02,0.2,0.0,0,0,0.8717948717948718,0.05128205128205128,5,0.0,0,0.44000000000000006,0.16727272727272727,2.3392717948717947,easy,15.276,0,0,1,0,0,0,0,0,0,0,1,0,1,0,0,0,0,1,1,0,0
297,150,2,5f19b1da46a7f03dda9a327a,2020-07-24 14:11:17.164000+00:00,i dont think it is wrong of the mother to ask them to speak english so she doesnt feel left out,0.5,0,0.0,4,i don't think it is wrong of the mother to ask them to speak english so she doesn't feel left out.,3,21,95,1,0.6121451187494011,0.6907062745602893,0.0,0.009999999999999998,0.0,0.009999999999999998,0.0,0.009999999999999998,0.0,0.0,0.009999999999999998,0.0,0.009999999999999998,0.019999999999999997,0.0,0.0,0.0,0.0,0.0,0.009999999999999998,0.009999999999999998,0.0,0.0,0.019999999999999997,0.0,0.06,0.0,0.0,0.019999999999999997,0.0,0.0,0.0,0.049999999999999996,0.009999999999999998,0.0,0.0,0.0,0.0,0.0,0.009999999999999998,0.009999999999999998,0.0,0.0,0.06,0.0,0.009999999999999998,0.009999999999999998,0.03,0.03,0.039999999999999994,0.0,0.019999999999999997,0.0,0.0,0.009999999999999998,0.11,0.0,0,0,0.9523809523809523,0.047619047619047616,3,0.00015518311607697082,0,0.3,-0.16666666666666666,1.0415999999999999,easy,0.572,0,0,1,0,1,0,0,0,0,0,0,1,0,0,0,0,1,0,1,0,0
297,150,2,5d482ea821c9be351f7631de,2020-07-24 14:11:21.200000+00:00,i think this person is the cause of the problem she could just keep her peace and let them speak whatever,0.5,0,0.0,4,i think this person is the cause of the problem. she could just keep her peace and let them speak whatever.,4,21,105,1,0.6121451187494011,0.6907062745602893,0.020000000000000004,0.010000000000000002,0.0,0.010000000000000002,0.0,0.010000000000000002,0.0,0.0,0.010000000000000002,0.0,0.020000000000000004,0.0,0.0,0.0,0.0,0.0,0.0,0.0,0.0,0.0,0.010000000000000002,0.010000000000000002,0.010000000000000002,0.03,0.0,0.0,0.0,0.0,0.010000000000000002,0.0,0.05,0.020000000000000004,0.0,0.0,0.0,0.010000000000000002,0.0,0.010000000000000002,0.0,0.0,0.010000000000000002,0.05,0.0,0.020000000000000004,0.03,0.03,0.07,0.010000000000000002,0.0,0.010000000000000002,0.0,0.010000000000000002,0.010000000000000002,0.11,0.0,0,0,0.9523809523809523,0.047619047619047616,6,0.0015250656314788067,0,0.0,0.0,1.0415999999999999,easy,4.036,0,0,1,0,1,0,0,0,0,0,0,1,0,0,0,0,0,1,1,0,0
297,150,2,5f19afaa46a7f03dda9a2de5,2020-07-24 14:11:46.538000+00:00,ust as you would introduce yourself to someone in real life start with a form of hello and the short version of why youre reaching out,0.5,0,0.0,4,"ust as you would introduce yourself to someone in real life, start with a form of ""hello"" and the short version of why you're reaching out",5,26,134,1,1.1998348786134905,1.4941809204773608,0.01,0.0,0.0,0.02,0.0,0.03,0.01,0.0,0.0,0.0,0.0,0.0,0.0,0.0,0.01,0.0,0.0,0.0,0.0,0.02,0.0,0.0,0.0,0.02,0.01,0.0,0.04,0.0,0.0,0.0,0.04,0.01,0.0,0.0,0.0,0.01,0.0,0.0,0.0,0.01,0.0,0.03,0.0,0.02,0.01,0.02,0.07,0.07,0.0,0.0,0.02,0.01,0.0,0.13,0.0,0,0,0.9615384615384616,0.0,4,0.0,0,0.30000000000000004,0.1,1.2895999999999999,easy,25.338,0,0,0,0,0,0,0,0,0,0,0,0,1,0,0,0,0,0,0,0,0
297,150,2,5eac67d8d5ea945196fa0dd1,2020-07-24 14:11:53.688000+00:00,i think that they are taking it too serious the mother meant no harm,0.5,0,0.0,4,"i think that they are taking it too serious, the mother meant no harm",6,14,68,1,-0.07349293442536971,-0.24668081234296063,0.0,0.0,0.0,0.0,0.0,0.0,0.0,0.0,0.01,0.0,0.0,0.01,0.0,0.0,0.0,0.0,0.0,0.01,0.01,0.0,0.0,0.02,0.0,0.030000000000000006,0.0,0.01,0.0,0.0,0.0,0.0,0.02,0.02,0.0,0.0,0.0,0.0,0.0,0.01,0.0,0.0,0.0,0.04,0.0,0.01,0.01,0.01,0.02,0.0,0.0,0.0,0.0,0.0,0.01,0.08,0.0,0,0,1.0,0.07142857142857142,1,0.0,0,0.6666666666666666,-0.3333333333333333,0.6944,easy,7.15,0,0,1,0,1,0,0,0,0,0,0,1,0,0,0,0,0,0,1,0,0
297,150,2,5f1ade4846a7f03dda9a9ce7,2020-07-24 14:11:56.441000+00:00,in my point of view there was wrong from mother as she said in a polite manner,0.5,0,0.0,4,in my point of view there was wrong from mother as she said in a polite manner,7,17,78,1,0.22035194550667497,0.15505651061557507,0.0,0.01,0.0,0.01,0.0,0.0,0.0,0.0,0.01,0.0,0.01,0.0,0.0,0.0,0.0,0.01,0.0,0.01,0.01,0.0,0.0,0.0,0.0,0.0,0.0,0.02,0.030000000000000002,0.0,0.0,0.0,0.030000000000000002,0.0,0.0,0.0,0.0,0.0,0.0,0.01,0.0,0.0,0.0,0.02,0.0,0.01,0.0,0.01,0.0,0.049999999999999996,0.0,0.02,0.0,0.02,0.01,0.09999999999999999,0.0,0,0,0.9411764705882353,0.058823529411764705,0,0.0008496176720475786,0,0.9,-0.5,0.8432,easy,2.753,0,0,0,0,0,0,0,0,0,0,1,0,0,0,0,0,0,1,1,0,0
297,150,2,5f19afaa46a7f03dda9a2de5,2020-07-24 14:12:04.044000+00:00,yesterday we were all in living room they started talking french of course,0.5,0,0.0,4,"yesterday we were all in living room, they started talking, french of course",8,13,74,1,-0.17144122773605125,-0.38059325332913924,0.0,0.0,0.01,0.0,0.01,0.01,0.01,0.0,0.0,0.0,0.0,0.0,0.0,0.0,0.01,0.0,0.0,0.0,0.0,0.0,0.0,0.0,0.0,0.0,0.0,0.02,0.04,0.0,0.0,0.0,0.030000000000000002,0.0,0.0,0.01,0.0,0.0,0.0,0.0,0.0,0.0,0.0,0.02,0.0,0.0,0.0,0.01,0.02,0.02,0.01,0.0,0.0,0.0,0.01,0.060000000000000005,0.0,0,0,1.0,0.07692307692307693,2,0.0,0,0.0,0.0,0.6447999999999999,easy,7.603,0,0,0,0,0,0,0,0,0,1,0,0,0,0,0,0,0,0,0,0,0
297,150,2,5f1adee846a7f03dda9a9cec,2020-07-24 14:12:19.993000+00:00,if the conversation were meant to include the mother it would be in english shes feeling left out because she cant throw in her 2 cents where it probably doesnt belong to begin with,0.5,0,0.0,4,"if the conversation were meant to include the mother it would be in english, shes feeling left out because she cant throw in her 2 cents where it probably doesn't belong to begin with",9,34,181,1,1.983421225098943,2.565480448366789,0.02,0.0,0.0,0.02,0.0,0.03,0.0,0.0,0.02,0.0,0.03,0.02,0.0,0.0,0.0,0.0,0.0,0.01,0.0,0.0,0.0,0.02,0.0,0.04,0.01,0.02,0.06999999999999999,0.0,0.0,0.0,0.05,0.02,0.0,0.0,0.01,0.01,0.0,0.0,0.01,0.02,0.01,0.08,0.0,0.02,0.01,0.06,0.09,0.06,0.0,0.01,0.0,0.0,0.0,0.16999999999999998,0.01,0,0,0.8823529411764706,0.0,3,0.0,1,0.0,0.0,2.150811764705882,easy,15.949,0,0,1,0,0,0,0,0,0,0,0,0,0,0,0,0,0,0,0,0,0
297,150,2,5f19afaa46a7f03dda9a2de5,2020-07-24 14:12:26.178000+00:00,pretty soon after that my son told me that i was making big deal,0.5,0,0.0,4,pretty soon after that. my son told me that i was making big deal,10,14,64,1,-0.2693895210467328,-0.5145056943153178,0.0,0.0,0.0,0.0,0.0,0.0,0.0,0.0,0.01,0.0,0.0,0.0,0.0,0.0,0.0,0.0,0.0,0.01,0.0,0.0,0.01,0.0,0.0,0.0,0.0,0.02,0.03,0.0,0.0,0.0,0.03,0.02,0.0,0.0,0.0,0.01,0.0,0.03,0.0,0.01,0.0,0.02,0.0,0.0,0.0,0.01,0.02,0.01,0.0,0.0,0.0,0.01,0.03,0.07,0.0,0,0,0.9285714285714286,0.21428571428571427,0,0.0,0,0.55,0.125,0.6944,easy,6.185,0,0,0,0,0,0,0,0,0,0,1,0,0,0,0,0,0,1,0,0,0
298,151,1,5ee25974896280243c13947a,2020-07-24 13:47:59.225000+00:00,i think this person is an asshole because it it very simple to take a quick phone call to help translate,1.0,1,0.25,4,i think this person is an asshole because it it very simple to take a quick phone call to help translate,1,21,104,1,0.6121451187494011,0.42109627733916427,0.0,0.0,0.0,0.01,0.0,0.0,0.0,0.0,0.02,0.0,0.0,0.0,0.01,0.0,0.0,0.0,0.0,0.0,0.0,0.01,0.0,0.01,0.01,0.030000000000000002,0.0,0.0,0.01,0.0,0.0,0.0,0.04,0.030000000000000002,0.0,0.0,0.0,0.01,0.01,0.01,0.0,0.0,0.0,0.030000000000000002,0.0,0.02,0.01,0.01,0.02,0.02,0.0,0.0,0.0,0.01,0.01,0.11,0.0,0,0,0.9047619047619048,0.047619047619047616,0,0.0,0,0.48214285714285715,0.16666666666666666,1.0415999999999999,easy,0.0,0,0,1,0,1,0,0,0,0,0,0,1,0,0,0,0,0,0,0,0,0
298,151,1,5f1adc9046a7f03dda9a9c96,2020-07-24 13:48:13.211000+00:00,i think she is an asshole,1.0,1,0.25,4,i think she is an asshole,2,6,25,1,-0.8570792809108222,-1.3836020541143967,0.0,0.0,0.0,0.0,0.0,0.0,0.0,0.0,0.0,0.0,0.01,0.0,0.01,0.0,0.0,0.0,0.0,0.0,0.0,0.0,0.0,0.01,0.0,0.02,0.0,0.0,0.0,0.0,0.0,0.0,0.01,0.0,0.0,0.0,0.0,0.0,0.01,0.01,0.0,0.0,0.0,0.02,0.0,0.01,0.0,0.01,0.01,0.0,0.0,0.0,0.0,0.0,0.01,0.04,0.0,0,0,1.0,0.16666666666666666,2,0.0008238201029820396,0,0.0,0.0,0.2976,easy,13.986,0,0,1,0,1,0,0,0,0,0,0,1,0,0,0,0,0,0,0,0,0
298,151,1,5ee25974896280243c13947a,2020-07-24 13:48:17.759000+00:00,i can only see there being an issue if it happens every hour ,1.0,1,0.25,4,i can only see there being an issue if it happens every hour. ,3,13,61,1,-0.17144122773605125,-0.5414094994360683,0.01,0.0,0.0,0.01,0.01,0.0,0.0,0.0,0.02,0.0,0.0,0.0,0.0,0.0,0.0,0.01,0.0,0.0,0.0,0.01,0.0,0.0,0.0,0.03,0.0,0.0,0.01,0.0,0.0,0.0,0.0,0.01,0.0,0.0,0.0,0.0,0.0,0.01,0.0,0.01,0.01,0.04,0.0,0.01,0.0,0.02,0.03,0.0,0.0,0.01,0.0,0.0,0.01,0.08,0.0,0,0,1.0,0.07692307692307693,1,0.00015518311607697082,0,1.0,0.0,0.6447999999999999,easy,4.548,0,0,0,0,0,0,0,0,0,0,0,1,0,0,0,0,0,0,1,0,0
298,151,1,5f19b41e46a7f03dda9a3763,2020-07-24 13:48:23.740000+00:00,i agree if it is only a 10 minute ordeal she should talk to her parents,1.0,1,0.25,4,"i agree, if it is only a 10 minute ordeal, she should talk to her parents.",4,16,71,1,0.1224036521959934,-0.1804698331453561,0.02,0.0,0.0,0.01,0.0,0.0,0.0,0.0,0.01,0.0,0.02,0.0,0.0,0.0,0.0,0.0,0.0,0.01,0.0,0.0,0.01,0.0,0.0,0.01,0.01,0.0,0.01,0.0,0.0,0.0,0.04,0.01,0.0,0.0,0.0,0.0,0.0,0.01,0.0,0.01,0.01,0.02,0.0,0.01,0.0,0.02,0.02,0.01,0.0,0.0,0.0,0.01,0.01,0.1,0.0,0,0,1.0,0.0625,2,0.003412512106304984,0,1.0,0.0,0.7936,easy,5.981,0,0,1,0,0,0,0,0,0,0,0,1,0,0,0,0,0,0,1,0,0
298,151,1,5f1adcf446a7f03dda9a9c9e,2020-07-24 13:48:35.276000+00:00,so my mom is his family too and he should be able to step up to the plate and help out my husband says that my parents should have just learned english on their own,1.0,1,0.25,4,"so my mom is his family too, and he should be able to step up to the plate and help out. my husband says that my parents should have just learned english on their own",5,35,164,1,1.7875246384775798,1.8648549425020131,0.02,0.01,0.01,0.029999999999999995,0.0,0.029999999999999995,0.0,0.01,0.029999999999999995,0.0,0.02,0.0,0.0,0.0,0.0,0.0,0.0,0.04,0.0,0.01,0.0,0.01,0.0,0.02,0.02,0.0,0.04,0.0,0.0,0.0,0.09,0.01,0.0,0.01,0.0,0.0,0.0,0.029999999999999995,0.0,0.0,0.01,0.049999999999999996,0.0,0.01,0.04,0.049999999999999996,0.07,0.049999999999999996,0.0,0.01,0.0,0.0,0.029999999999999995,0.23999999999999996,0.0,0,0,0.8571428571428571,0.08571428571428572,5,0.00303951367781155,0,0.5416666666666666,0.3666666666666667,1.736,easy,11.536,0,0,1,0,0,0,0,0,0,0,1,0,0,0,0,0,1,0,0,0,0
298,151,1,5f18b9b046a7f03dda99c8c7,2020-07-24 13:48:50.664000+00:00,i think this person is the asshole because they expect their spouse to drop everything and help but doesnt show any appreciation to the spouse for doing so ,1.0,1,0.25,4,"i think this person is the asshole because they expect their spouse to drop everything and help, but doesn't show any appreciation to the spouse for doing so. ",6,28,156,1,1.2977831719241721,1.2632888320174926,0.01,0.0,0.0,0.04,0.01,0.01,0.0,0.0,0.01,0.0,0.0,0.01,0.01,0.0,0.0,0.0,0.0,0.02,0.0,0.0,0.01,0.02,0.01,0.030000000000000002,0.0,0.0,0.01,0.0,0.0,0.0,0.07,0.02,0.0,0.0,0.0,0.01,0.01,0.01,0.0,0.01,0.01,0.04,0.0,0.02,0.04,0.030000000000000002,0.08,0.030000000000000002,0.0,0.0,0.0,0.0,0.01,0.16,0.0,0,0,0.8928571428571429,0.03571428571428571,7,0.00373594351253409,0,0.0,0.0,1.9527285714285716,easy,15.388,0,0,1,0,1,0,0,0,0,0,0,1,0,0,0,0,0,0,0,0,0
299,151,2,5f18b9b046a7f03dda99c8c7,2020-07-24 14:02:50.006000+00:00,op is right that he shouldnt have to constantly translate but the method he took to explain his side makes him the asshole in my opinion you can be right and still be an asshole about it,0.75,0,0.0,4,"op is right that he shouldn't have to constantly translate, but the method he took to explain his side makes him the asshole in my opinion. you can be right and still be an asshole about it.",1,37,186,1,2.1793178117203063,1.7166544949020046,0.010000000000000002,0.0,0.0,0.020000000000000004,0.0,0.010000000000000002,0.0,0.0,0.030000000000000002,0.0,0.04000000000000001,0.010000000000000002,0.020000000000000004,0.0,0.0,0.0,0.0,0.0,0.0,0.0,0.0,0.010000000000000002,0.0,0.05,0.010000000000000002,0.010000000000000002,0.07,0.0,0.0,0.0,0.060000000000000005,0.020000000000000004,0.0,0.0,0.0,0.010000000000000002,0.020000000000000004,0.010000000000000002,0.0,0.010000000000000002,0.010000000000000002,0.09,0.0,0.030000000000000002,0.020000000000000004,0.060000000000000005,0.060000000000000005,0.04000000000000001,0.0,0.0,0.010000000000000002,0.020000000000000004,0.010000000000000002,0.22000000000000003,0.0,0,0,0.8378378378378378,0.02702702702702703,0,0.0,0,0.4682539682539682,0.19047619047619047,1.8352,easy,0.0,0,0,1,0,0,0,0,0,0,0,1,0,1,0,0,0,0,1,0,0,0
299,151,2,5f19b41e46a7f03dda9a3763,2020-07-24 14:02:55.742000+00:00,to me he isnt being an asshole  he is just tired of all this and want them to learn english,0.75,0,0.0,4,"to me, he isn't being an asshole.  he is just tired of all this and want them to learn english.",2,20,91,1,0.5141968254387196,0.13918820228935172,0.010000000000000002,0.0,0.0,0.010000000000000002,0.010000000000000002,0.010000000000000002,0.010000000000000002,0.0,0.010000000000000002,0.0,0.020000000000000004,0.010000000000000002,0.010000000000000002,0.0,0.010000000000000002,0.0,0.0,0.0,0.0,0.0,0.0,0.010000000000000002,0.0,0.030000000000000002,0.0,0.0,0.0,0.0,0.0,0.0,0.030000000000000002,0.010000000000000002,0.0,0.010000000000000002,0.0,0.0,0.010000000000000002,0.010000000000000002,0.0,0.0,0.010000000000000002,0.04000000000000001,0.0,0.010000000000000002,0.020000000000000004,0.030000000000000002,0.05,0.030000000000000002,0.0,0.0,0.0,0.0,0.010000000000000002,0.14,0.0,0,0,0.9,0.05,7,0.0003202049311559398,0,0.35,-0.2,0.992,easy,5.736,0,0,0,0,0,0,0,0,0,0,0,0,0,0,0,0,0,0,1,0,0
299,151,2,5ee25974896280243c13947a,2020-07-24 14:03:01.775000+00:00,this person os definitely not the asshole because he was completely polite with his reasoning ,0.75,0,0.0,4,this person os definitely not the asshole because he was completely polite with his reasoning. ,3,15,94,1,0.1224036521959934,-0.23198033714891955,0.0,0.0,0.0,0.009999999999999998,0.019999999999999997,0.009999999999999998,0.0,0.0,0.019999999999999997,0.0,0.019999999999999997,0.009999999999999998,0.009999999999999998,0.0,0.0,0.0,0.0,0.0,0.0,0.0,0.009999999999999998,0.009999999999999998,0.009999999999999998,0.0,0.0,0.009999999999999998,0.0,0.0,0.0,0.0,0.029999999999999995,0.009999999999999998,0.0,0.0,0.0,0.019999999999999997,0.009999999999999998,0.0,0.0,0.0,0.009999999999999998,0.009999999999999998,0.0,0.009999999999999998,0.009999999999999998,0.009999999999999998,0.05999999999999999,0.009999999999999998,0.0,0.0,0.0,0.009999999999999998,0.0,0.07999999999999999,0.0,0,0,1.0,0.0,2,0.0003202049311559398,0,0.45,0.05,0.744,easy,6.033,0,0,0,0,0,0,0,0,0,0,0,0,0,0,0,0,0,1,0,0,0
299,151,2,5f1adc9046a7f03dda9a9c96,2020-07-24 14:03:27.383000+00:00,the person is reasonable according to my opinion,0.75,0,0.0,4,the person is reasonable according to my opinion.,4,8,48,1,-0.6611826942894591,-0.9743174160254621,0.0,0.0,0.0,0.0,0.0,0.0,0.0,0.0,0.0,0.0,0.0,0.0,0.0,0.0,0.0,0.0,0.0,0.0,0.0,0.0,0.0,0.009999999999999998,0.009999999999999998,0.009999999999999998,0.0,0.0,0.0,0.0,0.0,0.0,0.009999999999999998,0.0,0.0,0.0,0.0,0.009999999999999998,0.0,0.009999999999999998,0.0,0.009999999999999998,0.0,0.009999999999999998,0.0,0.009999999999999998,0.0,0.009999999999999998,0.019999999999999997,0.009999999999999998,0.0,0.0,0.0,0.009999999999999998,0.009999999999999998,0.039999999999999994,0.0,0,0,1.0,0.125,1,0.002028397565922921,0,0.6,0.2,0.3968,easy,25.608,0,0,0,0,0,0,0,0,0,0,1,0,0,0,0,0,0,1,0,0,0
299,151,2,5f19b41e46a7f03dda9a3763,2020-07-24 14:03:39.191000+00:00,on the bottom he corrected that he did not talk to her that way ,0.75,0,0.0,4,on the bottom he corrected that he did not talk to her that way. ,5,14,64,1,0.024455358885311848,-0.32477247200848736,0.0,0.0,0.0,0.0,0.01,0.0,0.0,0.0,0.0,0.0,0.03,0.01,0.0,0.0,0.0,0.0,0.0,0.0,0.0,0.0,0.0,0.0,0.0,0.0,0.0,0.01,0.02,0.0,0.0,0.0,0.04,0.02,0.0,0.0,0.0,0.0,0.0,0.0,0.0,0.0,0.01,0.01,0.0,0.01,0.0,0.01,0.02,0.02,0.0,0.0,0.0,0.0,0.0,0.1,0.0,0,0,0.8571428571428571,0.0,2,0.0,0,0.0,0.0,0.6944,easy,11.808,0,0,0,0,0,0,0,0,0,0,0,0,0,0,0,0,0,0,0,0,0
300,152,0,5d482ea321c9be351f76211d,2020-07-24 22:57:43.242000+00:00,it would be helpful to know how often the husband has to translate for his mother in law,1.0,1,0.166666667,6,it would be helpful to know how often the husband has to translate for his mother in law.,1,18,88,1,0.4162485321280381,0.132302244871085,0.01,0.0,0.0,0.01,0.0,0.0,0.0,0.0,0.02,0.0,0.01,0.0,0.0,0.0,0.0,0.0,0.0,0.02,0.0,0.0,0.01,0.01,0.0,0.02,0.01,0.0,0.01,0.0,0.0,0.0,0.04,0.01,0.0,0.0,0.0,0.01,0.0,0.0,0.0,0.01,0.0,0.04,0.0,0.01,0.0,0.03,0.049999999999999996,0.04,0.0,0.0,0.0,0.01,0.0,0.09999999999999999,0.0,0,0,0.9444444444444444,0.0,0,0.0,0,0.0,0.0,0.8927999999999999,easy,0.0,0,0,1,0,0,0,0,0,0,0,0,0,0,0,0,0,0,1,0,0,0
300,152,0,5f1b54cc46a7f03dda9abf53,2020-07-24 22:57:56.374000+00:00,yes and how long the phone calls are,1.0,1,0.166666667,6,"yes, and how long the phone calls are",2,8,36,1,-0.5632344009787775,-0.9532546361224329,0.0,0.0,0.0,0.019999999999999997,0.0,0.009999999999999998,0.0,0.0,0.009999999999999998,0.0,0.0,0.0,0.0,0.0,0.0,0.0,0.0,0.0,0.0,0.0,0.0,0.0,0.0,0.009999999999999998,0.0,0.0,0.009999999999999998,0.0,0.0,0.0,0.019999999999999997,0.0,0.0,0.0,0.0,0.009999999999999998,0.0,0.0,0.0,0.0,0.0,0.009999999999999998,0.0,0.009999999999999998,0.019999999999999997,0.009999999999999998,0.019999999999999997,0.0,0.0,0.0,0.0,0.0,0.0,0.039999999999999994,0.0,0,0,1.0,0.0,1,0.0019193857965451055,0,0.4,-0.05,0.3968,easy,13.132,0,0,0,0,0,0,0,0,0,0,0,0,0,0,0,0,0,0,0,0,0
300,152,0,5f1b5f4446a7f03dda9ad19a,2020-07-24 22:58:10.733000+00:00,i agree with that ,1.0,1,0.166666667,6,i agree with that. ,3,4,18,1,-1.0529758675321852,-1.4960330766191918,0.0,0.0,0.0,0.0,0.0,0.009999999999999998,0.0,0.0,0.0,0.0,0.0,0.0,0.0,0.0,0.0,0.0,0.0,0.0,0.0,0.0,0.009999999999999998,0.0,0.0,0.0,0.0,0.0,0.0,0.0,0.0,0.0,0.0,0.009999999999999998,0.0,0.0,0.0,0.0,0.0,0.009999999999999998,0.0,0.0,0.0,0.0,0.0,0.0,0.0,0.0,0.009999999999999998,0.009999999999999998,0.0,0.0,0.0,0.0,0.009999999999999998,0.03,0.0,0,0,1.0,0.25,0,0.0,0,0.0,0.0,0.1984,easy,14.359,0,0,0,0,0,0,0,0,0,0,0,1,0,0,0,0,0,0,0,0,0
300,152,0,5d482ea621c9be351f762a01,2020-07-24 22:58:17.068000+00:00,if its a constant thing i can see how that can get irritating really fast ,1.0,1,0.166666667,6,if it's a constant thing i can see how that can get irritating really fast. ,4,15,74,1,0.024455358885311848,-0.30192050752632216,0.01,0.0,0.0,0.02,0.0,0.0,0.0,0.0,0.02,0.01,0.0,0.0,0.0,0.0,0.0,0.01,0.0,0.0,0.01,0.0,0.0,0.0,0.0,0.04,0.0,0.0,0.02,0.0,0.0,0.0,0.0,0.030000000000000002,0.0,0.0,0.0,0.01,0.0,0.01,0.0,0.01,0.02,0.04,0.0,0.01,0.01,0.02,0.030000000000000002,0.0,0.0,0.01,0.0,0.02,0.01,0.08,0.0,0,0,0.9333333333333333,0.06666666666666667,1,0.00015518311607697082,0,0.5777777777777778,-0.06666666666666667,5.433166666666667,medium,6.335,0,0,0,0,0,1,0,0,0,0,1,0,0,0,0,0,0,1,1,0,0
300,152,0,5d482ea321c9be351f762052,2020-07-24 22:58:18.623000+00:00,i agree i do know that if my family was calling my husband all the time for something he would feel quite frustrated,1.0,1,0.166666667,6,"i agree. i do know that if my family was calling my husband all the time for something, he would feel quite frustrated.",5,23,116,1,0.5141968254387196,0.24085793297043678,0.019999999999999997,0.0,0.009999999999999998,0.009999999999999998,0.009999999999999998,0.0,0.0,0.0,0.0,0.0,0.009999999999999998,0.0,0.0,0.0,0.0,0.0,0.0,0.019999999999999997,0.0,0.0,0.009999999999999998,0.019999999999999997,0.0,0.03,0.009999999999999998,0.009999999999999998,0.009999999999999998,0.0,0.0,0.0,0.039999999999999994,0.019999999999999997,0.0,0.0,0.0,0.0,0.009999999999999998,0.039999999999999994,0.009999999999999998,0.03,0.019999999999999997,0.05,0.0,0.009999999999999998,0.0,0.03,0.06999999999999999,0.009999999999999998,0.0,0.009999999999999998,0.0,0.0,0.039999999999999994,0.12,0.0,0,0,0.9130434782608695,0.17391304347826086,2,0.00031036623215394165,0,0.2,-0.7,1.1408,easy,1.555,0,0,1,0,1,0,0,0,0,0,1,1,0,0,0,0,0,0,1,0,0
300,152,0,5f19b62646a7f03dda9a3ddf,2020-07-24 22:58:26.981000+00:00,my inclination is that family is family and you do things for family even if they may be a bit inconvenient,1.0,1,0.166666667,6,my inclination is that family is family and you do things for family even if they may be a bit inconvenient,6,21,107,1,0.7100934120600827,0.45796930916914036,0.01,0.0,0.030000000000000002,0.02,0.0,0.01,0.0,0.0,0.01,0.0,0.0,0.0,0.0,0.0,0.0,0.0,0.0,0.030000000000000002,0.0,0.01,0.0,0.0,0.0,0.030000000000000002,0.01,0.0,0.0,0.0,0.0,0.0,0.05,0.02,0.0,0.0,0.0,0.0,0.0,0.01,0.0,0.02,0.01,0.05,0.0,0.01,0.01,0.05,0.030000000000000002,0.01,0.0,0.0,0.01,0.01,0.01,0.12000000000000001,0.0,0,0,0.8571428571428571,0.0,5,0.005454545454545455,0,1.0,-0.6,6.181909523809524,difficult,8.358,0,0,1,0,0,0,0,0,0,0,0,1,1,0,0,0,0,0,0,0,0
300,152,0,5f1b54cc46a7f03dda9abf53,2020-07-24 22:58:32.164000+00:00,i agree that frequent calls would impede with his lifestyle hmm what do you guys thing about the suggestion of language learning,1.0,1,0.166666667,6,"i agree that frequent calls would impede with his lifestyle hmm, what do you guys thing about the suggestion of language learning?",7,22,128,1,0.7100934120600827,0.45796930916914036,0.01,0.0,0.0,0.0,0.0,0.01,0.0,0.0,0.01,0.0,0.01,0.0,0.0,0.0,0.0,0.0,0.0,0.0,0.0,0.0,0.01,0.01,0.01,0.01,0.01,0.0,0.01,0.0,0.0,0.0,0.06,0.03,0.0,0.01,0.0,0.0,0.0,0.01,0.0,0.0,0.0,0.02,0.0,0.01,0.0,0.02,0.03,0.03,0.0,0.0,0.01,0.0,0.01,0.1,0.0,1,0,1.0,0.045454545454545456,3,0.0,0,0.3,0.1,1.0912,easy,5.183,0,0,0,0,0,0,0,0,0,0,0,1,1,0,0,1,0,0,1,0,0
300,152,0,5d482ea321c9be351f762052,2020-07-24 22:59:05.461000+00:00,i think she should have her parents call her and if she doesnt have the time to translate for them she should see if the husband has time if he does then great if he doesnt then the family needs to wait until she can,1.0,1,0.166666667,6,"i think she should have her parents call her and if she doesn't have the time to translate for them, she should see if the husband has time. if he does, then great. if he doesn't then the family needs to wait until she can.",8,45,216,1,2.9629041582057587,2.9547501354542316,0.07,0.0,0.01,0.08,0.0,0.01,0.0,0.0,0.0,0.0,0.08,0.02,0.0,0.0,0.0,0.01,0.0,0.03,0.0,0.0,0.01,0.01,0.0,0.11,0.02,0.0,0.05,0.0,0.01,0.0,0.13,0.0,0.0,0.0,0.0,0.0,0.0,0.01,0.0,0.04,0.04,0.13,0.0,0.03,0.01,0.09,0.1,0.04,0.0,0.01,0.0,0.01,0.01,0.31,0.0,0,0,0.6444444444444445,0.022222222222222223,3,0.00015518311607697082,0,0.75,0.8,2.2319999999999998,easy,33.297,0,0,1,0,1,0,0,0,0,0,0,1,0,0,0,0,0,1,0,0,0
301,152,1,5f1b54cc46a7f03dda9abf53,2020-07-24 23:12:27.724000+00:00,i think that the speaker although blunt isnt the asshole,1.0,2,0.333333333,6,"i think that the speaker, although blunt, isn't the asshole",1,10,56,1,-0.4652861076680959,-1.1253107810361302,0.0,0.01,0.0,0.01,0.0,0.0,0.0,0.0,0.0,0.0,0.0,0.01,0.01,0.0,0.0,0.0,0.0,0.0,0.0,0.0,0.0,0.01,0.0,0.02,0.0,0.0,0.0,0.0,0.0,0.0,0.0,0.01,0.0,0.0,0.0,0.0,0.01,0.01,0.0,0.0,0.0,0.02,0.0,0.02,0.0,0.01,0.01,0.0,0.0,0.01,0.0,0.0,0.01,0.04,0.0,0,0,0.9,0.1,0,0.0,0,0.0,0.0,0.496,easy,0.0,0,0,1,0,1,0,0,0,0,0,0,1,0,0,0,0,0,0,1,0,0
301,152,1,5f19b62646a7f03dda9a3ddf,2020-07-24 23:12:31.758000+00:00,i was glad to read in his edit that hespoke with his in laws respectfully and not using profanity,1.0,2,0.333333333,6,i was glad to read in his edit that hespoke with his in laws respectfully and not using profanity,2,19,97,1,0.4162485321280381,0.20420697570925925,0.0,0.0,0.0,0.01,0.0,0.02,0.0,0.0,0.0,0.0,0.02,0.01,0.0,0.0,0.0,0.0,0.0,0.0,0.0,0.0,0.01,0.0,0.0,0.01,0.0,0.01,0.02,0.0,0.0,0.0,0.02,0.01,0.0,0.02,0.0,0.01,0.0,0.01,0.0,0.0,0.01,0.02,0.0,0.0,0.01,0.01,0.04,0.04,0.0,0.0,0.0,0.02,0.01,0.11,0.0,0,0,0.8947368421052632,0.05263157894736842,1,0.00015518311607697082,0,0.85,0.5,0.9424,easy,4.034,0,0,0,0,0,0,0,0,0,0,0,1,0,0,0,0,0,1,1,0,0
301,152,1,5d482ea321c9be351f76211d,2020-07-24 23:12:40.744000+00:00,i also dont feel that he is an asshole,1.0,2,0.333333333,6,i also don't feel that he is an asshole,3,9,38,1,-0.5632344009787775,-1.2730349762300626,0.0,0.0,0.0,0.01,0.0,0.0,0.0,0.0,0.01,0.0,0.01,0.01,0.01,0.0,0.0,0.0,0.0,0.0,0.0,0.0,0.0,0.01,0.0,0.03,0.0,0.0,0.0,0.0,0.0,0.0,0.01,0.01,0.0,0.0,0.0,0.0,0.01,0.01,0.01,0.0,0.0,0.03,0.0,0.01,0.0,0.02,0.01,0.0,0.0,0.01,0.0,0.0,0.01,0.049999999999999996,0.0,0,0,1.0,0.1111111111111111,1,0.00015518311607697082,0,0.0,0.0,0.44639999999999996,easy,8.986,0,0,1,0,1,0,0,0,0,0,0,1,0,0,0,0,0,0,0,0,0
301,152,1,5f1b54cc46a7f03dda9abf53,2020-07-24 23:12:49.112000+00:00,yes that was a big part of info,1.0,2,0.333333333,6,yes that was a big part of info,4,8,31,1,-0.5632344009787775,-1.2730349762300626,0.0,0.0,0.0,0.0,0.0,0.0,0.0,0.0,0.0,0.0,0.0,0.0,0.0,0.0,0.0,0.0,0.0,0.0,0.0,0.01,0.0,0.01,0.0,0.0,0.0,0.01,0.01,0.0,0.0,0.0,0.0,0.01,0.0,0.0,0.0,0.0,0.0,0.0,0.0,0.0,0.0,0.01,0.0,0.01,0.01,0.01,0.01,0.01,0.0,0.0,0.0,0.01,0.0,0.04,0.0,0,0,1.0,0.0,1,0.0,0,0.1,0.0,0.3968,easy,8.368,0,0,0,0,0,0,0,0,0,0,0,0,0,0,0,0,0,0,0,0,0
301,152,1,5d482ea321c9be351f762052,2020-07-24 23:13:04.772000+00:00,same livelyhippo when he was first typing i felt like he was the asshole but his edit made me change my mind,1.0,2,0.333333333,6,"same, livelyhippo when he was first typing i felt like he was the asshole, but his edit made me change my mind.",5,22,108,1,0.5141968254387196,0.3519311709031914,0.0,0.0,0.0,0.02,0.0,0.0,0.0,0.01,0.01,0.0,0.03,0.0,0.01,0.0,0.0,0.0,0.0,0.0,0.0,0.01,0.02,0.01,0.0,0.0,0.0,0.04,0.03,0.0,0.0,0.0,0.03,0.0,0.0,0.02,0.0,0.02,0.01,0.03,0.01,0.0,0.01,0.04,0.0,0.01,0.01,0.02,0.06,0.0,0.0,0.01,0.0,0.01,0.03,0.12,0.0,0,0,0.9090909090909091,0.13636363636363635,2,0.0,0,0.22916666666666666,0.125,1.0912,easy,15.66,0,0,1,0,1,0,0,0,0,0,1,0,0,0,0,0,0,1,0,0,0
301,152,1,5f1b5f4446a7f03dda9ad19a,2020-07-24 23:13:10.321000+00:00,i agree his edit was very important because so much of my decision was riding on how he expressed himself to his mother in law ,1.0,2,0.333333333,6,i agree. his edit was very important because so much of my decision was riding on how he expressed himself to his mother in law. ,6,25,127,1,0.9059899986814458,0.9428279516789201,0.0,0.0,0.0,0.03,0.0,0.0,0.0,0.01,0.03,0.0,0.04,0.0,0.0,0.0,0.0,0.0,0.0,0.01,0.0,0.01,0.02,0.01,0.0,0.0,0.0,0.02,0.03,0.0,0.0,0.0,0.06,0.0,0.0,0.01,0.0,0.02,0.0,0.02,0.0,0.0,0.0,0.02,0.0,0.0,0.02,0.02,0.04,0.04,0.0,0.0,0.0,0.01,0.02,0.16,0.0,0,0,0.92,0.08,6,0.01578018311607697,0,0.6,0.36,1.24,easy,5.549,0,0,0,0,0,0,0,0,0,0,1,1,0,0,0,0,0,1,0,0,0
301,152,1,5f19b62646a7f03dda9a3ddf,2020-07-24 23:13:10.636000+00:00,it appears that he thought out  various steps that his in laws could take to help themselves,1.0,2,0.333333333,6,it appears that he thought out  various steps that his in laws could take to help themselves,7,17,92,1,0.31830023881735653,0.05648278051532707,0.01,0.0,0.0,0.0,0.0,0.01,0.0,0.0,0.0,0.0,0.02,0.0,0.0,0.0,0.0,0.0,0.0,0.0,0.0,0.01,0.0,0.01,0.0,0.02,0.0,0.01,0.04,0.0,0.0,0.0,0.04,0.03,0.0,0.0,0.0,0.0,0.0,0.0,0.0,0.01,0.0,0.04,0.0,0.0,0.0,0.01,0.04,0.03,0.0,0.0,0.0,0.0,0.0,0.09000000000000001,0.0,0,0,0.9411764705882353,0.0,4,0.0,0,0.5,0.0,0.8432,easy,0.315,0,0,1,0,1,0,0,0,0,0,0,0,0,0,0,0,0,0,0,0,0
301,152,1,5f1b54cc46a7f03dda9abf53,2020-07-24 23:13:26.816000+00:00,8 years in the us should be enough to at least order food and complete small errands on your own,1.0,2,0.333333333,6,8 years in the us should be enough to at least order food and complete small errands on your own.,8,20,96,1,0.6121451187494011,0.4996553660971236,0.009999999999999998,0.0,0.0,0.009999999999999998,0.009999999999999998,0.009999999999999998,0.009999999999999998,0.0,0.0,0.0,0.0,0.0,0.0,0.0,0.0,0.0,0.0,0.0,0.0,0.03,0.0,0.0,0.0,0.0,0.009999999999999998,0.0,0.06,0.0,0.0,0.0,0.019999999999999997,0.0,0.0,0.0,0.0,0.0,0.0,0.0,0.0,0.0,0.0,0.019999999999999997,0.0,0.009999999999999998,0.009999999999999998,0.019999999999999997,0.03,0.039999999999999994,0.009999999999999998,0.0,0.009999999999999998,0.009999999999999998,0.0,0.1,0.0,0,0,1.0,0.0,2,0.0,0,0.54,0.030000000000000006,0.992,easy,16.18,0,0,1,0,0,0,0,0,0,1,0,0,1,0,0,0,0,1,0,0,0
301,152,1,5d482ea321c9be351f762052,2020-07-24 23:13:26.873000+00:00,and they should be trying to better themselves ,1.0,2,0.333333333,6,and they should be trying to better themselves. ,9,8,47,1,-0.5632344009787775,-1.2730349762300626,0.009999999999999998,0.0,0.0,0.009999999999999998,0.0,0.009999999999999998,0.0,0.019999999999999997,0.0,0.0,0.0,0.0,0.0,0.0,0.0,0.0,0.0,0.0,0.0,0.0,0.009999999999999998,0.0,0.0,0.0,0.009999999999999998,0.0,0.0,0.0,0.0,0.0,0.019999999999999997,0.0,0.0,0.0,0.0,0.0,0.0,0.0,0.0,0.0,0.0,0.019999999999999997,0.0,0.0,0.009999999999999998,0.019999999999999997,0.019999999999999997,0.009999999999999998,0.0,0.0,0.0,0.009999999999999998,0.0,0.05999999999999999,0.0,0,0,1.0,0.0,4,0.0,0,0.5,0.5,0.3968,easy,0.057,0,0,1,0,0,0,0,0,0,0,0,0,0,0,0,0,1,1,0,0,0
302,153,0,5d482eaa21c9be351f763a5c,2020-07-24 22:46:41.207000+00:00,my initial thought was that the couple should speak in the language they want,0.6,0,0.0,5,my initial thought was that the couple should speak in the language they want,1,14,77,1,0.024455358885311848,0.2294488672811722,0.02,0.01,0.0,0.0,0.0,0.0,0.0,0.0,0.0,0.0,0.0,0.0,0.0,0.0,0.0,0.0,0.0,0.0,0.0,0.01,0.0,0.01,0.0,0.01,0.01,0.02,0.02,0.0,0.0,0.0,0.03,0.01,0.0,0.0,0.0,0.0,0.0,0.01,0.0,0.0,0.0,0.04,0.0,0.02,0.0,0.02,0.03,0.01,0.0,0.01,0.0,0.0,0.01,0.08,0.0,0,0,0.9285714285714286,0.0,0,0.0,0,0.0,0.0,0.6944,easy,0.0,0,0,1,0,0,0,0,0,0,0,0,1,0,0,0,0,0,0,0,0,0
302,153,0,5d41e7a6ce0995585f1a5321,2020-07-24 22:46:48.033000+00:00,i think this person is the asshole because they should have included their mother into the conversations since they are going to be at her house ,0.6,0,0.0,5,"i think this person is the asshole because they should have included their mother into the conversations, since they are going to be at her house. ",2,26,145,1,1.101886585302809,1.725115557706591,0.01,0.0,0.01,0.01,0.0,0.02,0.0,0.0,0.0,0.0,0.01,0.0,0.01,0.0,0.0,0.0,0.0,0.01,0.0,0.0,0.0,0.01,0.01,0.04,0.01,0.0,0.03,0.0,0.0,0.0,0.06999999999999999,0.01,0.0,0.0,0.0,0.02,0.01,0.01,0.0,0.0,0.0,0.06,0.0,0.02,0.01,0.049999999999999996,0.06,0.04,0.0,0.0,0.0,0.0,0.01,0.16999999999999998,0.0,0,0,0.9230769230769231,0.038461538461538464,5,0.0,0,0.0,0.0,1.8969076923076922,easy,6.826,0,0,1,0,1,0,0,0,0,0,0,1,0,0,0,0,0,0,0,0,0
302,153,0,5d482ea321c9be351f76207e,2020-07-24 22:47:00.658000+00:00,i agree with inquisitivedolphin plus they are homosexuals they are lucky to be included in their families at all,0.6,0,0.0,5,"i agree with inquisitivedolphin plus they are homosexuals, they are lucky to be included in their families at all",3,19,112,1,0.4162485321280381,0.7733276637995063,0.0,0.0,0.01,0.01,0.01,0.030000000000000002,0.01,0.0,0.0,0.0,0.0,0.0,0.0,0.0,0.0,0.0,0.0,0.01,0.0,0.0,0.02,0.0,0.0,0.02,0.0,0.0,0.02,0.01,0.0,0.0,0.04,0.0,0.0,0.0,0.0,0.0,0.0,0.01,0.0,0.01,0.0,0.030000000000000002,0.0,0.0,0.0,0.030000000000000002,0.05,0.05,0.0,0.0,0.0,0.01,0.01,0.12000000000000001,0.0,0,0,0.8947368421052632,0.05263157894736842,7,0.009343650722394476,0,0.8333333333333334,0.3333333333333333,6.241005263157895,difficult,12.625,0,0,0,0,0,0,0,0,0,0,0,1,0,0,0,0,0,1,0,0,0
302,153,0,5f1b5b3e46a7f03dda9ac993,2020-07-24 22:47:32.864000+00:00,yeah its totally rude to not include youre host in your conversations,0.6,0,0.0,5,"yeah, it's totally rude to not include you're host in your conversations.",4,12,69,1,-0.17144122773605125,-0.04249053097799486,0.0,0.0,0.0,0.0,0.01,0.01,0.0,0.0,0.01,0.0,0.0,0.01,0.0,0.0,0.0,0.0,0.0,0.0,0.01,0.0,0.0,0.0,0.0,0.01,0.0,0.0,0.01,0.0,0.0,0.0,0.029999999999999995,0.01,0.0,0.0,0.0,0.0,0.01,0.0,0.0,0.0,0.01,0.01,0.0,0.0,0.0,0.01,0.029999999999999995,0.02,0.0,0.0,0.02,0.0,0.0,0.049999999999999996,0.0,0,0,1.0,0.0,2,0.0,0,0.6,-0.3,5.547533333333333,medium,32.206,0,0,0,0,0,0,0,0,0,0,0,0,1,0,0,0,0,0,1,0,0
302,153,0,5d482ea421c9be351f762275,2020-07-24 22:47:39.261000+00:00,i understand that it is his moms house but his husband is german and not good at english if your spouse didnt understand a language wouldnt you want them to be comfortable,0.6,0,0.0,5,"i understand that it is his mom's house but his husband is german and not good at english. if your spouse didnt understand a language, wouldn't you want them to be comfortable?",5,32,171,1,1.6895763451668984,2.5409337524840923,0.03,0.0,0.009999999999999998,0.03,0.0,0.009999999999999998,0.0,0.0,0.0,0.0,0.019999999999999997,0.03,0.0,0.0,0.0,0.0,0.0,0.03,0.0,0.0,0.019999999999999997,0.019999999999999997,0.0,0.049999999999999996,0.009999999999999998,0.009999999999999998,0.009999999999999998,0.0,0.0,0.0,0.09,0.019999999999999997,0.0,0.0,0.0,0.0,0.0,0.009999999999999998,0.0,0.009999999999999998,0.03,0.07999999999999999,0.0,0.009999999999999998,0.019999999999999997,0.049999999999999996,0.07999999999999999,0.019999999999999997,0.0,0.0,0.019999999999999997,0.03,0.009999999999999998,0.18,0.0,1,0,0.90625,0.03125,3,0.0,0,0.35000000000000003,0.012500000000000011,1.5872,easy,6.397,0,0,0,0,0,0,0,0,0,0,0,1,1,0,0,0,0,1,0,0,0
302,153,0,5d482eaa21c9be351f763a5c,2020-07-24 22:47:42.811000+00:00,i do think that they should have included the mother,0.6,0,0.0,5,i do think that they should have included the mother,6,10,52,1,-0.4652861076680959,-0.45039962836674546,0.01,0.0,0.0,0.0,0.0,0.01,0.0,0.0,0.0,0.0,0.0,0.0,0.0,0.0,0.0,0.0,0.0,0.01,0.0,0.0,0.0,0.01,0.0,0.030000000000000002,0.01,0.0,0.0,0.0,0.0,0.0,0.02,0.01,0.0,0.0,0.0,0.0,0.0,0.01,0.0,0.0,0.0,0.04,0.0,0.01,0.0,0.030000000000000002,0.030000000000000002,0.0,0.0,0.0,0.0,0.0,0.01,0.06999999999999999,0.0,0,0,1.0,0.1,1,0.00015518311607697082,0,0.0,0.0,0.496,easy,3.55,0,0,1,0,1,0,0,0,0,0,0,1,0,0,0,0,0,0,0,0,0
302,153,0,5d41e7a6ce0995585f1a5321,2020-07-24 22:48:11.970000+00:00,who should you make more comfortable your mom or your husband,0.6,0,0.0,5,who should you make more comfortable your mom or your husband?,7,11,61,1,-0.2693895210467328,-0.1784602301075784,0.01,0.0,0.0,0.01,0.0,0.0,0.0,0.0,0.0,0.0,0.0,0.0,0.0,0.0,0.0,0.0,0.0,0.02,0.0,0.01,0.01,0.0,0.0,0.01,0.01,0.0,0.0,0.0,0.0,0.0,0.06,0.01,0.0,0.0,0.0,0.01,0.0,0.0,0.0,0.01,0.01,0.02,0.0,0.0,0.0,0.01,0.03,0.0,0.0,0.0,0.03,0.01,0.0,0.07,0.0,1,0,0.9090909090909091,0.0,1,0.0,0,0.65,0.45,0.5456,easy,29.159,0,0,1,0,0,0,0,0,0,0,0,0,1,0,0,1,0,1,0,0,0
302,153,0,5d482ea121c9be351f761c63,2020-07-24 22:48:19.174000+00:00,i believe that he may have been able to balance between the two however i have never been in that situation,0.6,0,0.0,5,"i believe that he may have been able to balance between the two. however, i have never been in that situation.",8,21,107,1,0.5141968254387196,0.9092973629290899,0.0,0.0,0.0,0.01,0.01,0.0,0.0,0.01,0.01,0.0,0.01,0.01,0.0,0.0,0.0,0.0,0.0,0.0,0.0,0.0,0.0,0.01,0.0,0.030000000000000002,0.01,0.02,0.02,0.0,0.0,0.0,0.01,0.02,0.0,0.0,0.0,0.0,0.0,0.02,0.0,0.01,0.0,0.060000000000000005,0.0,0.01,0.0,0.05,0.030000000000000002,0.030000000000000002,0.0,0.0,0.0,0.0,0.02,0.13,0.0,0,0,0.8095238095238095,0.09523809523809523,0,0.0,0,0.625,0.5,1.0415999999999999,easy,7.204,0,0,1,0,0,0,0,0,0,0,1,1,0,0,0,0,0,0,0,0,0
303,153,1,5f1b5b3e46a7f03dda9ac993,2020-07-24 23:00:37.937000+00:00,i dont shes the asshole,0.6,0,0.0,5,i don't she's the asshole.,1,5,23,1,-0.9550275742215037,-1.169824036604265,0.0,0.0,0.0,0.0,0.0,0.0,0.0,0.0,0.0,0.0,0.01,0.01,0.01,0.0,0.0,0.0,0.0,0.0,0.0,0.0,0.0,0.0,0.0,0.02,0.0,0.0,0.0,0.0,0.0,0.0,0.01,0.0,0.0,0.0,0.0,0.0,0.01,0.01,0.0,0.0,0.0,0.02,0.0,0.01,0.0,0.02,0.0,0.0,0.0,0.0,0.0,0.0,0.01,0.02,0.0,0,0,1.0,0.2,0,0.0,0,0.0,0.0,0.248,easy,0.0,0,0,0,0,0,0,0,0,0,0,0,1,0,0,0,0,0,0,0,0,0
303,153,1,5d482ea321c9be351f76207e,2020-07-24 23:00:49.096000+00:00,the parent is so kind in allowing his homosexual kid to bring his homosexual lover into the parents home,0.6,0,0.0,5,the parent is so kind in allowing his homosexual kid to bring his homosexual lover into the parent's home.,2,19,104,1,0.5141968254387196,1.1113328347740519,0.0,0.0,0.01,0.01,0.0,0.01,0.030000000000000002,0.0,0.01,0.0,0.02,0.0,0.0,0.0,0.0,0.0,0.0,0.02,0.0,0.0,0.02,0.0,0.01,0.02,0.0,0.0,0.030000000000000002,0.030000000000000002,0.0,0.0,0.060000000000000005,0.0,0.0,0.0,0.0,0.01,0.0,0.0,0.0,0.0,0.0,0.02,0.01,0.02,0.01,0.01,0.02,0.030000000000000002,0.0,0.0,0.0,0.01,0.0,0.09,0.0,0,0,0.8421052631578947,0.0,2,0.0,0,0.9,0.6,6.241005263157895,difficult,11.159,0,0,0,0,0,0,0,0,0,0,0,0,0,0,0,0,0,1,0,0,0
303,153,1,5f1b5b3e46a7f03dda9ac993,2020-07-24 23:00:51.414000+00:00,the sons partner can speak english,0.6,0,0.0,5,the son's partner can speak english,3,6,34,1,-0.7591309876001406,-0.865669787087156,0.0,0.01,0.0,0.0,0.0,0.0,0.0,0.0,0.0,0.0,0.0,0.0,0.0,0.0,0.0,0.0,0.0,0.01,0.0,0.0,0.0,0.0,0.01,0.01,0.0,0.0,0.0,0.0,0.0,0.0,0.030000000000000006,0.0,0.0,0.0,0.0,0.0,0.0,0.0,0.0,0.0,0.0,0.01,0.01,0.01,0.0,0.01,0.0,0.0,0.0,0.01,0.0,0.0,0.0,0.02,0.0,0,0,1.0,0.0,1,0.0,0,0.0,0.0,0.2976,easy,2.318,0,0,0,0,0,0,0,0,0,0,0,0,0,0,0,0,0,0,0,0,0
303,153,1,5d482ea421c9be351f762275,2020-07-24 23:01:13.907000+00:00,i think the mom could have called the son to the side to tell him her frustrations,0.6,0,0.0,5,i think the mom could have called the son to the side to tell him her frustrations.,4,17,82,1,0.22035194550667497,0.6551014604983886,0.01,0.0,0.0,0.0,0.0,0.0,0.0,0.0,0.0,0.0,0.02,0.0,0.0,0.0,0.0,0.0,0.0,0.02,0.0,0.0,0.0,0.01,0.0,0.02,0.0,0.01,0.01,0.0,0.0,0.0,0.05999999999999999,0.0,0.0,0.0,0.0,0.0,0.01,0.01,0.0,0.0,0.0,0.04,0.0,0.029999999999999995,0.0,0.02,0.02,0.02,0.0,0.0,0.0,0.0,0.01,0.09,0.0,0,0,0.8235294117647058,0.058823529411764705,3,0.0,0,0.0,0.0,0.8432,easy,22.493,0,0,1,0,1,0,0,0,0,0,0,1,0,0,0,0,0,0,1,0,0
303,153,1,5d482eaa21c9be351f763a5c,2020-07-24 23:01:19.352000+00:00,im not sure why his being homosexual matters here,0.6,0,0.0,5,i'm not sure why his being homosexual matters here,5,9,49,1,-0.4652861076680959,-0.4094384128114927,0.0,0.0,0.0,0.0,0.009999999999999998,0.0,0.009999999999999998,0.0,0.009999999999999998,0.0,0.009999999999999998,0.009999999999999998,0.0,0.0,0.0,0.0,0.0,0.0,0.0,0.0,0.009999999999999998,0.0,0.0,0.0,0.0,0.0,0.0,0.009999999999999998,0.0,0.0,0.009999999999999998,0.0,0.0,0.0,0.0,0.009999999999999998,0.0,0.0,0.0,0.0,0.009999999999999998,0.009999999999999998,0.0,0.0,0.0,0.009999999999999998,0.039999999999999994,0.0,0.0,0.0,0.0,0.0,0.0,0.05,0.0,0,0,1.0,0.0,0,0.0,0,0.8888888888888888,-0.25,5.837344444444444,medium,5.445,0,0,0,0,0,0,0,0,0,0,0,1,0,0,0,0,0,0,0,0,0
303,153,1,5d482ea321c9be351f76207e,2020-07-24 23:01:21.947000+00:00,homosexuals tend to be extremely dangerous and the parent is overlooking the bizarre and aggressive behavior,0.6,0,0.0,5,"homosexuals tend to be extremely dangerous, and the parent is overlooking the bizarre and aggressive behavior.",6,16,108,1,0.22035194550667497,0.6551014604983886,0.0,0.0,0.0,0.02,0.01,0.02,0.01,0.0,0.0,0.0,0.0,0.0,0.0,0.0,0.0,0.0,0.0,0.01,0.0,0.01,0.0,0.0,0.0,0.02,0.0,0.0,0.01,0.01,0.0,0.0,0.01,0.0,0.0,0.0,0.0,0.0,0.02,0.0,0.0,0.0,0.0,0.03,0.0,0.02,0.02,0.02,0.03,0.01,0.0,0.0,0.0,0.0,0.0,0.07,0.0,0,0,0.875,0.0,0,0.0,0,0.75,-0.09999999999999998,6.40385,difficult,2.595,0,0,0,0,0,0,0,0,0,0,0,0,0,0,0,0,0,0,1,0,0
303,153,1,5f1b5b3e46a7f03dda9ac993,2020-07-24 23:01:25.512000+00:00,even if his english is poor im sure the mom wont judge him,0.6,0,0.0,5,"even if his english is poor, i'm sure the mom won't judge him",7,13,58,1,-0.07349293442536971,0.19887008622272517,0.009999999999999998,0.0,0.0,0.009999999999999998,0.009999999999999998,0.0,0.0,0.0,0.009999999999999998,0.0,0.019999999999999997,0.009999999999999998,0.0,0.0,0.0,0.0,0.0,0.009999999999999998,0.0,0.0,0.009999999999999998,0.0,0.0,0.009999999999999998,0.009999999999999998,0.0,0.0,0.0,0.0,0.0,0.03,0.0,0.0,0.0,0.009999999999999998,0.0,0.0,0.0,0.0,0.009999999999999998,0.009999999999999998,0.019999999999999997,0.0,0.009999999999999998,0.0,0.019999999999999997,0.019999999999999997,0.0,0.0,0.0,0.0,0.0,0.0,0.05,0.0,0,0,1.0,0.0,2,0.0,0,0.4962962962962963,0.033333333333333326,0.6447999999999999,easy,3.565,0,0,0,0,0,0,0,0,0,0,1,0,0,0,0,0,0,0,1,0,0
303,153,1,5d482ea421c9be351f762275,2020-07-24 23:01:27.236000+00:00,she made the partner feel bad,0.6,0,0.0,5,she made the partner feel bad.,8,6,29,1,-0.7591309876001406,-0.865669787087156,0.0,0.0,0.0,0.0,0.0,0.0,0.0,0.0,0.0,0.0,0.009999999999999998,0.0,0.0,0.0,0.0,0.0,0.0,0.0,0.0,0.0,0.0,0.009999999999999998,0.009999999999999998,0.009999999999999998,0.0,0.009999999999999998,0.0,0.0,0.0,0.0,0.019999999999999997,0.0,0.0,0.0,0.0,0.009999999999999998,0.0,0.0,0.009999999999999998,0.0,0.0,0.019999999999999997,0.009999999999999998,0.009999999999999998,0.0,0.0,0.019999999999999997,0.0,0.0,0.009999999999999998,0.0,0.0,0.0,0.019999999999999997,0.0,0,0,1.0,0.0,1,0.0,0,0.6666666666666666,-0.6999999999999998,0.2976,easy,1.724,0,0,1,0,1,0,0,0,0,0,0,0,0,0,0,0,0,0,1,0,0
303,153,1,5d482ea321c9be351f76207e,2020-07-24 23:01:35.849000+00:00,i would question the safety of the parent and definitely kick them both out,0.6,0,0.0,5,i would question the safety of the parent and definitely kick them both out.,9,14,75,1,-0.07349293442536971,0.19887008622272517,0.01,0.0,0.0,0.01,0.01,0.03,0.0,0.0,0.01,0.0,0.0,0.0,0.0,0.0,0.0,0.0,0.0,0.01,0.0,0.01,0.02,0.01,0.0,0.0,0.01,0.0,0.02,0.0,0.01,0.0,0.03,0.0,0.0,0.0,0.0,0.0,0.0,0.01,0.0,0.01,0.0,0.01,0.0,0.02,0.01,0.01,0.07,0.02,0.0,0.0,0.0,0.0,0.01,0.08,0.0,0,0,0.9285714285714286,0.07142857142857142,2,0.0,0,0.5,0.0,0.6944,easy,8.613,0,0,0,0,0,0,0,0,0,0,0,1,0,0,0,0,0,0,0,0,0
303,153,1,5d482ea121c9be351f761c63,2020-07-24 23:01:40.666000+00:00,i dont think either are but the son couldve spoken with his mother a little and she shouldve been  more patient,0.6,0,0.0,5,i don't think either are but the son couldve spoken with his mother a little and she shouldve been  more patient,10,21,111,1,0.6121451187494011,1.2634099595326065,0.02,0.01,0.0,0.02,0.0,0.02,0.0,0.0,0.0,0.0,0.02,0.01,0.0,0.0,0.0,0.0,0.0,0.02,0.0,0.02,0.0,0.01,0.0,0.030000000000000006,0.02,0.04,0.01,0.0,0.0,0.0,0.05,0.0,0.0,0.0,0.0,0.0,0.0,0.01,0.0,0.0,0.02,0.07,0.0,0.02,0.02,0.05,0.07,0.01,0.0,0.01,0.0,0.02,0.01,0.11000000000000001,0.01,0,0,1.0,0.047619047619047616,2,0.00015518311607697082,1,0.5,0.15625,1.0415999999999999,easy,4.817,0,0,1,0,1,0,0,0,0,0,0,1,0,0,0,0,0,1,0,0,0
304,154,1,5d482ea421c9be351f762253,2020-07-24 22:39:54.652000+00:00,i had a difficult time with this one but i think that the writer is ultimately the asshole,1.0,1,0.2,5,"i had a difficult time with this one, but i think that the writer is ultimately the asshole",1,18,90,1,0.22035194550667497,-0.037548763637271644,0.0,0.0,0.0,0.01,0.0,0.01,0.0,0.0,0.0,0.0,0.0,0.0,0.01,0.0,0.0,0.0,0.0,0.0,0.01,0.0,0.0,0.01,0.0,0.02,0.0,0.01,0.01,0.0,0.0,0.0,0.0,0.02,0.0,0.0,0.0,0.0,0.01,0.02,0.0,0.0,0.01,0.03,0.0,0.03,0.01,0.02,0.03,0.01,0.0,0.0,0.0,0.01,0.02,0.11,0.0,0,0,0.8888888888888888,0.1111111111111111,0,0.0,0,1.0,-0.25,0.8927999999999999,easy,0.0,0,0,1,0,1,0,0,0,0,0,1,1,0,0,0,0,1,0,1,0,0
304,154,1,5f1ae3ac46a7f03dda9a9e5f,2020-07-24 22:40:07.426000+00:00,hello my first impression is that she is the asshole,1.0,1,0.2,5,hello! my first impression is that she is the asshole.,2,10,52,1,-0.4652861076680959,-1.051365381843605,0.0,0.0,0.0,0.0,0.0,0.0,0.0,0.01,0.0,0.0,0.01,0.0,0.01,0.0,0.0,0.0,0.0,0.0,0.0,0.0,0.01,0.0,0.0,0.02,0.0,0.0,0.01,0.0,0.0,0.0,0.02,0.01,0.0,0.0,0.0,0.0,0.01,0.01,0.0,0.0,0.0,0.02,0.0,0.01,0.0,0.02,0.0,0.0,0.0,0.0,0.0,0.0,0.01,0.060000000000000005,0.0,0,0,0.9,0.1,4,0.0003202049311559398,0,0.3333333333333333,0.25,0.496,easy,12.774,0,0,0,0,0,0,0,0,0,0,1,0,0,0,1,0,0,0,0,0,0
304,154,1,5d482ea721c9be351f763007,2020-07-24 22:40:19.778000+00:00,i think so too because she could summarize her conversations and include her mother,1.0,1,0.2,5,i think so too because she could summarize her conversations and include her mother,3,14,83,1,-0.07349293442536971,-0.47204160001141454,0.01,0.0,0.0,0.03,0.0,0.02,0.0,0.0,0.02,0.0,0.03,0.0,0.0,0.0,0.0,0.0,0.0,0.01,0.0,0.0,0.0,0.01,0.0,0.01,0.0,0.0,0.0,0.0,0.0,0.0,0.049999999999999996,0.0,0.0,0.0,0.0,0.01,0.0,0.01,0.0,0.0,0.0,0.02,0.0,0.0,0.03,0.01,0.049999999999999996,0.0,0.0,0.0,0.0,0.0,0.01,0.08,0.0,0,0,0.9285714285714286,0.07142857142857142,1,0.0,0,0.0,0.0,5.458757142857143,medium,12.352,0,0,1,0,1,0,0,0,0,0,0,1,0,0,0,0,0,0,0,0,0
304,154,1,5d482ea421c9be351f762253,2020-07-24 22:40:27.676000+00:00,if the husband understands english then it is rude to exclude the mother ,1.0,1,0.2,5,"if the husband understands english, then it is rude to exclude the mother. ",4,13,73,1,-0.07349293442536971,-0.47204160001141454,0.009999999999999998,0.0,0.0,0.019999999999999997,0.0,0.0,0.0,0.0,0.0,0.0,0.0,0.0,0.0,0.0,0.0,0.0,0.0,0.019999999999999997,0.009999999999999998,0.0,0.0,0.009999999999999998,0.0,0.019999999999999997,0.0,0.0,0.009999999999999998,0.0,0.0,0.0,0.019999999999999997,0.009999999999999998,0.0,0.0,0.0,0.0,0.009999999999999998,0.0,0.0,0.009999999999999998,0.019999999999999997,0.019999999999999997,0.0,0.019999999999999997,0.0,0.009999999999999998,0.03,0.009999999999999998,0.0,0.0,0.0,0.0,0.0,0.06999999999999999,0.0,0,0,0.9230769230769231,0.0,0,0.0008496176720475786,0,0.3,-0.15,0.6447999999999999,easy,7.898,0,0,0,0,0,0,0,0,0,0,0,0,0,0,0,0,0,0,1,0,0
304,154,1,5d482ea821c9be351f763453,2020-07-24 22:40:55.690000+00:00,i dont think that the writer is an asshole in this scenerio i think that maybe she should have included mom more in the conversation but was conflicted ,1.0,1,0.2,5,"i don't think that the writer is an asshole in this scenerio. i think that maybe she should have included mom more in the conversation, but was conflicted. ",5,28,152,1,1.1998348786134905,1.4107606909432047,0.01,0.0,0.0,0.01,0.0,0.01,0.0,0.0,0.01,0.0,0.01,0.01,0.01,0.0,0.0,0.0,0.0,0.01,0.0,0.01,0.0,0.02,0.0,0.049999999999999996,0.01,0.01,0.02,0.0,0.01,0.0,0.03,0.03,0.0,0.0,0.0,0.0,0.01,0.02,0.0,0.01,0.01,0.06999999999999999,0.0,0.03,0.01,0.049999999999999996,0.06999999999999999,0.02,0.0,0.0,0.0,0.0,0.02,0.17,0.01,0,0,0.8214285714285714,0.07142857142857142,3,0.0,1,0.5,0.5,1.9527285714285716,easy,28.014,0,0,1,0,1,0,0,0,0,0,1,1,0,0,0,0,0,0,1,0,0
304,154,1,5d482ea321c9be351f76218e,2020-07-24 22:40:57.547000+00:00,im considering that the writer is the asshole because he is going to his mothers house and not including her by talking german,1.0,1,0.2,5,i'm considering that the writer is the asshole because he is going to his mother's house and not including her by talking german,6,23,126,1,0.9059899986814458,0.9762678545690617,0.0,0.0,0.01,0.02,0.0,0.02,0.0,0.0,0.0,0.0,0.03,0.01,0.01,0.0,0.0,0.0,0.0,0.01,0.0,0.0,0.0,0.01,0.0,0.02,0.0,0.0,0.01,0.0,0.0,0.0,0.049999999999999996,0.01,0.0,0.0,0.0,0.01,0.01,0.0,0.0,0.0,0.01,0.02,0.0,0.02,0.02,0.02,0.049999999999999996,0.02,0.0,0.0,0.0,0.0,0.0,0.13,0.0,0,0,0.9130434782608695,0.0,5,0.02032020493115594,0,0.0,0.0,1.8273217391304348,easy,1.857,0,0,0,0,0,0,0,0,0,0,0,1,0,0,0,0,0,0,0,0,0
304,154,1,5d482ea721c9be351f763007,2020-07-24 22:41:17.160000+00:00,even though he might be embarrassed to miss a few words yes the mother should be included she is providing them a place to stay and meals,1.0,1,0.2,5,"even though he might be embarrassed to miss a few words, yes the mother should be included. she is providing them a place to stay and meals",7,27,137,1,1.2977831719241721,1.5555916364012523,0.01,0.0,0.0,0.02,0.0,0.02,0.01,0.0,0.02,0.01,0.02,0.0,0.0,0.0,0.0,0.0,0.0,0.01,0.01,0.01,0.0,0.0,0.0,0.02,0.02,0.0,0.02,0.0,0.0,0.01,0.04,0.0,0.0,0.0,0.0,0.0,0.0,0.0,0.0,0.01,0.0,0.060000000000000005,0.0,0.030000000000000002,0.02,0.05,0.04,0.02,0.0,0.0,0.0,0.02,0.0,0.14,0.0,0,0,0.8888888888888888,0.0,6,0.0,0,0.1,-0.2,1.3392,easy,19.613,0,0,1,0,0,0,0,0,0,0,0,0,0,0,0,0,0,0,1,0,0
305,154,2,5d482ea821c9be351f763453,2020-07-24 22:54:35.285000+00:00,i do not think that the person in this is an asshole ,1.0,2,0.4,5,i do not think that the person in this is an asshole. ,1,12,53,1,-0.2693895210467328,-0.7521319560681111,0.0,0.0,0.0,0.0,0.0,0.0,0.0,0.0,0.0,0.0,0.0,0.01,0.01,0.0,0.0,0.0,0.0,0.0,0.0,0.0,0.0,0.01,0.01,0.030000000000000002,0.0,0.0,0.01,0.0,0.0,0.0,0.01,0.02,0.0,0.0,0.0,0.0,0.01,0.01,0.0,0.0,0.01,0.030000000000000002,0.0,0.02,0.0,0.02,0.02,0.01,0.0,0.0,0.0,0.0,0.01,0.09,0.0,0,0,1.0,0.08333333333333333,0,0.0,0,0.0,0.0,0.5952,easy,0.0,0,0,1,0,1,0,0,0,0,0,0,1,0,0,0,0,0,0,0,0,0
305,154,2,5d482ea421c9be351f762253,2020-07-24 22:54:36.291000+00:00,i do not think the writer is the asshole,1.0,2,0.4,5,i do not think the writer is the asshole,2,9,40,1,-0.5632344009787775,-1.118033988749895,0.0,0.0,0.0,0.0,0.0,0.0,0.0,0.0,0.0,0.0,0.0,0.010000000000000002,0.010000000000000002,0.0,0.0,0.0,0.0,0.0,0.0,0.0,0.0,0.010000000000000002,0.0,0.03,0.0,0.0,0.0,0.0,0.0,0.0,0.0,0.0,0.0,0.0,0.0,0.0,0.010000000000000002,0.010000000000000002,0.0,0.0,0.010000000000000002,0.03,0.0,0.020000000000000004,0.0,0.020000000000000004,0.020000000000000004,0.0,0.0,0.0,0.0,0.0,0.010000000000000002,0.06,0.0,0,0,0.8888888888888888,0.1111111111111111,5,0.0008238201029820396,0,0.0,0.0,0.44639999999999996,easy,1.006,0,0,1,0,1,0,0,0,0,0,0,1,0,0,0,0,0,0,0,0,0
305,154,2,5d482ea521c9be351f7623d0,2020-07-24 22:55:01.375000+00:00,i do not feel she was an asshole they are in her home and they need to speak english while around her,1.0,2,0.4,5,i do not feel she was an asshole. they are in her home and they need to speak english while around her.,3,22,101,1,0.7100934120600827,0.46754148620450126,0.01,0.01,0.01,0.02,0.0,0.02,0.0,0.0,0.01,0.0,0.03,0.01,0.01,0.0,0.0,0.0,0.0,0.0,0.0,0.0,0.0,0.01,0.0,0.04,0.0,0.01,0.03,0.0,0.0,0.0,0.06,0.0,0.0,0.0,0.0,0.0,0.01,0.01,0.01,0.0,0.01,0.05,0.0,0.01,0.01,0.03,0.05,0.03,0.0,0.02,0.0,0.0,0.01,0.15,0.0,0,0,0.9090909090909091,0.045454545454545456,2,0.0004753880472329106,0,0.0,0.0,1.0912,easy,25.084,0,0,1,0,1,0,0,0,0,0,0,1,0,0,0,0,1,0,0,0,0
305,154,2,5d482ea821c9be351f763453,2020-07-24 22:55:03.809000+00:00,i think she was just expressing that she was uncomfortable in a very polite way the son and husband are the assholes in this round ,1.0,2,0.4,5,i think she was just expressing that she was uncomfortable in a very polite way. the son and husband are the assholes in this round. ,4,25,131,1,1.0039382919921274,0.833443518886285,0.0,0.0,0.0,0.01,0.0,0.01,0.0,0.0,0.02,0.01,0.02,0.0,0.01,0.0,0.0,0.01,0.0,0.02,0.0,0.0,0.0,0.01,0.0,0.02,0.0,0.02,0.030000000000000002,0.0,0.0,0.0,0.05,0.02,0.0,0.0,0.0,0.0,0.01,0.01,0.01,0.0,0.01,0.04,0.0,0.030000000000000002,0.02,0.030000000000000002,0.030000000000000002,0.02,0.0,0.01,0.0,0.02,0.01,0.16,0.0,0,0,0.84,0.04,8,0.00015518311607697082,0,0.5666666666666668,-0.16666666666666666,1.8716,easy,2.434,0,0,1,0,1,0,0,0,0,0,0,1,0,0,0,0,0,1,1,0,0
305,154,2,5d482ea421c9be351f762253,2020-07-24 22:55:04.003000+00:00,she has a right to be included in conversation in her own home and the sons partner is rude for not speaking english when he knows how,1.0,2,0.4,5,"she has a right to be included in conversation in her own home, and the son's partner is rude for not speaking english when he knows how",5,27,134,1,1.2977831719241721,1.1993455515680687,0.0,0.01,0.01,0.03,0.0,0.02,0.0,0.0,0.02,0.0,0.03,0.01,0.0,0.0,0.0,0.0,0.0,0.01,0.01,0.01,0.0,0.01,0.01,0.03,0.0,0.0,0.04,0.0,0.0,0.0,0.07,0.0,0.0,0.0,0.0,0.01,0.01,0.0,0.0,0.0,0.01,0.04,0.01,0.02,0.01,0.03,0.049999999999999996,0.04,0.0,0.01,0.0,0.02,0.0,0.17,0.0,0,0,0.9629629629629629,0.0,6,0.0,0,0.5339285714285714,0.1464285714285714,1.9240148148148148,easy,0.194,0,0,0,0,0,0,0,0,0,0,0,0,0,0,0,0,0,1,1,0,0
305,154,2,5f1ae3ac46a7f03dda9a9e5f,2020-07-24 22:55:15.815000+00:00,i am on the fence with this one should she not have talked to the son privately first,1.0,2,0.4,5,"i am on the fence with this one, should she not have talked to the son privately first?",6,18,85,1,0.31830023881735653,-0.020327890704543685,0.01,0.0,0.0,0.0,0.0,0.01,0.0,0.01,0.0,0.0,0.01,0.01,0.0,0.0,0.0,0.0,0.0,0.01,0.0,0.0,0.0,0.0,0.0,0.02,0.01,0.01,0.02,0.0,0.01,0.0,0.03,0.01,0.0,0.0,0.0,0.0,0.0,0.01,0.0,0.0,0.01,0.04,0.0,0.02,0.0,0.03,0.04,0.03,0.0,0.0,0.0,0.0,0.01,0.12,0.0,1,0,0.9444444444444444,0.05555555555555555,5,0.0,0,0.3333333333333333,0.25,0.8927999999999999,easy,11.812,0,0,1,0,0,0,0,0,0,0,0,1,0,0,0,0,0,0,0,0,0
306,155,1,5d482ea421c9be351f762208,2020-07-24 22:13:22.595000+00:00,i dont think hes an asshole because he wants to be included in the conversation if the son and husband want to have a private convo they shouldnt be in a public space,0.833333333,0,0.0,6,"i don't think he's an asshole because he wants to be included in the conversation if the son and husband want to have a private convo, they shouldn't be in a public space?",1,33,166,1,1.7875246384775798,2.1266403393329263,0.04,0.0,0.0,0.03,0.0,0.02,0.0,0.0,0.0,0.0,0.02,0.02,0.01,0.0,0.0,0.0,0.0,0.02,0.0,0.0,0.0,0.01,0.0,0.06,0.01,0.0,0.03,0.0,0.0,0.0,0.08,0.0,0.0,0.0,0.0,0.01,0.01,0.01,0.0,0.01,0.01,0.09,0.0,0.049999999999999996,0.02,0.06,0.08,0.04,0.0,0.0,0.0,0.02,0.01,0.18,0.0,1,0,0.8484848484848485,0.030303030303030304,0,0.0,0,0.18055555555555555,0.06666666666666667,2.1152848484848485,easy,0.0,0,0,1,0,1,0,0,0,0,0,0,1,0,0,0,0,0,0,0,0,0
306,155,1,5f1a1a7646a7f03dda9a64ff,2020-07-24 22:13:39.235000+00:00,my initial impression is that theres literally no reason for the partner to be not speaking in french ,0.833333333,0,0.0,6,my initial impression is that there's literally no reason for the partner to be not speaking in french. ,2,18,102,1,0.4162485321280381,0.31489806241643736,0.0,0.01,0.0,0.0,0.0,0.0,0.0,0.0,0.01,0.0,0.0,0.02,0.0,0.0,0.0,0.0,0.0,0.0,0.0,0.0,0.01,0.01,0.01,0.02,0.0,0.0,0.02,0.0,0.0,0.0,0.02,0.01,0.0,0.0,0.0,0.01,0.0,0.01,0.0,0.0,0.01,0.03,0.01,0.01,0.01,0.03,0.02,0.03,0.0,0.01,0.0,0.0,0.01,0.1,0.0,0,0,1.0,0.0,4,0.0,0,0.0,0.0,0.8927999999999999,easy,16.64,0,0,0,0,0,0,0,0,0,0,0,1,0,0,0,0,0,0,0,0,0
306,155,1,5d482ea421c9be351f762208,2020-07-24 22:13:48.850000+00:00,i aggree eagerotter,0.833333333,0,0.0,6,i aggree eagerotter,3,3,19,1,-1.1509241608428669,-1.7556645397738355,0.0,0.0,0.0,0.0,0.0,0.0,0.0,0.0,0.0,0.0,0.0,0.0,0.0,0.0,0.0,0.0,0.0,0.0,0.0,0.0,0.01,0.0,0.0,0.0,0.0,0.0,0.0,0.0,0.0,0.0,0.0,0.0,0.0,0.0,0.0,0.0,0.0,0.01,0.0,0.0,0.0,0.0,0.0,0.0,0.0,0.0,0.0,0.0,0.0,0.0,0.0,0.0,0.01,0.01,0.0,0,0,1.0,0.3333333333333333,0,0.0,0,0.0,0.0,0.1488,easy,9.615,0,0,0,0,0,0,0,0,0,0,0,1,0,0,0,0,0,0,0,0,0
306,155,1,5f1a1a7646a7f03dda9a64ff,2020-07-24 22:13:56.241000+00:00,if i was the dad i would assume they are talking about me if they werent speaking in english ,0.833333333,0,0.0,6,"if i was the dad, i would assume they are talking about me if they weren't speaking in english. ",4,19,93,1,0.22035194550667497,0.05607773714265325,0.030000000000000002,0.010000000000000002,0.0,0.020000000000000004,0.0,0.0,0.0,0.0,0.010000000000000002,0.0,0.0,0.0,0.0,0.0,0.0,0.0,0.0,0.010000000000000002,0.0,0.0,0.0,0.010000000000000002,0.0,0.010000000000000002,0.010000000000000002,0.010000000000000002,0.010000000000000002,0.0,0.0,0.0,0.05,0.0,0.0,0.0,0.0,0.0,0.0,0.030000000000000002,0.0,0.030000000000000002,0.020000000000000004,0.030000000000000002,0.0,0.010000000000000002,0.0,0.030000000000000002,0.04000000000000001,0.020000000000000004,0.0,0.010000000000000002,0.0,0.0,0.030000000000000002,0.12000000000000001,0.0,0,0,0.8421052631578947,0.15789473684210525,0,0.00031036623215394165,0,0.0,0.0,0.9424,easy,7.391,0,0,1,0,1,0,0,0,0,0,1,0,0,0,0,0,0,0,0,0,0
306,155,1,5d482ea321c9be351f762169,2020-07-24 22:13:59.878000+00:00,i dont feel that he is an asshole he only wants to be included in conversation and probably get to know the sons partner better,0.833333333,0,0.0,6,i don't feel that he is an asshole. he only wants to be included in conversation and probably get to know the sons partner better.,5,25,127,1,1.0039382919921274,1.0913590382377898,0.01,0.0,0.0,0.01,0.0,0.02,0.0,0.01,0.02,0.0,0.02,0.01,0.01,0.0,0.0,0.0,0.0,0.01,0.0,0.0,0.01,0.02,0.01,0.06,0.0,0.0,0.01,0.0,0.0,0.0,0.05,0.01,0.0,0.0,0.0,0.0,0.01,0.01,0.01,0.01,0.0,0.07,0.01,0.02,0.01,0.03,0.06,0.03,0.0,0.01,0.0,0.01,0.01,0.13,0.01,0,0,0.92,0.04,2,0.00015518311607697082,1,0.5333333333333333,0.2333333333333333,1.8716,easy,3.637,0,0,1,0,1,0,0,0,0,0,0,1,0,0,0,0,0,1,0,0,0
306,155,1,5f1b504e46a7f03dda9abcfe,2020-07-24 22:14:03.399000+00:00,i think when there are 3 people talking in the room it is rude to exclude one of them,0.833333333,0,0.0,6,i think when there are 3 people talking in the room it is rude to exclude one of them.,6,19,85,1,0.4162485321280381,0.31489806241643736,0.0,0.0,0.01,0.01,0.0,0.0,0.0,0.0,0.02,0.0,0.0,0.0,0.0,0.0,0.0,0.0,0.0,0.0,0.01,0.0,0.0,0.01,0.01,0.03,0.0,0.0,0.03,0.0,0.0,0.0,0.03,0.01,0.0,0.0,0.0,0.0,0.01,0.01,0.0,0.0,0.01,0.03,0.0,0.01,0.0,0.02,0.02,0.03,0.0,0.0,0.0,0.0,0.01,0.11,0.0,0,0,1.0,0.05263157894736842,4,0.00015518311607697082,0,0.6,-0.3,0.9424,easy,3.521,0,0,1,0,1,0,0,0,0,0,0,1,0,0,0,0,0,0,1,0,0
306,155,1,5d482ea421c9be351f762208,2020-07-24 22:14:17.709000+00:00,i am always under that impression that when people speak a language i dont understand they are saying something they dont want me to hear,0.833333333,0,0.0,6,i am always under that impression that when people speak a language i don't understand they are saying something they don't want me to hear,7,25,137,1,0.8080417053707643,0.8325387129640056,0.01,0.030000000000000002,0.0,0.01,0.01,0.0,0.0,0.0,0.01,0.0,0.0,0.02,0.0,0.0,0.0,0.0,0.0,0.0,0.0,0.0,0.01,0.01,0.01,0.07,0.0,0.0,0.030000000000000002,0.0,0.0,0.0,0.07,0.030000000000000002,0.0,0.0,0.0,0.0,0.0,0.030000000000000002,0.0,0.01,0.01,0.07,0.0,0.01,0.0,0.04,0.04,0.02,0.0,0.030000000000000002,0.0,0.01,0.030000000000000002,0.13,0.0,0,0,0.84,0.12,3,0.004014069935857645,0,0.0,0.0,1.24,easy,14.31,0,0,0,0,0,0,0,0,0,0,1,1,0,0,0,0,0,0,0,0,0
306,155,1,5f1a1a7646a7f03dda9a64ff,2020-07-24 22:14:19.298000+00:00,i dont feel like hes an asshole at all for just wanting to be able to communicate ,0.833333333,0,0.0,6,i don't feel like he's an asshole at all for just wanting to be able to communicate. ,8,17,82,1,0.22035194550667497,0.05607773714265325,0.01,0.0,0.0,0.0,0.01,0.0,0.0,0.01,0.01,0.0,0.01,0.01,0.01,0.0,0.0,0.0,0.0,0.0,0.0,0.0,0.01,0.01,0.0,0.029999999999999995,0.0,0.0,0.01,0.0,0.0,0.0,0.02,0.0,0.0,0.0,0.0,0.0,0.01,0.01,0.01,0.0,0.01,0.04,0.0,0.01,0.01,0.029999999999999995,0.04,0.04,0.0,0.01,0.0,0.01,0.01,0.09,0.0,0,0,0.9411764705882353,0.058823529411764705,3,0.00015518311607697082,0,0.625,0.5,5.408523529411765,medium,1.589,0,0,1,0,1,0,0,0,0,0,0,1,0,0,0,0,0,1,0,0,0
307,155,2,5d482ea421c9be351f762208,2020-07-24 22:28:24.139000+00:00,my first impression is that im impressed that the guy at least acknowledges how his mom feels  excluded from the conversation,0.833333333,0,0.0,6,\my first impression is that i'm impressed that the guy at least acknowledges how his mom feels - excluded from the conversation,1,21,125,1,0.7100934120600827,0.394332230998699,0.0,0.0,0.0,0.01,0.0,0.0,0.0,0.01,0.01,0.0,0.01,0.0,0.0,0.0,0.0,0.0,0.0,0.01,0.0,0.01,0.02,0.02,0.01,0.02,0.0,0.0,0.02,0.0,0.0,0.0,0.04,0.02,0.0,0.0,0.0,0.01,0.0,0.01,0.01,0.0,0.01,0.02,0.0,0.02,0.0,0.01,0.04,0.02,0.0,0.01,0.0,0.01,0.01,0.1,0.0,0,0,0.9047619047619048,0.0,0,0.0,0,0.5777777777777778,0.31666666666666665,1.793504761904762,easy,0.0,0,0,1,0,0,0,0,0,0,0,1,1,0,0,0,0,0,1,0,0,0
307,155,2,5f1b504e46a7f03dda9abcfe,2020-07-24 22:28:40.545000+00:00,i think he is the asshole he could talk in english when his mother is around,0.833333333,0,0.0,6,i think he is the asshole. he could talk in english when his mother is around.,2,16,76,1,0.1224036521959934,-0.20269413742923797,0.01,0.0,0.0,0.01,0.0,0.01,0.0,0.0,0.02,0.0,0.03,0.0,0.01,0.0,0.0,0.0,0.0,0.01,0.0,0.0,0.0,0.01,0.0,0.03,0.0,0.0,0.03,0.0,0.0,0.0,0.049999999999999996,0.0,0.0,0.0,0.0,0.0,0.01,0.01,0.0,0.0,0.0,0.04,0.0,0.01,0.0,0.03,0.03,0.02,0.0,0.0,0.0,0.0,0.01,0.09,0.0,0,0,0.875,0.0625,4,0.0,0,0.0,0.0,0.7936,easy,16.406,0,0,1,0,1,0,0,0,0,0,0,1,0,0,0,0,0,0,0,0,0
307,155,2,5d482ea421c9be351f762208,2020-07-24 22:28:44.422000+00:00,on the other hand he is in a tricky spot trying to make both his mom and his partner feel welcome,0.833333333,0,0.0,6,"on the other hand, he is in a tricky spot trying to make both his mom and his partner feel welcome",3,21,97,1,0.7100934120600827,0.394332230998699,0.0,0.0,0.0,0.01,0.0,0.02,0.01,0.01,0.0,0.0,0.03,0.0,0.0,0.0,0.0,0.0,0.01,0.01,0.0,0.01,0.01,0.01,0.01,0.03,0.0,0.0,0.03,0.0,0.0,0.0,0.06,0.01,0.0,0.0,0.0,0.01,0.01,0.0,0.02,0.0,0.0,0.03,0.01,0.02,0.01,0.01,0.04,0.03,0.0,0.02,0.0,0.02,0.0,0.12,0.0,0,0,0.9523809523809523,0.0,6,0.0,0,0.6375,0.3375,1.0415999999999999,easy,3.877,0,0,1,0,1,0,0,0,0,0,0,0,0,0,0,0,0,1,1,0,0
307,155,2,5f1a1a7646a7f03dda9a64ff,2020-07-24 22:28:44.880000+00:00,it sounds like they dont get to spend much time with his mother i understand why she would be frustrated that she cant understand most of what they are saying during their time together ,0.833333333,0,0.0,6,it sounds like they don't get to spend much time with his mother. i understand why she would be frustrated that she can't understand most of what they are saying during their time together. ,4,34,186,1,1.8854729317882615,1.588384967854573,0.010000000000000002,0.020000000000000004,0.0,0.0,0.0,0.010000000000000002,0.0,0.0,0.0,0.0,0.030000000000000002,0.020000000000000004,0.0,0.0,0.0,0.0,0.0,0.010000000000000002,0.0,0.020000000000000004,0.010000000000000002,0.020000000000000004,0.0,0.060000000000000005,0.010000000000000002,0.0,0.04000000000000001,0.0,0.0,0.0,0.08000000000000002,0.030000000000000002,0.0,0.0,0.010000000000000002,0.010000000000000002,0.010000000000000002,0.010000000000000002,0.0,0.010000000000000002,0.0,0.08000000000000002,0.0,0.0,0.0,0.05,0.060000000000000005,0.04000000000000001,0.0,0.020000000000000004,0.0,0.010000000000000002,0.010000000000000002,0.18,0.0,0,0,0.8823529411764706,0.029411764705882353,2,0.0,0,0.3,1.850371707708594e-17,1.6864,easy,0.458,0,0,0,0,0,0,0,0,0,0,1,0,0,0,0,0,0,1,1,0,0
307,155,2,5d482ea521c9be351f762539,2020-07-24 22:28:56.428000+00:00,i dont think the son is an asshole its a tough situation to be in for sure but hes not being an asshole,0.833333333,0,0.0,6,"i don't think the son is an asshole. it's a tough situation to be in for sure, but he's not being an asshole.",5,23,103,1,0.8080417053707643,0.4938366257366885,0.0,0.0,0.0,0.01,0.01,0.0,0.0,0.0,0.0,0.0,0.01,0.02,0.02,0.0,0.0,0.0,0.0,0.01,0.0,0.0,0.01,0.01,0.0,0.04,0.0,0.0,0.01,0.0,0.0,0.0,0.02,0.01,0.0,0.0,0.0,0.0,0.02,0.01,0.0,0.0,0.02,0.060000000000000005,0.0,0.04,0.01,0.05,0.04,0.030000000000000002,0.0,0.0,0.0,0.02,0.01,0.13999999999999999,0.0,0,0,0.9130434782608695,0.043478260869565216,3,0.00015518311607697082,0,0.8611111111111112,0.05555555555555555,1.1408,easy,11.548,0,0,1,0,1,0,0,0,0,0,0,1,0,0,0,0,1,1,0,0,0
307,155,2,5d482ea521c9be351f762729,2020-07-24 22:28:56.911000+00:00,i think he is the asshole,0.833333333,0,0.0,6,i think he is the asshole.,6,6,25,1,-0.8570792809108222,-1.197738084809133,0.0,0.0,0.0,0.0,0.0,0.0,0.0,0.0,0.0,0.0,0.01,0.0,0.01,0.0,0.0,0.0,0.0,0.0,0.0,0.0,0.0,0.01,0.0,0.02,0.0,0.0,0.0,0.0,0.0,0.0,0.01,0.0,0.0,0.0,0.0,0.0,0.01,0.01,0.0,0.0,0.0,0.02,0.0,0.01,0.0,0.01,0.01,0.0,0.0,0.0,0.0,0.0,0.01,0.04,0.0,0,0,1.0,0.16666666666666666,2,0.0008238201029820396,0,0.0,0.0,0.2976,easy,0.483,0,0,1,0,1,0,0,0,0,0,0,1,0,0,0,0,0,0,0,0,0
307,155,2,5f1b504e46a7f03dda9abcfe,2020-07-24 22:29:15.656000+00:00,he could talk in english while his husband talks in german,0.833333333,0,0.0,6,he could talk in english while his husband talks in german.,7,11,58,1,-0.2693895210467328,-0.6007117163811959,0.009999999999999998,0.0,0.0,0.009999999999999998,0.0,0.0,0.0,0.0,0.0,0.0,0.019999999999999997,0.0,0.0,0.0,0.0,0.0,0.0,0.009999999999999998,0.0,0.0,0.0,0.0,0.0,0.0,0.0,0.0,0.03,0.0,0.0,0.0,0.05,0.0,0.0,0.0,0.0,0.0,0.0,0.0,0.0,0.0,0.0,0.009999999999999998,0.0,0.0,0.0,0.009999999999999998,0.009999999999999998,0.019999999999999997,0.0,0.0,0.0,0.0,0.0,0.05,0.0,0,0,0.9090909090909091,0.0,1,0.0,0,0.0,0.0,0.5456,easy,18.745,0,0,0,0,0,0,0,0,0,0,0,0,0,0,0,0,0,0,0,0,0
308,156,1,5f1b4f4a46a7f03dda9abce8,2020-07-24 21:58:43.075000+00:00,the woman is in her right,0.857142857,2,0.285714286,7,the woman is in her right.,1,6,25,1,-0.7591309876001406,-0.689094031638372,0.0,0.0,0.0,0.0,0.0,0.0,0.0,0.0,0.0,0.0,0.01,0.0,0.0,0.0,0.0,0.0,0.0,0.0,0.0,0.0,0.0,0.0,0.01,0.01,0.0,0.0,0.02,0.0,0.0,0.0,0.02,0.0,0.0,0.0,0.0,0.0,0.0,0.0,0.0,0.0,0.0,0.01,0.0,0.01,0.0,0.01,0.0,0.01,0.0,0.0,0.0,0.01,0.0,0.04,0.0,0,0,1.0,0.0,0,0.0,0,0.5357142857142857,0.2857142857142857,0.2976,easy,0.0,0,0,0,0,0,0,0,0,0,0,0,0,0,0,0,0,0,1,0,0,0
308,156,1,5d482ea721c9be351f762df2,2020-07-24 21:58:53.683000+00:00,hello everyone i agree the woman is not the asshole,0.857142857,2,0.285714286,7,"hello everyone! i agree, the woman is not the asshole.",2,10,51,1,-0.4652861076680959,-0.3496895085926067,0.0,0.0,0.0,0.0,0.0,0.0,0.0,0.0,0.0,0.0,0.0,0.01,0.01,0.0,0.0,0.0,0.0,0.0,0.0,0.0,0.01,0.0,0.01,0.01,0.0,0.0,0.0,0.0,0.0,0.0,0.03,0.01,0.0,0.0,0.0,0.0,0.01,0.01,0.0,0.0,0.01,0.01,0.0,0.02,0.0,0.01,0.01,0.0,0.0,0.0,0.0,0.0,0.01,0.05,0.0,0,0,0.9,0.1,3,0.017241379310344827,0,0.0,0.0,0.496,easy,10.608,0,0,0,0,0,0,0,0,0,0,1,0,0,0,1,0,0,0,0,0,0
308,156,1,5d482ea621c9be351f762b3f,2020-07-24 21:58:56.399000+00:00,i think she couldve approached it better,0.857142857,2,0.285714286,7,i think she could've approached it better.,3,7,40,1,-0.7591309876001406,-0.689094031638372,0.010000000000000002,0.0,0.0,0.0,0.0,0.0,0.0,0.010000000000000002,0.0,0.0,0.010000000000000002,0.0,0.0,0.0,0.0,0.0,0.0,0.0,0.0,0.0,0.010000000000000002,0.010000000000000002,0.0,0.010000000000000002,0.010000000000000002,0.010000000000000002,0.010000000000000002,0.0,0.0,0.0,0.010000000000000002,0.010000000000000002,0.0,0.0,0.0,0.0,0.0,0.010000000000000002,0.0,0.0,0.0,0.020000000000000004,0.0,0.0,0.0,0.010000000000000002,0.020000000000000004,0.0,0.0,0.0,0.0,0.010000000000000002,0.010000000000000002,0.03,0.0,0,0,1.0,0.14285714285714285,0,0.00015518311607697082,0,0.5,0.5,0.3472,easy,2.716,0,0,1,0,1,0,0,0,0,0,0,1,0,0,0,0,0,1,0,0,0
308,156,1,5f1b4f4a46a7f03dda9abce8,2020-07-24 21:59:00.169000+00:00,i would not take that too,0.857142857,2,0.285714286,7,i would not take that too,4,6,25,1,-0.8570792809108222,-0.8022288726536271,0.01,0.0,0.0,0.0,0.0,0.0,0.0,0.0,0.01,0.0,0.0,0.01,0.0,0.0,0.0,0.0,0.0,0.0,0.0,0.0,0.0,0.0,0.0,0.01,0.01,0.0,0.0,0.0,0.0,0.0,0.0,0.01,0.0,0.0,0.0,0.0,0.0,0.01,0.0,0.0,0.01,0.02,0.0,0.0,0.0,0.01,0.02,0.0,0.0,0.0,0.0,0.0,0.01,0.04,0.0,0,0,1.0,0.16666666666666666,0,0.00015518311607697082,0,0.0,0.0,0.2976,easy,3.77,0,0,0,0,0,0,0,0,0,0,0,1,0,0,0,0,0,0,0,0,0
308,156,1,5d482ea721c9be351f762e5b,2020-07-24 21:59:10.678000+00:00,i think that the son and his partner are wrong for speaking french in front of her when they knew that she could not understand ,0.857142857,2,0.285714286,7,i think that the son and his partner are wrong for speaking french in front of her when they knew that she could not understand. ,5,25,128,1,1.0039382919921274,1.3473331066362195,0.01,0.01,0.0,0.02,0.0,0.01,0.0,0.0,0.01,0.0,0.03,0.01,0.0,0.0,0.0,0.0,0.0,0.01,0.01,0.0,0.0,0.03,0.01,0.03,0.0,0.01,0.03,0.0,0.0,0.0,0.07,0.02,0.0,0.0,0.0,0.0,0.0,0.01,0.0,0.0,0.01,0.05,0.01,0.01,0.01,0.02,0.06,0.03,0.0,0.01,0.0,0.0,0.01,0.15,0.0,0,0,0.96,0.04,3,0.00015518311607697082,0,0.45,-0.25,1.24,easy,10.509,0,0,1,0,1,0,0,0,0,0,0,1,0,0,0,0,0,0,1,0,0
308,156,1,5f18c50e46a7f03dda99d6cd,2020-07-24 21:59:14.866000+00:00,i believe this person is disruptive for barging into the conversation and calling them disrespectful,0.857142857,2,0.285714286,7,i believe this person is disruptive for barging into the conversation and calling them disrespectful.,6,15,100,1,0.024455358885311848,0.21598469648366872,0.0,0.0,0.0,0.01,0.0,0.02,0.0,0.0,0.0,0.0,0.0,0.0,0.0,0.0,0.0,0.0,0.0,0.0,0.0,0.0,0.0,0.01,0.01,0.02,0.0,0.0,0.01,0.0,0.0,0.0,0.04,0.01,0.0,0.0,0.0,0.0,0.0,0.01,0.0,0.0,0.0,0.02,0.0,0.01,0.01,0.01,0.03,0.02,0.0,0.0,0.0,0.0,0.01,0.08,0.0,0,0,1.0,0.06666666666666667,3,0.00015518311607697082,0,0.0,0.0,5.433166666666667,medium,4.188,0,0,0,0,0,0,0,0,0,0,0,1,0,0,0,0,0,0,1,0,0
308,156,1,5d482ea721c9be351f762e5b,2020-07-24 21:59:19.448000+00:00,i think that she was not the asshole ,0.857142857,2,0.285714286,7,i think that she was not the asshole. ,7,8,37,1,-0.6611826942894591,-0.5759591906231168,0.0,0.0,0.0,0.0,0.0,0.0,0.0,0.0,0.0,0.0,0.01,0.01,0.01,0.0,0.0,0.0,0.0,0.0,0.0,0.0,0.0,0.01,0.0,0.01,0.0,0.01,0.0,0.0,0.0,0.0,0.01,0.01,0.0,0.0,0.0,0.0,0.01,0.01,0.0,0.0,0.01,0.02,0.0,0.01,0.0,0.01,0.02,0.0,0.0,0.0,0.0,0.0,0.01,0.060000000000000005,0.0,0,0,1.0,0.125,1,0.00015518311607697082,0,0.0,0.0,0.3968,easy,4.582,0,0,1,0,1,0,0,0,0,0,0,1,0,0,0,0,0,0,0,0,0
308,156,1,5d482ea621c9be351f762b3f,2020-07-24 21:59:21.481000+00:00,i think she could have addressed it privately with her son first,0.857142857,2,0.285714286,7,i think she could have addressed it privately with her son first.,8,12,64,1,-0.2693895210467328,-0.12341982656209655,0.01,0.0,0.0,0.0,0.0,0.01,0.0,0.01,0.0,0.0,0.02,0.0,0.0,0.0,0.0,0.0,0.0,0.01,0.0,0.0,0.0,0.01,0.0,0.02,0.0,0.0,0.01,0.0,0.0,0.0,0.03,0.01,0.0,0.0,0.0,0.0,0.0,0.01,0.0,0.0,0.0,0.03,0.0,0.0,0.0,0.02,0.03,0.01,0.0,0.0,0.0,0.0,0.01,0.06,0.0,0,0,1.0,0.08333333333333333,1,0.0005036151718260998,0,0.35416666666666663,0.125,0.5952,easy,2.033,0,0,1,0,1,0,0,0,0,0,0,1,0,0,0,0,0,0,0,0,0
308,156,1,5f1b4fcc46a7f03dda9abcf2,2020-07-24 21:59:35.397000+00:00,i think that the speaker should have handled the scenario better and not have accused them of being rude immedately,0.857142857,2,0.285714286,7,i think that the speaker should have handled the scenario better and not have accused them of being rude immedately.,9,20,115,1,0.5141968254387196,0.7816589015599441,0.01,0.01,0.0,0.01,0.0,0.01,0.0,0.01,0.0,0.0,0.0,0.01,0.0,0.0,0.0,0.0,0.0,0.0,0.01,0.0,0.01,0.01,0.0,0.029999999999999995,0.01,0.0,0.0,0.0,0.0,0.0,0.01,0.01,0.0,0.0,0.0,0.0,0.01,0.01,0.0,0.0,0.01,0.049999999999999996,0.0,0.02,0.01,0.04,0.04,0.01,0.0,0.01,0.0,0.01,0.01,0.11999999999999998,0.0,0,0,0.9,0.05,2,0.0005036151718260998,0,0.55,0.1,0.992,easy,13.916,0,0,1,0,1,0,0,0,0,0,0,1,0,0,0,0,0,1,1,0,0
308,156,1,5d482ea721c9be351f762e5b,2020-07-24 21:59:40.316000+00:00,i do think that she could have said it to him in private instead of interrupting though ,0.857142857,2,0.285714286,7,i do think that she could have said it to him in private instead of interrupting though. ,10,17,88,1,0.22035194550667497,0.44225437851417887,0.01,0.01,0.0,0.01,0.0,0.0,0.0,0.0,0.02,0.0,0.02,0.0,0.0,0.0,0.0,0.0,0.0,0.0,0.01,0.0,0.0,0.01,0.0,0.03,0.0,0.01,0.01,0.0,0.0,0.0,0.049999999999999996,0.02,0.0,0.0,0.0,0.0,0.01,0.01,0.0,0.0,0.0,0.049999999999999996,0.0,0.0,0.0,0.03,0.02,0.03,0.0,0.01,0.0,0.0,0.01,0.09999999999999999,0.0,0,0,1.0,0.058823529411764705,3,0.0005036151718260998,0,0.375,0.0,5.408523529411765,medium,4.919,0,0,1,0,1,0,0,0,0,0,0,1,0,0,0,0,0,0,0,0,0
308,156,1,5f1b4f4a46a7f03dda9abce8,2020-07-24 21:59:42.839000+00:00,they are disrespectful and secretive ,0.857142857,2,0.285714286,7,they are disrespectful and secretive ,11,5,37,1,-0.8570792809108222,-0.8022288726536271,0.0,0.0,0.0,0.01,0.0,0.01,0.0,0.0,0.0,0.0,0.0,0.0,0.0,0.0,0.0,0.0,0.0,0.0,0.0,0.0,0.0,0.0,0.0,0.01,0.0,0.0,0.0,0.0,0.0,0.0,0.02,0.0,0.0,0.0,0.0,0.0,0.0,0.0,0.0,0.0,0.0,0.01,0.0,0.0,0.01,0.01,0.01,0.0,0.0,0.0,0.0,0.0,0.0,0.030000000000000002,0.0,0,0,1.0,0.0,0,0.0,0,0.0,0.0,0.248,easy,2.523,0,0,0,0,0,0,0,0,0,0,0,0,0,0,0,0,0,0,1,0,0
309,156,3,5f18c50e46a7f03dda99d6cd,2020-07-24 22:28:35.377000+00:00,this person is nta because he wants to make sure his boyfriend is comfortable,0.571428571,0,0.0,7,this person is nta because he wants to make sure his boyfriend is comfortable.,1,14,77,1,0.024455358885311848,-0.2584922179622811,0.01,0.0,0.0,0.01,0.01,0.0,0.0,0.0,0.0,0.0,0.02,0.0,0.0,0.0,0.0,0.0,0.0,0.0,0.0,0.0,0.02,0.0,0.01,0.04,0.0,0.0,0.0,0.0,0.0,0.0,0.04,0.01,0.0,0.0,0.0,0.02,0.0,0.0,0.0,0.0,0.0,0.04,0.01,0.0,0.01,0.02,0.04,0.01,0.0,0.0,0.0,0.01,0.0,0.07,0.0,0,0,0.9285714285714286,0.0,0,0.0,0,0.5962962962962962,0.3666666666666667,0.6944,easy,0.0,0,0,0,0,0,0,0,0,0,0,0,0,0,0,0,0,0,1,0,0,0
309,156,3,5f1b4f4a46a7f03dda9abce8,2020-07-24 22:28:47.681000+00:00,the man need to relate more with his other,0.571428571,0,0.0,7,the man need to relate more with his other.,2,9,42,1,-0.4652861076680959,-0.7928751685573813,0.009999999999999998,0.0,0.0,0.0,0.0,0.009999999999999998,0.0,0.0,0.0,0.0,0.009999999999999998,0.0,0.0,0.0,0.0,0.0,0.0,0.0,0.0,0.009999999999999998,0.0,0.009999999999999998,0.009999999999999998,0.009999999999999998,0.0,0.0,0.0,0.0,0.0,0.0,0.019999999999999997,0.009999999999999998,0.0,0.0,0.0,0.0,0.0,0.0,0.0,0.0,0.0,0.009999999999999998,0.0,0.009999999999999998,0.0,0.0,0.03,0.019999999999999997,0.0,0.0,0.0,0.0,0.0,0.06,0.0,0,0,1.0,0.0,2,0.0,0,0.4375,0.1875,0.44639999999999996,easy,12.304,0,0,0,0,0,0,0,0,0,0,0,0,0,0,0,0,0,0,0,0,0
309,156,3,5d482ea621c9be351f762b3f,2020-07-24 22:28:48.282000+00:00,op is ta he was visiting his mom,0.571428571,0,0.0,7,"op is ta, he was visiting his mom",3,8,32,1,-0.5632344009787775,-0.8997517586764013,0.0,0.0,0.0,0.0,0.0,0.0,0.0,0.0,0.0,0.0,0.02,0.0,0.0,0.0,0.0,0.0,0.0,0.01,0.0,0.0,0.0,0.0,0.0,0.01,0.0,0.01,0.01,0.0,0.0,0.0,0.04,0.0,0.0,0.0,0.0,0.0,0.0,0.0,0.0,0.0,0.0,0.02,0.0,0.0,0.0,0.02,0.0,0.0,0.0,0.0,0.0,0.0,0.0,0.04,0.0,0,0,1.0,0.0,1,0.0,0,0.0,0.0,0.3968,easy,0.601,0,0,0,0,0,0,0,0,0,0,0,0,0,0,0,0,0,0,0,0,0
309,156,3,5d482ea721c9be351f762df2,2020-07-24 22:28:55.152000+00:00,hello i think the lady is definitely ta because theyre at her mothers house and the mother is being kind enough to host them,0.571428571,0,0.0,7,hello! i think the lady is definitely ta because they're at her mothers house and the mother is being kind enough to host them,4,24,124,1,0.9059899986814458,0.7033970931088992,0.0,0.0,0.01,0.02,0.01,0.01,0.0,0.0,0.01,0.0,0.01,0.0,0.0,0.0,0.0,0.0,0.0,0.02,0.0,0.01,0.02,0.01,0.01,0.04,0.0,0.0,0.01,0.0,0.0,0.0,0.06999999999999999,0.0,0.0,0.0,0.0,0.01,0.0,0.01,0.0,0.0,0.0,0.049999999999999996,0.0,0.02,0.02,0.04,0.04,0.02,0.0,0.0,0.0,0.01,0.01,0.12,0.0,0,0,0.9166666666666666,0.041666666666666664,2,0.010416666666666666,0,0.6333333333333333,0.19999999999999998,1.1904,easy,6.87,0,0,1,0,1,0,0,0,0,0,1,0,0,0,1,0,0,1,0,0,0
309,156,3,5f1b4f4a46a7f03dda9abce8,2020-07-24 22:29:04.284000+00:00,since he is always staying with his partner,0.571428571,0,0.0,7,since he is always staying with his partner.,5,8,43,1,-0.5632344009787775,-0.8997517586764013,0.0,0.0,0.0,0.0,0.01,0.01,0.0,0.0,0.0,0.0,0.02,0.0,0.0,0.0,0.0,0.0,0.0,0.0,0.0,0.0,0.0,0.0,0.01,0.01,0.0,0.0,0.02,0.0,0.0,0.0,0.03,0.0,0.0,0.0,0.0,0.01,0.0,0.0,0.0,0.0,0.0,0.01,0.01,0.0,0.0,0.01,0.03,0.02,0.0,0.0,0.0,0.0,0.0,0.04,0.0,0,0,1.0,0.0,1,0.0,0,0.0,0.0,0.3968,easy,9.132,0,0,0,0,0,0,0,0,0,0,0,0,0,0,0,0,0,0,0,0,0
309,156,3,5f1b4fcc46a7f03dda9abcf2,2020-07-24 22:29:06.619000+00:00,i think the person is ta because they are a guest in his mothers house and should be courteous to her ,0.571428571,0,0.0,7,i think the person is ta because they are a guest in his mother's house and should be courteous to her. ,6,21,102,1,0.6121451187494011,0.3827673227518391,0.01,0.0,0.01,0.02,0.0,0.01,0.0,0.0,0.0,0.0,0.02,0.0,0.0,0.0,0.0,0.0,0.0,0.01,0.0,0.0,0.0,0.01,0.01,0.03,0.01,0.0,0.01,0.0,0.0,0.0,0.06,0.0,0.0,0.0,0.0,0.01,0.0,0.01,0.0,0.0,0.0,0.05,0.01,0.02,0.02,0.04,0.04,0.02,0.0,0.0,0.0,0.02,0.01,0.14,0.0,0,0,1.0,0.047619047619047616,2,0.0,0,1.0,0.6,1.0415999999999999,easy,2.335,0,0,1,0,1,0,0,0,0,0,0,1,0,0,0,0,0,1,0,0,0
309,156,3,5d482ea721c9be351f762e5b,2020-07-24 22:29:26.232000+00:00,i think that the poster is nta only because she is doing it to make the partner comfortable because he is uncomfortable with english ,0.571428571,0,0.0,7,i think that the poster is nta only because she is doing it to make the partner comfortable because he is uncomfortable with english. ,7,24,133,1,0.9059899986814458,0.7033970931088992,0.0,0.0,0.0,0.02,0.0,0.01,0.0,0.0,0.01,0.01,0.02,0.0,0.0,0.0,0.0,0.0,0.0,0.0,0.0,0.0,0.01,0.01,0.01,0.05,0.0,0.0,0.0,0.0,0.0,0.0,0.03,0.02,0.0,0.0,0.0,0.03,0.0,0.01,0.0,0.0,0.0,0.06,0.01,0.02,0.02,0.04,0.05,0.02,0.0,0.0,0.0,0.01,0.01,0.16,0.0,0,0,0.8333333333333334,0.041666666666666664,8,0.0005036151718260998,0,0.7,-0.024999999999999994,1.8483166666666664,easy,19.613,0,0,1,0,1,0,0,0,0,0,0,1,0,0,0,0,0,1,1,0,0
309,156,3,5f1b4f4a46a7f03dda9abce8,2020-07-24 22:29:27.280000+00:00,but the mother should also try to understand them,0.571428571,0,0.0,7,but the mother should also try to understand them.,8,9,49,1,-0.4652861076680959,-0.7928751685573813,0.009999999999999998,0.0,0.0,0.019999999999999997,0.0,0.0,0.0,0.009999999999999998,0.009999999999999998,0.0,0.0,0.0,0.0,0.0,0.0,0.0,0.0,0.009999999999999998,0.0,0.0,0.0,0.009999999999999998,0.0,0.019999999999999997,0.009999999999999998,0.0,0.0,0.0,0.0,0.0,0.019999999999999997,0.0,0.0,0.0,0.0,0.0,0.0,0.0,0.0,0.0,0.009999999999999998,0.03,0.0,0.009999999999999998,0.009999999999999998,0.009999999999999998,0.03,0.009999999999999998,0.0,0.0,0.0,0.0,0.0,0.05,0.0,0,0,1.0,0.0,2,0.0,0,0.0,0.0,0.44639999999999996,easy,1.048,0,0,1,0,0,0,0,0,0,0,0,0,0,0,0,0,1,0,0,0,0
309,156,3,5d482ea721c9be351f762df2,2020-07-24 22:29:29.007000+00:00,its also common courtesy for everyone to speak a common language if possible so nobody feels left out,0.571428571,0,0.0,7,it's also common courtesy for everyone to speak a common language if possible so nobody feels left out,9,18,101,1,0.4162485321280381,0.16901414251379904,0.01,0.01,0.0,0.03,0.0,0.01,0.0,0.0,0.02,0.0,0.0,0.01,0.0,0.0,0.0,0.0,0.0,0.0,0.0,0.0,0.0,0.01,0.0,0.01,0.0,0.0,0.04,0.0,0.0,0.0,0.03,0.03,0.0,0.0,0.0,0.0,0.0,0.0,0.01,0.02,0.01,0.01,0.0,0.01,0.01,0.0,0.04,0.03,0.0,0.02,0.0,0.01,0.0,0.07,0.0,0,0,0.9444444444444444,0.0,1,0.00199203187250996,0,0.5,-0.15,0.8927999999999999,easy,1.727,0,0,1,0,1,0,0,0,0,0,0,0,0,0,0,0,0,0,0,0,0
309,156,3,5f19b5b846a7f03dda9a3c82,2020-07-24 22:29:33.669000+00:00,he is definitly ta should have been respectful of mother,0.571428571,0,0.0,7,"he is definitly ta, should have been respectful of mother",10,10,56,1,-0.36733781435741436,-0.6859985784383612,0.01,0.0,0.0,0.0,0.0,0.0,0.0,0.0,0.0,0.0,0.01,0.0,0.0,0.0,0.0,0.0,0.0,0.01,0.0,0.0,0.0,0.0,0.0,0.02,0.01,0.01,0.0,0.0,0.0,0.0,0.02,0.0,0.0,0.0,0.0,0.0,0.0,0.0,0.0,0.0,0.0,0.04,0.0,0.0,0.0,0.04,0.01,0.01,0.0,0.0,0.0,0.01,0.0,0.060000000000000005,0.0,0,0,1.0,0.0,0,0.0,0,0.7,0.5,0.496,easy,4.662,0,0,1,0,0,0,0,0,0,0,0,0,0,0,0,0,0,1,0,0,0
309,156,3,5f18c50e46a7f03dda99d6cd,2020-07-24 22:29:45.003000+00:00,this person is nta because he is being mindful of the language barrier that separates his culture from his boyfriends he wants to make sure that his boyfriend feels comfortable in an uncomfortable environment,0.571428571,0,0.0,7,this person is nta because he is being mindful of the language barrier that separates his culture from his boyfriend's. he wants to make sure that his boyfriend feels comfortable in an uncomfortable environment.,11,34,208,1,1.983421225098943,1.8790395844181196,0.01,0.0,0.0,0.01,0.01,0.0,0.0,0.0,0.0,0.01,0.05,0.0,0.0,0.0,0.0,0.0,0.0,0.0,0.0,0.0,0.02,0.01,0.01,0.05,0.0,0.0,0.030000000000000002,0.0,0.0,0.0,0.1,0.030000000000000002,0.0,0.0,0.0,0.02,0.0,0.0,0.01,0.0,0.0,0.060000000000000005,0.02,0.02,0.01,0.030000000000000002,0.060000000000000005,0.04,0.0,0.01,0.0,0.01,0.0,0.18,0.0,0,0,0.8529411764705882,0.0,5,0.0,0,0.6972222222222222,0.15000000000000002,6.251723529411764,difficult,11.334,0,0,1,0,1,0,0,0,0,0,0,0,0,0,0,0,0,1,1,0,0
310,157,2,5f19afe646a7f03dda9a2e35,2020-07-24 22:02:24.202000+00:00, becuase were now at my mothers house,1.0,2,0.5,4, becuase we're now at my mother's house,1,7,37,1,-0.7591309876001406,-1.0951684278562033,0.0,0.0,0.01,0.0,0.0,0.0,0.0,0.0,0.01,0.0,0.0,0.0,0.0,0.0,0.0,0.0,0.0,0.01,0.0,0.0,0.0,0.0,0.0,0.0,0.0,0.01,0.02,0.0,0.0,0.0,0.01,0.0,0.0,0.0,0.0,0.0,0.0,0.01,0.0,0.0,0.0,0.01,0.0,0.0,0.0,0.01,0.0,0.01,0.0,0.0,0.0,0.0,0.01,0.04,0.0,0,0,1.0,0.14285714285714285,0,0.0,0,0.0,0.0,0.3472,easy,0.0,0,0,0,0,0,0,0,0,0,0,1,0,0,0,0,0,0,0,0,0,0
310,157,2,5ee14c82896280243c135d20,2020-07-24 22:02:40.011000+00:00,moms house moms rules,1.0,2,0.5,4,"mom's house, mom's rules.",2,4,21,1,-0.9550275742215037,-1.3311961062734885,0.0,0.0,0.009999999999999998,0.0,0.0,0.0,0.0,0.0,0.0,0.0,0.0,0.0,0.0,0.0,0.0,0.0,0.0,0.019999999999999997,0.0,0.0,0.0,0.0,0.0,0.0,0.0,0.0,0.0,0.0,0.0,0.0,0.019999999999999997,0.0,0.0,0.0,0.0,0.0,0.0,0.0,0.0,0.0,0.0,0.0,0.0,0.0,0.0,0.0,0.0,0.0,0.0,0.0,0.0,0.0,0.0,0.0,0.0,0,0,0.75,0.0,0,0.004081632653061225,0,0.0,0.0,0.1984,easy,15.809,0,0,0,0,0,0,0,0,0,0,0,0,0,0,0,0,0,0,0,0,0
310,157,2,5f19afe646a7f03dda9a2e35,2020-07-24 22:03:01.010000+00:00,he says he hates that he sometimes doesnt know the right words,1.0,2,0.5,4,he says he hates that he sometimes doesn't know the right words,3,12,62,1,-0.17144122773605125,-0.38708539260434766,0.0,0.01,0.0,0.0,0.0,0.0,0.0,0.0,0.0,0.0,0.03,0.01,0.0,0.0,0.0,0.0,0.0,0.0,0.0,0.0,0.0,0.01,0.0,0.03,0.0,0.0,0.02,0.0,0.0,0.0,0.04,0.01,0.0,0.0,0.0,0.0,0.01,0.0,0.0,0.01,0.0,0.03,0.0,0.01,0.0,0.01,0.02,0.0,0.0,0.01,0.0,0.01,0.0,0.049999999999999996,0.0,0,0,0.8333333333333334,0.0,0,0.0,0,0.5357142857142857,0.2857142857142857,0.5952,easy,20.999,0,0,1,0,0,0,0,0,0,0,0,0,0,0,0,0,0,1,1,0,0
310,157,2,5e9f55029dc0406f8987ade7,2020-07-24 22:03:02.192000+00:00,because they are at mothers house i feel like they should respect her and speak so that she understands,1.0,2,0.5,4,because they are at mothers house i feel like they should respect her and speak so that she understands.,4,19,103,1,0.4162485321280381,0.32099764264750796,0.01,0.01,0.01,0.030000000000000002,0.0,0.01,0.0,0.0,0.01,0.0,0.02,0.0,0.0,0.0,0.0,0.0,0.0,0.01,0.0,0.0,0.02,0.02,0.0,0.030000000000000002,0.01,0.0,0.01,0.0,0.0,0.0,0.060000000000000005,0.01,0.0,0.0,0.0,0.01,0.0,0.01,0.01,0.0,0.0,0.04,0.0,0.0,0.030000000000000002,0.02,0.05,0.01,0.0,0.02,0.0,0.02,0.01,0.12000000000000001,0.0,0,0,0.9473684210526315,0.05263157894736842,1,0.0,0,0.0,0.0,0.9424,easy,1.182,0,0,1,0,1,0,0,0,0,0,1,0,0,0,0,0,0,1,0,0,0
310,157,2,5f19afe646a7f03dda9a2e35,2020-07-24 22:03:19.034000+00:00,disrepectful and she wants to be caught up,1.0,2,0.5,4,disrepectful and she wants to be caught up,5,8,42,1,-0.5632344009787775,-0.859140749438918,0.009999999999999998,0.0,0.0,0.009999999999999998,0.0,0.009999999999999998,0.0,0.0,0.0,0.0,0.009999999999999998,0.0,0.0,0.0,0.0,0.0,0.0,0.0,0.0,0.0,0.0,0.0,0.0,0.009999999999999998,0.0,0.009999999999999998,0.019999999999999997,0.0,0.0,0.0,0.009999999999999998,0.0,0.0,0.0,0.0,0.0,0.0,0.0,0.0,0.0,0.0,0.03,0.0,0.0,0.009999999999999998,0.009999999999999998,0.019999999999999997,0.019999999999999997,0.0,0.0,0.0,0.0,0.0,0.049999999999999996,0.0,0,0,1.0,0.0,2,0.0,0,0.1,0.2,0.3968,easy,16.842,0,0,0,0,0,0,0,0,0,0,0,0,0,0,0,0,0,0,0,0,0
310,157,2,5f1a23ea46a7f03dda9a7034,2020-07-24 22:03:19.789000+00:00,mom should feel comfortable in her own home,1.0,2,0.5,4,mom should feel comfortable in her own home,6,8,43,1,-0.5632344009787775,-0.859140749438918,0.01,0.0,0.01,0.0,0.0,0.0,0.0,0.0,0.0,0.0,0.01,0.0,0.0,0.0,0.0,0.0,0.0,0.01,0.0,0.01,0.01,0.01,0.0,0.01,0.01,0.0,0.01,0.0,0.0,0.0,0.02,0.0,0.0,0.0,0.0,0.0,0.0,0.0,0.01,0.0,0.0,0.02,0.0,0.0,0.0,0.01,0.02,0.01,0.0,0.01,0.0,0.01,0.0,0.04,0.0,0,0,1.0,0.0,0,0.0,0,0.9,0.5,0.3968,easy,0.755,0,0,1,0,1,0,0,0,0,0,0,0,0,0,0,0,0,1,0,0,0
310,157,2,5ee14c82896280243c135d20,2020-07-24 22:03:37.473000+00:00,this guys husband can feel a little uncomfortable while they are there to make his mom feel lncluded,1.0,2,0.5,4,this guys husband can feel a little uncomfortable while they are there to make his mom feel lncluded.,7,18,100,1,0.4162485321280381,0.32099764264750796,0.0,0.0,0.0,0.01,0.0,0.0,0.0,0.0,0.01,0.01,0.01,0.0,0.0,0.0,0.0,0.0,0.0,0.02,0.0,0.0,0.0,0.02,0.01,0.05,0.0,0.0,0.02,0.0,0.0,0.0,0.05,0.01,0.0,0.0,0.0,0.01,0.0,0.0,0.02,0.0,0.0,0.05,0.0,0.01,0.0,0.02,0.03,0.01,0.0,0.02,0.0,0.01,0.0,0.09,0.01,0,0,0.9444444444444444,0.0,0,0.004654283004464596,1,0.75,-0.34375,5.406522222222222,medium,17.684,0,0,1,0,1,0,0,0,0,0,0,0,0,0,0,0,0,0,1,0,0
311,157,3,5f19afe646a7f03dda9a2e35,2020-07-24 22:17:22.250000+00:00,son25 and his partner20 are staying at my house for a week,1.0,0,0.0,4,son(25) and his partner(20) are staying at my house for a week,1,12,58,1,-0.2693895210467328,-0.7357143646984813,0.0,0.0,0.009999999999999998,0.009999999999999998,0.0,0.009999999999999998,0.0,0.0,0.0,0.0,0.009999999999999998,0.0,0.0,0.0,0.0,0.0,0.0,0.0,0.0,0.0,0.0,0.0,0.009999999999999998,0.009999999999999998,0.0,0.0,0.03,0.0,0.0,0.0,0.019999999999999997,0.0,0.0,0.0,0.0,0.0,0.0,0.009999999999999998,0.0,0.0,0.0,0.009999999999999998,0.009999999999999998,0.009999999999999998,0.009999999999999998,0.009999999999999998,0.009999999999999998,0.019999999999999997,0.0,0.0,0.0,0.009999999999999998,0.009999999999999998,0.06999999999999999,0.0,0,0,1.0,0.08333333333333333,0,0.0,0,0.0,0.0,0.5952,easy,0.0,0,0,0,0,0,0,0,0,0,0,1,0,0,0,0,0,0,0,0,0,0
311,157,3,5e9f55029dc0406f8987ade7,2020-07-24 22:17:32.279000+00:00,they are in the moms home they should respect the mothers wishes and speak in english ,1.0,0,0.0,4,they are in the moms home they should respect the mothers wishes and speak in english. ,2,16,86,1,0.22035194550667497,0.17549149983633514,0.02,0.01,0.01,0.01,0.0,0.01,0.0,0.0,0.0,0.0,0.0,0.0,0.0,0.0,0.0,0.0,0.0,0.02,0.0,0.0,0.01,0.0,0.0,0.02,0.01,0.0,0.02,0.0,0.0,0.0,0.049999999999999996,0.0,0.0,0.0,0.0,0.0,0.0,0.0,0.0,0.0,0.0,0.03,0.0,0.02,0.01,0.02,0.03,0.02,0.0,0.01,0.0,0.01,0.0,0.09,0.0,0,0,0.8125,0.0,2,0.0,0,0.0,0.0,0.7936,easy,10.029,0,0,1,0,0,0,0,0,0,0,0,0,0,0,0,0,0,1,0,0,0
311,157,3,5f1a23ea46a7f03dda9a7034,2020-07-24 22:17:49.857000+00:00,moms should feel included in her own home,1.0,0,0.0,4,mom's should feel included in her own home,3,8,41,1,-0.5632344009787775,-1.282437883419371,0.01,0.0,0.01,0.0,0.0,0.01,0.0,0.0,0.0,0.0,0.01,0.0,0.0,0.0,0.0,0.0,0.0,0.01,0.0,0.01,0.0,0.01,0.0,0.01,0.01,0.0,0.01,0.0,0.0,0.0,0.02,0.0,0.0,0.0,0.0,0.0,0.0,0.0,0.01,0.0,0.0,0.02,0.0,0.0,0.0,0.01,0.029999999999999995,0.01,0.0,0.01,0.0,0.0,0.0,0.04,0.0,0,0,1.0,0.0,2,0.020940170940170942,0,1.0,0.6,0.3968,easy,17.578,0,0,1,0,1,0,0,0,0,0,0,0,0,0,0,0,0,0,0,0,0
311,157,3,5ee14c82896280243c135d20,2020-07-24 22:17:51.002000+00:00,she is correct here it is her house and she should be included  speak english around mom,1.0,0,0.0,4,"she is correct here, it is her house and she should be included.  speak english around mom.",4,17,88,1,0.31830023881735653,0.3577326727432984,0.01,0.01,0.01,0.01,0.01,0.03,0.0,0.0,0.02,0.0,0.03,0.0,0.0,0.0,0.0,0.0,0.0,0.01,0.0,0.0,0.0,0.0,0.0,0.02,0.01,0.0,0.01,0.0,0.0,0.0,0.049999999999999996,0.01,0.0,0.0,0.0,0.0,0.0,0.0,0.0,0.0,0.0,0.04,0.0,0.0,0.01,0.04,0.049999999999999996,0.01,0.0,0.01,0.0,0.01,0.0,0.09999999999999999,0.0,0,0,0.8823529411764706,0.0,2,0.006535947712418301,0,0.0,0.0,0.8432,easy,1.145,0,0,1,0,0,0,0,0,0,0,0,0,0,0,0,0,0,1,0,0,0
311,157,3,5e9f55029dc0406f8987ade7,2020-07-24 22:17:55.910000+00:00,having an accent does not mean they can not speak english,1.0,0,0.0,4,having an accent does not mean they can not speak english.,5,11,57,1,-0.2693895210467328,-0.7357143646984813,0.0,0.009999999999999998,0.0,0.0,0.0,0.0,0.0,0.0,0.0,0.0,0.0,0.019999999999999997,0.0,0.0,0.0,0.0,0.0,0.0,0.0,0.0,0.0,0.009999999999999998,0.0,0.029999999999999995,0.0,0.0,0.0,0.0,0.0,0.0,0.019999999999999997,0.0,0.0,0.0,0.0,0.0,0.0,0.0,0.0,0.0,0.019999999999999997,0.039999999999999994,0.0,0.009999999999999998,0.0,0.029999999999999995,0.029999999999999995,0.0,0.0,0.009999999999999998,0.0,0.0,0.0,0.06999999999999999,0.0,0,0,0.9090909090909091,0.0,0,0.0016375934048159847,0,0.34375,0.078125,0.5456,easy,4.908,0,0,0,0,0,0,0,0,0,0,0,0,0,0,0,0,0,0,0,0,0
311,157,3,5eade9c8d5ea945196fac5e5,2020-07-24 22:18:16.827000+00:00,it is rude to leave the mother out of conversations when they are staying in her home,1.0,0,0.0,4,it is rude to leave the mother out of conversations when they are staying in her home,6,17,85,1,0.31830023881735653,0.3577326727432984,0.0,0.0,0.01,0.01,0.0,0.01,0.0,0.0,0.01,0.0,0.01,0.0,0.0,0.0,0.0,0.0,0.0,0.01,0.01,0.0,0.0,0.0,0.0,0.02,0.0,0.0,0.049999999999999996,0.0,0.0,0.0,0.04,0.01,0.0,0.0,0.0,0.0,0.01,0.0,0.0,0.0,0.0,0.02,0.0,0.01,0.0,0.02,0.01,0.04,0.0,0.0,0.0,0.0,0.0,0.11,0.0,0,0,1.0,0.0,1,0.0,0,0.6,-0.3,5.408523529411765,medium,20.917,0,0,0,0,0,0,0,0,0,0,0,0,0,0,0,0,0,0,1,0,0
311,157,3,5f19afe646a7f03dda9a2e35,2020-07-24 22:18:26.749000+00:00,talk to a girl you like about her passion,1.0,0,0.0,4,talk to a girl you like about her passion,7,9,41,1,-0.4652861076680959,-1.1001967105124077,0.0,0.0,0.0,0.0,0.0,0.0,0.01,0.0,0.01,0.0,0.01,0.0,0.0,0.0,0.0,0.0,0.0,0.0,0.0,0.0,0.02,0.0,0.01,0.0,0.0,0.0,0.0,0.01,0.0,0.0,0.04,0.0,0.0,0.0,0.0,0.0,0.0,0.0,0.0,0.0,0.0,0.0,0.0,0.01,0.0,0.0,0.0,0.02,0.0,0.0,0.01,0.029999999999999995,0.0,0.049999999999999996,0.0,0,0,1.0,0.0,2,0.0,0,0.0,0.0,0.44639999999999996,easy,9.922,0,0,0,0,0,0,0,0,0,0,0,0,1,0,0,0,0,1,0,0,0
312,158,0,5d482ea421c9be351f762316,2020-07-27 15:31:10.007000+00:00,it never hurts to learn new things that is important for your brain to keep sharp i would not mind learning a different language,0.8,0,0.0,5,it never hurts to learn new things. that is important for your brain to keep sharp. i would not mind learning a different language.,1,24,128,1,0.9059899986814458,0.2583798770814199,0.01,0.0,0.0,0.0,0.01,0.0,0.01,0.01,0.0,0.0,0.0,0.02,0.0,0.0,0.0,0.0,0.01,0.0,0.01,0.0,0.01,0.02,0.0,0.02,0.01,0.0,0.02,0.0,0.01,0.01,0.02,0.03,0.0,0.02,0.0,0.0,0.0,0.01,0.01,0.0,0.01,0.03,0.0,0.01,0.0,0.02,0.07,0.03,0.0,0.01,0.01,0.03,0.01,0.1,0.0,0,0,0.9583333333333334,0.041666666666666664,0,0.0,0,0.7011363636363637,0.1028409090909091,1.1904,easy,0.0,0,0,0,0,0,0,0,0,0,0,1,0,1,0,0,0,0,1,1,0,0
312,158,0,5d482ea821c9be351f763264,2020-07-27 15:31:33.533000+00:00,my initial thought was that the writer was being insensitive,0.8,0,0.0,5,my initial thought was that the writer was being insensitive.,2,10,60,1,-0.36733781435741436,-1.0157002064579952,0.0,0.0,0.0,0.0,0.0,0.0,0.0,0.0,0.0,0.0,0.0,0.0,0.0,0.0,0.0,0.0,0.0,0.0,0.0,0.0,0.0,0.01,0.0,0.0,0.0,0.03,0.01,0.0,0.0,0.0,0.0,0.01,0.0,0.0,0.0,0.0,0.0,0.01,0.0,0.0,0.0,0.04,0.0,0.01,0.0,0.03,0.01,0.0,0.0,0.0,0.0,0.0,0.01,0.06,0.0,0,0,0.9,0.0,1,0.0,0,0.0,0.0,5.7115,medium,23.526,0,0,1,0,0,0,0,0,0,0,0,1,0,0,0,0,0,0,1,0,0
312,158,0,5d482ea421c9be351f762316,2020-07-27 15:31:52.892000+00:00,did you change your mind,0.8,0,0.0,5,did you change your mind?,3,5,24,1,-0.8570792809108222,-1.505731007819309,0.0,0.0,0.0,0.0,0.0,0.0,0.0,0.0,0.0,0.0,0.0,0.0,0.0,0.0,0.0,0.0,0.0,0.0,0.0,0.0,0.0,0.0,0.0,0.0,0.0,0.009999999999999998,0.009999999999999998,0.0,0.0,0.0,0.019999999999999997,0.0,0.0,0.0,0.0,0.009999999999999998,0.0,0.0,0.0,0.0,0.0,0.009999999999999998,0.0,0.0,0.0,0.009999999999999998,0.019999999999999997,0.0,0.0,0.0,0.019999999999999997,0.0,0.0,0.03,0.0,1,0,1.0,0.0,0,0.0,0,0.0,0.0,0.248,easy,19.359,0,0,0,0,0,0,0,0,0,0,0,0,1,0,0,0,0,0,0,0,0
312,158,0,5d482eaa21c9be351f763922,2020-07-27 15:31:59.466000+00:00,i think this guy is out of line  he should have had his wife approach her mother about learning the language  its never good to argue with inlaws  hopefully he can mend fences,0.8,0,0.0,5,"i think this guy is out of line.  he should have had his wife approach her mother about learning the language.  it's never good to argue with in-laws.  hopefully, he can mend fences.",4,33,175,1,1.7875246384775798,1.1404353195317842,0.02,0.0,0.0,0.0,0.01,0.02,0.0,0.0,0.02,0.0,0.04,0.01,0.0,0.0,0.0,0.0,0.0,0.02,0.0,0.0,0.02,0.02,0.01,0.04,0.01,0.01,0.030000000000000002,0.0,0.01,0.0,0.09,0.02,0.0,0.01,0.0,0.0,0.01,0.01,0.0,0.01,0.0,0.060000000000000005,0.0,0.01,0.0,0.049999999999999996,0.08,0.049999999999999996,0.0,0.0,0.0,0.01,0.01,0.18,0.0,0,0,0.9696969696969697,0.030303030303030304,0,0.0,0,0.6000000000000001,-0.35,1.6368,easy,6.574,0,0,1,0,1,0,0,0,0,0,0,1,0,0,0,0,0,1,0,0,0
312,158,0,5f1ee8e446a7f03dda9af874,2020-07-27 15:31:59.512000+00:00,eight years is a long time to be in a country and not understand the passable language to get around,0.8,0,0.0,5,eight years is a long time to be in a country and not understand the passable language to get around.,5,20,100,1,0.6121451187494011,-0.03563860373536822,0.0,0.0,0.0,0.01,0.0,0.02,0.0,0.0,0.01,0.0,0.0,0.01,0.0,0.0,0.0,0.0,0.0,0.0,0.0,0.0,0.0,0.01,0.0,0.03,0.0,0.0,0.06,0.0,0.0,0.0,0.01,0.0,0.0,0.0,0.0,0.0,0.0,0.0,0.0,0.0,0.01,0.04,0.0,0.03,0.01,0.02,0.04,0.04,0.0,0.0,0.0,0.02,0.0,0.1,0.0,0,0,0.9,0.0,4,0.001218026796589525,0,0.4,-0.05,0.992,easy,0.046,0,0,1,0,0,0,0,0,0,0,0,0,0,0,0,0,0,0,0,0,0
312,158,0,5d482ea821c9be351f763188,2020-07-27 15:32:00.077000+00:00,my impression is that there are many ways to tell what you think he doesnt want to be mean but he used the wrong words,0.8,0,0.0,5,my impression is that there are many ways to tell what you think. he doesnt want to be mean but he used the wrong words,6,25,118,1,1.101886585302809,0.4543921976259453,0.01,0.0,0.0,0.01,0.0,0.0,0.0,0.0,0.01,0.0,0.02,0.01,0.0,0.0,0.0,0.0,0.0,0.0,0.01,0.01,0.01,0.02,0.0,0.06,0.0,0.01,0.0,0.0,0.0,0.0,0.04,0.02,0.0,0.0,0.0,0.01,0.0,0.01,0.0,0.0,0.01,0.08,0.0,0.01,0.01,0.04,0.049999999999999996,0.02,0.0,0.0,0.01,0.0,0.01,0.13999999999999999,0.0,0,0,0.92,0.0,5,0.0,0,0.6958333333333333,-0.10416666666666667,1.24,easy,0.565,0,0,1,0,1,0,0,0,0,0,0,1,1,0,0,0,0,0,1,0,0
312,158,0,5d482ea821c9be351f763264,2020-07-27 15:32:12.537000+00:00,but the edit clarified that he did in fact approach the conversation gently and that he was trying to help his family,0.8,0,0.0,5,but the edit clarified that he did in fact approach the conversation gently and that he was trying to help his family.,7,22,117,1,0.8080417053707643,0.16037371680915719,0.0,0.0,0.01,0.02,0.01,0.01,0.0,0.01,0.0,0.0,0.029999999999999995,0.0,0.0,0.0,0.0,0.0,0.0,0.01,0.0,0.0,0.01,0.01,0.0,0.0,0.0,0.02,0.02,0.0,0.0,0.0,0.05999999999999999,0.02,0.0,0.01,0.0,0.0,0.0,0.0,0.0,0.0,0.01,0.02,0.0,0.02,0.02,0.02,0.04,0.02,0.0,0.0,0.0,0.0,0.0,0.12999999999999998,0.0,0,0,0.8636363636363636,0.0,8,0.0,0,0.8,0.2,1.808927272727273,easy,12.46,0,0,0,0,0,1,0,0,0,0,0,0,0,0,0,0,1,0,0,0,0
312,158,0,5d482ea421c9be351f762316,2020-07-27 15:32:16.312000+00:00,it would be annoying to be called any hour of the day,0.8,0,0.0,5,it would be annoying to be called any hour of the day.,8,12,53,1,-0.17144122773605125,-0.8196878859134699,0.01,0.0,0.0,0.0,0.0,0.0,0.0,0.0,0.0,0.0,0.0,0.0,0.0,0.0,0.0,0.0,0.0,0.0,0.0,0.0,0.0,0.0,0.0,0.0,0.01,0.01,0.02,0.0,0.0,0.0,0.01,0.01,0.0,0.0,0.0,0.0,0.01,0.0,0.0,0.01,0.0,0.04,0.0,0.01,0.0,0.030000000000000002,0.02,0.02,0.0,0.0,0.0,0.0,0.0,0.07,0.0,0,0,0.9166666666666666,0.0,2,0.0,0,0.9,-0.8,0.5952,easy,3.775,0,0,0,0,0,0,0,0,0,0,0,0,0,0,0,0,0,0,1,0,0
312,158,0,5d482ea521c9be351f762622,2020-07-27 15:32:16.584000+00:00,no i dont think they are the mother in law is looking for someone to do things for her there is no reason why she couldnt try to learn english the family just doesnt want to push her to do it,0.8,0,0.0,5,no i dont think they are. the mother in law is looking for someone to do things for her. there is no reason why she couldn't try to learn english. the family just doesnt want to push her to do it.,9,41,191,1,2.5711109849630325,1.924484601709886,0.02,0.0,0.01,0.0,0.0,0.0,0.0,0.01,0.03,0.0,0.03,0.049999999999999996,0.0,0.0,0.0,0.01,0.0,0.02,0.0,0.0,0.0,0.03,0.0,0.09999999999999999,0.0,0.0,0.02,0.0,0.0,0.0,0.06999999999999999,0.03,0.0,0.01,0.0,0.02,0.0,0.01,0.0,0.01,0.01,0.10999999999999999,0.0,0.02,0.03,0.08,0.09,0.06999999999999999,0.0,0.01,0.0,0.0,0.01,0.25,0.0,0,0,0.7804878048780488,0.024390243902439025,7,0.0,0,0.0,0.0,2.0336,easy,0.272,0,0,1,0,1,0,0,0,0,0,1,0,0,0,0,0,0,0,0,0,0
313,158,3,5d482ea421c9be351f762316,2020-07-27 16:16:00.555000+00:00,the woman should not push off her responsibility to her husband,1.0,0,0.0,5,the woman should not push off her responsibility to her husband,1,11,63,1,-0.2693895210467328,-0.37553302719742915,0.01,0.0,0.0,0.0,0.0,0.0,0.0,0.01,0.01,0.0,0.02,0.01,0.0,0.0,0.0,0.0,0.0,0.01,0.0,0.0,0.0,0.0,0.01,0.0,0.01,0.0,0.02,0.0,0.01,0.0,0.04,0.0,0.0,0.01,0.0,0.0,0.0,0.0,0.0,0.0,0.01,0.01,0.0,0.01,0.0,0.01,0.03,0.02,0.0,0.0,0.0,0.0,0.0,0.06999999999999999,0.0,0,0,0.9090909090909091,0.0,0,0.0,0,0.0,0.0,5.617554545454546,medium,0.0,0,0,1,0,0,0,0,0,0,0,0,0,0,0,0,0,0,0,0,0,0
313,158,3,5f1b53e646a7f03dda9abeb6,2020-07-27 16:16:01.956000+00:00,her parents need to learn english since they are living in the us,1.0,0,0.0,5,her parents need to learn english since they are living in the u.s.,2,13,65,1,-0.07349293442536971,-0.14910870197544976,0.01,0.0,0.0,0.0,0.0,0.0,0.01,0.0,0.0,0.0,0.01,0.0,0.0,0.0,0.01,0.0,0.0,0.01,0.0,0.0,0.0,0.01,0.0,0.02,0.0,0.0,0.01,0.0,0.0,0.0,0.04,0.0,0.0,0.01,0.0,0.01,0.0,0.0,0.0,0.0,0.0,0.02,0.0,0.01,0.0,0.01,0.030000000000000002,0.030000000000000002,0.01,0.0,0.0,0.0,0.0,0.060000000000000005,0.0,0,0,1.0,0.0,3,0.0,0,0.0,0.0,0.6447999999999999,easy,1.401,0,0,0,0,0,0,0,0,0,1,0,0,0,0,0,0,0,0,0,0,0
313,158,3,5d482ea821c9be351f763188,2020-07-27 16:16:11.721000+00:00,its her family is not his husband  responsability to help her family always,1.0,0,0.0,5,"its her family, is not his husband  responsability to help her family always",3,13,75,1,-0.07349293442536971,-0.14910870197544976,0.0,0.0,0.02,0.0,0.01,0.0,0.0,0.0,0.0,0.0,0.03,0.01,0.0,0.0,0.0,0.0,0.0,0.03,0.0,0.0,0.0,0.0,0.0,0.01,0.0,0.0,0.01,0.0,0.0,0.0,0.07,0.01,0.0,0.0,0.0,0.0,0.0,0.0,0.0,0.0,0.01,0.01,0.0,0.0,0.0,0.01,0.02,0.01,0.0,0.0,0.0,0.0,0.0,0.07,0.0,0,0,0.8461538461538461,0.0,3,0.0,0,0.0,0.0,5.495915384615385,medium,9.765,0,0,0,0,0,0,0,0,0,0,0,0,0,0,0,0,0,0,0,0,0
313,158,3,5d482eaa21c9be351f763922,2020-07-27 16:16:17.217000+00:00,i think the wife is out of line  he tried nicely to tell her he didnt want to do translation anymore,1.0,0,0.0,5,i think the wife is out of line.  he tried nicely to tell her he didn't want to do translation anymore,4,21,100,1,0.6121451187494011,0.643376436301478,0.01,0.0,0.0,0.0,0.0,0.01,0.0,0.01,0.0,0.0,0.03,0.01,0.0,0.0,0.0,0.0,0.0,0.01,0.0,0.0,0.01,0.01,0.0,0.04,0.0,0.02,0.02,0.0,0.0,0.0,0.05,0.0,0.0,0.0,0.0,0.0,0.0,0.01,0.0,0.0,0.0,0.06,0.0,0.01,0.0,0.03,0.03,0.04,0.0,0.0,0.0,0.01,0.01,0.11,0.0,0,0,0.9047619047619048,0.047619047619047616,4,0.0,0,1.0,0.6,1.0415999999999999,easy,5.496,0,0,1,0,1,0,0,0,0,0,0,1,0,0,0,0,0,1,0,0,0
313,158,3,5f1ee8e446a7f03dda9af874,2020-07-27 16:16:19.829000+00:00,i dont think its unreasonable for the wife to ask her husband to help but if the husband is unwilling she should accept the fact,1.0,0,0.0,5,i don't think it's unreasonable for the wife to ask her husband to help but if the husband is unwilling she should accept the fact.,5,25,128,1,1.0039382919921274,1.0962250867454368,0.02,0.0,0.0,0.02,0.01,0.0,0.0,0.0,0.0,0.0,0.02,0.01,0.0,0.0,0.0,0.0,0.0,0.03,0.0,0.0,0.01,0.02,0.0,0.04,0.01,0.0,0.0,0.0,0.0,0.0,0.07,0.01,0.0,0.0,0.0,0.0,0.0,0.01,0.0,0.01,0.02,0.05,0.0,0.03,0.01,0.03,0.06,0.03,0.0,0.0,0.0,0.0,0.01,0.14,0.0,0,0,0.84,0.04,7,0.0038258743080387247,0,0.0,0.0,1.8716,easy,2.612,0,0,1,0,1,0,0,0,0,0,0,1,0,0,0,0,0,0,1,0,0
313,158,3,5d482ea821c9be351f763264,2020-07-27 16:16:27.608000+00:00,after being in the us so long i think that the parents should be more independent if they are not though the author should not be pushing the responsibility onto her husband,1.0,0,0.0,5,"after being in the us so long, i think that the parents should be more independent. if they are not though, the author should not be pushing the responsibility onto her husband.",6,32,173,1,1.6895763451668984,1.8887102250223646,0.029999999999999995,0.0,0.0,0.029999999999999995,0.0,0.0,0.0,0.01,0.029999999999999995,0.0,0.01,0.02,0.0,0.0,0.0,0.0,0.0,0.02,0.0,0.01,0.0,0.01,0.0,0.02,0.02,0.0,0.049999999999999996,0.0,0.01,0.0,0.049999999999999996,0.01,0.0,0.01,0.0,0.01,0.0,0.01,0.0,0.01,0.029999999999999995,0.07,0.0,0.04,0.01,0.05999999999999999,0.08,0.029999999999999995,0.01,0.0,0.0,0.0,0.01,0.21,0.0,0,0,0.8125,0.03125,8,0.0012314172096718058,0,0.3416666666666666,0.15,6.210575,difficult,7.779,0,0,1,0,1,0,0,0,0,1,1,0,0,0,0,0,0,0,0,0,0
313,158,3,5f1b53e646a7f03dda9abeb6,2020-07-27 16:16:28.047000+00:00,it seems like her parents are just dragging their feet in learning english ,1.0,0,0.0,5,it seems like her parents are just dragging their feet in learning english. ,7,13,75,1,-0.07349293442536971,-0.14910870197544976,0.0,0.0,0.0,0.0,0.0,0.0,0.01,0.0,0.01,0.0,0.01,0.0,0.0,0.0,0.0,0.0,0.01,0.01,0.0,0.0,0.01,0.02,0.0,0.02,0.0,0.0,0.01,0.0,0.0,0.0,0.03,0.01,0.0,0.01,0.0,0.0,0.0,0.0,0.0,0.01,0.01,0.02,0.0,0.0,0.01,0.01,0.03,0.01,0.0,0.0,0.0,0.01,0.0,0.06,0.0,0,0,1.0,0.0,3,0.00303951367781155,0,0.0,0.0,0.6447999999999999,easy,0.439,0,0,1,0,1,0,0,0,0,0,0,0,0,0,0,0,0,1,1,0,0
313,158,3,5d482ea421c9be351f762316,2020-07-27 16:16:35.596000+00:00,the husband is right for being upset with his wife,1.0,0,0.0,5,the husband is right for being upset with his wife,8,10,50,1,-0.36733781435741436,-0.4887451898084188,0.0,0.0,0.0,0.0,0.0,0.01,0.0,0.0,0.0,0.01,0.01,0.0,0.0,0.0,0.0,0.0,0.0,0.02,0.01,0.0,0.0,0.0,0.0,0.01,0.0,0.0,0.01,0.0,0.0,0.0,0.03,0.0,0.0,0.0,0.0,0.0,0.0,0.0,0.0,0.0,0.0,0.02,0.0,0.01,0.0,0.02,0.01,0.02,0.0,0.0,0.0,0.01,0.0,0.06,0.0,0,0,1.0,0.0,0,0.0,0,0.5357142857142857,0.2857142857142857,0.496,easy,7.549,0,0,0,0,0,0,0,0,0,0,0,0,0,0,0,0,0,1,1,0,0
313,158,3,5d482ea521c9be351f762622,2020-07-27 16:16:59.557000+00:00,i dont think the husband should be responsible for his mother in law if the poster wont help her family learn english than she is responsible for translating for them  there is no reason they couldnt learn to be more independent ,1.0,0,0.0,5,i dont think the husband should be responsible for his mother in law. if the poster wont help her family learn english than she is responsible for translating for them . there is no reason they couldnt learn to be more independent. ,9,41,229,1,2.5711109849630325,2.9076196885212715,0.03,0.0,0.01,0.01,0.0,0.0,0.0,0.02,0.01,0.0,0.03,0.04,0.0,0.0,0.0,0.0,0.0,0.03,0.0,0.01,0.0,0.04,0.0,0.04,0.02,0.0,0.01,0.0,0.02,0.0,0.09000000000000001,0.0,0.0,0.04,0.0,0.02,0.0,0.01,0.0,0.01,0.01,0.09000000000000001,0.0,0.02,0.01,0.08,0.11,0.06,0.0,0.0,0.0,0.0,0.01,0.23,0.0,0,0,0.8292682926829268,0.024390243902439025,8,0.000727802037845706,0,0.34500000000000003,0.18,2.418721951219512,easy,23.961,0,0,1,0,1,0,0,0,0,0,0,1,0,0,0,0,0,0,0,0,0
313,158,3,5f1b53e646a7f03dda9abeb6,2020-07-27 16:17:00.438000+00:00,her parents shouldnt expect to always reaching out to someone who speaks english just to translate,1.0,0,0.0,5,her parents shouldn't expect to always reaching out to someone who speaks english just to translate.,10,16,98,1,0.22035194550667497,0.19052778585751928,0.019999999999999997,0.009999999999999998,0.0,0.0,0.009999999999999998,0.009999999999999998,0.0,0.0,0.009999999999999998,0.0,0.009999999999999998,0.009999999999999998,0.0,0.0,0.0,0.0,0.0,0.009999999999999998,0.0,0.0,0.0,0.0,0.0,0.0,0.009999999999999998,0.0,0.019999999999999997,0.0,0.0,0.0,0.05,0.019999999999999997,0.0,0.0,0.0,0.0,0.0,0.0,0.0,0.009999999999999998,0.009999999999999998,0.009999999999999998,0.0,0.0,0.009999999999999998,0.009999999999999998,0.06,0.039999999999999994,0.0,0.009999999999999998,0.0,0.0,0.0,0.06999999999999999,0.0,0,0,0.875,0.0,4,0.0006161429451632779,0,0.0,0.0,0.7936,easy,0.881,0,0,1,0,0,0,0,0,0,0,0,0,0,0,0,0,0,0,0,0,0
313,158,3,5d482eaa21c9be351f763922,2020-07-27 16:17:07.850000+00:00,the wife needs to step back and see it from his point of view  these are not his parents,1.0,0,0.0,5,the wife needs to step back and see it from his point of view.  these are not his parents.,11,19,88,1,0.5141968254387196,0.5301642736904884,0.01,0.0,0.0,0.01,0.0,0.01,0.0,0.0,0.01,0.0,0.02,0.01,0.0,0.0,0.0,0.02,0.0,0.02,0.0,0.0,0.0,0.0,0.0,0.03,0.0,0.0,0.03,0.0,0.0,0.0,0.04,0.02,0.0,0.0,0.0,0.0,0.0,0.0,0.0,0.0,0.01,0.03,0.0,0.01,0.01,0.01,0.03,0.03,0.0,0.02,0.0,0.0,0.0,0.11,0.0,0,0,0.9473684210526315,0.0,1,0.00303951367781155,0,0.0,0.0,0.9424,easy,7.412,0,0,0,0,0,0,0,0,0,0,0,0,0,0,0,0,0,0,0,0,0
314,159,1,5f1b61f646a7f03dda9ad5e4,2020-07-27 15:27:53.796000+00:00,salvador when i was 15 spanish is my first language im ta for expecting him to translate for my parents,0.75,0,0.0,4,salvador when i was 15. spanish is my first language i'm ta for expecting him to translate for my parents,1,20,103,1,0.31830023881735653,0.3805276936975394,0.01,0.0,0.0,0.01,0.0,0.0,0.0,0.01,0.01,0.0,0.01,0.0,0.0,0.0,0.0,0.0,0.0,0.01,0.0,0.0,0.0,0.0,0.0,0.01,0.0,0.01,0.02,0.0,0.0,0.0,0.030000000000000002,0.0,0.0,0.0,0.0,0.0,0.0,0.030000000000000002,0.0,0.0,0.0,0.02,0.0,0.0,0.0,0.02,0.01,0.030000000000000002,0.0,0.0,0.0,0.0,0.030000000000000002,0.1,0.0,0,0,0.9,0.15,0,0.0,0,0.16666666666666666,0.125,0.992,easy,0.0,0,0,0,0,0,0,0,0,0,0,1,0,0,0,0,0,0,0,0,0,0
314,159,1,5d482ea521c9be351f7624a4,2020-07-27 15:28:13.864000+00:00,i dont think anyone is an asshole i think the daughter could talk to her mom and explain that her husband has a lot to do,0.75,0,0.0,4,i don't think anyone is an asshole. i think the daughter could talk to her mom and explain that her husband has a lot to do,2,26,121,1,1.0039382919921274,1.196433919823795,0.01,0.0,0.0,0.01,0.0,0.01,0.0,0.0,0.0,0.0,0.02,0.01,0.01,0.0,0.0,0.0,0.0,0.03,0.0,0.01,0.0,0.03,0.0,0.07,0.0,0.0,0.0,0.0,0.0,0.0,0.08,0.02,0.0,0.0,0.0,0.0,0.01,0.02,0.0,0.02,0.0,0.08,0.0,0.03,0.01,0.05,0.07,0.02,0.0,0.0,0.0,0.01,0.02,0.14,0.0,0,0,0.8461538461538461,0.07692307692307693,3,0.00031036623215394165,0,0.0,0.0,1.2895999999999999,easy,20.068,0,0,1,0,1,0,0,0,0,0,1,1,0,0,0,0,0,0,0,0,0
314,159,1,5f1b61f646a7f03dda9ad5e4,2020-07-27 15:28:14.028000+00:00,my parents have been working hard to make it in this country their whole lives,0.75,0,0.0,4,my parents have been working hard to make it in this country their whole lives,3,15,78,1,0.1224036521959934,0.14741162909003785,0.0,0.0,0.0,0.0,0.0,0.0,0.0,0.01,0.0,0.0,0.0,0.0,0.0,0.0,0.0,0.0,0.0,0.01,0.0,0.01,0.0,0.0,0.0,0.02,0.0,0.01,0.02,0.0,0.0,0.0,0.02,0.02,0.0,0.01,0.0,0.01,0.0,0.01,0.01,0.0,0.0,0.030000000000000002,0.0,0.0,0.0,0.02,0.01,0.02,0.0,0.01,0.0,0.0,0.01,0.08,0.0,0,0,1.0,0.0,1,0.0,0,0.4708333333333333,-0.04583333333333334,0.744,easy,0.164,0,0,0,0,0,0,0,0,0,0,0,1,0,0,0,0,0,0,1,0,0
314,159,1,5d482ea721c9be351f762caf,2020-07-27 15:28:24.489000+00:00,i dont think anyone is the asshole in this scenario they could just politely suggest a cool new app that teaches english or translates,0.75,0,0.0,4,i don't think anyone is the asshole in this scenario they could just politely suggest a cool new app that teaches english or translates,4,24,134,1,0.9059899986814458,1.079875887520044,0.01,0.0,0.0,0.01,0.0,0.0,0.0,0.0,0.01,0.0,0.0,0.01,0.01,0.0,0.0,0.0,0.0,0.0,0.0,0.0,0.01,0.01,0.0,0.03,0.0,0.0,0.02,0.0,0.0,0.0,0.03,0.03,0.0,0.01,0.0,0.0,0.01,0.01,0.01,0.02,0.02,0.04,0.0,0.02,0.01,0.03,0.049999999999999996,0.01,0.0,0.01,0.0,0.02,0.01,0.09999999999999999,0.0,0,0,1.0,0.041666666666666664,2,0.0,0,0.36818181818181817,0.1621212121212121,1.1904,easy,10.461,0,0,1,0,1,0,0,0,0,0,0,1,0,0,0,0,0,1,0,0,0
314,159,1,5d482ea521c9be351f7624a4,2020-07-27 15:28:54.112000+00:00,some simple communication should solve this issue,0.75,0,0.0,4,some simple communication should solve this issue,5,7,49,1,-0.6611826942894591,-0.7850526293399684,0.009999999999999998,0.0,0.0,0.0,0.0,0.0,0.0,0.009999999999999998,0.0,0.0,0.0,0.0,0.0,0.0,0.0,0.0,0.0,0.0,0.0,0.019999999999999997,0.0,0.009999999999999998,0.0,0.0,0.009999999999999998,0.0,0.0,0.0,0.0,0.0,0.009999999999999998,0.009999999999999998,0.0,0.0,0.0,0.009999999999999998,0.0,0.0,0.0,0.009999999999999998,0.0,0.009999999999999998,0.0,0.0,0.0,0.009999999999999998,0.039999999999999994,0.0,0.0,0.0,0.0,0.0,0.0,0.03,0.0,0,0,1.0,0.0,1,0.0,0,0.35714285714285715,0.0,6.239414285714286,difficult,29.623,0,0,1,0,0,0,0,0,0,0,0,0,0,0,0,0,0,0,1,0,0
314,159,1,5f1ee74046a7f03dda9af6c7,2020-07-27 15:29:01.387000+00:00,you cannt except your husband always to help your family you should cosider some other way,0.75,0,0.0,4,you cannt except your husband always to help your family .you should cosider some other way,6,16,90,1,0.22035194550667497,0.26396966139378863,0.01,0.0,0.01,0.0,0.01,0.0,0.0,0.0,0.0,0.0,0.0,0.0,0.0,0.0,0.0,0.0,0.0,0.02,0.0,0.01,0.0,0.0,0.0,0.0,0.01,0.0,0.01,0.0,0.0,0.0,0.07,0.01,0.0,0.0,0.0,0.0,0.0,0.0,0.0,0.01,0.01,0.01,0.0,0.0,0.0,0.01,0.04,0.02,0.0,0.0,0.04,0.0,0.0,0.08,0.0,0,0,0.875,0.0,1,0.00267379679144385,0,0.375,-0.125,0.7936,easy,7.275,0,0,1,0,0,0,0,0,0,0,0,0,1,1,0,0,0,0,0,0,0
314,159,1,5d482ea521c9be351f762440,2020-07-27 15:29:02.766000+00:00,i can see why the husband is annoyed that the mom calls him direct  if he called the daughter first and then she asks him to take over that seems more reasonable,0.75,0,0.0,4,i can see why the husband is annoyed that the mom calls him direct.  if he called the daughter first and then she asks him to take over that seems more reasonable.,7,32,161,1,1.6895763451668984,2.0123401459500503,0.01,0.0,0.0,0.030000000000000002,0.0,0.01,0.0,0.01,0.0,0.0,0.04,0.0,0.0,0.0,0.0,0.01,0.0,0.030000000000000002,0.0,0.01,0.0,0.02,0.0,0.060000000000000005,0.0,0.01,0.030000000000000002,0.0,0.0,0.0,0.1,0.02,0.0,0.0,0.0,0.02,0.01,0.01,0.0,0.02,0.01,0.07,0.0,0.030000000000000002,0.01,0.02,0.05,0.02,0.0,0.01,0.0,0.01,0.01,0.19,0.0,0,0,0.875,0.03125,1,0.000727802037845706,0,0.5266666666666666,0.12999999999999998,1.5872,easy,1.379,0,0,1,0,1,0,0,0,0,0,0,1,0,0,0,0,0,1,1,0,0
314,159,1,5f1b61f646a7f03dda9ad5e4,2020-07-27 15:29:12.902000+00:00, i dont see how he cant spend like 10 minutes,0.75,0,0.0,4, i don't see how he can't spend like 10 minutes,8,10,45,1,-0.4652861076680959,-0.5519365647324669,0.0,0.0,0.0,0.01,0.0,0.0,0.0,0.0,0.01,0.0,0.01,0.02,0.0,0.0,0.0,0.01,0.0,0.0,0.0,0.0,0.01,0.0,0.0,0.03,0.0,0.0,0.01,0.0,0.0,0.0,0.01,0.0,0.0,0.0,0.01,0.01,0.0,0.01,0.0,0.0,0.0,0.03,0.0,0.0,0.0,0.02,0.01,0.0,0.0,0.01,0.0,0.01,0.01,0.03,0.0,0,0,1.0,0.1,1,0.003676309876640351,0,0.0,0.0,0.496,easy,10.136,0,0,0,0,0,0,0,0,0,0,0,1,0,0,0,0,0,1,0,0,0
314,159,1,5d482ea721c9be351f762caf,2020-07-27 15:29:16.466000+00:00,i agree simple communication and it doesnt have to be rude i think everyone had a natural reaction,0.75,0,0.0,4,i agree simple communication and it doesn't have to be rude. i think everyone had a natural reaction.,9,18,98,1,0.22035194550667497,0.26396966139378863,0.0,0.0,0.0,0.009999999999999998,0.0,0.009999999999999998,0.0,0.0,0.0,0.0,0.0,0.009999999999999998,0.0,0.0,0.0,0.0,0.0,0.0,0.009999999999999998,0.009999999999999998,0.009999999999999998,0.009999999999999998,0.0,0.03,0.0,0.009999999999999998,0.0,0.0,0.0,0.0,0.019999999999999997,0.019999999999999997,0.0,0.0,0.0,0.009999999999999998,0.009999999999999998,0.019999999999999997,0.0,0.0,0.0,0.05,0.0,0.009999999999999998,0.009999999999999998,0.039999999999999994,0.03,0.009999999999999998,0.0,0.0,0.0,0.009999999999999998,0.019999999999999997,0.09,0.0,0,0,0.9444444444444444,0.1111111111111111,0,0.00031036623215394165,0,0.4523809523809524,-0.06666666666666667,5.406522222222222,medium,3.564,0,0,1,0,1,0,0,0,0,0,1,1,0,0,0,0,0,0,1,0,0
315,159,2,5d482ea921c9be351f7635f1,2020-07-27 15:42:51.767000+00:00,the united states is english speaking and its citizens must learn the language this is my opinion,0.8,1,0.2,5,the united states is english speaking and its citizens must learn the language. this is my opinion,1,17,97,1,0.22035194550667497,0.25191688892459185,0.01,0.01,0.0,0.01,0.01,0.01,0.0,0.0,0.0,0.0,0.0,0.0,0.0,0.0,0.0,0.0,0.0,0.0,0.0,0.0,0.0,0.01,0.01,0.02,0.01,0.0,0.0,0.0,0.0,0.0,0.03,0.02,0.0,0.01,0.0,0.0,0.0,0.01,0.0,0.01,0.0,0.03,0.0,0.02,0.01,0.03,0.04,0.0,0.0,0.01,0.0,0.0,0.01,0.08,0.0,0,0,0.8823529411764706,0.058823529411764705,0,0.0,0,0.0,0.0,0.8432,easy,0.0,0,0,0,0,0,0,0,0,0,0,1,0,0,0,0,0,0,0,0,0,0
315,159,2,5f1b61f646a7f03dda9ad5e4,2020-07-27 15:42:59.441000+00:00, california that is mostly mexican and people of other latin american,0.8,1,0.2,5, california that is mostly mexican and people of other latin american,2,11,69,1,-0.2693895210467328,-0.48646019930266043,0.0,0.0,0.0,0.01,0.0,0.01,0.0,0.0,0.01,0.0,0.0,0.0,0.0,0.0,0.0,0.0,0.0,0.0,0.0,0.0,0.0,0.0,0.01,0.01,0.0,0.0,0.0,0.0,0.0,0.0,0.01,0.02,0.0,0.0,0.0,0.0,0.0,0.0,0.0,0.01,0.0,0.01,0.0,0.0,0.01,0.01,0.02,0.01,0.0,0.0,0.0,0.0,0.0,0.049999999999999996,0.0,0,0,1.0,0.0,2,0.0,0,0.125,-0.041666666666666664,0.5456,easy,7.674,0,0,1,0,0,0,0,0,0,0,0,0,0,0,0,0,0,0,0,0,0
315,159,2,5f1ee74046a7f03dda9af6c7,2020-07-27 15:43:11.480000+00:00,he is not asshole its not his fault,0.8,1,0.2,5,he is not asshole its not his fault,3,8,35,1,-0.5632344009787775,-0.9294864522390118,0.0,0.0,0.0,0.0,0.0,0.0,0.0,0.0,0.0,0.0,0.019999999999999997,0.019999999999999997,0.009999999999999998,0.0,0.0,0.0,0.0,0.0,0.0,0.0,0.0,0.0,0.0,0.009999999999999998,0.0,0.0,0.0,0.0,0.0,0.0,0.019999999999999997,0.009999999999999998,0.0,0.0,0.0,0.0,0.009999999999999998,0.0,0.0,0.0,0.019999999999999997,0.009999999999999998,0.0,0.0,0.0,0.009999999999999998,0.019999999999999997,0.0,0.0,0.0,0.0,0.0,0.0,0.06,0.0,0,0,0.875,0.0,1,0.0,0,0.0,0.0,0.3968,easy,12.039,0,0,0,0,0,0,0,0,0,0,0,0,0,0,0,0,0,0,1,0,0
315,159,2,5d482ea721c9be351f762caf,2020-07-27 15:43:24.190000+00:00,i agree that she could try harder to learn english but at the same time we never know what she is going through or what issues she may have,0.8,1,0.2,5,i agree that she could try harder to learn english but at the same time we never know what she is going through or what issues she may have,4,29,139,1,1.2977831719241721,1.8763464830245469,0.01,0.0,0.0,0.02,0.01,0.01,0.0,0.01,0.0,0.0,0.03,0.01,0.0,0.0,0.0,0.0,0.0,0.0,0.0,0.01,0.01,0.02,0.0,0.04,0.01,0.0,0.04,0.0,0.0,0.0,0.04,0.03,0.0,0.01,0.0,0.0,0.0,0.01,0.01,0.02,0.02,0.06,0.0,0.01,0.01,0.04,0.09,0.03,0.01,0.01,0.0,0.0,0.02,0.16999999999999998,0.0,0,0,0.896551724137931,0.06896551724137931,1,0.0,0,0.041666666666666664,-0.03333333333333333,1.4384,easy,12.71,0,0,1,0,0,0,0,0,0,1,0,1,0,0,0,0,0,0,1,0,0
315,159,2,5d482ea521c9be351f762440,2020-07-27 15:43:27.205000+00:00,i dont think he was an asshole as he is trying to give her resources to learn,0.8,1,0.2,5,i don't think he was an asshole as he is trying to give her resources to learn,5,17,77,1,0.22035194550667497,0.25191688892459185,0.0,0.0,0.0,0.01,0.0,0.0,0.0,0.01,0.0,0.0,0.03,0.01,0.01,0.0,0.0,0.0,0.0,0.0,0.0,0.0,0.0,0.02,0.0,0.04,0.0,0.01,0.0,0.0,0.0,0.0,0.04,0.0,0.0,0.02,0.0,0.0,0.01,0.01,0.0,0.0,0.0,0.049999999999999996,0.0,0.01,0.0,0.03,0.02,0.03,0.0,0.0,0.0,0.0,0.01,0.09999999999999999,0.0,0,0,0.8823529411764706,0.058823529411764705,3,0.0013275160586326566,0,0.0,0.0,0.8432,easy,3.015,0,0,1,0,1,0,0,0,0,0,0,1,0,0,0,0,0,0,0,0,0
315,159,2,5d482ea521c9be351f762629,2020-07-27 15:43:37.107000+00:00,i understand his frustration he could voice his opinion a bit better but he isnt necessarily wrong ,0.8,1,0.2,5,"i understand his frustration. he could voice his opinion a bit better, but he isn't necessarily wrong. ",6,17,99,1,0.22035194550667497,0.25191688892459185,0.01,0.01,0.0,0.01,0.01,0.0,0.0,0.01,0.0,0.0,0.04,0.01,0.0,0.0,0.0,0.0,0.0,0.0,0.01,0.01,0.01,0.01,0.0,0.02,0.0,0.0,0.0,0.0,0.0,0.0,0.04,0.0,0.0,0.0,0.0,0.0,0.01,0.01,0.0,0.01,0.01,0.03,0.0,0.01,0.01,0.02,0.049999999999999996,0.0,0.0,0.01,0.0,0.02,0.01,0.06999999999999999,0.0,0,0,0.8823529411764706,0.058823529411764705,2,0.00015518311607697082,0,0.7,0.0,5.408523529411765,medium,9.902,0,0,0,0,0,0,0,0,0,0,0,1,0,0,0,0,0,1,1,0,0
315,159,2,5d482ea521c9be351f7624a4,2020-07-27 15:43:41.025000+00:00,i can sorta see where hes coming from but his response was unacceptable,0.8,1,0.2,5,"i can sorta see where he's coming from, but his response was unacceptable",7,13,71,1,-0.17144122773605125,-0.33878478165721,0.0,0.0,0.0,0.01,0.0,0.0,0.0,0.0,0.01,0.0,0.02,0.0,0.0,0.0,0.0,0.01,0.0,0.0,0.0,0.0,0.0,0.01,0.0,0.03,0.0,0.01,0.02,0.0,0.0,0.0,0.02,0.0,0.0,0.0,0.0,0.01,0.0,0.01,0.0,0.01,0.01,0.04,0.0,0.0,0.01,0.03,0.04,0.01,0.0,0.01,0.0,0.0,0.01,0.06999999999999999,0.0,0,0,1.0,0.07692307692307693,2,0.00015518311607697082,0,0.0,0.0,5.495915384615385,medium,3.918,0,0,0,0,0,0,0,0,0,0,0,1,0,0,0,0,0,0,1,0,0
315,159,2,5d482ea721c9be351f762caf,2020-07-27 15:43:47.199000+00:00,he did the right thing though by politely giving her the resources,0.8,1,0.2,5,he did the right thing though by politely giving her the resources.,8,12,66,1,-0.17144122773605125,-0.33878478165721,0.0,0.0,0.0,0.01,0.0,0.0,0.0,0.0,0.01,0.0,0.02,0.0,0.0,0.0,0.0,0.0,0.0,0.0,0.0,0.0,0.01,0.0,0.0,0.0,0.0,0.01,0.01,0.0,0.0,0.0,0.030000000000000002,0.01,0.0,0.01,0.0,0.0,0.0,0.0,0.0,0.0,0.0,0.01,0.0,0.02,0.0,0.01,0.0,0.01,0.0,0.0,0.0,0.01,0.0,0.060000000000000005,0.0,0,0,0.9166666666666666,0.0,0,0.0,0,0.5357142857142857,0.2857142857142857,0.5952,easy,6.174,0,0,0,0,0,0,0,0,0,0,0,0,0,0,0,0,0,1,0,0,0
315,159,2,5d482ea521c9be351f7624a4,2020-07-27 15:43:55.755000+00:00,he needs to apologize and maybe if he wants her to learn quicker offer some help or resources,0.8,1,0.2,5,he needs to apologize and maybe if he wants her to learn quicker offer some help or resources,9,18,93,1,0.4162485321280381,0.5472677242154927,0.030000000000000002,0.0,0.0,0.030000000000000002,0.0,0.010000000000000002,0.0,0.0,0.020000000000000004,0.0,0.030000000000000002,0.0,0.0,0.0,0.0,0.0,0.0,0.0,0.0,0.010000000000000002,0.0,0.010000000000000002,0.0,0.020000000000000004,0.0,0.0,0.010000000000000002,0.0,0.0,0.0,0.060000000000000005,0.0,0.0,0.020000000000000004,0.0,0.0,0.0,0.0,0.0,0.04000000000000001,0.020000000000000004,0.020000000000000004,0.0,0.0,0.010000000000000002,0.0,0.08000000000000002,0.020000000000000004,0.0,0.0,0.0,0.010000000000000002,0.0,0.09,0.010000000000000002,0,0,0.8888888888888888,0.0,3,0.01282051282051282,1,0.1,0.2,0.8927999999999999,easy,8.556,0,0,1,0,0,0,0,0,0,0,0,0,0,0,0,0,0,1,0,0,0
316,160,1,5f1ee5ec46a7f03dda9af573,2020-07-27 15:19:59.292000+00:00,i believe this person is the asshole,0.75,1,0.25,4,i believe this person is the asshole.,1,7,36,1,-0.7591309876001406,-0.9536074822272362,0.0,0.0,0.0,0.0,0.0,0.0,0.0,0.0,0.0,0.0,0.0,0.0,0.009999999999999998,0.0,0.0,0.0,0.0,0.0,0.0,0.0,0.0,0.009999999999999998,0.009999999999999998,0.019999999999999997,0.0,0.0,0.0,0.0,0.0,0.0,0.009999999999999998,0.009999999999999998,0.0,0.0,0.0,0.0,0.009999999999999998,0.009999999999999998,0.0,0.0,0.0,0.019999999999999997,0.0,0.009999999999999998,0.0,0.009999999999999998,0.009999999999999998,0.0,0.0,0.0,0.0,0.0,0.009999999999999998,0.039999999999999994,0.0,0,0,1.0,0.14285714285714285,0,0.0,0,0.0,0.0,0.3472,easy,0.0,0,0,0,0,0,0,0,0,0,0,0,1,0,0,0,0,0,0,0,0,0
316,160,1,5f1ee41646a7f03dda9af25e,2020-07-27 15:20:00.834000+00:00,my initial thought is its sort of rude to come into someone elses house and not include them in conversation,0.75,1,0.25,4,my initial thought is it's sort of rude to come into someone elses house and not include them in conversation,2,20,108,1,0.6121451187494011,0.7194736758491936,0.0,0.0,0.01,0.01,0.0,0.04,0.0,0.0,0.0,0.0,0.0,0.01,0.0,0.0,0.0,0.0,0.0,0.0,0.01,0.0,0.0,0.01,0.0,0.02,0.0,0.01,0.04,0.0,0.0,0.0,0.03,0.02,0.0,0.0,0.0,0.0,0.01,0.01,0.0,0.02,0.01,0.03,0.0,0.0,0.01,0.01,0.08,0.04,0.0,0.0,0.0,0.0,0.01,0.1,0.01,0,0,1.0,0.0,1,0.0,1,0.3,-0.15,1.7815,easy,1.542,0,0,1,0,0,0,0,0,0,0,0,1,0,0,0,0,0,0,1,0,0
316,160,1,5f1ee26846a7f03dda9af1ef,2020-07-27 15:20:02.221000+00:00,i think it is rude for her to stay at her mothers home and only speak a language that her mother doesnt understand,0.75,1,0.25,4,i think it is rude for her to stay at her mothers home and only speak a language that her mother doesn't understand,3,23,114,1,0.8080417053707643,0.9584852698601123,0.0,0.009999999999999998,0.009999999999999998,0.009999999999999998,0.0,0.009999999999999998,0.0,0.0,0.009999999999999998,0.0,0.029999999999999995,0.009999999999999998,0.0,0.0,0.0,0.0,0.0,0.019999999999999997,0.009999999999999998,0.0,0.0,0.019999999999999997,0.0,0.039999999999999994,0.0,0.0,0.019999999999999997,0.0,0.0,0.0,0.06999999999999999,0.019999999999999997,0.0,0.0,0.0,0.0,0.009999999999999998,0.009999999999999998,0.0,0.0,0.0,0.039999999999999994,0.0,0.009999999999999998,0.009999999999999998,0.019999999999999997,0.029999999999999995,0.029999999999999995,0.0,0.009999999999999998,0.0,0.009999999999999998,0.009999999999999998,0.12999999999999998,0.0,0,0,0.9130434782608695,0.043478260869565216,3,0.0026246719160104987,0,0.8,-0.15,1.1408,easy,1.387,0,0,1,0,1,0,0,0,0,0,0,1,0,0,0,0,0,0,1,0,0
316,160,1,5d482eab21c9be351f76419a,2020-07-27 15:20:19.135000+00:00,i do too she cant share in the conversation if she doesnt understand whats being said,0.75,1,0.25,4,i do too she can't share in the conversation if she doesn't understand what's being said.,4,16,85,1,0.1224036521959934,0.12194469082189731,0.01,0.01,0.0,0.01,0.0,0.0,0.0,0.0,0.01,0.0,0.02,0.02,0.0,0.0,0.0,0.0,0.0,0.0,0.0,0.0,0.01,0.01,0.0,0.049999999999999996,0.0,0.01,0.01,0.0,0.0,0.0,0.049999999999999996,0.01,0.0,0.0,0.0,0.0,0.0,0.01,0.0,0.01,0.01,0.06999999999999999,0.0,0.01,0.0,0.049999999999999996,0.02,0.01,0.0,0.01,0.0,0.0,0.01,0.09,0.0,0,0,0.9375,0.0625,0,0.004576420672196432,0,0.0,0.0,5.416975,medium,16.914,0,0,0,0,0,0,0,0,0,0,0,1,0,0,0,0,0,0,0,0,0
316,160,1,5f1ee5a646a7f03dda9af497,2020-07-27 15:20:21.702000+00:00,this person isnt the asshole because he is trying to accommodate his husband in an unfamiliar environment ,0.75,1,0.25,4,this person isn't the asshole because he is trying to accommodate his husband in an unfamiliar environment. ,5,17,106,1,0.31830023881735653,0.36095628483281583,0.0,0.0,0.0,0.01,0.0,0.0,0.0,0.01,0.0,0.0,0.02,0.01,0.01,0.0,0.0,0.0,0.0,0.01,0.0,0.0,0.0,0.0,0.01,0.02,0.0,0.0,0.02,0.0,0.0,0.0,0.04,0.01,0.0,0.0,0.0,0.01,0.01,0.0,0.0,0.0,0.0,0.02,0.0,0.02,0.01,0.02,0.01,0.02,0.0,0.0,0.0,0.0,0.0,0.09,0.0,0,0,1.0,0.0,2,0.0,0,0.0,0.0,7.266170588235294,difficult,2.567,0,0,0,0,0,0,0,0,0,0,0,0,0,0,0,0,0,0,1,0,0
316,160,1,5d482eab21c9be351f76421a,2020-07-27 15:20:22.997000+00:00,i think its rude but i dont think it makes her an asshole  i think theyre stuck in a tough situation,0.75,1,0.25,4,i think its rude but i don't think it makes her an asshole  i think they're stuck in a tough situation,6,21,100,1,0.4162485321280381,0.48046208183827516,0.0,0.0,0.0,0.01,0.0,0.0,0.0,0.0,0.0,0.0,0.01,0.01,0.01,0.0,0.0,0.0,0.0,0.0,0.01,0.0,0.0,0.03,0.0,0.06,0.0,0.01,0.01,0.0,0.0,0.0,0.02,0.02,0.0,0.0,0.0,0.01,0.02,0.03,0.0,0.0,0.01,0.07,0.0,0.02,0.01,0.02,0.05,0.01,0.0,0.0,0.0,0.02,0.03,0.1,0.0,0,0,0.8095238095238095,0.14285714285714285,2,0.0003202049311559398,0,0.7166666666666667,-0.34444444444444444,1.0415999999999999,easy,1.295,0,0,1,0,1,0,0,0,0,0,1,1,0,0,0,0,1,1,1,0,0
316,160,1,5f1ee41646a7f03dda9af25e,2020-07-27 15:20:36.892000+00:00,they could easily speak german when theyre a lone like in the room they dont have to do it at all times especially since he does speak english,0.75,1,0.25,4,they could easily speak german when they're a lone like in the room they don't have to do it at all times especially since he does speak english,7,28,142,1,1.3957314652348536,1.675520051892868,0.01,0.02,0.01,0.01,0.01,0.0,0.0,0.0,0.02,0.0,0.01,0.01,0.0,0.0,0.0,0.0,0.0,0.0,0.01,0.0,0.02,0.0,0.0,0.05,0.0,0.0,0.05,0.0,0.0,0.01,0.06,0.01,0.0,0.0,0.0,0.01,0.0,0.0,0.0,0.0,0.0,0.06,0.0,0.02,0.0,0.06,0.03,0.04,0.0,0.02,0.0,0.02,0.0,0.13999999999999999,0.0,0,0,0.9285714285714286,0.0,5,0.0,0,0.45833333333333337,0.10833333333333334,1.3888,easy,13.895,0,0,0,0,0,0,0,0,0,0,0,0,0,0,0,0,0,1,1,0,0
316,160,1,5f1ee26846a7f03dda9af1ef,2020-07-27 15:20:41.008000+00:00,if anything she should translate what she is saying from german into english for her mom,0.75,1,0.25,4,if anything she should translate what she is saying from german into english for her mom,8,16,88,1,0.22035194550667497,0.2414504878273566,0.02,0.01,0.0,0.01,0.0,0.01,0.0,0.0,0.0,0.0,0.03,0.0,0.0,0.0,0.0,0.0,0.0,0.01,0.0,0.0,0.0,0.0,0.0,0.01,0.01,0.0,0.01,0.0,0.0,0.0,0.049999999999999996,0.02,0.0,0.0,0.0,0.0,0.0,0.0,0.0,0.02,0.01,0.02,0.0,0.0,0.0,0.02,0.04,0.03,0.0,0.01,0.0,0.0,0.0,0.09999999999999999,0.0,0,0,0.9375,0.0,0,0.0035573194157515133,0,0.0,0.0,0.7936,easy,4.116,0,0,1,0,0,0,0,0,0,0,0,0,0,0,0,0,0,0,0,0,0
316,160,1,5d482eab21c9be351f76421a,2020-07-27 15:20:49.288000+00:00,that is true ,0.75,1,0.25,4,that is true ,9,3,13,1,-1.0529758675321852,-1.312124873243614,0.0,0.0,0.0,0.0,0.01,0.0,0.0,0.0,0.0,0.0,0.0,0.0,0.0,0.0,0.0,0.0,0.0,0.0,0.0,0.0,0.0,0.0,0.0,0.01,0.0,0.0,0.0,0.0,0.0,0.0,0.0,0.01,0.0,0.0,0.0,0.0,0.0,0.0,0.0,0.0,0.0,0.01,0.0,0.0,0.0,0.01,0.01,0.0,0.0,0.0,0.0,0.0,0.0,0.02,0.0,0,0,1.0,0.0,1,0.0,0,0.65,0.35,0.1488,easy,8.28,0,0,0,0,0,0,0,0,0,0,0,0,0,0,0,0,0,0,0,0,0
316,160,1,5d482eab21c9be351f76419a,2020-07-27 15:20:53.365000+00:00,ive been in the same situation and you cant share if you cant understand the language,0.75,1,0.25,4,i've been in the same situation and you can't share if you can't understand the language.,10,16,85,1,0.22035194550667497,0.2414504878273566,0.01,0.0,0.0,0.02,0.0,0.01,0.0,0.0,0.0,0.0,0.0,0.02,0.0,0.0,0.0,0.0,0.0,0.0,0.0,0.01,0.01,0.01,0.0,0.04,0.0,0.01,0.01,0.0,0.0,0.0,0.04,0.0,0.0,0.0,0.0,0.0,0.0,0.01,0.0,0.01,0.01,0.049999999999999996,0.0,0.02,0.01,0.04,0.04,0.01,0.0,0.0,0.02,0.0,0.0,0.09,0.0,0,0,0.8125,0.0,0,0.0,0,0.125,0.0,0.7936,easy,4.077,0,0,0,0,0,0,0,0,0,0,0,1,1,0,0,0,0,0,0,0,0
316,160,1,5f1ee5ec46a7f03dda9af573,2020-07-27 15:20:59.309000+00:00,if the two options are save a little face for one person and cutting off another person from the conversation entirely or make someone a little embarrassed choosing the former is an asshole move,0.75,1,0.25,4,"if the two options are save a little face for one person and cutting off another person from the conversation entirely or make someone a little embarrassed, choosing the former is an asshole move.",11,34,194,1,1.983421225098943,2.3925548339256237,0.01,0.0,0.0,0.03,0.01,0.01,0.01,0.0,0.0,0.01,0.0,0.0,0.01,0.0,0.0,0.0,0.01,0.0,0.01,0.01,0.01,0.01,0.02,0.03,0.0,0.0,0.049999999999999996,0.0,0.0,0.0,0.04,0.01,0.0,0.0,0.0,0.01,0.01,0.0,0.0,0.03,0.02,0.03,0.0,0.06,0.01,0.02,0.08,0.03,0.0,0.0,0.0,0.02,0.0,0.13999999999999999,0.02,0,0,0.8529411764705882,0.0,5,0.0,1,0.505,-0.195,2.150811764705882,easy,5.944,0,0,0,0,0,0,0,0,0,0,0,0,0,0,0,0,0,0,0,0,0
316,160,1,5f1ee26846a7f03dda9af1ef,2020-07-27 15:20:59.958000+00:00,yes it really excludes her mom,0.75,1,0.25,4,"yes, it really excludes her mom.",12,6,30,1,-0.7591309876001406,-0.9536074822272362,0.0,0.0,0.0,0.0,0.0,0.0,0.0,0.0,0.01,0.0,0.01,0.0,0.0,0.0,0.0,0.0,0.0,0.01,0.0,0.0,0.0,0.0,0.0,0.0,0.0,0.0,0.0,0.0,0.0,0.0,0.02,0.01,0.0,0.0,0.0,0.0,0.0,0.0,0.0,0.0,0.02,0.0,0.0,0.0,0.02,0.0,0.02,0.0,0.0,0.0,0.0,0.0,0.0,0.02,0.0,0,0,1.0,0.0,0,0.0,0,0.2,0.2,0.2976,easy,0.649,0,0,0,0,0,1,0,0,0,0,0,0,0,0,0,0,0,0,0,0,0
316,160,1,5d482eab21c9be351f76419a,2020-07-27 15:21:18.127000+00:00,he could at least translate to his mom and it could be a learning opportunity for both of them,0.75,1,0.25,4,he could at least translate to his mom and it could be a learning opportunity for both of them.,13,19,94,1,0.5141968254387196,0.5999678788437344,0.019999999999999997,0.0,0.0,0.009999999999999998,0.0,0.019999999999999997,0.0,0.009999999999999998,0.0,0.0,0.019999999999999997,0.0,0.0,0.0,0.0,0.0,0.0,0.009999999999999998,0.0,0.019999999999999997,0.009999999999999998,0.009999999999999998,0.0,0.0,0.0,0.0,0.019999999999999997,0.0,0.0,0.0,0.039999999999999994,0.009999999999999998,0.0,0.009999999999999998,0.0,0.0,0.0,0.0,0.0,0.0,0.0,0.029999999999999995,0.0,0.009999999999999998,0.009999999999999998,0.029999999999999995,0.049999999999999996,0.039999999999999994,0.0,0.0,0.0,0.009999999999999998,0.0,0.11999999999999998,0.0,0,0,0.9473684210526315,0.0,1,0.0014388489208633094,0,0.4,-0.3,5.409952631578947,medium,18.169,0,0,0,0,0,0,0,0,0,0,0,0,0,0,0,0,0,0,0,0,0
317,160,3,5f1ee5ec46a7f03dda9af573,2020-07-27 15:49:47.450000+00:00,i dont think this person is an asshole for kindly asking to be involved in the conversation,1.0,1,0.2,5,i don't think this person is an asshole for kindly asking to be involved in the conversation.,1,17,91,1,0.22035194550667497,0.1894827505877457,0.0,0.0,0.0,0.0,0.0,0.0,0.0,0.0,0.0,0.0,0.0,0.010000000000000002,0.010000000000000002,0.0,0.0,0.0,0.0,0.0,0.0,0.0,0.010000000000000002,0.010000000000000002,0.010000000000000002,0.030000000000000002,0.0,0.0,0.010000000000000002,0.0,0.0,0.0,0.04000000000000001,0.010000000000000002,0.0,0.0,0.0,0.0,0.010000000000000002,0.010000000000000002,0.0,0.0,0.0,0.04000000000000001,0.0,0.020000000000000004,0.0,0.030000000000000002,0.010000000000000002,0.030000000000000002,0.0,0.0,0.0,0.010000000000000002,0.010000000000000002,0.09,0.0,0,0,1.0,0.058823529411764705,0,0.0,0,0.9,0.6,5.408523529411765,medium,0.0,0,0,1,0,1,0,0,0,0,0,0,1,0,0,0,0,0,1,0,0,0
317,160,3,5f1ee26846a7f03dda9af1ef,2020-07-27 15:49:48.091000+00:00,i dont think she is the asshole,1.0,1,0.2,5,i don't think she is the asshole.,2,7,31,1,-0.7591309876001406,-0.7579310023509828,0.0,0.0,0.0,0.0,0.0,0.0,0.0,0.0,0.0,0.0,0.01,0.01,0.01,0.0,0.0,0.0,0.0,0.0,0.0,0.0,0.0,0.01,0.0,0.03,0.0,0.0,0.0,0.0,0.0,0.0,0.01,0.0,0.0,0.0,0.0,0.0,0.01,0.01,0.0,0.0,0.0,0.03,0.0,0.01,0.0,0.02,0.01,0.0,0.0,0.0,0.0,0.0,0.01,0.04,0.0,0,0,1.0,0.14285714285714285,3,0.0008238201029820396,0,0.0,0.0,0.3472,easy,0.641,0,0,1,0,1,0,0,0,0,0,0,1,0,0,0,0,0,0,0,0,0
317,160,3,5d482eab21c9be351f76419a,2020-07-27 15:49:49.887000+00:00,i dont think the mom is being a complete asshole  excluding people from conversations is rude,1.0,1,0.2,5,i don't think the mom is being a complete asshole.  excluding people from conversations is rude.,3,16,93,1,0.1224036521959934,0.09474137529387285,0.0,0.0,0.0,0.0,0.010000000000000002,0.0,0.0,0.0,0.0,0.0,0.0,0.010000000000000002,0.010000000000000002,0.0,0.0,0.0,0.0,0.010000000000000002,0.010000000000000002,0.0,0.0,0.010000000000000002,0.010000000000000002,0.04000000000000001,0.0,0.0,0.0,0.0,0.0,0.0,0.030000000000000002,0.0,0.0,0.0,0.0,0.0,0.020000000000000004,0.010000000000000002,0.0,0.0,0.010000000000000002,0.05,0.0,0.020000000000000004,0.0,0.04000000000000001,0.030000000000000002,0.010000000000000002,0.0,0.0,0.0,0.010000000000000002,0.010000000000000002,0.07,0.0,0,0,0.9375,0.0625,4,0.0008238201029820396,0,0.5,-0.09999999999999999,5.416975,medium,1.796,0,0,1,0,1,0,0,0,0,0,0,1,0,0,0,0,0,0,1,0,0
317,160,3,5d482eab21c9be351f76421a,2020-07-27 15:50:06.346000+00:00,i think what she is saying is very reasonable ,1.0,1,0.2,5,i think what she is saying is very reasonable ,4,9,46,1,-0.5632344009787775,-0.5684482517632371,0.0,0.01,0.0,0.0,0.0,0.0,0.0,0.0,0.01,0.0,0.01,0.0,0.0,0.0,0.0,0.0,0.0,0.0,0.0,0.0,0.0,0.02,0.0,0.03,0.0,0.0,0.0,0.0,0.0,0.0,0.02,0.01,0.0,0.0,0.0,0.01,0.0,0.01,0.0,0.0,0.0,0.03,0.0,0.0,0.0,0.02,0.02,0.0,0.0,0.01,0.0,0.01,0.01,0.06,0.0,0,0,0.8888888888888888,0.1111111111111111,2,0.0005036151718260998,0,0.78,0.26,0.44639999999999996,easy,16.459,0,0,1,0,1,0,0,0,0,0,0,1,0,0,0,0,0,1,0,0,0
317,160,3,5f1ee26846a7f03dda9af1ef,2020-07-27 15:50:10.475000+00:00,she wasnt rude when she asked them to include her,1.0,1,0.2,5,she wasn't rude when she asked them to include her,5,10,49,1,-0.36733781435741436,-0.3789655011754914,0.0,0.0,0.0,0.009999999999999998,0.0,0.009999999999999998,0.0,0.0,0.009999999999999998,0.0,0.03,0.009999999999999998,0.0,0.0,0.0,0.0,0.0,0.0,0.009999999999999998,0.0,0.0,0.0,0.0,0.0,0.0,0.019999999999999997,0.009999999999999998,0.0,0.0,0.0,0.05,0.0,0.0,0.0,0.0,0.0,0.009999999999999998,0.0,0.0,0.0,0.0,0.019999999999999997,0.0,0.0,0.0,0.009999999999999998,0.009999999999999998,0.009999999999999998,0.0,0.0,0.0,0.0,0.0,0.06,0.0,0,0,0.9,0.0,2,0.0,0,0.6,-0.3,0.496,easy,4.129,0,0,0,0,0,0,0,0,0,0,0,0,0,0,0,0,0,0,1,0,0
317,160,3,5f1ee5a646a7f03dda9af497,2020-07-27 15:50:10.930000+00:00,the person is not ta because the couple are clearly excluding him from the conversation,1.0,1,0.2,5,the person is not ta because the couple are clearly excluding him from the conversation.,6,15,87,1,0.1224036521959934,0.09474137529387285,0.0,0.0,0.0,0.01,0.01,0.0,0.0,0.0,0.01,0.0,0.01,0.01,0.0,0.0,0.0,0.0,0.0,0.0,0.0,0.01,0.0,0.0,0.01,0.02,0.0,0.0,0.0,0.0,0.0,0.0,0.03,0.0,0.0,0.0,0.0,0.01,0.0,0.0,0.0,0.0,0.02,0.02,0.0,0.03,0.01,0.02,0.04,0.01,0.0,0.0,0.0,0.01,0.0,0.09,0.0,0,0,0.8666666666666667,0.0,0,0.0,0,0.3833333333333333,0.10000000000000002,5.433166666666667,medium,0.455,0,0,0,0,0,0,0,0,0,0,0,0,0,0,0,0,0,1,0,0,0
317,160,3,5d482eab21c9be351f76419a,2020-07-27 15:50:24.201000+00:00,so shes just supposed to sit there and they have a conversation amongst themselves and she cant participate ,1.0,1,0.2,5,so she's just supposed to sit there and they have a conversation amongst themselves and she can't participate. ,7,18,108,1,0.4162485321280381,0.3789655011754914,0.0,0.0,0.0,0.03,0.0,0.02,0.0,0.0,0.03,0.0,0.02,0.01,0.0,0.0,0.0,0.0,0.0,0.0,0.0,0.0,0.0,0.0,0.0,0.03,0.0,0.01,0.02,0.0,0.0,0.0,0.06,0.0,0.0,0.0,0.0,0.0,0.0,0.0,0.0,0.01,0.01,0.04,0.0,0.01,0.04,0.03,0.04,0.02,0.0,0.0,0.0,0.01,0.0,0.11,0.0,0,0,0.9444444444444444,0.0,0,0.002564102564102564,0,0.0,0.0,6.283744444444444,difficult,13.271,0,0,1,0,0,0,0,0,0,0,0,0,0,0,0,0,1,0,0,0,0
317,160,3,5f1ee41646a7f03dda9af25e,2020-07-27 15:50:34.974000+00:00,this scenario feels a little different then the last one i get that its rude to exclude people from converstations in their own house i just think she should have talked to her son and had him give the info to his boo,1.0,1,0.2,5,this scenario feels a little different then the last one. i get that it's rude to exclude people from converstations in their own house i just think she should have talked to her son and had him give the info to his boo,8,43,217,1,2.6690592782737137,2.558017132934567,0.01,0.0,0.01,0.02,0.0,0.01,0.0,0.0,0.01,0.0,0.04,0.0,0.0,0.0,0.0,0.0,0.0,0.01,0.01,0.01,0.0,0.030000000000000002,0.01,0.05,0.01,0.02,0.04,0.0,0.0,0.0,0.1,0.030000000000000002,0.0,0.0,0.0,0.0,0.01,0.02,0.01,0.0,0.02,0.08,0.0,0.030000000000000002,0.02,0.030000000000000002,0.06999999999999999,0.05,0.0,0.01,0.0,0.01,0.02,0.25,0.01,0,0,0.9069767441860465,0.046511627906976744,8,0.0,1,0.5533333333333333,0.0225,2.5000093023255814,easy,10.773,0,0,1,0,1,0,0,0,0,0,1,0,0,0,0,0,0,0,1,0,0
317,160,3,5f1ee26846a7f03dda9af1ef,2020-07-27 15:50:43.822000+00:00,her son is the asshole for not being considerate while staying there,1.0,1,0.2,5,her son is the asshole for not being considerate while staying there,9,12,68,1,-0.17144122773605125,-0.1894827505877457,0.0,0.0,0.0,0.01,0.0,0.0,0.0,0.0,0.01,0.0,0.01,0.01,0.01,0.0,0.0,0.0,0.0,0.01,0.0,0.0,0.01,0.0,0.0,0.01,0.0,0.0,0.02,0.0,0.0,0.0,0.02,0.0,0.0,0.0,0.0,0.0,0.01,0.0,0.0,0.0,0.01,0.02,0.0,0.01,0.0,0.02,0.01,0.01,0.0,0.0,0.0,0.01,0.0,0.08,0.0,0,0,1.0,0.0,2,0.0016051364365971107,0,0.0,0.0,5.547533333333333,medium,8.848,0,0,0,0,0,0,0,0,0,0,0,0,0,0,0,0,0,1,0,0,0
317,160,3,5d482eab21c9be351f76421a,2020-07-27 15:50:45.793000+00:00,i think she was also polite ,1.0,1,0.2,5,i think she was also polite ,10,6,28,1,-0.8570792809108222,-0.8526723776448556,0.0,0.0,0.0,0.01,0.0,0.0,0.0,0.0,0.01,0.0,0.01,0.0,0.0,0.0,0.0,0.0,0.0,0.0,0.0,0.0,0.0,0.01,0.0,0.01,0.0,0.01,0.0,0.0,0.0,0.0,0.01,0.0,0.0,0.0,0.0,0.0,0.0,0.01,0.0,0.0,0.0,0.02,0.0,0.0,0.0,0.01,0.01,0.0,0.0,0.0,0.0,0.01,0.01,0.030000000000000002,0.0,0,0,1.0,0.16666666666666666,0,0.0,0,0.0,0.0,0.2976,easy,1.971,0,0,1,0,1,0,0,0,0,0,0,1,0,0,0,0,0,1,0,0,0
317,160,3,5f1ee5a646a7f03dda9af497,2020-07-27 15:50:50.503000+00:00,and he asked them to include him and then he just storms upstairs hes not willing to work it out its not the persons fault,1.0,1,0.2,5,"and he asked them to include him, and then he just storms upstairs. he's not willing to work it out. it's not the person's fault",11,25,122,1,1.101886585302809,1.0421551282326014,0.0,0.0,0.0,0.03,0.0,0.04,0.0,0.01,0.01,0.0,0.04,0.02,0.0,0.0,0.0,0.0,0.0,0.0,0.0,0.0,0.0,0.0,0.01,0.01,0.0,0.01,0.03,0.0,0.0,0.0,0.08,0.02,0.0,0.01,0.0,0.0,0.0,0.0,0.0,0.0,0.03,0.02,0.0,0.01,0.03,0.01,0.07,0.03,0.0,0.0,0.0,0.02,0.0,0.16,0.0,0,0,0.84,0.0,0,0.0,0,0.75,-0.125,1.24,easy,4.71,0,0,0,0,0,0,0,0,0,0,0,0,0,0,0,0,1,1,1,0,0
318,161,0,5d482ea621c9be351f7629ff,2020-07-27 14:53:46.570000+00:00,so where does everyone stand on this issue to see how much discussion there needs to be,1.0,0,0.0,5,so where does everyone stand on this issue to see how much discussion there needs to be,1,17,87,1,0.31830023881735653,0.21358632114952225,0.01,0.0,0.0,0.02,0.0,0.0,0.0,0.0,0.04,0.0,0.0,0.0,0.0,0.0,0.0,0.01,0.0,0.0,0.0,0.01,0.0,0.0,0.0,0.03,0.0,0.0,0.03,0.0,0.0,0.0,0.02,0.02,0.0,0.0,0.0,0.01,0.0,0.0,0.0,0.0,0.0,0.04,0.0,0.0,0.01,0.02,0.03,0.03,0.0,0.01,0.0,0.0,0.0,0.09999999999999999,0.0,0,0,0.9411764705882353,0.0,0,0.0,0,0.2,0.2,0.8432,easy,0.0,0,0,0,0,0,0,0,0,0,0,0,0,0,0,0,0,1,0,1,0,0
318,161,0,5f1edf2046a7f03dda9aef70,2020-07-27 14:54:04.807000+00:00,i believe that he was not an asshole i am interested in learning what others think,1.0,0,0.0,5,"i believe that he was not an asshole, i am interested in learning what others think",2,16,82,1,0.024455358885311848,-0.07628082898197215,0.0,0.0,0.0,0.0,0.0,0.0,0.0,0.0,0.0,0.0,0.01,0.01,0.01,0.0,0.0,0.0,0.0,0.0,0.0,0.0,0.01,0.029999999999999995,0.0,0.029999999999999995,0.0,0.01,0.01,0.0,0.0,0.0,0.01,0.029999999999999995,0.0,0.01,0.0,0.0,0.01,0.02,0.0,0.0,0.01,0.04,0.0,0.01,0.0,0.02,0.04,0.01,0.0,0.0,0.0,0.0,0.02,0.09999999999999999,0.0,0,0,0.9375,0.125,0,0.0,0,0.5,0.25,0.7936,easy,18.237,0,0,1,0,1,0,0,0,0,0,1,1,0,0,0,0,0,0,0,0,0
318,161,0,5d482ea621c9be351f762a61,2020-07-27 14:54:07.481000+00:00,i understand his frustration not an asshole,1.0,0,0.0,5,i understand his frustration not an asshole,3,7,43,1,-0.7591309876001406,-0.8492598959992905,0.0,0.0,0.0,0.0,0.0,0.0,0.0,0.0,0.0,0.0,0.01,0.01,0.01,0.0,0.0,0.0,0.0,0.0,0.0,0.0,0.0,0.01,0.0,0.01,0.0,0.0,0.0,0.0,0.0,0.0,0.01,0.0,0.0,0.0,0.0,0.0,0.02,0.01,0.0,0.0,0.01,0.01,0.0,0.01,0.0,0.0,0.02,0.0,0.0,0.0,0.0,0.0,0.01,0.04,0.0,0,0,1.0,0.14285714285714285,2,0.0004753880472329106,0,0.0,0.0,0.3472,easy,2.674,0,0,0,0,0,0,0,0,0,0,0,1,0,0,0,0,0,0,1,0,0
318,161,0,5f1b61b046a7f03dda9ad590,2020-07-27 14:54:49.680000+00:00,i think that he is not the asshole in this scenario after 8 years i think it is fair for him to be upset that he is still having to translate for his mother in law ,1.0,0,0.0,5,i think that he is not the asshole in this scenario. after 8 years i think it is fair for him to be upset that he is still having to translate for his mother in law. ,4,36,164,1,1.983421225098943,1.8561668385613237,0.0,0.0,0.0,0.0,0.0,0.0,0.0,0.0,0.01,0.01,0.04,0.01,0.01,0.0,0.0,0.0,0.0,0.01,0.01,0.0,0.0,0.02,0.0,0.049999999999999996,0.0,0.0,0.049999999999999996,0.0,0.0,0.0,0.049999999999999996,0.04,0.0,0.0,0.0,0.0,0.01,0.02,0.0,0.0,0.01,0.07,0.0,0.01,0.0,0.049999999999999996,0.04,0.07,0.0,0.0,0.0,0.01,0.02,0.23999999999999996,0.0,0,0,0.75,0.05555555555555555,2,0.0006305711633098814,0,0.9,0.7,1.7855999999999999,easy,42.199,0,0,1,0,1,0,0,0,0,0,1,1,0,0,0,0,0,1,1,0,0
318,161,0,5d482ea621c9be351f762a61,2020-07-27 14:55:05.688000+00:00,i agree  8 years is plenty of lead time,1.0,0,0.0,5,i agree.  8 years is plenty of lead time,5,9,39,1,-0.5632344009787775,-0.656015129244961,0.0,0.0,0.0,0.0,0.0,0.0,0.0,0.01,0.0,0.0,0.0,0.0,0.0,0.0,0.0,0.0,0.0,0.0,0.0,0.01,0.01,0.0,0.0,0.01,0.0,0.0,0.030000000000000002,0.0,0.0,0.0,0.0,0.0,0.0,0.01,0.0,0.01,0.0,0.01,0.0,0.0,0.0,0.01,0.0,0.0,0.0,0.01,0.01,0.01,0.0,0.0,0.0,0.01,0.01,0.030000000000000002,0.0,0,0,1.0,0.1111111111111111,1,0.014911318561867589,0,0.0,0.0,0.44639999999999996,easy,16.008,0,0,0,0,0,0,0,0,0,0,0,1,0,0,0,0,0,1,0,0,0
319,161,1,5d482ea621c9be351f7629ff,2020-07-27 15:07:59.157000+00:00,so where do we stand on this topic,0.6,1,0.2,5,so where do we stand on this topic,1,8,34,1,-0.6611826942894591,-0.9191202219806957,0.0,0.0,0.0,0.01,0.0,0.01,0.0,0.0,0.02,0.0,0.0,0.0,0.0,0.0,0.0,0.0,0.0,0.0,0.0,0.0,0.0,0.0,0.0,0.01,0.0,0.0,0.030000000000000006,0.0,0.0,0.0,0.01,0.01,0.0,0.0,0.0,0.0,0.0,0.0,0.0,0.0,0.0,0.01,0.0,0.0,0.01,0.01,0.01,0.01,0.01,0.0,0.0,0.0,0.01,0.06000000000000001,0.0,0,0,1.0,0.125,0,0.0,0,0.0,0.0,0.3968,easy,0.0,0,0,0,0,0,0,0,0,0,1,0,0,0,0,0,0,1,0,0,0,0
319,161,1,5f1b61b046a7f03dda9ad590,2020-07-27 15:08:25.322000+00:00,she is the asshole because it is not fair of the wife to have the husband to drop his life all the time it would be understandable if it was only a one time thing its all the time,0.6,1,0.2,5,she is the asshole because it is not fair of the wife to have the husband to drop his life all the time it would be understandable if it was only a one time thing its all the time,2,39,179,1,2.473162691652351,2.2073359661741114,0.02,0.0,0.0,0.02,0.02,0.0,0.01,0.0,0.01,0.0,0.02,0.01,0.01,0.0,0.01,0.0,0.0,0.02,0.0,0.0,0.0,0.01,0.0,0.03,0.01,0.01,0.04,0.0,0.0,0.0,0.04,0.049999999999999996,0.0,0.0,0.0,0.01,0.01,0.0,0.0,0.01,0.02,0.06,0.0,0.06,0.01,0.06,0.07,0.03,0.0,0.0,0.0,0.03,0.0,0.26,0.0,0,0,0.717948717948718,0.0,0,0.0,0,0.95,-0.175,2.3392717948717947,easy,26.165,0,0,0,0,0,0,0,0,0,0,0,0,0,0,0,0,0,1,0,0,0
319,161,1,5f1edf2046a7f03dda9aef70,2020-07-27 15:08:49.085000+00:00,i dont think shes an asshole for making him do some translating she said it was just 10 minutes once in a while and that is not a lot of time,0.6,1,0.2,5,"i don't think she's an asshole for making him do some translating. she said it was just ""10 minutes once in a while"" and that is not a lot of time",3,31,141,1,1.5916280518562167,1.328020163255572,0.0,0.009999999999999998,0.0,0.019999999999999997,0.0,0.009999999999999998,0.0,0.0,0.009999999999999998,0.0,0.03,0.019999999999999997,0.009999999999999998,0.0,0.0,0.0,0.0,0.0,0.0,0.019999999999999997,0.0,0.009999999999999998,0.0,0.05,0.0,0.019999999999999997,0.05,0.0,0.0,0.0,0.039999999999999994,0.019999999999999997,0.0,0.0,0.0,0.009999999999999998,0.009999999999999998,0.009999999999999998,0.0,0.019999999999999997,0.019999999999999997,0.06999999999999999,0.0,0.03,0.019999999999999997,0.05,0.06999999999999999,0.03,0.0,0.009999999999999998,0.0,0.019999999999999997,0.009999999999999998,0.2,0.0,0,0,0.967741935483871,0.03225806451612903,8,0.001667913826034646,0,0.0,0.0,1.5375999999999999,easy,23.763,0,0,1,0,1,0,0,0,0,0,0,1,0,0,0,0,0,0,0,0,0
319,161,1,5d482ea621c9be351f762a61,2020-07-27 15:08:49.763000+00:00,i am in between on this one ,0.6,1,0.2,5,i am in between on this one. ,4,7,28,1,-0.7591309876001406,-1.0168219778605334,0.0,0.0,0.0,0.0,0.0,0.0,0.0,0.0,0.0,0.0,0.0,0.0,0.0,0.0,0.0,0.0,0.0,0.0,0.0,0.0,0.0,0.0,0.0,0.01,0.0,0.0,0.02,0.0,0.0,0.0,0.0,0.01,0.0,0.0,0.0,0.0,0.0,0.01,0.0,0.0,0.0,0.01,0.0,0.0,0.0,0.01,0.0,0.030000000000000002,0.0,0.0,0.0,0.0,0.01,0.060000000000000005,0.0,0,0,1.0,0.14285714285714285,1,0.00015518311607697082,0,0.0,0.0,0.3472,easy,0.678,0,0,0,0,0,0,0,0,0,0,0,1,0,0,0,0,0,0,0,0,0
319,161,1,5f1b61b046a7f03dda9ad590,2020-07-27 15:09:05.082000+00:00,so that makes her the ass hole  ,0.6,1,0.2,5,so that makes her the ass hole.  ,5,7,32,1,-0.6611826942894591,-0.9191202219806957,0.0,0.0,0.0,0.01,0.0,0.0,0.01,0.0,0.01,0.0,0.01,0.0,0.01,0.0,0.0,0.0,0.01,0.0,0.0,0.0,0.0,0.0,0.0,0.01,0.0,0.0,0.0,0.01,0.0,0.0,0.01,0.01,0.0,0.0,0.0,0.01,0.0,0.0,0.0,0.0,0.0,0.01,0.0,0.01,0.01,0.0,0.01,0.0,0.0,0.0,0.0,0.0,0.0,0.04,0.0,0,0,1.0,0.0,0,0.0,0,0.0,0.0,0.3472,easy,15.319,0,0,0,0,0,0,0,0,0,0,0,0,0,0,0,0,1,0,0,0,0
319,161,1,5d482eaa21c9be351f763c35,2020-07-27 15:09:16.031000+00:00,i think that wvery now and then wouldnt hurt,0.6,1,0.2,5,i think that wvery now and then wouldnt hurt.,6,9,44,1,-0.5632344009787775,-0.8214184661008579,0.01,0.0,0.0,0.02,0.0,0.01,0.0,0.0,0.01,0.0,0.0,0.01,0.0,0.0,0.0,0.0,0.0,0.0,0.01,0.0,0.0,0.01,0.0,0.01,0.01,0.0,0.02,0.0,0.0,0.01,0.0,0.01,0.0,0.0,0.0,0.0,0.0,0.01,0.0,0.0,0.0,0.02,0.0,0.0,0.01,0.01,0.03,0.0,0.0,0.0,0.0,0.0,0.01,0.049999999999999996,0.0,0,0,1.0,0.1111111111111111,1,0.0,0,0.0,0.0,0.44639999999999996,easy,10.949,0,0,1,0,1,0,0,0,0,0,0,1,0,0,0,0,0,0,1,0,0
319,161,1,5f1b61b046a7f03dda9ad590,2020-07-27 15:09:20.645000+00:00,she also said she makes him,0.6,1,0.2,5,"she also said she ""makes him""",7,6,27,1,-0.7591309876001406,-1.0168219778605334,0.0,0.01,0.0,0.01,0.0,0.0,0.0,0.0,0.01,0.0,0.03,0.0,0.0,0.0,0.0,0.0,0.0,0.0,0.0,0.0,0.0,0.0,0.0,0.01,0.0,0.01,0.0,0.0,0.0,0.0,0.04,0.0,0.0,0.0,0.0,0.01,0.0,0.0,0.0,0.0,0.0,0.02,0.0,0.0,0.0,0.0,0.01,0.0,0.0,0.01,0.0,0.0,0.0,0.03,0.0,0,0,0.8333333333333334,0.0,0,0.0,0,0.0,0.0,0.2976,easy,4.614,0,0,0,0,0,0,0,0,0,0,0,0,0,0,0,0,0,0,0,0,0
320,162,0,5f19ad4846a7f03dda9a2a10,2020-07-27 14:45:29.385000+00:00,hello,0.75,0,0.0,4,hello,1,1,5,1,-1.2488724541535483,-0.8186298072078154,0.0,0.0,0.0,0.0,0.0,0.0,0.0,0.0,0.0,0.0,0.0,0.0,0.0,0.0,0.0,0.0,0.0,0.0,0.0,0.0,0.0,0.0,0.0,0.0,0.0,0.0,0.0,0.0,0.0,0.0,0.010000000000000002,0.0,0.0,0.0,0.0,0.0,0.0,0.0,0.0,0.0,0.0,0.0,0.0,0.0,0.0,0.0,0.0,0.0,0.0,0.0,0.0,0.0,0.0,0.0,0.0,0,0,1.0,0.0,0,0.0,0,0.0,0.0,0.0496,easy,0.0,0,0,0,0,0,0,0,0,0,0,0,0,0,0,1,0,0,0,0,0,0
320,162,0,5f1edf2046a7f03dda9aef71,2020-07-27 14:45:36.309000+00:00,hello,0.75,0,0.0,4,hello..,2,1,5,1,-1.2488724541535483,-0.8186298072078154,0.0,0.0,0.0,0.0,0.0,0.0,0.0,0.0,0.0,0.0,0.0,0.0,0.0,0.0,0.0,0.0,0.0,0.0,0.0,0.0,0.0,0.0,0.0,0.0,0.0,0.0,0.0,0.0,0.0,0.0,0.010000000000000002,0.0,0.0,0.0,0.0,0.0,0.0,0.0,0.0,0.0,0.0,0.0,0.0,0.0,0.0,0.0,0.0,0.0,0.0,0.0,0.0,0.0,0.0,0.0,0.0,0,0,1.0,0.0,0,0.0070921985815602835,0,0.0,0.0,0.0496,easy,6.924,0,0,0,0,0,0,0,0,0,0,0,0,0,0,1,0,0,0,0,0,0
320,162,0,5f1ee07446a7f03dda9aef96,2020-07-27 14:46:39.869000+00:00,i think she was right,0.75,0,0.0,4,i think she was right,3,5,21,1,-0.9550275742215037,-0.42505778451175036,0.0,0.0,0.0,0.0,0.0,0.0,0.0,0.0,0.0,0.0,0.009999999999999998,0.0,0.0,0.0,0.0,0.0,0.0,0.0,0.0,0.0,0.0,0.009999999999999998,0.0,0.009999999999999998,0.0,0.009999999999999998,0.009999999999999998,0.0,0.0,0.0,0.009999999999999998,0.0,0.0,0.0,0.0,0.0,0.0,0.009999999999999998,0.0,0.0,0.0,0.019999999999999997,0.0,0.0,0.0,0.009999999999999998,0.009999999999999998,0.0,0.0,0.0,0.0,0.009999999999999998,0.009999999999999998,0.03,0.0,0,0,1.0,0.2,0,0.0,0,0.5357142857142857,0.2857142857142857,0.248,easy,63.56,0,0,1,0,1,0,0,0,0,0,0,1,0,0,0,0,0,1,0,0,0
320,162,0,5d482ea721c9be351f763040,2020-07-27 14:46:42.856000+00:00,hello i do not think the person is a ashore i think the son and husband are they are being rude and disrespectful in the home of family ,0.75,0,0.0,4,hello! i do not think the person is a ashore. i think the son and husband are. they are being rude and disrespectful in the home of family. ,4,28,136,1,1.1998348786134905,2.461137048592727,0.0,0.0,0.02,0.02,0.0,0.02,0.0,0.0,0.0,0.0,0.0,0.01,0.0,0.0,0.0,0.0,0.0,0.030000000000000006,0.01,0.0,0.0,0.02,0.01,0.06000000000000001,0.0,0.0,0.01,0.0,0.0,0.0,0.06000000000000001,0.0,0.0,0.0,0.0,0.0,0.01,0.02,0.0,0.0,0.01,0.07,0.0,0.04,0.02,0.05,0.05,0.02,0.0,0.0,0.0,0.01,0.02,0.17,0.0,0,0,0.7857142857142857,0.07142857142857142,0,0.0010072303436521996,0,0.6,-0.3,1.3888,easy,2.987,0,0,1,0,1,0,0,0,0,0,1,0,0,0,1,0,0,0,1,0,0
320,162,0,5f19ad4846a7f03dda9a2a10,2020-07-27 14:46:44.492000+00:00,yes he is right,0.75,0,0.0,4,yes he is right,5,4,15,1,-0.9550275742215037,-0.42505778451175036,0.0,0.0,0.0,0.0,0.0,0.0,0.0,0.0,0.0,0.0,0.01,0.0,0.0,0.0,0.0,0.0,0.0,0.0,0.0,0.0,0.0,0.0,0.0,0.01,0.0,0.0,0.01,0.0,0.0,0.0,0.01,0.0,0.0,0.0,0.0,0.0,0.0,0.0,0.0,0.0,0.0,0.01,0.0,0.0,0.01,0.01,0.0,0.0,0.0,0.0,0.0,0.01,0.0,0.02,0.0,0,0,1.0,0.0,1,0.0,0,0.5357142857142857,0.2857142857142857,0.1984,easy,1.636,0,0,0,0,0,0,0,0,0,0,0,0,0,0,0,0,0,1,0,0,0
320,162,0,5f1edf2046a7f03dda9aef71,2020-07-27 14:47:02.286000+00:00,hihow to find  this person asshole,0.75,0,0.0,4,hi..how to find  this person asshole?,6,6,34,1,-0.7591309876001406,-0.16267643604770693,0.0,0.0,0.0,0.0,0.0,0.0,0.0,0.0,0.0,0.0,0.0,0.0,0.01,0.0,0.0,0.0,0.0,0.0,0.0,0.0,0.0,0.01,0.01,0.0,0.0,0.0,0.0,0.0,0.0,0.0,0.01,0.01,0.0,0.0,0.0,0.0,0.01,0.0,0.0,0.0,0.0,0.0,0.0,0.0,0.0,0.0,0.01,0.01,0.0,0.0,0.0,0.0,0.0,0.02,0.0,1,0,1.0,0.0,0,0.0,0,0.0,0.0,0.2976,easy,17.794,0,0,0,0,0,0,0,0,0,0,0,0,0,0,0,0,0,0,0,0,0
320,162,0,5f1ee07446a7f03dda9aef96,2020-07-27 14:47:13.409000+00:00,yes they behaved in disrespectful manner,0.75,0,0.0,4,"yes, they behaved in disrespectful manner",7,6,40,1,-0.7591309876001406,-0.16267643604770693,0.0,0.0,0.0,0.0,0.0,0.0,0.0,0.0,0.0,0.0,0.0,0.0,0.0,0.0,0.0,0.0,0.0,0.0,0.0,0.0,0.0,0.0,0.0,0.0,0.0,0.0,0.010000000000000002,0.0,0.0,0.0,0.010000000000000002,0.0,0.0,0.0,0.0,0.0,0.0,0.0,0.0,0.0,0.0,0.0,0.0,0.0,0.010000000000000002,0.0,0.0,0.010000000000000002,0.0,0.0,0.0,0.0,0.0,0.020000000000000004,0.0,0,0,1.0,0.0,0,0.0,0,0.0,0.0,0.2976,easy,11.123,0,0,0,0,0,0,0,0,0,0,0,0,0,0,0,0,0,0,1,0,0
321,162,1,5f1edf2046a7f03dda9aef71,2020-07-27 15:00:36.610000+00:00,hello friend anybody is there,0.666666667,0,0.0,3,hello friend anybody is there///,1,5,29,1,-0.8570792809108222,-0.7049001841292228,0.0,0.0,0.0,0.0,0.0,0.0,0.0,0.0,0.009999999999999998,0.0,0.0,0.0,0.0,0.0,0.0,0.0,0.0,0.0,0.0,0.0,0.009999999999999998,0.0,0.0,0.009999999999999998,0.0,0.0,0.0,0.0,0.0,0.0,0.03,0.009999999999999998,0.0,0.0,0.0,0.0,0.0,0.0,0.0,0.009999999999999998,0.0,0.009999999999999998,0.009999999999999998,0.0,0.0,0.009999999999999998,0.009999999999999998,0.0,0.0,0.0,0.0,0.0,0.0,0.019999999999999997,0.0,0,0,1.0,0.0,0,0.0,0,0.0,0.0,0.248,easy,0.0,0,0,0,0,0,0,0,0,0,0,0,0,0,0,1,0,0,0,0,0,0
321,162,1,5f19ad4846a7f03dda9a2a10,2020-07-27 15:00:41.573000+00:00,yes,0.666666667,0,0.0,3,yes,2,1,3,1,-1.2488724541535483,-1.126881246737193,0.0,0.0,0.0,0.0,0.0,0.0,0.0,0.0,0.0,0.0,0.0,0.0,0.0,0.0,0.0,0.0,0.0,0.0,0.0,0.0,0.0,0.0,0.0,0.0,0.0,0.0,0.0,0.0,0.0,0.0,0.0,0.0,0.0,0.0,0.0,0.0,0.0,0.0,0.0,0.0,0.0,0.0,0.0,0.0,0.009999999999999998,0.0,0.0,0.0,0.0,0.0,0.0,0.0,0.0,0.0,0.0,0,0,1.0,0.0,0,0.0,0,0.0,0.0,0.0496,easy,4.963,0,0,0,0,0,0,0,0,0,0,0,0,0,0,0,0,0,0,0,0,0
321,162,1,5d482ea721c9be351f763040,2020-07-27 15:00:57.274000+00:00,my initial feelings are that she is an asshole,0.666666667,0,0.0,3,my initial feelings are that she is an asshole,3,9,46,1,-0.4652861076680959,-0.2829191215212527,0.0,0.0,0.0,0.0,0.0,0.0,0.0,0.0,0.0,0.0,0.01,0.0,0.01,0.0,0.0,0.0,0.0,0.0,0.0,0.0,0.0,0.01,0.0,0.02,0.0,0.0,0.01,0.0,0.0,0.0,0.01,0.01,0.0,0.0,0.0,0.0,0.01,0.01,0.01,0.0,0.0,0.02,0.0,0.01,0.0,0.02,0.01,0.0,0.0,0.01,0.0,0.0,0.01,0.06,0.0,0,0,1.0,0.0,0,0.0,0,0.0,0.0,0.44639999999999996,easy,15.701,0,0,0,0,0,0,0,0,0,0,0,1,0,0,0,0,0,0,0,0,0
321,162,1,5f1edf2046a7f03dda9aef71,2020-07-27 15:01:00.514000+00:00,i said wife is asshole person,0.666666667,0,0.0,3,i said wife is asshole person..,4,6,29,1,-0.8570792809108222,-0.7049001841292228,0.0,0.009999999999999998,0.0,0.0,0.0,0.0,0.0,0.0,0.0,0.0,0.0,0.0,0.009999999999999998,0.0,0.0,0.0,0.0,0.009999999999999998,0.0,0.0,0.0,0.0,0.009999999999999998,0.009999999999999998,0.0,0.009999999999999998,0.0,0.0,0.0,0.0,0.03,0.0,0.0,0.0,0.0,0.0,0.009999999999999998,0.009999999999999998,0.0,0.0,0.0,0.019999999999999997,0.0,0.0,0.0,0.009999999999999998,0.0,0.0,0.0,0.009999999999999998,0.0,0.0,0.009999999999999998,0.019999999999999997,0.0,0,0,1.0,0.16666666666666666,1,0.0003202049311559398,0,0.0,0.0,0.2976,easy,3.24,0,0,0,0,0,0,0,0,0,0,0,1,0,0,0,0,0,0,0,0,0
321,162,1,5f1ee07446a7f03dda9aef96,2020-07-27 15:01:06.716000+00:00,she did right she has to comfort her husband as he is in new place,0.666666667,0,0.0,3,she did right. she has to comfort her husband as he is in new place,5,15,66,1,0.1224036521959934,0.35005247239070253,0.0,0.0,0.0,0.01,0.0,0.0,0.0,0.0,0.0,0.0,0.04,0.0,0.0,0.0,0.0,0.0,0.0,0.01,0.0,0.0,0.01,0.0,0.0,0.02,0.0,0.01,0.04,0.0,0.0,0.0,0.05,0.0,0.0,0.0,0.0,0.0,0.0,0.0,0.0,0.0,0.0,0.030000000000000002,0.0,0.0,0.0,0.030000000000000002,0.0,0.030000000000000002,0.0,0.0,0.0,0.02,0.0,0.1,0.0,0,0,0.9333333333333333,0.0,1,0.0,0,0.4951298701298701,0.21103896103896103,0.744,easy,6.202,0,0,0,0,0,0,0,0,0,0,0,0,0,0,0,0,0,1,0,0,0
321,162,1,5f1edf2046a7f03dda9aef71,2020-07-27 15:01:16.090000+00:00,yes i am also same like that feeling,0.666666667,0,0.0,3,yes i am also same like that feeling,6,8,36,1,-0.6611826942894591,-0.4939096528252378,0.0,0.0,0.0,0.009999999999999998,0.0,0.0,0.0,0.0,0.009999999999999998,0.0,0.0,0.0,0.0,0.0,0.0,0.0,0.0,0.0,0.0,0.009999999999999998,0.009999999999999998,0.009999999999999998,0.0,0.009999999999999998,0.0,0.0,0.0,0.0,0.0,0.0,0.0,0.009999999999999998,0.0,0.0,0.0,0.0,0.0,0.009999999999999998,0.009999999999999998,0.0,0.0,0.009999999999999998,0.0,0.0,0.009999999999999998,0.009999999999999998,0.019999999999999997,0.0,0.0,0.009999999999999998,0.0,0.009999999999999998,0.009999999999999998,0.039999999999999994,0.0,0,0,1.0,0.125,0,0.0,0,0.125,0.0,0.3968,easy,9.374,0,0,0,0,0,0,0,0,0,0,1,0,0,0,0,0,0,1,0,0,0
322,163,0,5eaf0dc6d5ea945196fadc0a,2020-07-27 14:39:44.115000+00:00,i think shes the asshole its not fair to force her husband to do something even if its easy and expected of him he should get a choice,0.714285714,3,0.428571429,7,"i think she's the asshole. it's not fair to force her husband to do something, even if its easy and expected of him. he should get a choice.",1,28,134,1,1.2977831719241721,1.1122746557077456,0.03,0.0,0.0,0.02,0.0,0.01,0.0,0.0,0.01,0.0,0.04,0.01,0.01,0.0,0.0,0.0,0.0,0.01,0.0,0.0,0.01,0.02,0.0,0.04,0.01,0.0,0.0,0.0,0.0,0.0,0.049999999999999996,0.03,0.0,0.0,0.0,0.01,0.01,0.01,0.0,0.02,0.03,0.049999999999999996,0.0,0.02,0.01,0.03,0.09000000000000001,0.03,0.0,0.0,0.0,0.03,0.01,0.16,0.0,0,0,0.9285714285714286,0.03571428571428571,0,0.0,0,0.7111111111111111,-0.005555555555555545,1.3888,easy,0.0,0,0,1,0,1,0,0,0,0,0,0,1,0,0,0,0,0,1,0,0,0
322,163,0,5d482ea921c9be351f7636c7,2020-07-27 14:39:56.819000+00:00,it does not seem as if the wife is being unreasonable ,0.714285714,3,0.428571429,7,it does not seem as if the wife is being unreasonable ,2,11,54,1,-0.2693895210467328,-0.29090260226202574,0.01,0.0,0.0,0.02,0.0,0.0,0.0,0.0,0.0,0.0,0.0,0.01,0.0,0.0,0.0,0.0,0.0,0.01,0.0,0.0,0.0,0.01,0.0,0.03,0.0,0.0,0.0,0.0,0.0,0.0,0.01,0.01,0.0,0.0,0.0,0.0,0.0,0.0,0.0,0.02,0.02,0.04,0.0,0.01,0.0,0.03,0.03,0.01,0.0,0.0,0.0,0.0,0.0,0.08,0.0,0,0,1.0,0.0,3,0.0,0,0.0,0.0,5.617554545454546,medium,12.704,0,0,0,0,0,0,0,0,0,0,0,0,0,0,0,0,0,0,1,0,0
322,163,0,5d482ea721c9be351f762c0d,2020-07-27 14:39:58.450000+00:00,i agree,0.714285714,3,0.428571429,7,i agree,3,2,7,1,-1.2488724541535483,-1.1678883884931328,0.0,0.0,0.0,0.0,0.0,0.0,0.0,0.0,0.0,0.0,0.0,0.0,0.0,0.0,0.0,0.0,0.0,0.0,0.0,0.0,0.01,0.0,0.0,0.0,0.0,0.0,0.0,0.0,0.0,0.0,0.0,0.0,0.0,0.0,0.0,0.0,0.0,0.01,0.0,0.0,0.0,0.0,0.0,0.0,0.0,0.0,0.0,0.0,0.0,0.0,0.0,0.0,0.01,0.01,0.0,0,0,1.0,0.5,0,0.0,0,0.0,0.0,0.0992,easy,1.631,0,0,0,0,0,0,0,0,0,0,0,1,0,0,0,0,0,0,0,0,0
322,163,0,5f1add7646a7f03dda9a9ca6,2020-07-27 14:40:06.131000+00:00,i think so too,0.714285714,3,0.428571429,7,i think so too.,4,4,14,1,-1.0529758675321852,-0.9924912312469114,0.0,0.0,0.0,0.01,0.0,0.0,0.0,0.0,0.02,0.0,0.0,0.0,0.0,0.0,0.0,0.0,0.0,0.0,0.0,0.0,0.0,0.01,0.0,0.01,0.0,0.0,0.0,0.0,0.0,0.0,0.0,0.0,0.0,0.0,0.0,0.0,0.0,0.01,0.0,0.0,0.0,0.01,0.0,0.0,0.01,0.0,0.01,0.0,0.0,0.0,0.0,0.0,0.01,0.030000000000000002,0.0,0,0,1.0,0.25,0,0.00015518311607697082,0,0.0,0.0,0.1984,easy,7.681,0,0,1,0,1,0,0,0,0,0,0,1,0,0,0,0,0,0,0,0,0
322,163,0,5eaf0dc6d5ea945196fadc0a,2020-07-27 14:40:23.366000+00:00,i think the least she could do is talk with him about it and come to a compromise,0.714285714,3,0.428571429,7,i think the least she could do is talk with him about it and come to a compromise,5,18,81,1,0.31830023881735653,0.23528886947663855,0.01,0.0,0.0,0.01,0.0,0.03,0.0,0.0,0.01,0.0,0.02,0.0,0.0,0.0,0.0,0.0,0.0,0.0,0.0,0.01,0.0,0.01,0.0,0.04,0.0,0.0,0.01,0.0,0.0,0.0,0.03,0.01,0.0,0.0,0.0,0.0,0.0,0.01,0.0,0.0,0.0,0.05,0.0,0.02,0.01,0.03,0.05,0.03,0.0,0.0,0.0,0.01,0.01,0.12,0.0,0,0,1.0,0.05555555555555555,0,0.0005036151718260998,0,0.4,-0.3,0.8927999999999999,easy,17.235,0,0,1,0,1,0,0,0,0,0,0,1,0,0,0,0,0,0,0,0,0
322,163,0,5d482ea721c9be351f762c0d,2020-07-27 14:40:23.873000+00:00,she was being unreasonable,0.714285714,3,0.428571429,7,she was being unreasonable.,6,4,26,1,-0.9550275742215037,-0.9047926526238007,0.0,0.0,0.0,0.0,0.0,0.0,0.0,0.0,0.0,0.0,0.01,0.0,0.0,0.0,0.0,0.0,0.0,0.0,0.0,0.0,0.0,0.0,0.0,0.0,0.0,0.01,0.0,0.0,0.0,0.0,0.01,0.0,0.0,0.0,0.0,0.0,0.0,0.0,0.0,0.0,0.0,0.02,0.0,0.0,0.0,0.02,0.0,0.0,0.0,0.0,0.0,0.0,0.0,0.030000000000000002,0.0,0,0,1.0,0.0,1,0.0,0,0.0,0.0,7.7824,difficult,0.507,0,0,0,0,0,0,0,0,0,0,0,0,0,0,0,0,0,0,1,0,0
322,163,0,5f1b616046a7f03dda9ad4ee,2020-07-27 14:40:28.355000+00:00,i am agree,0.714285714,3,0.428571429,7,i am agree,7,3,10,1,-1.1509241608428669,-1.0801898098700222,0.0,0.0,0.0,0.0,0.0,0.0,0.0,0.0,0.0,0.0,0.0,0.0,0.0,0.0,0.0,0.0,0.0,0.0,0.0,0.0,0.010000000000000002,0.0,0.0,0.010000000000000002,0.0,0.0,0.0,0.0,0.0,0.0,0.0,0.0,0.0,0.0,0.0,0.0,0.0,0.010000000000000002,0.0,0.0,0.0,0.010000000000000002,0.0,0.0,0.0,0.010000000000000002,0.0,0.0,0.0,0.0,0.0,0.0,0.010000000000000002,0.020000000000000004,0.0,0,0,1.0,0.3333333333333333,0,0.0,0,0.0,0.0,0.1488,easy,4.482,0,0,0,0,0,0,0,0,0,0,0,1,0,0,0,0,0,0,0,0,0
322,163,0,5f1add7646a7f03dda9a9ca6,2020-07-27 14:40:31.762000+00:00,i dont think she should pawn her parents off to him,0.714285714,3,0.428571429,7,i don't think she should pawn her parents off to him,8,11,51,1,-0.36733781435741436,-0.37860118088513645,0.01,0.0,0.0,0.0,0.0,0.0,0.0,0.0,0.0,0.0,0.03,0.01,0.0,0.0,0.0,0.0,0.0,0.01,0.0,0.0,0.0,0.01,0.0,0.02,0.01,0.0,0.01,0.0,0.0,0.0,0.04,0.0,0.0,0.0,0.0,0.0,0.0,0.01,0.0,0.0,0.0,0.03,0.0,0.0,0.0,0.02,0.02,0.02,0.0,0.0,0.0,0.0,0.01,0.07,0.0,0,0,1.0,0.09090909090909091,0,0.00015518311607697082,0,0.0,0.0,0.5456,easy,3.407,0,0,1,0,1,0,0,0,0,0,0,1,0,0,0,0,0,0,0,0,0
322,163,0,5f1b616046a7f03dda9ad4ee,2020-07-27 14:40:45.962000+00:00,she was being unreasonable,0.714285714,3,0.428571429,7,she was being unreasonable,9,4,26,1,-0.9550275742215037,-0.9047926526238007,0.0,0.0,0.0,0.0,0.0,0.0,0.0,0.0,0.0,0.0,0.01,0.0,0.0,0.0,0.0,0.0,0.0,0.0,0.0,0.0,0.0,0.0,0.0,0.0,0.0,0.01,0.0,0.0,0.0,0.0,0.01,0.0,0.0,0.0,0.0,0.0,0.0,0.0,0.0,0.0,0.0,0.02,0.0,0.0,0.0,0.02,0.0,0.0,0.0,0.0,0.0,0.0,0.0,0.030000000000000002,0.0,0,0,1.0,0.0,1,0.0,0,0.0,0.0,7.7824,difficult,14.2,0,0,0,0,0,0,0,0,0,0,0,0,0,0,0,0,0,0,1,0,0
322,163,0,5eaf0dc6d5ea945196fadc0a,2020-07-27 14:40:54.525000+00:00,hes not being nice either but that doesnt excuse her unreasonableness,0.714285714,3,0.428571429,7,"he's not being nice, either, but that doesn't excuse her unreasonableness.",10,11,69,1,-0.2693895210467328,-0.29090260226202574,0.0,0.0,0.0,0.01,0.0,0.0,0.0,0.0,0.0,0.0,0.02,0.02,0.0,0.0,0.0,0.0,0.0,0.0,0.0,0.01,0.01,0.0,0.0,0.02,0.0,0.0,0.0,0.0,0.0,0.0,0.029999999999999995,0.01,0.0,0.0,0.0,0.0,0.0,0.0,0.0,0.0,0.029999999999999995,0.029999999999999995,0.0,0.0,0.01,0.029999999999999995,0.029999999999999995,0.0,0.0,0.0,0.0,0.01,0.0,0.049999999999999996,0.0,0,0,1.0,0.0,1,0.0,0,0.525,0.27499999999999997,5.617554545454546,medium,8.563,0,0,0,0,0,0,0,0,0,0,0,0,0,0,0,0,0,1,1,0,0
322,163,0,5f1edf3e46a7f03dda9aef76,2020-07-27 14:40:55.773000+00:00,shes being the asshole here shes demanding that her husband be available at her familys every whim ,0.714285714,3,0.428571429,7,"she's being the asshole here, she's demanding that her husband be available at her family's every whim ",11,17,99,1,0.31830023881735653,0.23528886947663855,0.0,0.0,0.0,0.0,0.01,0.0,0.0,0.0,0.01,0.0,0.04,0.0,0.01,0.0,0.0,0.0,0.0,0.01,0.0,0.01,0.0,0.0,0.0,0.02,0.0,0.0,0.01,0.0,0.0,0.0,0.049999999999999996,0.01,0.0,0.0,0.0,0.0,0.01,0.0,0.0,0.0,0.0,0.04,0.0,0.01,0.0,0.04,0.01,0.01,0.0,0.0,0.0,0.01,0.0,0.08,0.0,0,0,0.8823529411764706,0.0,4,0.0,0,0.4,0.4,0.8432,easy,1.248,0,0,0,0,0,0,0,0,0,0,0,0,0,0,0,0,0,1,0,0,0
323,163,2,5eaf0dc6d5ea945196fadc0a,2020-07-27 15:09:10.995000+00:00,this guy has high expectations learning a language in under a year is not normal,0.857142857,2,0.285714286,7,this guy has high expectations. learning a language in under a year is not normal.,1,15,80,1,0.1224036521959934,0.5426730598459999,0.020000000000000004,0.0,0.0,0.0,0.0,0.0,0.0,0.0,0.0,0.0,0.0,0.010000000000000002,0.0,0.0,0.0,0.0,0.0,0.0,0.0,0.0,0.0,0.010000000000000002,0.010000000000000002,0.020000000000000004,0.0,0.0,0.04000000000000001,0.0,0.0,0.0,0.020000000000000004,0.010000000000000002,0.0,0.010000000000000002,0.0,0.0,0.0,0.0,0.0,0.0,0.010000000000000002,0.020000000000000004,0.0,0.020000000000000004,0.0,0.020000000000000004,0.04000000000000001,0.020000000000000004,0.0,0.0,0.0,0.020000000000000004,0.0,0.08000000000000002,0.0,0,0,0.9333333333333333,0.0,0,0.0,0,0.595,0.0425,5.433166666666667,medium,0.0,0,0,0,0,0,0,0,0,0,0,0,0,0,0,0,0,0,0,0,0,0
323,163,2,5f1add7646a7f03dda9a9ca6,2020-07-27 15:09:30.527000+00:00,also having older people learn a new language is hard,0.857142857,2,0.285714286,7,"also, having older people learn a new language is hard",2,10,53,1,-0.36733781435741436,-0.08781846196678003,0.0,0.0,0.0,0.01,0.0,0.0,0.0,0.0,0.01,0.0,0.0,0.0,0.0,0.0,0.0,0.0,0.0,0.0,0.0,0.0,0.0,0.01,0.01,0.01,0.0,0.0,0.02,0.0,0.0,0.0,0.02,0.0,0.0,0.01,0.0,0.0,0.0,0.0,0.01,0.0,0.0,0.02,0.0,0.01,0.0,0.02,0.01,0.0,0.0,0.01,0.0,0.01,0.0,0.030000000000000002,0.0,0,0,1.0,0.0,2,0.001218026796589525,0,0.4431818181818182,0.003787878787878766,0.496,easy,19.532,0,0,0,0,0,0,0,0,0,0,0,0,0,0,0,0,0,0,1,0,0
323,163,2,5eaf0dc6d5ea945196fadc0a,2020-07-27 15:09:32.845000+00:00,not everyone learns that quickly especially when youre older,0.857142857,2,0.285714286,7,"not everyone learns that quickly, especially when you're older.",3,9,60,1,-0.4652861076680959,-0.213916766329336,0.0,0.0,0.0,0.01,0.0,0.0,0.0,0.0,0.03,0.0,0.0,0.01,0.0,0.0,0.0,0.0,0.0,0.0,0.0,0.0,0.0,0.01,0.0,0.01,0.0,0.0,0.03,0.0,0.0,0.0,0.02,0.02,0.0,0.01,0.0,0.0,0.0,0.0,0.0,0.0,0.01,0.01,0.0,0.0,0.0,0.01,0.02,0.0,0.0,0.0,0.01,0.0,0.0,0.03,0.0,0,0,1.0,0.0,0,0.012048192771084338,0,0.6666666666666666,0.08333333333333333,0.44639999999999996,easy,2.318,0,0,0,0,0,0,0,0,0,0,0,0,1,0,0,0,0,0,0,0,0
323,163,2,5f1edf3e46a7f03dda9aef76,2020-07-27 15:09:39.940000+00:00,thats probably true that his expectations are too high  ,0.857142857,2,0.285714286,7,that's probably true that his expectations are too high.  ,4,9,56,1,-0.4652861076680959,-0.213916766329336,0.01,0.0,0.0,0.0,0.01,0.0,0.0,0.0,0.02,0.0,0.01,0.0,0.0,0.0,0.0,0.0,0.0,0.0,0.0,0.0,0.01,0.0,0.0,0.02,0.0,0.0,0.01,0.0,0.0,0.0,0.01,0.02,0.0,0.0,0.0,0.0,0.0,0.0,0.0,0.01,0.0,0.02,0.0,0.0,0.0,0.02,0.030000000000000002,0.0,0.0,0.0,0.0,0.0,0.0,0.04,0.01,0,0,1.0,0.0,1,0.0,1,0.595,0.255,5.837344444444444,medium,7.095,0,0,1,0,0,0,0,0,0,0,0,0,0,0,0,0,0,0,0,0,0
323,163,2,5d482ea921c9be351f7636c7,2020-07-27 15:09:53.113000+00:00,this guy sounds like an asshole the edit says he was not rude when speaking to his mother in law but that is hard to believe with way he rages on,0.857142857,2,0.285714286,7,"this guy sounds like an asshole. the edit says he was not rude when speaking to his mother in law, but that is hard to believe with way he rages on.",5,31,145,1,1.6895763451668984,2.560245929646896,0.0,0.03,0.0,0.02,0.0,0.01,0.0,0.0,0.01,0.0,0.03,0.01,0.01,0.0,0.0,0.0,0.0,0.01,0.01,0.0,0.01,0.01,0.01,0.02,0.0,0.01,0.04,0.0,0.0,0.0,0.06999999999999999,0.02,0.0,0.01,0.0,0.0,0.03,0.0,0.01,0.0,0.02,0.03,0.0,0.02,0.01,0.02,0.049999999999999996,0.049999999999999996,0.0,0.04,0.0,0.01,0.0,0.16999999999999998,0.0,0,0,0.9354838709677419,0.0,2,0.0,0,0.5708333333333333,-0.07083333333333335,1.5375999999999999,easy,13.173,0,0,0,0,0,0,0,0,0,0,0,0,0,0,0,0,0,1,1,0,0
323,163,2,5d482ea621c9be351f762885,2020-07-27 15:09:54.837000+00:00,i think if he actually was patient and kind and offered to help if would be a good thing for his mil to learn some english and be more independent ,0.857142857,2,0.285714286,7,"i think if he actually was patient and kind and offered to help, if would be a good thing for his mil to learn some english and be more independent. ",6,30,147,1,1.4936797585455353,2.308049320921784,0.029999999999999995,0.0,0.0,0.05,0.0,0.029999999999999995,0.0,0.0,0.01,0.0,0.02,0.0,0.0,0.0,0.0,0.0,0.0,0.0,0.0,0.02,0.02,0.02,0.0,0.01,0.01,0.01,0.0,0.0,0.0,0.0,0.04,0.01,0.0,0.01,0.0,0.01,0.0,0.01,0.0,0.029999999999999995,0.02,0.05,0.0,0.01,0.04,0.04,0.1,0.029999999999999995,0.0,0.0,0.0,0.029999999999999995,0.01,0.17,0.0,0,0,0.8333333333333334,0.03333333333333333,5,0.0,0,0.37083333333333335,0.3,2.0143333333333335,easy,1.724,0,0,1,0,1,1,0,0,0,0,0,1,0,0,0,0,0,1,0,0,0
323,163,2,5f1add7646a7f03dda9a9ca6,2020-07-27 15:10:15.752000+00:00,he could teach her a few words each day since i think they communicated each day,0.857142857,2,0.285714286,7,he could teach her a few words each day. since i think they communicated each day,7,16,80,1,0.1224036521959934,0.5426730598459999,0.010000000000000002,0.0,0.0,0.0,0.0,0.020000000000000004,0.0,0.0,0.0,0.0,0.020000000000000004,0.0,0.0,0.0,0.0,0.0,0.0,0.0,0.0,0.03,0.0,0.010000000000000002,0.0,0.010000000000000002,0.0,0.0,0.020000000000000004,0.0,0.0,0.0,0.04000000000000001,0.0,0.0,0.010000000000000002,0.0,0.010000000000000002,0.0,0.010000000000000002,0.0,0.0,0.0,0.020000000000000004,0.0,0.010000000000000002,0.0,0.010000000000000002,0.05,0.010000000000000002,0.0,0.0,0.0,0.010000000000000002,0.010000000000000002,0.08000000000000002,0.0,0,0,0.875,0.0625,2,0.0005036151718260998,0,0.1,-0.2,5.416975,medium,20.915,0,0,1,0,1,0,0,0,0,0,1,0,0,0,0,0,0,0,0,0,0
323,163,2,5eaf0dc6d5ea945196fadc0a,2020-07-27 15:10:19.089000+00:00,it would be good for her to learn it ,0.857142857,2,0.285714286,7,it would be good for her to learn it. ,8,9,37,1,-0.4652861076680959,-0.213916766329336,0.01,0.0,0.0,0.0,0.0,0.0,0.0,0.0,0.0,0.0,0.01,0.0,0.0,0.0,0.0,0.0,0.0,0.0,0.0,0.0,0.01,0.01,0.0,0.0,0.01,0.0,0.0,0.0,0.0,0.0,0.01,0.02,0.0,0.01,0.0,0.0,0.0,0.0,0.0,0.0,0.0,0.02,0.0,0.0,0.0,0.02,0.02,0.02,0.0,0.0,0.0,0.01,0.0,0.060000000000000005,0.0,0,0,0.8888888888888888,0.0,1,0.0,0,0.6000000000000001,0.7,0.44639999999999996,easy,3.337,0,0,0,0,0,0,0,0,0,0,0,0,0,0,0,0,0,1,0,0,0
323,163,2,5f1b616046a7f03dda9ad4ee,2020-07-27 15:10:19.191000+00:00,i think the guy is asshole ,0.857142857,2,0.285714286,7,i think the guy is asshole. ,9,6,27,1,-0.8570792809108222,-0.71830998377956,0.0,0.0,0.0,0.0,0.0,0.0,0.0,0.0,0.0,0.0,0.0,0.0,0.01,0.0,0.0,0.0,0.0,0.0,0.0,0.0,0.0,0.01,0.01,0.02,0.0,0.0,0.0,0.0,0.0,0.0,0.01,0.0,0.0,0.0,0.0,0.0,0.01,0.01,0.0,0.0,0.0,0.02,0.0,0.01,0.0,0.01,0.01,0.0,0.0,0.0,0.0,0.0,0.01,0.03,0.0,0,0,1.0,0.16666666666666666,0,0.0,0,0.0,0.0,0.2976,easy,0.102,0,0,1,0,1,0,0,0,0,0,0,1,0,0,0,0,0,0,0,0,0
323,163,2,5d482ea621c9be351f762885,2020-07-27 15:10:28.418000+00:00,openhorse i share you suspicion that he might not have been kind ,0.857142857,2,0.285714286,7,openhorse i share you suspicion that he might not have been kind. ,10,12,65,1,-0.2693895210467328,0.038279842395775955,0.0,0.0,0.0,0.0,0.0,0.0,0.0,0.0,0.0,0.01,0.01,0.01,0.0,0.0,0.0,0.0,0.0,0.0,0.0,0.0,0.02,0.01,0.0,0.01,0.01,0.01,0.0,0.0,0.0,0.0,0.030000000000000002,0.01,0.0,0.0,0.0,0.0,0.0,0.01,0.0,0.01,0.01,0.030000000000000002,0.0,0.0,0.0,0.030000000000000002,0.030000000000000002,0.0,0.0,0.0,0.01,0.0,0.01,0.07,0.0,0,0,1.0,0.08333333333333333,0,0.00015518311607697082,0,0.9,0.6,0.5952,easy,9.227,0,0,1,0,0,0,0,0,0,0,1,0,1,0,0,0,0,0,1,0,0
323,163,2,5d482ea721c9be351f762c0d,2020-07-27 15:10:30.147000+00:00,the guy is fine right learning a language is hard,0.857142857,2,0.285714286,7,"the guy is fine. right, learning a language is hard",11,10,49,1,-0.36733781435741436,-0.08781846196678003,0.0,0.0,0.0,0.0,0.0,0.0,0.0,0.0,0.0,0.0,0.0,0.0,0.0,0.0,0.0,0.0,0.0,0.0,0.0,0.0,0.009999999999999998,0.009999999999999998,0.009999999999999998,0.019999999999999997,0.0,0.0,0.009999999999999998,0.0,0.0,0.0,0.019999999999999997,0.0,0.0,0.009999999999999998,0.0,0.0,0.0,0.0,0.009999999999999998,0.0,0.0,0.019999999999999997,0.0,0.019999999999999997,0.0,0.019999999999999997,0.009999999999999998,0.0,0.0,0.009999999999999998,0.0,0.03,0.0,0.039999999999999994,0.0,0,0,0.9,0.0,0,0.0,0,0.5257936507936507,0.1369047619047619,0.496,easy,1.729,0,0,0,0,0,0,0,0,0,0,0,0,0,0,0,0,0,1,1,0,0
323,163,2,5f1b616046a7f03dda9ad4ee,2020-07-27 15:10:31.518000+00:00,i agree that,0.857142857,2,0.285714286,7,i agree that.,12,3,12,1,-1.1509241608428669,-1.096604896867228,0.0,0.0,0.0,0.0,0.0,0.0,0.0,0.0,0.0,0.0,0.0,0.0,0.0,0.0,0.0,0.0,0.0,0.0,0.0,0.0,0.009999999999999998,0.0,0.0,0.0,0.0,0.0,0.0,0.0,0.0,0.0,0.0,0.009999999999999998,0.0,0.0,0.0,0.0,0.0,0.009999999999999998,0.0,0.0,0.0,0.0,0.0,0.0,0.0,0.0,0.0,0.0,0.0,0.0,0.0,0.0,0.009999999999999998,0.019999999999999997,0.0,0,0,1.0,0.3333333333333333,0,0.0,0,0.0,0.0,0.1488,easy,1.371,0,0,0,0,0,0,0,0,0,0,0,1,0,0,0,0,0,0,0,0,0
323,163,2,5eaf0dc6d5ea945196fadc0a,2020-07-27 15:10:41.137000+00:00,but it doesnt sound like hes handling it well i think hes an asshole here,0.857142857,2,0.285714286,7,"but it doesn't sound like he's handling it well, i think he's an asshole here.",13,15,73,1,0.024455358885311848,0.4165747554834439,0.0,0.009999999999999998,0.0,0.009999999999999998,0.0,0.0,0.0,0.0,0.019999999999999997,0.0,0.019999999999999997,0.009999999999999998,0.009999999999999998,0.0,0.0,0.0,0.0,0.0,0.0,0.0,0.019999999999999997,0.009999999999999998,0.0,0.039999999999999994,0.0,0.0,0.0,0.0,0.0,0.0,0.019999999999999997,0.019999999999999997,0.0,0.0,0.0,0.0,0.009999999999999998,0.009999999999999998,0.0,0.0,0.009999999999999998,0.039999999999999994,0.0,0.009999999999999998,0.019999999999999997,0.03,0.019999999999999997,0.0,0.0,0.009999999999999998,0.0,0.019999999999999997,0.009999999999999998,0.06,0.0,0,0,0.8666666666666667,0.06666666666666667,0,0.00015518311607697082,0,0.4,0.4,0.744,easy,9.619,0,0,1,0,1,0,0,0,0,0,1,0,0,0,0,0,1,1,0,0,0
323,163,2,5f1edf3e46a7f03dda9aef76,2020-07-27 15:10:44.222000+00:00,i also wasnt a fan of the way he said im sick of dealing with your shit and then later claimed he said it respectfully,0.857142857,2,0.285714286,7,"i also wasn't a fan of the way he said ""i'm sick of dealing with your shit"" and then later claimed he said it respectfully.",14,25,118,1,1.0039382919921274,1.6775577991090038,0.0,0.02,0.0,0.03,0.0,0.02,0.02,0.0,0.01,0.0,0.02,0.01,0.01,0.0,0.01,0.0,0.01,0.0,0.01,0.0,0.0,0.0,0.0,0.0,0.0,0.03,0.03,0.0,0.0,0.0,0.049999999999999996,0.01,0.0,0.0,0.0,0.0,0.01,0.01,0.0,0.0,0.0,0.03,0.0,0.02,0.01,0.01,0.02,0.03,0.0,0.02,0.01,0.02,0.01,0.12,0.0,0,0,0.88,0.04,1,0.00015518311607697082,0,0.5892857142857142,-0.10357142857142859,1.24,easy,3.085,0,0,1,0,0,0,0,0,0,0,1,1,1,0,0,0,0,1,1,0,0
324,164,0,5f19acb246a7f03dda9a29a9,2020-07-27 14:35:19.458000+00:00,i hope everyone  needs to be understand in a conversation,0.875,2,0.25,8,i hope everyone  needs to be understand in a conversation,1,10,57,1,-0.4652861076680959,-0.6286831093381332,0.019999999999999997,0.0,0.0,0.0,0.0,0.0,0.0,0.0,0.0,0.0,0.0,0.0,0.0,0.0,0.0,0.0,0.0,0.0,0.0,0.0,0.009999999999999998,0.009999999999999998,0.0,0.029999999999999995,0.0,0.0,0.009999999999999998,0.0,0.0,0.0,0.019999999999999997,0.009999999999999998,0.0,0.0,0.0,0.0,0.0,0.009999999999999998,0.0,0.009999999999999998,0.0,0.039999999999999994,0.0,0.009999999999999998,0.0,0.009999999999999998,0.029999999999999995,0.019999999999999997,0.0,0.0,0.0,0.009999999999999998,0.009999999999999998,0.049999999999999996,0.0,0,0,1.0,0.1,0,0.0,0,0.0,0.0,5.7115,medium,0.0,0,0,0,0,0,0,0,0,0,0,0,1,0,0,0,0,0,0,0,0,0
324,164,0,5d482eaa21c9be351f763a0c,2020-07-27 14:35:45.368000+00:00,i think that if she prefers that they speak english she should have told them that before they arrived,0.875,2,0.25,8,i think that if she prefers that they speak english she should have told them that before they arrived.,2,19,102,1,0.4162485321280381,0.6810733684496442,0.03,0.01,0.0,0.01,0.0,0.0,0.0,0.0,0.0,0.0,0.02,0.0,0.0,0.0,0.0,0.0,0.0,0.0,0.0,0.0,0.0,0.02,0.0,0.02,0.01,0.02,0.02,0.0,0.0,0.0,0.07,0.03,0.0,0.0,0.0,0.0,0.0,0.01,0.0,0.01,0.01,0.05,0.0,0.0,0.0,0.02,0.04,0.01,0.0,0.01,0.0,0.01,0.01,0.13,0.0,0,0,0.7894736842105263,0.05263157894736842,0,0.00015518311607697082,0,0.0,0.0,0.9424,easy,25.91,0,0,1,0,1,0,0,0,0,0,0,1,0,0,0,0,0,1,0,0,0
324,164,0,5d482ea921c9be351f7635ce,2020-07-27 14:36:06.191000+00:00,i understand how the parent might have felt disrespected but she should have maybe brought it up to her son in private,0.875,2,0.25,8,i understand how the parent might have felt disrespected but she should have maybe brought it up to her son in private.,3,22,118,1,0.7100934120600827,1.11765886104557,0.01,0.0,0.0,0.02,0.0,0.0,0.0,0.0,0.02,0.0,0.02,0.0,0.0,0.0,0.0,0.0,0.0,0.02,0.0,0.0,0.0,0.02,0.0,0.03,0.02,0.02,0.03,0.0,0.0,0.0,0.049999999999999996,0.01,0.0,0.0,0.0,0.01,0.0,0.01,0.01,0.02,0.01,0.06999999999999999,0.0,0.01,0.01,0.04,0.06999999999999999,0.03,0.0,0.01,0.0,0.0,0.01,0.13,0.01,0,0,0.9545454545454546,0.045454545454545456,4,0.00015518311607697082,1,0.375,0.0,1.0912,easy,20.823,0,0,1,0,1,0,0,0,0,0,0,1,0,0,0,0,0,0,0,0,0
324,164,0,5d482ea921c9be351f763771,2020-07-27 14:36:16.297000+00:00,i feel like if the sons partner could speak english comfortably it wasnt an unreasonable request,0.875,2,0.25,8,i feel like if the son's partner could speak english comfortably it wasn't an unreasonable request.,4,16,96,1,0.1224036521959934,0.2444878758537184,0.019999999999999997,0.009999999999999998,0.0,0.009999999999999998,0.0,0.0,0.0,0.0,0.0,0.0,0.0,0.009999999999999998,0.0,0.0,0.0,0.0,0.0,0.009999999999999998,0.0,0.0,0.019999999999999997,0.009999999999999998,0.009999999999999998,0.009999999999999998,0.0,0.009999999999999998,0.0,0.0,0.0,0.0,0.039999999999999994,0.009999999999999998,0.0,0.0,0.0,0.0,0.0,0.009999999999999998,0.009999999999999998,0.009999999999999998,0.009999999999999998,0.03,0.009999999999999998,0.019999999999999997,0.0,0.019999999999999997,0.03,0.0,0.0,0.019999999999999997,0.0,0.019999999999999997,0.009999999999999998,0.05,0.0,0,0,1.0,0.0625,2,0.00015518311607697082,0,0.4,0.2,5.416975,medium,10.106,0,0,1,0,1,0,0,0,0,0,0,1,0,0,0,0,0,1,1,0,0
324,164,0,5f19acb246a7f03dda9a29a9,2020-07-27 14:36:16.948000+00:00,being in a conversation if any one of the members is unable to understand then it should be fairly considered,0.875,2,0.25,8,"being in a conversation, if any one of the members is unable to understand, then it should be fairly considered",5,20,109,1,0.6121451187494011,0.9721303635135947,0.020000000000000004,0.0,0.0,0.020000000000000004,0.0,0.0,0.0,0.010000000000000002,0.0,0.0,0.0,0.0,0.0,0.0,0.0,0.0,0.0,0.0,0.0,0.010000000000000002,0.0,0.020000000000000004,0.010000000000000002,0.020000000000000004,0.010000000000000002,0.0,0.020000000000000004,0.0,0.0,0.0,0.020000000000000004,0.010000000000000002,0.0,0.0,0.0,0.0,0.0,0.0,0.0,0.030000000000000002,0.010000000000000002,0.05000000000000001,0.0,0.020000000000000004,0.0,0.04000000000000001,0.060000000000000005,0.030000000000000002,0.0,0.0,0.0,0.020000000000000004,0.0,0.13,0.0,0,0,1.0,0.0,3,0.0,0,0.7,0.09999999999999998,1.7815,easy,0.651,0,0,1,0,0,0,0,0,0,0,0,0,0,0,0,0,0,1,1,0,0
324,164,0,5f19b1c646a7f03dda9a3270,2020-07-27 14:36:21.935000+00:00,shes right they are rude to exclude her,0.875,2,0.25,8,she's right they are rude to exclude her.,6,8,39,1,-0.5632344009787775,-0.7742116068701085,0.0,0.0,0.0,0.0,0.0,0.0,0.0,0.0,0.0,0.0,0.02,0.0,0.0,0.0,0.0,0.0,0.0,0.0,0.01,0.0,0.0,0.0,0.0,0.02,0.0,0.0,0.01,0.0,0.0,0.0,0.030000000000000002,0.0,0.0,0.0,0.0,0.0,0.01,0.0,0.0,0.0,0.01,0.02,0.0,0.0,0.0,0.02,0.01,0.01,0.0,0.0,0.0,0.01,0.0,0.04,0.0,0,0,1.0,0.0,1,0.0,0,0.5678571428571428,-0.007142857142857145,0.3968,easy,4.987,0,0,0,0,0,0,0,0,0,0,0,0,0,0,0,0,0,1,1,0,0
324,164,0,5d482ea921c9be351f763771,2020-07-27 14:36:34.483000+00:00,i do agree that bringing it up in private with the son would have been better but i wouldnt say the parent is an asshole here,0.875,2,0.25,8,"i do agree that bringing it up in private with the son would have been better, but i wouldn't say the parent is an asshole here.",7,26,125,1,1.0039382919921274,1.5542443536414958,0.02,0.01,0.0,0.01,0.0,0.01,0.0,0.01,0.01,0.0,0.0,0.01,0.01,0.0,0.0,0.0,0.0,0.02,0.0,0.0,0.02,0.0,0.0,0.03,0.02,0.01,0.03,0.0,0.0,0.0,0.04,0.02,0.0,0.0,0.0,0.0,0.01,0.02,0.0,0.0,0.01,0.06,0.0,0.03,0.01,0.06,0.04,0.03,0.0,0.01,0.0,0.01,0.02,0.16,0.0,0,0,0.9230769230769231,0.07692307692307693,0,0.0,0,0.4375,0.25,1.2895999999999999,easy,12.548,0,0,0,0,0,0,0,0,0,0,1,1,0,0,0,0,0,1,0,0,0
324,164,0,5ee16c44896280243c1383f5,2020-07-27 14:36:46.168000+00:00,it would be different if the son and husband were doing a small sidebar to clarify something it would be different but having a fullblown conversation that some in the room cant understand is rude,0.875,2,0.25,8,"it would be different if the son and husband were doing a small sidebar to clarify something, it would be different, but having a full-blown conversation that some in the room can't understand is rude",8,35,196,1,2.0813695184096246,3.155057826493224,0.03,0.0,0.009999999999999998,0.03,0.0,0.009999999999999998,0.0,0.0,0.0,0.0,0.0,0.009999999999999998,0.0,0.0,0.0,0.0,0.0,0.019999999999999997,0.009999999999999998,0.019999999999999997,0.0,0.019999999999999997,0.0,0.03,0.019999999999999997,0.009999999999999998,0.039999999999999994,0.0,0.0,0.0,0.03,0.039999999999999994,0.0,0.0,0.0,0.0,0.009999999999999998,0.0,0.0,0.03,0.03,0.1,0.0,0.039999999999999994,0.019999999999999997,0.09,0.09,0.019999999999999997,0.0,0.0,0.0,0.019999999999999997,0.0,0.19,0.0,0,0,0.8285714285714286,0.0,10,0.0016051364365971107,0,0.55,-0.1375,2.1871428571428573,easy,11.685,0,0,0,0,0,0,0,0,0,0,0,0,0,0,0,0,0,0,1,0,0
324,164,0,5f19acb246a7f03dda9a29a9,2020-07-27 14:36:53.364000+00:00,yes her son is very rude as one of our member says,0.875,2,0.25,8,"yes, her son is very rude as one of our member says",9,12,50,1,-0.2693895210467328,-0.33762611427418265,0.0,0.01,0.0,0.01,0.0,0.0,0.0,0.0,0.01,0.0,0.01,0.0,0.0,0.0,0.0,0.0,0.0,0.01,0.01,0.0,0.0,0.0,0.0,0.01,0.0,0.0,0.0,0.0,0.0,0.0,0.04,0.0,0.0,0.0,0.0,0.0,0.01,0.0,0.0,0.0,0.0,0.01,0.0,0.0,0.01,0.01,0.0,0.02,0.01,0.01,0.0,0.0,0.01,0.06,0.0,0,0,1.0,0.08333333333333333,1,0.00422980835260761,0,0.78,-0.39,0.5952,easy,7.196,0,0,0,0,0,0,0,0,0,1,0,0,0,0,0,0,0,0,1,0,0
324,164,0,5d482ea921c9be351f7635ce,2020-07-27 14:36:55.460000+00:00,its possible that its easier for him to speak french it might be difficult to speak english fluently,0.875,2,0.25,8,it's possible that it's easier for him to speak french. it might be difficult to speak english fluently,10,18,100,1,0.4162485321280381,0.6810733684496442,0.0,0.02,0.0,0.0,0.0,0.0,0.0,0.0,0.0,0.0,0.01,0.0,0.0,0.0,0.0,0.0,0.0,0.0,0.01,0.0,0.01,0.0,0.0,0.0,0.01,0.0,0.0,0.0,0.0,0.0,0.03,0.04,0.0,0.0,0.0,0.0,0.0,0.0,0.0,0.02,0.0,0.02,0.0,0.0,0.0,0.02,0.02,0.03,0.0,0.02,0.0,0.01,0.0,0.09,0.0,0,0,0.8333333333333334,0.0,0,0.0,0,0.5,-0.125,0.8927999999999999,easy,2.096,0,0,1,0,0,0,0,0,0,0,0,0,0,0,0,0,0,1,1,0,0
324,164,0,5f1ee01046a7f03dda9aef8b,2020-07-27 14:36:58.445000+00:00,i think she prefers the conversation to be in english however the method she delivered her response is incorrect ,0.875,2,0.25,8,i think she prefers the conversation to be in english however the method she delivered her response is incorrect ,11,19,113,1,0.4162485321280381,0.6810733684496442,0.009999999999999998,0.0,0.0,0.009999999999999998,0.0,0.0,0.0,0.0,0.009999999999999998,0.0,0.029999999999999995,0.0,0.0,0.0,0.0,0.0,0.0,0.0,0.0,0.0,0.0,0.019999999999999997,0.0,0.019999999999999997,0.0,0.0,0.019999999999999997,0.0,0.0,0.0,0.039999999999999994,0.0,0.0,0.0,0.0,0.009999999999999998,0.0,0.009999999999999998,0.0,0.0,0.0,0.029999999999999995,0.0,0.019999999999999997,0.0,0.019999999999999997,0.029999999999999995,0.019999999999999997,0.0,0.0,0.0,0.009999999999999998,0.009999999999999998,0.09999999999999999,0.0,0,0,0.8947368421052632,0.05263157894736842,2,0.0006161429451632779,0,0.0,0.0,5.409952631578947,medium,2.985,0,0,1,0,1,0,0,0,0,0,0,1,0,0,0,0,0,1,1,0,0
324,164,0,5ee16c44896280243c1383f5,2020-07-27 14:36:58.998000+00:00,i do agree that she could have brought it up in private though,0.875,2,0.25,8,"i do agree that she could have brought it up in private, though",12,13,62,1,-0.17144122773605125,-0.19209761674220738,0.01,0.0,0.0,0.01,0.0,0.0,0.0,0.0,0.01,0.0,0.01,0.0,0.0,0.0,0.0,0.0,0.0,0.0,0.0,0.0,0.01,0.0,0.0,0.02,0.0,0.01,0.03,0.0,0.0,0.0,0.02,0.02,0.0,0.0,0.0,0.0,0.0,0.01,0.0,0.0,0.0,0.04,0.0,0.0,0.0,0.03,0.01,0.02,0.0,0.0,0.0,0.0,0.01,0.08,0.0,0,0,1.0,0.07692307692307693,2,0.00015518311607697082,0,0.375,0.0,0.6447999999999999,easy,0.553,0,0,0,0,0,0,0,0,0,0,0,1,0,0,0,0,0,0,0,0,0
324,164,0,5ee25924896280243c139471,2020-07-27 14:37:03.810000+00:00,i think she wanted to spend as much time with her kid and his partner and felt left out,0.875,2,0.25,8,i think she wanted to spend as much time with her kid and his partner and felt left out,13,19,87,1,0.4162485321280381,0.6810733684496442,0.01,0.0,0.0,0.03,0.0,0.04,0.0,0.0,0.0,0.0,0.03,0.0,0.0,0.0,0.0,0.0,0.0,0.0,0.0,0.01,0.0,0.02,0.02,0.01,0.0,0.02,0.03,0.0,0.0,0.0,0.049999999999999996,0.0,0.0,0.0,0.01,0.0,0.0,0.01,0.01,0.0,0.0,0.03,0.01,0.0,0.02,0.0,0.06999999999999999,0.04,0.0,0.01,0.0,0.0,0.01,0.09999999999999999,0.0,0,0,0.9473684210526315,0.05263157894736842,1,0.00015518311607697082,0,0.1,0.1,0.9424,easy,4.812,0,0,1,0,1,0,0,0,0,0,0,1,0,0,0,0,0,0,0,0,0
325,164,1,5f19acb246a7f03dda9a29a9,2020-07-27 14:49:56.018000+00:00,i think son is definitely ass hole,0.625,0,0.0,8,i think son is definitely ass hole,1,7,34,1,-0.7591309876001406,-0.7814151231929873,0.0,0.0,0.0,0.0,0.01,0.0,0.01,0.0,0.01,0.0,0.0,0.0,0.01,0.0,0.0,0.0,0.01,0.01,0.0,0.0,0.01,0.01,0.0,0.02,0.0,0.0,0.0,0.01,0.0,0.0,0.01,0.0,0.0,0.0,0.0,0.0,0.0,0.01,0.0,0.0,0.0,0.02,0.0,0.0,0.0,0.01,0.02,0.0,0.0,0.0,0.0,0.0,0.01,0.02,0.0,0,0,1.0,0.14285714285714285,0,0.0,0,0.5,0.0,0.3472,easy,0.0,0,0,1,0,1,0,0,0,0,0,0,1,0,0,0,0,0,0,0,0,0
325,164,1,5d482ea921c9be351f763771,2020-07-27 14:50:00.450000+00:00,this time my initial thought is that the son is being unreasonable,0.625,0,0.0,8,this time my initial thought is that the son is being unreasonable,2,12,66,1,-0.2693895210467328,-0.13599850226662613,0.0,0.0,0.0,0.0,0.0,0.0,0.0,0.0,0.0,0.0,0.0,0.0,0.0,0.0,0.0,0.0,0.0,0.01,0.0,0.0,0.0,0.01,0.0,0.02,0.0,0.01,0.02,0.0,0.0,0.0,0.01,0.02,0.0,0.0,0.0,0.0,0.0,0.01,0.0,0.0,0.0,0.04,0.0,0.01,0.0,0.030000000000000002,0.01,0.0,0.0,0.0,0.0,0.0,0.01,0.07,0.0,0,0,0.9166666666666666,0.08333333333333333,2,0.0016051364365971107,0,0.0,0.0,5.547533333333333,medium,4.432,0,0,1,0,0,0,0,0,0,0,1,0,0,0,0,0,0,0,1,0,0
325,164,1,5ee25924896280243c139471,2020-07-27 14:50:09.805000+00:00,definitely an asshole ,0.625,0,0.0,8,definitely an asshole. ,3,3,22,1,-1.0529758675321852,-1.168665095748804,0.0,0.0,0.0,0.0,0.01,0.0,0.0,0.0,0.01,0.0,0.0,0.0,0.01,0.0,0.0,0.0,0.0,0.0,0.0,0.0,0.01,0.0,0.0,0.0,0.0,0.0,0.0,0.0,0.0,0.0,0.0,0.0,0.0,0.0,0.0,0.0,0.01,0.0,0.0,0.0,0.0,0.0,0.0,0.01,0.0,0.0,0.01,0.0,0.0,0.0,0.0,0.0,0.0,0.01,0.0,0,0,1.0,0.0,0,0.0,0,0.5,0.0,0.1488,easy,9.355,0,0,0,0,0,0,0,0,0,0,0,0,0,0,0,0,0,0,0,0,0
325,164,1,5f19b1c646a7f03dda9a3270,2020-07-27 14:50:09.875000+00:00,yes he is,0.625,0,0.0,8,yes he is.,4,3,9,1,-1.0529758675321852,-1.168665095748804,0.0,0.0,0.0,0.0,0.0,0.0,0.0,0.0,0.0,0.0,0.009999999999999998,0.0,0.0,0.0,0.0,0.0,0.0,0.0,0.0,0.0,0.0,0.0,0.0,0.009999999999999998,0.0,0.0,0.0,0.0,0.0,0.0,0.009999999999999998,0.0,0.0,0.0,0.0,0.0,0.0,0.0,0.0,0.0,0.0,0.009999999999999998,0.0,0.0,0.009999999999999998,0.009999999999999998,0.0,0.0,0.0,0.0,0.0,0.0,0.0,0.019999999999999997,0.0,0,0,1.0,0.0,0,0.0,0,0.0,0.0,0.1488,easy,0.07,0,0,0,0,0,0,0,0,0,0,0,0,0,0,0,0,0,0,0,0,0
325,164,1,5d482ea921c9be351f7635ce,2020-07-27 14:50:10.749000+00:00,i dont think that he was an asshole but he should make an effort to catch up with his mom,0.625,0,0.0,8,i don't think that he was an asshole. but he should make an effort to catch up with his mom.,5,20,89,1,0.5141968254387196,0.8966680912155518,0.01,0.0,0.0,0.01,0.0,0.01,0.0,0.01,0.0,0.0,0.03,0.01,0.01,0.0,0.0,0.0,0.0,0.01,0.0,0.0,0.0,0.01,0.0,0.03,0.01,0.01,0.02,0.0,0.0,0.0,0.04,0.01,0.0,0.0,0.0,0.01,0.01,0.01,0.0,0.0,0.01,0.05,0.0,0.02,0.01,0.03,0.05,0.03,0.0,0.0,0.0,0.0,0.01,0.13,0.0,0,0,0.9,0.05,2,0.0,0,0.0,0.0,0.992,easy,0.874,0,0,1,0,1,0,0,0,0,0,0,1,0,0,0,0,0,0,0,0,0
325,164,1,5d482eaa21c9be351f763a0c,2020-07-27 14:50:11.488000+00:00,i dont think that this was an either or situation  he could have make his husband comfortable and included the mother,0.625,0,0.0,8,i don't think that this was an either or situation.  he could have make his husband comfortable and included the mother.,6,21,117,1,0.6121451187494011,1.025751415400824,0.01,0.0,0.0,0.02,0.0,0.02,0.0,0.0,0.0,0.0,0.02,0.01,0.0,0.0,0.0,0.0,0.0,0.02,0.0,0.01,0.01,0.01,0.0,0.04,0.0,0.01,0.0,0.0,0.0,0.0,0.04,0.02,0.0,0.0,0.0,0.01,0.0,0.01,0.0,0.01,0.02,0.05999999999999999,0.0,0.02,0.01,0.04,0.06999999999999999,0.0,0.0,0.0,0.0,0.01,0.01,0.10999999999999999,0.0,0,0,1.0,0.047619047619047616,6,0.0026312747462941847,0,0.8,0.4,1.0415999999999999,easy,0.739,0,0,1,0,1,0,0,0,0,0,0,1,0,0,0,0,0,1,0,0,0
325,164,1,5d482ea921c9be351f763771,2020-07-27 14:50:15.652000+00:00,they cant speak english for one weekend  it would be a good opportunity for practice,0.625,0,0.0,8,they can't speak english for one weekend?  it would be a good opportunity for practice.,7,15,84,1,0.1224036521959934,0.3803347944744628,0.009999999999999998,0.009999999999999998,0.0,0.0,0.0,0.0,0.0,0.019999999999999997,0.0,0.0,0.0,0.009999999999999998,0.0,0.0,0.0,0.0,0.0,0.0,0.0,0.0,0.019999999999999997,0.0,0.0,0.009999999999999998,0.009999999999999998,0.0,0.009999999999999998,0.0,0.0,0.0,0.019999999999999997,0.009999999999999998,0.0,0.009999999999999998,0.0,0.0,0.0,0.0,0.0,0.0,0.0,0.03,0.0,0.009999999999999998,0.0,0.03,0.009999999999999998,0.019999999999999997,0.0,0.009999999999999998,0.0,0.019999999999999997,0.0,0.06,0.0,1,0,0.9333333333333333,0.0,0,0.0,0,0.30000000000000004,0.35,5.433166666666667,medium,4.164,0,0,0,0,0,0,0,0,0,0,0,0,0,0,0,0,0,1,0,0,0
325,164,1,5ee25924896280243c139471,2020-07-27 14:50:36.278000+00:00,one weekend of uncomfortable conversation in return for meals and a place to stay,0.625,0,0.0,8,one weekend of uncomfortable conversation in return for meals and a place to stay.,8,14,81,1,0.024455358885311848,0.2512514702891906,0.0,0.0,0.0,0.01,0.0,0.01,0.01,0.0,0.0,0.01,0.0,0.0,0.0,0.0,0.0,0.0,0.0,0.0,0.0,0.0,0.0,0.0,0.0,0.0,0.0,0.0,0.05,0.0,0.0,0.0,0.01,0.0,0.0,0.0,0.0,0.0,0.0,0.0,0.0,0.0,0.0,0.0,0.0,0.01,0.01,0.0,0.01,0.04,0.0,0.0,0.0,0.01,0.0,0.06,0.0,0,0,1.0,0.0,3,0.015384615384615385,0,1.0,-0.5,6.586614285714285,difficult,20.626,0,0,0,0,0,0,0,0,0,0,0,0,0,0,0,0,0,0,1,0,0
325,164,1,5d482ea921c9be351f7635ce,2020-07-27 14:50:37.527000+00:00,maybe she could look at it as an opportunity to learn some german,0.625,0,0.0,8,maybe she could look at it as an opportunity to learn some german.,9,13,65,1,-0.07349293442536971,0.12216814610391834,0.01,0.0,0.0,0.01,0.0,0.0,0.0,0.01,0.01,0.0,0.01,0.0,0.0,0.0,0.0,0.01,0.0,0.0,0.0,0.01,0.01,0.01,0.0,0.01,0.0,0.0,0.01,0.0,0.0,0.0,0.01,0.01,0.0,0.01,0.0,0.0,0.0,0.0,0.0,0.02,0.0,0.02,0.0,0.01,0.0,0.01,0.04,0.030000000000000002,0.0,0.01,0.0,0.0,0.0,0.07,0.01,0,0,1.0,0.0,1,0.0,1,0.0,0.0,5.495915384615385,medium,1.249,0,0,1,0,0,0,0,0,0,0,0,0,0,0,0,0,0,0,0,0,0
325,164,1,5d482ea921c9be351f763771,2020-07-27 14:50:41.922000+00:00,i  agree with delightedbear there was a middle ground here,0.625,0,0.0,8,i  agree with delightedbear there was a middle ground here.,10,10,58,1,-0.4652861076680959,-0.3941651506371706,0.0,0.0,0.0,0.0,0.0,0.009999999999999998,0.0,0.0,0.019999999999999997,0.0,0.0,0.0,0.0,0.0,0.0,0.0,0.0,0.0,0.0,0.0,0.019999999999999997,0.0,0.0,0.0,0.0,0.009999999999999998,0.019999999999999997,0.0,0.0,0.0,0.0,0.0,0.0,0.0,0.0,0.0,0.0,0.009999999999999998,0.0,0.0,0.0,0.009999999999999998,0.0,0.009999999999999998,0.0,0.009999999999999998,0.009999999999999998,0.009999999999999998,0.0,0.0,0.0,0.009999999999999998,0.009999999999999998,0.06,0.0,0,0,1.0,0.1,0,0.0,0,0.0,0.0,0.496,easy,4.395,0,0,0,0,0,0,0,0,0,0,0,1,0,0,0,0,0,0,0,0,0
325,164,1,5f19acb246a7f03dda9a29a9,2020-07-27 14:50:42.432000+00:00,half of the time he spends with his husband satisfying his partner,0.625,0,0.0,8,half of the time he spends with his husband satisfying his partner,11,12,66,1,-0.17144122773605125,-0.006915178081353903,0.0,0.0,0.0,0.0,0.0,0.01,0.0,0.0,0.0,0.0,0.030000000000000002,0.0,0.0,0.0,0.0,0.0,0.0,0.01,0.0,0.0,0.01,0.0,0.01,0.0,0.0,0.0,0.01,0.0,0.0,0.0,0.05,0.0,0.0,0.0,0.01,0.0,0.0,0.0,0.0,0.0,0.0,0.0,0.01,0.01,0.0,0.0,0.01,0.02,0.0,0.0,0.0,0.01,0.0,0.060000000000000005,0.0,0,0,0.9166666666666666,0.0,1,0.0,0,0.5833333333333334,0.16666666666666669,5.547533333333333,medium,0.51,0,0,0,0,0,0,0,0,0,0,0,0,0,0,0,0,0,1,0,0,0
325,164,1,5f1ee01046a7f03dda9aef8b,2020-07-27 14:50:50.181000+00:00,my first thought is the the person in question is not an asshole as hes trying to do something to make somebody happy i think needs to to readdress the issue but he didnt do it because of evil reasons,0.625,0,0.0,8,my first thought is the the person in question is not an asshole as he's trying to do something to make somebody happy. i think needs to to readdress the issue but he didn't do it because of evil reasons,12,40,200,1,2.473162691652351,3.4783345749209964,0.01,0.0,0.0,0.03,0.0,0.0,0.0,0.02,0.0,0.0,0.02,0.02,0.01,0.0,0.0,0.0,0.0,0.0,0.0,0.0,0.01,0.04,0.01,0.08,0.0,0.02,0.02,0.0,0.0,0.0,0.05,0.03,0.0,0.0,0.0,0.03,0.02,0.02,0.0,0.03,0.03,0.1,0.0,0.04,0.02,0.06,0.12,0.07,0.0,0.0,0.0,0.01,0.02,0.22,0.0,0,0,0.825,0.025,5,0.0,0,0.7777777777777777,0.01666666666666668,1.984,easy,7.749,0,0,1,0,1,0,0,0,0,0,1,1,0,0,0,0,0,1,1,0,0
325,164,1,5ee16c44896280243c1383f5,2020-07-27 14:50:54.408000+00:00,i wish we had more information i want to know if he was making any effort to clarify what they were saying for mom that makes a big difference,0.625,0,0.0,8,i wish we had more information. i want to know if he was making any effort to clarify what they were saying for mom. that makes a big difference,13,29,142,1,1.1998348786134905,1.8002513605124575,0.03,0.01,0.0,0.01,0.0,0.01,0.0,0.01,0.0,0.0,0.01,0.0,0.0,0.0,0.0,0.0,0.0,0.01,0.0,0.02,0.0,0.03,0.0,0.04,0.0,0.03,0.01,0.0,0.0,0.0,0.05,0.02,0.0,0.0,0.0,0.02,0.0,0.02,0.0,0.02,0.01,0.06999999999999999,0.0,0.01,0.0,0.03,0.10999999999999999,0.03,0.01,0.01,0.0,0.01,0.03,0.16999999999999998,0.0,0,0,0.9310344827586207,0.10344827586206896,3,0.00031036623215394165,0,0.3,0.25,1.9828827586206894,easy,4.227,0,0,0,0,0,0,0,0,0,1,1,1,0,0,0,0,0,0,0,0,0
325,164,1,5f19acb246a7f03dda9a29a9,2020-07-27 14:50:58.659000+00:00,for a while why cant he satisfy his mother ,0.625,0,0.0,8,"for a while, why can;t he satisfy his mother ?",14,9,43,1,-0.4652861076680959,-0.3941651506371706,0.0,0.0,0.0,0.01,0.0,0.0,0.0,0.0,0.0,0.0,0.02,0.01,0.0,0.0,0.0,0.0,0.0,0.01,0.0,0.0,0.01,0.0,0.0,0.01,0.0,0.0,0.01,0.0,0.0,0.0,0.03,0.0,0.0,0.0,0.0,0.01,0.0,0.0,0.0,0.0,0.0,0.01,0.0,0.01,0.0,0.01,0.01,0.01,0.0,0.0,0.0,0.02,0.0,0.06,0.0,1,0,1.0,0.0,3,0.0,0,0.0,0.0,0.44639999999999996,easy,4.251,0,0,0,0,0,0,0,0,0,0,0,0,0,0,0,0,0,1,0,0,0
326,165,0,5f1f4a9646a7f03dda9b3fb5,2020-07-27 22:24:27.049000+00:00,hi guys,0.8,1,0.2,5,hi guys,1,2,7,1,-1.2488724541535483,-0.8104860726869104,0.0,0.0,0.0,0.0,0.0,0.0,0.0,0.0,0.0,0.0,0.0,0.0,0.0,0.0,0.0,0.0,0.0,0.0,0.0,0.0,0.0,0.0,0.01,0.0,0.0,0.0,0.0,0.0,0.0,0.0,0.02,0.0,0.0,0.0,0.0,0.0,0.0,0.0,0.0,0.0,0.0,0.0,0.0,0.0,0.0,0.0,0.0,0.0,0.0,0.0,0.0,0.0,0.0,0.0,0.0,0,0,1.0,0.5,0,0.0,0,0.0,0.0,0.0992,easy,0.0,0,0,0,0,0,0,0,0,0,0,0,0,0,0,1,0,0,0,0,0,0
326,165,0,5f1f4c3a46a7f03dda9b4348,2020-07-27 22:24:33.956000+00:00,hi guys,0.8,1,0.2,5,hi guys,2,2,7,1,-1.2488724541535483,-0.8104860726869104,0.0,0.0,0.0,0.0,0.0,0.0,0.0,0.0,0.0,0.0,0.0,0.0,0.0,0.0,0.0,0.0,0.0,0.0,0.0,0.0,0.0,0.0,0.01,0.0,0.0,0.0,0.0,0.0,0.0,0.0,0.02,0.0,0.0,0.0,0.0,0.0,0.0,0.0,0.0,0.0,0.0,0.0,0.0,0.0,0.0,0.0,0.0,0.0,0.0,0.0,0.0,0.0,0.0,0.0,0.0,0,0,1.0,0.5,1,0.012048192771084338,0,0.0,0.0,0.0992,easy,6.907,0,0,0,0,0,0,0,0,0,0,0,0,0,0,1,0,0,0,0,0,0
326,165,0,5f1f4a7846a7f03dda9b3f62,2020-07-27 22:24:35.141000+00:00,hi,0.8,1,0.2,5,hi,3,1,2,1,-1.2488724541535483,-0.8104860726869104,0.0,0.0,0.0,0.0,0.0,0.0,0.0,0.0,0.0,0.0,0.0,0.0,0.0,0.0,0.0,0.0,0.0,0.0,0.0,0.0,0.0,0.0,0.0,0.0,0.0,0.0,0.0,0.0,0.0,0.0,0.01,0.0,0.0,0.0,0.0,0.0,0.0,0.0,0.0,0.0,0.0,0.0,0.0,0.0,0.0,0.0,0.0,0.0,0.0,0.0,0.0,0.0,0.0,0.0,0.0,0,0,1.0,0.0,1,0.0,0,0.0,0.0,0.0496,easy,1.185,0,0,0,0,0,0,0,0,0,0,0,0,0,0,1,0,0,0,0,0,0
326,165,0,5d482ea621c9be351f762995,2020-07-27 22:24:38.209000+00:00,hi,0.8,1,0.2,5,hi,4,1,2,1,-1.2488724541535483,-0.8104860726869104,0.0,0.0,0.0,0.0,0.0,0.0,0.0,0.0,0.0,0.0,0.0,0.0,0.0,0.0,0.0,0.0,0.0,0.0,0.0,0.0,0.0,0.0,0.0,0.0,0.0,0.0,0.0,0.0,0.0,0.0,0.01,0.0,0.0,0.0,0.0,0.0,0.0,0.0,0.0,0.0,0.0,0.0,0.0,0.0,0.0,0.0,0.0,0.0,0.0,0.0,0.0,0.0,0.0,0.0,0.0,0,0,1.0,0.0,1,0.0,0,0.0,0.0,0.0496,easy,3.068,0,0,0,0,0,0,0,0,0,0,0,0,0,0,1,0,0,0,0,0,0
326,165,0,5f1f4de846a7f03dda9b4883,2020-07-27 22:24:38.954000+00:00,hi ,0.8,1,0.2,5,hi ,5,1,3,1,-1.34682074746423,-0.9358021923593846,0.0,0.0,0.0,0.0,0.0,0.0,0.0,0.0,0.0,0.0,0.0,0.0,0.0,0.0,0.0,0.0,0.0,0.0,0.0,0.0,0.0,0.0,0.0,0.0,0.0,0.0,0.0,0.0,0.0,0.0,0.009999999999999998,0.0,0.0,0.0,0.0,0.0,0.0,0.0,0.0,0.0,0.0,0.0,0.0,0.0,0.0,0.0,0.0,0.0,0.0,0.0,0.0,0.0,0.0,0.0,0.0,0,0,1.0,1.0,1,0.0,0,0.0,0.0,0.0496,easy,0.745,0,0,0,0,0,0,0,0,0,0,0,0,0,0,1,0,0,0,0,0,0
326,165,0,5d1249922d54e95acef0bc13,2020-07-27 22:24:40.737000+00:00,hey all,0.8,1,0.2,5,hey all.,6,2,7,1,-1.1509241608428669,-0.6851699530144364,0.0,0.0,0.0,0.0,0.01,0.0,0.0,0.0,0.0,0.0,0.0,0.0,0.0,0.0,0.0,0.0,0.0,0.0,0.0,0.0,0.0,0.0,0.0,0.0,0.0,0.0,0.0,0.0,0.0,0.0,0.01,0.0,0.0,0.0,0.0,0.0,0.0,0.0,0.0,0.0,0.0,0.0,0.0,0.0,0.0,0.0,0.01,0.0,0.0,0.0,0.0,0.0,0.0,0.01,0.0,0,0,1.0,0.0,0,0.0,0,0.0,0.0,0.0992,easy,1.783,0,0,0,0,0,0,0,0,0,0,0,0,0,0,1,0,0,0,0,0,0
326,165,0,5d482ea721c9be351f762e3b,2020-07-27 22:24:43.830000+00:00,hi,0.8,1,0.2,5,hi,7,1,2,1,-1.2488724541535483,-0.8104860726869104,0.0,0.0,0.0,0.0,0.0,0.0,0.0,0.0,0.0,0.0,0.0,0.0,0.0,0.0,0.0,0.0,0.0,0.0,0.0,0.0,0.0,0.0,0.0,0.0,0.0,0.0,0.0,0.0,0.0,0.0,0.01,0.0,0.0,0.0,0.0,0.0,0.0,0.0,0.0,0.0,0.0,0.0,0.0,0.0,0.0,0.0,0.0,0.0,0.0,0.0,0.0,0.0,0.0,0.0,0.0,0,0,1.0,0.0,0,0.0,0,0.0,0.0,0.0496,easy,3.093,0,0,0,0,0,0,0,0,0,0,0,0,0,0,1,0,0,0,0,0,0
326,165,0,5f1f476246a7f03dda9b394c,2020-07-27 22:24:45.815000+00:00,i agree,0.8,1,0.2,5,i agree,8,2,7,1,-1.2488724541535483,-0.8104860726869104,0.0,0.0,0.0,0.0,0.0,0.0,0.0,0.0,0.0,0.0,0.0,0.0,0.0,0.0,0.0,0.0,0.0,0.0,0.0,0.0,0.01,0.0,0.0,0.0,0.0,0.0,0.0,0.0,0.0,0.0,0.0,0.0,0.0,0.0,0.0,0.0,0.0,0.01,0.0,0.0,0.0,0.0,0.0,0.0,0.0,0.0,0.0,0.0,0.0,0.0,0.0,0.0,0.01,0.01,0.0,0,0,1.0,0.5,0,0.0,0,0.0,0.0,0.0992,easy,1.985,0,0,0,0,0,0,0,0,0,0,0,1,0,0,0,0,0,0,0,0,0
326,165,0,5d482ea221c9be351f761e85,2020-07-27 22:24:46.426000+00:00,hello everyone im thinking this person is not the asshole but could have handled the situation better,0.8,1,0.2,5,"hello everyone. i'm thinking this person is not the asshole, but could have handled the situation better.",9,17,101,1,0.31830023881735653,1.1945718420726752,0.01,0.0,0.0,0.01,0.0,0.0,0.0,0.01,0.0,0.0,0.0,0.01,0.01,0.0,0.0,0.0,0.0,0.0,0.0,0.0,0.01,0.01,0.01,0.02,0.0,0.0,0.0,0.0,0.0,0.0,0.03,0.02,0.0,0.0,0.0,0.0,0.01,0.0,0.0,0.0,0.02,0.03,0.0,0.02,0.01,0.03,0.04,0.0,0.0,0.0,0.0,0.01,0.0,0.07,0.0,0,0,0.9411764705882353,0.0,0,0.0,0,0.5,0.5,0.8432,easy,0.611,0,0,1,0,1,0,0,0,0,0,1,0,0,0,1,0,0,1,0,0,0
326,165,0,5f1f4a9646a7f03dda9b3fb5,2020-07-27 22:24:48.530000+00:00,hey all,0.8,1,0.2,5,hey all,10,2,7,1,-1.1509241608428669,-0.6851699530144364,0.0,0.0,0.0,0.0,0.01,0.0,0.0,0.0,0.0,0.0,0.0,0.0,0.0,0.0,0.0,0.0,0.0,0.0,0.0,0.0,0.0,0.0,0.0,0.0,0.0,0.0,0.0,0.0,0.0,0.0,0.01,0.0,0.0,0.0,0.0,0.0,0.0,0.0,0.0,0.0,0.0,0.0,0.0,0.0,0.0,0.0,0.01,0.0,0.0,0.0,0.0,0.0,0.0,0.01,0.0,0,0,1.0,0.0,0,0.0,0,0.0,0.0,0.0992,easy,2.104,0,0,0,0,0,0,0,0,0,0,0,0,0,0,1,0,0,0,0,0,0
326,165,0,5f1f4c3a46a7f03dda9b4348,2020-07-27 22:24:51.549000+00:00,i like this to sentences,0.8,1,0.2,5,i like this to sentences,11,5,24,1,-0.9550275742215037,-0.4345377136694881,0.0,0.0,0.0,0.0,0.0,0.0,0.0,0.0,0.0,0.0,0.0,0.0,0.0,0.0,0.0,0.0,0.0,0.0,0.0,0.0,0.009999999999999998,0.0,0.0,0.0,0.0,0.0,0.0,0.0,0.0,0.0,0.0,0.009999999999999998,0.0,0.0,0.0,0.0,0.0,0.009999999999999998,0.0,0.0,0.0,0.0,0.0,0.0,0.0,0.0,0.0,0.009999999999999998,0.0,0.0,0.0,0.009999999999999998,0.009999999999999998,0.03,0.0,0,0,1.0,0.2,0,0.0,0,0.0,0.0,0.248,easy,3.019,0,0,0,0,0,0,0,0,0,0,0,1,0,0,0,0,0,1,0,0,0
326,165,0,5f1f476246a7f03dda9b394c,2020-07-27 22:24:53.426000+00:00,i very intersting,0.8,1,0.2,5,i very intersting,12,3,17,1,-1.1509241608428669,-0.6851699530144364,0.0,0.0,0.0,0.0,0.0,0.0,0.0,0.0,0.01,0.0,0.0,0.0,0.0,0.0,0.0,0.0,0.0,0.0,0.0,0.0,0.0,0.0,0.0,0.0,0.0,0.0,0.0,0.0,0.0,0.0,0.0,0.0,0.0,0.0,0.0,0.0,0.0,0.01,0.0,0.0,0.0,0.0,0.0,0.0,0.0,0.0,0.0,0.0,0.0,0.0,0.0,0.0,0.01,0.02,0.0,0,0,1.0,0.3333333333333333,0,0.00015518311607697082,0,0.3,0.2,9.048633333333331,difficult,1.877,0,0,0,0,0,0,0,0,0,0,0,1,0,0,0,0,0,0,0,0,0
326,165,0,5f1f4a9646a7f03dda9b3fb5,2020-07-27 22:24:54.986000+00:00,hello,0.8,1,0.2,5,hello,13,1,5,1,-1.2488724541535483,-0.8104860726869104,0.0,0.0,0.0,0.0,0.0,0.0,0.0,0.0,0.0,0.0,0.0,0.0,0.0,0.0,0.0,0.0,0.0,0.0,0.0,0.0,0.0,0.0,0.0,0.0,0.0,0.0,0.0,0.0,0.0,0.0,0.010000000000000002,0.0,0.0,0.0,0.0,0.0,0.0,0.0,0.0,0.0,0.0,0.0,0.0,0.0,0.0,0.0,0.0,0.0,0.0,0.0,0.0,0.0,0.0,0.0,0.0,0,0,1.0,0.0,0,0.0,0,0.0,0.0,0.0496,easy,1.56,0,0,0,0,0,0,0,0,0,0,0,0,0,0,1,0,0,0,0,0,0
326,165,0,5d482ea721c9be351f762e3b,2020-07-27 22:24:58.960000+00:00,agreed i dont believe he is,0.8,1,0.2,5,agreed i dont believe he is,14,6,27,1,-0.8570792809108222,-0.309221593997014,0.0,0.0,0.0,0.0,0.0,0.0,0.0,0.0,0.0,0.0,0.01,0.01,0.0,0.0,0.0,0.0,0.0,0.0,0.0,0.0,0.01,0.01,0.0,0.03,0.0,0.0,0.0,0.0,0.0,0.0,0.01,0.0,0.0,0.0,0.0,0.0,0.0,0.01,0.0,0.0,0.0,0.03,0.0,0.0,0.0,0.02,0.01,0.0,0.0,0.0,0.0,0.0,0.01,0.03,0.0,0,0,1.0,0.16666666666666666,0,0.0,0,0.0,0.0,0.2976,easy,3.974,0,0,0,0,0,0,0,0,0,0,1,0,0,0,0,0,0,0,0,0,0
326,165,0,5f1f4c3a46a7f03dda9b4348,2020-07-27 22:25:06.417000+00:00,i agree to him,0.8,1,0.2,5,i agree to him,15,4,14,1,-1.0529758675321852,-0.5598538333419623,0.0,0.0,0.0,0.0,0.0,0.0,0.0,0.0,0.0,0.0,0.01,0.0,0.0,0.0,0.0,0.0,0.0,0.0,0.0,0.0,0.01,0.0,0.0,0.0,0.0,0.0,0.0,0.0,0.0,0.0,0.01,0.0,0.0,0.0,0.0,0.0,0.0,0.01,0.0,0.0,0.0,0.0,0.0,0.0,0.0,0.0,0.0,0.01,0.0,0.0,0.0,0.0,0.01,0.030000000000000002,0.0,0,0,1.0,0.25,0,0.00015518311607697082,0,0.0,0.0,0.1984,easy,7.457,0,0,0,0,0,0,0,0,0,0,0,1,0,0,0,0,0,0,0,0,0
326,165,0,5f1f4a9646a7f03dda9b3fb5,2020-07-27 22:25:07.050000+00:00,how are you,0.8,1,0.2,5,how are you,16,3,11,1,-1.0529758675321852,-0.5598538333419623,0.0,0.0,0.0,0.01,0.0,0.0,0.0,0.0,0.01,0.0,0.0,0.0,0.0,0.0,0.0,0.0,0.0,0.0,0.0,0.0,0.0,0.0,0.0,0.01,0.0,0.0,0.0,0.0,0.0,0.0,0.01,0.0,0.0,0.0,0.0,0.01,0.0,0.0,0.0,0.0,0.0,0.01,0.0,0.0,0.0,0.01,0.01,0.0,0.0,0.0,0.01,0.0,0.0,0.03,0.0,1,0,1.0,0.0,0,0.0,0,0.0,0.0,0.1488,easy,0.633,0,0,0,0,0,0,0,0,0,0,0,0,1,0,0,1,0,0,0,0,0
326,165,0,5f1f476246a7f03dda9b394c,2020-07-27 22:25:07.141000+00:00,im american 25m and recently married a german guy 23m,0.8,1,0.2,5,i'm american (25m) and recently married a german guy (23m),17,10,53,1,-0.36733781435741436,0.3173590043653566,0.0,0.0,0.0,0.01,0.0,0.01,0.0,0.0,0.0,0.0,0.0,0.0,0.0,0.0,0.0,0.0,0.0,0.01,0.0,0.0,0.0,0.0,0.01,0.0,0.0,0.0,0.01,0.0,0.0,0.0,0.02,0.0,0.0,0.0,0.0,0.0,0.0,0.0,0.0,0.0,0.0,0.0,0.0,0.01,0.01,0.0,0.01,0.0,0.0,0.0,0.0,0.01,0.0,0.02,0.0,0,0,1.0,0.0,0,0.0,0,0.08333333333333333,0.08333333333333333,0.496,easy,0.091,0,0,0,0,0,0,0,0,0,0,0,1,0,0,0,0,0,0,0,0,0
326,165,0,5f1f4c3a46a7f03dda9b4348,2020-07-27 22:25:14.670000+00:00,i to getting to him,0.8,1,0.2,5,i to getting to him,18,5,19,1,-0.9550275742215037,-0.4345377136694881,0.0,0.0,0.0,0.0,0.0,0.0,0.0,0.0,0.0,0.0,0.01,0.0,0.0,0.0,0.0,0.0,0.0,0.0,0.0,0.0,0.0,0.0,0.0,0.0,0.0,0.0,0.0,0.0,0.0,0.0,0.01,0.0,0.0,0.0,0.0,0.0,0.0,0.01,0.0,0.0,0.0,0.0,0.0,0.0,0.0,0.0,0.0,0.02,0.0,0.0,0.0,0.0,0.01,0.04,0.0,0,0,0.8,0.2,0,0.0,0,0.0,0.0,0.248,easy,7.529,0,0,0,0,0,0,0,0,0,0,0,1,0,0,0,0,0,0,0,0,0
326,165,0,5f1f476246a7f03dda9b394c,2020-07-27 22:25:31.060000+00:00,my mom says im the asshole for not including her that its disrepectful and she wants to be caught up to my life after i been away for so long ,0.8,1,0.2,5,"my mom says i'm the asshole for not including her, that it's disrepectful and she wants to be caught up to my life after i been away for so long. ",19,30,142,1,1.3957314652348536,2.5730491584698907,0.01,0.01,0.0,0.02,0.0,0.02,0.01,0.0,0.01,0.0,0.02,0.01,0.01,0.0,0.01,0.0,0.0,0.01,0.0,0.0,0.0,0.0,0.0,0.01,0.0,0.02,0.05,0.0,0.0,0.0,0.04,0.02,0.0,0.0,0.0,0.0,0.01,0.03,0.0,0.0,0.01,0.04,0.0,0.01,0.02,0.02,0.04,0.06999999999999999,0.0,0.01,0.0,0.0,0.03,0.18999999999999997,0.0,0,0,0.9,0.06666666666666667,2,0.00015518311607697082,0,0.25,0.07500000000000001,1.488,easy,16.39,0,0,0,0,0,0,0,0,0,0,1,1,0,0,0,0,1,0,0,0,0
326,165,0,5f1f4a9646a7f03dda9b3fb5,2020-07-27 22:25:34.378000+00:00,im american girl can u chat with me,0.8,1,0.2,5,i'm american girl can u chat with me,20,8,35,1,-0.5632344009787775,0.06672676502040834,0.0,0.0,0.0,0.0,0.0,0.009999999999999998,0.0,0.0,0.0,0.0,0.0,0.0,0.0,0.0,0.0,0.0,0.0,0.0,0.0,0.0,0.0,0.0,0.009999999999999998,0.009999999999999998,0.0,0.0,0.0,0.0,0.0,0.0,0.019999999999999997,0.0,0.0,0.0,0.0,0.0,0.0,0.009999999999999998,0.0,0.0,0.0,0.009999999999999998,0.0,0.0,0.0,0.009999999999999998,0.009999999999999998,0.009999999999999998,0.0,0.0,0.009999999999999998,0.0,0.009999999999999998,0.03,0.0,0,0,1.0,0.0,0,0.003048780487804878,0,0.0,0.0,0.3968,easy,3.318,0,0,0,0,0,0,0,0,0,0,0,1,0,0,0,0,0,0,0,0,0
327,165,2,5f1f4a7846a7f03dda9b3f62,2020-07-27 22:54:12.713000+00:00,this is similar to the german example from before if everyone else got that one ,0.857142857,3,0.428571429,7,this is similar to the german example from before if everyone else got that one. ,1,15,80,1,0.1224036521959934,0.36710636142002523,0.010000000000000002,0.0,0.0,0.010000000000000002,0.0,0.0,0.0,0.0,0.0,0.0,0.0,0.0,0.0,0.0,0.0,0.0,0.0,0.0,0.0,0.020000000000000004,0.0,0.0,0.0,0.010000000000000002,0.0,0.010000000000000002,0.010000000000000002,0.0,0.0,0.0,0.010000000000000002,0.03,0.0,0.0,0.0,0.0,0.0,0.0,0.0,0.010000000000000002,0.010000000000000002,0.020000000000000004,0.0,0.010000000000000002,0.0,0.010000000000000002,0.010000000000000002,0.03,0.0,0.0,0.0,0.0,0.0,0.08000000000000002,0.0,0,0,1.0,0.0,0,0.0,0,0.2,0.0,0.744,easy,0.0,0,0,0,0,0,0,0,0,0,0,0,0,0,0,0,0,0,0,0,0,0
327,165,2,5f1f4a9646a7f03dda9b3fb5,2020-07-27 22:54:14.084000+00:00,hi,0.857142857,3,0.428571429,7,hi,2,1,2,1,-1.2488724541535483,-1.0048758876158321,0.0,0.0,0.0,0.0,0.0,0.0,0.0,0.0,0.0,0.0,0.0,0.0,0.0,0.0,0.0,0.0,0.0,0.0,0.0,0.0,0.0,0.0,0.0,0.0,0.0,0.0,0.0,0.0,0.0,0.0,0.01,0.0,0.0,0.0,0.0,0.0,0.0,0.0,0.0,0.0,0.0,0.0,0.0,0.0,0.0,0.0,0.0,0.0,0.0,0.0,0.0,0.0,0.0,0.0,0.0,0,0,1.0,0.0,0,0.0,0,0.0,0.0,0.0496,easy,1.371,0,0,0,0,0,0,0,0,0,0,0,0,0,0,1,0,0,0,0,0,0
327,165,2,5f1f4de846a7f03dda9b4883,2020-07-27 22:54:21.113000+00:00,hi and yes ,0.857142857,3,0.428571429,7,hi and yes ,3,3,11,1,-1.1509241608428669,-0.9068771555418423,0.0,0.0,0.0,0.01,0.0,0.01,0.0,0.0,0.0,0.0,0.0,0.0,0.0,0.0,0.0,0.0,0.0,0.0,0.0,0.0,0.0,0.0,0.0,0.0,0.0,0.0,0.0,0.0,0.0,0.0,0.01,0.0,0.0,0.0,0.0,0.0,0.0,0.0,0.0,0.0,0.0,0.0,0.0,0.0,0.02,0.0,0.01,0.0,0.0,0.0,0.0,0.0,0.0,0.01,0.0,0,0,1.0,0.3333333333333333,1,0.0,0,0.0,0.0,0.1488,easy,7.029,0,0,0,0,0,0,0,0,0,0,0,0,0,0,1,0,0,0,0,0,0
327,165,2,5f1f4a9646a7f03dda9b3fb5,2020-07-27 22:54:22.379000+00:00,how are you,0.857142857,3,0.428571429,7,how are you,4,3,11,1,-1.0529758675321852,-0.8088784234678525,0.0,0.0,0.0,0.01,0.0,0.0,0.0,0.0,0.01,0.0,0.0,0.0,0.0,0.0,0.0,0.0,0.0,0.0,0.0,0.0,0.0,0.0,0.0,0.01,0.0,0.0,0.0,0.0,0.0,0.0,0.01,0.0,0.0,0.0,0.0,0.01,0.0,0.0,0.0,0.0,0.0,0.01,0.0,0.0,0.0,0.01,0.01,0.0,0.0,0.0,0.01,0.0,0.0,0.03,0.0,1,0,1.0,0.0,0,0.0,0,0.0,0.0,0.1488,easy,1.266,0,0,0,0,0,0,0,0,0,0,0,0,1,0,0,1,0,0,0,0,0
327,165,2,5d1249922d54e95acef0bc13,2020-07-27 22:54:24.769000+00:00,yes it is quite similar,0.857142857,3,0.428571429,7,"yes, it is quite similar.",5,5,23,1,-0.8570792809108222,-0.6128809593198729,0.0,0.0,0.0,0.0,0.0,0.0,0.0,0.0,0.0,0.0,0.0,0.0,0.0,0.0,0.0,0.0,0.0,0.0,0.0,0.0,0.0,0.0,0.0,0.01,0.0,0.0,0.0,0.0,0.0,0.0,0.0,0.01,0.0,0.0,0.0,0.0,0.0,0.0,0.0,0.01,0.0,0.01,0.0,0.0,0.01,0.01,0.01,0.0,0.0,0.0,0.0,0.0,0.0,0.02,0.0,0,0,1.0,0.0,0,0.0,0,0.4,0.0,0.248,easy,2.39,0,0,1,0,0,0,0,0,0,0,0,0,0,0,0,0,0,0,0,0,0
327,165,2,5f1f4c3a46a7f03dda9b4348,2020-07-27 22:54:25.251000+00:00,i am like me that ,0.857142857,3,0.428571429,7,i am like me that ,6,5,18,1,-1.0529758675321852,-0.8088784234678525,0.0,0.0,0.0,0.0,0.0,0.0,0.0,0.0,0.0,0.0,0.0,0.0,0.0,0.0,0.0,0.0,0.0,0.0,0.0,0.0,0.009999999999999998,0.0,0.0,0.009999999999999998,0.0,0.0,0.0,0.0,0.0,0.0,0.0,0.009999999999999998,0.0,0.0,0.0,0.0,0.0,0.019999999999999997,0.0,0.0,0.0,0.009999999999999998,0.0,0.0,0.0,0.009999999999999998,0.0,0.0,0.0,0.0,0.0,0.009999999999999998,0.019999999999999997,0.039999999999999994,0.0,0,0,1.0,0.4,0,0.0,0,0.0,0.0,0.248,easy,0.482,0,0,0,0,0,0,0,0,0,0,0,1,0,0,0,0,0,1,0,0,0
327,165,2,5f1f4a9646a7f03dda9b3fb5,2020-07-27 22:54:31.230000+00:00,guys,0.857142857,3,0.428571429,7,guys,7,1,4,1,-1.2488724541535483,-1.0048758876158321,0.0,0.0,0.0,0.0,0.0,0.0,0.0,0.0,0.0,0.0,0.0,0.0,0.0,0.0,0.0,0.0,0.0,0.0,0.0,0.0,0.0,0.0,0.01,0.0,0.0,0.0,0.0,0.0,0.0,0.0,0.01,0.0,0.0,0.0,0.0,0.0,0.0,0.0,0.0,0.0,0.0,0.0,0.0,0.0,0.0,0.0,0.0,0.0,0.0,0.0,0.0,0.0,0.0,0.0,0.0,0,0,1.0,0.0,0,0.0,0,0.0,0.0,0.0496,easy,5.979,0,0,0,0,0,0,0,0,0,0,0,0,0,0,0,0,0,0,0,0,0
327,165,2,5d482ea621c9be351f762995,2020-07-27 22:54:32.469000+00:00,curiousmonkey it is,0.857142857,3,0.428571429,7,curiousmonkey it is,8,3,19,1,-1.0529758675321852,-0.8088784234678525,0.0,0.0,0.0,0.0,0.0,0.0,0.0,0.0,0.0,0.0,0.0,0.0,0.0,0.0,0.0,0.0,0.0,0.0,0.0,0.0,0.0,0.01,0.0,0.01,0.0,0.0,0.0,0.0,0.0,0.0,0.0,0.01,0.0,0.0,0.0,0.0,0.0,0.0,0.0,0.0,0.0,0.01,0.0,0.0,0.0,0.01,0.01,0.0,0.0,0.0,0.0,0.0,0.0,0.02,0.0,0,0,1.0,0.0,0,0.0,0,0.0,0.0,9.048633333333331,difficult,1.239,0,0,0,0,0,0,0,0,0,0,0,0,0,0,0,0,0,0,0,0,0
327,165,2,5f1f4a7846a7f03dda9b3f62,2020-07-27 22:54:33.465000+00:00,same principle applies here as the german one if they were only speaking with each other about their own stuff then the mother did not need to be involved and she is the asshole  if the couple was speaking french the entire time and never included the mother then she is not the asshole,0.857142857,3,0.428571429,7,"same principle applies here as the german one: if they were only speaking with each other about their own stuff, then the mother did not need to be involved and she is the asshole.  if the couple was speaking french the entire time and never included the mother, then she is not the asshole.",9,54,286,1,3.9423870913125745,4.189056912305628,0.03,0.02,0.0,0.06999999999999999,0.02,0.05,0.0,0.0,0.03,0.0,0.02,0.03,0.02,0.0,0.0,0.0,0.0,0.02,0.0,0.05,0.0,0.0,0.0,0.03,0.0,0.03,0.04,0.0,0.0,0.0,0.09000000000000001,0.02,0.0,0.0,0.0,0.0,0.02,0.0,0.0,0.02,0.04,0.06999999999999999,0.0,0.06999999999999999,0.02,0.06,0.13,0.04,0.0,0.02,0.0,0.0,0.0,0.35,0.0,0,0,0.7222222222222222,0.0,2,0.0,0,0.44642857142857145,0.06785714285714285,2.6784,easy,0.996,0,0,0,0,0,0,0,0,0,0,0,0,0,0,0,0,0,0,0,0,0
327,165,2,5d482ea721c9be351f762e3b,2020-07-27 22:54:43.645000+00:00,yes i belive she is not the asshole she ask kindly because she didnt understand what was being said,0.857142857,3,0.428571429,7,yes i belive she is not the asshole she ask kindly because she didnt understand what was being said,10,19,99,1,0.4162485321280381,0.6611025576419947,0.0,0.01,0.0,0.01,0.0,0.0,0.0,0.0,0.0,0.0,0.03,0.02,0.01,0.0,0.0,0.0,0.0,0.0,0.0,0.0,0.01,0.01,0.0,0.03,0.0,0.03,0.0,0.0,0.0,0.0,0.049999999999999996,0.01,0.0,0.0,0.0,0.01,0.01,0.01,0.0,0.0,0.01,0.06999999999999999,0.0,0.01,0.02,0.04,0.03,0.0,0.0,0.01,0.0,0.01,0.01,0.10999999999999999,0.0,0,0,0.8947368421052632,0.05263157894736842,7,0.0003202049311559398,0,0.9,0.6,0.9424,easy,10.18,0,0,0,0,0,0,0,0,0,0,1,0,0,0,0,0,0,1,0,0,0
327,165,2,5f1f4a9646a7f03dda9b3fb5,2020-07-27 22:54:46.572000+00:00,what are you doing,0.857142857,3,0.428571429,7,what are you doing,11,4,18,1,-0.9550275742215037,-0.7108796913938626,0.0,0.0,0.0,0.0,0.0,0.0,0.0,0.0,0.0,0.0,0.0,0.0,0.0,0.0,0.0,0.0,0.0,0.0,0.0,0.0,0.0,0.0,0.0,0.009999999999999998,0.0,0.0,0.0,0.0,0.0,0.0,0.009999999999999998,0.009999999999999998,0.0,0.0,0.0,0.0,0.0,0.0,0.0,0.0,0.0,0.019999999999999997,0.0,0.0,0.0,0.019999999999999997,0.0,0.0,0.0,0.0,0.009999999999999998,0.0,0.0,0.039999999999999994,0.0,1,0,1.0,0.0,1,0.0,0,0.0,0.0,0.1984,easy,2.927,0,0,0,0,0,0,0,0,0,0,0,0,1,0,0,1,0,0,0,0,0
327,165,2,5d482ea621c9be351f762995,2020-07-27 22:54:48.935000+00:00,it is and it is rude,0.857142857,3,0.428571429,7,it is and it is rude,12,6,20,1,-0.7591309876001406,-0.5148822272458831,0.0,0.0,0.0,0.010000000000000002,0.0,0.010000000000000002,0.0,0.0,0.0,0.0,0.0,0.0,0.0,0.0,0.0,0.0,0.0,0.0,0.010000000000000002,0.0,0.0,0.0,0.0,0.020000000000000004,0.0,0.0,0.0,0.0,0.0,0.0,0.0,0.020000000000000004,0.0,0.0,0.0,0.0,0.010000000000000002,0.0,0.0,0.0,0.0,0.020000000000000004,0.0,0.0,0.010000000000000002,0.020000000000000004,0.010000000000000002,0.0,0.0,0.0,0.0,0.0,0.0,0.05,0.0,0,0,0.6666666666666666,0.0,0,0.0,0,0.6,-0.3,0.2976,easy,2.363,0,0,0,0,0,0,0,0,0,0,0,0,0,0,0,0,0,0,1,0,0
327,165,2,5f1f4a9646a7f03dda9b3fb5,2020-07-27 22:54:50.597000+00:00,guys,0.857142857,3,0.428571429,7,guys,13,1,4,1,-1.2488724541535483,-1.0048758876158321,0.0,0.0,0.0,0.0,0.0,0.0,0.0,0.0,0.0,0.0,0.0,0.0,0.0,0.0,0.0,0.0,0.0,0.0,0.0,0.0,0.0,0.0,0.01,0.0,0.0,0.0,0.0,0.0,0.0,0.0,0.01,0.0,0.0,0.0,0.0,0.0,0.0,0.0,0.0,0.0,0.0,0.0,0.0,0.0,0.0,0.0,0.0,0.0,0.0,0.0,0.0,0.0,0.0,0.0,0.0,0,0,1.0,0.0,0,0.0,0,0.0,0.0,0.0496,easy,1.662,0,0,0,0,0,0,0,0,0,0,0,0,0,0,0,0,0,0,0,0,0
327,165,2,5f1f4c3a46a7f03dda9b4348,2020-07-27 22:54:52.316000+00:00,it is your duty to talk with one another in the jury room and to consider the views of all the jurors,0.857142857,3,0.428571429,7,it is your duty to talk with one another in the jury room and to consider the views of all the jurors.,14,22,101,1,0.8080417053707643,1.0530974859379538,0.0,0.0,0.01,0.01,0.01,0.02,0.0,0.0,0.0,0.0,0.0,0.0,0.0,0.0,0.0,0.01,0.0,0.0,0.0,0.0,0.0,0.01,0.0,0.01,0.0,0.0,0.02,0.0,0.01,0.0,0.02,0.01,0.0,0.01,0.0,0.0,0.0,0.0,0.0,0.0,0.0,0.01,0.0,0.03,0.01,0.01,0.05,0.05,0.0,0.01,0.01,0.0,0.0,0.13,0.0,0,0,0.8636363636363636,0.0,0,0.0,0,0.0,0.0,1.0912,easy,1.719,0,0,0,0,0,0,0,0,0,0,0,0,1,0,0,0,0,0,0,0,0
327,165,2,5d482ea221c9be351f761e85,2020-07-27 22:54:53.225000+00:00,hello disagree curiousmonkey  ,0.857142857,3,0.428571429,7,"hello. disagree, curiousmonkey . ",15,3,30,1,-1.0529758675321852,-0.8088784234678525,0.0,0.0,0.0,0.0,0.0,0.0,0.0,0.0,0.0,0.0,0.0,0.0,0.0,0.0,0.0,0.0,0.0,0.0,0.01,0.0,0.0,0.01,0.0,0.0,0.0,0.0,0.0,0.0,0.0,0.0,0.01,0.0,0.0,0.0,0.0,0.0,0.0,0.0,0.0,0.0,0.0,0.0,0.0,0.0,0.0,0.0,0.01,0.0,0.0,0.0,0.0,0.0,0.0,0.0,0.0,0,0,1.0,0.0,0,0.0,0,0.0,0.0,9.048633333333331,difficult,0.909,0,0,0,0,0,0,0,0,0,0,0,0,0,0,1,0,0,0,1,0,0
327,165,2,5f1f4a7846a7f03dda9b3f62,2020-07-27 22:55:13.434000+00:00,i currently vote that she is the asshole only because she is asking for them to speak english all the time which is unnecessary if they wish to speak french privately  ,0.857142857,3,0.428571429,7,"i currently vote that she is the asshole only because she is asking for them to speak english all the time, which is unnecessary if they wish to speak french privately.  ",16,31,168,1,1.5916280518562167,1.8370873425298726,0.019999999999999997,0.019999999999999997,0.0,0.019999999999999997,0.009999999999999998,0.0,0.0,0.0,0.009999999999999998,0.0,0.019999999999999997,0.0,0.009999999999999998,0.0,0.0,0.0,0.0,0.0,0.0,0.0,0.0,0.0,0.0,0.039999999999999994,0.0,0.0,0.019999999999999997,0.0,0.0,0.0,0.06999999999999999,0.019999999999999997,0.0,0.0,0.0,0.009999999999999998,0.009999999999999998,0.009999999999999998,0.0,0.009999999999999998,0.009999999999999998,0.039999999999999994,0.0,0.019999999999999997,0.009999999999999998,0.03,0.039999999999999994,0.03,0.0,0.019999999999999997,0.0,0.0,0.009999999999999998,0.19,0.0,0,0,0.8064516129032258,0.03225806451612903,0,0.0,0,0.4458333333333333,-0.06666666666666667,2.046954838709677,easy,20.209,0,0,0,0,0,0,0,0,0,0,0,1,0,0,0,0,0,0,1,0,0
328,166,2,5d482ea221c9be351f761f7f,2020-07-27 22:45:22.423000+00:00,i feel like the original poster is the asshole,0.6,0,0.0,5,i feel like the original poster is the asshole,1,9,46,1,-0.5632344009787775,-0.885600606578018,0.0,0.0,0.0,0.0,0.0,0.0,0.0,0.0,0.0,0.0,0.0,0.0,0.01,0.0,0.0,0.0,0.0,0.0,0.0,0.0,0.02,0.01,0.0,0.02,0.0,0.0,0.0,0.0,0.0,0.0,0.0,0.0,0.0,0.0,0.0,0.0,0.01,0.01,0.01,0.0,0.0,0.02,0.0,0.02,0.0,0.01,0.01,0.0,0.0,0.01,0.0,0.01,0.01,0.04,0.0,0,0,0.8888888888888888,0.1111111111111111,0,0.0,0,0.75,0.375,0.44639999999999996,easy,0.0,0,0,1,0,1,0,0,0,0,0,0,1,0,0,0,0,0,1,0,0,0
328,166,2,5f1f471c46a7f03dda9b3893,2020-07-27 22:46:05.546000+00:00,this guy could be an asshole  he wants to make someone learn a language when they do not need to learn,0.6,0,0.0,5,this guy could be an asshole.  he wants to make someone learn a language when they do not need to learn.,2,21,102,1,0.7100934120600827,0.5407649721582585,0.03,0.0,0.0,0.01,0.0,0.0,0.0,0.0,0.01,0.0,0.01,0.01,0.01,0.0,0.0,0.0,0.0,0.0,0.0,0.0,0.0,0.02,0.01,0.04,0.0,0.0,0.01,0.0,0.0,0.0,0.05,0.02,0.0,0.02,0.0,0.01,0.01,0.0,0.0,0.01,0.01,0.06,0.0,0.02,0.0,0.03,0.08,0.02,0.0,0.0,0.0,0.01,0.0,0.11,0.0,0,0,0.9047619047619048,0.0,0,0.0003202049311559398,0,0.1,0.2,1.0415999999999999,easy,43.123,0,0,0,0,0,0,0,0,0,0,0,0,0,0,0,0,0,0,0,0,0
328,166,2,5f1f4b7246a7f03dda9b418d,2020-07-27 22:46:06.253000+00:00,i dont why does the mother always goes to him for any help why not her other family members,0.6,0,0.0,5,"i don't, why does the mother always goes to him for any help, why not her other family members",3,19,91,1,0.4162485321280381,0.21160368475757932,0.0,0.0,0.010000000000000002,0.0,0.010000000000000002,0.0,0.0,0.0,0.0,0.0,0.020000000000000004,0.020000000000000004,0.0,0.0,0.0,0.0,0.0,0.020000000000000004,0.0,0.0,0.0,0.0,0.010000000000000002,0.030000000000000002,0.0,0.0,0.020000000000000004,0.0,0.0,0.0,0.060000000000000005,0.010000000000000002,0.0,0.0,0.0,0.020000000000000004,0.0,0.010000000000000002,0.0,0.010000000000000002,0.010000000000000002,0.030000000000000002,0.0,0.010000000000000002,0.0,0.020000000000000004,0.05,0.020000000000000004,0.0,0.0,0.0,0.0,0.010000000000000002,0.12000000000000001,0.0,0,0,0.9473684210526315,0.05263157894736842,2,0.0,0,0.375,-0.125,0.9424,easy,0.707,0,0,0,0,0,0,0,0,0,0,0,1,0,0,0,0,0,0,0,0,0
328,166,2,5f1f4a8246a7f03dda9b3f65,2020-07-27 22:46:14.409000+00:00,leaning towards the author being the asshole,0.6,0,0.0,5,leaning towards the author being the asshole.,4,7,44,1,-0.6611826942894591,-0.9953210357115777,0.0,0.0,0.0,0.0,0.0,0.0,0.0,0.0,0.0,0.0,0.0,0.0,0.01,0.0,0.0,0.0,0.0,0.0,0.0,0.0,0.0,0.0,0.0,0.0,0.0,0.0,0.01,0.0,0.0,0.0,0.0,0.0,0.0,0.0,0.0,0.0,0.01,0.0,0.0,0.0,0.0,0.01,0.0,0.02,0.0,0.01,0.0,0.01,0.0,0.0,0.0,0.0,0.0,0.03,0.0,0,0,0.8571428571428571,0.0,2,0.0,0,0.0,0.0,0.3472,easy,8.156,0,0,0,0,0,0,0,0,0,0,0,0,0,0,0,0,0,0,0,0,0
329,166,3,5d482ea221c9be351f761f7f,2020-07-27 23:00:22.659000+00:00,i think the poster is the asshole,0.8,0,0.0,5,i think the poster is the asshole.,1,7,33,1,-0.7591309876001406,-0.4196169082105467,0.0,0.0,0.0,0.0,0.0,0.0,0.0,0.0,0.0,0.0,0.0,0.0,0.01,0.0,0.0,0.0,0.0,0.0,0.0,0.0,0.0,0.01,0.0,0.02,0.0,0.0,0.0,0.0,0.0,0.0,0.0,0.0,0.0,0.0,0.0,0.0,0.01,0.01,0.0,0.0,0.0,0.02,0.0,0.02,0.0,0.01,0.01,0.0,0.0,0.0,0.0,0.0,0.01,0.04,0.0,0,0,0.8571428571428571,0.14285714285714285,0,0.0,0,0.0,0.0,0.3472,easy,0.0,0,0,1,0,1,0,0,0,0,0,0,1,0,0,0,0,0,0,0,0,0
329,166,3,5d482ea721c9be351f762ea6,2020-07-27 23:00:25.447000+00:00,i think all sides are crappy in this one ,0.8,0,0.0,5,i think all sides are crappy in this one. ,2,9,41,1,-0.5632344009787775,-0.16139111854251798,0.0,0.0,0.0,0.0,0.01,0.0,0.0,0.0,0.0,0.0,0.0,0.0,0.01,0.0,0.0,0.0,0.0,0.0,0.0,0.0,0.0,0.01,0.0,0.02,0.0,0.0,0.02,0.0,0.0,0.0,0.0,0.01,0.0,0.0,0.0,0.0,0.01,0.01,0.0,0.0,0.0,0.02,0.0,0.0,0.0,0.01,0.02,0.01,0.0,0.0,0.0,0.0,0.01,0.049999999999999996,0.0,0,0,1.0,0.1111111111111111,0,0.0005036151718260998,0,0.0,0.0,0.44639999999999996,easy,2.788,0,0,1,0,1,0,0,0,0,0,0,1,0,0,0,0,0,0,1,0,0
329,166,3,5f1f4b7246a7f03dda9b418d,2020-07-27 23:00:30.304000+00:00,not sure either are the assholes,0.8,0,0.0,5,not sure either are the assholes,3,6,32,1,-0.7591309876001406,-0.4196169082105467,0.0,0.0,0.0,0.0,0.01,0.0,0.0,0.0,0.0,0.0,0.0,0.01,0.01,0.0,0.0,0.0,0.0,0.0,0.0,0.01,0.01,0.0,0.0,0.01,0.0,0.0,0.0,0.0,0.0,0.0,0.0,0.0,0.0,0.0,0.0,0.0,0.01,0.0,0.0,0.0,0.02,0.01,0.0,0.01,0.0,0.01,0.03,0.0,0.0,0.0,0.0,0.0,0.0,0.03,0.0,0,0,1.0,0.0,1,0.0,0,0.8888888888888888,-0.25,0.2976,easy,4.857,0,0,0,0,0,0,0,0,0,0,0,0,0,0,0,0,0,0,0,0,0
329,166,3,5f1f4a8246a7f03dda9b3f65,2020-07-27 23:00:35.068000+00:00,i could go either way on this one,0.8,0,0.0,5,i could go either way on this one,4,8,33,1,-0.6611826942894591,-0.29050401337653237,0.01,0.0,0.0,0.0,0.0,0.0,0.0,0.0,0.0,0.0,0.0,0.0,0.0,0.0,0.0,0.0,0.0,0.0,0.0,0.01,0.0,0.0,0.0,0.01,0.0,0.0,0.030000000000000002,0.0,0.0,0.0,0.0,0.01,0.0,0.0,0.0,0.0,0.0,0.01,0.0,0.0,0.01,0.02,0.0,0.0,0.0,0.01,0.02,0.01,0.0,0.0,0.0,0.0,0.01,0.030000000000000002,0.0,0,0,1.0,0.125,0,0.0070921985815602835,0,0.0,0.0,0.3968,easy,4.764,0,0,0,0,0,0,0,0,0,0,0,1,0,0,0,0,0,0,0,0,0
329,166,3,5d482ea221c9be351f761f7f,2020-07-27 23:00:40.078000+00:00,both sides are kinda not great,0.8,0,0.0,5,both sides are kinda not great,5,6,30,1,-0.7591309876001406,-0.4196169082105467,0.0,0.0,0.0,0.0,0.0,0.01,0.0,0.0,0.0,0.0,0.0,0.01,0.0,0.0,0.0,0.0,0.0,0.0,0.0,0.01,0.01,0.0,0.0,0.01,0.0,0.0,0.02,0.0,0.0,0.0,0.0,0.0,0.0,0.0,0.0,0.0,0.0,0.0,0.0,0.01,0.01,0.01,0.0,0.0,0.0,0.01,0.03,0.0,0.0,0.0,0.0,0.01,0.0,0.03,0.0,0,0,1.0,0.0,0,0.0,0,0.75,-0.4,0.2976,easy,5.01,0,0,0,0,0,0,0,0,0,0,0,0,0,0,0,0,0,1,0,0,0
330,167,0,5f1b553046a7f03dda9abf8c,2020-07-27 22:05:53.970000+00:00,sup,0.857142857,1,0.142857143,7,sup,1,1,3,1,-1.2488724541535483,-1.1078288603971542,0.0,0.0,0.0,0.0,0.0,0.0,0.0,0.0,0.0,0.0,0.0,0.0,0.0,0.0,0.0,0.0,0.0,0.0,0.0,0.0,0.0,0.0,0.0,0.0,0.0,0.0,0.0,0.0,0.0,0.0,0.0,0.0,0.0,0.0,0.0,0.0,0.0,0.0,0.0,0.0,0.0,0.0,0.0,0.0,0.0,0.0,0.0,0.0,0.0,0.0,0.0,0.0,0.0,0.0,0.0,0,0,1.0,0.0,0,0.0,0,0.0,0.0,0.0496,easy,0.0,0,0,0,0,0,0,0,0,0,0,0,0,0,0,0,0,0,0,0,0,0
330,167,0,5eaa5cead5ea945196f95232,2020-07-27 22:05:57.301000+00:00,i think the husband is ta,0.857142857,1,0.142857143,7,i think the husband is ta,2,6,25,1,-0.8570792809108222,-0.607157469863533,0.0,0.0,0.0,0.0,0.0,0.0,0.0,0.0,0.0,0.0,0.0,0.0,0.0,0.0,0.0,0.0,0.0,0.01,0.0,0.0,0.0,0.01,0.0,0.02,0.0,0.0,0.0,0.0,0.0,0.0,0.01,0.0,0.0,0.0,0.0,0.0,0.0,0.01,0.0,0.0,0.0,0.02,0.0,0.01,0.0,0.01,0.01,0.0,0.0,0.0,0.0,0.0,0.01,0.03,0.0,0,0,1.0,0.16666666666666666,0,0.0,0,0.0,0.0,0.2976,easy,3.331,0,0,1,0,1,0,0,0,0,0,0,1,0,0,0,0,0,0,0,0,0
330,167,0,5f1f46cc46a7f03dda9b383e,2020-07-27 22:06:03.501000+00:00,i agree i like to choose ,0.857142857,1,0.142857143,7,i agree i like to choose ,3,6,25,1,-0.9550275742215037,-0.7323253174969384,0.0,0.0,0.0,0.0,0.0,0.0,0.0,0.0,0.0,0.0,0.0,0.0,0.0,0.0,0.0,0.0,0.0,0.0,0.0,0.0,0.02,0.01,0.0,0.0,0.0,0.0,0.0,0.0,0.0,0.0,0.0,0.0,0.0,0.0,0.0,0.0,0.0,0.02,0.0,0.0,0.0,0.0,0.0,0.0,0.0,0.0,0.01,0.01,0.0,0.0,0.0,0.01,0.02,0.03,0.0,0,0,0.8333333333333334,0.3333333333333333,0,0.00031036623215394165,0,0.0,0.0,0.2976,easy,6.2,0,0,0,0,0,0,0,0,0,0,1,1,0,0,0,0,0,1,0,0,0
330,167,0,5f1b553046a7f03dda9abf8c,2020-07-27 22:06:09.095000+00:00,i think im pretty neutral in this one,0.857142857,1,0.142857143,7,i think im pretty neutral in this one,4,8,37,1,-0.6611826942894591,-0.3568217745967225,0.0,0.0,0.0,0.0,0.0,0.0,0.0,0.0,0.0,0.0,0.0,0.0,0.0,0.0,0.0,0.0,0.0,0.0,0.0,0.0,0.01,0.01,0.0,0.01,0.0,0.0,0.01,0.0,0.0,0.0,0.0,0.01,0.0,0.0,0.0,0.0,0.0,0.01,0.0,0.01,0.0,0.01,0.0,0.0,0.0,0.0,0.02,0.01,0.0,0.0,0.0,0.01,0.01,0.030000000000000002,0.0,0,0,1.0,0.125,0,0.00015518311607697082,0,1.0,0.25,0.3968,easy,5.594,0,0,1,0,1,0,0,0,0,0,1,1,0,0,0,0,0,1,0,0,0
330,167,0,5f1f490646a7f03dda9b3bea,2020-07-27 22:06:20.461000+00:00,i also think the husband is the ta,0.857142857,1,0.142857143,7,i also think the husband is the ta,5,8,34,1,-0.6611826942894591,-0.3568217745967225,0.0,0.0,0.0,0.01,0.0,0.0,0.0,0.0,0.01,0.0,0.0,0.0,0.0,0.0,0.0,0.0,0.0,0.01,0.0,0.0,0.0,0.01,0.0,0.02,0.0,0.0,0.0,0.0,0.0,0.0,0.01,0.0,0.0,0.0,0.0,0.0,0.0,0.01,0.0,0.0,0.0,0.02,0.0,0.02,0.0,0.01,0.01,0.0,0.0,0.0,0.0,0.0,0.01,0.04,0.0,0,0,0.875,0.125,0,0.0005036151718260998,0,0.0,0.0,0.3968,easy,11.366,0,0,1,0,1,0,0,0,0,0,0,1,0,0,0,0,0,0,0,0,0
330,167,0,5f1f421c46a7f03dda9b337a,2020-07-27 22:06:22.016000+00:00,ia m newly married,0.857142857,1,0.142857143,7,ia m newly married,6,4,18,1,-0.9550275742215037,-0.7323253174969384,0.0,0.0,0.0,0.0,0.0,0.0,0.0,0.0,0.0,0.0,0.0,0.0,0.0,0.0,0.0,0.0,0.0,0.009999999999999998,0.0,0.0,0.0,0.0,0.0,0.0,0.0,0.0,0.009999999999999998,0.0,0.0,0.0,0.009999999999999998,0.0,0.0,0.0,0.0,0.0,0.0,0.0,0.0,0.0,0.0,0.0,0.0,0.0,0.0,0.0,0.0,0.0,0.0,0.0,0.0,0.0,0.0,0.009999999999999998,0.0,0,0,1.0,0.0,0,0.0,0,0.25,0.25,0.1984,easy,1.555,0,0,0,0,0,0,0,0,0,0,0,0,0,0,0,0,0,0,0,0,0
330,167,0,5d482ea321c9be351f762080,2020-07-27 22:06:22.538000+00:00,i am also neutral in this scenario,0.857142857,1,0.142857143,7,i am also neutral in this scenario,7,7,34,1,-0.7591309876001406,-0.48198962223012776,0.0,0.0,0.0,0.01,0.0,0.0,0.0,0.0,0.01,0.0,0.0,0.0,0.0,0.0,0.0,0.0,0.0,0.0,0.0,0.0,0.0,0.0,0.0,0.01,0.0,0.0,0.01,0.0,0.0,0.0,0.0,0.01,0.0,0.0,0.0,0.0,0.0,0.01,0.0,0.0,0.0,0.01,0.0,0.0,0.0,0.01,0.0,0.01,0.0,0.0,0.0,0.0,0.01,0.04,0.0,0,0,1.0,0.14285714285714285,0,0.0,0,0.0,0.0,0.3472,easy,0.522,0,0,0,0,0,0,0,0,0,0,0,1,0,0,0,0,0,0,0,0,0
330,167,0,5eaa5cead5ea945196f95232,2020-07-27 22:06:25.989000+00:00,he knew who he was marrying,0.857142857,1,0.142857143,7,he knew who he was marrying,8,6,27,1,-0.7591309876001406,-0.48198962223012776,0.0,0.0,0.0,0.0,0.0,0.0,0.0,0.0,0.0,0.0,0.02,0.0,0.0,0.0,0.0,0.0,0.0,0.0,0.0,0.0,0.0,0.01,0.0,0.0,0.0,0.02,0.0,0.0,0.0,0.0,0.03,0.01,0.0,0.0,0.0,0.0,0.0,0.0,0.0,0.0,0.0,0.02,0.0,0.0,0.0,0.01,0.01,0.0,0.0,0.0,0.0,0.0,0.0,0.04,0.0,0,0,0.8333333333333334,0.0,0,0.0,0,0.0,0.0,0.2976,easy,3.451,0,0,0,0,0,0,0,0,0,0,0,0,0,0,0,0,0,0,0,0,0
330,167,0,5f1f46cc46a7f03dda9b383e,2020-07-27 22:06:28.846000+00:00,asshole,0.857142857,1,0.142857143,7,asshole,9,1,7,1,-1.2488724541535483,-1.1078288603971542,0.0,0.0,0.0,0.0,0.0,0.0,0.0,0.0,0.0,0.0,0.0,0.0,0.01,0.0,0.0,0.0,0.0,0.0,0.0,0.0,0.0,0.0,0.0,0.0,0.0,0.0,0.0,0.0,0.0,0.0,0.0,0.0,0.0,0.0,0.0,0.0,0.01,0.0,0.0,0.0,0.0,0.0,0.0,0.0,0.0,0.0,0.0,0.0,0.0,0.0,0.0,0.0,0.0,0.0,0.0,0,0,1.0,0.0,0,0.0,0,0.0,0.0,0.0496,easy,2.857,0,0,0,0,0,0,0,0,0,0,0,0,0,0,0,0,0,0,0,0,0
330,167,0,5d482ea221c9be351f761e61,2020-07-27 22:06:37.629000+00:00,he knew his wife situation,0.857142857,1,0.142857143,7,he knew his wife situation,10,5,26,1,-0.8570792809108222,-0.607157469863533,0.0,0.0,0.0,0.0,0.0,0.0,0.0,0.0,0.0,0.0,0.02,0.0,0.0,0.0,0.0,0.0,0.0,0.01,0.0,0.0,0.0,0.01,0.0,0.0,0.0,0.01,0.0,0.0,0.0,0.0,0.030000000000000002,0.0,0.0,0.0,0.0,0.0,0.0,0.0,0.0,0.0,0.0,0.01,0.0,0.0,0.0,0.0,0.01,0.0,0.0,0.0,0.0,0.0,0.0,0.02,0.0,0,0,1.0,0.0,0,0.0,0,0.0,0.0,0.248,easy,8.783,0,0,0,0,0,0,0,0,0,0,0,0,0,0,0,0,0,0,0,0,0
330,167,0,5f1f490646a7f03dda9b3bea,2020-07-27 22:06:40.776000+00:00,wife obviously feels bad and its just until she gets her masters ,0.857142857,1,0.142857143,7,wife obviously feels bad and its just until she gets her masters ,11,12,65,1,-0.17144122773605125,0.26901746357030404,0.0,0.0,0.0,0.02,0.01,0.01,0.0,0.01,0.01,0.0,0.02,0.0,0.0,0.0,0.0,0.0,0.0,0.01,0.0,0.0,0.0,0.01,0.0,0.02,0.0,0.0,0.01,0.0,0.0,0.0,0.030000000000000002,0.01,0.0,0.01,0.0,0.0,0.0,0.0,0.01,0.0,0.01,0.02,0.0,0.0,0.02,0.0,0.04,0.01,0.0,0.01,0.0,0.01,0.0,0.060000000000000005,0.0,0,0,1.0,0.0,0,0.0033222591362126247,0,0.5833333333333333,-0.3499999999999999,0.5952,easy,3.147,0,0,1,0,1,0,0,0,0,0,0,0,0,0,0,0,0,1,1,0,0
330,167,0,5eaa5cead5ea945196f95232,2020-07-27 22:06:44.404000+00:00,not the wife fufilled fulfilledgorilla,0.857142857,1,0.142857143,7,not the wife fufilled fulfilledgorilla,12,5,38,1,-0.8570792809108222,-0.607157469863533,0.0,0.0,0.0,0.0,0.0,0.0,0.0,0.01,0.0,0.0,0.0,0.01,0.0,0.0,0.0,0.0,0.0,0.01,0.0,0.0,0.0,0.0,0.0,0.0,0.0,0.0,0.0,0.0,0.0,0.0,0.01,0.0,0.0,0.0,0.0,0.0,0.0,0.0,0.0,0.0,0.01,0.0,0.0,0.01,0.0,0.0,0.01,0.0,0.0,0.0,0.0,0.0,0.0,0.02,0.0,0,0,1.0,0.0,0,0.0033222591362126247,0,0.0,0.0,0.248,easy,3.628,0,0,0,0,0,0,0,0,0,0,0,0,0,0,0,0,0,0,0,0,0
330,167,0,5f1f421c46a7f03dda9b337a,2020-07-27 22:06:46.639000+00:00,i am not a soul,0.857142857,1,0.142857143,7,i am not a soul,13,5,15,1,-0.9550275742215037,-0.7323253174969384,0.0,0.0,0.0,0.0,0.0,0.0,0.0,0.0,0.0,0.0,0.0,0.01,0.0,0.0,0.0,0.0,0.0,0.0,0.0,0.0,0.0,0.0,0.0,0.01,0.0,0.0,0.0,0.0,0.0,0.0,0.0,0.0,0.01,0.0,0.0,0.0,0.0,0.01,0.0,0.0,0.01,0.01,0.0,0.01,0.0,0.01,0.01,0.0,0.0,0.0,0.0,0.01,0.01,0.04,0.0,0,0,1.0,0.2,1,0.0,0,0.0,0.0,0.248,easy,2.235,0,0,0,0,0,0,0,0,0,0,0,1,0,0,0,0,0,0,0,0,0
330,167,0,5d482ea321c9be351f762080,2020-07-27 22:06:48.459000+00:00,i think there are a lot of details missing like how often the mother calls the husband,0.857142857,1,0.142857143,7,i think there are a lot of details missing like how often the mother calls the husband,14,17,86,1,0.22035194550667497,0.7696888541039252,0.0,0.0,0.0,0.01,0.0,0.0,0.0,0.0,0.03,0.0,0.0,0.0,0.0,0.0,0.0,0.0,0.0,0.02,0.0,0.01,0.01,0.01,0.0,0.02,0.0,0.0,0.0,0.0,0.0,0.01,0.03,0.0,0.0,0.0,0.0,0.01,0.0,0.01,0.0,0.02,0.0,0.02,0.0,0.03,0.0,0.01,0.04,0.01,0.0,0.0,0.0,0.02,0.01,0.08,0.0,0,0,0.9411764705882353,0.058823529411764705,1,0.00015518311607697082,0,0.05,-0.2,0.8432,easy,1.82,0,0,1,0,1,0,0,0,0,0,0,1,0,0,0,0,0,1,0,0,0
330,167,0,5f1f421c46a7f03dda9b337a,2020-07-27 22:06:55.977000+00:00,i am educated boys,0.857142857,1,0.142857143,7,i am educated boys,15,4,18,1,-1.0529758675321852,-0.8574931651303437,0.0,0.0,0.0,0.0,0.0,0.0,0.0,0.0,0.0,0.0,0.0,0.0,0.0,0.0,0.0,0.0,0.0,0.0,0.0,0.0,0.0,0.0,0.009999999999999998,0.009999999999999998,0.0,0.0,0.0,0.0,0.0,0.0,0.009999999999999998,0.0,0.0,0.009999999999999998,0.0,0.0,0.0,0.009999999999999998,0.0,0.0,0.0,0.009999999999999998,0.0,0.0,0.0,0.009999999999999998,0.0,0.0,0.0,0.0,0.0,0.009999999999999998,0.009999999999999998,0.019999999999999997,0.0,0,0,1.0,0.25,0,0.00015518311607697082,0,0.0,0.0,0.1984,easy,7.518,0,0,0,0,0,0,0,0,0,0,0,1,0,0,0,0,0,1,0,0,0
330,167,0,5d482ea221c9be351f761e61,2020-07-27 22:06:56.068000+00:00,that is true,0.857142857,1,0.142857143,7,that is true,16,3,12,1,-1.0529758675321852,-0.8574931651303437,0.0,0.0,0.0,0.0,0.009999999999999998,0.0,0.0,0.0,0.0,0.0,0.0,0.0,0.0,0.0,0.0,0.0,0.0,0.0,0.0,0.0,0.0,0.0,0.0,0.009999999999999998,0.0,0.0,0.0,0.0,0.0,0.0,0.0,0.009999999999999998,0.0,0.0,0.0,0.0,0.0,0.0,0.0,0.0,0.0,0.009999999999999998,0.0,0.0,0.0,0.009999999999999998,0.009999999999999998,0.0,0.0,0.0,0.0,0.0,0.0,0.019999999999999997,0.0,0,0,1.0,0.0,0,0.0,0,0.65,0.35,0.1488,easy,0.091,0,0,0,0,0,0,0,0,0,0,0,0,0,0,0,0,0,0,0,0,0
330,167,0,5f1b553046a7f03dda9abf8c,2020-07-27 22:07:01.624000+00:00,i feel neutral  it sounds like it isnt much timebut yearh like livelycamel  that is an important detail which is missing,0.857142857,1,0.142857143,7,i feel neutral.  it sounds like it isn't much time....but yearh. like livelycamel  that is an important detail which is missing,17,21,120,1,0.6121451187494011,1.2703602446375464,0.0,0.01,0.0,0.0,0.0,0.0,0.0,0.01,0.0,0.0,0.0,0.01,0.0,0.0,0.0,0.0,0.0,0.0,0.0,0.01,0.04,0.01,0.0,0.04,0.0,0.0,0.01,0.0,0.0,0.01,0.0,0.04,0.0,0.0,0.0,0.0,0.0,0.01,0.01,0.0,0.0,0.04,0.0,0.01,0.0,0.03,0.01,0.0,0.0,0.02,0.0,0.03,0.01,0.08,0.0,0,0,0.8571428571428571,0.047619047619047616,3,0.0,0,0.4166666666666667,0.13333333333333336,1.0415999999999999,easy,5.556,0,0,1,0,1,0,0,0,0,0,0,1,0,0,0,0,0,1,0,0,0
331,167,2,5f1b553046a7f03dda9abf8c,2020-07-27 22:35:16.700000+00:00,i found this one amusing,1.0,3,0.428571429,7,i found this one amusing,1,5,24,1,-0.9550275742215037,-0.6132316525041815,0.0,0.0,0.0,0.0,0.0,0.0,0.0,0.0,0.0,0.0,0.0,0.0,0.0,0.0,0.0,0.0,0.0,0.0,0.0,0.0,0.009999999999999998,0.009999999999999998,0.0,0.0,0.0,0.009999999999999998,0.0,0.0,0.0,0.0,0.0,0.009999999999999998,0.0,0.0,0.0,0.0,0.0,0.009999999999999998,0.0,0.0,0.0,0.009999999999999998,0.0,0.0,0.0,0.0,0.009999999999999998,0.0,0.0,0.0,0.0,0.009999999999999998,0.009999999999999998,0.019999999999999997,0.0,0,0,1.0,0.2,0,0.0,0,1.0,0.6,0.248,easy,0.0,0,0,0,0,0,0,0,0,0,0,0,1,0,0,0,0,0,1,0,0,0
331,167,2,5d482ea221c9be351f761e61,2020-07-27 22:35:21.620000+00:00,right lol,1.0,3,0.428571429,7,right lol,2,2,9,1,-1.1509241608428669,-0.8355033194312637,0.0,0.0,0.0,0.0,0.0,0.0,0.0,0.0,0.0,0.0,0.0,0.0,0.0,0.0,0.0,0.0,0.0,0.0,0.0,0.0,0.0,0.0,0.0,0.0,0.0,0.0,0.009999999999999998,0.0,0.0,0.0,0.0,0.0,0.0,0.0,0.0,0.0,0.0,0.0,0.0,0.0,0.0,0.0,0.0,0.0,0.0,0.0,0.0,0.0,0.0,0.0,0.0,0.009999999999999998,0.0,0.0,0.0,0,0,1.0,0.0,0,0.0,0,0.6178571428571429,0.5428571428571429,0.0992,easy,4.92,0,0,0,0,0,0,0,0,0,0,0,0,0,0,0,0,0,1,0,0,0
331,167,2,5f1b553046a7f03dda9abf8c,2020-07-27 22:35:23.532000+00:00,i mean he sounds like an asshole,1.0,3,0.428571429,7,i mean. he sounds like an asshole.,3,7,32,1,-0.7591309876001406,-0.3909599855770996,0.0,0.01,0.0,0.0,0.0,0.0,0.0,0.0,0.0,0.0,0.01,0.0,0.01,0.0,0.0,0.0,0.0,0.0,0.0,0.0,0.01,0.01,0.0,0.01,0.0,0.0,0.0,0.0,0.0,0.0,0.01,0.0,0.0,0.0,0.0,0.0,0.01,0.01,0.0,0.0,0.0,0.01,0.0,0.01,0.0,0.0,0.01,0.0,0.0,0.01,0.0,0.01,0.01,0.03,0.0,0,0,1.0,0.14285714285714285,0,0.0,0,0.6875,-0.3125,0.3472,easy,1.912,0,0,0,0,0,0,0,0,0,0,0,1,0,0,0,0,0,1,0,0,0
331,167,2,5f1f421c46a7f03dda9b337a,2020-07-27 22:35:25.627000+00:00,hiiii,1.0,3,0.428571429,7,hiiii,4,1,5,1,-1.2488724541535483,-0.9466391528948046,0.0,0.0,0.0,0.0,0.0,0.0,0.0,0.0,0.0,0.0,0.0,0.0,0.0,0.0,0.0,0.0,0.0,0.0,0.0,0.0,0.0,0.0,0.0,0.0,0.0,0.0,0.0,0.0,0.0,0.0,0.0,0.0,0.0,0.0,0.0,0.0,0.0,0.0,0.0,0.0,0.0,0.0,0.0,0.0,0.0,0.0,0.0,0.0,0.0,0.0,0.0,0.0,0.0,0.0,0.0,0,0,1.0,0.0,0,0.0,0,0.0,0.0,0.0496,easy,2.095,0,0,0,0,0,0,0,0,0,0,0,0,0,0,0,0,0,0,0,0,0
331,167,2,5f1f46cc46a7f03dda9b383e,2020-07-27 22:35:26.105000+00:00,i agree ,1.0,3,0.428571429,7,i agree ,5,2,8,1,-1.2488724541535483,-0.9466391528948046,0.0,0.0,0.0,0.0,0.0,0.0,0.0,0.0,0.0,0.0,0.0,0.0,0.0,0.0,0.0,0.0,0.0,0.0,0.0,0.0,0.01,0.0,0.0,0.0,0.0,0.0,0.0,0.0,0.0,0.0,0.0,0.0,0.0,0.0,0.0,0.0,0.0,0.01,0.0,0.0,0.0,0.0,0.0,0.0,0.0,0.0,0.0,0.0,0.0,0.0,0.0,0.0,0.01,0.01,0.0,0,0,1.0,0.5,0,0.0,0,0.0,0.0,0.0992,easy,0.478,0,0,0,0,0,0,0,0,0,0,0,1,0,0,0,0,0,0,0,0,0
331,167,2,5f1f421c46a7f03dda9b337a,2020-07-27 22:35:32.933000+00:00,i am studied,1.0,3,0.428571429,7,i am studied,6,3,12,1,-1.1509241608428669,-0.8355033194312637,0.0,0.0,0.0,0.0,0.0,0.0,0.0,0.0,0.0,0.0,0.0,0.0,0.0,0.0,0.0,0.0,0.0,0.0,0.0,0.0,0.0,0.0,0.0,0.009999999999999998,0.0,0.009999999999999998,0.0,0.0,0.0,0.0,0.0,0.0,0.0,0.009999999999999998,0.0,0.0,0.0,0.009999999999999998,0.0,0.0,0.0,0.019999999999999997,0.0,0.0,0.0,0.009999999999999998,0.0,0.0,0.0,0.0,0.0,0.0,0.009999999999999998,0.019999999999999997,0.0,0,0,1.0,0.3333333333333333,0,0.00015518311607697082,0,0.0,0.0,0.1488,easy,6.828,0,0,0,0,0,0,0,0,0,0,0,1,0,0,0,0,0,0,0,0,0
331,167,2,5eaa5cead5ea945196f95232,2020-07-27 22:35:35.618000+00:00,i dont think this guy is ta bc he feels that the mil should be independent,1.0,3,0.428571429,7,i dont think this guy is ta bc he feels that the mil should be independent,7,16,74,1,0.1224036521959934,0.6092625155947695,0.01,0.0,0.0,0.0,0.0,0.0,0.0,0.0,0.0,0.0,0.01,0.01,0.0,0.0,0.0,0.0,0.0,0.0,0.0,0.0,0.0,0.02,0.01,0.04,0.01,0.0,0.0,0.0,0.0,0.0,0.02,0.02,0.0,0.0,0.0,0.01,0.0,0.01,0.01,0.0,0.0,0.060000000000000005,0.0,0.01,0.0,0.04,0.04,0.0,0.0,0.01,0.0,0.0,0.01,0.08,0.0,0,0,1.0,0.0625,0,0.00015518311607697082,0,0.125,0.0,5.416975,medium,2.685,0,0,1,0,1,0,0,0,0,0,0,1,0,0,0,0,0,0,0,0,0
331,167,2,5f1f421c46a7f03dda9b337a,2020-07-27 22:35:38.512000+00:00,in master degerr,1.0,3,0.428571429,7,in master degerr,8,3,16,1,-1.0529758675321852,-0.7243674859677226,0.0,0.0,0.0,0.0,0.0,0.0,0.0,0.01,0.0,0.0,0.0,0.0,0.0,0.0,0.0,0.0,0.0,0.0,0.0,0.0,0.0,0.0,0.0,0.0,0.0,0.0,0.01,0.0,0.0,0.0,0.0,0.0,0.0,0.0,0.0,0.0,0.0,0.0,0.0,0.0,0.0,0.0,0.0,0.0,0.0,0.0,0.0,0.01,0.0,0.0,0.0,0.01,0.0,0.01,0.0,0,0,1.0,0.0,0,0.0,0,0.0,0.0,0.1488,easy,2.894,0,0,0,0,0,0,0,0,0,0,0,0,0,0,0,0,0,1,0,0,0
331,167,2,5d482ea221c9be351f761e61,2020-07-27 22:35:40.228000+00:00,he sounds like it but it seems like he is trying to help,1.0,3,0.428571429,7,"he sounds like it, but it seems like he is trying to help",9,13,56,1,-0.07349293442536971,0.3869908486676875,0.0,0.01,0.0,0.01,0.0,0.0,0.0,0.01,0.0,0.0,0.02,0.0,0.0,0.0,0.0,0.0,0.0,0.0,0.0,0.0,0.02,0.01,0.0,0.02,0.0,0.0,0.0,0.0,0.0,0.0,0.030000000000000002,0.02,0.0,0.0,0.0,0.0,0.0,0.0,0.0,0.01,0.01,0.02,0.0,0.0,0.01,0.01,0.02,0.01,0.0,0.01,0.0,0.02,0.0,0.07,0.0,0,0,0.7692307692307693,0.0,0,0.0,0,0.0,0.0,0.6447999999999999,easy,1.716,0,0,1,0,1,0,0,0,0,0,0,0,0,0,0,0,1,1,0,0,0
331,167,2,5f1f46cc46a7f03dda9b383e,2020-07-27 22:35:41.121000+00:00,i like this asshole ,1.0,3,0.428571429,7,i like this asshole ,10,4,20,1,-1.0529758675321852,-0.7243674859677226,0.0,0.0,0.0,0.0,0.0,0.0,0.0,0.0,0.0,0.0,0.0,0.0,0.010000000000000002,0.0,0.0,0.0,0.0,0.0,0.0,0.0,0.010000000000000002,0.0,0.0,0.0,0.0,0.0,0.0,0.0,0.0,0.0,0.0,0.010000000000000002,0.0,0.0,0.0,0.0,0.010000000000000002,0.010000000000000002,0.0,0.0,0.0,0.0,0.0,0.0,0.0,0.0,0.0,0.0,0.0,0.0,0.0,0.010000000000000002,0.010000000000000002,0.020000000000000004,0.0,0,0,1.0,0.25,1,0.0,0,0.0,0.0,0.1984,easy,0.893,0,0,0,0,0,0,0,0,0,0,0,1,0,0,0,0,0,1,0,0,0
331,167,2,5eaa5cead5ea945196f95232,2020-07-27 22:35:41.593000+00:00,and thats a good thing,1.0,3,0.428571429,7,and that's a good thing,11,5,22,1,-0.8570792809108222,-0.5020958190406406,0.0,0.0,0.0,0.01,0.0,0.01,0.0,0.0,0.0,0.0,0.0,0.0,0.0,0.0,0.0,0.0,0.0,0.0,0.0,0.0,0.01,0.0,0.0,0.01,0.0,0.0,0.0,0.0,0.0,0.0,0.0,0.02,0.0,0.0,0.0,0.0,0.0,0.0,0.0,0.0,0.0,0.01,0.0,0.01,0.01,0.01,0.01,0.0,0.0,0.0,0.0,0.02,0.0,0.02,0.0,0,0,1.0,0.0,0,0.0,0,0.6000000000000001,0.7,0.248,easy,0.472,0,0,0,0,0,0,0,0,0,0,0,0,0,0,0,0,1,1,0,0,0
331,167,2,5f1b553046a7f03dda9abf8c,2020-07-27 22:35:41.884000+00:00,but if he was 100 honest then i dont think he is an asshole  buthe sounds so much like an asshole,1.0,3,0.428571429,7,"but if he was 100% honest, then i don't think he is an asshole.  but...he sounds so much like an asshole",12,21,97,1,0.6121451187494011,1.1649416829124746,0.01,0.01,0.0,0.04,0.0,0.0,0.0,0.0,0.01,0.0,0.02,0.01,0.02,0.0,0.0,0.0,0.0,0.0,0.0,0.01,0.02,0.01,0.0,0.03,0.0,0.01,0.01,0.0,0.0,0.0,0.02,0.0,0.0,0.0,0.0,0.0,0.02,0.01,0.0,0.01,0.02,0.04,0.0,0.02,0.02,0.03,0.03,0.0,0.0,0.01,0.0,0.02,0.01,0.11,0.0,0,0,0.8571428571428571,0.047619047619047616,0,0.0,0,0.55,0.4,1.0415999999999999,easy,0.291,0,0,1,0,1,0,0,0,0,0,1,0,0,0,0,0,1,1,0,0,0
331,167,2,5f1f490646a7f03dda9b3bea,2020-07-27 22:35:42.626000+00:00,isnt this just the opposite of the first one,1.0,3,0.428571429,7,isn't this just the opposite of the first one,13,9,44,1,-0.4652861076680959,-0.057552485186476536,0.0,0.0,0.0,0.0,0.0,0.0,0.0,0.01,0.01,0.0,0.0,0.01,0.0,0.0,0.0,0.0,0.0,0.0,0.0,0.0,0.0,0.0,0.0,0.01,0.0,0.0,0.01,0.0,0.01,0.0,0.0,0.01,0.0,0.0,0.0,0.0,0.0,0.0,0.0,0.0,0.01,0.01,0.0,0.02,0.01,0.01,0.02,0.01,0.0,0.0,0.0,0.0,0.0,0.049999999999999996,0.0,1,0,0.8888888888888888,0.0,0,0.0,0,0.16666666666666666,0.125,0.44639999999999996,easy,0.742,0,0,0,0,0,0,0,0,0,0,0,0,0,0,0,0,0,0,0,0,0
331,167,2,5f1b553046a7f03dda9abf8c,2020-07-27 22:35:50.059000+00:00,this is the first one,1.0,3,0.428571429,7,this is the first one,14,5,21,1,-0.8570792809108222,-0.5020958190406406,0.0,0.0,0.0,0.0,0.0,0.0,0.0,0.009999999999999998,0.0,0.0,0.0,0.0,0.0,0.0,0.0,0.0,0.0,0.0,0.0,0.0,0.0,0.0,0.0,0.009999999999999998,0.0,0.0,0.009999999999999998,0.0,0.0,0.0,0.0,0.009999999999999998,0.0,0.0,0.0,0.0,0.0,0.0,0.0,0.0,0.0,0.009999999999999998,0.0,0.009999999999999998,0.0,0.009999999999999998,0.0,0.0,0.0,0.0,0.0,0.0,0.0,0.03,0.0,0,0,1.0,0.0,3,0.006369426751592357,0,0.3333333333333333,0.25,0.248,easy,7.433,0,0,0,0,0,0,0,0,0,0,0,0,0,0,0,0,0,0,0,0,0
332,168,1,5d482ea221c9be351f761dd4,2020-07-27 22:13:11.417000+00:00,no this person is not an asshole in my opinion ,0.571428571,0,0.0,7,"no, this person is not an asshole in my opinion. ",1,10,47,1,-0.4652861076680959,-0.2610202072909528,0.0,0.0,0.0,0.0,0.0,0.0,0.0,0.0,0.0,0.0,0.0,0.019999999999999997,0.009999999999999998,0.0,0.0,0.0,0.0,0.0,0.0,0.0,0.0,0.0,0.009999999999999998,0.009999999999999998,0.0,0.0,0.009999999999999998,0.0,0.0,0.0,0.009999999999999998,0.009999999999999998,0.0,0.0,0.0,0.0,0.009999999999999998,0.009999999999999998,0.0,0.009999999999999998,0.009999999999999998,0.009999999999999998,0.0,0.009999999999999998,0.009999999999999998,0.009999999999999998,0.019999999999999997,0.009999999999999998,0.0,0.0,0.0,0.0,0.009999999999999998,0.06999999999999999,0.0,0,0,1.0,0.1,0,0.0,0,0.0,0.0,0.496,easy,0.0,0,0,0,0,0,0,0,0,0,0,1,0,0,0,0,0,0,0,0,0,0
332,168,1,5f1f474446a7f03dda9b38a8,2020-07-27 22:13:22.851000+00:00,i am agree that i am not a pool,0.571428571,0,0.0,7,i am agree that i am not a pool,2,9,31,1,-0.6611826942894591,-0.4994831127172554,0.0,0.0,0.0,0.0,0.0,0.0,0.0,0.0,0.0,0.0,0.0,0.01,0.0,0.0,0.0,0.0,0.0,0.0,0.0,0.0,0.01,0.0,0.0,0.02,0.0,0.0,0.0,0.0,0.0,0.0,0.0,0.01,0.0,0.0,0.0,0.0,0.0,0.02,0.0,0.0,0.01,0.02,0.0,0.01,0.0,0.02,0.01,0.0,0.0,0.0,0.0,0.01,0.02,0.06999999999999999,0.0,0,0,0.7777777777777778,0.2222222222222222,1,0.0,0,0.0,0.0,0.44639999999999996,easy,11.434,0,0,0,0,0,0,0,0,0,0,1,1,0,0,0,0,0,0,0,0,0
332,168,1,5d482ea321c9be351f761fc8,2020-07-27 22:13:23.444000+00:00,i think that this person is an asshole ,0.571428571,0,0.0,7,i think that this person is an asshole. ,3,8,39,1,-0.6611826942894591,-0.4994831127172554,0.0,0.0,0.0,0.0,0.0,0.0,0.0,0.0,0.0,0.0,0.0,0.0,0.01,0.0,0.0,0.0,0.0,0.0,0.0,0.0,0.0,0.01,0.01,0.02,0.0,0.0,0.0,0.0,0.0,0.0,0.01,0.02,0.0,0.0,0.0,0.0,0.01,0.01,0.0,0.0,0.0,0.02,0.0,0.01,0.0,0.01,0.01,0.0,0.0,0.0,0.0,0.0,0.01,0.049999999999999996,0.0,0,0,1.0,0.125,1,0.00015518311607697082,0,0.0,0.0,0.3968,easy,0.593,0,0,1,0,1,0,0,0,0,0,0,1,0,0,0,0,0,0,0,0,0
332,168,1,5d482ea221c9be351f761e70,2020-07-27 22:13:24.756000+00:00,i dont think thats asking too much i would be annoyed if someone was calling me all the time asking for a translation,0.571428571,0,0.0,7,i don‚äôt think that‚äôs asking too much. i would be annoyed if someone was calling me all the time asking for a translation.,4,23,117,1,0.6121451187494011,1.0505257725537112,0.02,0.0,0.0,0.01,0.01,0.0,0.0,0.0,0.01,0.0,0.0,0.01,0.0,0.0,0.0,0.0,0.0,0.0,0.0,0.01,0.0,0.01,0.0,0.029999999999999995,0.01,0.01,0.01,0.0,0.0,0.0,0.04,0.02,0.0,0.0,0.0,0.0,0.01,0.029999999999999995,0.0,0.02,0.01,0.05999999999999999,0.0,0.02,0.0,0.049999999999999996,0.049999999999999996,0.01,0.0,0.0,0.0,0.01,0.029999999999999995,0.10999999999999999,0.0,0,0,0.9130434782608695,0.13043478260869565,0,0.0006587982879030706,0,0.5,-0.1,1.1408,easy,1.312,0,0,1,0,1,0,0,0,0,0,1,1,0,0,0,0,0,0,1,0,0
332,168,1,5d482ea721c9be351f762d1a,2020-07-27 22:13:31.511000+00:00,i think this person is an asshole they are trying too hard to force their opinions on others,0.571428571,0,0.0,7,"i think this person is an asshole, they are trying too hard to force their opinions on others.",5,18,92,1,0.31830023881735653,0.6928314144142574,0.0,0.0,0.0,0.0,0.0,0.0,0.0,0.01,0.01,0.0,0.0,0.0,0.01,0.0,0.0,0.0,0.0,0.0,0.0,0.0,0.0,0.01,0.01,0.03,0.0,0.0,0.01,0.0,0.0,0.0,0.03,0.02,0.0,0.0,0.0,0.01,0.01,0.01,0.01,0.0,0.0,0.03,0.0,0.01,0.0,0.02,0.02,0.02,0.0,0.01,0.0,0.0,0.01,0.1,0.0,0,0,1.0,0.05555555555555555,1,0.0005036151718260998,0,0.5416666666666666,-0.2916666666666667,0.8927999999999999,easy,6.755,0,0,1,0,1,0,0,0,0,0,0,1,0,0,0,0,0,0,1,0,0
332,168,1,5f1f474446a7f03dda9b38a8,2020-07-27 22:13:38.329000+00:00,i am not a asshole,0.571428571,0,0.0,7,i am not a asshole,6,5,18,1,-0.9550275742215037,-0.8571774708567093,0.0,0.0,0.0,0.0,0.0,0.0,0.0,0.0,0.0,0.0,0.0,0.009999999999999998,0.009999999999999998,0.0,0.0,0.0,0.0,0.0,0.0,0.0,0.0,0.0,0.0,0.009999999999999998,0.0,0.0,0.0,0.0,0.0,0.0,0.0,0.0,0.0,0.0,0.0,0.0,0.009999999999999998,0.009999999999999998,0.0,0.0,0.009999999999999998,0.009999999999999998,0.0,0.009999999999999998,0.0,0.009999999999999998,0.009999999999999998,0.0,0.0,0.0,0.0,0.009999999999999998,0.009999999999999998,0.039999999999999994,0.0,0,0,1.0,0.2,0,0.0004753880472329106,0,0.0,0.0,0.248,easy,6.818,0,0,0,0,0,0,0,0,0,0,0,1,0,0,0,0,0,0,0,0,0
332,168,1,5d482ea221c9be351f761dd4,2020-07-27 22:13:38.441000+00:00,his time is his own,0.571428571,0,0.0,7,his time is his own.,7,5,19,1,-0.8570792809108222,-0.737946018143558,0.0,0.0,0.0,0.0,0.0,0.0,0.0,0.0,0.0,0.0,0.02,0.0,0.0,0.0,0.0,0.0,0.0,0.0,0.0,0.01,0.0,0.0,0.0,0.01,0.0,0.0,0.01,0.0,0.0,0.0,0.02,0.0,0.0,0.0,0.0,0.0,0.0,0.0,0.0,0.0,0.0,0.01,0.0,0.0,0.0,0.01,0.0,0.0,0.0,0.0,0.0,0.0,0.0,0.04,0.0,0,0,0.8,0.0,0,0.0,0,1.0,0.6,0.248,easy,0.112,0,0,0,0,0,0,0,0,0,0,0,0,0,0,0,0,0,0,0,0,0
332,168,1,5d482ea321c9be351f761fc8,2020-07-27 22:13:49.770000+00:00,they arent required to help their mil every time she needs english help but hat does not make their behavior okay,0.571428571,0,0.0,7,they aren't required to help their mil every time she needs english help but hat does not make their behavior okay.,8,21,113,1,0.7100934120600827,1.1697572252668624,0.009999999999999998,0.0,0.0,0.009999999999999998,0.009999999999999998,0.0,0.0,0.009999999999999998,0.0,0.0,0.009999999999999998,0.019999999999999997,0.0,0.0,0.0,0.0,0.0,0.0,0.0,0.009999999999999998,0.009999999999999998,0.0,0.0,0.039999999999999994,0.0,0.0,0.019999999999999997,0.0,0.009999999999999998,0.0,0.05999999999999999,0.0,0.0,0.009999999999999998,0.0,0.009999999999999998,0.0,0.0,0.0,0.0,0.019999999999999997,0.039999999999999994,0.0,0.0,0.009999999999999998,0.019999999999999997,0.05999999999999999,0.009999999999999998,0.0,0.0,0.0,0.0,0.0,0.07999999999999999,0.0,0,0,0.9047619047619048,0.0,0,0.0013477088948787063,0,0.25,0.25,1.793504761904762,easy,11.329,0,0,0,0,0,0,0,0,0,0,0,0,0,0,0,0,0,0,0,0,0
332,168,1,5d482ea421c9be351f7621e3,2020-07-27 22:13:50.525000+00:00,i dont think he was in the right becuase it was not his palce to tell her this  yes his reasoning is correct but it was not his palce to tell her like that,0.571428571,0,0.0,7,"i don't think he was in the right becuase it was not his palce to tell her this.  yes his reasoning is correct, but it was not his palce to tell her like that.",9,34,155,1,1.8854729317882615,2.600534657824678,0.0,0.0,0.0,0.01,0.01,0.0,0.0,0.0,0.0,0.0,0.060000000000000005,0.030000000000000002,0.0,0.0,0.0,0.0,0.0,0.0,0.0,0.0,0.01,0.02,0.0,0.030000000000000002,0.0,0.030000000000000002,0.02,0.0,0.0,0.0,0.08,0.04,0.0,0.0,0.0,0.01,0.0,0.01,0.0,0.0,0.030000000000000002,0.060000000000000005,0.0,0.01,0.02,0.05,0.060000000000000005,0.030000000000000002,0.0,0.0,0.0,0.030000000000000002,0.01,0.22,0.0,0,0,0.7058823529411765,0.029411764705882353,5,0.0,0,0.5357142857142857,0.2857142857142857,1.6864,easy,0.755,0,0,1,0,1,0,0,0,0,0,0,1,0,0,0,0,0,1,0,0,0
332,168,1,5f1f474446a7f03dda9b38a8,2020-07-27 22:13:59.036000+00:00,i am agree that i am not a asshole,0.571428571,0,0.0,7,i am agree that i am not a asshole,10,9,34,1,-0.6611826942894591,-0.4994831127172554,0.0,0.0,0.0,0.0,0.0,0.0,0.0,0.0,0.0,0.0,0.0,0.01,0.01,0.0,0.0,0.0,0.0,0.0,0.0,0.0,0.01,0.0,0.0,0.02,0.0,0.0,0.0,0.0,0.0,0.0,0.0,0.01,0.0,0.0,0.0,0.0,0.01,0.02,0.0,0.0,0.01,0.02,0.0,0.01,0.0,0.02,0.01,0.0,0.0,0.0,0.0,0.01,0.02,0.07,0.0,0,0,0.7777777777777778,0.2222222222222222,2,0.00031036623215394165,0,0.0,0.0,0.44639999999999996,easy,8.511,0,0,0,0,0,0,0,0,0,0,1,1,0,0,0,0,0,0,0,0,0
332,168,1,5d482ea421c9be351f7621e7,2020-07-27 22:14:00.069000+00:00,hi everyone now i dont know this person so i cant speak to the racist comments but he did come off kind of contentious,0.571428571,0,0.0,7,"hi everyone! now, i don't know this person, so i can't speak to the ""racist"" comments, but he did come off kind of contentious.",11,24,118,1,0.7100934120600827,1.1697572252668624,0.0,0.01,0.0,0.02,0.0,0.01,0.0,0.0,0.02,0.0,0.01,0.02,0.0,0.0,0.0,0.0,0.0,0.0,0.0,0.0,0.01,0.01,0.01,0.04,0.0,0.01,0.03,0.0,0.0,0.0,0.06,0.02,0.0,0.0,0.0,0.0,0.0,0.02,0.0,0.01,0.01,0.049999999999999996,0.0,0.01,0.02,0.03,0.04,0.03,0.0,0.01,0.0,0.0,0.02,0.12,0.01,0,0,0.9583333333333334,0.125,0,0.00031036623215394165,1,0.9,0.6,1.1904,easy,1.033,0,0,0,0,0,0,0,0,0,0,1,0,0,0,1,0,1,0,1,0,0
332,168,1,5d482ea221c9be351f761e70,2020-07-27 22:14:04.290000+00:00,if he took the time to learn spanish they should try to learn english,0.571428571,0,0.0,7,if he took the time to learn spanish they should try to learn english.,12,14,69,1,0.024455358885311848,0.33513705627480356,0.02,0.0,0.0,0.01,0.0,0.0,0.0,0.01,0.0,0.0,0.01,0.0,0.0,0.0,0.0,0.0,0.0,0.0,0.0,0.0,0.0,0.02,0.0,0.01,0.01,0.01,0.02,0.0,0.0,0.0,0.02,0.0,0.0,0.02,0.0,0.0,0.0,0.0,0.0,0.01,0.01,0.029999999999999995,0.0,0.01,0.0,0.01,0.04,0.02,0.0,0.0,0.0,0.0,0.0,0.06999999999999999,0.0,0,0,0.8571428571428571,0.0,4,0.0,0,0.0,0.0,0.6944,easy,4.221,0,0,1,0,0,0,0,0,0,0,0,0,0,0,0,0,0,0,0,0,0
332,168,1,5f1f474446a7f03dda9b38a8,2020-07-27 22:14:09.384000+00:00,i am goo,0.571428571,0,0.0,7,i am goo,13,3,8,1,-1.1509241608428669,-1.0956403762830118,0.0,0.0,0.0,0.0,0.0,0.0,0.0,0.0,0.0,0.0,0.0,0.0,0.0,0.0,0.0,0.0,0.0,0.0,0.0,0.0,0.0,0.0,0.0,0.01,0.0,0.0,0.0,0.0,0.0,0.0,0.0,0.0,0.0,0.0,0.0,0.0,0.0,0.01,0.0,0.0,0.0,0.01,0.0,0.0,0.0,0.01,0.0,0.0,0.0,0.0,0.0,0.0,0.01,0.02,0.0,0,0,1.0,0.3333333333333333,0,0.0,0,0.0,0.0,0.1488,easy,5.094,0,0,0,0,0,0,0,0,0,0,0,1,0,0,0,0,0,0,0,0,0
332,168,1,5d482ea721c9be351f762d1a,2020-07-27 22:14:14.372000+00:00,i think that if the way those people chose to live their lives bothers him then he should consider making changes with who he spends his time with ,0.571428571,0,0.0,7,i think that if the way those people chose to live their lives bothers him then he should consider making changes with who he spends his time with. ,14,28,147,1,1.2977831719241721,1.88514594154577,0.02,0.0,0.0,0.02,0.0,0.02,0.0,0.0,0.0,0.0,0.04,0.0,0.0,0.0,0.0,0.0,0.0,0.0,0.0,0.0,0.0,0.02,0.01,0.01,0.01,0.0,0.04,0.0,0.0,0.0,0.06999999999999999,0.029999999999999995,0.0,0.0,0.01,0.02,0.01,0.01,0.0,0.01,0.01,0.02,0.0,0.01,0.0,0.01,0.08,0.029999999999999995,0.0,0.0,0.0,0.0,0.01,0.16,0.0,0,0,0.9285714285714286,0.03571428571428571,0,0.00015518311607697082,0,0.5,0.13636363636363635,1.3888,easy,4.988,0,0,1,0,1,0,0,0,0,0,0,1,0,0,0,0,0,0,1,0,0
332,168,1,5d482ea221c9be351f761dd4,2020-07-27 22:14:19.846000+00:00,the wife should be helping her own mother,0.571428571,0,0.0,7,the wife should be helping her own mother.,15,8,41,1,-0.5632344009787775,-0.3802516600041041,0.01,0.0,0.0,0.0,0.0,0.0,0.0,0.0,0.0,0.0,0.01,0.0,0.0,0.0,0.0,0.0,0.0,0.02,0.0,0.01,0.01,0.0,0.0,0.0,0.01,0.0,0.0,0.0,0.0,0.0,0.04,0.0,0.0,0.0,0.0,0.0,0.0,0.0,0.0,0.0,0.0,0.02,0.0,0.01,0.0,0.02,0.01,0.0,0.0,0.0,0.0,0.01,0.0,0.049999999999999996,0.0,0,0,1.0,0.0,2,0.0,0,1.0,0.6,0.3968,easy,5.474,0,0,1,0,0,0,0,0,0,0,0,0,0,0,0,0,0,1,0,0,0
332,168,1,5f1f474446a7f03dda9b38a8,2020-07-27 22:14:25.887000+00:00,i am a native speaker,0.571428571,0,0.0,7,i am a native speaker,16,5,21,1,-0.9550275742215037,-0.8571774708567093,0.0,0.009999999999999998,0.0,0.0,0.0,0.0,0.0,0.0,0.0,0.0,0.0,0.0,0.0,0.0,0.0,0.0,0.0,0.0,0.0,0.0,0.0,0.0,0.0,0.009999999999999998,0.0,0.0,0.0,0.0,0.0,0.0,0.0,0.0,0.0,0.0,0.0,0.0,0.0,0.009999999999999998,0.0,0.0,0.0,0.009999999999999998,0.0,0.009999999999999998,0.0,0.009999999999999998,0.0,0.0,0.0,0.009999999999999998,0.0,0.009999999999999998,0.009999999999999998,0.03,0.0,0,0,1.0,0.2,0,0.0,0,0.0,0.0,0.248,easy,6.041,0,0,0,0,0,0,0,0,0,0,0,1,0,0,0,0,0,0,0,0,0
332,168,1,5d482ea321c9be351f761fc8,2020-07-27 22:14:34.341000+00:00,the racism implication comes from the fact that he is more likely to have time and resources to be able to self teach three languages than his mil,0.571428571,0,0.0,7,the racism implication comes from the fact that he is more likely to have time and resources to be able to self teach three languages than his mil.,17,28,146,1,1.3957314652348536,2.0043773942589214,0.0,0.0,0.0,0.009999999999999998,0.009999999999999998,0.009999999999999998,0.0,0.009999999999999998,0.0,0.0,0.019999999999999997,0.0,0.0,0.0,0.0,0.0,0.0,0.0,0.0,0.009999999999999998,0.0,0.0,0.009999999999999998,0.03,0.0,0.0,0.019999999999999997,0.0,0.0,0.0,0.039999999999999994,0.009999999999999998,0.0,0.019999999999999997,0.0,0.009999999999999998,0.0,0.0,0.0,0.009999999999999998,0.0,0.039999999999999994,0.0,0.019999999999999997,0.009999999999999998,0.03,0.039999999999999994,0.049999999999999996,0.0,0.0,0.0,0.0,0.0,0.15,0.0,0,0,0.8928571428571429,0.0,0,0.0,0,0.7083333333333334,0.3333333333333333,1.9527285714285716,easy,8.454,0,0,1,0,0,0,0,0,0,0,0,0,0,0,0,0,0,0,1,0,0
332,168,1,5d482ea721c9be351f762d1a,2020-07-27 22:14:40.831000+00:00,you cant force your opinions on others  maybe those other people arent as intelligent as he is and they cant easily learn a new language,0.571428571,0,0.0,7,you can't force your opinions on others.  maybe those other people aren't as intelligent as he is and they can't easily learn a new language.,18,25,136,1,1.101886585302809,1.6466830361194675,0.0,0.0,0.0,0.030000000000000006,0.0,0.01,0.0,0.0,0.01,0.0,0.01,0.030000000000000006,0.0,0.0,0.0,0.0,0.0,0.0,0.0,0.0,0.02,0.01,0.01,0.04,0.0,0.0,0.02,0.0,0.0,0.0,0.06000000000000001,0.030000000000000006,0.0,0.01,0.0,0.01,0.0,0.0,0.0,0.01,0.0,0.04,0.0,0.01,0.01,0.04,0.04,0.030000000000000006,0.0,0.0,0.02,0.02,0.0,0.12000000000000002,0.01,0,0,0.92,0.0,3,0.0,1,0.640719696969697,0.3111742424242424,1.8716,easy,6.49,0,0,1,0,0,0,0,0,0,0,0,0,1,1,0,0,0,1,0,0,0
332,168,1,5f1f474446a7f03dda9b38a8,2020-07-27 22:14:51.239000+00:00,my mother is a good person,0.571428571,0,0.0,7,my mother is a good person,19,6,26,1,-0.7591309876001406,-0.6187145654304067,0.0,0.0,0.0,0.0,0.0,0.0,0.0,0.0,0.0,0.0,0.0,0.0,0.0,0.0,0.0,0.0,0.0,0.01,0.0,0.0,0.01,0.0,0.01,0.01,0.0,0.0,0.0,0.0,0.0,0.0,0.02,0.0,0.0,0.0,0.0,0.0,0.0,0.01,0.0,0.0,0.0,0.01,0.0,0.01,0.0,0.01,0.0,0.0,0.0,0.0,0.0,0.02,0.01,0.030000000000000002,0.0,0,0,1.0,0.0,2,0.0,0,0.6000000000000001,0.7,0.2976,easy,10.408,0,0,0,0,0,0,0,0,0,0,0,1,0,0,0,0,0,1,0,0,0
333,168,2,5f1f474446a7f03dda9b38a8,2020-07-27 22:27:55.530000+00:00,i am not a asshole,0.571428571,0,0.0,7,i am not a asshole,1,5,18,1,-0.9550275742215037,-0.924287985183119,0.0,0.0,0.0,0.0,0.0,0.0,0.0,0.0,0.0,0.0,0.0,0.009999999999999998,0.009999999999999998,0.0,0.0,0.0,0.0,0.0,0.0,0.0,0.0,0.0,0.0,0.009999999999999998,0.0,0.0,0.0,0.0,0.0,0.0,0.0,0.0,0.0,0.0,0.0,0.0,0.009999999999999998,0.009999999999999998,0.0,0.0,0.009999999999999998,0.009999999999999998,0.0,0.009999999999999998,0.0,0.009999999999999998,0.009999999999999998,0.0,0.0,0.0,0.0,0.009999999999999998,0.009999999999999998,0.039999999999999994,0.0,0,0,1.0,0.2,0,0.0,0,0.0,0.0,0.248,easy,0.0,0,0,0,0,0,0,0,0,0,0,0,1,0,0,0,0,0,0,0,0,0
333,168,2,5d482ea421c9be351f7621e3,2020-07-27 22:28:04.468000+00:00,my initial thought is that shes not really an asshole  ,0.571428571,0,0.0,7,my initial thought is that shes not really an asshole.  ,2,10,55,1,-0.36733781435741436,-0.18282619487138624,0.0,0.0,0.0,0.0,0.0,0.0,0.0,0.0,0.01,0.0,0.01,0.01,0.01,0.0,0.0,0.0,0.0,0.0,0.0,0.0,0.0,0.01,0.0,0.02,0.0,0.01,0.01,0.0,0.0,0.0,0.01,0.01,0.0,0.0,0.0,0.0,0.01,0.01,0.0,0.0,0.02,0.030000000000000002,0.0,0.01,0.01,0.02,0.030000000000000002,0.0,0.0,0.0,0.0,0.0,0.01,0.05,0.0,0,0,1.0,0.0,1,0.0003202049311559398,0,0.1,-0.05,0.496,easy,8.938,0,0,1,0,0,1,0,0,0,0,0,1,0,0,0,0,0,0,0,0,0
333,168,2,5d482ea221c9be351f761e70,2020-07-27 22:28:12.090000+00:00,i think its kinda rude to make fun of someone and then ask them to be a translator for your mother ,0.571428571,0,0.0,7,i think it‚äôs kinda rude to make fun of someone and then ask them to be a translator for your mother ,3,21,99,1,0.6121451187494011,1.0529434556481685,0.0,0.0,0.0,0.02,0.0,0.01,0.0,0.0,0.0,0.0,0.0,0.0,0.0,0.0,0.0,0.0,0.0,0.01,0.01,0.0,0.01,0.01,0.0,0.03,0.0,0.0,0.01,0.0,0.0,0.0,0.049999999999999996,0.02,0.0,0.0,0.0,0.01,0.01,0.01,0.0,0.02,0.0,0.04,0.0,0.01,0.01,0.01,0.049999999999999996,0.04,0.0,0.0,0.01,0.02,0.01,0.12,0.0,0,0,0.9523809523809523,0.047619047619047616,0,0.0,0,0.4,0.0,1.0415999999999999,easy,7.622,0,0,1,0,1,0,0,0,0,0,0,1,1,0,0,0,0,1,1,0,0
333,168,2,5d482ea721c9be351f762d1a,2020-07-27 22:28:17.094000+00:00,i feel this person was very kind about how they handled things they didnt expect anything at all they are definitely not an asshole ,0.571428571,0,0.0,7,i feel this person was very kind about how they handled things. they didn't expect anything at all. they are definitely not an asshole. ,4,24,132,1,0.9059899986814458,1.4236743508040348,0.01,0.0,0.0,0.01,0.02,0.0,0.0,0.0,0.04,0.0,0.0,0.02,0.01,0.0,0.0,0.0,0.0,0.0,0.0,0.0,0.02,0.01,0.01,0.02,0.0,0.02,0.01,0.0,0.0,0.0,0.04,0.030000000000000002,0.0,0.0,0.0,0.01,0.01,0.01,0.01,0.01,0.01,0.04,0.0,0.01,0.0,0.030000000000000002,0.07,0.02,0.0,0.01,0.0,0.0,0.01,0.14,0.0,0,0,0.9166666666666666,0.041666666666666664,0,0.00015518311607697082,0,0.75,0.39,1.1904,easy,5.004,0,0,1,0,1,0,0,0,0,0,0,1,0,0,0,0,0,0,0,0,0
333,168,2,5d482ea221c9be351f761dd4,2020-07-27 22:28:20.555000+00:00,she is rude,0.571428571,0,0.0,7,she is rude.,5,3,11,1,-1.0529758675321852,-1.0478649502350745,0.0,0.0,0.0,0.0,0.0,0.0,0.0,0.0,0.0,0.0,0.01,0.0,0.0,0.0,0.0,0.0,0.0,0.0,0.01,0.0,0.0,0.0,0.0,0.01,0.0,0.0,0.0,0.0,0.0,0.0,0.01,0.0,0.0,0.0,0.0,0.0,0.01,0.0,0.0,0.0,0.0,0.01,0.0,0.0,0.0,0.01,0.0,0.0,0.0,0.0,0.0,0.0,0.0,0.02,0.0,0,0,1.0,0.0,0,0.0,0,0.6,-0.3,0.1488,easy,3.461,0,0,0,0,0,0,0,0,0,0,0,0,0,0,0,0,0,0,1,0,0
333,168,2,5f1f474446a7f03dda9b38a8,2020-07-27 22:28:35.480000+00:00,i agree that i am not a asshole,0.571428571,0,0.0,7,i agree that i am not a asshole,6,8,31,1,-0.7591309876001406,-0.6771340550792081,0.0,0.0,0.0,0.0,0.0,0.0,0.0,0.0,0.0,0.0,0.0,0.01,0.01,0.0,0.0,0.0,0.0,0.0,0.0,0.0,0.01,0.0,0.0,0.01,0.0,0.0,0.0,0.0,0.0,0.0,0.0,0.01,0.0,0.0,0.0,0.0,0.01,0.02,0.0,0.0,0.01,0.01,0.0,0.01,0.0,0.01,0.01,0.0,0.0,0.0,0.0,0.01,0.02,0.06,0.0,0,0,0.875,0.25,0,0.0,0,0.0,0.0,0.3968,easy,14.925,0,0,0,0,0,0,0,0,0,0,1,1,0,0,0,0,0,0,0,0,0
333,168,2,5d482ea421c9be351f7621e3,2020-07-27 22:28:44.194000+00:00,however i think she is a bit of an asshole for assuming that he has nothing better he wants to do with his time than help her mother,0.571428571,0,0.0,7,"however, i think she is a bit of an asshole for assuming that he has nothing better he wants to do with his time than help her mother",7,28,132,1,1.2977831719241721,1.9179822110118567,0.01,0.0,0.0,0.01,0.0,0.01,0.0,0.01,0.01,0.0,0.05,0.01,0.01,0.0,0.0,0.0,0.0,0.01,0.0,0.01,0.01,0.02,0.0,0.05,0.0,0.0,0.01,0.0,0.0,0.0,0.07,0.01,0.0,0.0,0.0,0.0,0.01,0.01,0.0,0.01,0.0,0.05,0.0,0.02,0.0,0.030000000000000002,0.04,0.05,0.0,0.0,0.0,0.02,0.01,0.17,0.0,0,0,0.9642857142857143,0.03571428571428571,2,0.0004753880472329106,0,0.3,0.35,1.3888,easy,8.714,0,0,1,0,1,0,0,0,0,0,1,0,0,0,0,0,0,1,0,0,0
333,168,2,5f1f474446a7f03dda9b38a8,2020-07-27 22:28:52.051000+00:00,i was good person,0.571428571,0,0.0,7,i was good person,8,4,17,1,-1.0529758675321852,-1.0478649502350745,0.0,0.0,0.0,0.0,0.0,0.0,0.0,0.0,0.0,0.0,0.0,0.0,0.0,0.0,0.0,0.0,0.0,0.0,0.0,0.0,0.01,0.0,0.01,0.0,0.0,0.01,0.0,0.0,0.0,0.0,0.01,0.0,0.0,0.0,0.0,0.0,0.0,0.01,0.0,0.0,0.0,0.01,0.0,0.0,0.0,0.01,0.0,0.0,0.0,0.0,0.0,0.01,0.01,0.02,0.0,0,0,1.0,0.25,0,0.00015518311607697082,0,0.6000000000000001,0.7,0.1984,easy,7.857,0,0,0,0,0,0,0,0,0,0,0,1,0,0,0,0,0,1,0,0,0
333,168,2,5d482ea421c9be351f7621e7,2020-07-27 22:28:52.682000+00:00,shes not the asshole every partnership comes with annoying tasks that you pick up for the other,0.571428571,0,0.0,7,she's not the asshole. every partnership comes with annoying tasks that you pick up for the other.,9,17,95,1,0.31830023881735653,0.6822125604923021,0.0,0.0,0.0,0.0,0.009999999999999998,0.009999999999999998,0.0,0.0,0.0,0.0,0.009999999999999998,0.009999999999999998,0.009999999999999998,0.0,0.0,0.0,0.0,0.0,0.0,0.009999999999999998,0.0,0.0,0.009999999999999998,0.019999999999999997,0.0,0.0,0.019999999999999997,0.0,0.0,0.0,0.03,0.019999999999999997,0.0,0.0,0.0,0.009999999999999998,0.019999999999999997,0.0,0.0,0.0,0.009999999999999998,0.019999999999999997,0.009999999999999998,0.019999999999999997,0.0,0.009999999999999998,0.039999999999999994,0.03,0.0,0.0,0.009999999999999998,0.0,0.0,0.09,0.0,0,0,0.9411764705882353,0.0,0,0.0,0,0.6375,-0.4625,0.8432,easy,0.631,0,0,0,0,0,0,0,0,0,0,0,0,1,0,0,0,0,0,1,0,0
333,168,2,5d482ea421c9be351f7621e3,2020-07-27 22:28:53.694000+00:00,yes theyre married,0.571428571,0,0.0,7,yes they're married,10,3,18,1,-1.0529758675321852,-1.0478649502350745,0.0,0.0,0.0,0.0,0.0,0.0,0.0,0.0,0.0,0.0,0.0,0.0,0.0,0.0,0.0,0.0,0.0,0.009999999999999998,0.0,0.0,0.0,0.0,0.0,0.009999999999999998,0.0,0.0,0.0,0.0,0.0,0.0,0.019999999999999997,0.0,0.0,0.0,0.0,0.0,0.0,0.0,0.0,0.0,0.0,0.009999999999999998,0.0,0.0,0.009999999999999998,0.009999999999999998,0.0,0.0,0.0,0.0,0.0,0.0,0.0,0.0,0.0,0,0,1.0,0.0,0,0.0,0,0.25,0.25,0.1488,easy,1.012,0,0,0,0,0,0,0,0,0,0,0,0,0,0,0,0,0,0,0,0,0
333,168,2,5d482ea221c9be351f761e70,2020-07-27 22:28:56.294000+00:00,i would translate for my mother and not expect my husband to do that ,0.571428571,0,0.0,7,i would translate for my mother and not expect my husband to do that ,11,14,69,1,-0.2693895210467328,-0.059249229819430774,0.02,0.0,0.0,0.01,0.0,0.01,0.0,0.0,0.0,0.0,0.0,0.01,0.0,0.0,0.0,0.0,0.0,0.02,0.0,0.0,0.0,0.0,0.0,0.01,0.01,0.0,0.0,0.0,0.0,0.0,0.02,0.01,0.0,0.0,0.0,0.0,0.0,0.029999999999999995,0.0,0.0,0.01,0.02,0.0,0.0,0.01,0.02,0.04,0.02,0.0,0.0,0.0,0.0,0.029999999999999995,0.09,0.0,0,0,0.9285714285714286,0.21428571428571427,0,0.0,0,0.0,0.0,0.6944,easy,2.6,0,0,0,0,0,0,0,0,0,0,1,1,0,0,0,0,0,0,0,0,0
333,168,2,5d482ea221c9be351f761dd4,2020-07-27 22:28:56.979000+00:00,she is a bit of an asshole i agree,0.571428571,0,0.0,7,"she is a bit of an asshole, i agree.",12,9,34,1,-0.5632344009787775,-0.42998012497529714,0.0,0.0,0.0,0.0,0.0,0.0,0.0,0.0,0.0,0.0,0.01,0.0,0.01,0.0,0.0,0.0,0.0,0.0,0.0,0.01,0.01,0.0,0.0,0.01,0.0,0.0,0.0,0.0,0.0,0.0,0.01,0.0,0.0,0.0,0.0,0.0,0.01,0.01,0.0,0.0,0.0,0.01,0.0,0.02,0.0,0.01,0.0,0.01,0.0,0.0,0.0,0.01,0.01,0.06000000000000001,0.0,0,0,1.0,0.1111111111111111,0,0.00015518311607697082,0,0.0,0.0,0.44639999999999996,easy,0.685,0,0,0,0,0,0,0,0,0,0,1,0,0,0,0,0,0,0,0,0,0
333,168,2,5d482ea321c9be351f761fc8,2020-07-27 22:29:04.962000+00:00,i dont think the op is necessarily an asshole but i dont think they are being entirely fair to their husband either,0.571428571,0,0.0,7,i don't think the op is necessarily an asshole but i don't think they are being entirely fair to their husband either.,13,22,115,1,0.6121451187494011,1.0529434556481685,0.0,0.0,0.0,0.01,0.02,0.0,0.0,0.0,0.0,0.0,0.0,0.02,0.01,0.0,0.0,0.0,0.0,0.01,0.0,0.02,0.0,0.02,0.0,0.05999999999999999,0.0,0.0,0.0,0.0,0.0,0.0,0.029999999999999995,0.0,0.0,0.0,0.0,0.0,0.01,0.02,0.0,0.0,0.02,0.06999999999999999,0.0,0.02,0.01,0.049999999999999996,0.05999999999999999,0.01,0.0,0.0,0.0,0.01,0.02,0.11,0.0,0,0,0.8636363636363636,0.09090909090909091,2,0.0006305711633098814,0,0.95,0.35,1.808927272727273,easy,7.983,0,0,1,0,1,0,0,0,0,0,1,1,0,0,0,0,0,1,0,0,0
333,168,2,5d482ea421c9be351f7621e3,2020-07-27 22:29:05.034000+00:00,but that doesnt mean he is the families slave from here on out,0.571428571,0,0.0,7,but that doesn't mean he is the families slave from here on out.,14,13,62,1,-0.07349293442536971,0.18790470028448014,0.0,0.0,0.01,0.01,0.0,0.01,0.0,0.0,0.01,0.0,0.01,0.01,0.0,0.0,0.0,0.0,0.0,0.01,0.0,0.0,0.0,0.01,0.0,0.03,0.0,0.0,0.02,0.0,0.0,0.0,0.02,0.01,0.0,0.0,0.0,0.0,0.0,0.0,0.0,0.0,0.01,0.03,0.0,0.01,0.01,0.02,0.03,0.03,0.0,0.0,0.0,0.0,0.0,0.09000000000000001,0.0,0,0,1.0,0.0,3,0.0,0,0.6875,-0.3125,0.6447999999999999,easy,0.072,0,0,0,0,0,0,0,0,0,0,0,0,0,0,0,0,1,0,1,0,0
333,168,2,5f1f474446a7f03dda9b38a8,2020-07-27 22:29:08.025000+00:00,i am not a asshole,0.571428571,0,0.0,7,i am not a asshole,15,5,18,1,-0.9550275742215037,-0.924287985183119,0.0,0.0,0.0,0.0,0.0,0.0,0.0,0.0,0.0,0.0,0.0,0.009999999999999998,0.009999999999999998,0.0,0.0,0.0,0.0,0.0,0.0,0.0,0.0,0.0,0.0,0.009999999999999998,0.0,0.0,0.0,0.0,0.0,0.0,0.0,0.0,0.0,0.0,0.0,0.0,0.009999999999999998,0.009999999999999998,0.0,0.0,0.009999999999999998,0.009999999999999998,0.0,0.009999999999999998,0.0,0.009999999999999998,0.009999999999999998,0.0,0.0,0.0,0.0,0.009999999999999998,0.009999999999999998,0.039999999999999994,0.0,0,0,1.0,0.2,0,0.0,0,0.0,0.0,0.248,easy,2.991,0,0,0,0,0,0,0,0,0,0,0,1,0,0,0,0,0,0,0,0,0
333,168,2,5d482ea321c9be351f762092,2020-07-27 22:29:11.840000+00:00,i think shes the asshole because she is demanding that her husband take time to translate,0.571428571,0,0.0,7,i think she's the asshole because she is demanding that her husband take time to translate,16,16,89,1,0.1224036521959934,0.4350586303883911,0.0,0.0,0.0,0.01,0.0,0.0,0.0,0.0,0.0,0.0,0.03,0.0,0.01,0.0,0.0,0.0,0.0,0.01,0.0,0.0,0.0,0.01,0.0,0.04,0.0,0.0,0.01,0.0,0.0,0.0,0.04,0.01,0.0,0.0,0.0,0.01,0.01,0.01,0.0,0.0,0.0,0.04,0.0,0.01,0.01,0.02,0.02,0.01,0.0,0.0,0.0,0.0,0.01,0.08,0.0,0,0,1.0,0.0625,0,0.0004753880472329106,0,0.0,0.0,0.7936,easy,3.815,0,0,1,0,1,0,0,0,0,0,0,1,0,0,0,0,0,0,0,0,0
333,168,2,5d482ea721c9be351f762d1a,2020-07-27 22:29:12.218000+00:00,i feel like she didnt ask him to do anything out of the ordinary his reaction if anything made him an asshole but she was definitely not an asshole ,0.571428571,0,0.0,7,"i feel like she didn't ask him to do anything out of the ordinary. his reaction if anything made him an asshole, but she was definitely not an asshole. ",17,29,148,1,1.3957314652348536,2.041559176063812,0.01,0.0,0.0,0.02,0.01,0.01,0.0,0.0,0.01,0.0,0.05,0.02,0.02,0.0,0.0,0.0,0.0,0.0,0.0,0.0,0.02,0.01,0.0,0.030000000000000002,0.0,0.030000000000000002,0.01,0.0,0.0,0.0,0.060000000000000005,0.02,0.0,0.0,0.0,0.02,0.02,0.01,0.01,0.030000000000000002,0.030000000000000002,0.060000000000000005,0.0,0.030000000000000002,0.01,0.030000000000000002,0.1,0.030000000000000002,0.0,0.01,0.0,0.01,0.01,0.17,0.0,0,0,0.8275862068965517,0.034482758620689655,4,0.0007955929783888503,0,0.5,-0.125,1.4384,easy,0.378,0,0,1,0,1,0,0,0,0,0,0,1,0,0,0,0,0,1,0,0,0
333,168,2,5d482ea221c9be351f761dd4,2020-07-27 22:29:21.452000+00:00,she doesnt respect him because she does not value his time  people who dont value other peoples time are selfish,0.571428571,0,0.0,7,she doesn't respect him because she does not value his time.  people who don't value other people's time are selfish.,18,20,112,1,0.6121451187494011,1.0529434556481685,0.0,0.0,0.0,0.01,0.0,0.0,0.0,0.0,0.0,0.0,0.04,0.030000000000000002,0.0,0.0,0.0,0.0,0.0,0.0,0.01,0.0,0.030000000000000002,0.0,0.02,0.04,0.0,0.0,0.02,0.0,0.0,0.0,0.07,0.02,0.0,0.0,0.02,0.01,0.0,0.0,0.0,0.0,0.01,0.04,0.0,0.0,0.01,0.04,0.02,0.0,0.0,0.0,0.0,0.01,0.0,0.1,0.0,0,0,0.85,0.0,5,0.0,0,0.6875,-0.3125,0.992,easy,9.234,0,0,0,0,0,0,0,0,0,0,0,0,0,0,0,0,0,1,1,0,0
333,168,2,5f1f474446a7f03dda9b38a8,2020-07-27 22:29:37.784000+00:00,i a not a asshole,0.571428571,0,0.0,7,i a not a asshole,19,5,17,1,-0.9550275742215037,-0.924287985183119,0.0,0.0,0.0,0.0,0.0,0.0,0.0,0.0,0.0,0.0,0.0,0.01,0.01,0.0,0.0,0.0,0.0,0.0,0.0,0.0,0.0,0.0,0.0,0.0,0.0,0.0,0.0,0.0,0.0,0.0,0.0,0.0,0.0,0.0,0.0,0.0,0.01,0.01,0.0,0.0,0.01,0.0,0.0,0.02,0.0,0.0,0.01,0.0,0.0,0.0,0.0,0.02,0.01,0.04,0.0,0,0,0.8,0.2,1,0.0,0,0.0,0.0,0.248,easy,16.332,0,0,0,0,0,0,0,0,0,0,0,1,0,0,0,0,0,0,0,0,0
334,169,2,5f1f3fec46a7f03dda9b3179,2020-07-27 22:19:03.432000+00:00,i agree,1.0,1,0.25,4,i agree,1,2,7,1,-1.2488724541535483,-1.0662887535424443,0.0,0.0,0.0,0.0,0.0,0.0,0.0,0.0,0.0,0.0,0.0,0.0,0.0,0.0,0.0,0.0,0.0,0.0,0.0,0.0,0.01,0.0,0.0,0.0,0.0,0.0,0.0,0.0,0.0,0.0,0.0,0.0,0.0,0.0,0.0,0.0,0.0,0.01,0.0,0.0,0.0,0.0,0.0,0.0,0.0,0.0,0.0,0.0,0.0,0.0,0.0,0.0,0.01,0.01,0.0,0,0,1.0,0.5,0,0.0,0,0.0,0.0,0.0992,easy,0.0,0,0,0,0,0,0,0,0,0,0,0,1,0,0,0,0,0,0,0,0,0
334,169,2,5d482ea521c9be351f762481,2020-07-27 22:19:05.464000+00:00,so this is a tough one yes she isno she isnt,1.0,1,0.25,4,"so this is a tough one, yes she is/no she isn't.",2,11,44,1,-0.2693895210467328,0.7289933315035079,0.0,0.0,0.0,0.01,0.0,0.0,0.0,0.0,0.01,0.0,0.02,0.01,0.0,0.0,0.0,0.0,0.0,0.0,0.0,0.0,0.0,0.0,0.0,0.02,0.0,0.0,0.0,0.0,0.0,0.0,0.02,0.01,0.0,0.0,0.0,0.0,0.0,0.0,0.0,0.0,0.0,0.02,0.0,0.01,0.02,0.02,0.0,0.0,0.0,0.0,0.0,0.02,0.0,0.06,0.0,0,0,0.9090909090909091,0.0,0,0.0,0,0.8333333333333334,-0.3888888888888889,0.5456,easy,2.032,0,0,0,0,0,0,0,0,0,0,0,0,0,0,0,0,1,1,0,0,0
334,169,2,5f1f400046a7f03dda9b317d,2020-07-27 22:19:06.686000+00:00,i agree,1.0,1,0.25,4,i agree,3,2,7,1,-1.2488724541535483,-1.0662887535424443,0.0,0.0,0.0,0.0,0.0,0.0,0.0,0.0,0.0,0.0,0.0,0.0,0.0,0.0,0.0,0.0,0.0,0.0,0.0,0.0,0.01,0.0,0.0,0.0,0.0,0.0,0.0,0.0,0.0,0.0,0.0,0.0,0.0,0.0,0.0,0.0,0.0,0.01,0.0,0.0,0.0,0.0,0.0,0.0,0.0,0.0,0.0,0.0,0.0,0.0,0.0,0.0,0.01,0.01,0.0,0,0,1.0,0.5,0,0.0,0,0.0,0.0,0.0992,easy,1.222,0,0,0,0,0,0,0,0,0,0,0,1,0,0,0,0,0,0,0,0,0
334,169,2,5f1f3fec46a7f03dda9b3179,2020-07-27 22:19:16.864000+00:00,i am not ashoole,1.0,1,0.25,4,i am not ashoole,4,4,16,1,-1.0529758675321852,-0.707232336533254,0.0,0.0,0.0,0.0,0.0,0.0,0.0,0.0,0.0,0.0,0.0,0.01,0.0,0.0,0.0,0.0,0.0,0.0,0.0,0.0,0.0,0.0,0.0,0.01,0.0,0.0,0.0,0.0,0.0,0.0,0.0,0.0,0.0,0.0,0.0,0.0,0.0,0.01,0.0,0.0,0.01,0.01,0.0,0.0,0.0,0.01,0.01,0.0,0.0,0.0,0.0,0.0,0.01,0.03,0.0,0,0,1.0,0.25,0,0.00015518311607697082,0,0.0,0.0,0.1984,easy,10.178,0,0,0,0,0,0,0,0,0,0,0,1,0,0,0,0,0,0,0,0,0
334,169,2,5f1f458246a7f03dda9b376c,2020-07-27 22:19:23.703000+00:00,i believe the writer should t force her husband to help his mother with translating ,1.0,1,0.25,4,i believe the writer should 't force her husband to help his mother with translating. ,5,15,84,1,0.024455358885311848,1.2675779570172936,0.009999999999999998,0.0,0.0,0.0,0.0,0.009999999999999998,0.0,0.0,0.0,0.0,0.019999999999999997,0.0,0.0,0.0,0.0,0.0,0.0,0.019999999999999997,0.0,0.0,0.0,0.009999999999999998,0.0,0.009999999999999998,0.009999999999999998,0.0,0.0,0.0,0.0,0.0,0.049999999999999996,0.0,0.0,0.0,0.0,0.009999999999999998,0.0,0.009999999999999998,0.0,0.0,0.0,0.019999999999999997,0.0,0.009999999999999998,0.0,0.009999999999999998,0.039999999999999994,0.019999999999999997,0.0,0.0,0.0,0.0,0.009999999999999998,0.07999999999999999,0.0,0,0,1.0,0.06666666666666667,0,0.00015518311607697082,0,0.0,0.0,0.744,easy,6.839,0,0,1,0,0,0,0,0,0,0,0,1,0,0,0,0,0,0,0,0,0
334,169,2,5f1f3fec46a7f03dda9b3179,2020-07-27 22:19:26.299000+00:00,yes,1.0,1,0.25,4,yes,6,1,3,1,-1.2488724541535483,-1.0662887535424443,0.0,0.0,0.0,0.0,0.0,0.0,0.0,0.0,0.0,0.0,0.0,0.0,0.0,0.0,0.0,0.0,0.0,0.0,0.0,0.0,0.0,0.0,0.0,0.0,0.0,0.0,0.0,0.0,0.0,0.0,0.0,0.0,0.0,0.0,0.0,0.0,0.0,0.0,0.0,0.0,0.0,0.0,0.0,0.0,0.009999999999999998,0.0,0.0,0.0,0.0,0.0,0.0,0.0,0.0,0.0,0.0,0,0,1.0,0.0,0,0.0,0,0.0,0.0,0.0496,easy,2.596,0,0,0,0,0,0,0,0,0,0,0,0,0,0,0,0,0,0,0,0,0
334,169,2,5f1f43d446a7f03dda9b3504,2020-07-27 22:19:27.088000+00:00,translating every once in a while for your mother in law isnt a big deal,1.0,1,0.25,4,translating every once in a while for your mother in law isn't a big deal.,7,15,72,1,0.1224036521959934,1.4471061655218889,0.0,0.0,0.0,0.009999999999999998,0.009999999999999998,0.0,0.0,0.0,0.0,0.0,0.0,0.009999999999999998,0.0,0.0,0.0,0.0,0.0,0.009999999999999998,0.0,0.009999999999999998,0.0,0.0,0.0,0.009999999999999998,0.0,0.0,0.05,0.0,0.0,0.0,0.03,0.0,0.0,0.0,0.0,0.0,0.0,0.0,0.0,0.0,0.0,0.009999999999999998,0.0,0.019999999999999997,0.0,0.009999999999999998,0.019999999999999997,0.03,0.0,0.0,0.009999999999999998,0.019999999999999997,0.0,0.07999999999999999,0.0,0,0,0.8666666666666667,0.0,0,0.0,0,0.1,0.0,0.744,easy,0.789,0,0,0,0,0,0,0,0,0,0,0,0,1,0,0,0,0,0,0,0,0
334,169,2,5f1f400046a7f03dda9b317d,2020-07-27 22:19:28.719000+00:00,i very like,1.0,1,0.25,4,i very like,8,3,11,1,-1.1509241608428669,-0.8867605450378492,0.0,0.0,0.0,0.0,0.0,0.0,0.0,0.0,0.01,0.0,0.0,0.0,0.0,0.0,0.0,0.0,0.0,0.0,0.0,0.0,0.01,0.0,0.0,0.0,0.0,0.0,0.0,0.0,0.0,0.0,0.0,0.0,0.0,0.0,0.0,0.0,0.0,0.01,0.0,0.0,0.0,0.0,0.0,0.0,0.0,0.0,0.0,0.0,0.0,0.0,0.0,0.01,0.01,0.02,0.0,0,0,1.0,0.3333333333333333,0,0.0,0,0.3,0.2,0.1488,easy,1.631,0,0,0,0,0,0,0,0,0,0,0,1,0,0,0,0,0,1,0,0,0
334,169,2,5f1f442e46a7f03dda9b3533,2020-07-27 22:19:35.551000+00:00,i very like,1.0,1,0.25,4,i very like,9,3,11,1,-1.1509241608428669,-0.8867605450378492,0.0,0.0,0.0,0.0,0.0,0.0,0.0,0.0,0.01,0.0,0.0,0.0,0.0,0.0,0.0,0.0,0.0,0.0,0.0,0.0,0.01,0.0,0.0,0.0,0.0,0.0,0.0,0.0,0.0,0.0,0.0,0.0,0.0,0.0,0.0,0.0,0.0,0.01,0.0,0.0,0.0,0.0,0.0,0.0,0.0,0.0,0.0,0.0,0.0,0.0,0.0,0.01,0.01,0.02,0.0,0,0,1.0,0.3333333333333333,2,0.00015518311607697082,0,0.3,0.2,0.1488,easy,6.832,0,0,0,0,0,0,0,0,0,0,0,1,0,0,0,0,0,1,0,0,0
334,169,2,5f1ee20446a7f03dda9af1e7,2020-07-27 22:19:35.676000+00:00,the husband has a horrible argument for not translating but he is ultimately right,1.0,1,0.25,4,"the husband has a horrible argument for not translating, but he is ultimately right",10,14,82,1,0.024455358885311848,1.2675779570172936,0.0,0.0,0.0,0.01,0.0,0.0,0.0,0.0,0.0,0.01,0.01,0.01,0.0,0.0,0.0,0.0,0.0,0.01,0.0,0.0,0.0,0.0,0.0,0.02,0.0,0.0,0.01,0.0,0.0,0.0,0.029999999999999995,0.0,0.0,0.0,0.0,0.0,0.01,0.0,0.0,0.0,0.02,0.02,0.0,0.02,0.01,0.02,0.02,0.01,0.0,0.0,0.0,0.02,0.0,0.08,0.0,0,0,1.0,0.0,0,0.0,0,0.7678571428571428,-0.35714285714285715,0.6944,easy,0.125,0,0,0,0,0,0,0,0,0,0,0,0,0,0,0,0,0,1,1,0,0
334,169,2,5f1f3fce46a7f03dda9b3174,2020-07-27 22:19:35.725000+00:00,i dont think she is the asshole at all  the husband is rude for not wanting to help ,1.0,1,0.25,4,i don't think she is the asshole at all - the husband is rude for not wanting to help. ,11,18,84,1,0.31830023881735653,1.8061625825310794,0.009999999999999998,0.0,0.0,0.0,0.009999999999999998,0.0,0.0,0.0,0.0,0.0,0.009999999999999998,0.019999999999999997,0.009999999999999998,0.0,0.0,0.0,0.0,0.009999999999999998,0.009999999999999998,0.0,0.0,0.009999999999999998,0.0,0.039999999999999994,0.0,0.0,0.009999999999999998,0.0,0.0,0.0,0.03,0.0,0.0,0.0,0.0,0.0,0.019999999999999997,0.009999999999999998,0.0,0.0,0.009999999999999998,0.039999999999999994,0.0,0.019999999999999997,0.0,0.03,0.039999999999999994,0.03,0.0,0.0,0.0,0.0,0.009999999999999998,0.11,0.0,0,0,0.8888888888888888,0.05555555555555555,6,0.000727802037845706,0,0.6,-0.3,0.8927999999999999,easy,0.049,0,0,1,0,1,0,0,0,0,0,0,1,0,0,0,0,0,0,1,0,0
334,169,2,5f1f458246a7f03dda9b376c,2020-07-27 22:19:43.356000+00:00,they could split it up so it is not always on his shoulders,1.0,1,0.25,4,they could split it up so it is not always on his shoulders,12,13,59,1,-0.07349293442536971,1.0880497485126983,0.01,0.0,0.0,0.01,0.01,0.0,0.01,0.0,0.01,0.0,0.01,0.01,0.0,0.0,0.0,0.0,0.01,0.0,0.0,0.0,0.0,0.0,0.0,0.01,0.0,0.0,0.03,0.0,0.0,0.0,0.02,0.02,0.0,0.0,0.0,0.0,0.0,0.0,0.0,0.0,0.01,0.02,0.0,0.0,0.01,0.02,0.03,0.02,0.0,0.0,0.0,0.0,0.0,0.09,0.0,0,0,0.9230769230769231,0.0,2,0.0,0,0.0,0.0,0.6447999999999999,easy,7.631,0,0,0,0,0,0,0,0,0,0,0,0,0,0,0,0,0,0,1,0,0
334,169,2,5d482ea521c9be351f762481,2020-07-27 22:19:44.527000+00:00,they should have learned english when they came to the us but its too late,1.0,1,0.25,4,they should have learned english when they came to the us but it's too late.,13,15,74,1,0.1224036521959934,1.4471061655218889,0.01,0.0,0.0,0.02,0.0,0.01,0.0,0.0,0.02,0.0,0.0,0.0,0.0,0.0,0.0,0.0,0.0,0.0,0.0,0.0,0.0,0.01,0.0,0.01,0.01,0.01,0.030000000000000002,0.0,0.0,0.0,0.030000000000000002,0.01,0.0,0.01,0.0,0.0,0.0,0.0,0.0,0.0,0.01,0.030000000000000002,0.0,0.01,0.01,0.02,0.04,0.01,0.01,0.0,0.0,0.0,0.0,0.1,0.0,0,0,0.9333333333333333,0.0,2,0.0,0,0.3,-0.15,0.744,easy,1.171,0,0,1,0,0,0,0,0,0,1,0,0,0,0,0,0,0,0,0,0,0
334,169,2,5f1ee20446a7f03dda9af1e7,2020-07-27 22:19:48.439000+00:00,it is not on him to translate,1.0,1,0.25,4,it is not on him to translate,14,7,29,1,-0.6611826942894591,0.010880497485126974,0.0,0.0,0.0,0.0,0.0,0.0,0.0,0.0,0.0,0.0,0.009999999999999998,0.009999999999999998,0.0,0.0,0.0,0.0,0.0,0.0,0.0,0.0,0.0,0.0,0.0,0.009999999999999998,0.0,0.0,0.009999999999999998,0.0,0.0,0.0,0.009999999999999998,0.009999999999999998,0.0,0.0,0.0,0.0,0.0,0.0,0.0,0.0,0.009999999999999998,0.009999999999999998,0.0,0.0,0.0,0.009999999999999998,0.009999999999999998,0.019999999999999997,0.0,0.0,0.0,0.0,0.0,0.06,0.0,0,0,1.0,0.0,1,0.0,0,0.0,0.0,0.3472,easy,3.912,0,0,0,0,0,0,0,0,0,0,0,0,0,0,0,0,0,0,0,0,0
334,169,2,5f1f400046a7f03dda9b317d,2020-07-27 22:19:52.977000+00:00,i am very intersted,1.0,1,0.25,4,i am very intersted,15,4,19,1,-1.0529758675321852,-0.707232336533254,0.0,0.0,0.0,0.0,0.0,0.0,0.0,0.0,0.01,0.0,0.0,0.0,0.0,0.0,0.0,0.0,0.0,0.0,0.0,0.0,0.0,0.0,0.0,0.01,0.0,0.0,0.0,0.0,0.0,0.0,0.0,0.0,0.0,0.0,0.0,0.0,0.0,0.01,0.0,0.0,0.0,0.01,0.0,0.0,0.0,0.01,0.0,0.0,0.0,0.0,0.0,0.0,0.01,0.03,0.0,0,0,1.0,0.25,0,0.0,0,0.3,0.2,0.1984,easy,4.538,0,0,0,0,0,0,0,0,0,0,0,1,0,0,0,0,0,0,0,0,0
334,169,2,5d482ea521c9be351f762481,2020-07-27 22:19:58.304000+00:00,so the husband knew the situation when he married,1.0,1,0.25,4,so the husband knew the situation when he married.,16,9,49,1,-0.4652861076680959,0.3699369144943174,0.0,0.0,0.0,0.019999999999999997,0.0,0.0,0.0,0.0,0.019999999999999997,0.0,0.009999999999999998,0.0,0.0,0.0,0.0,0.0,0.0,0.019999999999999997,0.0,0.0,0.0,0.009999999999999998,0.0,0.0,0.0,0.009999999999999998,0.009999999999999998,0.0,0.0,0.0,0.03,0.0,0.0,0.0,0.0,0.0,0.0,0.0,0.0,0.0,0.0,0.009999999999999998,0.0,0.019999999999999997,0.009999999999999998,0.0,0.009999999999999998,0.0,0.0,0.0,0.0,0.0,0.0,0.05,0.0,0,0,0.8888888888888888,0.0,0,0.0,0,0.25,0.25,0.44639999999999996,easy,5.327,0,0,0,0,0,0,0,0,0,0,0,0,0,0,0,0,1,0,0,0,0
334,169,2,5f1f43d446a7f03dda9b3504,2020-07-27 22:20:01.022000+00:00,he doesnt have to be married either its a give and take,1.0,1,0.25,4,he doesn't have to be married either. it's a give and take.,17,12,55,1,-0.17144122773605125,0.9085215400081031,0.0,0.0,0.0,0.01,0.0,0.01,0.0,0.0,0.0,0.0,0.01,0.01,0.0,0.0,0.0,0.0,0.0,0.01,0.0,0.01,0.0,0.0,0.0,0.04,0.0,0.0,0.0,0.0,0.0,0.0,0.030000000000000002,0.01,0.0,0.0,0.0,0.0,0.0,0.0,0.0,0.0,0.01,0.05,0.0,0.01,0.01,0.030000000000000002,0.02,0.01,0.0,0.0,0.0,0.01,0.0,0.06999999999999999,0.0,0,0,1.0,0.0,1,0.006944444444444444,0,0.25,0.25,0.5952,easy,2.718,0,0,0,0,0,0,0,0,0,0,0,0,0,0,0,0,0,0,0,0,0
335,169,3,5f1f3fce46a7f03dda9b3174,2020-07-27 22:34:00.198000+00:00,they are the asshole ,1.0,2,0.5,4,they are the asshole. ,1,4,21,1,-0.9550275742215037,-0.6309128717434741,0.0,0.0,0.0,0.0,0.0,0.0,0.0,0.0,0.0,0.0,0.0,0.0,0.009999999999999998,0.0,0.0,0.0,0.0,0.0,0.0,0.0,0.0,0.0,0.0,0.009999999999999998,0.0,0.0,0.0,0.0,0.0,0.0,0.009999999999999998,0.0,0.0,0.0,0.0,0.0,0.009999999999999998,0.0,0.0,0.0,0.0,0.009999999999999998,0.0,0.009999999999999998,0.0,0.009999999999999998,0.0,0.0,0.0,0.0,0.0,0.0,0.0,0.03,0.0,0,0,1.0,0.0,0,0.0,0,0.0,0.0,0.1984,easy,0.0,0,0,0,0,0,0,0,0,0,0,0,0,0,0,0,0,0,0,0,0,0
335,169,3,5f1f43d446a7f03dda9b3504,2020-07-27 22:34:10.047000+00:00,yeah i think theyre the asshole,1.0,2,0.5,4,yeah i think they're the asshole,2,6,31,1,-0.8570792809108222,-0.4833972722351079,0.0,0.0,0.0,0.0,0.0,0.0,0.0,0.0,0.0,0.0,0.0,0.0,0.01,0.0,0.0,0.0,0.0,0.0,0.0,0.0,0.0,0.01,0.0,0.02,0.0,0.0,0.0,0.0,0.0,0.0,0.01,0.0,0.0,0.0,0.0,0.0,0.01,0.01,0.0,0.0,0.0,0.02,0.0,0.01,0.0,0.01,0.01,0.0,0.0,0.0,0.0,0.0,0.01,0.02,0.0,0,0,1.0,0.16666666666666666,1,0.0003202049311559398,0,0.0,0.0,0.2976,easy,9.849,0,0,1,0,1,0,0,0,0,0,1,0,0,0,0,0,0,0,0,0,0
335,169,3,5f1f3fec46a7f03dda9b3179,2020-07-27 22:34:10.188000+00:00,would you like this task,1.0,2,0.5,4,would you like this task,3,5,24,1,-0.8570792809108222,-0.4833972722351079,0.009999999999999998,0.0,0.0,0.0,0.0,0.0,0.0,0.0,0.0,0.0,0.0,0.0,0.0,0.0,0.0,0.0,0.0,0.0,0.0,0.0,0.009999999999999998,0.0,0.0,0.0,0.009999999999999998,0.0,0.0,0.0,0.0,0.0,0.009999999999999998,0.009999999999999998,0.0,0.0,0.0,0.0,0.0,0.0,0.0,0.0,0.0,0.009999999999999998,0.0,0.0,0.0,0.009999999999999998,0.009999999999999998,0.0,0.0,0.0,0.009999999999999998,0.009999999999999998,0.0,0.019999999999999997,0.0,1,0,1.0,0.0,0,0.0,0,0.0,0.0,0.248,easy,0.141,0,0,0,0,0,0,0,0,0,0,0,0,1,0,0,0,0,1,0,1,0
335,169,3,5f1f400046a7f03dda9b317d,2020-07-27 22:34:12.383000+00:00,this perss i agree,1.0,2,0.5,4,this perss i agree,4,4,18,1,-1.0529758675321852,-0.7784284712518403,0.0,0.0,0.0,0.0,0.0,0.0,0.0,0.0,0.0,0.0,0.0,0.0,0.0,0.0,0.0,0.0,0.0,0.0,0.0,0.0,0.009999999999999998,0.0,0.0,0.0,0.0,0.0,0.0,0.0,0.0,0.0,0.0,0.009999999999999998,0.0,0.0,0.0,0.0,0.0,0.009999999999999998,0.0,0.0,0.0,0.0,0.0,0.0,0.0,0.0,0.0,0.0,0.0,0.0,0.0,0.0,0.009999999999999998,0.019999999999999997,0.0,0,0,1.0,0.25,1,0.0,0,0.0,0.0,0.1984,easy,2.195,0,0,0,0,0,0,0,0,0,0,1,0,0,0,0,0,0,0,0,0,0
335,169,3,5f1f3fec46a7f03dda9b3179,2020-07-27 22:34:20.518000+00:00,and on your future,1.0,2,0.5,4,and on your future,5,4,18,1,-0.9550275742215037,-0.6309128717434741,0.0,0.0,0.0,0.009999999999999998,0.0,0.009999999999999998,0.0,0.0,0.0,0.0,0.0,0.0,0.0,0.0,0.0,0.0,0.0,0.0,0.0,0.0,0.0,0.0,0.0,0.0,0.0,0.0,0.019999999999999997,0.0,0.0,0.0,0.009999999999999998,0.0,0.0,0.0,0.0,0.0,0.0,0.0,0.0,0.0,0.0,0.0,0.0,0.0,0.009999999999999998,0.0,0.009999999999999998,0.009999999999999998,0.0,0.0,0.009999999999999998,0.0,0.0,0.03,0.0,0,0,1.0,0.0,0,0.0,0,0.125,0.0,0.1984,easy,8.135,0,0,0,0,0,0,0,0,0,0,0,0,1,0,0,0,1,0,0,0,0
335,169,3,5f1f442e46a7f03dda9b3533,2020-07-27 22:34:21.713000+00:00,yes i am asshole,1.0,2,0.5,4,yes i am asshole,6,4,16,1,-1.0529758675321852,-0.7784284712518403,0.0,0.0,0.0,0.0,0.0,0.0,0.0,0.0,0.0,0.0,0.0,0.0,0.01,0.0,0.0,0.0,0.0,0.0,0.0,0.0,0.0,0.0,0.0,0.01,0.0,0.0,0.0,0.0,0.0,0.0,0.0,0.0,0.0,0.0,0.0,0.0,0.01,0.01,0.0,0.0,0.0,0.01,0.0,0.0,0.01,0.01,0.0,0.0,0.0,0.0,0.0,0.0,0.01,0.02,0.0,0,0,1.0,0.25,0,0.0,0,0.0,0.0,0.1984,easy,1.195,0,0,0,0,0,0,0,0,0,0,1,0,0,0,0,0,0,0,0,0,0
335,169,3,5f1f3fec46a7f03dda9b3179,2020-07-27 22:34:29.800000+00:00,i agree,1.0,2,0.5,4,i agree,7,2,7,1,-1.2488724541535483,-1.0734596702685728,0.0,0.0,0.0,0.0,0.0,0.0,0.0,0.0,0.0,0.0,0.0,0.0,0.0,0.0,0.0,0.0,0.0,0.0,0.0,0.0,0.01,0.0,0.0,0.0,0.0,0.0,0.0,0.0,0.0,0.0,0.0,0.0,0.0,0.0,0.0,0.0,0.0,0.01,0.0,0.0,0.0,0.0,0.0,0.0,0.0,0.0,0.0,0.0,0.0,0.0,0.0,0.0,0.01,0.01,0.0,0,0,1.0,0.5,0,0.00015518311607697082,0,0.0,0.0,0.0992,easy,8.087,0,0,0,0,0,0,0,0,0,0,0,1,0,0,0,0,0,0,0,0,0
335,169,3,5d482ea521c9be351f762481,2020-07-27 22:34:32.342000+00:00,whomever allowed these people into the country without knowing english is responsible,1.0,2,0.5,4,whomever allowed these people into the country without knowing english is responsible.,8,12,85,1,-0.17144122773605125,0.5492119243234557,0.0,0.0,0.0,0.0,0.0,0.01,0.0,0.01,0.0,0.0,0.0,0.01,0.0,0.0,0.0,0.0,0.0,0.0,0.0,0.0,0.0,0.01,0.01,0.01,0.0,0.0,0.02,0.0,0.01,0.0,0.01,0.01,0.0,0.01,0.0,0.01,0.0,0.0,0.0,0.0,0.01,0.01,0.0,0.01,0.0,0.01,0.049999999999999996,0.02,0.0,0.0,0.0,0.0,0.0,0.04,0.0,0,0,1.0,0.0,0,0.0,0,0.275,0.1,0.5952,easy,2.542,0,0,0,0,0,0,0,0,0,0,0,0,0,0,0,0,0,0,0,0,0
335,169,3,5f1f458246a7f03dda9b376c,2020-07-27 22:34:36.427000+00:00,i do think the wrote is ta because he just assumes that everyone can learn a new language as easily as he has ,1.0,2,0.5,4,i do think the wrote is ta because he just assumes that everyone can learn a new language as easily as he has. ,9,23,110,1,0.8080417053707643,2.024367919407118,0.0,0.0,0.0,0.030000000000000002,0.0,0.0,0.0,0.0,0.01,0.0,0.02,0.0,0.0,0.0,0.0,0.0,0.0,0.0,0.0,0.0,0.01,0.030000000000000002,0.0,0.05,0.0,0.01,0.01,0.0,0.0,0.0,0.05,0.02,0.0,0.01,0.0,0.01,0.0,0.01,0.0,0.01,0.01,0.060000000000000005,0.0,0.02,0.02,0.04,0.060000000000000005,0.02,0.0,0.0,0.0,0.01,0.01,0.13999999999999999,0.0,0,0,0.9130434782608695,0.043478260869565216,2,0.0,0,0.6439393939393939,0.28484848484848485,1.1408,easy,4.085,0,0,1,0,1,0,0,0,0,0,0,1,0,0,0,0,0,0,0,0,0
335,169,3,5f1f400046a7f03dda9b317d,2020-07-27 22:34:36.508000+00:00,i am very intersted,1.0,2,0.5,4,i am very intersted,10,4,19,1,-1.0529758675321852,-0.7784284712518403,0.0,0.0,0.0,0.0,0.0,0.0,0.0,0.0,0.01,0.0,0.0,0.0,0.0,0.0,0.0,0.0,0.0,0.0,0.0,0.0,0.0,0.0,0.0,0.01,0.0,0.0,0.0,0.0,0.0,0.0,0.0,0.0,0.0,0.0,0.0,0.0,0.0,0.01,0.0,0.0,0.0,0.01,0.0,0.0,0.0,0.01,0.0,0.0,0.0,0.0,0.0,0.0,0.01,0.03,0.0,0,0,1.0,0.25,0,0.00015518311607697082,0,0.3,0.2,0.1984,easy,0.081,0,0,0,0,0,0,0,0,0,0,0,1,0,0,0,0,0,0,0,0,0
335,169,3,5f1f3fec46a7f03dda9b3179,2020-07-27 22:34:37.413000+00:00,i am not a asshole,1.0,2,0.5,4,i am not a asshole,11,5,18,1,-0.9550275742215037,-0.6309128717434741,0.0,0.0,0.0,0.0,0.0,0.0,0.0,0.0,0.0,0.0,0.0,0.009999999999999998,0.009999999999999998,0.0,0.0,0.0,0.0,0.0,0.0,0.0,0.0,0.0,0.0,0.009999999999999998,0.0,0.0,0.0,0.0,0.0,0.0,0.0,0.0,0.0,0.0,0.0,0.0,0.009999999999999998,0.009999999999999998,0.0,0.0,0.009999999999999998,0.009999999999999998,0.0,0.009999999999999998,0.0,0.009999999999999998,0.009999999999999998,0.0,0.0,0.0,0.0,0.009999999999999998,0.009999999999999998,0.039999999999999994,0.0,0,0,1.0,0.2,1,0.00015518311607697082,0,0.0,0.0,0.248,easy,0.905,0,0,0,0,0,0,0,0,0,0,0,1,0,0,0,0,0,0,0,0,0
335,169,3,5f1f442e46a7f03dda9b3533,2020-07-27 22:34:40.323000+00:00,my life very worst,1.0,2,0.5,4,my life very worst,12,4,18,1,-0.9550275742215037,-0.6309128717434741,0.0,0.0,0.0,0.0,0.0,0.0,0.009999999999999998,0.0,0.009999999999999998,0.0,0.0,0.0,0.0,0.0,0.009999999999999998,0.0,0.0,0.0,0.009999999999999998,0.009999999999999998,0.0,0.0,0.0,0.0,0.0,0.0,0.0,0.0,0.0,0.0,0.0,0.0,0.0,0.0,0.0,0.0,0.0,0.009999999999999998,0.0,0.0,0.0,0.0,0.0,0.0,0.0,0.0,0.0,0.0,0.0,0.0,0.0,0.0,0.009999999999999998,0.019999999999999997,0.0,0,0,1.0,0.0,0,0.0,0,1.0,-1.0,0.1984,easy,2.91,0,0,0,0,0,0,0,0,0,0,0,1,0,0,0,0,0,0,1,0,0
335,169,3,5f1ee20446a7f03dda9af1e7,2020-07-27 22:34:48.549000+00:00,yes they are the asshole,1.0,2,0.5,4,yes they are the asshole,13,5,24,1,-0.8570792809108222,-0.4833972722351079,0.0,0.0,0.0,0.0,0.0,0.0,0.0,0.0,0.0,0.0,0.0,0.0,0.009999999999999998,0.0,0.0,0.0,0.0,0.0,0.0,0.0,0.0,0.0,0.0,0.009999999999999998,0.0,0.0,0.0,0.0,0.0,0.0,0.009999999999999998,0.0,0.0,0.0,0.0,0.0,0.009999999999999998,0.0,0.0,0.0,0.0,0.009999999999999998,0.0,0.009999999999999998,0.009999999999999998,0.009999999999999998,0.0,0.0,0.0,0.0,0.0,0.0,0.0,0.03,0.0,0,0,1.0,0.0,0,0.0,0,0.0,0.0,0.248,easy,8.226,0,0,0,0,0,0,0,0,0,0,0,0,0,0,0,0,0,0,0,0,0
335,169,3,5f1f3fec46a7f03dda9b3179,2020-07-27 22:34:53.350000+00:00,i like it,1.0,2,0.5,4,i like it,14,3,9,1,-1.1509241608428669,-0.9259440707602066,0.0,0.0,0.0,0.0,0.0,0.0,0.0,0.0,0.0,0.0,0.0,0.0,0.0,0.0,0.0,0.0,0.0,0.0,0.0,0.0,0.009999999999999998,0.0,0.0,0.0,0.0,0.0,0.0,0.0,0.0,0.0,0.0,0.009999999999999998,0.0,0.0,0.0,0.0,0.0,0.009999999999999998,0.0,0.0,0.0,0.0,0.0,0.0,0.0,0.0,0.0,0.0,0.0,0.0,0.0,0.009999999999999998,0.009999999999999998,0.019999999999999997,0.0,0,0,1.0,0.3333333333333333,0,0.0,0,0.0,0.0,0.1488,easy,4.801,0,0,0,0,0,0,0,0,0,0,0,1,0,0,0,0,0,1,0,0,0
335,169,3,5f1f442e46a7f03dda9b3533,2020-07-27 22:34:54.554000+00:00,i m a very beauty in the life,1.0,2,0.5,4,i m a very beauty in the life,15,8,29,1,-0.6611826942894591,-0.18836607321837545,0.0,0.0,0.0,0.0,0.0,0.0,0.009999999999999998,0.0,0.009999999999999998,0.0,0.0,0.0,0.0,0.0,0.009999999999999998,0.009999999999999998,0.0,0.0,0.0,0.0,0.009999999999999998,0.0,0.0,0.0,0.0,0.0,0.009999999999999998,0.0,0.0,0.0,0.0,0.0,0.0,0.0,0.0,0.0,0.0,0.009999999999999998,0.0,0.0,0.0,0.0,0.0,0.019999999999999997,0.0,0.0,0.0,0.009999999999999998,0.0,0.009999999999999998,0.0,0.019999999999999997,0.009999999999999998,0.06,0.0,0,0,1.0,0.125,0,0.00015518311607697082,0,0.3,0.2,0.3968,easy,1.204,0,0,0,0,0,0,0,0,0,0,0,1,0,0,0,0,0,1,0,0,0
335,169,3,5f1f43d446a7f03dda9b3504,2020-07-27 22:34:59.255000+00:00,he said his mother in law sometimes calls if thats true his response is completely disproportionate ,1.0,2,0.5,4,"he said his mother in law ""sometimes"" calls. if that's true, his response is completely disproportionate ",16,16,100,1,0.22035194550667497,1.1392743223569206,0.01,0.01,0.0,0.01,0.02,0.0,0.0,0.0,0.01,0.0,0.03,0.0,0.0,0.0,0.0,0.0,0.0,0.01,0.0,0.0,0.01,0.0,0.0,0.02,0.0,0.01,0.02,0.0,0.0,0.0,0.06,0.01,0.0,0.0,0.0,0.01,0.0,0.0,0.0,0.02,0.01,0.03,0.0,0.0,0.0,0.02,0.06,0.01,0.0,0.01,0.0,0.0,0.0,0.06,0.0,0,0,0.9375,0.0,1,0.0,0,0.525,0.22499999999999998,5.416975,medium,4.701,0,0,1,0,0,0,0,0,0,0,0,0,0,0,0,0,0,0,1,0,0
335,169,3,5d482ea521c9be351f762481,2020-07-27 22:35:02.116000+00:00,no hes not an asshole she should know english,1.0,2,0.5,4,"no he's not an asshole, she should know english.",17,9,45,1,-0.4652861076680959,0.106665125798357,0.01,0.0,0.0,0.0,0.0,0.0,0.0,0.0,0.0,0.0,0.02,0.02,0.01,0.0,0.0,0.0,0.0,0.0,0.0,0.0,0.0,0.01,0.0,0.02,0.01,0.0,0.0,0.0,0.0,0.0,0.02,0.0,0.0,0.0,0.0,0.0,0.01,0.0,0.0,0.0,0.01,0.03,0.0,0.01,0.01,0.02,0.03,0.0,0.0,0.0,0.0,0.0,0.0,0.049999999999999996,0.0,0,0,1.0,0.0,0,0.0,0,0.0,0.0,0.44639999999999996,easy,2.861,0,0,1,0,0,0,0,0,0,0,0,0,0,0,0,0,0,0,0,0,0
336,170,1,5eaddac8d5ea945196fabc70,2020-07-27 21:54:30.258000+00:00,hey guys what are your thoughts,0.5,1,0.25,4,"hey guys, what are your thoughts?",1,6,31,1,-0.7591309876001406,-0.7591039600521156,0.0,0.0,0.0,0.0,0.0,0.0,0.0,0.0,0.0,0.0,0.0,0.0,0.0,0.0,0.0,0.0,0.0,0.0,0.0,0.0,0.0,0.01,0.01,0.01,0.0,0.0,0.0,0.0,0.0,0.0,0.03,0.01,0.0,0.0,0.0,0.0,0.0,0.0,0.0,0.0,0.0,0.01,0.0,0.0,0.0,0.01,0.01,0.0,0.0,0.0,0.01,0.0,0.0,0.03,0.0,1,0,1.0,0.0,0,0.0,0,0.0,0.0,0.2976,easy,0.0,0,0,0,0,0,0,0,0,0,0,0,0,1,0,1,0,0,0,0,0,0
336,170,1,5f1f43d446a7f03dda9b3505,2020-07-27 21:54:42.771000+00:00,i like to participate,0.5,1,0.25,4,i like to participate,2,4,21,1,-1.0529758675321852,-1.0885873810109061,0.0,0.0,0.0,0.0,0.0,0.0,0.0,0.0,0.0,0.0,0.0,0.0,0.0,0.0,0.0,0.0,0.0,0.0,0.0,0.0,0.009999999999999998,0.0,0.0,0.0,0.0,0.0,0.0,0.0,0.0,0.0,0.009999999999999998,0.0,0.0,0.0,0.0,0.0,0.0,0.009999999999999998,0.0,0.0,0.0,0.0,0.0,0.0,0.0,0.0,0.0,0.009999999999999998,0.0,0.0,0.0,0.009999999999999998,0.009999999999999998,0.019999999999999997,0.0,0,0,1.0,0.25,0,0.0,0,0.0,0.0,7.7824,difficult,12.513,0,0,0,0,0,0,0,0,0,0,0,1,0,0,0,0,0,1,0,0,0
336,170,1,5eaddac8d5ea945196fabc70,2020-07-27 21:55:01.946000+00:00,personally i thought that this person was not the asshole perhaps they could have approached it slightly more understanding but i agree with his general thought process,0.5,1,0.25,4,"personally, i thought that this person was not the asshole perhaps they could have approached it slightly more understanding, but i agree with his general thought process",3,27,168,1,1.101886585302809,1.3276243726868915,0.009999999999999998,0.0,0.0,0.009999999999999998,0.0,0.009999999999999998,0.0,0.0,0.009999999999999998,0.0,0.009999999999999998,0.009999999999999998,0.009999999999999998,0.0,0.0,0.0,0.0,0.0,0.0,0.009999999999999998,0.009999999999999998,0.03,0.009999999999999998,0.009999999999999998,0.0,0.03,0.009999999999999998,0.0,0.0,0.0,0.03,0.03,0.0,0.0,0.0,0.0,0.009999999999999998,0.019999999999999997,0.0,0.009999999999999998,0.019999999999999997,0.049999999999999996,0.0,0.009999999999999998,0.009999999999999998,0.03,0.09,0.009999999999999998,0.0,0.0,0.0,0.0,0.019999999999999997,0.13999999999999999,0.0,0,0,0.9259259259259259,0.07407407407407407,0,0.00031036623215394165,0,0.43333333333333335,0.18333333333333335,1.9240148148148148,easy,19.175,0,0,1,0,1,0,0,0,0,0,1,0,0,0,0,0,0,0,0,0,0
336,170,1,5f1f43d446a7f03dda9b3505,2020-07-27 21:55:51.188000+00:00,i agree the all general thought process,0.5,1,0.25,4,i agree the all general thought process,4,7,39,1,-0.7591309876001406,-0.7591039600521156,0.0,0.0,0.0,0.0,0.01,0.0,0.0,0.0,0.0,0.0,0.0,0.0,0.0,0.0,0.0,0.0,0.0,0.0,0.0,0.0,0.01,0.01,0.0,0.0,0.0,0.01,0.0,0.0,0.0,0.0,0.0,0.0,0.0,0.0,0.0,0.0,0.0,0.01,0.0,0.0,0.0,0.01,0.0,0.01,0.0,0.0,0.030000000000000002,0.0,0.0,0.0,0.0,0.0,0.01,0.030000000000000002,0.0,0,0,1.0,0.14285714285714285,1,0.15727503588810365,0,0.5,0.05000000000000002,0.3472,easy,49.242,0,0,1,0,0,0,0,0,0,0,0,1,0,0,0,0,0,0,0,0,0
336,170,1,5d482ea821c9be351f7631e3,2020-07-27 21:56:05.495000+00:00,i think that the person should have considered her feelings and maybe approached it differently,0.5,1,0.25,4,i think that the person should have considered her feelings and maybe approached it differently,5,15,95,1,0.024455358885311848,0.11951849583799262,0.009999999999999998,0.0,0.0,0.009999999999999998,0.0,0.009999999999999998,0.0,0.0,0.009999999999999998,0.0,0.009999999999999998,0.0,0.0,0.0,0.0,0.0,0.0,0.0,0.0,0.0,0.0,0.03,0.009999999999999998,0.019999999999999997,0.009999999999999998,0.0,0.009999999999999998,0.0,0.0,0.0,0.019999999999999997,0.019999999999999997,0.0,0.0,0.0,0.0,0.0,0.009999999999999998,0.009999999999999998,0.009999999999999998,0.0,0.03,0.0,0.009999999999999998,0.009999999999999998,0.019999999999999997,0.06,0.0,0.0,0.009999999999999998,0.0,0.0,0.009999999999999998,0.07999999999999999,0.009999999999999998,0,0,1.0,0.06666666666666667,1,0.00015518311607697082,1,0.6,0.0,0.744,easy,14.307,0,0,1,0,1,0,0,0,0,0,0,1,0,0,0,0,0,0,0,0,0
336,170,1,5f1f401e46a7f03dda9b31b9,2020-07-27 21:56:16.828000+00:00,i can see how op would be annoyed with the frequent requests but i think they couldve approached it with more understanding as well,0.5,1,0.25,4,"i can see how op would be annoyed with the frequent requests, but i think they could've approached it with more understanding as well.",6,24,131,1,0.8080417053707643,0.9981409517281008,0.02,0.0,0.0,0.030000000000000002,0.0,0.02,0.0,0.0,0.02,0.0,0.0,0.0,0.0,0.0,0.0,0.01,0.0,0.0,0.0,0.01,0.01,0.02,0.0,0.030000000000000002,0.02,0.01,0.02,0.0,0.0,0.0,0.02,0.01,0.0,0.0,0.0,0.01,0.01,0.02,0.0,0.0,0.01,0.060000000000000005,0.0,0.01,0.02,0.04,0.08,0.030000000000000002,0.0,0.01,0.0,0.01,0.02,0.13,0.0,0,0,0.9166666666666666,0.08333333333333333,2,0.030961828590933375,0,0.5333333333333333,0.06666666666666665,1.8483166666666664,easy,11.333,0,0,1,0,1,0,0,0,0,0,1,1,0,0,0,0,0,1,1,0,0
336,170,1,5eaddac8d5ea945196fabc70,2020-07-27 21:56:22.491000+00:00,anyone who is living in a country for a significant period of time should have a solid grasp of the primary language used there,0.5,1,0.25,4,anyone who is living in a country for a significant period of time should have a solid grasp of the primary language used there,7,24,127,1,1.0039382919921274,1.2177965657006278,0.01,0.0,0.0,0.0,0.0,0.0,0.01,0.0,0.01,0.0,0.0,0.0,0.0,0.0,0.01,0.0,0.0,0.0,0.0,0.01,0.0,0.01,0.0,0.02,0.01,0.01,0.04,0.0,0.0,0.0,0.03,0.02,0.0,0.0,0.0,0.01,0.0,0.0,0.0,0.01,0.0,0.04,0.0,0.04,0.0,0.03,0.04,0.04,0.0,0.0,0.0,0.05,0.0,0.13,0.0,0,0,0.875,0.0,1,0.0,0,0.4916666666666667,0.25833333333333336,1.8483166666666664,easy,5.663,0,0,1,0,0,0,0,0,0,0,0,0,0,0,0,1,0,1,0,0,0
336,170,1,5f1f43d446a7f03dda9b3505,2020-07-27 21:56:29.433000+00:00,i think the person is asshole ,0.5,1,0.25,4,i think the person is asshole. ,8,6,30,1,-0.8570792809108222,-0.8689317670383792,0.0,0.0,0.0,0.0,0.0,0.0,0.0,0.0,0.0,0.0,0.0,0.0,0.01,0.0,0.0,0.0,0.0,0.0,0.0,0.0,0.0,0.01,0.01,0.02,0.0,0.0,0.0,0.0,0.0,0.0,0.01,0.0,0.0,0.0,0.0,0.0,0.01,0.01,0.0,0.0,0.0,0.02,0.0,0.01,0.0,0.01,0.01,0.0,0.0,0.0,0.0,0.0,0.01,0.03,0.0,0,0,1.0,0.16666666666666666,2,0.0,0,0.0,0.0,0.2976,easy,6.942,0,0,1,0,1,0,0,0,0,0,0,1,0,0,0,0,0,0,0,0,0
336,170,1,5d482ea821c9be351f7631e3,2020-07-27 21:56:43.160000+00:00,i agree too that after 8 years he would be sick of it ,0.5,1,0.25,4,i agree too that after 8 years he would be sick of it. ,9,13,54,1,-0.17144122773605125,-0.10013711813453442,0.01,0.0,0.0,0.0,0.0,0.0,0.01,0.0,0.01,0.0,0.01,0.0,0.0,0.0,0.01,0.0,0.0,0.0,0.0,0.0,0.01,0.0,0.0,0.0,0.01,0.0,0.02,0.0,0.0,0.0,0.01,0.02,0.0,0.0,0.0,0.0,0.0,0.01,0.0,0.0,0.0,0.02,0.0,0.0,0.0,0.02,0.01,0.02,0.0,0.0,0.0,0.0,0.01,0.08,0.0,0,0,1.0,0.07692307692307693,0,0.00015518311607697082,0,0.8571428571428571,-0.7142857142857143,0.6447999999999999,easy,13.727,0,0,0,0,0,0,0,0,0,0,0,1,0,0,0,0,0,0,1,0,0
337,170,3,5eaddac8d5ea945196fabc70,2020-07-27 22:24:37.789000+00:00,hello this one was a tougher decision for me than round 2 was ,1.0,1,0.25,4,hello! this one was a tougher decision for me than round 2 was ,1,13,62,1,-0.17144122773605125,-0.07416314367912981,0.0,0.0,0.0,0.0,0.0,0.0,0.0,0.0,0.0,0.0,0.0,0.0,0.0,0.0,0.0,0.01,0.0,0.0,0.0,0.0,0.0,0.01,0.0,0.0,0.0,0.02,0.0,0.0,0.0,0.0,0.01,0.01,0.0,0.0,0.0,0.0,0.0,0.01,0.01,0.0,0.0,0.02,0.0,0.01,0.0,0.02,0.01,0.02,0.0,0.01,0.0,0.02,0.01,0.06999999999999999,0.0,0,0,0.9230769230769231,0.07692307692307693,0,0.0,0,0.4,-0.2,0.6447999999999999,easy,0.0,0,0,0,0,0,0,0,0,0,0,0,0,0,0,1,0,0,1,0,0,0
337,170,3,5f1f401e46a7f03dda9b31b9,2020-07-27 22:24:59.044000+00:00,same it seems like op could help out more but isnt necessarily the asshole,1.0,1,0.25,4,same. it seems like op could help out more but isn't necessarily the asshole.,2,14,74,1,0.024455358885311848,0.16686707327804223,0.01,0.0,0.0,0.01,0.01,0.01,0.0,0.0,0.0,0.0,0.0,0.01,0.01,0.0,0.0,0.0,0.0,0.0,0.0,0.02,0.01,0.01,0.0,0.02,0.0,0.0,0.01,0.0,0.0,0.0,0.01,0.01,0.0,0.0,0.0,0.0,0.01,0.0,0.0,0.01,0.01,0.030000000000000002,0.0,0.01,0.01,0.02,0.060000000000000005,0.01,0.0,0.0,0.0,0.01,0.0,0.060000000000000005,0.0,0,0,1.0,0.0,0,0.0,0,0.5416666666666666,0.16666666666666666,5.458757142857143,medium,21.255,0,0,1,0,1,0,0,0,0,0,0,0,0,0,0,0,0,1,0,0,0
337,170,3,5d482ea821c9be351f7631e3,2020-07-27 22:25:14.896000+00:00,so i think the son is the asshole and he should be doing things for his mom on a more frequent basis than he has the husband do ,1.0,1,0.25,4,so i think the son is the asshole and he should be doing things for his mom on a more frequent basis than he has the husband do. ,3,28,128,1,1.2977831719241721,1.7335634834996607,0.01,0.0,0.0,0.02,0.0,0.01,0.0,0.0,0.01,0.0,0.03,0.0,0.01,0.0,0.0,0.0,0.0,0.03,0.0,0.01,0.0,0.01,0.0,0.04,0.01,0.0,0.02,0.0,0.0,0.0,0.06,0.01,0.0,0.0,0.0,0.01,0.01,0.01,0.0,0.0,0.0,0.07,0.0,0.04,0.02,0.06,0.04,0.03,0.0,0.0,0.0,0.01,0.01,0.2,0.0,0,0,0.8928571428571429,0.03571428571428571,3,0.0017033307956096052,0,0.4,0.3,1.3888,easy,15.852,0,0,1,0,1,0,0,0,0,0,1,0,0,0,0,0,1,0,0,0,0
337,170,3,5f1f401e46a7f03dda9b31b9,2020-07-27 22:25:35.227000+00:00,i understand now why the husband in the previous scenario was so irritated,1.0,1,0.25,4,i understand now why the husband in the previous scenario was so irritated.,4,13,74,1,-0.17144122773605125,-0.07416314367912981,0.0,0.0,0.0,0.01,0.0,0.0,0.0,0.0,0.02,0.01,0.0,0.0,0.0,0.0,0.0,0.0,0.0,0.01,0.01,0.0,0.0,0.01,0.0,0.01,0.0,0.01,0.02,0.0,0.0,0.0,0.01,0.0,0.0,0.0,0.0,0.01,0.0,0.01,0.0,0.0,0.0,0.02,0.0,0.02,0.01,0.01,0.02,0.01,0.0,0.0,0.0,0.0,0.01,0.08,0.0,0,0,0.9230769230769231,0.07692307692307693,3,0.0008829851539226769,0,0.16666666666666666,-0.16666666666666666,0.6447999999999999,easy,20.331,0,0,0,0,0,0,0,0,0,0,0,1,0,0,0,0,0,0,1,0,0
337,170,3,5f1f43d446a7f03dda9b3505,2020-07-27 22:25:43.802000+00:00,i understand this survey,1.0,1,0.25,4,i understand this survey.,5,4,24,1,-1.0529758675321852,-1.158799119986404,0.0,0.0,0.0,0.0,0.0,0.0,0.0,0.0,0.0,0.0,0.0,0.0,0.0,0.0,0.0,0.0,0.0,0.0,0.0,0.0,0.0,0.009999999999999998,0.0,0.009999999999999998,0.0,0.0,0.0,0.0,0.0,0.0,0.0,0.009999999999999998,0.0,0.0,0.0,0.0,0.0,0.009999999999999998,0.0,0.0,0.0,0.009999999999999998,0.0,0.0,0.0,0.0,0.009999999999999998,0.0,0.0,0.0,0.0,0.0,0.009999999999999998,0.019999999999999997,0.0,0,0,1.0,0.25,0,0.002448761097728347,0,0.0,0.0,0.1984,easy,8.575,0,0,0,0,0,0,0,0,0,0,0,1,0,0,0,0,0,0,0,0,0
337,170,3,5f1f430246a7f03dda9b34a6,2020-07-27 22:25:47.167000+00:00,if i had to say id say theyre the asshole  mostly because she said she makes the husband translate,1.0,1,0.25,4,"if i had to say, i'd say they're the asshole.  mostly because she said she ""makes"" the husband translate.",6,19,98,1,0.4162485321280381,0.6489275071923863,0.009999999999999998,0.03,0.0,0.019999999999999997,0.0,0.0,0.0,0.0,0.009999999999999998,0.0,0.019999999999999997,0.0,0.009999999999999998,0.0,0.0,0.0,0.0,0.009999999999999998,0.0,0.0,0.0,0.0,0.0,0.019999999999999997,0.0,0.019999999999999997,0.0,0.0,0.0,0.0,0.06999999999999999,0.0,0.0,0.0,0.0,0.019999999999999997,0.009999999999999998,0.009999999999999998,0.0,0.019999999999999997,0.009999999999999998,0.039999999999999994,0.0,0.019999999999999997,0.009999999999999998,0.019999999999999997,0.039999999999999994,0.009999999999999998,0.0,0.03,0.0,0.0,0.009999999999999998,0.09,0.0,0,0,0.8421052631578947,0.05263157894736842,0,0.00015518311607697082,0,0.5,0.5,0.9424,easy,3.365,0,0,1,0,0,0,0,0,0,0,1,0,0,0,0,0,0,0,0,0,0
337,170,3,5d482ea821c9be351f7631e3,2020-07-27 22:25:48.721000+00:00,right not an asshole but should just take over what the husband does ,1.0,1,0.25,4,"right not an asshole, but should just take over what the husband does. ",7,13,69,1,-0.07349293442536971,0.04635196479945621,0.01,0.0,0.0,0.01,0.0,0.0,0.0,0.0,0.01,0.0,0.0,0.01,0.01,0.0,0.0,0.0,0.0,0.01,0.0,0.0,0.0,0.0,0.0,0.02,0.01,0.0,0.02,0.0,0.0,0.0,0.01,0.01,0.0,0.0,0.0,0.0,0.01,0.0,0.0,0.0,0.029999999999999995,0.029999999999999995,0.0,0.02,0.02,0.02,0.04,0.01,0.0,0.0,0.0,0.01,0.0,0.09,0.0,0,0,1.0,0.0,1,0.0010480069690016458,0,0.5357142857142857,0.2857142857142857,0.6447999999999999,easy,1.554,0,0,1,0,0,0,0,0,0,0,0,0,0,0,0,0,0,1,0,0,0
338,171,0,5f1f3fb046a7f03dda9b3170,2020-07-27 21:31:25.041000+00:00,hey team i not asshole ,1.0,3,0.428571429,7,hey team i not asshole ,1,5,23,1,-0.9550275742215037,-0.8003092310897771,0.0,0.0,0.0,0.0,0.0,0.0,0.0,0.01,0.0,0.0,0.0,0.01,0.01,0.0,0.0,0.0,0.0,0.0,0.0,0.0,0.0,0.0,0.0,0.0,0.0,0.0,0.0,0.0,0.0,0.0,0.02,0.0,0.0,0.01,0.0,0.0,0.01,0.01,0.0,0.0,0.01,0.0,0.0,0.0,0.0,0.0,0.01,0.0,0.0,0.0,0.0,0.0,0.01,0.02,0.0,0,0,1.0,0.2,0,0.0,0,0.0,0.0,0.248,easy,0.0,0,0,0,0,0,0,0,0,0,0,1,0,0,0,1,0,0,0,0,0,0
338,171,0,5d482ea821c9be351f7632f4,2020-07-27 21:31:27.567000+00:00,hello everyone,1.0,3,0.428571429,7,hello everyone.,2,2,14,1,-1.1509241608428669,-1.088060864740034,0.0,0.0,0.0,0.0,0.0,0.0,0.0,0.0,0.0,0.0,0.0,0.0,0.0,0.0,0.0,0.0,0.0,0.0,0.0,0.0,0.0,0.0,0.0,0.0,0.0,0.0,0.0,0.0,0.0,0.0,0.02,0.01,0.0,0.0,0.0,0.0,0.0,0.0,0.0,0.0,0.0,0.0,0.0,0.0,0.0,0.0,0.0,0.0,0.0,0.0,0.0,0.0,0.0,0.0,0.0,0,0,1.0,0.0,0,0.0,0,0.0,0.0,0.0992,easy,2.526,0,0,0,0,0,0,0,0,0,0,0,0,0,0,1,0,0,0,0,0,0
338,171,0,5d482ea721c9be351f762f67,2020-07-27 21:31:31.101000+00:00,hey,1.0,3,0.428571429,7,hey,3,1,3,1,-1.2488724541535483,-1.2319366815651625,0.0,0.0,0.0,0.0,0.0,0.0,0.0,0.0,0.0,0.0,0.0,0.0,0.0,0.0,0.0,0.0,0.0,0.0,0.0,0.0,0.0,0.0,0.0,0.0,0.0,0.0,0.0,0.0,0.0,0.0,0.009999999999999998,0.0,0.0,0.0,0.0,0.0,0.0,0.0,0.0,0.0,0.0,0.0,0.0,0.0,0.0,0.0,0.0,0.0,0.0,0.0,0.0,0.0,0.0,0.0,0.0,0,0,1.0,0.0,0,0.0,0,0.0,0.0,0.0496,easy,3.534,0,0,0,0,0,0,0,0,0,0,0,0,0,0,1,0,0,0,0,0,0
338,171,0,5d482eaa21c9be351f763dbf,2020-07-27 21:31:31.770000+00:00,its only for the weekend i feel like he should indulge his mother and speak english,1.0,3,0.428571429,7,"it's only for the weekend, i feel like he should indulge his mother and speak english.",4,16,83,1,0.1224036521959934,0.782324753986636,0.01,0.01,0.0,0.01,0.0,0.01,0.0,0.0,0.01,0.0,0.02,0.0,0.0,0.0,0.0,0.0,0.0,0.01,0.0,0.0,0.01,0.01,0.0,0.01,0.01,0.0,0.01,0.0,0.0,0.0,0.04,0.01,0.0,0.0,0.0,0.0,0.0,0.01,0.01,0.0,0.0,0.02,0.0,0.01,0.01,0.01,0.03,0.01,0.0,0.02,0.0,0.01,0.01,0.09,0.0,0,0,1.0,0.0625,0,0.0,0,0.5,0.0,0.7936,easy,0.669,0,0,1,0,1,0,0,0,0,0,1,0,0,0,0,0,0,1,1,0,0
338,171,0,5d482eaa21c9be351f763cfb,2020-07-27 21:31:35.359000+00:00,i say hes an asshole,1.0,3,0.428571429,7,i say hes an asshole,5,5,20,1,-0.9550275742215037,-0.8003092310897771,0.0,0.010000000000000002,0.0,0.0,0.0,0.0,0.0,0.0,0.0,0.0,0.010000000000000002,0.0,0.010000000000000002,0.0,0.0,0.0,0.0,0.0,0.0,0.0,0.0,0.0,0.0,0.010000000000000002,0.0,0.0,0.0,0.0,0.0,0.0,0.020000000000000004,0.0,0.0,0.0,0.0,0.0,0.010000000000000002,0.010000000000000002,0.0,0.0,0.0,0.010000000000000002,0.0,0.010000000000000002,0.0,0.010000000000000002,0.0,0.0,0.0,0.010000000000000002,0.0,0.0,0.010000000000000002,0.020000000000000004,0.0,0,0,1.0,0.2,0,0.00015518311607697082,0,0.0,0.0,0.248,easy,3.589,0,0,0,0,0,0,0,0,0,0,0,1,0,0,0,0,0,0,0,0,0
338,171,0,5d482ea721c9be351f762e99,2020-07-27 21:31:37.326000+00:00,ready and active,1.0,3,0.428571429,7,ready and active!,6,3,16,1,-1.0529758675321852,-0.9441850479149055,0.0,0.0,0.0,0.01,0.0,0.01,0.0,0.0,0.0,0.0,0.0,0.0,0.0,0.0,0.0,0.0,0.0,0.0,0.0,0.0,0.02,0.0,0.0,0.0,0.0,0.0,0.0,0.0,0.0,0.0,0.0,0.0,0.0,0.0,0.0,0.0,0.0,0.0,0.0,0.0,0.0,0.0,0.0,0.0,0.01,0.0,0.01,0.0,0.0,0.0,0.0,0.01,0.0,0.01,0.0,0,0,1.0,0.0,0,0.0,0,0.55,0.03333333333333334,0.1488,easy,1.967,0,0,0,0,0,0,0,0,0,0,0,0,0,0,0,0,0,1,0,0,0
338,171,0,5f1eed5846a7f03dda9b0054,2020-07-27 21:31:42.571000+00:00,i definitely believe shes in the wrong in her feelings her mother is providing meals and a place to stay,1.0,3,0.428571429,7,i definitely believe she's in the wrong in her feelings. her mother is providing meals and a place to stay.,7,20,104,1,0.5141968254387196,1.3578280212871499,0.0,0.0,0.0,0.01,0.01,0.01,0.01,0.0,0.01,0.0,0.030000000000000002,0.0,0.0,0.0,0.0,0.0,0.0,0.01,0.01,0.0,0.01,0.02,0.0,0.030000000000000002,0.0,0.0,0.04,0.0,0.0,0.0,0.04,0.0,0.0,0.0,0.0,0.0,0.0,0.01,0.01,0.0,0.0,0.030000000000000002,0.0,0.02,0.01,0.02,0.04,0.030000000000000002,0.0,0.01,0.0,0.01,0.01,0.1,0.0,0,0,0.9,0.05,1,0.0,0,0.7,-0.25,0.992,easy,5.245,0,0,0,0,0,0,0,0,0,0,0,1,0,0,0,0,0,0,1,0,0
338,171,0,5f1f400046a7f03dda9b317c,2020-07-27 21:31:43.338000+00:00,i say hes an asshole,1.0,3,0.428571429,7,i say he's an asshole.,8,5,20,1,-0.9550275742215037,-0.8003092310897771,0.0,0.010000000000000002,0.0,0.0,0.0,0.0,0.0,0.0,0.0,0.0,0.010000000000000002,0.0,0.010000000000000002,0.0,0.0,0.0,0.0,0.0,0.0,0.0,0.0,0.0,0.0,0.010000000000000002,0.0,0.0,0.0,0.0,0.0,0.0,0.020000000000000004,0.0,0.0,0.0,0.0,0.0,0.010000000000000002,0.010000000000000002,0.0,0.0,0.0,0.010000000000000002,0.0,0.010000000000000002,0.0,0.010000000000000002,0.0,0.0,0.0,0.010000000000000002,0.0,0.0,0.010000000000000002,0.020000000000000004,0.0,0,0,1.0,0.2,0,0.00015518311607697082,0,0.0,0.0,0.248,easy,0.767,0,0,0,0,0,0,0,0,0,0,0,1,0,0,0,0,0,0,0,0,0
338,171,0,5d482eaa21c9be351f763cfb,2020-07-27 21:31:54.605000+00:00,he couldve interpreted for her,1.0,3,0.428571429,7,he couldve interpreted for her,9,5,30,1,-0.8570792809108222,-0.6564334142646486,0.01,0.0,0.0,0.0,0.0,0.0,0.0,0.0,0.0,0.0,0.02,0.0,0.0,0.0,0.0,0.0,0.0,0.0,0.0,0.0,0.0,0.01,0.0,0.0,0.01,0.01,0.0,0.0,0.0,0.0,0.02,0.0,0.0,0.0,0.0,0.0,0.0,0.0,0.0,0.0,0.0,0.01,0.0,0.0,0.0,0.01,0.02,0.01,0.0,0.0,0.0,0.0,0.0,0.03,0.0,0,0,1.0,0.0,0,0.0,0,0.0,0.0,0.248,easy,11.267,0,0,0,0,0,0,0,0,0,0,0,0,0,0,0,0,0,0,0,0,0
338,171,0,5d482eaa21c9be351f763dbf,2020-07-27 21:31:55.258000+00:00,definitely the asshole,1.0,3,0.428571429,7,definitely the asshole,10,3,22,1,-1.0529758675321852,-0.9441850479149055,0.0,0.0,0.0,0.0,0.01,0.0,0.0,0.0,0.01,0.0,0.0,0.0,0.01,0.0,0.0,0.0,0.0,0.0,0.0,0.0,0.01,0.0,0.0,0.0,0.0,0.0,0.0,0.0,0.0,0.0,0.0,0.0,0.0,0.0,0.0,0.0,0.01,0.0,0.0,0.0,0.0,0.0,0.0,0.01,0.0,0.0,0.01,0.0,0.0,0.0,0.0,0.0,0.0,0.01,0.0,0,0,1.0,0.0,0,0.0,0,0.5,0.0,0.1488,easy,0.653,0,0,0,0,0,0,0,0,0,0,0,0,0,0,0,0,0,0,0,0,0
338,171,0,5d482ea721c9be351f762e99,2020-07-27 21:32:09.332000+00:00,i think there needs to be discussion,1.0,3,0.428571429,7,i think there needs to be discussion,11,7,36,1,-0.7591309876001406,-0.5125575974395201,0.009999999999999998,0.0,0.0,0.0,0.0,0.0,0.0,0.0,0.009999999999999998,0.0,0.0,0.0,0.0,0.0,0.0,0.0,0.0,0.0,0.0,0.0,0.0,0.009999999999999998,0.0,0.019999999999999997,0.0,0.0,0.0,0.0,0.0,0.0,0.009999999999999998,0.0,0.0,0.0,0.0,0.0,0.0,0.009999999999999998,0.0,0.0,0.0,0.03,0.0,0.0,0.0,0.009999999999999998,0.019999999999999997,0.009999999999999998,0.0,0.0,0.0,0.0,0.009999999999999998,0.039999999999999994,0.0,0,0,1.0,0.14285714285714285,0,0.0,0,0.0,0.0,0.3472,easy,14.074,0,0,1,0,1,0,0,0,0,0,0,1,0,0,0,0,0,0,0,0,0
338,171,0,5f1f3fb046a7f03dda9b3170,2020-07-27 21:32:10.388000+00:00,definitely not asshole ,1.0,3,0.428571429,7,definitely not asshole ,12,3,23,1,-1.0529758675321852,-0.9441850479149055,0.0,0.0,0.0,0.0,0.01,0.0,0.0,0.0,0.01,0.0,0.0,0.01,0.01,0.0,0.0,0.0,0.0,0.0,0.0,0.0,0.01,0.0,0.0,0.0,0.0,0.0,0.0,0.0,0.0,0.0,0.0,0.0,0.0,0.0,0.0,0.0,0.01,0.0,0.0,0.0,0.01,0.0,0.0,0.0,0.0,0.0,0.02,0.0,0.0,0.0,0.0,0.0,0.0,0.01,0.0,0,0,1.0,0.0,0,0.0,0,0.5,0.0,0.1488,easy,1.056,0,0,0,0,0,0,0,0,0,0,0,0,0,0,0,0,0,0,0,0,0
338,171,0,5d482ea821c9be351f7632f4,2020-07-27 21:32:12.891000+00:00,really im suprised that so many of you think hes the asshole,1.0,3,0.428571429,7,really? i'm suprised that so many of you think he's the asshole.,13,12,60,1,-0.17144122773605125,0.3506973035112506,0.0,0.0,0.0,0.01,0.0,0.0,0.0,0.0,0.02,0.0,0.01,0.0,0.01,0.0,0.0,0.0,0.0,0.0,0.0,0.01,0.0,0.01,0.0,0.02,0.0,0.0,0.0,0.0,0.0,0.0,0.02,0.01,0.0,0.0,0.0,0.0,0.01,0.0,0.0,0.0,0.01,0.02,0.0,0.01,0.02,0.01,0.02,0.01,0.0,0.0,0.01,0.0,0.0,0.049999999999999996,0.0,1,0,1.0,0.0,0,0.0003202049311559398,0,0.35,0.35,0.5952,easy,2.503,0,0,1,0,1,1,0,0,0,0,1,0,1,0,0,0,0,0,0,0,0
338,171,0,5f1eed5846a7f03dda9b0054,2020-07-27 21:32:13.138000+00:00,he can suck it up for a weekend plus he speaks english maybe around just one person hell be more confident,1.0,3,0.428571429,7,"he can suck it up for a weekend. plus, he speaks english. maybe around just one person he'll be more confident.",14,21,106,1,0.7100934120600827,1.6455796549374069,0.0,0.01,0.0,0.01,0.01,0.02,0.0,0.01,0.030000000000000002,0.0,0.02,0.0,0.02,0.0,0.0,0.0,0.0,0.0,0.0,0.01,0.01,0.0,0.01,0.02,0.0,0.0,0.030000000000000002,0.0,0.0,0.0,0.04,0.01,0.01,0.0,0.0,0.0,0.02,0.0,0.0,0.01,0.01,0.030000000000000002,0.0,0.01,0.01,0.02,0.05,0.04,0.0,0.01,0.0,0.02,0.0,0.1,0.01,0,0,0.9523809523809523,0.0,0,0.0,1,0.4444444444444445,0.3333333333333333,1.0415999999999999,easy,0.247,0,0,1,0,0,0,0,0,0,0,0,0,0,0,0,0,0,1,1,0,0
338,171,0,5d482eaa21c9be351f763dbf,2020-07-27 21:32:18.264000+00:00,theyre guests in her home,1.0,3,0.428571429,7,they're guests in her home,15,5,25,1,-0.8570792809108222,-0.6564334142646486,0.0,0.0,0.01,0.0,0.0,0.0,0.0,0.0,0.0,0.0,0.01,0.0,0.0,0.0,0.0,0.0,0.0,0.0,0.0,0.0,0.0,0.0,0.0,0.01,0.0,0.0,0.01,0.0,0.0,0.0,0.03,0.0,0.0,0.0,0.0,0.0,0.0,0.0,0.0,0.0,0.0,0.01,0.01,0.0,0.0,0.01,0.0,0.01,0.0,0.0,0.0,0.0,0.0,0.02,0.0,0,0,1.0,0.0,0,0.0,0,0.0,0.0,0.248,easy,5.126,0,0,0,0,0,0,0,0,0,0,0,0,0,0,0,0,0,0,0,0,0
338,171,0,5d482ea821c9be351f7632f4,2020-07-27 21:32:18.505000+00:00,i say not an asshole,1.0,3,0.428571429,7,i say not an asshole.,16,5,20,1,-0.9550275742215037,-0.8003092310897771,0.0,0.010000000000000002,0.0,0.0,0.0,0.0,0.0,0.0,0.0,0.0,0.0,0.010000000000000002,0.010000000000000002,0.0,0.0,0.0,0.0,0.0,0.0,0.0,0.0,0.0,0.0,0.0,0.0,0.0,0.0,0.0,0.0,0.0,0.010000000000000002,0.0,0.0,0.0,0.0,0.0,0.010000000000000002,0.010000000000000002,0.0,0.0,0.010000000000000002,0.0,0.0,0.010000000000000002,0.0,0.0,0.010000000000000002,0.0,0.0,0.010000000000000002,0.0,0.0,0.010000000000000002,0.03,0.0,0,0,1.0,0.2,0,0.0,0,0.0,0.0,0.248,easy,0.241,0,0,0,0,0,0,0,0,0,0,0,1,0,0,0,0,0,0,0,0,0
339,171,1,5d482eaa21c9be351f763cfb,2020-07-27 21:45:57.163000+00:00,i do not think the mom was an asshole,1.0,2,0.25,8,i do not think the mom was an asshole,1,9,37,1,-0.5632344009787775,-0.33614575762216853,0.0,0.0,0.0,0.0,0.0,0.0,0.0,0.0,0.0,0.0,0.0,0.01,0.01,0.0,0.0,0.0,0.0,0.01,0.0,0.0,0.0,0.01,0.0,0.02,0.0,0.01,0.0,0.0,0.0,0.0,0.01,0.0,0.0,0.0,0.0,0.0,0.01,0.01,0.0,0.0,0.01,0.030000000000000002,0.0,0.02,0.0,0.02,0.02,0.0,0.0,0.0,0.0,0.0,0.01,0.060000000000000005,0.0,0,0,1.0,0.1111111111111111,0,0.0,0,0.0,0.0,0.44639999999999996,easy,0.0,0,0,1,0,1,0,0,0,0,0,0,1,0,0,0,0,0,0,0,0,0
339,171,1,5d482eaa21c9be351f763dbf,2020-07-27 21:46:00.301000+00:00,im thinking nta on this one,1.0,2,0.25,8,i'm thinking nta on this one,2,6,27,1,-0.7591309876001406,-0.6249470423398064,0.0,0.0,0.0,0.0,0.0,0.0,0.0,0.0,0.0,0.0,0.0,0.0,0.0,0.0,0.0,0.0,0.0,0.0,0.0,0.0,0.0,0.01,0.0,0.0,0.0,0.0,0.01,0.0,0.0,0.0,0.0,0.01,0.0,0.0,0.0,0.0,0.0,0.0,0.0,0.0,0.0,0.0,0.0,0.0,0.0,0.0,0.01,0.01,0.0,0.0,0.0,0.0,0.0,0.02,0.0,0,0,1.0,0.0,0,0.0,0,0.0,0.0,0.2976,easy,3.138,0,0,1,0,1,0,0,0,0,0,0,1,0,0,0,0,0,0,0,0,0
339,171,1,5f1f400046a7f03dda9b317c,2020-07-27 21:46:15.420000+00:00,i dont think the mother is an asshole,1.0,2,0.25,8,i don't think the mother is an asshole.,3,8,37,1,-0.6611826942894591,-0.4805463999809874,0.0,0.0,0.0,0.0,0.0,0.0,0.0,0.0,0.0,0.0,0.0,0.01,0.01,0.0,0.0,0.0,0.0,0.01,0.0,0.0,0.0,0.01,0.0,0.030000000000000002,0.0,0.0,0.0,0.0,0.0,0.0,0.01,0.0,0.0,0.0,0.0,0.0,0.01,0.01,0.0,0.0,0.0,0.030000000000000002,0.0,0.02,0.0,0.02,0.01,0.0,0.0,0.0,0.0,0.0,0.01,0.04,0.0,0,0,1.0,0.125,0,0.0,0,0.0,0.0,0.3968,easy,15.119,0,0,1,0,1,0,0,0,0,0,0,1,0,0,0,0,0,0,0,0,0
339,171,1,5d482ea821c9be351f7632f4,2020-07-27 21:46:15.493000+00:00,the way it was worded made me think the mom was an asshole,1.0,2,0.25,8,the way it was worded made me think the mom was an asshole,4,13,58,1,-0.17144122773605125,0.24145681181310708,0.0,0.0,0.0,0.0,0.0,0.0,0.0,0.0,0.0,0.0,0.0,0.0,0.009999999999999998,0.0,0.0,0.0,0.0,0.009999999999999998,0.0,0.0,0.0,0.009999999999999998,0.0,0.009999999999999998,0.0,0.03,0.009999999999999998,0.0,0.0,0.0,0.009999999999999998,0.009999999999999998,0.0,0.0,0.0,0.009999999999999998,0.009999999999999998,0.009999999999999998,0.0,0.0,0.0,0.039999999999999994,0.0,0.03,0.0,0.019999999999999997,0.019999999999999997,0.0,0.0,0.0,0.0,0.0,0.009999999999999998,0.06999999999999999,0.0,0,0,0.8461538461538461,0.07692307692307693,3,0.0006686369869050687,0,0.0,0.0,0.6447999999999999,easy,0.073,0,0,1,0,1,0,0,0,0,0,0,0,0,0,0,0,0,0,0,0,0
339,171,1,5d482ea721c9be351f762e99,2020-07-27 21:46:18.633000+00:00,i agree not an ahole,1.0,2,0.25,8,"i agree, not an ahole.",5,5,20,1,-0.9550275742215037,-0.9137483270574441,0.0,0.0,0.0,0.0,0.0,0.0,0.0,0.0,0.0,0.0,0.0,0.010000000000000002,0.0,0.0,0.0,0.0,0.0,0.0,0.0,0.0,0.010000000000000002,0.0,0.0,0.0,0.0,0.0,0.0,0.0,0.0,0.0,0.0,0.0,0.0,0.0,0.0,0.0,0.0,0.010000000000000002,0.0,0.0,0.010000000000000002,0.0,0.0,0.010000000000000002,0.0,0.0,0.010000000000000002,0.0,0.0,0.0,0.0,0.0,0.010000000000000002,0.03,0.0,0,0,1.0,0.2,1,0.0,0,0.0,0.0,0.248,easy,3.14,0,0,0,0,0,0,0,0,0,0,0,1,0,0,0,0,0,0,0,0,0
339,171,1,5f1eed5846a7f03dda9b0054,2020-07-27 21:46:27.251000+00:00,so the mom wasnt an asshole making it sound like the son is the asshole,1.0,2,0.25,8,"so the mom wasn't an asshole, making it sound like the son is the asshole",6,15,71,1,0.1224036521959934,0.6746587388895637,0.0,0.01,0.0,0.01,0.0,0.0,0.0,0.0,0.01,0.0,0.0,0.01,0.02,0.0,0.0,0.0,0.0,0.02,0.0,0.0,0.01,0.0,0.0,0.01,0.0,0.01,0.0,0.0,0.0,0.0,0.02,0.01,0.0,0.0,0.0,0.01,0.02,0.0,0.0,0.0,0.0,0.02,0.0,0.04,0.01,0.02,0.01,0.0,0.0,0.01,0.0,0.01,0.0,0.06999999999999999,0.0,0,0,0.8,0.0,1,0.0,0,0.4,0.4,0.744,easy,8.618,0,0,0,0,0,0,0,0,0,0,0,0,0,0,0,0,1,1,0,0,0
339,171,1,5d482eaa21c9be351f763dbf,2020-07-27 21:46:30.651000+00:00,the mom said she politely explained her thoughts she didnt intend to make it awkward,1.0,2,0.25,8,the mom said she politely explained her thoughts. she didn't intend to make it awkward.,7,15,84,1,0.1224036521959934,0.6746587388895637,0.0,0.009999999999999998,0.0,0.0,0.0,0.0,0.0,0.0,0.0,0.009999999999999998,0.03,0.009999999999999998,0.0,0.0,0.0,0.0,0.0,0.009999999999999998,0.0,0.0,0.0,0.019999999999999997,0.0,0.009999999999999998,0.0,0.03,0.0,0.0,0.0,0.0,0.06,0.009999999999999998,0.0,0.0,0.0,0.019999999999999997,0.0,0.0,0.0,0.0,0.0,0.039999999999999994,0.0,0.009999999999999998,0.0,0.009999999999999998,0.039999999999999994,0.009999999999999998,0.0,0.009999999999999998,0.0,0.0,0.0,0.06,0.0,0,0,0.9333333333333333,0.0,2,0.0014388489208633094,0,1.0,-0.6,0.744,easy,3.4,0,0,0,0,0,0,0,0,0,0,0,0,0,0,0,0,0,0,1,0,0
339,171,1,5f1f400046a7f03dda9b317c,2020-07-27 21:46:33.417000+00:00,what makes you think she was curiouscamel,1.0,2,0.25,8,"what makes you think she was, curiouscamel",8,7,41,1,-0.6611826942894591,-0.4805463999809874,0.0,0.0,0.0,0.0,0.0,0.0,0.0,0.0,0.0,0.0,0.01,0.0,0.0,0.0,0.0,0.0,0.0,0.0,0.0,0.0,0.0,0.02,0.0,0.02,0.0,0.01,0.0,0.0,0.0,0.0,0.02,0.01,0.0,0.0,0.0,0.01,0.0,0.0,0.0,0.0,0.0,0.029999999999999995,0.0,0.0,0.0,0.01,0.029999999999999995,0.0,0.0,0.0,0.01,0.0,0.0,0.04,0.0,1,0,1.0,0.0,1,0.0,0,0.0,0.0,0.3472,easy,2.766,0,0,1,0,1,0,0,0,0,0,0,0,1,0,0,1,0,0,0,0,0
339,171,1,5d482ea721c9be351f762f67,2020-07-27 21:46:39.009000+00:00,not an asshole moms are protective so its not out of the ordinary for her to be curiouscamel,1.0,2,0.25,8,"not an asshole, moms are protective so its not out of the ordinary for her to be curiouscamel",9,18,92,1,0.4162485321280381,1.1078606659660204,0.0,0.0,0.0,0.01,0.0,0.01,0.0,0.0,0.01,0.0,0.01,0.02,0.01,0.0,0.0,0.0,0.0,0.01,0.0,0.0,0.0,0.01,0.0,0.01,0.0,0.0,0.01,0.0,0.01,0.0,0.02,0.01,0.0,0.0,0.0,0.0,0.01,0.0,0.0,0.0,0.02,0.02,0.0,0.02,0.01,0.02,0.04,0.04,0.0,0.0,0.0,0.01,0.0,0.13,0.0,0,0,0.9444444444444444,0.0,0,0.1,0,0.5,-0.25,0.8927999999999999,easy,5.592,0,0,0,0,0,0,0,0,0,0,0,0,0,0,0,0,0,1,0,0,0
339,171,1,5d482eab21c9be351f764274,2020-07-27 21:46:43.321000+00:00,the mom was not an asshole ,1.0,2,0.25,8,the mom was not an asshole. ,10,6,27,1,-0.7591309876001406,-0.6249470423398064,0.0,0.0,0.0,0.0,0.0,0.0,0.0,0.0,0.0,0.0,0.0,0.01,0.01,0.0,0.0,0.0,0.0,0.01,0.0,0.0,0.0,0.0,0.0,0.0,0.0,0.01,0.0,0.0,0.0,0.0,0.01,0.0,0.0,0.0,0.0,0.0,0.01,0.0,0.0,0.0,0.01,0.01,0.0,0.02,0.0,0.01,0.01,0.0,0.0,0.0,0.0,0.0,0.0,0.04,0.0,0,0,1.0,0.0,3,0.0003202049311559398,0,0.0,0.0,0.2976,easy,4.312,0,0,0,0,0,0,0,0,0,0,0,0,0,0,0,0,0,0,0,0,0
339,171,1,5f1f3fb046a7f03dda9b3170,2020-07-27 21:46:45.323000+00:00,i speak english and well done to a us faviourable ,1.0,2,0.25,8,i speak english and well done to a us faviourable ,11,10,50,1,-0.4652861076680959,-0.1917451152633496,0.0,0.01,0.0,0.01,0.0,0.01,0.0,0.0,0.01,0.0,0.0,0.0,0.0,0.0,0.0,0.0,0.0,0.0,0.0,0.0,0.01,0.0,0.0,0.0,0.0,0.01,0.0,0.0,0.0,0.0,0.02,0.0,0.0,0.0,0.0,0.0,0.0,0.01,0.0,0.0,0.0,0.01,0.0,0.01,0.02,0.01,0.01,0.01,0.01,0.01,0.0,0.02,0.01,0.04,0.0,0,0,1.0,0.1,0,0.0,0,0.0,0.0,5.7115,medium,2.002,0,0,0,0,0,0,0,0,0,1,0,1,0,0,0,0,0,1,0,0,0
339,171,1,5f1eed5846a7f03dda9b0054,2020-07-27 21:46:45.943000+00:00,we are voting on the son being the asshole right,1.0,2,0.25,8,"we are voting on the son being the asshole, right?",12,10,48,1,-0.36733781435741436,-0.04734447290453071,0.0,0.0,0.0,0.0,0.0,0.009999999999999998,0.0,0.0,0.0,0.0,0.0,0.0,0.009999999999999998,0.0,0.0,0.0,0.0,0.009999999999999998,0.0,0.0,0.0,0.0,0.0,0.009999999999999998,0.0,0.0,0.019999999999999997,0.0,0.0,0.0,0.019999999999999997,0.0,0.0,0.0,0.0,0.0,0.009999999999999998,0.0,0.0,0.0,0.0,0.019999999999999997,0.0,0.019999999999999997,0.0,0.019999999999999997,0.009999999999999998,0.009999999999999998,0.009999999999999998,0.0,0.0,0.009999999999999998,0.009999999999999998,0.06,0.0,1,0,0.9,0.0,0,0.0,0,0.5357142857142857,0.2857142857142857,0.496,easy,0.62,0,0,0,0,0,0,0,0,0,1,0,0,0,0,0,0,0,1,0,0,0
339,171,1,5d482eaa21c9be351f763dbf,2020-07-27 21:47:02.381000+00:00,the sons reaction was assholish,1.0,2,0.25,8,the son's reaction was assholish.,13,5,31,1,-0.8570792809108222,-0.7693476846986252,0.0,0.0,0.0,0.0,0.0,0.0,0.0,0.0,0.0,0.0,0.0,0.0,0.0,0.0,0.0,0.0,0.0,0.01,0.0,0.0,0.0,0.0,0.0,0.0,0.0,0.01,0.0,0.0,0.0,0.0,0.01,0.0,0.0,0.0,0.0,0.01,0.0,0.0,0.0,0.0,0.0,0.01,0.0,0.01,0.0,0.01,0.01,0.0,0.0,0.0,0.0,0.0,0.0,0.02,0.0,0,0,1.0,0.0,1,0.0,0,0.0,0.0,0.248,easy,16.438,0,0,0,0,0,0,0,0,0,0,0,0,0,0,0,0,0,0,0,0,0
339,171,1,5f1f400046a7f03dda9b317c,2020-07-27 21:47:14.872000+00:00,were voting on the mother not being an asshole,1.0,2,0.25,8,we're voting on the mother not being an asshole.,14,9,46,1,-0.4652861076680959,-0.1917451152633496,0.0,0.0,0.0,0.0,0.0,0.0,0.0,0.0,0.0,0.0,0.0,0.01,0.01,0.0,0.0,0.0,0.0,0.01,0.0,0.0,0.0,0.0,0.0,0.0,0.0,0.01,0.01,0.0,0.0,0.0,0.01,0.0,0.0,0.0,0.0,0.0,0.01,0.0,0.0,0.0,0.01,0.02,0.0,0.02,0.0,0.02,0.01,0.01,0.0,0.0,0.0,0.0,0.0,0.06,0.0,0,0,1.0,0.0,1,0.0,0,0.0,0.0,0.44639999999999996,easy,12.491,0,0,0,0,0,0,0,0,0,0,0,0,0,0,0,0,0,0,0,0,0
339,171,1,5f1f3fb046a7f03dda9b3170,2020-07-27 21:47:16.293000+00:00,i am not asshole i agree that,1.0,2,0.25,8,i am not asshole .i agree that,15,7,29,1,-0.8570792809108222,-0.7693476846986252,0.0,0.0,0.0,0.0,0.0,0.0,0.0,0.0,0.0,0.0,0.0,0.009999999999999998,0.009999999999999998,0.0,0.0,0.0,0.0,0.0,0.0,0.0,0.009999999999999998,0.0,0.0,0.009999999999999998,0.0,0.0,0.0,0.0,0.0,0.0,0.0,0.009999999999999998,0.0,0.0,0.0,0.0,0.009999999999999998,0.019999999999999997,0.0,0.0,0.009999999999999998,0.009999999999999998,0.0,0.0,0.0,0.009999999999999998,0.009999999999999998,0.0,0.0,0.0,0.0,0.0,0.019999999999999997,0.05,0.0,0,0,0.8571428571428571,0.2857142857142857,1,0.0003202049311559398,0,0.0,0.0,0.3472,easy,1.421,0,0,0,0,0,0,0,0,0,0,1,1,0,0,0,0,0,0,0,0,0
339,171,1,5d482eaa21c9be351f763cfb,2020-07-27 21:47:18.344000+00:00,no openhorse we are voting on the mom being the asshole,1.0,2,0.25,8,no openhorse we are voting on the mom being the asshole,16,11,55,1,-0.36733781435741436,-0.04734447290453071,0.0,0.0,0.0,0.0,0.0,0.01,0.0,0.0,0.0,0.0,0.0,0.01,0.01,0.0,0.0,0.0,0.0,0.01,0.0,0.0,0.0,0.0,0.0,0.01,0.0,0.0,0.01,0.0,0.0,0.0,0.02,0.0,0.0,0.0,0.0,0.0,0.01,0.0,0.0,0.0,0.0,0.02,0.0,0.02,0.01,0.02,0.01,0.01,0.01,0.0,0.0,0.0,0.01,0.06999999999999999,0.0,0,0,0.9090909090909091,0.09090909090909091,0,0.0003202049311559398,0,0.0,0.0,0.5456,easy,2.051,0,0,0,0,0,0,0,0,0,1,0,0,0,0,0,0,0,0,0,0,0
340,172,1,5f1b5d1e46a7f03dda9acdad,2020-07-27 21:36:40.015000+00:00,i think that the person is not at fault honestly its not his job to translate for his family especially if he is busy doing something else,1.0,3,0.428571429,7,"i think that the person is not at fault honestly. it's not his job to translate for his family, especially if he is busy doing something else.",1,27,138,1,1.1998348786134905,0.9352437418677654,0.01,0.0,0.01,0.01,0.0,0.0,0.0,0.0,0.01,0.0,0.029999999999999995,0.02,0.0,0.0,0.0,0.0,0.0,0.01,0.0,0.01,0.01,0.01,0.01,0.029999999999999995,0.0,0.0,0.02,0.0,0.0,0.0,0.049999999999999996,0.029999999999999995,0.0,0.02,0.0,0.0,0.0,0.01,0.0,0.02,0.04,0.04,0.0,0.01,0.0,0.029999999999999995,0.049999999999999996,0.029999999999999995,0.0,0.0,0.0,0.0,0.01,0.16,0.0,0,0,0.8888888888888888,0.037037037037037035,0,0.0,0,0.75,0.4,1.3392,easy,0.0,0,0,1,0,1,1,0,0,0,0,0,1,0,0,0,0,0,0,1,0,0
340,172,1,5f1ae1c246a7f03dda9a9d8d,2020-07-27 21:36:58.301000+00:00,i would agree with that ,1.0,3,0.428571429,7,i would agree with that. ,2,5,24,1,-0.9550275742215037,-1.103416011047657,0.009999999999999998,0.0,0.0,0.0,0.0,0.009999999999999998,0.0,0.0,0.0,0.0,0.0,0.0,0.0,0.0,0.0,0.0,0.0,0.0,0.0,0.0,0.009999999999999998,0.0,0.0,0.0,0.009999999999999998,0.0,0.0,0.0,0.0,0.0,0.0,0.009999999999999998,0.0,0.0,0.0,0.0,0.0,0.009999999999999998,0.0,0.0,0.0,0.009999999999999998,0.0,0.0,0.0,0.009999999999999998,0.019999999999999997,0.009999999999999998,0.0,0.0,0.0,0.0,0.009999999999999998,0.03,0.0,0,0,1.0,0.2,1,0.00015518311607697082,0,0.0,0.0,0.248,easy,18.286,0,0,0,0,0,0,0,0,0,0,0,1,0,0,0,0,0,0,0,0,0
340,172,1,5ee1655a896280243c13812f,2020-07-27 21:36:58.406000+00:00,i dont necessarily think its asshole behavior to suggest the motherinlaw start learning english but the tone hes using in the post rubbed me the wrong way,1.0,3,0.428571429,7,"i don't necessarily think it's asshole behavior to suggest the mother-in-law start learning english, but the tone he's using in the post rubbed me the wrong way.",3,27,154,1,1.101886585302809,0.8425773894625189,0.0,0.0,0.0,0.01,0.01,0.0,0.0,0.0,0.0,0.0,0.01,0.01,0.01,0.0,0.0,0.0,0.0,0.0,0.01,0.0,0.0,0.02,0.0,0.049999999999999996,0.0,0.0,0.04,0.0,0.0,0.0,0.02,0.01,0.0,0.01,0.0,0.01,0.01,0.02,0.01,0.0,0.01,0.049999999999999996,0.0,0.04,0.01,0.02,0.049999999999999996,0.02,0.0,0.01,0.0,0.0,0.02,0.09999999999999999,0.0,0,0,0.8888888888888888,0.07407407407407407,0,0.00015518311607697082,0,0.6333333333333333,-0.16666666666666666,6.14532962962963,difficult,0.105,0,0,1,0,1,0,0,0,0,0,0,1,0,0,0,0,0,0,1,0,0
340,172,1,5f1b616046a7f03dda9ad4ef,2020-07-27 21:36:59.234000+00:00,i dont think the guy is wrong in wanting his mil to learn english ,1.0,3,0.428571429,7,i don't think the guy is wrong in wanting his mil to learn english. ,4,14,66,1,-0.07349293442536971,-0.2694188394004387,0.01,0.0,0.0,0.0,0.0,0.0,0.0,0.0,0.0,0.0,0.01,0.01,0.0,0.0,0.0,0.0,0.0,0.0,0.01,0.0,0.0,0.02,0.01,0.030000000000000002,0.0,0.0,0.01,0.0,0.0,0.0,0.02,0.0,0.0,0.01,0.0,0.0,0.0,0.01,0.0,0.0,0.0,0.030000000000000002,0.0,0.01,0.0,0.02,0.030000000000000002,0.02,0.0,0.0,0.0,0.0,0.01,0.060000000000000005,0.0,0,0,1.0,0.07142857142857142,4,0.005026008116989378,0,0.45,-0.25,0.6944,easy,0.828,0,0,1,0,1,0,0,0,0,0,0,1,0,0,0,0,0,0,1,0,0
340,172,1,5f1b62f046a7f03dda9ad841,2020-07-27 21:37:12.550000+00:00,same hes a little aggressive with his explanation of the story but its not his responsibility to translate,1.0,3,0.428571429,7,"same, he's a little aggressive with his explanation of the story, but it's not his responsibility to translate.",5,18,106,1,0.4162485321280381,0.19391292262579363,0.0,0.0,0.0,0.01,0.0,0.01,0.0,0.01,0.0,0.0,0.030000000000000002,0.01,0.0,0.0,0.0,0.0,0.0,0.0,0.0,0.01,0.0,0.01,0.0,0.01,0.0,0.0,0.01,0.0,0.01,0.0,0.04,0.01,0.0,0.01,0.0,0.0,0.01,0.0,0.0,0.0,0.02,0.01,0.0,0.02,0.01,0.01,0.07,0.030000000000000002,0.0,0.0,0.0,0.01,0.0,0.11000000000000001,0.01,0,0,0.9444444444444444,0.0,4,0.0,1,0.3125,-0.09375,6.283744444444444,difficult,13.316,0,0,0,0,0,0,0,0,0,0,0,0,0,0,0,0,0,0,1,0,0
340,172,1,5f19ae3846a7f03dda9a2be8,2020-07-27 21:37:19.031000+00:00,i believe that he is an asshole  i am an asian american and both my grandparents cant speak english,1.0,3,0.428571429,7,i believe that he is an asshole.  i am an asian american and both my grandparents can't speak english,6,19,99,1,0.22035194550667497,0.008580217815300679,0.0,0.01,0.0,0.01,0.0,0.02,0.0,0.0,0.0,0.0,0.01,0.01,0.01,0.0,0.0,0.0,0.0,0.01,0.0,0.01,0.0,0.01,0.0,0.04,0.0,0.0,0.01,0.0,0.0,0.0,0.03,0.01,0.0,0.0,0.0,0.0,0.01,0.03,0.0,0.0,0.0,0.04,0.0,0.02,0.01,0.03,0.03,0.0,0.0,0.01,0.0,0.0,0.03,0.10999999999999999,0.0,0,0,0.8947368421052632,0.15789473684210525,0,0.0,0,0.0,0.0,0.9424,easy,6.481,0,0,0,0,0,0,0,0,0,0,1,1,0,0,0,0,0,0,0,0,0
340,172,1,5f1b5b0c46a7f03dda9ac8a9,2020-07-27 21:37:20.145000+00:00,when it comes to in laws i think its best to keep the peacehe should just respectfully refuse to help her if hes not available,1.0,3,0.428571429,7,"when it comes to in laws, i think its best to keep the peace...he should just respectfully refuse to help her if he's not available.",7,25,126,1,1.0039382919921274,0.7499110370572725,0.02,0.0,0.0,0.02,0.0,0.0,0.0,0.01,0.02,0.0,0.02,0.01,0.0,0.0,0.0,0.0,0.0,0.0,0.0,0.01,0.02,0.01,0.0,0.04,0.01,0.0,0.03,0.0,0.02,0.0,0.04,0.02,0.0,0.0,0.0,0.0,0.0,0.01,0.0,0.01,0.03,0.049999999999999996,0.0,0.01,0.01,0.02,0.06999999999999999,0.04,0.0,0.0,0.0,0.03,0.01,0.13999999999999999,0.0,1,0,0.92,0.04,0,0.00015518311607697082,0,0.4666666666666666,0.43333333333333335,1.24,easy,1.114,0,0,1,0,1,0,0,0,0,0,1,0,0,0,0,0,0,1,1,0,0
340,172,1,5f1b5d1e46a7f03dda9acdad,2020-07-27 21:37:20.803000+00:00,we cant consider his tone as part of the judgement though hes probably kinda pissed,1.0,3,0.428571429,7,"we can't consider his tone as part of the judgement though, he's probably kinda pissed.",8,15,83,1,0.1224036521959934,-0.0840861345899458,0.0,0.0,0.0,0.02,0.0,0.01,0.01,0.0,0.02,0.0,0.02,0.01,0.01,0.0,0.0,0.0,0.01,0.0,0.0,0.01,0.0,0.01,0.0,0.02,0.0,0.0,0.0,0.0,0.0,0.0,0.03,0.0,0.0,0.0,0.0,0.0,0.01,0.0,0.0,0.02,0.0,0.02,0.0,0.01,0.0,0.02,0.04,0.02,0.01,0.0,0.0,0.0,0.01,0.049999999999999996,0.01,0,0,1.0,0.0,2,0.0,1,0.0,0.0,0.744,easy,0.658,0,0,1,0,0,0,0,0,0,1,0,0,0,0,0,0,0,0,0,0,0
340,172,1,5f1b4e6e46a7f03dda9abce0,2020-07-27 21:37:21.148000+00:00,i dont feel this person is an asshole if you visit any country in the world you will need to speak their language ,1.0,3,0.428571429,7,i don't feel this person is an asshole. if you visit any country in the world you will need to speak their language. ,9,23,114,1,0.8080417053707643,0.5645783322467794,0.019999999999999997,0.009999999999999998,0.0,0.009999999999999998,0.0,0.0,0.0,0.0,0.0,0.0,0.0,0.009999999999999998,0.009999999999999998,0.0,0.0,0.0,0.0,0.0,0.0,0.0,0.0,0.009999999999999998,0.009999999999999998,0.039999999999999994,0.009999999999999998,0.0,0.039999999999999994,0.0,0.0,0.0,0.06999999999999999,0.009999999999999998,0.0,0.0,0.0,0.0,0.009999999999999998,0.009999999999999998,0.009999999999999998,0.019999999999999997,0.009999999999999998,0.049999999999999996,0.0,0.019999999999999997,0.0,0.029999999999999995,0.039999999999999994,0.019999999999999997,0.0,0.019999999999999997,0.019999999999999997,0.0,0.009999999999999998,0.12999999999999998,0.0,0,0,0.9565217391304348,0.043478260869565216,1,0.0,0,0.0,0.0,1.1408,easy,0.345,0,0,1,0,1,0,0,0,0,0,0,1,1,0,0,0,0,0,0,0,0
340,172,1,5f1ae1c246a7f03dda9a9d8d,2020-07-27 21:37:28.733000+00:00,he mention that his tone from the post is not the tone he used in the discussion,1.0,3,0.428571429,7,he mention that his tone from the post is not the tone he used in the discussion.,10,17,80,1,0.31830023881735653,0.10124657022054714,0.0,0.0,0.0,0.0,0.0,0.0,0.0,0.0,0.0,0.0,0.03,0.010000000000000002,0.0,0.0,0.0,0.0,0.0,0.0,0.0,0.0,0.0,0.0,0.0,0.010000000000000002,0.0,0.010000000000000002,0.020000000000000004,0.0,0.0,0.0,0.05,0.010000000000000002,0.0,0.0,0.0,0.010000000000000002,0.0,0.0,0.0,0.0,0.010000000000000002,0.020000000000000004,0.0,0.03,0.0,0.010000000000000002,0.020000000000000004,0.020000000000000004,0.0,0.0,0.0,0.0,0.0,0.11000000000000001,0.0,0,0,0.7647058823529411,0.0,5,0.0,0,0.0,0.0,0.8432,easy,7.585,0,0,0,0,0,0,0,0,0,0,0,0,0,0,0,0,0,0,0,0,0
340,172,1,5f19ae3846a7f03dda9a2be8,2020-07-27 21:37:31.695000+00:00,theyve been here for 25 years and has always had a translator ,1.0,3,0.428571429,7,they've been here for 25 years and has always had a translator. ,11,12,62,1,-0.17144122773605125,-0.3620851918056852,0.0,0.0,0.0,0.01,0.01,0.01,0.0,0.0,0.01,0.0,0.0,0.0,0.0,0.0,0.0,0.0,0.0,0.0,0.0,0.0,0.0,0.0,0.0,0.02,0.0,0.02,0.02,0.0,0.0,0.0,0.01,0.0,0.0,0.0,0.0,0.0,0.0,0.0,0.0,0.0,0.0,0.04,0.0,0.01,0.01,0.04,0.02,0.01,0.0,0.0,0.0,0.01,0.0,0.06999999999999999,0.0,0,0,1.0,0.0,0,0.0,0,0.0,0.0,0.5952,easy,2.962,0,0,0,0,0,0,0,0,0,0,0,0,0,0,0,0,0,0,0,0,0
340,172,1,5f19adf246a7f03dda9a2b6d,2020-07-27 21:37:57.493000+00:00,i think hes somewhat wrong mostly in tone its not unreasonable to expect someone to learn the language commonly spoke in the country they reside,1.0,3,0.428571429,7,"i think he's somewhat wrong, mostly in tone. it's not unreasonable to expect someone to learn the language commonly spoke in the country they reside.",12,25,144,1,1.0039382919921274,0.7499110370572725,0.009999999999999998,0.009999999999999998,0.0,0.0,0.0,0.0,0.0,0.0,0.009999999999999998,0.0,0.009999999999999998,0.009999999999999998,0.0,0.0,0.0,0.0,0.0,0.0,0.009999999999999998,0.009999999999999998,0.0,0.019999999999999997,0.0,0.019999999999999997,0.0,0.009999999999999998,0.03,0.0,0.0,0.0,0.05,0.019999999999999997,0.0,0.009999999999999998,0.0,0.0,0.0,0.009999999999999998,0.0,0.03,0.009999999999999998,0.03,0.0,0.019999999999999997,0.0,0.009999999999999998,0.06999999999999999,0.039999999999999994,0.0,0.009999999999999998,0.0,0.0,0.009999999999999998,0.1,0.0,0,0,0.88,0.04,0,0.0,0,0.6333333333333333,-0.09999999999999999,1.8716,easy,25.798,0,0,1,0,1,0,0,0,0,0,0,1,0,0,0,0,0,0,1,0,0
340,172,1,5f1b4e6e46a7f03dda9abce0,2020-07-27 21:38:01.394000+00:00,the argument about the us not having an official language is moot switzerland has four official languages and youll need to speak the language of whatever region you would visit ,1.0,3,0.428571429,7,the argument about the us not having an official language is moot. switzerland has four official languages and you'll need to speak the language of whatever region you would visit. ,13,30,178,1,1.5916280518562167,1.3059091514887513,0.02,0.01,0.0,0.01,0.0,0.01,0.0,0.0,0.01,0.0,0.0,0.01,0.0,0.0,0.0,0.0,0.0,0.0,0.0,0.0,0.0,0.0,0.0,0.03,0.02,0.0,0.01,0.0,0.0,0.0,0.09,0.01,0.0,0.0,0.0,0.0,0.01,0.0,0.0,0.0,0.01,0.06,0.0,0.04,0.01,0.05,0.04,0.03,0.01,0.01,0.02,0.0,0.0,0.13,0.0,0,0,0.8666666666666667,0.0,5,0.00243605359317905,0,0.0,0.0,1.488,easy,3.901,0,0,0,0,0,0,0,0,0,1,0,0,1,0,0,0,0,0,1,0,0
340,172,1,5f1b5d1e46a7f03dda9acdad,2020-07-27 21:38:08.612000+00:00,i think that if he offered to help her and offered tools and apps to learn english and did so in a kind way then there is no reason to believe hes an asshole,1.0,3,0.428571429,7,"i think that if he offered to help her and offered tools and apps to learn english and did so in a kind way, then there is no reason to believe he's an asshole.",14,34,157,1,1.8854729317882615,1.583908208704491,0.01,0.0,0.0,0.06,0.0,0.03,0.0,0.0,0.02,0.0,0.03,0.01,0.01,0.0,0.0,0.0,0.0,0.0,0.0,0.0,0.01,0.04,0.0,0.04,0.0,0.01,0.03,0.0,0.0,0.0,0.06,0.01,0.0,0.01,0.0,0.01,0.01,0.01,0.0,0.01,0.01,0.05,0.0,0.02,0.05,0.03,0.08,0.04,0.0,0.0,0.0,0.01,0.01,0.2,0.0,0,0,0.8529411764705882,0.029411764705882353,8,0.0,0,0.45,0.3,1.6864,easy,7.218,0,0,1,0,1,0,0,0,0,0,0,1,0,0,0,0,0,0,0,0,0
341,172,3,5f1ae1c246a7f03dda9a9d8d,2020-07-27 22:06:28.086000+00:00,i really think this woman is putting her husband in a hard situation,0.875,1,0.125,8,i really think this woman is putting her husband in a hard situation.,1,13,68,1,-0.17144122773605125,-0.31389195528284985,0.0,0.0,0.0,0.0,0.0,0.0,0.0,0.0,0.01,0.0,0.01,0.0,0.0,0.0,0.0,0.0,0.0,0.01,0.0,0.0,0.0,0.01,0.01,0.02,0.0,0.0,0.02,0.0,0.0,0.0,0.030000000000000006,0.01,0.0,0.0,0.0,0.0,0.0,0.01,0.01,0.0,0.01,0.02,0.0,0.01,0.01,0.01,0.02,0.01,0.0,0.01,0.0,0.01,0.01,0.06000000000000001,0.0,0,0,1.0,0.07692307692307693,0,0.0,0,0.37083333333333335,-0.04583333333333334,0.6447999999999999,easy,0.0,0,0,1,0,1,1,0,0,0,0,0,1,0,0,0,0,0,0,1,0,0
341,172,3,5f1b5d1e46a7f03dda9acdad,2020-07-27 22:06:30.565000+00:00,i think the poster is an asshole for expecting her husband to do something when there are other better alternatives,0.875,1,0.125,8,"i think the poster is an asshole, for expecting her husband to do something when there are other, better alternatives.",2,20,115,1,0.5141968254387196,0.3574880601832455,0.01,0.0,0.0,0.01,0.0,0.0,0.0,0.01,0.02,0.0,0.01,0.0,0.01,0.0,0.0,0.0,0.0,0.01,0.0,0.0,0.01,0.01,0.0,0.04,0.0,0.0,0.01,0.0,0.0,0.0,0.02,0.02,0.0,0.0,0.0,0.0,0.01,0.01,0.0,0.01,0.01,0.04,0.0,0.02,0.0,0.029999999999999995,0.029999999999999995,0.02,0.0,0.0,0.0,0.01,0.01,0.11999999999999998,0.0,0,0,1.0,0.05,2,0.0012314172096718058,0,0.4375,0.1875,1.7815,easy,2.479,0,0,1,0,1,0,0,0,0,0,0,1,0,0,0,0,0,1,0,0,0
341,172,3,5f1b616046a7f03dda9ad4ef,2020-07-27 22:06:31.358000+00:00,i think shes an asshole ,0.875,1,0.125,8,i think she's an asshole ,3,5,24,1,-0.9550275742215037,-1.081183401529816,0.0,0.0,0.0,0.0,0.0,0.0,0.0,0.0,0.0,0.0,0.009999999999999998,0.0,0.009999999999999998,0.0,0.0,0.0,0.0,0.0,0.0,0.0,0.0,0.009999999999999998,0.0,0.019999999999999997,0.0,0.0,0.0,0.0,0.0,0.0,0.009999999999999998,0.0,0.0,0.0,0.0,0.0,0.009999999999999998,0.009999999999999998,0.0,0.0,0.0,0.019999999999999997,0.0,0.009999999999999998,0.0,0.009999999999999998,0.009999999999999998,0.0,0.0,0.0,0.0,0.0,0.009999999999999998,0.019999999999999997,0.0,0,0,1.0,0.2,1,0.0008238201029820396,0,0.0,0.0,0.248,easy,0.793,0,0,1,0,1,0,0,0,0,0,0,1,0,0,0,0,0,0,0,0,0
341,172,3,5f1b4e6e46a7f03dda9abce0,2020-07-27 22:06:38.012000+00:00,i believe she is the asshole her husband isnt her familys personal taskmaster,0.875,1,0.125,8,i believe she is the asshole. her husband isn't her family's personal taskmaster.,4,13,77,1,-0.17144122773605125,-0.31389195528284985,0.0,0.0,0.0,0.0,0.0,0.0,0.0,0.0,0.0,0.0,0.03,0.01,0.01,0.0,0.0,0.0,0.0,0.01,0.0,0.0,0.0,0.01,0.0,0.03,0.0,0.0,0.0,0.0,0.0,0.0,0.049999999999999996,0.0,0.0,0.0,0.0,0.0,0.01,0.01,0.0,0.0,0.0,0.03,0.0,0.01,0.0,0.02,0.01,0.0,0.0,0.0,0.0,0.0,0.01,0.06,0.0,0,0,0.9230769230769231,0.07692307692307693,0,0.0004753880472329106,0,0.3,0.0,0.6447999999999999,easy,6.654,0,0,0,0,0,0,0,0,0,0,0,1,0,0,0,0,0,0,0,0,0
341,172,3,5f1b62f046a7f03dda9ad841,2020-07-27 22:06:44.037000+00:00,i think shes being a bit of an asshole too,0.875,1,0.125,8,i think she's being a bit of an asshole too.,5,10,42,1,-0.4652861076680959,-0.6016262476254622,0.0,0.0,0.0,0.0,0.0,0.0,0.0,0.0,0.009999999999999998,0.0,0.009999999999999998,0.0,0.009999999999999998,0.0,0.0,0.0,0.0,0.0,0.0,0.009999999999999998,0.0,0.009999999999999998,0.0,0.019999999999999997,0.0,0.0,0.0,0.0,0.0,0.0,0.009999999999999998,0.0,0.0,0.0,0.0,0.0,0.009999999999999998,0.009999999999999998,0.0,0.0,0.0,0.03,0.0,0.019999999999999997,0.0,0.019999999999999997,0.009999999999999998,0.009999999999999998,0.0,0.0,0.0,0.009999999999999998,0.009999999999999998,0.06,0.0,0,0,1.0,0.1,0,0.0004753880472329106,0,0.0,0.0,0.496,easy,6.025,0,0,1,0,1,0,0,0,0,0,0,1,0,0,0,0,0,0,0,0,0
341,172,3,5f1b5d1e46a7f03dda9acdad,2020-07-27 22:07:02.963000+00:00,also its important to note that the husband is not a native spanish speaker and offered other apps like duolingo,0.875,1,0.125,8,"also, it's important to note that the husband is not a native spanish speaker, and offered other apps like duolingo.",6,20,112,1,0.6121451187494011,0.4533994909641163,0.0,0.01,0.0,0.02,0.0,0.01,0.0,0.01,0.01,0.0,0.0,0.01,0.0,0.0,0.0,0.0,0.0,0.01,0.0,0.0,0.02,0.0,0.0,0.01,0.0,0.0,0.0,0.0,0.0,0.0,0.02,0.030000000000000002,0.0,0.0,0.0,0.0,0.0,0.0,0.0,0.0,0.01,0.01,0.0,0.02,0.01,0.01,0.02,0.01,0.0,0.01,0.0,0.030000000000000002,0.0,0.09000000000000001,0.0,0,0,1.0,0.0,1,0.0,0,0.4583333333333333,0.09166666666666667,0.992,easy,18.926,0,0,0,0,0,0,0,0,0,0,0,0,0,0,0,0,0,1,0,0,0
341,172,3,5f19ae3846a7f03dda9a2be8,2020-07-27 22:07:10.834000+00:00,shes an asshole for making her husband do that its not his job,0.875,1,0.125,8,she's an asshole for making her husband do that it's not his job,7,13,62,1,-0.07349293442536971,-0.2179805245019791,0.0,0.0,0.0,0.0,0.0,0.0,0.0,0.0,0.0,0.0,0.03,0.01,0.01,0.0,0.0,0.0,0.0,0.01,0.0,0.0,0.0,0.0,0.0,0.02,0.0,0.0,0.0,0.0,0.0,0.0,0.04,0.02,0.0,0.01,0.0,0.01,0.01,0.0,0.0,0.0,0.01,0.02,0.0,0.01,0.0,0.02,0.02,0.01,0.0,0.0,0.0,0.0,0.0,0.08,0.0,0,0,1.0,0.0,3,0.000727802037845706,0,0.0,0.0,0.6447999999999999,easy,7.871,0,0,0,0,0,0,0,0,0,0,0,0,0,0,0,0,0,0,0,0,0
341,172,3,5f19adf246a7f03dda9a2b6d,2020-07-27 22:07:16.631000+00:00,i dont think the poster is an asshole they clearly dont have as much time to do this and it doesnt seem like that unreasonable of a time commitment,0.875,1,0.125,8,i don't think the poster is an asshole. they clearly don't have as much time to do this and it doesn't seem like that unreasonable of a time commitment,8,29,147,1,1.3957314652348536,1.2206909372110826,0.0,0.0,0.0,0.02,0.02,0.01,0.0,0.0,0.01,0.0,0.0,0.029999999999999995,0.01,0.0,0.0,0.0,0.0,0.0,0.0,0.01,0.02,0.02,0.0,0.08,0.0,0.0,0.02,0.0,0.0,0.0,0.01,0.029999999999999995,0.0,0.0,0.0,0.0,0.01,0.01,0.0,0.01,0.0,0.08,0.0,0.029999999999999995,0.01,0.05999999999999999,0.05,0.029999999999999995,0.0,0.0,0.0,0.04,0.01,0.15,0.0,0,0,0.9310344827586207,0.034482758620689655,3,0.0003202049311559398,0,0.29166666666666663,0.15000000000000002,1.9828827586206894,easy,5.797,0,0,1,0,1,0,0,0,0,0,0,1,0,0,0,0,0,1,1,0,0
341,172,3,5ee1655a896280243c13812f,2020-07-27 22:07:19.549000+00:00,i think shes acting a little entitled but i also feel like i want a better idea of how often he is being asked to translate,0.875,1,0.125,8,"i think she's acting a little entitled, but i also feel like i want a better idea of how often he is being asked to translate.",9,26,123,1,0.9059899986814458,0.7411337833067286,0.01,0.0,0.0,0.03,0.0,0.0,0.0,0.01,0.03,0.0,0.02,0.0,0.0,0.0,0.0,0.0,0.0,0.0,0.0,0.0,0.02,0.03,0.0,0.049999999999999996,0.0,0.01,0.01,0.0,0.0,0.0,0.03,0.0,0.0,0.0,0.0,0.01,0.0,0.03,0.01,0.01,0.01,0.06999999999999999,0.0,0.02,0.01,0.03,0.06999999999999999,0.02,0.0,0.01,0.0,0.04,0.03,0.12,0.01,0,0,0.8846153846153846,0.11538461538461539,6,0.0008139814039800413,1,0.3333333333333333,0.10416666666666667,1.2895999999999999,easy,2.918,0,0,1,0,1,0,0,0,0,0,1,1,0,0,0,0,0,1,0,0,0
341,172,3,5f1b4e6e46a7f03dda9abce0,2020-07-27 22:07:25.833000+00:00,if you move anywhere in the world you will have to learn the language that is spoken there it doesnt matter what the official language is  it matters what people speak ,0.875,1,0.125,8,"if you move anywhere in the world you will have to learn the language that is spoken there. it doesn't matter what the ""official"" language is - it matters what people speak. ",10,31,168,1,1.6895763451668984,1.5084252295536948,0.009999999999999998,0.019999999999999997,0.0,0.009999999999999998,0.0,0.0,0.0,0.0,0.019999999999999997,0.0,0.0,0.009999999999999998,0.0,0.0,0.0,0.0,0.0,0.0,0.0,0.0,0.0,0.009999999999999998,0.009999999999999998,0.039999999999999994,0.009999999999999998,0.009999999999999998,0.039999999999999994,0.0,0.0,0.0,0.06999999999999999,0.049999999999999996,0.0,0.009999999999999998,0.0,0.0,0.0,0.0,0.0,0.019999999999999997,0.009999999999999998,0.06,0.0,0.03,0.0,0.049999999999999996,0.049999999999999996,0.019999999999999997,0.0,0.019999999999999997,0.019999999999999997,0.0,0.0,0.18,0.0,0,0,0.7741935483870968,0.0,3,0.0,0,0.0,0.0,1.5375999999999999,easy,6.284,0,0,0,0,0,0,0,0,0,0,0,0,1,0,0,0,0,0,0,0,0
341,172,3,5f1b616046a7f03dda9ad4ef,2020-07-27 22:07:27.156000+00:00,shes putting a burden that she doesnt want on to her husband ,0.875,1,0.125,8,"she's putting a burden that she doesn't want, on to her husband ",11,12,61,1,-0.17144122773605125,-0.31389195528284985,0.01,0.0,0.0,0.0,0.0,0.0,0.0,0.0,0.0,0.0,0.03,0.01,0.0,0.0,0.0,0.0,0.0,0.01,0.0,0.0,0.0,0.0,0.0,0.03,0.0,0.0,0.02,0.0,0.0,0.0,0.04,0.01,0.0,0.0,0.0,0.0,0.0,0.0,0.0,0.0,0.0,0.03,0.0,0.01,0.0,0.02,0.01,0.02,0.0,0.0,0.0,0.01,0.0,0.06,0.0,0,0,1.0,0.0,2,0.002127659574468085,0,0.0,0.0,0.5952,easy,1.323,0,0,0,0,0,0,0,0,0,0,0,0,0,0,0,0,0,0,1,0,0
341,172,3,5f1b5b0c46a7f03dda9ac8a9,2020-07-27 22:07:29.841000+00:00,yes she is being ta  she should not impose that on him especially her own mother,0.875,1,0.125,8,"yes, she is being ta.  she should not impose that on him, especially her own mother.",12,16,80,1,0.22035194550667497,0.06975376784063322,0.010000000000000002,0.0,0.0,0.0,0.0,0.0,0.0,0.0,0.010000000000000002,0.0,0.04000000000000001,0.010000000000000002,0.0,0.0,0.0,0.0,0.0,0.010000000000000002,0.0,0.010000000000000002,0.0,0.0,0.0,0.010000000000000002,0.010000000000000002,0.0,0.010000000000000002,0.0,0.0,0.0,0.05,0.010000000000000002,0.0,0.0,0.0,0.0,0.0,0.0,0.0,0.0,0.010000000000000002,0.03,0.0,0.0,0.010000000000000002,0.03,0.020000000000000004,0.010000000000000002,0.0,0.0,0.0,0.0,0.0,0.11000000000000001,0.0,0,0,0.9375,0.0,5,0.0,0,1.0,0.3,0.7936,easy,2.685,0,0,1,0,0,0,0,0,0,0,0,0,0,0,0,0,0,0,1,0,0
341,172,3,5f19ae3846a7f03dda9a2be8,2020-07-27 22:07:38.367000+00:00,yes its a burden on her husband,0.875,1,0.125,8,"yes, it's a burden on her husband",13,7,31,1,-0.6611826942894591,-0.7934491091872038,0.0,0.0,0.0,0.0,0.0,0.0,0.0,0.0,0.0,0.0,0.01,0.0,0.0,0.0,0.0,0.0,0.0,0.01,0.0,0.0,0.0,0.0,0.0,0.0,0.0,0.0,0.01,0.0,0.0,0.0,0.02,0.01,0.0,0.0,0.0,0.0,0.0,0.0,0.0,0.0,0.0,0.0,0.0,0.01,0.01,0.0,0.0,0.01,0.0,0.0,0.0,0.01,0.0,0.04,0.0,0,0,1.0,0.0,2,0.0011890606420927466,0,0.0,0.0,0.3472,easy,8.526,0,0,0,0,0,0,0,0,0,0,0,0,0,0,0,0,0,0,1,0,0
341,172,3,5f1b62f046a7f03dda9ad841,2020-07-27 22:07:40.229000+00:00,yeah it just isnt his responsibility and she has offloaded it on him as if it is,0.875,1,0.125,8,"yeah, it just isn't his responsibility and she has offloaded it on him as if it is.",14,17,80,1,0.31830023881735653,0.165665198621504,0.010000000000000002,0.0,0.0,0.03,0.0,0.010000000000000002,0.0,0.010000000000000002,0.010000000000000002,0.0,0.03,0.010000000000000002,0.0,0.0,0.0,0.0,0.0,0.0,0.0,0.0,0.0,0.0,0.0,0.03,0.0,0.0,0.010000000000000002,0.0,0.010000000000000002,0.0,0.03,0.03,0.0,0.010000000000000002,0.0,0.0,0.0,0.0,0.0,0.010000000000000002,0.020000000000000004,0.03,0.0,0.0,0.020000000000000004,0.03,0.04000000000000001,0.020000000000000004,0.0,0.0,0.0,0.0,0.0,0.13,0.0,0,0,0.8823529411764706,0.0,1,0.0,0,0.0,0.0,5.408523529411765,medium,1.862,0,0,0,0,0,0,0,0,0,0,0,0,0,0,0,0,1,0,0,0,0
342,173,0,5f1f428a46a7f03dda9b3493,2020-07-28 15:14:41.605000+00:00,hii,1.0,2,0.5,4,hii,1,1,3,1,-1.2488724541535483,-0.8004332340822848,0.0,0.0,0.0,0.0,0.0,0.0,0.0,0.0,0.0,0.0,0.0,0.0,0.0,0.0,0.0,0.0,0.0,0.0,0.0,0.0,0.0,0.0,0.0,0.0,0.0,0.0,0.0,0.0,0.0,0.0,0.0,0.0,0.0,0.0,0.0,0.0,0.0,0.0,0.0,0.0,0.0,0.0,0.0,0.0,0.0,0.0,0.0,0.0,0.0,0.0,0.0,0.0,0.0,0.0,0.0,0,0,1.0,0.0,0,0.0,0,0.0,0.0,0.0496,easy,0.0,0,0,0,0,0,0,0,0,0,0,0,0,0,0,0,0,0,0,0,0,0
342,173,0,5d482ea321c9be351f761f9e,2020-07-28 15:15:02.375000+00:00,good morning ,1.0,2,0.5,4,good morning. ,2,2,13,1,-1.1509241608428669,-0.6874688663690591,0.0,0.0,0.0,0.0,0.0,0.0,0.0,0.0,0.0,0.0,0.0,0.0,0.0,0.0,0.0,0.0,0.0,0.0,0.0,0.0,0.01,0.0,0.0,0.0,0.0,0.0,0.01,0.0,0.0,0.0,0.0,0.0,0.0,0.0,0.0,0.0,0.0,0.0,0.0,0.0,0.0,0.0,0.0,0.0,0.0,0.0,0.0,0.0,0.0,0.0,0.0,0.01,0.0,0.0,0.0,0,0,1.0,0.0,0,0.0,0,0.6000000000000001,0.7,0.0992,easy,20.77,0,0,0,0,0,0,1,0,0,0,0,0,0,0,0,0,0,1,0,0,0
342,173,0,5d482ea621c9be351f762914,2020-07-28 15:15:06.555000+00:00,hello,1.0,2,0.5,4,hello,3,1,5,1,-1.2488724541535483,-0.8004332340822848,0.0,0.0,0.0,0.0,0.0,0.0,0.0,0.0,0.0,0.0,0.0,0.0,0.0,0.0,0.0,0.0,0.0,0.0,0.0,0.0,0.0,0.0,0.0,0.0,0.0,0.0,0.0,0.0,0.0,0.0,0.010000000000000002,0.0,0.0,0.0,0.0,0.0,0.0,0.0,0.0,0.0,0.0,0.0,0.0,0.0,0.0,0.0,0.0,0.0,0.0,0.0,0.0,0.0,0.0,0.0,0.0,0,0,1.0,0.0,0,0.0,0,0.0,0.0,0.0496,easy,4.18,0,0,0,0,0,0,0,0,0,0,0,0,0,0,1,0,0,0,0,0,0
342,173,0,5f1f428a46a7f03dda9b3493,2020-07-28 15:15:11.323000+00:00,u nmae u are name,1.0,2,0.5,4,u nmae u are name,4,5,17,1,-0.8570792809108222,-0.34857576322938205,0.0,0.0,0.0,0.0,0.0,0.0,0.0,0.0,0.0,0.0,0.0,0.0,0.0,0.0,0.0,0.0,0.0,0.0,0.0,0.0,0.0,0.0,0.0,0.01,0.0,0.0,0.0,0.0,0.0,0.0,0.01,0.0,0.0,0.0,0.0,0.0,0.0,0.0,0.0,0.0,0.0,0.01,0.0,0.0,0.0,0.01,0.01,0.0,0.0,0.0,0.02,0.0,0.0,0.01,0.0,0,0,0.8,0.0,0,0.0,0,0.0,0.0,0.248,easy,4.768,0,0,0,0,0,0,0,0,0,0,0,0,0,0,0,0,0,0,0,0,0
342,173,0,5f20327646a7f03dda9b8964,2020-07-28 15:15:38.934000+00:00,i think there a couple of different sides to this,1.0,2,0.5,4,i think there a couple of different sides to this.,5,10,49,1,-0.4652861076680959,0.10328170762352067,0.0,0.0,0.0,0.0,0.0,0.0,0.0,0.0,0.009999999999999998,0.0,0.0,0.0,0.0,0.0,0.0,0.0,0.0,0.0,0.0,0.009999999999999998,0.0,0.009999999999999998,0.0,0.009999999999999998,0.0,0.0,0.009999999999999998,0.0,0.0,0.0,0.0,0.009999999999999998,0.0,0.0,0.0,0.0,0.0,0.009999999999999998,0.0,0.0,0.0,0.009999999999999998,0.0,0.009999999999999998,0.0,0.0,0.009999999999999998,0.019999999999999997,0.0,0.0,0.0,0.009999999999999998,0.009999999999999998,0.06,0.0,0,0,1.0,0.1,0,0.0,0,0.6,0.0,0.496,easy,27.611,0,0,1,0,1,0,0,0,0,0,0,1,0,0,0,0,0,0,0,0,0
342,173,0,5d482ea321c9be351f761f9e,2020-07-28 15:15:51.696000+00:00,i agree with the mor,1.0,2,0.5,4,i agree with the mor,6,5,20,1,-0.9550275742215037,-0.46154013094260776,0.0,0.0,0.0,0.0,0.0,0.010000000000000002,0.0,0.0,0.0,0.0,0.0,0.0,0.0,0.0,0.0,0.0,0.0,0.0,0.0,0.0,0.010000000000000002,0.0,0.0,0.0,0.0,0.0,0.0,0.0,0.0,0.0,0.0,0.0,0.0,0.0,0.0,0.0,0.0,0.010000000000000002,0.0,0.0,0.0,0.0,0.0,0.010000000000000002,0.0,0.0,0.010000000000000002,0.010000000000000002,0.0,0.0,0.0,0.0,0.010000000000000002,0.03,0.0,0,0,1.0,0.2,0,0.00015518311607697082,0,0.0,0.0,0.248,easy,12.762,0,0,0,0,0,0,0,0,0,0,0,1,0,0,0,0,0,0,0,0,0
342,173,0,5d482ea321c9be351f7620fd,2020-07-28 15:15:51.832000+00:00,what do you guys think whos the asshole,1.0,2,0.5,4,what do you guys think? who's the asshole?,7,8,39,1,-0.5632344009787775,-0.009682660089705024,0.0,0.0,0.0,0.0,0.0,0.0,0.0,0.0,0.0,0.0,0.0,0.0,0.01,0.0,0.0,0.0,0.0,0.0,0.0,0.0,0.0,0.01,0.01,0.030000000000000002,0.0,0.0,0.0,0.0,0.0,0.0,0.030000000000000002,0.01,0.0,0.0,0.0,0.0,0.01,0.0,0.0,0.0,0.0,0.030000000000000002,0.0,0.01,0.0,0.01,0.01,0.0,0.0,0.0,0.01,0.0,0.0,0.04,0.0,2,0,1.0,0.0,1,0.0,0,0.0,0.0,0.3968,easy,0.136,0,0,1,0,1,0,0,0,0,0,0,0,1,0,0,1,0,0,0,0,0
342,173,0,5d482ea121c9be351f761cd9,2020-07-28 15:15:57.274000+00:00,good morning ,1.0,2,0.5,4,good morning ,8,2,13,1,-1.1509241608428669,-0.6874688663690591,0.0,0.0,0.0,0.0,0.0,0.0,0.0,0.0,0.0,0.0,0.0,0.0,0.0,0.0,0.0,0.0,0.0,0.0,0.0,0.0,0.01,0.0,0.0,0.0,0.0,0.0,0.01,0.0,0.0,0.0,0.0,0.0,0.0,0.0,0.0,0.0,0.0,0.0,0.0,0.0,0.0,0.0,0.0,0.0,0.0,0.0,0.0,0.0,0.0,0.0,0.0,0.01,0.0,0.0,0.0,0,0,1.0,0.0,0,0.0,0,0.6000000000000001,0.7,0.0992,easy,5.442,0,0,0,0,0,0,1,0,0,0,0,0,0,0,0,0,0,1,0,0,0
342,173,0,5f20327646a7f03dda9b8964,2020-07-28 15:15:57.486000+00:00,i understand the moms point of view and the daughters,1.0,2,0.5,4,i understand the mom's point of view and the daughter's.,9,10,53,1,-0.4652861076680959,0.10328170762352067,0.0,0.0,0.0,0.01,0.0,0.01,0.0,0.0,0.0,0.0,0.0,0.0,0.0,0.0,0.0,0.01,0.0,0.02,0.0,0.0,0.0,0.01,0.0,0.01,0.0,0.0,0.01,0.0,0.0,0.0,0.02,0.0,0.0,0.0,0.0,0.0,0.0,0.01,0.0,0.0,0.0,0.01,0.0,0.02,0.01,0.0,0.02,0.01,0.0,0.01,0.0,0.0,0.01,0.05,0.0,0,0,0.9,0.1,0,0.0,0,0.0,0.0,0.496,easy,0.212,0,0,0,0,0,0,0,0,0,0,0,1,0,0,0,0,0,0,0,0,0
343,173,2,5f1f428a46a7f03dda9b3493,2020-07-28 15:44:06.627000+00:00,hi,1.0,0,0.0,3,hi,1,1,2,1,-1.2488724541535483,-1.0985582848151543,0.0,0.0,0.0,0.0,0.0,0.0,0.0,0.0,0.0,0.0,0.0,0.0,0.0,0.0,0.0,0.0,0.0,0.0,0.0,0.0,0.0,0.0,0.0,0.0,0.0,0.0,0.0,0.0,0.0,0.0,0.01,0.0,0.0,0.0,0.0,0.0,0.0,0.0,0.0,0.0,0.0,0.0,0.0,0.0,0.0,0.0,0.0,0.0,0.0,0.0,0.0,0.0,0.0,0.0,0.0,0,0,1.0,0.0,0,0.0,0,0.0,0.0,0.0496,easy,0.0,0,0,0,0,0,0,0,0,0,0,0,0,0,0,1,0,0,0,0,0,0
343,173,2,5d482ea621c9be351f762914,2020-07-28 15:44:07.793000+00:00,hi,1.0,0,0.0,3,hi,2,1,2,1,-1.2488724541535483,-1.0985582848151543,0.0,0.0,0.0,0.0,0.0,0.0,0.0,0.0,0.0,0.0,0.0,0.0,0.0,0.0,0.0,0.0,0.0,0.0,0.0,0.0,0.0,0.0,0.0,0.0,0.0,0.0,0.0,0.0,0.0,0.0,0.01,0.0,0.0,0.0,0.0,0.0,0.0,0.0,0.0,0.0,0.0,0.0,0.0,0.0,0.0,0.0,0.0,0.0,0.0,0.0,0.0,0.0,0.0,0.0,0.0,0,0,1.0,0.0,1,0.0,0,0.0,0.0,0.0496,easy,1.166,0,0,0,0,0,0,0,0,0,0,0,0,0,0,1,0,0,0,0,0,0
343,173,2,5d482ea321c9be351f7620fd,2020-07-28 15:44:16.977000+00:00,hello,1.0,0,0.0,3,hello,3,1,5,1,-1.2488724541535483,-1.0985582848151543,0.0,0.0,0.0,0.0,0.0,0.0,0.0,0.0,0.0,0.0,0.0,0.0,0.0,0.0,0.0,0.0,0.0,0.0,0.0,0.0,0.0,0.0,0.0,0.0,0.0,0.0,0.0,0.0,0.0,0.0,0.010000000000000002,0.0,0.0,0.0,0.0,0.0,0.0,0.0,0.0,0.0,0.0,0.0,0.0,0.0,0.0,0.0,0.0,0.0,0.0,0.0,0.0,0.0,0.0,0.0,0.0,0,0,1.0,0.0,0,0.0,0,0.0,0.0,0.0496,easy,9.184,0,0,0,0,0,0,0,0,0,0,0,0,0,0,1,0,0,0,0,0,0
343,173,2,5f1f428a46a7f03dda9b3493,2020-07-28 15:44:18.140000+00:00,hello,1.0,0,0.0,3,hello,4,1,5,1,-1.2488724541535483,-1.0985582848151543,0.0,0.0,0.0,0.0,0.0,0.0,0.0,0.0,0.0,0.0,0.0,0.0,0.0,0.0,0.0,0.0,0.0,0.0,0.0,0.0,0.0,0.0,0.0,0.0,0.0,0.0,0.0,0.0,0.0,0.0,0.010000000000000002,0.0,0.0,0.0,0.0,0.0,0.0,0.0,0.0,0.0,0.0,0.0,0.0,0.0,0.0,0.0,0.0,0.0,0.0,0.0,0.0,0.0,0.0,0.0,0.0,0,0,1.0,0.0,0,0.0070921985815602835,0,0.0,0.0,0.0496,easy,1.163,0,0,0,0,0,0,0,0,0,0,0,0,0,0,1,0,0,0,0,0,0
343,173,2,5f20327646a7f03dda9b8964,2020-07-28 15:44:23.780000+00:00,the father is being perfectly reasonable,1.0,0,0.0,3,the father is being perfectly reasonable.,5,6,40,1,-0.7591309876001406,-0.5108522065189812,0.0,0.0,0.0,0.0,0.010000000000000002,0.0,0.0,0.010000000000000002,0.0,0.0,0.0,0.0,0.0,0.0,0.0,0.0,0.0,0.010000000000000002,0.0,0.0,0.010000000000000002,0.010000000000000002,0.0,0.010000000000000002,0.0,0.0,0.0,0.0,0.0,0.0,0.010000000000000002,0.0,0.0,0.0,0.0,0.010000000000000002,0.0,0.0,0.0,0.0,0.0,0.020000000000000004,0.0,0.010000000000000002,0.0,0.020000000000000004,0.020000000000000004,0.0,0.0,0.0,0.0,0.020000000000000004,0.0,0.03,0.0,0,0,1.0,0.0,0,0.0,0,0.6,0.2,0.2976,easy,5.64,0,0,0,0,0,0,0,0,0,0,0,0,0,0,0,0,0,1,0,0,0
343,173,2,5d482ea621c9be351f762914,2020-07-28 15:44:42.061000+00:00,yes i believe the father was being reasonable as well,1.0,0,0.0,3,"yes, i believe the father was being reasonable as well.",6,10,53,1,-0.4652861076680959,-0.15822855954127743,0.0,0.0,0.0,0.01,0.0,0.0,0.0,0.0,0.01,0.0,0.0,0.0,0.0,0.0,0.0,0.0,0.0,0.01,0.0,0.0,0.01,0.02,0.0,0.01,0.0,0.01,0.0,0.0,0.0,0.0,0.01,0.0,0.0,0.0,0.0,0.01,0.0,0.01,0.0,0.0,0.0,0.030000000000000002,0.0,0.01,0.02,0.02,0.02,0.01,0.0,0.0,0.0,0.02,0.01,0.05,0.0,0,0,1.0,0.1,2,0.05538302277432712,0,0.6,0.2,0.496,easy,18.281,0,0,0,0,0,0,0,0,0,0,1,0,0,0,0,0,0,1,0,0,0
343,173,2,5f20327646a7f03dda9b8964,2020-07-28 15:44:45.837000+00:00,the son is being crazy here,1.0,0,0.0,3,the son is being crazy here.,7,6,27,1,-0.7591309876001406,-0.5108522065189812,0.0,0.0,0.0,0.0,0.0,0.0,0.0,0.0,0.01,0.01,0.0,0.0,0.0,0.0,0.0,0.0,0.0,0.01,0.0,0.0,0.0,0.0,0.0,0.01,0.0,0.0,0.0,0.0,0.0,0.0,0.01,0.0,0.0,0.0,0.0,0.0,0.0,0.0,0.0,0.0,0.0,0.02,0.0,0.01,0.0,0.02,0.0,0.0,0.0,0.0,0.0,0.0,0.0,0.04,0.0,0,0,1.0,0.0,2,0.0,0,0.9,-0.6,0.2976,easy,3.776,0,0,0,0,0,0,0,0,0,0,0,0,0,0,0,0,0,0,1,0,0
344,175,1,5f20302846a7f03dda9b8687,2020-07-28 14:57:52.254000+00:00,hi hello,0.8,0,0.0,5,hi hello,1,2,8,1,-1.2488724541535483,-0.7216667060359546,0.0,0.0,0.0,0.0,0.0,0.0,0.0,0.0,0.0,0.0,0.0,0.0,0.0,0.0,0.0,0.0,0.0,0.0,0.0,0.0,0.0,0.0,0.0,0.0,0.0,0.0,0.0,0.0,0.0,0.0,0.02,0.0,0.0,0.0,0.0,0.0,0.0,0.0,0.0,0.0,0.0,0.0,0.0,0.0,0.0,0.0,0.0,0.0,0.0,0.0,0.0,0.0,0.0,0.0,0.0,0,0,1.0,0.5,0,0.0,0,0.0,0.0,0.0992,easy,0.0,0,0,0,0,0,0,0,0,0,0,0,0,0,0,1,0,0,0,0,0,0
344,175,1,5f20300046a7f03dda9b8683,2020-07-28 14:57:55.133000+00:00,hi ,0.8,0,0.0,5,hi ,2,1,3,1,-1.34682074746423,-0.8674397813200253,0.0,0.0,0.0,0.0,0.0,0.0,0.0,0.0,0.0,0.0,0.0,0.0,0.0,0.0,0.0,0.0,0.0,0.0,0.0,0.0,0.0,0.0,0.0,0.0,0.0,0.0,0.0,0.0,0.0,0.0,0.009999999999999998,0.0,0.0,0.0,0.0,0.0,0.0,0.0,0.0,0.0,0.0,0.0,0.0,0.0,0.0,0.0,0.0,0.0,0.0,0.0,0.0,0.0,0.0,0.0,0.0,0,0,1.0,1.0,1,0.0,0,0.0,0.0,0.0496,easy,2.879,0,0,0,0,0,0,0,0,0,0,0,0,0,0,1,0,0,0,0,0,0
344,175,1,5d482ea721c9be351f762e62,2020-07-28 14:57:57.120000+00:00,good morning everyone,0.8,0,0.0,5,good morning everyone,3,3,21,1,-1.0529758675321852,-0.43012055546781336,0.0,0.0,0.0,0.0,0.0,0.0,0.0,0.0,0.0,0.0,0.0,0.0,0.0,0.0,0.0,0.0,0.0,0.0,0.0,0.0,0.009999999999999998,0.0,0.0,0.0,0.0,0.0,0.009999999999999998,0.0,0.0,0.0,0.009999999999999998,0.009999999999999998,0.0,0.0,0.0,0.0,0.0,0.0,0.0,0.0,0.0,0.0,0.0,0.0,0.0,0.0,0.0,0.0,0.0,0.0,0.0,0.009999999999999998,0.0,0.0,0.0,0,0,1.0,0.0,0,0.0,0,0.6000000000000001,0.7,0.1488,easy,1.987,0,0,0,0,0,0,1,0,0,0,0,0,0,0,0,0,0,1,0,0,0
344,175,1,5f2031ae46a7f03dda9b8950,2020-07-28 14:57:58.309000+00:00,hai,0.8,0,0.0,5,hai,4,1,3,1,-1.2488724541535483,-0.7216667060359546,0.0,0.0,0.0,0.0,0.0,0.0,0.0,0.0,0.0,0.0,0.0,0.0,0.0,0.0,0.0,0.0,0.0,0.0,0.0,0.0,0.0,0.0,0.0,0.0,0.0,0.0,0.0,0.0,0.0,0.0,0.0,0.0,0.0,0.0,0.0,0.0,0.0,0.0,0.0,0.0,0.0,0.0,0.0,0.0,0.0,0.0,0.0,0.0,0.0,0.0,0.0,0.0,0.0,0.0,0.0,0,0,1.0,0.0,0,0.0,0,0.0,0.0,0.0496,easy,1.189,0,0,0,0,0,0,0,0,0,0,0,0,0,0,0,0,0,0,0,0,0
344,175,1,5f20302846a7f03dda9b8687,2020-07-28 14:57:58.869000+00:00,how are you,0.8,0,0.0,5,how are you,5,3,11,1,-1.0529758675321852,-0.43012055546781336,0.0,0.0,0.0,0.01,0.0,0.0,0.0,0.0,0.01,0.0,0.0,0.0,0.0,0.0,0.0,0.0,0.0,0.0,0.0,0.0,0.0,0.0,0.0,0.01,0.0,0.0,0.0,0.0,0.0,0.0,0.01,0.0,0.0,0.0,0.0,0.01,0.0,0.0,0.0,0.0,0.0,0.01,0.0,0.0,0.0,0.01,0.01,0.0,0.0,0.0,0.01,0.0,0.0,0.03,0.0,1,0,1.0,0.0,0,0.0,0,0.0,0.0,0.1488,easy,0.56,0,0,0,0,0,0,0,0,0,0,0,0,1,0,0,1,0,0,0,0,0
344,175,1,5d482ea621c9be351f7628ea,2020-07-28 14:57:59.125000+00:00,hello,0.8,0,0.0,5,hello,6,1,5,1,-1.2488724541535483,-0.7216667060359546,0.0,0.0,0.0,0.0,0.0,0.0,0.0,0.0,0.0,0.0,0.0,0.0,0.0,0.0,0.0,0.0,0.0,0.0,0.0,0.0,0.0,0.0,0.0,0.0,0.0,0.0,0.0,0.0,0.0,0.0,0.010000000000000002,0.0,0.0,0.0,0.0,0.0,0.0,0.0,0.0,0.0,0.0,0.0,0.0,0.0,0.0,0.0,0.0,0.0,0.0,0.0,0.0,0.0,0.0,0.0,0.0,0,0,1.0,0.0,0,0.0,0,0.0,0.0,0.0496,easy,0.256,0,0,0,0,0,0,0,0,0,0,0,0,0,0,1,0,0,0,0,0,0
344,175,1,5f1b603446a7f03dda9ad382,2020-07-28 14:58:00.777000+00:00,hi,0.8,0,0.0,5,hi,7,1,2,1,-1.2488724541535483,-0.7216667060359546,0.0,0.0,0.0,0.0,0.0,0.0,0.0,0.0,0.0,0.0,0.0,0.0,0.0,0.0,0.0,0.0,0.0,0.0,0.0,0.0,0.0,0.0,0.0,0.0,0.0,0.0,0.0,0.0,0.0,0.0,0.01,0.0,0.0,0.0,0.0,0.0,0.0,0.0,0.0,0.0,0.0,0.0,0.0,0.0,0.0,0.0,0.0,0.0,0.0,0.0,0.0,0.0,0.0,0.0,0.0,0,0,1.0,0.0,0,0.0,0,0.0,0.0,0.0496,easy,1.652,0,0,0,0,0,0,0,0,0,0,0,0,0,0,1,0,0,0,0,0,0
344,175,1,5f20302846a7f03dda9b8687,2020-07-28 14:58:04.397000+00:00,hi,0.8,0,0.0,5,hi,8,1,2,1,-1.2488724541535483,-0.7216667060359546,0.0,0.0,0.0,0.0,0.0,0.0,0.0,0.0,0.0,0.0,0.0,0.0,0.0,0.0,0.0,0.0,0.0,0.0,0.0,0.0,0.0,0.0,0.0,0.0,0.0,0.0,0.0,0.0,0.0,0.0,0.01,0.0,0.0,0.0,0.0,0.0,0.0,0.0,0.0,0.0,0.0,0.0,0.0,0.0,0.0,0.0,0.0,0.0,0.0,0.0,0.0,0.0,0.0,0.0,0.0,0,0,1.0,0.0,1,0.0,0,0.0,0.0,0.0496,easy,3.62,0,0,0,0,0,0,0,0,0,0,0,0,0,0,1,0,0,0,0,0,0
344,175,1,5f2031ae46a7f03dda9b8950,2020-07-28 14:58:04.427000+00:00,helo morning ,0.8,0,0.0,5,helo morning ,9,2,13,1,-1.1509241608428669,-0.575893630751884,0.0,0.0,0.0,0.0,0.0,0.0,0.0,0.0,0.0,0.0,0.0,0.0,0.0,0.0,0.0,0.0,0.0,0.0,0.0,0.0,0.0,0.0,0.0,0.0,0.0,0.0,0.01,0.0,0.0,0.0,0.0,0.0,0.0,0.0,0.0,0.0,0.0,0.0,0.0,0.0,0.0,0.0,0.0,0.0,0.0,0.0,0.0,0.0,0.0,0.0,0.0,0.0,0.0,0.0,0.0,0,0,1.0,0.0,0,0.0,0,0.0,0.0,0.0992,easy,0.03,0,0,0,0,0,0,0,0,0,0,0,0,0,0,0,0,0,0,0,0,0
344,175,1,5f20302846a7f03dda9b8687,2020-07-28 14:58:11.602000+00:00,hello bro,0.8,0,0.0,5,hello bro,10,2,9,1,-1.1509241608428669,-0.575893630751884,0.0,0.0,0.0,0.0,0.0,0.0,0.0,0.0,0.0,0.0,0.0,0.0,0.0,0.0,0.0,0.0,0.0,0.009999999999999998,0.0,0.0,0.0,0.0,0.0,0.0,0.0,0.0,0.0,0.0,0.0,0.0,0.019999999999999997,0.0,0.0,0.0,0.0,0.0,0.0,0.0,0.0,0.0,0.0,0.0,0.0,0.0,0.0,0.0,0.0,0.0,0.0,0.0,0.0,0.0,0.0,0.0,0.0,0,0,1.0,0.0,0,0.0,0,0.0,0.0,0.0992,easy,7.175,0,0,0,0,0,0,0,0,0,0,0,0,0,0,1,0,0,0,0,0,0
344,175,1,5d482ea521c9be351f762700,2020-07-28 14:58:14.990000+00:00,greetings,0.8,0,0.0,5,greetings.,11,1,9,1,-1.2488724541535483,-0.7216667060359546,0.0,0.0,0.0,0.0,0.0,0.0,0.0,0.0,0.0,0.0,0.0,0.0,0.0,0.0,0.0,0.0,0.0,0.0,0.0,0.0,0.0,0.0,0.0,0.0,0.0,0.0,0.0,0.0,0.0,0.0,0.0,0.0,0.0,0.0,0.0,0.0,0.0,0.0,0.0,0.0,0.0,0.0,0.0,0.0,0.0,0.0,0.0,0.0,0.0,0.0,0.0,0.0,0.0,0.0,0.0,0,0,1.0,0.0,0,0.0,0,0.0,0.0,0.0496,easy,3.388,0,0,0,0,0,0,0,0,0,0,0,0,0,0,0,0,0,0,0,0,0
344,175,1,5f20302846a7f03dda9b8687,2020-07-28 14:58:15.974000+00:00,morning,0.8,0,0.0,5,morning,12,1,7,1,-1.2488724541535483,-0.7216667060359546,0.0,0.0,0.0,0.0,0.0,0.0,0.0,0.0,0.0,0.0,0.0,0.0,0.0,0.0,0.0,0.0,0.0,0.0,0.0,0.0,0.0,0.0,0.0,0.0,0.0,0.0,0.01,0.0,0.0,0.0,0.0,0.0,0.0,0.0,0.0,0.0,0.0,0.0,0.0,0.0,0.0,0.0,0.0,0.0,0.0,0.0,0.0,0.0,0.0,0.0,0.0,0.0,0.0,0.0,0.0,0,0,1.0,0.0,0,0.0,0,0.0,0.0,0.0496,easy,0.984,0,0,0,0,0,0,0,0,0,0,0,0,0,0,0,0,0,0,0,0,0
344,175,1,5f2031ae46a7f03dda9b8950,2020-07-28 14:58:18.795000+00:00,hai bro,0.8,0,0.0,5,hai bro,13,2,7,1,-1.2488724541535483,-0.7216667060359546,0.0,0.0,0.0,0.0,0.0,0.0,0.0,0.0,0.0,0.0,0.0,0.0,0.0,0.0,0.0,0.0,0.0,0.01,0.0,0.0,0.0,0.0,0.0,0.0,0.0,0.0,0.0,0.0,0.0,0.0,0.01,0.0,0.0,0.0,0.0,0.0,0.0,0.0,0.0,0.0,0.0,0.0,0.0,0.0,0.0,0.0,0.0,0.0,0.0,0.0,0.0,0.0,0.0,0.0,0.0,0,0,1.0,0.5,0,0.0,0,0.0,0.0,0.0992,easy,2.821,0,0,0,0,0,0,0,0,0,0,0,0,0,0,0,0,0,0,0,0,0
344,175,1,5f20302846a7f03dda9b8687,2020-07-28 14:58:20.003000+00:00,i agree,0.8,0,0.0,5,i agree,14,2,7,1,-1.2488724541535483,-0.7216667060359546,0.0,0.0,0.0,0.0,0.0,0.0,0.0,0.0,0.0,0.0,0.0,0.0,0.0,0.0,0.0,0.0,0.0,0.0,0.0,0.0,0.01,0.0,0.0,0.0,0.0,0.0,0.0,0.0,0.0,0.0,0.0,0.0,0.0,0.0,0.0,0.0,0.0,0.01,0.0,0.0,0.0,0.0,0.0,0.0,0.0,0.0,0.0,0.0,0.0,0.0,0.0,0.0,0.01,0.01,0.0,0,0,1.0,0.5,0,0.0,0,0.0,0.0,0.0992,easy,1.208,0,0,0,0,0,0,0,0,0,0,0,1,0,0,0,0,0,0,0,0,0
344,175,1,5f1b603446a7f03dda9ad382,2020-07-28 14:58:26.659000+00:00,good morming,0.8,0,0.0,5,good morming,15,2,12,1,-1.1509241608428669,-0.575893630751884,0.0,0.0,0.0,0.0,0.0,0.0,0.0,0.0,0.0,0.0,0.0,0.0,0.0,0.0,0.0,0.0,0.0,0.0,0.0,0.0,0.009999999999999998,0.0,0.0,0.0,0.0,0.0,0.0,0.0,0.0,0.0,0.0,0.0,0.0,0.0,0.0,0.0,0.0,0.0,0.0,0.0,0.0,0.0,0.0,0.0,0.0,0.0,0.0,0.0,0.0,0.0,0.0,0.009999999999999998,0.0,0.0,0.0,0,0,1.0,0.0,0,0.0,0,0.6000000000000001,0.7,0.0992,easy,6.656,0,0,0,0,0,0,1,0,0,0,0,0,0,0,0,0,0,1,0,0,0
344,175,1,5f20302846a7f03dda9b8687,2020-07-28 14:58:31.635000+00:00,best describe hi who are you,0.8,0,0.0,5,best describe hi who are you,16,6,28,1,-0.8570792809108222,-0.13857440489967207,0.0,0.0,0.0,0.0,0.0,0.0,0.0,0.01,0.0,0.0,0.0,0.0,0.0,0.0,0.0,0.0,0.0,0.0,0.0,0.01,0.01,0.0,0.0,0.02,0.0,0.0,0.0,0.0,0.0,0.0,0.04,0.01,0.0,0.0,0.0,0.0,0.0,0.0,0.0,0.0,0.0,0.02,0.0,0.0,0.0,0.01,0.0,0.0,0.0,0.0,0.01,0.01,0.0,0.030000000000000002,0.0,0,0,1.0,0.16666666666666666,0,0.0,0,0.3,1.0,0.2976,easy,4.976,0,0,0,0,0,0,0,0,0,0,0,0,1,0,0,0,0,1,0,0,0
344,175,1,5f1b603446a7f03dda9ad382,2020-07-28 14:58:46.006000+00:00,i think this person is the asshole,0.8,0,0.0,5,i think this person is the asshole,17,7,34,1,-0.7591309876001406,0.007198670384398582,0.0,0.0,0.0,0.0,0.0,0.0,0.0,0.0,0.0,0.0,0.0,0.0,0.01,0.0,0.0,0.0,0.0,0.0,0.0,0.0,0.0,0.01,0.01,0.02,0.0,0.0,0.0,0.0,0.0,0.0,0.01,0.01,0.0,0.0,0.0,0.0,0.01,0.01,0.0,0.0,0.0,0.02,0.0,0.01,0.0,0.01,0.01,0.0,0.0,0.0,0.0,0.0,0.01,0.04,0.0,0,0,1.0,0.14285714285714285,0,0.0,0,0.0,0.0,0.3472,easy,14.371,0,0,1,0,1,0,0,0,0,0,0,1,0,0,0,0,0,0,0,0,0
344,175,1,5f2031ae46a7f03dda9b8950,2020-07-28 14:58:51.738000+00:00,your area covid 19 how many member affect,0.8,0,0.0,5,your area covid 19 how many member affect,18,8,41,1,-0.5632344009787775,0.2987448209525399,0.0,0.0,0.0,0.01,0.0,0.0,0.0,0.0,0.01,0.0,0.0,0.0,0.0,0.0,0.0,0.0,0.0,0.0,0.0,0.01,0.0,0.0,0.0,0.0,0.0,0.0,0.01,0.0,0.0,0.0,0.01,0.0,0.0,0.0,0.0,0.02,0.0,0.0,0.0,0.0,0.0,0.0,0.0,0.0,0.0,0.0,0.02,0.0,0.0,0.0,0.01,0.0,0.0,0.02,0.0,0,0,1.0,0.0,0,0.0,0,0.5,0.5,0.3968,easy,5.732,0,0,0,0,0,0,0,0,0,0,0,0,0,1,0,0,0,0,0,0,0
344,175,1,5d482ea621c9be351f7628ea,2020-07-28 14:58:54.690000+00:00,me too,0.8,0,0.0,5,me too,19,2,6,1,-1.1509241608428669,-0.575893630751884,0.0,0.0,0.0,0.0,0.0,0.0,0.0,0.0,0.009999999999999998,0.0,0.0,0.0,0.0,0.0,0.0,0.0,0.0,0.0,0.0,0.0,0.0,0.0,0.0,0.0,0.0,0.0,0.0,0.0,0.0,0.0,0.0,0.0,0.0,0.0,0.0,0.0,0.0,0.009999999999999998,0.0,0.0,0.0,0.0,0.0,0.0,0.0,0.0,0.0,0.0,0.0,0.0,0.0,0.0,0.009999999999999998,0.019999999999999997,0.0,0,0,1.0,0.0,0,0.0,0,0.0,0.0,0.0992,easy,2.952,0,0,0,0,0,0,0,0,0,0,0,0,0,0,0,0,0,0,0,0,0
344,175,1,5f20302846a7f03dda9b8687,2020-07-28 14:58:57.323000+00:00,i am agree,0.8,0,0.0,5,i am agree,20,3,10,1,-1.1509241608428669,-0.575893630751884,0.0,0.0,0.0,0.0,0.0,0.0,0.0,0.0,0.0,0.0,0.0,0.0,0.0,0.0,0.0,0.0,0.0,0.0,0.0,0.0,0.010000000000000002,0.0,0.0,0.010000000000000002,0.0,0.0,0.0,0.0,0.0,0.0,0.0,0.0,0.0,0.0,0.0,0.0,0.0,0.010000000000000002,0.0,0.0,0.0,0.010000000000000002,0.0,0.0,0.0,0.010000000000000002,0.0,0.0,0.0,0.0,0.0,0.0,0.010000000000000002,0.020000000000000004,0.0,0,0,1.0,0.3333333333333333,0,0.0,0,0.0,0.0,0.1488,easy,2.633,0,0,0,0,0,0,0,0,0,0,0,1,0,0,0,0,0,0,0,0,0
344,175,1,5f20300046a7f03dda9b8683,2020-07-28 14:58:59.898000+00:00,but he can speak english he just has an accent,0.8,0,0.0,5,"but he can speak english, he just has an accent.",21,10,46,1,-0.36733781435741436,0.5902909715206812,0.0,0.01,0.0,0.01,0.0,0.0,0.0,0.0,0.01,0.0,0.02,0.0,0.0,0.0,0.0,0.0,0.0,0.0,0.0,0.0,0.0,0.0,0.0,0.02,0.0,0.0,0.0,0.0,0.0,0.0,0.03,0.0,0.0,0.0,0.0,0.0,0.0,0.0,0.0,0.0,0.02,0.02,0.0,0.01,0.02,0.02,0.02,0.0,0.0,0.01,0.0,0.0,0.0,0.07,0.0,0,0,0.9,0.0,0,0.0,0,0.0,0.0,0.496,easy,2.575,0,0,0,0,0,0,0,0,0,0,0,0,0,0,0,0,1,0,0,0,0
345,175,3,5f1b603446a7f03dda9ad382,2020-07-28 15:27:53.202000+00:00,hai,1.0,1,0.2,5,hai,1,1,3,1,-1.2488724541535483,-1.020277660920284,0.0,0.0,0.0,0.0,0.0,0.0,0.0,0.0,0.0,0.0,0.0,0.0,0.0,0.0,0.0,0.0,0.0,0.0,0.0,0.0,0.0,0.0,0.0,0.0,0.0,0.0,0.0,0.0,0.0,0.0,0.0,0.0,0.0,0.0,0.0,0.0,0.0,0.0,0.0,0.0,0.0,0.0,0.0,0.0,0.0,0.0,0.0,0.0,0.0,0.0,0.0,0.0,0.0,0.0,0.0,0,0,1.0,0.0,0,0.0,0,0.0,0.0,0.0496,easy,0.0,0,0,0,0,0,0,0,0,0,0,0,0,0,0,0,0,0,0,0,0,0
345,175,3,5d482ea721c9be351f762e62,2020-07-28 15:27:53.783000+00:00,good morning everyone,1.0,1,0.2,5,good morning everyone,2,3,21,1,-1.0529758675321852,-0.5640355619338179,0.0,0.0,0.0,0.0,0.0,0.0,0.0,0.0,0.0,0.0,0.0,0.0,0.0,0.0,0.0,0.0,0.0,0.0,0.0,0.0,0.009999999999999998,0.0,0.0,0.0,0.0,0.0,0.009999999999999998,0.0,0.0,0.0,0.009999999999999998,0.009999999999999998,0.0,0.0,0.0,0.0,0.0,0.0,0.0,0.0,0.0,0.0,0.0,0.0,0.0,0.0,0.0,0.0,0.0,0.0,0.0,0.009999999999999998,0.0,0.0,0.0,0,0,1.0,0.0,0,0.0,0,0.6000000000000001,0.7,0.1488,easy,0.581,0,0,0,0,0,0,1,0,0,0,0,0,0,0,0,0,0,1,0,0,0
345,175,3,5f20302846a7f03dda9b8687,2020-07-28 15:27:54.096000+00:00,hii,1.0,1,0.2,5,hii,3,1,3,1,-1.2488724541535483,-1.020277660920284,0.0,0.0,0.0,0.0,0.0,0.0,0.0,0.0,0.0,0.0,0.0,0.0,0.0,0.0,0.0,0.0,0.0,0.0,0.0,0.0,0.0,0.0,0.0,0.0,0.0,0.0,0.0,0.0,0.0,0.0,0.0,0.0,0.0,0.0,0.0,0.0,0.0,0.0,0.0,0.0,0.0,0.0,0.0,0.0,0.0,0.0,0.0,0.0,0.0,0.0,0.0,0.0,0.0,0.0,0.0,0,0,1.0,0.0,0,0.0,0,0.0,0.0,0.0496,easy,0.313,0,0,0,0,0,0,0,0,0,0,0,0,0,0,0,0,0,0,0,0,0
345,175,3,5f20300046a7f03dda9b8683,2020-07-28 15:27:56.063000+00:00,hi,1.0,1,0.2,5,hi,4,1,2,1,-1.2488724541535483,-1.020277660920284,0.0,0.0,0.0,0.0,0.0,0.0,0.0,0.0,0.0,0.0,0.0,0.0,0.0,0.0,0.0,0.0,0.0,0.0,0.0,0.0,0.0,0.0,0.0,0.0,0.0,0.0,0.0,0.0,0.0,0.0,0.01,0.0,0.0,0.0,0.0,0.0,0.0,0.0,0.0,0.0,0.0,0.0,0.0,0.0,0.0,0.0,0.0,0.0,0.0,0.0,0.0,0.0,0.0,0.0,0.0,0,0,1.0,0.0,0,0.0,0,0.0,0.0,0.0496,easy,1.967,0,0,0,0,0,0,0,0,0,0,0,0,0,0,1,0,0,0,0,0,0
345,175,3,5f20302846a7f03dda9b8687,2020-07-28 15:27:57.301000+00:00,hello,1.0,1,0.2,5,hello,5,1,5,1,-1.2488724541535483,-1.020277660920284,0.0,0.0,0.0,0.0,0.0,0.0,0.0,0.0,0.0,0.0,0.0,0.0,0.0,0.0,0.0,0.0,0.0,0.0,0.0,0.0,0.0,0.0,0.0,0.0,0.0,0.0,0.0,0.0,0.0,0.0,0.010000000000000002,0.0,0.0,0.0,0.0,0.0,0.0,0.0,0.0,0.0,0.0,0.0,0.0,0.0,0.0,0.0,0.0,0.0,0.0,0.0,0.0,0.0,0.0,0.0,0.0,0,0,1.0,0.0,0,0.0,0,0.0,0.0,0.0496,easy,1.238,0,0,0,0,0,0,0,0,0,0,0,0,0,0,1,0,0,0,0,0,0
345,175,3,5f1b603446a7f03dda9ad382,2020-07-28 15:28:00.376000+00:00,good morning,1.0,1,0.2,5,good morning,6,2,12,1,-1.1509241608428669,-0.792156611427051,0.0,0.0,0.0,0.0,0.0,0.0,0.0,0.0,0.0,0.0,0.0,0.0,0.0,0.0,0.0,0.0,0.0,0.0,0.0,0.0,0.009999999999999998,0.0,0.0,0.0,0.0,0.0,0.009999999999999998,0.0,0.0,0.0,0.0,0.0,0.0,0.0,0.0,0.0,0.0,0.0,0.0,0.0,0.0,0.0,0.0,0.0,0.0,0.0,0.0,0.0,0.0,0.0,0.0,0.009999999999999998,0.0,0.0,0.0,0,0,1.0,0.0,0,0.0,0,0.6000000000000001,0.7,0.0992,easy,3.075,0,0,0,0,0,0,1,0,0,0,0,0,0,0,0,0,0,1,0,0,0
345,175,3,5d482ea621c9be351f7628ea,2020-07-28 15:28:00.560000+00:00,wassup,1.0,1,0.2,5,wassup,7,1,6,1,-1.2488724541535483,-1.020277660920284,0.0,0.0,0.0,0.0,0.0,0.0,0.0,0.0,0.0,0.0,0.0,0.0,0.0,0.0,0.0,0.0,0.0,0.0,0.0,0.0,0.0,0.0,0.0,0.0,0.0,0.0,0.0,0.0,0.0,0.0,0.0,0.0,0.0,0.0,0.0,0.0,0.0,0.0,0.0,0.0,0.0,0.0,0.0,0.0,0.0,0.0,0.0,0.0,0.0,0.0,0.0,0.0,0.0,0.0,0.0,0,0,1.0,0.0,0,0.0,0,0.0,0.0,0.0496,easy,0.184,0,0,0,0,0,0,0,0,0,0,0,0,0,0,0,0,0,0,0,0,0
345,175,3,5d482ea721c9be351f762e62,2020-07-28 15:28:02.139000+00:00,open lightbear here,1.0,1,0.2,5,open lightbear here,8,3,19,1,-1.0529758675321852,-0.5640355619338179,0.0,0.0,0.0,0.0,0.0,0.01,0.0,0.0,0.01,0.0,0.0,0.0,0.0,0.0,0.0,0.0,0.0,0.0,0.0,0.0,0.0,0.0,0.0,0.0,0.0,0.0,0.01,0.0,0.0,0.0,0.0,0.0,0.0,0.0,0.0,0.0,0.0,0.0,0.0,0.0,0.0,0.0,0.0,0.0,0.0,0.0,0.01,0.0,0.0,0.0,0.0,0.0,0.0,0.01,0.0,0,0,1.0,0.0,0,0.0,0,0.5,0.0,0.1488,easy,1.579,0,0,0,0,0,0,0,0,0,0,0,0,0,0,0,0,0,0,0,0,0
345,175,3,5d482ea521c9be351f762700,2020-07-28 15:28:03.414000+00:00,greetings,1.0,1,0.2,5,greetings.,9,1,9,1,-1.2488724541535483,-1.020277660920284,0.0,0.0,0.0,0.0,0.0,0.0,0.0,0.0,0.0,0.0,0.0,0.0,0.0,0.0,0.0,0.0,0.0,0.0,0.0,0.0,0.0,0.0,0.0,0.0,0.0,0.0,0.0,0.0,0.0,0.0,0.0,0.0,0.0,0.0,0.0,0.0,0.0,0.0,0.0,0.0,0.0,0.0,0.0,0.0,0.0,0.0,0.0,0.0,0.0,0.0,0.0,0.0,0.0,0.0,0.0,0,0,1.0,0.0,0,0.0,0,0.0,0.0,0.0496,easy,1.275,0,0,0,0,0,0,0,0,0,0,0,0,0,0,0,0,0,0,0,0,0
345,175,3,5f20300046a7f03dda9b8683,2020-07-28 15:28:03.813000+00:00,good morning,1.0,1,0.2,5,good morning,10,2,12,1,-1.1509241608428669,-0.792156611427051,0.0,0.0,0.0,0.0,0.0,0.0,0.0,0.0,0.0,0.0,0.0,0.0,0.0,0.0,0.0,0.0,0.0,0.0,0.0,0.0,0.009999999999999998,0.0,0.0,0.0,0.0,0.0,0.009999999999999998,0.0,0.0,0.0,0.0,0.0,0.0,0.0,0.0,0.0,0.0,0.0,0.0,0.0,0.0,0.0,0.0,0.0,0.0,0.0,0.0,0.0,0.0,0.0,0.0,0.009999999999999998,0.0,0.0,0.0,0,0,1.0,0.0,0,0.0,0,0.6000000000000001,0.7,0.0992,easy,0.399,0,0,0,0,0,0,1,0,0,0,0,0,0,0,0,0,0,1,0,0,0
345,175,3,5f20302846a7f03dda9b8687,2020-07-28 15:28:05.849000+00:00,good morning for every one,1.0,1,0.2,5,good morning for every one,11,5,26,1,-0.8570792809108222,-0.10779346294735188,0.0,0.0,0.0,0.0,0.01,0.0,0.0,0.0,0.0,0.0,0.0,0.0,0.0,0.0,0.0,0.0,0.0,0.0,0.0,0.01,0.01,0.0,0.0,0.0,0.0,0.0,0.01,0.0,0.0,0.0,0.0,0.0,0.0,0.0,0.0,0.0,0.0,0.0,0.0,0.0,0.0,0.0,0.0,0.0,0.0,0.0,0.01,0.01,0.0,0.0,0.0,0.01,0.0,0.01,0.0,0,0,1.0,0.0,0,0.09400506614128905,0,0.6000000000000001,0.7,0.248,easy,2.036,0,0,0,0,0,0,1,0,0,0,0,0,0,0,0,0,0,1,0,0,0
345,175,3,5f2031ae46a7f03dda9b8950,2020-07-28 15:28:06.468000+00:00,yes agree hai,1.0,1,0.2,5,yes agree hai,12,3,13,1,-1.0529758675321852,-0.5640355619338179,0.0,0.0,0.0,0.0,0.0,0.0,0.0,0.0,0.0,0.0,0.0,0.0,0.0,0.0,0.0,0.0,0.0,0.0,0.0,0.0,0.01,0.0,0.0,0.0,0.0,0.0,0.0,0.0,0.0,0.0,0.0,0.0,0.0,0.0,0.0,0.0,0.0,0.0,0.0,0.0,0.0,0.0,0.0,0.0,0.01,0.0,0.0,0.0,0.0,0.0,0.0,0.0,0.0,0.0,0.0,0,0,1.0,0.0,0,0.0,0,0.0,0.0,0.1488,easy,0.619,0,0,0,0,0,0,0,0,0,0,0,0,0,0,0,0,0,0,0,0,0
345,175,3,5f20302846a7f03dda9b8687,2020-07-28 15:28:17.022000+00:00,yes i am agree,1.0,1,0.2,5,yes i am agree,13,4,14,1,-1.0529758675321852,-0.5640355619338179,0.0,0.0,0.0,0.0,0.0,0.0,0.0,0.0,0.0,0.0,0.0,0.0,0.0,0.0,0.0,0.0,0.0,0.0,0.0,0.0,0.01,0.0,0.0,0.01,0.0,0.0,0.0,0.0,0.0,0.0,0.0,0.0,0.0,0.0,0.0,0.0,0.0,0.01,0.0,0.0,0.0,0.01,0.0,0.0,0.01,0.01,0.0,0.0,0.0,0.0,0.0,0.0,0.01,0.02,0.0,0,0,1.0,0.25,0,0.0019942136211587693,0,0.0,0.0,0.1984,easy,10.554,0,0,0,0,0,0,0,0,0,0,1,0,0,0,0,0,0,0,0,0,0
345,175,3,5f2031ae46a7f03dda9b8950,2020-07-28 15:28:21.983000+00:00,all of fine,1.0,1,0.2,5,all of fine,14,3,11,1,-1.0529758675321852,-0.5640355619338179,0.0,0.0,0.0,0.0,0.01,0.0,0.0,0.0,0.0,0.0,0.0,0.0,0.0,0.0,0.0,0.0,0.0,0.0,0.0,0.0,0.01,0.0,0.0,0.0,0.0,0.0,0.0,0.0,0.0,0.0,0.0,0.0,0.0,0.0,0.0,0.0,0.0,0.0,0.0,0.0,0.0,0.0,0.0,0.0,0.0,0.0,0.01,0.01,0.0,0.0,0.0,0.01,0.0,0.02,0.0,0,0,1.0,0.0,0,0.0,0,0.5,0.4166666666666667,0.1488,easy,4.961,0,0,0,0,0,0,0,0,0,0,0,0,0,0,0,0,0,1,0,0,0
345,175,3,5f20302846a7f03dda9b8687,2020-07-28 15:28:23.956000+00:00,good and best describe,1.0,1,0.2,5,good and best describe,15,4,22,1,-0.9550275742215037,-0.3359145124405849,0.0,0.0,0.0,0.01,0.0,0.01,0.0,0.01,0.0,0.0,0.0,0.0,0.0,0.0,0.0,0.0,0.0,0.0,0.0,0.01,0.02,0.0,0.0,0.01,0.0,0.0,0.0,0.0,0.0,0.0,0.01,0.0,0.0,0.0,0.0,0.0,0.0,0.0,0.0,0.0,0.0,0.01,0.0,0.0,0.01,0.0,0.01,0.0,0.0,0.0,0.0,0.02,0.0,0.01,0.0,0,0,1.0,0.0,0,0.0,0,0.45000000000000007,0.85,0.1984,easy,1.973,0,0,0,0,0,0,1,0,0,0,0,0,0,0,0,0,0,1,0,0,0
345,175,3,5f20300046a7f03dda9b8683,2020-07-28 15:28:26.283000+00:00, american but recently married a german guy ,1.0,1,0.2,5, american but recently married a german guy ,16,7,44,1,-0.6611826942894591,0.34844863603911413,0.0,0.0,0.0,0.01,0.0,0.0,0.0,0.0,0.0,0.0,0.0,0.0,0.0,0.0,0.0,0.0,0.0,0.01,0.0,0.0,0.0,0.0,0.01,0.0,0.0,0.0,0.01,0.0,0.0,0.0,0.02,0.0,0.0,0.0,0.0,0.0,0.0,0.0,0.0,0.0,0.01,0.0,0.0,0.01,0.01,0.0,0.01,0.0,0.0,0.0,0.0,0.01,0.0,0.02,0.0,0,0,1.0,0.0,0,0.0,0,0.08333333333333333,0.08333333333333333,0.3472,easy,2.327,0,0,0,0,0,0,0,0,0,0,0,0,0,0,0,0,0,0,0,0,0
345,175,3,5f20302846a7f03dda9b8687,2020-07-28 15:28:27.813000+00:00,best,1.0,1,0.2,5,best,17,1,4,1,-1.2488724541535483,-1.020277660920284,0.0,0.0,0.0,0.0,0.0,0.0,0.0,0.01,0.0,0.0,0.0,0.0,0.0,0.0,0.0,0.0,0.0,0.0,0.0,0.0,0.01,0.0,0.0,0.0,0.0,0.0,0.0,0.0,0.0,0.0,0.0,0.0,0.0,0.0,0.0,0.0,0.0,0.0,0.0,0.0,0.0,0.0,0.0,0.0,0.0,0.0,0.0,0.0,0.0,0.0,0.0,0.01,0.0,0.0,0.0,0,0,1.0,0.0,0,0.0,0,0.3,1.0,0.0496,easy,1.53,0,0,0,0,0,0,0,0,0,0,0,0,0,0,0,0,0,1,0,0,0
345,175,3,5f1b603446a7f03dda9ad382,2020-07-28 15:28:29.062000+00:00,i am agree,1.0,1,0.2,5,i am agree,18,3,10,1,-1.1509241608428669,-0.792156611427051,0.0,0.0,0.0,0.0,0.0,0.0,0.0,0.0,0.0,0.0,0.0,0.0,0.0,0.0,0.0,0.0,0.0,0.0,0.0,0.0,0.010000000000000002,0.0,0.0,0.010000000000000002,0.0,0.0,0.0,0.0,0.0,0.0,0.0,0.0,0.0,0.0,0.0,0.0,0.0,0.010000000000000002,0.0,0.0,0.0,0.010000000000000002,0.0,0.0,0.0,0.010000000000000002,0.0,0.0,0.0,0.0,0.0,0.0,0.010000000000000002,0.020000000000000004,0.0,0,0,1.0,0.3333333333333333,0,0.0,0,0.0,0.0,0.1488,easy,1.249,0,0,0,0,0,0,0,0,0,0,0,1,0,0,0,0,0,0,0,0,0
345,175,3,5d482ea521c9be351f762700,2020-07-28 15:28:34.586000+00:00,why is everyone so bad at communicating,1.0,1,0.2,5,why is everyone so bad at communicating.,19,7,39,1,-0.6611826942894591,0.34844863603911413,0.0,0.0,0.0,0.01,0.0,0.0,0.0,0.0,0.01,0.0,0.0,0.0,0.0,0.0,0.0,0.0,0.0,0.0,0.0,0.0,0.0,0.0,0.0,0.01,0.0,0.0,0.01,0.0,0.0,0.0,0.02,0.01,0.0,0.0,0.0,0.01,0.0,0.0,0.0,0.0,0.0,0.01,0.0,0.0,0.01,0.01,0.01,0.01,0.0,0.0,0.0,0.0,0.0,0.04,0.0,1,0,1.0,0.0,0,0.0,0,0.6666666666666666,-0.6999999999999998,6.239414285714286,difficult,5.524,0,0,0,0,0,0,0,0,0,0,0,0,0,0,0,1,0,0,1,0,0
345,175,3,5f2031ae46a7f03dda9b8950,2020-07-28 15:28:37.320000+00:00,yes i agreee,1.0,1,0.2,5,yes i agreee,20,3,12,1,-1.1509241608428669,-0.792156611427051,0.0,0.0,0.0,0.0,0.0,0.0,0.0,0.0,0.0,0.0,0.0,0.0,0.0,0.0,0.0,0.0,0.0,0.0,0.0,0.0,0.0,0.0,0.0,0.0,0.0,0.0,0.0,0.0,0.0,0.0,0.0,0.0,0.0,0.0,0.0,0.0,0.0,0.009999999999999998,0.0,0.0,0.0,0.0,0.0,0.0,0.009999999999999998,0.0,0.0,0.0,0.0,0.0,0.0,0.0,0.009999999999999998,0.009999999999999998,0.0,0,0,1.0,0.3333333333333333,0,0.0,0,0.0,0.0,0.1488,easy,2.734,0,0,0,0,0,0,0,0,0,0,1,0,0,0,0,0,0,0,0,0,0
345,175,3,5d482ea721c9be351f762e62,2020-07-28 15:28:40.483000+00:00,so my first thought was that op was in a bit of a bind ,1.0,1,0.2,5,so my first thought was that op was in a bit of a bind. ,21,14,55,1,-0.07349293442536971,1.7171749329985122,0.0,0.0,0.0,0.01,0.0,0.0,0.0,0.01,0.01,0.0,0.0,0.0,0.0,0.0,0.0,0.0,0.0,0.0,0.0,0.01,0.0,0.01,0.0,0.0,0.0,0.030000000000000002,0.02,0.0,0.0,0.0,0.0,0.01,0.0,0.0,0.0,0.0,0.0,0.01,0.0,0.0,0.0,0.030000000000000002,0.0,0.02,0.01,0.02,0.01,0.02,0.0,0.0,0.0,0.02,0.01,0.09000000000000001,0.0,0,0,0.8571428571428571,0.07142857142857142,0,0.0,0,0.3333333333333333,0.25,0.6944,easy,3.163,0,0,1,0,0,0,0,0,0,0,1,0,0,0,0,0,1,0,0,0,0
345,175,3,5d482ea621c9be351f7628ea,2020-07-28 15:28:41.635000+00:00,i think hes not the asshole,1.0,1,0.2,5,i think he's not the asshole,22,6,27,1,-0.8570792809108222,-0.10779346294735188,0.0,0.0,0.0,0.0,0.0,0.0,0.0,0.0,0.0,0.0,0.01,0.01,0.01,0.0,0.0,0.0,0.0,0.0,0.0,0.0,0.0,0.01,0.0,0.02,0.0,0.0,0.0,0.0,0.0,0.0,0.01,0.0,0.0,0.0,0.0,0.0,0.01,0.01,0.0,0.0,0.01,0.02,0.0,0.01,0.0,0.01,0.02,0.0,0.0,0.0,0.0,0.0,0.01,0.03,0.0,0,0,1.0,0.16666666666666666,0,0.0,0,0.0,0.0,0.2976,easy,1.152,0,0,1,0,1,0,0,0,0,0,0,1,0,0,0,0,0,0,0,0,0
345,175,3,5f20300046a7f03dda9b8683,2020-07-28 15:28:46.893000+00:00,but now live parttime in germany and parttime in the us,1.0,1,0.2,5,but now live part-time in germany and part-time in the u.s.,23,11,55,1,-0.2693895210467328,1.2609328340120463,0.0,0.0,0.0,0.02,0.0,0.01,0.0,0.0,0.01,0.0,0.0,0.0,0.0,0.0,0.0,0.0,0.0,0.0,0.0,0.0,0.0,0.0,0.0,0.0,0.0,0.0,0.030000000000000002,0.0,0.0,0.0,0.01,0.0,0.0,0.0,0.0,0.0,0.0,0.0,0.0,0.0,0.01,0.0,0.0,0.01,0.02,0.0,0.02,0.02,0.01,0.0,0.0,0.0,0.0,0.060000000000000005,0.0,0,0,0.8181818181818182,0.0,1,0.0,0,0.5,0.13636363636363635,0.5456,easy,5.258,0,0,0,0,0,0,0,0,0,1,0,0,0,0,0,0,1,0,0,0,0
346,177,2,5f2096dab0aafc741f6865bb,2020-07-28 22:15:09.514000+00:00,i am active,1.0,2,0.666666667,3,i am active,1,3,11,1,-1.1509241608428669,-0.9860416047503531,0.0,0.0,0.0,0.0,0.0,0.0,0.0,0.0,0.0,0.0,0.0,0.0,0.0,0.0,0.0,0.0,0.0,0.0,0.0,0.0,0.01,0.0,0.0,0.01,0.0,0.0,0.0,0.0,0.0,0.0,0.0,0.0,0.0,0.0,0.0,0.0,0.0,0.01,0.0,0.0,0.0,0.01,0.0,0.0,0.0,0.01,0.0,0.0,0.0,0.0,0.0,0.0,0.01,0.02,0.0,0,0,1.0,0.3333333333333333,0,0.0,0,0.6,-0.13333333333333333,0.1488,easy,0.0,0,0,0,0,0,0,0,0,0,0,0,1,0,0,0,0,0,0,0,0,0
346,177,2,5f1f4c3046a7f03dda9b4341,2020-07-28 22:15:20.344000+00:00,hi buddy,1.0,2,0.666666667,3,hi buddy,2,2,8,1,-1.2488724541535483,-1.109612036036203,0.0,0.0,0.0,0.0,0.0,0.0,0.0,0.0,0.0,0.0,0.0,0.0,0.0,0.0,0.0,0.0,0.0,0.0,0.0,0.0,0.0,0.0,0.0,0.0,0.0,0.0,0.0,0.0,0.0,0.0,0.02,0.0,0.0,0.0,0.0,0.0,0.0,0.0,0.0,0.0,0.0,0.0,0.01,0.0,0.0,0.0,0.0,0.0,0.0,0.0,0.0,0.0,0.0,0.0,0.0,0,0,1.0,0.5,0,0.0,0,0.0,0.0,0.0992,easy,10.83,0,0,0,0,0,0,0,0,0,0,0,0,0,0,1,0,0,0,0,0,0
346,177,2,5f2096dab0aafc741f6865bb,2020-07-28 22:15:20.975000+00:00,hii,1.0,2,0.666666667,3,hii,3,1,3,1,-1.2488724541535483,-1.109612036036203,0.0,0.0,0.0,0.0,0.0,0.0,0.0,0.0,0.0,0.0,0.0,0.0,0.0,0.0,0.0,0.0,0.0,0.0,0.0,0.0,0.0,0.0,0.0,0.0,0.0,0.0,0.0,0.0,0.0,0.0,0.0,0.0,0.0,0.0,0.0,0.0,0.0,0.0,0.0,0.0,0.0,0.0,0.0,0.0,0.0,0.0,0.0,0.0,0.0,0.0,0.0,0.0,0.0,0.0,0.0,0,0,1.0,0.0,0,0.0,0,0.0,0.0,0.0496,easy,0.631,0,0,0,0,0,0,0,0,0,0,0,0,0,0,0,0,0,0,0,0,0
346,177,2,5f18c89c46a7f03dda99e1d0,2020-07-28 22:15:27.996000+00:00,hello,1.0,2,0.666666667,3,hello!,4,1,5,1,-1.2488724541535483,-1.109612036036203,0.0,0.0,0.0,0.0,0.0,0.0,0.0,0.0,0.0,0.0,0.0,0.0,0.0,0.0,0.0,0.0,0.0,0.0,0.0,0.0,0.0,0.0,0.0,0.0,0.0,0.0,0.0,0.0,0.0,0.0,0.010000000000000002,0.0,0.0,0.0,0.0,0.0,0.0,0.0,0.0,0.0,0.0,0.0,0.0,0.0,0.0,0.0,0.0,0.0,0.0,0.0,0.0,0.0,0.0,0.0,0.0,0,0,1.0,0.0,0,0.0,0,0.0,0.0,0.0496,easy,7.021,0,0,0,0,0,0,0,0,0,0,0,0,0,0,1,0,0,0,0,0,0
346,177,2,5f1a214246a7f03dda9a6aad,2020-07-28 22:15:30.592000+00:00,hey hey,1.0,2,0.666666667,3,hey hey,5,2,7,1,-1.1509241608428669,-0.9860416047503531,0.0,0.0,0.0,0.0,0.0,0.0,0.0,0.0,0.0,0.0,0.0,0.0,0.0,0.0,0.0,0.0,0.0,0.0,0.0,0.0,0.0,0.0,0.0,0.0,0.0,0.0,0.0,0.0,0.0,0.0,0.02,0.0,0.0,0.0,0.0,0.0,0.0,0.0,0.0,0.0,0.0,0.0,0.0,0.0,0.0,0.0,0.0,0.0,0.0,0.0,0.0,0.0,0.0,0.0,0.0,0,0,0.5,0.0,0,0.0,0,0.0,0.0,0.0992,easy,2.596,0,0,0,0,0,0,0,0,0,0,0,0,0,0,1,0,0,0,0,0,0
346,177,2,5f1f466846a7f03dda9b37c3,2020-07-28 22:15:32.308000+00:00,this person is correct in their feelings,1.0,2,0.666666667,3,this person is correct in their feelings,6,7,40,1,-0.6611826942894591,-0.3681894483211037,0.0,0.0,0.0,0.0,0.010000000000000002,0.0,0.0,0.0,0.0,0.0,0.0,0.0,0.0,0.0,0.0,0.0,0.0,0.0,0.0,0.0,0.0,0.010000000000000002,0.010000000000000002,0.010000000000000002,0.0,0.0,0.010000000000000002,0.0,0.0,0.0,0.020000000000000004,0.010000000000000002,0.0,0.0,0.0,0.0,0.0,0.0,0.010000000000000002,0.0,0.0,0.010000000000000002,0.0,0.0,0.0,0.010000000000000002,0.020000000000000004,0.010000000000000002,0.0,0.010000000000000002,0.0,0.010000000000000002,0.0,0.04000000000000001,0.0,0,0,1.0,0.0,0,0.0,0,0.0,0.0,0.3472,easy,1.716,0,0,0,0,0,0,0,0,0,0,0,0,0,0,0,0,0,1,0,0,0
346,177,2,5f2096dab0aafc741f6865bb,2020-07-28 22:15:32.945000+00:00,how are u my name is brianne,1.0,2,0.666666667,3,how are u my name is brianne,7,7,28,1,-0.7591309876001406,-0.49175987960695355,0.0,0.0,0.0,0.01,0.0,0.0,0.0,0.0,0.01,0.0,0.0,0.0,0.0,0.0,0.0,0.0,0.0,0.0,0.0,0.0,0.0,0.0,0.0,0.02,0.0,0.0,0.0,0.0,0.0,0.0,0.01,0.0,0.0,0.0,0.0,0.01,0.0,0.01,0.0,0.0,0.0,0.02,0.0,0.0,0.0,0.02,0.02,0.0,0.0,0.0,0.01,0.0,0.01,0.04,0.0,1,0,1.0,0.14285714285714285,1,0.0,0,0.0,0.0,0.3472,easy,0.637,0,0,0,0,0,0,0,0,0,0,1,0,0,0,0,1,0,0,0,0,0
346,177,2,5f1a214246a7f03dda9a6aad,2020-07-28 22:16:11.908000+00:00,i think the author here is correct in how they feel but isnt considering the whole situation,1.0,2,0.666666667,3,"i think the author here is correct in how they feel, but isn't considering the whole situation.",8,17,92,1,0.22035194550667497,0.7439444332515454,0.0,0.0,0.0,0.02,0.01,0.0,0.0,0.0,0.02,0.0,0.0,0.01,0.0,0.0,0.0,0.0,0.0,0.0,0.0,0.01,0.0,0.03,0.0,0.04,0.0,0.0,0.01,0.0,0.0,0.0,0.01,0.0,0.0,0.0,0.0,0.01,0.0,0.01,0.01,0.0,0.01,0.04,0.0,0.02,0.01,0.02,0.06,0.01,0.0,0.01,0.0,0.01,0.01,0.09000000000000001,0.0,0,0,0.9411764705882353,0.058823529411764705,1,0.0019193857965451055,0,0.4,0.2,5.408523529411765,medium,38.963,0,0,1,0,1,0,0,0,0,0,0,1,0,0,0,0,0,1,0,0,0
346,177,2,5f1f472646a7f03dda9b3895,2020-07-28 22:16:12.581000+00:00,this person may be correct in their feelings but based on how the scenario was written they dont seem to be handling it very well or respectfully,1.0,2,0.666666667,3,"this person may be correct in their feelings, but based on how the scenario was written they don't seem to be handling it very well or respectfully.",9,27,145,1,1.2977831719241721,2.103219177395894,0.0,0.0,0.0,0.03,0.01,0.0,0.0,0.0,0.03,0.0,0.0,0.01,0.0,0.0,0.0,0.0,0.0,0.0,0.0,0.0,0.01,0.02,0.01,0.02,0.01,0.02,0.02,0.0,0.0,0.0,0.03,0.02,0.0,0.0,0.0,0.02,0.0,0.0,0.01,0.03,0.02,0.06999999999999999,0.0,0.01,0.02,0.049999999999999996,0.08,0.03,0.0,0.01,0.0,0.03,0.0,0.15,0.0,0,0,0.9629629629629629,0.0,4,0.024646658523817835,0,0.5,0.35,1.3392,easy,0.673,0,0,1,0,0,0,0,0,0,0,0,0,0,0,0,0,0,1,0,0,0
346,177,2,5f2096dab0aafc741f6865bb,2020-07-28 22:16:14.019000+00:00,any body ,1.0,2,0.666666667,3,any body ,10,2,9,1,-1.1509241608428669,-0.9860416047503531,0.0,0.0,0.0,0.0,0.0,0.0,0.009999999999999998,0.0,0.0,0.0,0.0,0.0,0.0,0.0,0.0,0.0,0.009999999999999998,0.0,0.0,0.0,0.0,0.0,0.0,0.0,0.0,0.0,0.0,0.0,0.0,0.0,0.0,0.0,0.0,0.0,0.0,0.0,0.0,0.0,0.0,0.009999999999999998,0.0,0.0,0.0,0.0,0.0,0.0,0.009999999999999998,0.0,0.0,0.0,0.0,0.0,0.0,0.009999999999999998,0.0,0,0,1.0,0.0,0,0.0,0,0.0,0.0,0.0992,easy,1.438,0,0,0,0,0,0,0,0,0,0,0,0,0,0,0,0,0,0,0,0,0
346,177,2,5f1f4c3046a7f03dda9b4341,2020-07-28 22:16:21.440000+00:00,she is the asshole she needs to respect her husbands personal time she needs to look at it from her husbandss point of view,1.0,2,0.666666667,3,she is the asshole. she needs to respect her husband's personal time. she needs to look at it from her husbands's point of view.,11,24,123,1,1.0039382919921274,1.7325078835383443,0.02,0.0,0.0,0.0,0.0,0.0,0.0,0.0,0.0,0.0,0.049999999999999996,0.0,0.01,0.0,0.0,0.02,0.0,0.02,0.0,0.0,0.01,0.0,0.0,0.04,0.0,0.0,0.03,0.0,0.0,0.0,0.08,0.01,0.0,0.0,0.0,0.0,0.01,0.0,0.0,0.0,0.0,0.04,0.0,0.01,0.0,0.01,0.02,0.049999999999999996,0.0,0.02,0.0,0.01,0.0,0.13,0.0,0,0,0.7916666666666666,0.0,0,0.0,0,0.3,0.0,1.1904,easy,7.421,0,0,0,0,0,0,0,0,0,0,0,0,0,0,0,0,0,1,0,0,0
346,177,2,5f1a214246a7f03dda9a6aad,2020-07-28 22:16:49.026000+00:00,it doesnt seem like the husband did any of this translation before they were married and now the author is making him suddenly do it,1.0,2,0.666666667,3,"it doesn't seem like the husband did any of this translation before they were married, and now the author is making him suddenly do it.",12,25,132,1,1.101886585302809,1.8560783148241942,0.0,0.0,0.0,0.01,0.0,0.01,0.0,0.0,0.01,0.0,0.01,0.01,0.0,0.0,0.0,0.0,0.0,0.02,0.0,0.0,0.01,0.01,0.0,0.04,0.0,0.02,0.030000000000000002,0.0,0.0,0.0,0.04,0.030000000000000002,0.0,0.0,0.0,0.01,0.0,0.0,0.0,0.02,0.0,0.060000000000000005,0.0,0.02,0.01,0.05,0.04,0.02,0.0,0.0,0.0,0.01,0.0,0.16,0.0,0,0,0.92,0.0,6,0.0,0,0.375,0.125,1.24,easy,27.586,0,0,0,0,0,0,0,0,0,0,0,0,0,0,0,0,0,1,0,0,0
346,177,2,5f2096dab0aafc741f6865bb,2020-07-28 22:16:52.608000+00:00,i am always the asshole,1.0,2,0.666666667,3,i am always the asshole...,13,5,23,1,-0.9550275742215037,-0.7389007421786533,0.0,0.0,0.0,0.0,0.01,0.0,0.0,0.0,0.0,0.0,0.0,0.0,0.01,0.0,0.0,0.0,0.0,0.0,0.0,0.0,0.0,0.0,0.0,0.01,0.0,0.0,0.01,0.0,0.0,0.0,0.0,0.0,0.0,0.0,0.0,0.0,0.01,0.01,0.0,0.0,0.0,0.01,0.0,0.01,0.0,0.01,0.01,0.0,0.0,0.0,0.0,0.0,0.01,0.03,0.0,0,0,1.0,0.2,1,0.0,0,0.0,0.0,0.248,easy,3.582,0,0,0,0,0,0,0,0,0,0,0,1,0,0,0,0,0,0,0,0,0
347,177,3,5f1f4c3046a7f03dda9b4341,2020-07-28 22:30:10.619000+00:00,hello again,0.666666667,1,0.333333333,3,hello again!,1,2,11,1,-1.1509241608428669,-1.0294091148192608,0.0,0.0,0.0,0.0,0.0,0.0,0.0,0.0,0.01,0.0,0.0,0.0,0.0,0.0,0.0,0.0,0.0,0.0,0.0,0.0,0.0,0.0,0.0,0.0,0.0,0.0,0.01,0.0,0.0,0.0,0.01,0.0,0.0,0.0,0.0,0.0,0.0,0.0,0.0,0.0,0.0,0.0,0.0,0.0,0.0,0.0,0.0,0.0,0.0,0.0,0.0,0.0,0.0,0.01,0.0,0,0,1.0,0.0,0,0.0,0,0.0,0.0,0.0992,easy,0.0,0,0,0,0,0,0,0,0,0,0,0,0,0,0,1,0,0,0,0,0,0
347,177,3,5f2096dab0aafc741f6865bb,2020-07-28 22:30:12.864000+00:00,i am active,0.666666667,1,0.333333333,3,i am active,2,3,11,1,-1.1509241608428669,-1.0294091148192608,0.0,0.0,0.0,0.0,0.0,0.0,0.0,0.0,0.0,0.0,0.0,0.0,0.0,0.0,0.0,0.0,0.0,0.0,0.0,0.0,0.01,0.0,0.0,0.01,0.0,0.0,0.0,0.0,0.0,0.0,0.0,0.0,0.0,0.0,0.0,0.0,0.0,0.01,0.0,0.0,0.0,0.01,0.0,0.0,0.0,0.01,0.0,0.0,0.0,0.0,0.0,0.0,0.01,0.02,0.0,0,0,1.0,0.3333333333333333,0,0.0,0,0.6,-0.13333333333333333,0.1488,easy,2.245,0,0,0,0,0,0,0,0,0,0,0,1,0,0,0,0,0,0,0,0,0
347,177,3,5f18c89c46a7f03dda99e1d0,2020-07-28 22:30:19.660000+00:00,hello everyone,0.666666667,1,0.333333333,3,hello everyone!,3,2,14,1,-1.1509241608428669,-1.0294091148192608,0.0,0.0,0.0,0.0,0.0,0.0,0.0,0.0,0.0,0.0,0.0,0.0,0.0,0.0,0.0,0.0,0.0,0.0,0.0,0.0,0.0,0.0,0.0,0.0,0.0,0.0,0.0,0.0,0.0,0.0,0.02,0.01,0.0,0.0,0.0,0.0,0.0,0.0,0.0,0.0,0.0,0.0,0.0,0.0,0.0,0.0,0.0,0.0,0.0,0.0,0.0,0.0,0.0,0.0,0.0,0,0,1.0,0.0,0,0.0,0,0.0,0.0,0.0992,easy,6.796,0,0,0,0,0,0,0,0,0,0,0,0,0,0,1,0,0,0,0,0,0
347,177,3,5f1a214246a7f03dda9a6aad,2020-07-28 22:30:20.694000+00:00,hello,0.666666667,1,0.333333333,3,hello,4,1,5,1,-1.2488724541535483,-1.1534343093757982,0.0,0.0,0.0,0.0,0.0,0.0,0.0,0.0,0.0,0.0,0.0,0.0,0.0,0.0,0.0,0.0,0.0,0.0,0.0,0.0,0.0,0.0,0.0,0.0,0.0,0.0,0.0,0.0,0.0,0.0,0.010000000000000002,0.0,0.0,0.0,0.0,0.0,0.0,0.0,0.0,0.0,0.0,0.0,0.0,0.0,0.0,0.0,0.0,0.0,0.0,0.0,0.0,0.0,0.0,0.0,0.0,0,0,1.0,0.0,0,0.0070921985815602835,0,0.0,0.0,0.0496,easy,1.034,0,0,0,0,0,0,0,0,0,0,0,0,0,0,1,0,0,0,0,0,0
347,177,3,5f1f472646a7f03dda9b3895,2020-07-28 22:30:23.869000+00:00,hello all,0.666666667,1,0.333333333,3,hello all,5,2,9,1,-1.1509241608428669,-1.0294091148192608,0.0,0.0,0.0,0.0,0.009999999999999998,0.0,0.0,0.0,0.0,0.0,0.0,0.0,0.0,0.0,0.0,0.0,0.0,0.0,0.0,0.0,0.0,0.0,0.0,0.0,0.0,0.0,0.0,0.0,0.0,0.0,0.009999999999999998,0.0,0.0,0.0,0.0,0.0,0.0,0.0,0.0,0.0,0.0,0.0,0.0,0.0,0.0,0.0,0.009999999999999998,0.0,0.0,0.0,0.0,0.0,0.0,0.009999999999999998,0.0,0,0,1.0,0.0,0,0.0070921985815602835,0,0.0,0.0,0.0992,easy,3.175,0,0,0,0,0,0,0,0,0,0,0,0,0,0,1,0,0,0,0,0,0
347,177,3,5f2096dab0aafc741f6865bb,2020-07-28 22:30:34.409000+00:00,how are u,0.666666667,1,0.333333333,3,how are u,6,3,9,1,-1.0529758675321852,-0.9053839202627233,0.0,0.0,0.0,0.009999999999999998,0.0,0.0,0.0,0.0,0.009999999999999998,0.0,0.0,0.0,0.0,0.0,0.0,0.0,0.0,0.0,0.0,0.0,0.0,0.0,0.0,0.009999999999999998,0.0,0.0,0.0,0.0,0.0,0.0,0.0,0.0,0.0,0.0,0.0,0.009999999999999998,0.0,0.0,0.0,0.0,0.0,0.009999999999999998,0.0,0.0,0.0,0.009999999999999998,0.009999999999999998,0.0,0.0,0.0,0.009999999999999998,0.0,0.0,0.019999999999999997,0.0,1,0,1.0,0.0,0,0.0,0,0.0,0.0,0.1488,easy,10.54,0,0,0,0,0,0,0,0,0,0,0,0,0,0,0,1,0,0,0,0,0
347,177,3,5f1a214246a7f03dda9a6aad,2020-07-28 22:30:39.212000+00:00,my initial thought is that the author here is not the asshole,0.666666667,1,0.333333333,3,my initial thought is that the author here is not the asshole.,7,12,61,1,-0.17144122773605125,0.21084283074611354,0.0,0.0,0.0,0.0,0.0,0.0,0.0,0.0,0.01,0.0,0.0,0.01,0.01,0.0,0.0,0.0,0.0,0.0,0.0,0.0,0.0,0.01,0.0,0.02,0.0,0.01,0.01,0.0,0.0,0.0,0.0,0.01,0.0,0.0,0.0,0.0,0.01,0.01,0.0,0.0,0.01,0.03,0.0,0.02,0.0,0.02,0.02,0.0,0.0,0.0,0.0,0.0,0.01,0.08,0.0,0,0,0.8333333333333334,0.0,0,0.0,0,0.0,0.0,0.5952,easy,4.803,0,0,1,0,0,0,0,0,0,0,0,1,0,0,0,0,0,0,0,0,0
347,177,3,5f1f4c3046a7f03dda9b4341,2020-07-28 22:30:40.735000+00:00,he is the asshole he shouldve been more polite at the beginning ,0.666666667,1,0.333333333,3,he is the asshole. he should've been more polite at the beginning. ,8,12,64,1,-0.17144122773605125,0.21084283074611354,0.01,0.0,0.0,0.0,0.0,0.0,0.0,0.0,0.0,0.0,0.02,0.0,0.01,0.0,0.0,0.0,0.0,0.0,0.0,0.01,0.0,0.0,0.0,0.01,0.01,0.02,0.02,0.0,0.0,0.0,0.02,0.0,0.0,0.0,0.0,0.0,0.01,0.0,0.0,0.0,0.0,0.03,0.0,0.02,0.0,0.03,0.01,0.01,0.0,0.0,0.0,0.01,0.0,0.08,0.0,0,0,0.8333333333333334,0.0,3,0.0003202049311559398,0,0.5,0.5,0.5952,easy,1.523,0,0,1,0,0,0,0,0,0,0,0,0,0,0,0,0,0,1,0,0,0
347,177,3,5f1a214246a7f03dda9a6aad,2020-07-28 22:30:55.599000+00:00,in the edit he mentions that he has been polite throughout his conversations,0.666666667,1,0.333333333,3,in the edit he mentions that he has been polite throughout his conversations.,9,13,76,1,-0.07349293442536971,0.334868025302651,0.0,0.0,0.0,0.0,0.0,0.0,0.0,0.0,0.0,0.0,0.03,0.0,0.0,0.0,0.0,0.0,0.0,0.0,0.0,0.0,0.0,0.0,0.0,0.01,0.0,0.01,0.01,0.0,0.0,0.0,0.049999999999999996,0.01,0.0,0.01,0.0,0.0,0.0,0.0,0.0,0.0,0.0,0.02,0.0,0.01,0.0,0.02,0.0,0.02,0.0,0.0,0.0,0.01,0.0,0.08,0.0,0,0,0.9230769230769231,0.0,4,0.006896551724137931,0,0.0,0.0,5.495915384615385,medium,14.864,0,0,0,0,0,0,0,0,0,0,0,0,0,0,0,0,0,1,0,0,0
347,177,3,5f1f466846a7f03dda9b37c3,2020-07-28 22:31:01.745000+00:00,it appears that he is sincere in helping his mil but was just venting and had perhaps a bad day,0.666666667,1,0.333333333,3,it appears that he is sincere in helping his mil but was just venting and had perhaps a bad day,10,20,95,1,0.6121451187494011,1.203044387198413,0.0,0.0,0.0,0.019999999999999997,0.0,0.009999999999999998,0.0,0.0,0.019999999999999997,0.0,0.019999999999999997,0.0,0.0,0.0,0.0,0.0,0.0,0.0,0.0,0.0,0.019999999999999997,0.0,0.0,0.019999999999999997,0.0,0.019999999999999997,0.03,0.0,0.0,0.0,0.03,0.019999999999999997,0.0,0.0,0.0,0.0,0.0,0.0,0.0,0.019999999999999997,0.019999999999999997,0.039999999999999994,0.0,0.009999999999999998,0.03,0.03,0.049999999999999996,0.009999999999999998,0.0,0.0,0.0,0.03,0.0,0.12,0.0,0,0,1.0,0.0,4,0.0,0,0.5833333333333333,-0.09999999999999992,0.992,easy,6.146,0,0,1,0,1,0,0,0,0,0,0,0,0,0,0,0,0,1,1,0,0
347,177,3,5f1f4c3046a7f03dda9b4341,2020-07-28 22:31:08.589000+00:00,not the beginning,0.666666667,1,0.333333333,3,not the beginning.,11,3,17,1,-1.0529758675321852,-0.9053839202627233,0.0,0.0,0.0,0.0,0.0,0.0,0.0,0.0,0.0,0.0,0.0,0.01,0.0,0.0,0.0,0.0,0.0,0.0,0.0,0.0,0.0,0.0,0.0,0.0,0.0,0.0,0.01,0.0,0.0,0.0,0.0,0.0,0.0,0.0,0.0,0.0,0.0,0.0,0.0,0.0,0.01,0.0,0.0,0.01,0.0,0.0,0.01,0.0,0.0,0.0,0.0,0.0,0.0,0.02,0.0,0,0,1.0,0.0,0,0.0,0,0.0,0.0,0.1488,easy,6.844,0,0,0,0,0,0,0,0,0,0,0,0,0,0,0,0,0,0,0,0,0
347,177,3,5f2096dab0aafc741f6865bb,2020-07-28 22:31:10.234000+00:00,i am very interesting in you meeting  so like this meeting,0.666666667,1,0.333333333,3,i am very interesting in you meeting  so like this meeting,12,11,58,1,-0.36733781435741436,-0.03720755836696132,0.0,0.0,0.0,0.009999999999999998,0.0,0.0,0.0,0.0,0.019999999999999997,0.0,0.0,0.0,0.0,0.0,0.0,0.0,0.0,0.0,0.0,0.0,0.019999999999999997,0.0,0.0,0.009999999999999998,0.0,0.0,0.009999999999999998,0.0,0.0,0.0,0.03,0.009999999999999998,0.0,0.019999999999999997,0.0,0.0,0.0,0.009999999999999998,0.0,0.0,0.0,0.009999999999999998,0.0,0.0,0.009999999999999998,0.009999999999999998,0.0,0.009999999999999998,0.0,0.0,0.009999999999999998,0.019999999999999997,0.009999999999999998,0.06999999999999999,0.0,0,0,0.9090909090909091,0.09090909090909091,0,0.0,0,0.65,0.65,5.617554545454546,medium,1.645,0,0,0,0,0,0,0,0,0,0,0,1,1,0,0,0,0,1,0,0,0
347,177,3,5f1f466846a7f03dda9b37c3,2020-07-28 22:31:30.125000+00:00,correct  he states that he was polite in his conversations with his mil,0.666666667,1,0.333333333,3,correct.  he states that he was polite in his conversations with his mil,13,13,71,1,-0.07349293442536971,0.334868025302651,0.0,0.0,0.0,0.0,0.01,0.01,0.0,0.0,0.0,0.0,0.04,0.0,0.0,0.0,0.0,0.0,0.0,0.0,0.0,0.0,0.0,0.0,0.0,0.0,0.0,0.01,0.01,0.0,0.0,0.0,0.05,0.01,0.0,0.0,0.0,0.0,0.0,0.0,0.0,0.0,0.0,0.01,0.0,0.0,0.0,0.01,0.02,0.02,0.0,0.0,0.0,0.02,0.0,0.08,0.0,0,0,0.8461538461538461,0.0,1,0.0,0,0.0,0.0,5.495915384615385,medium,19.891,0,0,0,0,0,0,0,0,0,0,0,0,0,0,0,0,0,1,0,0,0
347,177,3,5f1f472646a7f03dda9b3895,2020-07-28 22:31:44.919000+00:00,my thought is that the husband is being the asshole in this situation i dont think there is anything wrong with encouraging the wifes family to learn english or offering to help,0.666666667,1,0.333333333,3,"my thought is that the husband is being the asshole in this situation. i don't think there is anything wrong with encouraging the wife's family to learn english, or offering to help.",14,32,177,1,1.6895763451668984,2.5673215273203245,0.0,0.0,0.01,0.01,0.0,0.01,0.0,0.0,0.01,0.0,0.0,0.01,0.01,0.0,0.0,0.0,0.0,0.03,0.01,0.0,0.01,0.03,0.0,0.05,0.0,0.01,0.01,0.0,0.0,0.0,0.06,0.03,0.0,0.01,0.0,0.0,0.01,0.02,0.0,0.02,0.01,0.07,0.0,0.03,0.0,0.05,0.06,0.04,0.0,0.0,0.0,0.01,0.02,0.17,0.0,0,0,0.84375,0.03125,3,0.0,0,0.45,-0.25,1.5872,easy,14.794,0,0,1,0,1,0,0,0,0,0,1,1,0,0,0,0,0,1,1,0,0
347,177,3,5f1a214246a7f03dda9a6aad,2020-07-28 22:31:48.172000+00:00,he seemed to be venting in the beginning to reddit but when he was talking to them he says he was supeer polite,0.666666667,1,0.333333333,3,"he seemed to be venting in the beginning to reddit, but when he was talking to them he says he was supeer polite.",15,23,111,1,0.9059899986814458,1.5751199708680252,0.0,0.01,0.0,0.02,0.0,0.0,0.0,0.0,0.01,0.0,0.04,0.0,0.0,0.0,0.0,0.0,0.0,0.0,0.0,0.0,0.0,0.01,0.0,0.0,0.0,0.030000000000000006,0.030000000000000006,0.0,0.0,0.0,0.07,0.0,0.0,0.0,0.0,0.0,0.0,0.0,0.0,0.01,0.01,0.04,0.0,0.01,0.01,0.030000000000000006,0.02,0.04,0.0,0.01,0.0,0.01,0.0,0.15000000000000002,0.0,0,0,0.7391304347826086,0.0,5,0.0,0,0.0,0.0,1.1408,easy,3.253,0,0,0,0,0,0,0,0,0,0,0,0,0,0,0,0,0,1,0,0,0
